"year","GOA.anom","EBS.anom","member","model"
1851,-0.343905890996869,-0.408006514831877,"LE2-1011.001","FCM"
1852,-0.32859467908393,-0.678035219025537,"LE2-1011.001","FCM"
1853,0.337683961886013,-0.0268976491326008,"LE2-1011.001","FCM"
1854,-0.0716012162596642,-0.184069315417766,"LE2-1011.001","FCM"
1855,0.129023158638721,-0.21381352384246,"LE2-1011.001","FCM"
1856,0.265364831714015,-0.0316526988777892,"LE2-1011.001","FCM"
1857,0.667874048253048,0.594118073925418,"LE2-1011.001","FCM"
1858,0.644573869511306,0.477976434442333,"LE2-1011.001","FCM"
1859,0.352996470120285,0.340164640536013,"LE2-1011.001","FCM"
1860,0.164772358410468,0.0192386312112852,"LE2-1011.001","FCM"
1861,0.442068959928065,0.229384992028051,"LE2-1011.001","FCM"
1862,-0.100127329925069,-0.717634135737911,"LE2-1011.001","FCM"
1863,0.357171486510488,-0.796282681586706,"LE2-1011.001","FCM"
1864,0.162703309283672,0.049876657092904,"LE2-1011.001","FCM"
1865,-0.24670745985775,0.30665352658336,"LE2-1011.001","FCM"
1866,-0.767510419581657,-0.482537697546571,"LE2-1011.001","FCM"
1867,-0.0983748436022172,0.354333830064522,"LE2-1011.001","FCM"
1868,0.404171765889615,0.0880949793876921,"LE2-1011.001","FCM"
1869,-0.319335663957493,0.0409441092155209,"LE2-1011.001","FCM"
1870,-0.693057463876326,0.115107641059307,"LE2-1011.001","FCM"
1871,0.318172917140827,-0.10028288652252,"LE2-1011.001","FCM"
1872,-0.740435180671196,-0.539442801714543,"LE2-1011.001","FCM"
1873,-1.33190474658606,-1.21323490643017,"LE2-1011.001","FCM"
1874,-0.735033638740992,-1.20792621759217,"LE2-1011.001","FCM"
1875,-0.257930534302838,-0.376454012412991,"LE2-1011.001","FCM"
1876,-0.79187966667744,-0.918315556698961,"LE2-1011.001","FCM"
1877,-0.730049466048503,-0.43685392196817,"LE2-1011.001","FCM"
1878,-0.148711003946249,0.23100309519035,"LE2-1011.001","FCM"
1879,0.850667805591828,1.47668084786186,"LE2-1011.001","FCM"
1880,1.78970645115683,1.31801577754641,"LE2-1011.001","FCM"
1881,0.312038322535097,0.51570500224363,"LE2-1011.001","FCM"
1882,0.415442073818483,1.1270068521947,"LE2-1011.001","FCM"
1883,0.490510670673263,0.845912072642445,"LE2-1011.001","FCM"
1884,0.195126029875848,0.234942002879045,"LE2-1011.001","FCM"
1885,0.0550002643120317,-0.13744865402537,"LE2-1011.001","FCM"
1886,-0.0651391211756298,0.118152430100759,"LE2-1011.001","FCM"
1887,-0.393480141086743,-0.438862118892488,"LE2-1011.001","FCM"
1888,0.107687218113351,-1.00262735465124,"LE2-1011.001","FCM"
1889,-0.577928614375698,-0.608137692278346,"LE2-1011.001","FCM"
1890,-0.957617511809931,-1.07686717968351,"LE2-1011.001","FCM"
1891,-0.0989627805301764,0.0387953495224247,"LE2-1011.001","FCM"
1892,0.135649461511074,0.0589833410706407,"LE2-1011.001","FCM"
1893,0.117839404839119,-0.103758688117172,"LE2-1011.001","FCM"
1894,-0.100084705442122,-0.16278849212792,"LE2-1011.001","FCM"
1895,0.339681899598113,0.305921829867982,"LE2-1011.001","FCM"
1896,0.524507519004891,-0.106662912097183,"LE2-1011.001","FCM"
1897,-0.0117425536862133,0.163209687399864,"LE2-1011.001","FCM"
1898,-0.580175577147956,0.118055139030832,"LE2-1011.001","FCM"
1899,0.50968745530024,0.708015051345254,"LE2-1011.001","FCM"
1900,0.596372830854338,-0.122395091668471,"LE2-1011.001","FCM"
1901,0.567248782868583,0.274397461335835,"LE2-1011.001","FCM"
1902,0.881793776872076,1.02360320111,"LE2-1011.001","FCM"
1903,0.0614164451671978,-0.152253162264466,"LE2-1011.001","FCM"
1904,0.723625162965277,0.185930651905944,"LE2-1011.001","FCM"
1905,1.12615360883996,0.447313221091419,"LE2-1011.001","FCM"
1906,0.539719130741068,-0.125781241108493,"LE2-1011.001","FCM"
1907,0.196384002047256,-0.243995397025957,"LE2-1011.001","FCM"
1908,-0.344254433694708,-1.07601313247474,"LE2-1011.001","FCM"
1909,0.0458376661250705,0.043502695267469,"LE2-1011.001","FCM"
1910,0.374474718375011,0.838351274550206,"LE2-1011.001","FCM"
1911,-0.217439697658626,0.134928151386655,"LE2-1011.001","FCM"
1912,-0.490779898951015,-0.250685933691516,"LE2-1011.001","FCM"
1913,-0.424004188702955,-0.284062789581913,"LE2-1011.001","FCM"
1914,-0.401420712481519,-0.39824203276097,"LE2-1011.001","FCM"
1915,-1.13158234223903,-1.09060020958244,"LE2-1011.001","FCM"
1916,-1.20609526780402,-1.23362892649718,"LE2-1011.001","FCM"
1917,-0.972503689533694,-1.02008223070544,"LE2-1011.001","FCM"
1918,-0.293408851906693,-0.802534048551342,"LE2-1011.001","FCM"
1919,0.336181145207351,0.552628365649417,"LE2-1011.001","FCM"
1920,0.286766314431734,-0.00114491944207177,"LE2-1011.001","FCM"
1921,0.87489547307771,0.201704616744823,"LE2-1011.001","FCM"
1922,0.307345446163693,0.0665227982435189,"LE2-1011.001","FCM"
1923,-0.391587746587759,-0.427009117604529,"LE2-1011.001","FCM"
1924,0.0506737796200661,-0.148360782913292,"LE2-1011.001","FCM"
1925,0.118560655339581,0.468090826647339,"LE2-1011.001","FCM"
1926,-0.695631697945233,-0.218495584966778,"LE2-1011.001","FCM"
1927,0.234650350640922,0.286578571563462,"LE2-1011.001","FCM"
1928,0.252026818423411,-0.490874973198664,"LE2-1011.001","FCM"
1929,0.803543820142733,0.582304804790149,"LE2-1011.001","FCM"
1930,0.827818920405411,-0.062275226817758,"LE2-1011.001","FCM"
1931,0.0718868519055748,-0.364442361789107,"LE2-1011.001","FCM"
1932,-0.380618203206342,-0.57188337272168,"LE2-1011.001","FCM"
1933,-0.074199497821886,0.313586692949993,"LE2-1011.001","FCM"
1934,-0.324861437803907,0.191305078520451,"LE2-1011.001","FCM"
1935,-0.534248364583147,-0.403338012740992,"LE2-1011.001","FCM"
1936,-0.443031325874611,-0.776282561617626,"LE2-1011.001","FCM"
1937,-0.687702912254767,-1.07516102048131,"LE2-1011.001","FCM"
1938,-0.780417051461374,-0.827644223771288,"LE2-1011.001","FCM"
1939,-0.408693389962703,-0.798902710944089,"LE2-1011.001","FCM"
1940,-0.64829191505068,-0.587915548873643,"LE2-1011.001","FCM"
1941,-0.310798743568876,0.663614853561699,"LE2-1011.001","FCM"
1942,-0.00425177833442487,-0.052598618660343,"LE2-1011.001","FCM"
1943,-0.303953663199008,-0.223286755399717,"LE2-1011.001","FCM"
1944,-0.615892675865696,-0.811923110679765,"LE2-1011.001","FCM"
1945,-1.08670610088262,-0.680612469831295,"LE2-1011.001","FCM"
1946,-0.143220747491334,-0.417455213668519,"LE2-1011.001","FCM"
1947,0.299508714845251,0.222746563661126,"LE2-1011.001","FCM"
1948,0.642080696424557,0.860345587574124,"LE2-1011.001","FCM"
1949,0.579923888117557,0.757159270318238,"LE2-1011.001","FCM"
1950,0.370814395286178,0.387629448935783,"LE2-1011.001","FCM"
1951,0.0249555608010567,-0.0117686850793861,"LE2-1011.001","FCM"
1952,-0.927789762796456,-0.483798315935583,"LE2-1011.001","FCM"
1953,-0.762498092209659,-0.0764272011551175,"LE2-1011.001","FCM"
1954,0.249691966866692,0.179083331448804,"LE2-1011.001","FCM"
1955,0.792101248078383,0.489905790362329,"LE2-1011.001","FCM"
1956,-0.196186133869959,-0.278814826261228,"LE2-1011.001","FCM"
1957,-0.183418321751729,-0.455602025642394,"LE2-1011.001","FCM"
1958,0.265563832740041,-0.059074820454645,"LE2-1011.001","FCM"
1959,-0.0700835329484628,-0.31132708855475,"LE2-1011.001","FCM"
1960,0.423502880808623,0.188335723779056,"LE2-1011.001","FCM"
1961,-0.39259924979002,-0.22421775181469,"LE2-1011.001","FCM"
1962,-0.280191638421578,0.0955359662056056,"LE2-1011.001","FCM"
1963,-0.350668380346395,-0.115067419892587,"LE2-1011.001","FCM"
1964,-0.448627485893915,-0.463627427155954,"LE2-1011.001","FCM"
1965,-0.407820705198879,-1.06156383359308,"LE2-1011.001","FCM"
1966,-1.29916534023402,-1.29718477148589,"LE2-1011.001","FCM"
1967,-0.99057144873011,-1.37917561848408,"LE2-1011.001","FCM"
1968,-0.891113852749639,-0.731860482586207,"LE2-1011.001","FCM"
1969,-1.33835538652581,-1.1699192929693,"LE2-1011.001","FCM"
1970,-1.06853949770569,-1.69398767357406,"LE2-1011.001","FCM"
1971,-1.40314739741042,-1.39768480456945,"LE2-1011.001","FCM"
1972,-1.54035492380914,-0.715905205215751,"LE2-1011.001","FCM"
1973,0.0997215362932419,-0.400364246615901,"LE2-1011.001","FCM"
1974,1.40752682862077,0.769918820171657,"LE2-1011.001","FCM"
1975,0.116683973811391,0.241451532787495,"LE2-1011.001","FCM"
1976,0.632620563273073,-0.552838388936983,"LE2-1011.001","FCM"
1977,-0.0291060085102726,-0.50199875997526,"LE2-1011.001","FCM"
1978,0.119779519649053,-0.25622117454663,"LE2-1011.001","FCM"
1979,0.115952270094886,-0.0325891505859141,"LE2-1011.001","FCM"
1980,-0.168352766296145,-0.372582411653193,"LE2-1011.001","FCM"
1981,-0.436394660669104,-0.777681391843985,"LE2-1011.001","FCM"
1982,-0.70143043807799,-0.48541245766861,"LE2-1011.001","FCM"
1983,-0.491706076163104,-0.695573818893341,"LE2-1011.001","FCM"
1984,-0.589927218019193,-0.861423817740378,"LE2-1011.001","FCM"
1985,0.409635851924737,0.160961355679645,"LE2-1011.001","FCM"
1986,0.0684770733921054,0.187243638533629,"LE2-1011.001","FCM"
1987,0.416373632708863,0.177411060228303,"LE2-1011.001","FCM"
1988,-0.0758331308711622,-0.298285175724272,"LE2-1011.001","FCM"
1989,-0.0145558096459212,-0.230757921858262,"LE2-1011.001","FCM"
1990,-0.0834091798961328,-0.382960782105465,"LE2-1011.001","FCM"
1991,0.188072356907981,-0.0259216128598383,"LE2-1011.001","FCM"
1992,-0.734025920897439,-0.622401177290163,"LE2-1011.001","FCM"
1993,-0.522915446320211,-0.920349202252263,"LE2-1011.001","FCM"
1994,-0.930125220376453,-1.36032665516553,"LE2-1011.001","FCM"
1995,-0.305958749233906,-1.01972315730105,"LE2-1011.001","FCM"
1996,-0.0200203255200218,-0.594267872089943,"LE2-1011.001","FCM"
1997,0.664391444868973,-0.0149175655494705,"LE2-1011.001","FCM"
1998,0.610903587090381,0.758401263234774,"LE2-1011.001","FCM"
1999,1.51200731469783,1.0335643140247,"LE2-1011.001","FCM"
2000,0.0880425292781681,-0.355018426819877,"LE2-1011.001","FCM"
2001,-0.420712597279372,0.172200031605058,"LE2-1011.001","FCM"
2002,-0.353380414144584,-0.429748526185325,"LE2-1011.001","FCM"
2003,-0.142073366019215,-0.183314344336103,"LE2-1011.001","FCM"
2004,0.354475264788581,0.410032351680901,"LE2-1011.001","FCM"
2005,0.0730058917852598,0.772473772414142,"LE2-1011.001","FCM"
2006,0.0852328385558531,0.825502591499726,"LE2-1011.001","FCM"
2007,0.634373329592959,1.08298320518984,"LE2-1011.001","FCM"
2008,0.862431084730435,0.852084466652673,"LE2-1011.001","FCM"
2009,0.489745993902424,0.981727695355424,"LE2-1011.001","FCM"
2010,0.35269339193531,0.798533701701347,"LE2-1011.001","FCM"
2011,0.627037126764005,0.897830279004754,"LE2-1011.001","FCM"
2012,0.616686594707005,1.10980958219966,"LE2-1011.001","FCM"
2013,0.87797424464415,0.9226269866629,"LE2-1011.001","FCM"
2014,0.844344620600901,1.08631288740064,"LE2-1011.001","FCM"
1851,0.111524164544107,0.180956417563305,"LE2-1031.002","FCM"
1852,-0.408346083968154,0.281202056387852,"LE2-1031.002","FCM"
1853,-0.213070768164422,0.114242588185946,"LE2-1031.002","FCM"
1854,0.0765118113966805,0.300032579185813,"LE2-1031.002","FCM"
1855,-0.581811884651697,-0.364059919271894,"LE2-1031.002","FCM"
1856,0.227624965782898,-0.196624299182724,"LE2-1031.002","FCM"
1857,0.396938027337537,0.251492182952622,"LE2-1031.002","FCM"
1858,-0.106486708133148,0.297406957489686,"LE2-1031.002","FCM"
1859,-0.187594560979397,0.327936821910084,"LE2-1031.002","FCM"
1860,-0.19351074704116,-0.261966309201702,"LE2-1031.002","FCM"
1861,-0.835739312560888,-0.686377167062297,"LE2-1031.002","FCM"
1862,-1.51885605470412,-1.06995887968393,"LE2-1031.002","FCM"
1863,-0.899071862303616,-0.0931969552509187,"LE2-1031.002","FCM"
1864,-0.441496282748043,0.0874434160708771,"LE2-1031.002","FCM"
1865,-1.10114202401874,-0.898129283701313,"LE2-1031.002","FCM"
1866,-0.398039016590192,-0.336102521699156,"LE2-1031.002","FCM"
1867,-0.275615618732153,-0.215275594241519,"LE2-1031.002","FCM"
1868,0.212867171759194,-0.287013168052721,"LE2-1031.002","FCM"
1869,0.925135552155958,1.11256219287027,"LE2-1031.002","FCM"
1870,0.798120442343054,0.510170980951489,"LE2-1031.002","FCM"
1871,0.52105310632584,0.82539647243517,"LE2-1031.002","FCM"
1872,0.923417273158401,1.32489238082919,"LE2-1031.002","FCM"
1873,1.02819502896179,0.645965319871864,"LE2-1031.002","FCM"
1874,1.02907915260299,0.654580137227572,"LE2-1031.002","FCM"
1875,-0.107893196639586,-0.49940687453763,"LE2-1031.002","FCM"
1876,-0.461806243331691,-0.406050065515668,"LE2-1031.002","FCM"
1877,-0.922410667114368,-0.613296135566564,"LE2-1031.002","FCM"
1878,0.120889397237441,-0.0486951911546739,"LE2-1031.002","FCM"
1879,0.801650056356035,0.47344195956714,"LE2-1031.002","FCM"
1880,0.94681992240654,0.57629837657659,"LE2-1031.002","FCM"
1881,0.767597508935948,0.248294867780481,"LE2-1031.002","FCM"
1882,-0.0363309791904246,-0.330684309341761,"LE2-1031.002","FCM"
1883,0.556562806275115,0.388179052698039,"LE2-1031.002","FCM"
1884,1.03681787313566,0.251200128516676,"LE2-1031.002","FCM"
1885,0.314687942001351,0.228165115753855,"LE2-1031.002","FCM"
1886,-0.584489866498364,-0.801974916288941,"LE2-1031.002","FCM"
1887,-0.428627153736883,-0.272690732039264,"LE2-1031.002","FCM"
1888,-1.2364640777623,-1.4044954129408,"LE2-1031.002","FCM"
1889,-1.09311166347619,-1.03285058194085,"LE2-1031.002","FCM"
1890,-0.561222370931089,-0.826075135746414,"LE2-1031.002","FCM"
1891,-0.117349431145516,-0.835416566649646,"LE2-1031.002","FCM"
1892,-0.359512680674336,-0.45415902597437,"LE2-1031.002","FCM"
1893,-0.358674951199095,-0.676289164397212,"LE2-1031.002","FCM"
1894,0.00473930675834111,-0.0675894733766829,"LE2-1031.002","FCM"
1895,-0.514869805216274,-0.678749715717998,"LE2-1031.002","FCM"
1896,-0.379267551272896,-0.474821262111939,"LE2-1031.002","FCM"
1897,-0.0653393727863041,-0.0810793277583006,"LE2-1031.002","FCM"
1898,-0.0945178948824498,0.0136506925237105,"LE2-1031.002","FCM"
1899,-0.0459448476597096,-0.646760376736949,"LE2-1031.002","FCM"
1900,0.331257051180596,0.0143473370361265,"LE2-1031.002","FCM"
1901,-0.223050304038004,-0.68561868649162,"LE2-1031.002","FCM"
1902,0.415705462617984,-0.124132025017914,"LE2-1031.002","FCM"
1903,-0.457888014263539,-0.508184333769326,"LE2-1031.002","FCM"
1904,-0.56208540675135,-0.522445163293109,"LE2-1031.002","FCM"
1905,1.11338248838024,1.29658605675479,"LE2-1031.002","FCM"
1906,-0.0805989191748622,-0.4727396081553,"LE2-1031.002","FCM"
1907,-0.148311211109709,-0.710293808460951,"LE2-1031.002","FCM"
1908,-0.496232335779053,-0.950151006051039,"LE2-1031.002","FCM"
1909,-0.874579408030262,-0.722069036526333,"LE2-1031.002","FCM"
1910,0.415338471041731,0.198564152010623,"LE2-1031.002","FCM"
1911,-0.311371006737309,-0.0546942241879318,"LE2-1031.002","FCM"
1912,0.203881632194139,-0.11798888528214,"LE2-1031.002","FCM"
1913,-0.373794483497154,-0.638168418639495,"LE2-1031.002","FCM"
1914,-0.206712128695352,-0.442902682734467,"LE2-1031.002","FCM"
1915,-0.353491213241034,-0.209928922935146,"LE2-1031.002","FCM"
1916,0.0450567638088812,-0.406962735411098,"LE2-1031.002","FCM"
1917,0.193605768519992,-0.351383530996059,"LE2-1031.002","FCM"
1918,0.275300115978057,0.0296363129796312,"LE2-1031.002","FCM"
1919,0.691888905370791,0.462622855314666,"LE2-1031.002","FCM"
1920,-0.805412082560589,-0.869225545875771,"LE2-1031.002","FCM"
1921,-0.996144962349252,-0.671743851206525,"LE2-1031.002","FCM"
1922,-0.384810985559092,0.117019081691235,"LE2-1031.002","FCM"
1923,0.0103328642397281,0.417318119729033,"LE2-1031.002","FCM"
1924,-0.684648774227931,-0.382215632081939,"LE2-1031.002","FCM"
1925,-0.069365117559928,0.117691425320189,"LE2-1031.002","FCM"
1926,-0.728932742403908,-0.369581296668827,"LE2-1031.002","FCM"
1927,-0.541452892840224,-0.112378202887232,"LE2-1031.002","FCM"
1928,0.439519873358615,0.484979077296719,"LE2-1031.002","FCM"
1929,0.574222574972811,0.939186498593804,"LE2-1031.002","FCM"
1930,0.245949726337755,0.393915724724811,"LE2-1031.002","FCM"
1931,0.453917340436905,0.377654086458141,"LE2-1031.002","FCM"
1932,0.330150126462706,0.0491972746050939,"LE2-1031.002","FCM"
1933,0.579570087465372,0.311523502646527,"LE2-1031.002","FCM"
1934,0.0826736355491341,-0.247995625880603,"LE2-1031.002","FCM"
1935,0.480170554371229,0.51468678222323,"LE2-1031.002","FCM"
1936,-0.0377524264336297,-0.38277618094374,"LE2-1031.002","FCM"
1937,0.172549186219584,-0.480911630916728,"LE2-1031.002","FCM"
1938,0.240632737688674,-0.0367863729923512,"LE2-1031.002","FCM"
1939,0.613892360559992,0.557456180177614,"LE2-1031.002","FCM"
1940,1.03732776370628,0.00523755593146879,"LE2-1031.002","FCM"
1941,0.593363360289041,0.818414047133253,"LE2-1031.002","FCM"
1942,0.0493261460509075,0.0958686421307758,"LE2-1031.002","FCM"
1943,-0.504293698144901,-0.297237846354735,"LE2-1031.002","FCM"
1944,-0.211782725964515,-0.376996060716325,"LE2-1031.002","FCM"
1945,-0.262968241435435,-0.583854351505744,"LE2-1031.002","FCM"
1946,0.675281283135164,0.326508229913317,"LE2-1031.002","FCM"
1947,-0.35475534260772,-0.023030551790582,"LE2-1031.002","FCM"
1948,0.569291500888873,0.290719778452867,"LE2-1031.002","FCM"
1949,0.904536775441851,0.942328368503033,"LE2-1031.002","FCM"
1950,0.0677790713562296,-0.255458093748692,"LE2-1031.002","FCM"
1951,-0.236098054143655,-0.559667714616552,"LE2-1031.002","FCM"
1952,0.0309594399831285,-0.57706662059945,"LE2-1031.002","FCM"
1953,0.190354138776476,0.312610359109191,"LE2-1031.002","FCM"
1954,-0.579633359835746,-0.234596214717586,"LE2-1031.002","FCM"
1955,-0.403214408484417,-0.257998400803626,"LE2-1031.002","FCM"
1956,0.413240736052461,0.361852054390022,"LE2-1031.002","FCM"
1957,0.384188625652939,0.118694628872869,"LE2-1031.002","FCM"
1958,0.571848810305526,0.89188954033778,"LE2-1031.002","FCM"
1959,0.274531248773889,0.241931650570162,"LE2-1031.002","FCM"
1960,0.00838847183812326,0.328654433938775,"LE2-1031.002","FCM"
1961,-0.00928023115079373,0.023200955079938,"LE2-1031.002","FCM"
1962,-0.560457263732678,-0.522289836056473,"LE2-1031.002","FCM"
1963,-0.745076885738212,-0.766973090661597,"LE2-1031.002","FCM"
1964,-0.519434398994131,-0.0725966152249719,"LE2-1031.002","FCM"
1965,0.161199329833329,0.473257356567738,"LE2-1031.002","FCM"
1966,1.19268990723416,0.903124273355055,"LE2-1031.002","FCM"
1967,-0.522201911272202,-0.136008274651149,"LE2-1031.002","FCM"
1968,-0.113047491525101,-0.247418445391902,"LE2-1031.002","FCM"
1969,-0.107973881596329,-0.401759028613664,"LE2-1031.002","FCM"
1970,-0.00175783696163584,0.184573809533485,"LE2-1031.002","FCM"
1971,-1.00331371930469,-0.92387834136826,"LE2-1031.002","FCM"
1972,-0.64048272545262,-0.0189353249702019,"LE2-1031.002","FCM"
1973,-0.43882470459195,-0.764093734236619,"LE2-1031.002","FCM"
1974,-1.04438927035106,-0.61780039899991,"LE2-1031.002","FCM"
1975,-0.328994081274246,-0.747259084408869,"LE2-1031.002","FCM"
1976,-0.309203593659065,-0.364337270366095,"LE2-1031.002","FCM"
1977,-1.16488959744749,-1.26433337535449,"LE2-1031.002","FCM"
1978,-1.01714967748977,-0.647485510144901,"LE2-1031.002","FCM"
1979,-0.912129430509111,-0.575588383030825,"LE2-1031.002","FCM"
1980,0.215622797112027,0.78288757266645,"LE2-1031.002","FCM"
1981,-0.851280646258156,-0.40616195360865,"LE2-1031.002","FCM"
1982,0.00176669801908968,0.316436230423749,"LE2-1031.002","FCM"
1983,0.0741108612053371,0.260460455145308,"LE2-1031.002","FCM"
1984,-0.0645198982617234,-0.106399716945068,"LE2-1031.002","FCM"
1985,-0.259098009151983,-0.457919766454757,"LE2-1031.002","FCM"
1986,-0.287701436097633,-0.712447356224428,"LE2-1031.002","FCM"
1987,-0.170517018096304,0.388540285851519,"LE2-1031.002","FCM"
1988,-0.81932710878173,-0.594191833903039,"LE2-1031.002","FCM"
1989,-1.22219885423769,-0.602036637089813,"LE2-1031.002","FCM"
1990,-0.298233701621704,-0.10544044620101,"LE2-1031.002","FCM"
1991,-1.29614497801375,-0.367539329415315,"LE2-1031.002","FCM"
1992,-1.69337604954287,-1.18417844283788,"LE2-1031.002","FCM"
1993,-1.35239956896227,-1.18652264303727,"LE2-1031.002","FCM"
1994,0.352821777502799,0.236771900910102,"LE2-1031.002","FCM"
1995,0.315935046638728,-0.326927011342928,"LE2-1031.002","FCM"
1996,0.312103878560477,0.0710052394421505,"LE2-1031.002","FCM"
1997,0.196044585575878,0.0766202511296638,"LE2-1031.002","FCM"
1998,0.678959374184212,0.68910372508983,"LE2-1031.002","FCM"
1999,-0.042344860042945,-0.499233996791953,"LE2-1031.002","FCM"
2000,-0.20827371616662,-0.0661980926630826,"LE2-1031.002","FCM"
2001,-0.734003848216399,-0.239408677988416,"LE2-1031.002","FCM"
2002,-0.0538234094974843,0.0644902542712533,"LE2-1031.002","FCM"
2003,-0.0184987020836355,-0.211752483582095,"LE2-1031.002","FCM"
2004,0.423508962547181,0.703095661869345,"LE2-1031.002","FCM"
2005,0.163986674833449,0.111961908130378,"LE2-1031.002","FCM"
2006,0.614765314948896,-0.0350065435069502,"LE2-1031.002","FCM"
2007,0.468330094630991,-0.273491877663516,"LE2-1031.002","FCM"
2008,0.623974365439057,0.437386388392948,"LE2-1031.002","FCM"
2009,1.01803623566093,0.790848195521488,"LE2-1031.002","FCM"
2010,0.710522614475459,1.09826556994982,"LE2-1031.002","FCM"
2011,0.573760531749768,0.28982302898057,"LE2-1031.002","FCM"
2012,0.654210444404607,0.425338457282974,"LE2-1031.002","FCM"
2013,0.58947688869553,0.680344483063461,"LE2-1031.002","FCM"
2014,0.837673794295091,0.795067211289829,"LE2-1031.002","FCM"
1851,-0.0473153019331018,0.317594727987844,"LE2-1051.003","FCM"
1852,-0.248435164042215,0.245431058391546,"LE2-1051.003","FCM"
1853,-0.130617680831699,0.872382166808016,"LE2-1051.003","FCM"
1854,0.408232863452305,0.977199819986828,"LE2-1051.003","FCM"
1855,1.27085405979489,0.653340195790031,"LE2-1051.003","FCM"
1856,0.109642101363628,-0.356456336889617,"LE2-1051.003","FCM"
1857,-0.628042252230954,-0.47699422052074,"LE2-1051.003","FCM"
1858,-0.42828521210852,-0.825472546085062,"LE2-1051.003","FCM"
1859,0.572437083757077,0.456246938188664,"LE2-1051.003","FCM"
1860,-0.527752264759882,-0.575064966143542,"LE2-1051.003","FCM"
1861,-0.154272485922617,-0.136585007743345,"LE2-1051.003","FCM"
1862,-0.487399259200603,0.00266897597104924,"LE2-1051.003","FCM"
1863,-0.0927241805025817,-0.468132888833322,"LE2-1051.003","FCM"
1864,0.147238111338613,-0.408142130060278,"LE2-1051.003","FCM"
1865,0.0527639081668129,-0.486619123043668,"LE2-1051.003","FCM"
1866,-0.294943370770846,-0.108141968293062,"LE2-1051.003","FCM"
1867,-1.05840877798696,-0.572355368349798,"LE2-1051.003","FCM"
1868,-0.00320409432609624,0.209379127012336,"LE2-1051.003","FCM"
1869,-0.895539284554455,-0.379850278054456,"LE2-1051.003","FCM"
1870,-0.626371413464515,0.205900871263207,"LE2-1051.003","FCM"
1871,0.370596951616528,0.526076440235171,"LE2-1051.003","FCM"
1872,0.101324837499585,0.0711528765467857,"LE2-1051.003","FCM"
1873,0.11480192596038,-0.0819615776311385,"LE2-1051.003","FCM"
1874,0.13147673415247,0.125405218750374,"LE2-1051.003","FCM"
1875,0.108774231940753,0.00105810246234574,"LE2-1051.003","FCM"
1876,-0.204310529374314,-0.401932209531239,"LE2-1051.003","FCM"
1877,0.704804425192506,0.872433813071642,"LE2-1051.003","FCM"
1878,0.5169102543759,0.583389107017459,"LE2-1051.003","FCM"
1879,0.287406728073899,0.159850393029503,"LE2-1051.003","FCM"
1880,0.340108650039866,0.80644924587306,"LE2-1051.003","FCM"
1881,0.421519976595933,0.94113458741841,"LE2-1051.003","FCM"
1882,0.531206751442711,0.939223175194341,"LE2-1051.003","FCM"
1883,1.01962073247651,1.23788322244759,"LE2-1051.003","FCM"
1884,0.28297760938473,0.970629446772544,"LE2-1051.003","FCM"
1885,0.399819574995711,0.479431811366447,"LE2-1051.003","FCM"
1886,0.0852426165029645,-0.00820265641485823,"LE2-1051.003","FCM"
1887,-0.858225103478539,-0.45148528038911,"LE2-1051.003","FCM"
1888,-0.382306617726233,0.102187852656827,"LE2-1051.003","FCM"
1889,0.245903531849872,0.143796580960097,"LE2-1051.003","FCM"
1890,0.432857294564869,0.29678580622925,"LE2-1051.003","FCM"
1891,-0.450542786634704,-0.3712120620221,"LE2-1051.003","FCM"
1892,-0.0389508416367749,0.190662019426157,"LE2-1051.003","FCM"
1893,0.18611507759764,0.200953126732018,"LE2-1051.003","FCM"
1894,-0.395172351545584,-0.12491518710937,"LE2-1051.003","FCM"
1895,0.302665182720969,0.250835146748723,"LE2-1051.003","FCM"
1896,-0.106417062746266,-0.201820984394946,"LE2-1051.003","FCM"
1897,-0.167412860728036,0.161936446709354,"LE2-1051.003","FCM"
1898,0.046650878865105,0.0922377580332686,"LE2-1051.003","FCM"
1899,1.20962021007114,0.819798834584512,"LE2-1051.003","FCM"
1900,1.20695746000703,0.883998353000581,"LE2-1051.003","FCM"
1901,1.33934044335197,0.886754021549342,"LE2-1051.003","FCM"
1902,0.469170870021665,1.32432587188617,"LE2-1051.003","FCM"
1903,-0.147709298177529,-0.362818804885505,"LE2-1051.003","FCM"
1904,0.0243299389476534,-0.69512331949566,"LE2-1051.003","FCM"
1905,-0.0199836877215827,-0.593186838758419,"LE2-1051.003","FCM"
1906,-0.207423045405924,-0.771613685533272,"LE2-1051.003","FCM"
1907,-0.177303593810403,-0.229444475427305,"LE2-1051.003","FCM"
1908,0.378461433939787,-0.207081691989894,"LE2-1051.003","FCM"
1909,0.438041634507972,0.408143478303794,"LE2-1051.003","FCM"
1910,-0.942775782128639,-0.546540422381879,"LE2-1051.003","FCM"
1911,-0.593315607537259,-0.266760877666401,"LE2-1051.003","FCM"
1912,-1.10585619529144,-0.884186389038821,"LE2-1051.003","FCM"
1913,-0.851383431421399,-0.966320566380018,"LE2-1051.003","FCM"
1914,-0.497504822687826,-0.806751465496755,"LE2-1051.003","FCM"
1915,-0.348760498013568,-0.0192210089619444,"LE2-1051.003","FCM"
1916,0.41808492050897,0.081688227355683,"LE2-1051.003","FCM"
1917,0.150151971266683,0.515437113388763,"LE2-1051.003","FCM"
1918,-0.565360385612572,-0.639171186839473,"LE2-1051.003","FCM"
1919,-0.356073699483871,-1.17363749164794,"LE2-1051.003","FCM"
1920,-0.098993052207072,-0.503740736804439,"LE2-1051.003","FCM"
1921,-0.998551546836385,-1.45541809698904,"LE2-1051.003","FCM"
1922,-1.35316663802343,-1.42751313609245,"LE2-1051.003","FCM"
1923,-1.20859813684876,-0.944650917944683,"LE2-1051.003","FCM"
1924,-0.313439565710091,-0.331002009127202,"LE2-1051.003","FCM"
1925,-0.223387305555691,-0.00724425048915737,"LE2-1051.003","FCM"
1926,0.74658115682142,0.985366076433887,"LE2-1051.003","FCM"
1927,1.07938807798469,0.648616503370729,"LE2-1051.003","FCM"
1928,0.729507003445546,0.628635793127888,"LE2-1051.003","FCM"
1929,0.85507297889242,1.04107776771993,"LE2-1051.003","FCM"
1930,0.48701486025383,0.883392421443615,"LE2-1051.003","FCM"
1931,-0.0865248048061349,-0.308866524368076,"LE2-1051.003","FCM"
1932,0.88699224463072,0.267808608295236,"LE2-1051.003","FCM"
1933,0.41282888501551,0.0097844197030069,"LE2-1051.003","FCM"
1934,-0.464254664402899,-0.242329065654152,"LE2-1051.003","FCM"
1935,-0.168921071547875,-0.661913256659892,"LE2-1051.003","FCM"
1936,0.333885119081206,0.146003414961629,"LE2-1051.003","FCM"
1937,0.354500584099111,0.27406359443548,"LE2-1051.003","FCM"
1938,1.04264946349842,0.510159638071678,"LE2-1051.003","FCM"
1939,0.100803087746216,-0.115621407567303,"LE2-1051.003","FCM"
1940,-0.292187592021378,0.294287425526305,"LE2-1051.003","FCM"
1941,0.13040918231706,0.165742359979629,"LE2-1051.003","FCM"
1942,-0.465530484562778,-0.179232299198842,"LE2-1051.003","FCM"
1943,0.210599214934767,0.0254466767117563,"LE2-1051.003","FCM"
1944,0.568556347568292,0.366148591886653,"LE2-1051.003","FCM"
1945,0.849325887137095,0.785989718050448,"LE2-1051.003","FCM"
1946,-0.105595066256284,-0.181534403794294,"LE2-1051.003","FCM"
1947,0.0472379517143681,0.487718178623219,"LE2-1051.003","FCM"
1948,-0.212723066889834,-0.429606365548313,"LE2-1051.003","FCM"
1949,-0.360043786364722,-0.0285381507269677,"LE2-1051.003","FCM"
1950,0.715357864112376,1.01374189901284,"LE2-1051.003","FCM"
1951,0.563482810205007,0.509371102094248,"LE2-1051.003","FCM"
1952,0.0725947843685809,0.232183309031017,"LE2-1051.003","FCM"
1953,-0.158970675007741,-0.270360753841575,"LE2-1051.003","FCM"
1954,-0.502629137564871,-0.674459770309681,"LE2-1051.003","FCM"
1955,-0.20138759169704,-0.579291550151639,"LE2-1051.003","FCM"
1956,0.194123871413995,0.359687283541384,"LE2-1051.003","FCM"
1957,0.149659740574517,-0.207858983977656,"LE2-1051.003","FCM"
1958,-0.117422917415634,0.123879712071901,"LE2-1051.003","FCM"
1959,-0.733376407758505,-0.184108618858799,"LE2-1051.003","FCM"
1960,-0.44225879938907,0.181577409431421,"LE2-1051.003","FCM"
1961,-0.0688990571767976,-0.637127949454077,"LE2-1051.003","FCM"
1962,0.149754521984278,1.14682586358749,"LE2-1051.003","FCM"
1963,0.43393153309622,0.54532114327948,"LE2-1051.003","FCM"
1964,0.477339367953525,0.374586849148251,"LE2-1051.003","FCM"
1965,-0.203930930072401,-0.117588971437335,"LE2-1051.003","FCM"
1966,-0.513583266597598,0.32702892247313,"LE2-1051.003","FCM"
1967,-0.0456148838388527,-0.151448670422087,"LE2-1051.003","FCM"
1968,-0.0208768859048225,-0.0652665500291221,"LE2-1051.003","FCM"
1969,-0.658393026529315,-1.08216334493906,"LE2-1051.003","FCM"
1970,0.219526014982626,-0.46587288819786,"LE2-1051.003","FCM"
1971,0.4779646784491,0.749044296360547,"LE2-1051.003","FCM"
1972,-1.05113269915709,-0.948370383532553,"LE2-1051.003","FCM"
1973,-0.650220561715728,-0.545180354780442,"LE2-1051.003","FCM"
1974,-0.219042556747561,-0.129322970201731,"LE2-1051.003","FCM"
1975,-0.172239842385551,0.506491740234658,"LE2-1051.003","FCM"
1976,0.747290793096579,0.596675566866614,"LE2-1051.003","FCM"
1977,-0.313290031308121,-0.83968101892909,"LE2-1051.003","FCM"
1978,-1.06016628757607,-1.49409998111612,"LE2-1051.003","FCM"
1979,-0.440070264892706,-0.268662421218227,"LE2-1051.003","FCM"
1980,0.417325843685189,0.301828878696963,"LE2-1051.003","FCM"
1981,0.925370863716804,0.572934483473813,"LE2-1051.003","FCM"
1982,0.0375635398965079,-0.834934819748541,"LE2-1051.003","FCM"
1983,0.523114329318553,-0.208860533791403,"LE2-1051.003","FCM"
1984,-0.875033699685392,-0.953889999388707,"LE2-1051.003","FCM"
1985,-0.84598884677881,-1.09221712636434,"LE2-1051.003","FCM"
1986,-0.666554638563727,-0.377028028470714,"LE2-1051.003","FCM"
1987,-0.189868093749915,-0.0158271683909337,"LE2-1051.003","FCM"
1988,0.161682240898454,-0.161943231025594,"LE2-1051.003","FCM"
1989,0.258285298314933,0.573956923808116,"LE2-1051.003","FCM"
1990,0.0952423506624543,-0.594473024212765,"LE2-1051.003","FCM"
1991,-0.854550083738245,-1.03171060123647,"LE2-1051.003","FCM"
1992,-1.45274562755554,-0.389649646122424,"LE2-1051.003","FCM"
1993,-0.798202655763203,-0.409365445690217,"LE2-1051.003","FCM"
1994,-0.193502914619643,0.618501688228101,"LE2-1051.003","FCM"
1995,-0.175139132740291,-0.301464852603899,"LE2-1051.003","FCM"
1996,0.109918155205445,-0.276496485303791,"LE2-1051.003","FCM"
1997,0.983967123118324,0.904384860438568,"LE2-1051.003","FCM"
1998,0.392036421736923,0.776590390135455,"LE2-1051.003","FCM"
1999,0.129548984992414,1.66226636073331,"LE2-1051.003","FCM"
2000,0.661939449637088,1.21510109738635,"LE2-1051.003","FCM"
2001,0.668554370401673,0.299893754108209,"LE2-1051.003","FCM"
2002,-0.0979003834519675,0.0863377790174801,"LE2-1051.003","FCM"
2003,0.0204123020014674,0.0982470839320444,"LE2-1051.003","FCM"
2004,-0.102682236789736,0.450338975911735,"LE2-1051.003","FCM"
2005,0.62902667152582,0.566236066838363,"LE2-1051.003","FCM"
2006,0.29508318076626,-0.127800283897619,"LE2-1051.003","FCM"
2007,0.738994841658593,0.479244606352132,"LE2-1051.003","FCM"
2008,0.328830915358794,-0.154482011524224,"LE2-1051.003","FCM"
2009,-0.132725553529521,-0.248921255378623,"LE2-1051.003","FCM"
2010,-0.0835325536436585,0.259336721773753,"LE2-1051.003","FCM"
2011,-0.530022699452195,-0.234983015782008,"LE2-1051.003","FCM"
2012,-0.201862444239018,0.34727559390258,"LE2-1051.003","FCM"
2013,0.530369241935798,0.632472939437826,"LE2-1051.003","FCM"
2014,0.19147238155289,0.843769531268351,"LE2-1051.003","FCM"
1851,0.576427552536204,0.569416206055761,"LE2-1071.004","FCM"
1852,0.211775873892877,-0.0633260850310921,"LE2-1071.004","FCM"
1853,-0.314648833151982,-0.203453493619169,"LE2-1071.004","FCM"
1854,-0.563089085696515,0.0164021733719735,"LE2-1071.004","FCM"
1855,-0.328665773057015,0.0222420881692615,"LE2-1071.004","FCM"
1856,-0.393211317424665,0.071156850594089,"LE2-1071.004","FCM"
1857,-0.291958361150622,-0.0203400134648834,"LE2-1071.004","FCM"
1858,0.0266809570207681,0.0422149623098044,"LE2-1071.004","FCM"
1859,-0.447102858496657,-0.307229781668817,"LE2-1071.004","FCM"
1860,-0.701142900429175,-0.820185016638573,"LE2-1071.004","FCM"
1861,-0.799572611157537,-1.02125050262227,"LE2-1071.004","FCM"
1862,-1.14344831592504,-0.270698555410184,"LE2-1071.004","FCM"
1863,0.0293293997734505,-0.244138493756754,"LE2-1071.004","FCM"
1864,0.48681171839392,0.802866144683591,"LE2-1071.004","FCM"
1865,-0.0202941566084991,0.0953710482769404,"LE2-1071.004","FCM"
1866,0.31128952576515,-0.458149707327613,"LE2-1071.004","FCM"
1867,0.830649445294325,0.123148412100798,"LE2-1071.004","FCM"
1868,0.109449957306896,-0.0891021611126033,"LE2-1071.004","FCM"
1869,0.294763914548344,-0.49152250069077,"LE2-1071.004","FCM"
1870,-0.0631410314775673,-0.650045036139856,"LE2-1071.004","FCM"
1871,-0.200897656399752,-0.241690436418859,"LE2-1071.004","FCM"
1872,-0.70956210245881,-0.375332667330434,"LE2-1071.004","FCM"
1873,0.475978519344181,0.614121722900637,"LE2-1071.004","FCM"
1874,0.438692572848823,0.571365420921179,"LE2-1071.004","FCM"
1875,0.682338756794524,0.290065949380639,"LE2-1071.004","FCM"
1876,0.265204402427098,-0.285783476524516,"LE2-1071.004","FCM"
1877,-0.0346460620751857,-0.595528058215661,"LE2-1071.004","FCM"
1878,0.655079193839675,-0.250536380477868,"LE2-1071.004","FCM"
1879,0.1229737327436,-0.478740757289767,"LE2-1071.004","FCM"
1880,-0.24653484794588,-0.031336908675685,"LE2-1071.004","FCM"
1881,-0.121426239645171,-0.553100884529796,"LE2-1071.004","FCM"
1882,-0.219026384920744,-0.506610508032082,"LE2-1071.004","FCM"
1883,0.193524054362854,0.675636788204486,"LE2-1071.004","FCM"
1884,-0.171134064400352,0.567362914453528,"LE2-1071.004","FCM"
1885,-0.478589876316601,-0.600806426188815,"LE2-1071.004","FCM"
1886,-0.669543153014588,-0.682809582964378,"LE2-1071.004","FCM"
1887,-0.330159311593341,-0.252469542879845,"LE2-1071.004","FCM"
1888,0.218009554983336,0.119034074654169,"LE2-1071.004","FCM"
1889,-0.326241096096564,-0.311063206652594,"LE2-1071.004","FCM"
1890,-0.42258935631478,-0.0951509491558866,"LE2-1071.004","FCM"
1891,-0.108408527282123,-0.533365318694267,"LE2-1071.004","FCM"
1892,0.387492779528756,-0.327058973294393,"LE2-1071.004","FCM"
1893,0.511991764039659,0.218240638663854,"LE2-1071.004","FCM"
1894,0.10845488640223,-0.187842468282928,"LE2-1071.004","FCM"
1895,-0.324739150721432,-0.0607170102933294,"LE2-1071.004","FCM"
1896,-0.203879462811298,0.214232719186047,"LE2-1071.004","FCM"
1897,-0.693385858272563,0.374981628091936,"LE2-1071.004","FCM"
1898,-0.074936695488267,0.268235493767412,"LE2-1071.004","FCM"
1899,1.22790518998283,1.28130685012376,"LE2-1071.004","FCM"
1900,1.17749366621443,0.757111668873073,"LE2-1071.004","FCM"
1901,0.669763175944299,0.717722848346586,"LE2-1071.004","FCM"
1902,-0.0710834115674892,-0.0483103464363962,"LE2-1071.004","FCM"
1903,0.157654618361461,-0.123759496767937,"LE2-1071.004","FCM"
1904,-0.664185651040645,-0.701309002239925,"LE2-1071.004","FCM"
1905,-0.602900935237435,-0.569891365042261,"LE2-1071.004","FCM"
1906,-0.813492794677125,-0.729474619313544,"LE2-1071.004","FCM"
1907,-0.342884722809187,-0.366104802411176,"LE2-1071.004","FCM"
1908,-0.10247302953719,-0.326870245887767,"LE2-1071.004","FCM"
1909,-0.269415467260281,-0.221871825884427,"LE2-1071.004","FCM"
1910,0.22862052666684,-0.319176573517162,"LE2-1071.004","FCM"
1911,-0.142308465906701,-0.479020613617043,"LE2-1071.004","FCM"
1912,-0.465272340271116,-0.408754963638931,"LE2-1071.004","FCM"
1913,-0.310071562429488,-0.466990938927089,"LE2-1071.004","FCM"
1914,0.138152684523675,-0.13608493966511,"LE2-1071.004","FCM"
1915,0.317440221597023,-0.186977475449536,"LE2-1071.004","FCM"
1916,0.696110888893422,-0.361057603917363,"LE2-1071.004","FCM"
1917,0.578730377724832,0.0162424290405076,"LE2-1071.004","FCM"
1918,-0.565406822724978,-0.283226838305228,"LE2-1071.004","FCM"
1919,-0.0345085511117609,0.163121394528201,"LE2-1071.004","FCM"
1920,-0.473314614598311,-0.413179269115111,"LE2-1071.004","FCM"
1921,-0.0205357432729674,0.159085839165217,"LE2-1071.004","FCM"
1922,-0.0752255266369196,-0.00795184549135547,"LE2-1071.004","FCM"
1923,-0.599337621835994,-1.21177434988519,"LE2-1071.004","FCM"
1924,-1.01420360984264,-1.41710263704015,"LE2-1071.004","FCM"
1925,-0.432435897514276,-0.615797240622065,"LE2-1071.004","FCM"
1926,-0.543616257200178,-1.09997949680975,"LE2-1071.004","FCM"
1927,0.2274347294764,-0.429572693728139,"LE2-1071.004","FCM"
1928,-0.124983613518136,-0.331339453388046,"LE2-1071.004","FCM"
1929,0.781381268471727,0.166114261850397,"LE2-1071.004","FCM"
1930,0.296667927035121,-0.557106888175578,"LE2-1071.004","FCM"
1931,-1.11719384250586,-1.20075583134464,"LE2-1071.004","FCM"
1932,-0.655727044365383,-1.19270399519767,"LE2-1071.004","FCM"
1933,-0.540980358680316,-1.00909131409971,"LE2-1071.004","FCM"
1934,0.46770865518424,0.19479664192375,"LE2-1071.004","FCM"
1935,-0.604652275920602,-0.195265080367259,"LE2-1071.004","FCM"
1936,0.0390667207982557,0.337642997854989,"LE2-1071.004","FCM"
1937,-0.665926057984034,-0.787080497965098,"LE2-1071.004","FCM"
1938,-0.0438086802301106,-0.0111182279099007,"LE2-1071.004","FCM"
1939,0.630430278239606,0.657937976652938,"LE2-1071.004","FCM"
1940,1.15964229407883,1.49900916128605,"LE2-1071.004","FCM"
1941,0.815421993450963,0.223537419263454,"LE2-1071.004","FCM"
1942,0.0455893579566834,0.379242258206165,"LE2-1071.004","FCM"
1943,-0.203081407522029,0.15747395844173,"LE2-1071.004","FCM"
1944,0.402379669324857,-0.26523612992451,"LE2-1071.004","FCM"
1945,-0.0429985579389396,-0.275741106717703,"LE2-1071.004","FCM"
1946,-1.07257363384229,-0.804728225626304,"LE2-1071.004","FCM"
1947,-1.30612935902228,-0.777681097501621,"LE2-1071.004","FCM"
1948,-0.200362046614458,0.0316642959737793,"LE2-1071.004","FCM"
1949,0.985608461164129,1.36615039091595,"LE2-1071.004","FCM"
1950,-0.975860843914888,-0.481188236380381,"LE2-1071.004","FCM"
1951,-0.83015436392887,-0.612437683280587,"LE2-1071.004","FCM"
1952,-1.1220989554185,-0.777184132101411,"LE2-1071.004","FCM"
1953,-0.750794706477862,-0.466948845908775,"LE2-1071.004","FCM"
1954,-0.454869297595071,-0.0592552991269185,"LE2-1071.004","FCM"
1955,0.250492599216812,-0.0570637443203784,"LE2-1071.004","FCM"
1956,0.0709655464589761,-0.278208681928511,"LE2-1071.004","FCM"
1957,-0.213633825792337,-0.632369931255818,"LE2-1071.004","FCM"
1958,0.144060061857879,0.167706105133516,"LE2-1071.004","FCM"
1959,-0.232568468173847,-0.348394401571814,"LE2-1071.004","FCM"
1960,0.121226311662633,0.103176146573753,"LE2-1071.004","FCM"
1961,0.0425403218670864,0.230348442969851,"LE2-1071.004","FCM"
1962,-0.364159186814464,-0.150232072399187,"LE2-1071.004","FCM"
1963,-0.486831057603714,-0.772753156576906,"LE2-1071.004","FCM"
1964,-0.48642145718701,-0.719137972441473,"LE2-1071.004","FCM"
1965,-0.397505030496869,-0.601340510115535,"LE2-1071.004","FCM"
1966,0.236567450925035,-0.39601912639524,"LE2-1071.004","FCM"
1967,0.0876665290690261,-0.51669803447439,"LE2-1071.004","FCM"
1968,0.0564408936898506,-0.136310924650101,"LE2-1071.004","FCM"
1969,-0.0404546381613084,0.333556071687762,"LE2-1071.004","FCM"
1970,0.412884898247903,-0.126520815667893,"LE2-1071.004","FCM"
1971,0.322257959469262,0.142784110542017,"LE2-1071.004","FCM"
1972,0.470287401266054,0.147791064453031,"LE2-1071.004","FCM"
1973,0.636286805485764,0.146439926367219,"LE2-1071.004","FCM"
1974,0.411642450690865,-0.276986257728136,"LE2-1071.004","FCM"
1975,-0.226275499037714,0.350427995175071,"LE2-1071.004","FCM"
1976,-0.891329129861664,-0.425827169334871,"LE2-1071.004","FCM"
1977,-0.809862709528806,0.462093731355218,"LE2-1071.004","FCM"
1978,-0.75449417113206,-0.373427453172243,"LE2-1071.004","FCM"
1979,-0.239504403039437,-0.669523953251158,"LE2-1071.004","FCM"
1980,-0.0735550180089229,-0.262532472350594,"LE2-1071.004","FCM"
1981,-1.01736414323621,-0.83973578051613,"LE2-1071.004","FCM"
1982,-0.965740430216461,-0.666536019106467,"LE2-1071.004","FCM"
1983,-0.486769712906364,-1.03244508885486,"LE2-1071.004","FCM"
1984,-0.0929387451292947,-0.0703914188430459,"LE2-1071.004","FCM"
1985,0.221066680206099,0.114257623148843,"LE2-1071.004","FCM"
1986,-0.350851937224774,-0.486960235715427,"LE2-1071.004","FCM"
1987,0.397681706438118,0.317777223173462,"LE2-1071.004","FCM"
1988,-0.529338492487211,-0.670217001639293,"LE2-1071.004","FCM"
1989,-0.564474504617372,-0.76808296147682,"LE2-1071.004","FCM"
1990,0.307120529830702,-0.10190907871945,"LE2-1071.004","FCM"
1991,0.779868893613194,0.213496446565485,"LE2-1071.004","FCM"
1992,0.702078879743701,0.358724145076762,"LE2-1071.004","FCM"
1993,0.810250830545793,0.00130304349111362,"LE2-1071.004","FCM"
1994,0.7146986318612,-0.0788416827762304,"LE2-1071.004","FCM"
1995,0.0400993539248721,-0.499826124213793,"LE2-1071.004","FCM"
1996,0.489444428783459,0.122896852315793,"LE2-1071.004","FCM"
1997,0.150182755850945,0.450501687503744,"LE2-1071.004","FCM"
1998,-0.00138353277268349,0.0263187721004476,"LE2-1071.004","FCM"
1999,0.125857687676746,0.155085467138399,"LE2-1071.004","FCM"
2000,0.338066636556413,0.746608791638691,"LE2-1071.004","FCM"
2001,0.0579523889741358,0.183693314089166,"LE2-1071.004","FCM"
2002,0.317606578308995,1.20263987395278,"LE2-1071.004","FCM"
2003,0.386795543479055,1.50477068198082,"LE2-1071.004","FCM"
2004,1.35894366307485,1.17713868921983,"LE2-1071.004","FCM"
2005,0.919714961093213,0.657579000125398,"LE2-1071.004","FCM"
2006,0.0916071591233108,0.304566440515432,"LE2-1071.004","FCM"
2007,0.490773529578452,0.72351118224109,"LE2-1071.004","FCM"
2008,0.00808519602382062,-0.0309884056292329,"LE2-1071.004","FCM"
2009,0.000746359475948654,0.295401288683642,"LE2-1071.004","FCM"
2010,0.295611157389506,0.314428751280893,"LE2-1071.004","FCM"
2011,-0.0251333818962726,0.357107012793307,"LE2-1071.004","FCM"
2012,-0.370753756388747,0.00439278063166655,"LE2-1071.004","FCM"
2013,-0.411677854943733,-0.0633360301662424,"LE2-1071.004","FCM"
2014,0.226242509331314,0.188637717191513,"LE2-1071.004","FCM"
1851,-0.183389916645188,-0.444053661691212,"LE2-1091.005","FCM"
1852,0.301771216048879,-0.206806388226912,"LE2-1091.005","FCM"
1853,-0.707176125228393,-1.10725709199026,"LE2-1091.005","FCM"
1854,-0.927969487067324,-0.164763443591131,"LE2-1091.005","FCM"
1855,-0.0522114330749158,0.923661410766797,"LE2-1091.005","FCM"
1856,0.38342400000717,0.345983626968689,"LE2-1091.005","FCM"
1857,0.869691568778421,0.159276575191564,"LE2-1091.005","FCM"
1858,0.118356747800456,0.00246894079660484,"LE2-1091.005","FCM"
1859,-0.0686262433091214,-0.38463461883121,"LE2-1091.005","FCM"
1860,0.65486900019281,-0.217611717214431,"LE2-1091.005","FCM"
1861,1.01156733790217,0.51870400203881,"LE2-1091.005","FCM"
1862,0.469594896670388,0.340318882216536,"LE2-1091.005","FCM"
1863,0.335834044487545,0.726049163373108,"LE2-1091.005","FCM"
1864,0.175468065066964,-0.06681852067219,"LE2-1091.005","FCM"
1865,0.320219748507547,0.467863251483621,"LE2-1091.005","FCM"
1866,0.482641781450675,0.523657443193953,"LE2-1091.005","FCM"
1867,0.471124509400485,0.148896287175088,"LE2-1091.005","FCM"
1868,0.851398076088278,0.633186656776429,"LE2-1091.005","FCM"
1869,0.839653087984864,0.368436257467659,"LE2-1091.005","FCM"
1870,0.212351128584879,-0.151755439147094,"LE2-1091.005","FCM"
1871,-1.2322639105975,-0.83199234794993,"LE2-1091.005","FCM"
1872,-0.503977581032429,-0.035124295432744,"LE2-1091.005","FCM"
1873,0.0963230954749946,0.743404527866821,"LE2-1091.005","FCM"
1874,-0.0094502085822676,0.270398392818917,"LE2-1091.005","FCM"
1875,0.557809923354495,0.891252686496842,"LE2-1091.005","FCM"
1876,0.228961222533483,-0.00659172678623778,"LE2-1091.005","FCM"
1877,1.21398627623686,1.30540754671009,"LE2-1091.005","FCM"
1878,1.46726010218336,1.02451258882672,"LE2-1091.005","FCM"
1879,1.9293128275287,1.50003507605022,"LE2-1091.005","FCM"
1880,0.395897053583984,-0.16419634234057,"LE2-1091.005","FCM"
1881,-0.65643362725324,-0.873654396618582,"LE2-1091.005","FCM"
1882,-0.567828360796091,-0.870341888238622,"LE2-1091.005","FCM"
1883,-0.347430777149795,-0.804219309481874,"LE2-1091.005","FCM"
1884,0.407712286828421,-0.322295578161218,"LE2-1091.005","FCM"
1885,-0.90264514574945,-1.26756741937658,"LE2-1091.005","FCM"
1886,-1.38340179072201,-1.52958267857422,"LE2-1091.005","FCM"
1887,-1.25228685002679,-1.04599947244808,"LE2-1091.005","FCM"
1888,-1.37826046274977,-0.422645352267502,"LE2-1091.005","FCM"
1889,-1.31787050873084,-0.571591366246112,"LE2-1091.005","FCM"
1890,-0.857804627105966,-0.897526417797426,"LE2-1091.005","FCM"
1891,-0.0498330164952779,-0.0594712308027567,"LE2-1091.005","FCM"
1892,0.618993944810269,0.229240657710634,"LE2-1091.005","FCM"
1893,1.06688393325189,1.42358635539916,"LE2-1091.005","FCM"
1894,0.51932407007169,0.605038542199865,"LE2-1091.005","FCM"
1895,-0.420510772121834,-0.299230311799144,"LE2-1091.005","FCM"
1896,-0.745331513260324,-0.364191653725383,"LE2-1091.005","FCM"
1897,-1.22502356585337,-0.688972753747103,"LE2-1091.005","FCM"
1898,-0.962079746898186,-0.392879711471328,"LE2-1091.005","FCM"
1899,-0.981159801760408,-0.491921179712033,"LE2-1091.005","FCM"
1900,-0.17620030696214,0.359342142531313,"LE2-1091.005","FCM"
1901,-0.349417259232144,-0.244878251328922,"LE2-1091.005","FCM"
1902,0.33184561734313,0.221924846896909,"LE2-1091.005","FCM"
1903,-0.322743981915988,-0.0700978676189759,"LE2-1091.005","FCM"
1904,-0.718331551026678,-0.335728986560088,"LE2-1091.005","FCM"
1905,-0.363572856809456,0.178687369367153,"LE2-1091.005","FCM"
1906,0.383287011389024,0.108024188534037,"LE2-1091.005","FCM"
1907,0.18039324424662,-0.0721412990565777,"LE2-1091.005","FCM"
1908,-0.409437054418016,-0.525022279786376,"LE2-1091.005","FCM"
1909,0.179505024093393,0.264860350169071,"LE2-1091.005","FCM"
1910,-0.390021265202431,0.0247530204144941,"LE2-1091.005","FCM"
1911,0.026145846289928,0.159060871315299,"LE2-1091.005","FCM"
1912,-0.211496137229299,-0.550310103421212,"LE2-1091.005","FCM"
1913,0.0141523508816684,0.261520659561495,"LE2-1091.005","FCM"
1914,-0.0938557879988694,0.0226273668222483,"LE2-1091.005","FCM"
1915,-0.196786667845257,-0.227952272857775,"LE2-1091.005","FCM"
1916,0.0367107788380645,0.356081673765856,"LE2-1091.005","FCM"
1917,0.0851308043668881,-0.215173698185691,"LE2-1091.005","FCM"
1918,-0.198536368738286,0.001546635258985,"LE2-1091.005","FCM"
1919,-0.46671491434882,-0.0507505740790107,"LE2-1091.005","FCM"
1920,-0.644931551999707,-0.300559271437985,"LE2-1091.005","FCM"
1921,-0.185473018905442,0.776738858285873,"LE2-1091.005","FCM"
1922,0.148333870661339,0.0279640390735836,"LE2-1091.005","FCM"
1923,-0.609811397482046,-0.75099741715882,"LE2-1091.005","FCM"
1924,-1.05520371315038,-0.841616021042035,"LE2-1091.005","FCM"
1925,-0.808016200336305,-1.39812105520589,"LE2-1091.005","FCM"
1926,-0.103072347927462,-0.384481888596165,"LE2-1091.005","FCM"
1927,0.246301211817859,0.796923628823433,"LE2-1091.005","FCM"
1928,-0.755880887185414,-1.07349023392075,"LE2-1091.005","FCM"
1929,-0.143878576386949,-0.336577918783019,"LE2-1091.005","FCM"
1930,-1.34698050516362,-0.814258477039131,"LE2-1091.005","FCM"
1931,-0.725356125227549,-0.786943947614206,"LE2-1091.005","FCM"
1932,-0.285329006271496,-0.534986607367561,"LE2-1091.005","FCM"
1933,-0.257975543215848,-0.337990842924116,"LE2-1091.005","FCM"
1934,-0.593884906062598,-0.171600555693996,"LE2-1091.005","FCM"
1935,-0.290530420744322,0.0015437499551669,"LE2-1091.005","FCM"
1936,-0.590917708842538,-0.465888406342036,"LE2-1091.005","FCM"
1937,-0.347804053387199,-0.966553091068995,"LE2-1091.005","FCM"
1938,0.171400293678423,-0.388259557898782,"LE2-1091.005","FCM"
1939,0.301781035242555,0.0815317927272667,"LE2-1091.005","FCM"
1940,0.126919089784189,0.198149419527439,"LE2-1091.005","FCM"
1941,-0.189397288267135,0.299846646785996,"LE2-1091.005","FCM"
1942,0.0727288634927526,-0.559961705519894,"LE2-1091.005","FCM"
1943,0.106562286582327,-0.993317027249726,"LE2-1091.005","FCM"
1944,0.225484686916814,-0.117019195457875,"LE2-1091.005","FCM"
1945,0.359114868160414,-0.0671586525571821,"LE2-1091.005","FCM"
1946,0.595536668926725,0.11303271254848,"LE2-1091.005","FCM"
1947,-0.190107334138446,-0.800950452405921,"LE2-1091.005","FCM"
1948,0.0353770072052371,-0.582661261234969,"LE2-1091.005","FCM"
1949,0.656280176610942,0.0903009441363635,"LE2-1091.005","FCM"
1950,0.758217610667935,0.445306485753661,"LE2-1091.005","FCM"
1951,0.0606806748429922,-0.576199465366674,"LE2-1091.005","FCM"
1952,-0.480563656297565,-0.980669713247257,"LE2-1091.005","FCM"
1953,-0.373305880847897,0.273176593608877,"LE2-1091.005","FCM"
1954,-0.163551478753443,0.00692931650666376,"LE2-1091.005","FCM"
1955,-0.787228608592142,-0.569326836570814,"LE2-1091.005","FCM"
1956,-0.32194832820207,-0.761632345922912,"LE2-1091.005","FCM"
1957,-0.135616333216961,-0.76074452278812,"LE2-1091.005","FCM"
1958,0.815222622712688,0.213575568131835,"LE2-1091.005","FCM"
1959,0.672457874340276,-0.267438149262133,"LE2-1091.005","FCM"
1960,0.352453396520118,-0.0955622541976314,"LE2-1091.005","FCM"
1961,-0.154573423449601,-0.0179753631853982,"LE2-1091.005","FCM"
1962,-0.0208389516035616,-0.406547274634781,"LE2-1091.005","FCM"
1963,-0.0282569835313652,-0.24812441943109,"LE2-1091.005","FCM"
1964,-1.07768666823283,-0.561080620446239,"LE2-1091.005","FCM"
1965,-0.418409842002498,-0.21928962873796,"LE2-1091.005","FCM"
1966,-0.771245273455343,-0.655029996153899,"LE2-1091.005","FCM"
1967,-1.20575915452747,-1.01348130551159,"LE2-1091.005","FCM"
1968,-0.534072866210521,-0.163681011627706,"LE2-1091.005","FCM"
1969,-0.0627793385335244,-0.376612436664374,"LE2-1091.005","FCM"
1970,0.050596220533863,-0.532556492612074,"LE2-1091.005","FCM"
1971,-0.607866331497575,-0.463108390753487,"LE2-1091.005","FCM"
1972,0.246759487919546,0.30583033658272,"LE2-1091.005","FCM"
1973,0.345189801868565,0.0494189070561942,"LE2-1091.005","FCM"
1974,0.219103354016344,0.348694736295551,"LE2-1091.005","FCM"
1975,0.626779573845575,0.620674504672907,"LE2-1091.005","FCM"
1976,0.841829070429689,0.8720300836857,"LE2-1091.005","FCM"
1977,0.127357238353279,-0.410534029094004,"LE2-1091.005","FCM"
1978,-0.281188430540882,-0.812144052257713,"LE2-1091.005","FCM"
1979,-1.19308315426683,-0.844576516949558,"LE2-1091.005","FCM"
1980,-1.010906664887,-0.732452657504201,"LE2-1091.005","FCM"
1981,-0.461734654490362,-0.640587800074803,"LE2-1091.005","FCM"
1982,-1.21432233393059,-0.799388953796295,"LE2-1091.005","FCM"
1983,-0.149753534707966,0.237267929411732,"LE2-1091.005","FCM"
1984,0.524587840258905,0.674222862166293,"LE2-1091.005","FCM"
1985,0.488272572741443,-0.293926026998606,"LE2-1091.005","FCM"
1986,0.19647368516532,-0.775325038732688,"LE2-1091.005","FCM"
1987,-0.292889760079679,-1.09620381671359,"LE2-1091.005","FCM"
1988,-0.625325467567186,-0.0546867468517966,"LE2-1091.005","FCM"
1989,-0.602143760042055,-0.000447607970879887,"LE2-1091.005","FCM"
1990,-0.193388213677747,-0.0418503194514593,"LE2-1091.005","FCM"
1991,0.213264005251837,-0.401699560765095,"LE2-1091.005","FCM"
1992,0.828555025184674,0.426244333231207,"LE2-1091.005","FCM"
1993,0.567699659045332,0.0972113202184197,"LE2-1091.005","FCM"
1994,0.512767958533213,0.67206609623061,"LE2-1091.005","FCM"
1995,0.568695494146501,0.547802136258145,"LE2-1091.005","FCM"
1996,-0.00359070658834377,0.668864712419347,"LE2-1091.005","FCM"
1997,0.0111154654220374,0.287991461333638,"LE2-1091.005","FCM"
1998,0.960774769416331,0.926481480632355,"LE2-1091.005","FCM"
1999,-0.00749763676125002,0.202423983001143,"LE2-1091.005","FCM"
2000,-0.434144831833821,0.0319725398989307,"LE2-1091.005","FCM"
2001,0.196250653720617,-0.102681502586166,"LE2-1091.005","FCM"
2002,-0.359748050236302,-0.184118706401223,"LE2-1091.005","FCM"
2003,-0.237140966455793,0.599458928717595,"LE2-1091.005","FCM"
2004,0.685264326795981,1.40263581689241,"LE2-1091.005","FCM"
2005,0.378418468187343,0.404149344236554,"LE2-1091.005","FCM"
2006,0.520486837960351,0.37570867007024,"LE2-1091.005","FCM"
2007,0.617674536501706,0.221979758184883,"LE2-1091.005","FCM"
2008,0.188270820563037,0.102966658036835,"LE2-1091.005","FCM"
2009,-0.103636787726915,-0.0928130125989197,"LE2-1091.005","FCM"
2010,0.439701466979101,0.882069474143135,"LE2-1091.005","FCM"
2011,0.356919252503066,0.766123929354378,"LE2-1091.005","FCM"
2012,0.653949959221151,0.538031395514035,"LE2-1091.005","FCM"
2013,1.04265867682535,1.026404840028,"LE2-1091.005","FCM"
2014,0.97315685880416,0.990752174057364,"LE2-1091.005","FCM"
1851,-0.137708319393278,0.507552866254769,"LE2-1111.006","FCM"
1852,-0.0462711974421118,0.59212997585222,"LE2-1111.006","FCM"
1853,1.03203821277104,0.65300486673381,"LE2-1111.006","FCM"
1854,0.578891472195337,0.350068139328307,"LE2-1111.006","FCM"
1855,0.956300239105127,1.02813779949523,"LE2-1111.006","FCM"
1856,0.823923955143169,0.542100969610075,"LE2-1111.006","FCM"
1857,0.472240340075956,0.833471130942958,"LE2-1111.006","FCM"
1858,-0.475413118485272,-0.655190966432152,"LE2-1111.006","FCM"
1859,-0.316851704773496,-0.162329749445443,"LE2-1111.006","FCM"
1860,0.300835108038701,0.243872079887392,"LE2-1111.006","FCM"
1861,0.0295885829084154,0.162602524573916,"LE2-1111.006","FCM"
1862,-0.210937909813646,-0.418417370834248,"LE2-1111.006","FCM"
1863,0.192083835746846,0.337540411927991,"LE2-1111.006","FCM"
1864,-0.195518577711046,0.140807301018155,"LE2-1111.006","FCM"
1865,-1.17418208935438,-0.805551949167826,"LE2-1111.006","FCM"
1866,-1.13823331331563,-0.805648569507039,"LE2-1111.006","FCM"
1867,-0.398064623297401,-0.340822880151786,"LE2-1111.006","FCM"
1868,-1.13231499024013,-1.05560704757397,"LE2-1111.006","FCM"
1869,-0.384315792890586,-0.470890604243544,"LE2-1111.006","FCM"
1870,-0.261512528601248,0.205096504308334,"LE2-1111.006","FCM"
1871,-0.327237697793514,-0.615223924020287,"LE2-1111.006","FCM"
1872,-0.0654028633522207,-0.294126675329533,"LE2-1111.006","FCM"
1873,-0.781648280344467,-0.834690775193611,"LE2-1111.006","FCM"
1874,-0.433289031643876,-0.11265715764215,"LE2-1111.006","FCM"
1875,0.802559500184551,0.153756052017126,"LE2-1111.006","FCM"
1876,0.680858508956374,0.229073718555915,"LE2-1111.006","FCM"
1877,0.0899018129494582,-0.422307007178523,"LE2-1111.006","FCM"
1878,-0.239563039613398,-0.994346312284969,"LE2-1111.006","FCM"
1879,-0.104066927186397,-0.145672313690309,"LE2-1111.006","FCM"
1880,-0.123898373353874,0.25288448065798,"LE2-1111.006","FCM"
1881,-0.185824862823925,0.480545344727966,"LE2-1111.006","FCM"
1882,0.114335392218302,0.356703932189204,"LE2-1111.006","FCM"
1883,0.52274216131095,0.70599783667819,"LE2-1111.006","FCM"
1884,-0.0596577032477281,0.463587780242131,"LE2-1111.006","FCM"
1885,0.563940262393878,0.199417380617711,"LE2-1111.006","FCM"
1886,-0.0932364893162645,-0.486804080192981,"LE2-1111.006","FCM"
1887,-0.892130164177566,-1.02839294246971,"LE2-1111.006","FCM"
1888,-0.721984166886535,0.515142913650892,"LE2-1111.006","FCM"
1889,-0.48577033607676,-0.0214655843214757,"LE2-1111.006","FCM"
1890,0.313405142294763,0.565935474900539,"LE2-1111.006","FCM"
1891,0.90754600298419,0.145295889560782,"LE2-1111.006","FCM"
1892,0.2400322002428,0.238930514373043,"LE2-1111.006","FCM"
1893,0.154001212966363,0.0489328227850446,"LE2-1111.006","FCM"
1894,0.854497481220555,1.0740170613059,"LE2-1111.006","FCM"
1895,0.502560945712456,0.593529762561582,"LE2-1111.006","FCM"
1896,0.37833508159671,0.501246982787194,"LE2-1111.006","FCM"
1897,-0.00121568251051109,0.951513218363388,"LE2-1111.006","FCM"
1898,0.345988185804185,0.739238873884624,"LE2-1111.006","FCM"
1899,0.615066593666852,0.73169140007704,"LE2-1111.006","FCM"
1900,-0.192668110542097,0.295139276043614,"LE2-1111.006","FCM"
1901,-0.215878376566771,-0.372909222410029,"LE2-1111.006","FCM"
1902,-0.00770311776415296,-0.830509168377222,"LE2-1111.006","FCM"
1903,-0.493804500883149,-0.297604367804593,"LE2-1111.006","FCM"
1904,-0.608912795349645,-0.0397786670057531,"LE2-1111.006","FCM"
1905,0.155199277150765,0.232843496993001,"LE2-1111.006","FCM"
1906,0.727737518823422,0.665738294485132,"LE2-1111.006","FCM"
1907,0.212443650011397,-0.15113189644963,"LE2-1111.006","FCM"
1908,-0.381634100447732,-0.461718548761287,"LE2-1111.006","FCM"
1909,-0.430968074862458,-0.512521504616867,"LE2-1111.006","FCM"
1910,-0.497661773898078,-0.743812701212374,"LE2-1111.006","FCM"
1911,-0.832335598362051,-0.91100930264588,"LE2-1111.006","FCM"
1912,-0.707499886276938,-1.16481370882163,"LE2-1111.006","FCM"
1913,-0.286011229283615,-0.91430954776399,"LE2-1111.006","FCM"
1914,0.355421624340344,0.131265616370186,"LE2-1111.006","FCM"
1915,0.164090973200131,-0.660634366999619,"LE2-1111.006","FCM"
1916,0.69412857121984,-0.151016207936829,"LE2-1111.006","FCM"
1917,-0.848185782839126,-1.0963828821923,"LE2-1111.006","FCM"
1918,-2.20608530293688,-1.57246897810962,"LE2-1111.006","FCM"
1919,-1.40655929273426,-1.4413430957045,"LE2-1111.006","FCM"
1920,-0.910228211098576,-1.23189423909235,"LE2-1111.006","FCM"
1921,-0.571587247034808,0.241463751098126,"LE2-1111.006","FCM"
1922,-0.0250585946760426,-0.0857580634152457,"LE2-1111.006","FCM"
1923,-0.603829732445128,-0.858995393182521,"LE2-1111.006","FCM"
1924,-1.46486221978947,-1.39756142713751,"LE2-1111.006","FCM"
1925,-1.51788382680677,-1.53059891956948,"LE2-1111.006","FCM"
1926,-1.2310256855837,-1.4761718844528,"LE2-1111.006","FCM"
1927,-0.314021049059091,-0.319086295863026,"LE2-1111.006","FCM"
1928,-0.350047334524853,-0.346032668551308,"LE2-1111.006","FCM"
1929,-0.42804865808315,-0.587292361546361,"LE2-1111.006","FCM"
1930,-0.143033259988685,-0.111762941702726,"LE2-1111.006","FCM"
1931,-0.214526047669993,0.032923896096539,"LE2-1111.006","FCM"
1932,-0.243980048836631,0.0414664361961342,"LE2-1111.006","FCM"
1933,0.476563749943483,-0.00865238656487897,"LE2-1111.006","FCM"
1934,0.719732837186299,0.260399570421709,"LE2-1111.006","FCM"
1935,-0.0136908888747706,-0.254995520074183,"LE2-1111.006","FCM"
1936,0.0862082424333563,0.250661164602416,"LE2-1111.006","FCM"
1937,-0.105959692812567,-0.370875871781097,"LE2-1111.006","FCM"
1938,-0.189206141486019,-0.885182643585474,"LE2-1111.006","FCM"
1939,-0.0941833581515893,-0.316311368541053,"LE2-1111.006","FCM"
1940,0.45529646235517,0.386484209165502,"LE2-1111.006","FCM"
1941,0.459362800733431,0.132445413466687,"LE2-1111.006","FCM"
1942,0.760965627081183,0.268985482211271,"LE2-1111.006","FCM"
1943,0.277705349223224,-0.00686330860218191,"LE2-1111.006","FCM"
1944,0.0302659440902577,0.147917022882346,"LE2-1111.006","FCM"
1945,-0.00221462630852482,-0.215146736333367,"LE2-1111.006","FCM"
1946,0.219286371564925,0.426384289314912,"LE2-1111.006","FCM"
1947,0.851043897931792,0.589620655475347,"LE2-1111.006","FCM"
1948,-0.257885617840601,-0.894646252886306,"LE2-1111.006","FCM"
1949,-0.292358530143023,-0.0831315379306411,"LE2-1111.006","FCM"
1950,0.43776966877768,0.247010871673681,"LE2-1111.006","FCM"
1951,0.554593321606651,0.286747329302683,"LE2-1111.006","FCM"
1952,0.316062951032657,-0.557605257490281,"LE2-1111.006","FCM"
1953,-0.0942448250865249,0.08799694566654,"LE2-1111.006","FCM"
1954,-0.714143752170609,-0.685143505699365,"LE2-1111.006","FCM"
1955,-0.606162249264586,-0.239006839343007,"LE2-1111.006","FCM"
1956,0.158520946021044,-0.210600453710669,"LE2-1111.006","FCM"
1957,-0.0651947725653931,-0.163660485227597,"LE2-1111.006","FCM"
1958,-0.363464340400151,-0.467122203700532,"LE2-1111.006","FCM"
1959,-0.577110013759234,-0.753012872429414,"LE2-1111.006","FCM"
1960,0.317217958379949,0.10429200908012,"LE2-1111.006","FCM"
1961,0.0518317455561175,0.173061524182968,"LE2-1111.006","FCM"
1962,-0.264641417837019,-0.57951200114513,"LE2-1111.006","FCM"
1963,0.0356374386852306,0.11950116689091,"LE2-1111.006","FCM"
1964,0.0232491514568261,0.582878481675034,"LE2-1111.006","FCM"
1965,-0.137350366222758,-0.142838509573416,"LE2-1111.006","FCM"
1966,0.773676427557224,0.624588779181383,"LE2-1111.006","FCM"
1967,0.4157498710017,0.359975933382998,"LE2-1111.006","FCM"
1968,-0.298664563890695,-0.46619350477659,"LE2-1111.006","FCM"
1969,-0.211854036756138,-0.297180994846928,"LE2-1111.006","FCM"
1970,0.317122272408063,0.0355785238954142,"LE2-1111.006","FCM"
1971,0.0801615054356644,0.00115745144491897,"LE2-1111.006","FCM"
1972,-0.0737557050095165,-0.71547012548436,"LE2-1111.006","FCM"
1973,0.0514399567670387,-0.64089710343925,"LE2-1111.006","FCM"
1974,0.22085185998278,-0.185887621508511,"LE2-1111.006","FCM"
1975,-0.348463386562618,-0.746457257750807,"LE2-1111.006","FCM"
1976,-0.946906077722636,-0.830923533757577,"LE2-1111.006","FCM"
1977,-0.812370876519176,-0.765510991475616,"LE2-1111.006","FCM"
1978,-0.308724245645097,0.766635186869126,"LE2-1111.006","FCM"
1979,0.18941663698213,0.81278362795125,"LE2-1111.006","FCM"
1980,0.247867788062031,0.609267825246043,"LE2-1111.006","FCM"
1981,0.168073621090078,0.0913241056495291,"LE2-1111.006","FCM"
1982,0.533850978067597,0.578403784696485,"LE2-1111.006","FCM"
1983,-0.220357697051344,-0.0762375211202024,"LE2-1111.006","FCM"
1984,-0.582002202358969,-0.939158522266336,"LE2-1111.006","FCM"
1985,0.252541955145097,0.330733737086974,"LE2-1111.006","FCM"
1986,-0.471887957571921,-0.578372279489137,"LE2-1111.006","FCM"
1987,-0.414964813372238,-0.141283988050075,"LE2-1111.006","FCM"
1988,0.781470215696159,0.476236807674847,"LE2-1111.006","FCM"
1989,0.280915377719537,0.376576574340237,"LE2-1111.006","FCM"
1990,-0.792052225790657,-0.849048180424782,"LE2-1111.006","FCM"
1991,-0.483434724752781,-0.236133960316634,"LE2-1111.006","FCM"
1992,0.238682554480437,0.0582686514621328,"LE2-1111.006","FCM"
1993,-0.293186016884101,-0.451346508284918,"LE2-1111.006","FCM"
1994,-0.104532564075169,0.0819491176885621,"LE2-1111.006","FCM"
1995,-0.323999977943181,-0.564549006107769,"LE2-1111.006","FCM"
1996,-0.0627970071983273,0.266633317475951,"LE2-1111.006","FCM"
1997,0.334949240648337,-0.168310722710534,"LE2-1111.006","FCM"
1998,0.188034789821976,-0.0170400554324702,"LE2-1111.006","FCM"
1999,-0.102662769671694,-0.208761421291947,"LE2-1111.006","FCM"
2000,-0.945829616862089,-0.536731676303845,"LE2-1111.006","FCM"
2001,-0.0784261672638765,0.311480652067332,"LE2-1111.006","FCM"
2002,-0.0773226174078002,0.322618992290586,"LE2-1111.006","FCM"
2003,-0.156293833570086,0.959632552539344,"LE2-1111.006","FCM"
2004,-0.116236788854231,0.277190846819629,"LE2-1111.006","FCM"
2005,-0.554906833335098,-0.104748876385986,"LE2-1111.006","FCM"
2006,-0.477325674849749,0.1798633697348,"LE2-1111.006","FCM"
2007,-0.233506319126157,0.313453169065144,"LE2-1111.006","FCM"
2008,0.116023913738941,0.739125067767366,"LE2-1111.006","FCM"
2009,-0.14869301476324,-0.293242117548779,"LE2-1111.006","FCM"
2010,-0.156982540574983,-0.112931492808735,"LE2-1111.006","FCM"
2011,-0.0310846310445799,-0.0233390768526556,"LE2-1111.006","FCM"
2012,0.624624259729197,1.49267588849845,"LE2-1111.006","FCM"
2013,0.734806263814574,1.40724568857454,"LE2-1111.006","FCM"
2014,1.19890280786385,1.43425659797002,"LE2-1111.006","FCM"
1851,0.412309651009105,0.372550903093741,"LE2-1131.007","FCM"
1852,0.968651614038011,1.3014580488278,"LE2-1131.007","FCM"
1853,0.300154488793242,-0.0314326976807847,"LE2-1131.007","FCM"
1854,0.221870639207687,0.0127130303719803,"LE2-1131.007","FCM"
1855,-0.481574803875988,-0.471005943987689,"LE2-1131.007","FCM"
1856,-0.501137607659629,-0.381526456568567,"LE2-1131.007","FCM"
1857,-0.405260666561464,0.120696955920237,"LE2-1131.007","FCM"
1858,0.535973803827932,0.624227298194944,"LE2-1131.007","FCM"
1859,-0.319345709067457,0.0457609306339184,"LE2-1131.007","FCM"
1860,-0.267324307921862,-0.0140469977470651,"LE2-1131.007","FCM"
1861,-0.23234286263473,0.208036177536557,"LE2-1131.007","FCM"
1862,0.56504702070746,0.738086393468908,"LE2-1131.007","FCM"
1863,0.33385027629347,0.918796347145116,"LE2-1131.007","FCM"
1864,0.45986066896786,0.751572863452362,"LE2-1131.007","FCM"
1865,0.91891722357183,0.660475857564951,"LE2-1131.007","FCM"
1866,0.401054012067759,0.183788429821692,"LE2-1131.007","FCM"
1867,0.824584682044053,0.166554570724427,"LE2-1131.007","FCM"
1868,0.243887166661014,0.123214015879783,"LE2-1131.007","FCM"
1869,0.153237483646417,0.215273307609147,"LE2-1131.007","FCM"
1870,-0.28696055524789,-0.334250507252721,"LE2-1131.007","FCM"
1871,-0.378463379327789,-0.775684029249575,"LE2-1131.007","FCM"
1872,-0.471326025389043,-0.949643822840236,"LE2-1131.007","FCM"
1873,-0.926375398173803,-0.979124236221188,"LE2-1131.007","FCM"
1874,0.116475876963623,-0.0305066273787039,"LE2-1131.007","FCM"
1875,0.32035787445146,-0.135485806093999,"LE2-1131.007","FCM"
1876,0.948047818253024,-0.157707809702946,"LE2-1131.007","FCM"
1877,0.653155738838594,0.255489273115415,"LE2-1131.007","FCM"
1878,-0.103468457576334,-0.76828799008844,"LE2-1131.007","FCM"
1879,0.0807603748860437,-0.606713431901668,"LE2-1131.007","FCM"
1880,0.699063352668474,0.545023293300186,"LE2-1131.007","FCM"
1881,0.395789772676172,0.286179017621984,"LE2-1131.007","FCM"
1882,1.15506435506433,1.02302560854112,"LE2-1131.007","FCM"
1883,0.305675962444652,0.301727794652209,"LE2-1131.007","FCM"
1884,-0.345420202126496,-0.108576547471222,"LE2-1131.007","FCM"
1885,-1.01845742392501,-1.01727946007948,"LE2-1131.007","FCM"
1886,-0.920589176577245,-0.201524554566531,"LE2-1131.007","FCM"
1887,-0.543584815715754,-0.422929393878867,"LE2-1131.007","FCM"
1888,-0.762183953102486,-0.224093825219577,"LE2-1131.007","FCM"
1889,-1.51109007732193,-1.12204157060722,"LE2-1131.007","FCM"
1890,-1.56784492540906,-1.54699978124679,"LE2-1131.007","FCM"
1891,-1.03035466575711,-1.30231787475322,"LE2-1131.007","FCM"
1892,-0.821899586145578,-1.43081231110306,"LE2-1131.007","FCM"
1893,-1.31243570322585,-1.17397140878245,"LE2-1131.007","FCM"
1894,-0.0590872342544681,-0.341526230284315,"LE2-1131.007","FCM"
1895,-0.0998491613080876,-0.595845678839043,"LE2-1131.007","FCM"
1896,-0.360107315737393,-0.0252057991986578,"LE2-1131.007","FCM"
1897,0.178559217419332,0.376874168569642,"LE2-1131.007","FCM"
1898,-0.28103095508931,-0.0243365941223769,"LE2-1131.007","FCM"
1899,0.48012012001805,0.859630460401885,"LE2-1131.007","FCM"
1900,0.171484207543457,0.139276088324704,"LE2-1131.007","FCM"
1901,-0.639131339910628,-0.366150562305088,"LE2-1131.007","FCM"
1902,-0.889098273941063,-0.395569542751616,"LE2-1131.007","FCM"
1903,-0.150748458016014,-0.0686168090467453,"LE2-1131.007","FCM"
1904,-0.12295797422127,-0.0835210103780603,"LE2-1131.007","FCM"
1905,-0.448051241739609,-0.273885321569652,"LE2-1131.007","FCM"
1906,0.403679974422539,0.310161714845609,"LE2-1131.007","FCM"
1907,0.663221651880691,0.262211027813456,"LE2-1131.007","FCM"
1908,0.0872583651851834,-0.130184096561986,"LE2-1131.007","FCM"
1909,-0.757805524503634,-0.698714880696052,"LE2-1131.007","FCM"
1910,-0.675720637930098,-0.388870437833687,"LE2-1131.007","FCM"
1911,-0.777482495032903,-0.380318262751293,"LE2-1131.007","FCM"
1912,-0.141011640992689,0.278698260482206,"LE2-1131.007","FCM"
1913,0.250740748999676,0.705425802293449,"LE2-1131.007","FCM"
1914,0.487123716649589,-0.670852364196541,"LE2-1131.007","FCM"
1915,0.117879116366683,-0.450494354170405,"LE2-1131.007","FCM"
1916,0.20219501160504,-0.285855547716535,"LE2-1131.007","FCM"
1917,0.638843015498426,0.619259232261669,"LE2-1131.007","FCM"
1918,0.23684476483725,0.143481925436665,"LE2-1131.007","FCM"
1919,0.668106926827106,1.02340276800337,"LE2-1131.007","FCM"
1920,0.859961368130245,0.347651448927188,"LE2-1131.007","FCM"
1921,1.3724076130394,1.6057592737477,"LE2-1131.007","FCM"
1922,0.945147925805718,0.886814604459616,"LE2-1131.007","FCM"
1923,0.905629567708652,1.13416390508987,"LE2-1131.007","FCM"
1924,0.51475274813379,0.507640528525943,"LE2-1131.007","FCM"
1925,-0.0944334336074982,-0.0699522496031473,"LE2-1131.007","FCM"
1926,0.882513928718165,0.872330550002056,"LE2-1131.007","FCM"
1927,-0.0390959332335777,-0.152045228239845,"LE2-1131.007","FCM"
1928,-0.680402057728442,-0.962727158509308,"LE2-1131.007","FCM"
1929,0.0367851433031518,-0.028269001706803,"LE2-1131.007","FCM"
1930,0.309567043658066,-0.73038175521903,"LE2-1131.007","FCM"
1931,-0.0271547400816576,-0.462611794157003,"LE2-1131.007","FCM"
1932,0.50447195355945,0.812355771818009,"LE2-1131.007","FCM"
1933,0.270175687344766,0.334921999931758,"LE2-1131.007","FCM"
1934,-0.123612861298175,0.0778648603490292,"LE2-1131.007","FCM"
1935,-0.624331251312612,-0.809133435145659,"LE2-1131.007","FCM"
1936,-0.220405273279752,-0.0602329546500473,"LE2-1131.007","FCM"
1937,0.609377309065114,0.569459884322284,"LE2-1131.007","FCM"
1938,-0.349565172692062,-0.0194301949546541,"LE2-1131.007","FCM"
1939,-1.18326775995703,-0.998039571952476,"LE2-1131.007","FCM"
1940,-0.306423405769256,-0.127470520981867,"LE2-1131.007","FCM"
1941,-0.785304836167472,-0.271290612988285,"LE2-1131.007","FCM"
1942,-0.523927411238376,-0.171779681522985,"LE2-1131.007","FCM"
1943,-0.676239993353643,-0.229352719943737,"LE2-1131.007","FCM"
1944,-0.789222203988568,-0.664173825404251,"LE2-1131.007","FCM"
1945,-0.531289454057532,-0.311498454874838,"LE2-1131.007","FCM"
1946,0.194437177616005,-0.151179102718476,"LE2-1131.007","FCM"
1947,0.267443695818509,0.263073135013469,"LE2-1131.007","FCM"
1948,0.0280304594531243,0.261626322561411,"LE2-1131.007","FCM"
1949,0.375317653600795,0.55899797413561,"LE2-1131.007","FCM"
1950,0.256356508277331,-0.030142812460077,"LE2-1131.007","FCM"
1951,-0.0196679567702355,-0.122419254530012,"LE2-1131.007","FCM"
1952,0.396817890161191,0.232567143722863,"LE2-1131.007","FCM"
1953,0.698052118757972,0.220332251868876,"LE2-1131.007","FCM"
1954,0.133470276453877,-0.105655270836903,"LE2-1131.007","FCM"
1955,0.243779203799902,0.17552201155925,"LE2-1131.007","FCM"
1956,0.510383662769643,0.715536350449545,"LE2-1131.007","FCM"
1957,0.0824300293696489,0.375055132185053,"LE2-1131.007","FCM"
1958,0.2388829647445,0.124794712689407,"LE2-1131.007","FCM"
1959,0.0735546951069873,-0.285019207393854,"LE2-1131.007","FCM"
1960,0.983861541661218,1.79255662009828,"LE2-1131.007","FCM"
1961,0.621045634185809,0.979181307966235,"LE2-1131.007","FCM"
1962,1.08211639320667,1.28634379474962,"LE2-1131.007","FCM"
1963,-0.688091304041892,-0.611577338762977,"LE2-1131.007","FCM"
1964,-1.05326811205666,-0.962753009481457,"LE2-1131.007","FCM"
1965,-0.332832419121293,-0.489943732995449,"LE2-1131.007","FCM"
1966,-0.453672958362896,-0.989028407449411,"LE2-1131.007","FCM"
1967,-0.680202188085708,-1.05228892631898,"LE2-1131.007","FCM"
1968,-0.0825623405713494,-0.189880168620295,"LE2-1131.007","FCM"
1969,-0.352120448795913,-0.484868893441054,"LE2-1131.007","FCM"
1970,-0.795521628919992,-0.465304351600608,"LE2-1131.007","FCM"
1971,-0.988177981450644,-0.474968304127177,"LE2-1131.007","FCM"
1972,-0.333936040104406,-0.279379223807876,"LE2-1131.007","FCM"
1973,0.363894045559854,-0.251279935545605,"LE2-1131.007","FCM"
1974,-0.497117679317575,-0.440711500352183,"LE2-1131.007","FCM"
1975,-0.209777641405681,-0.465901051316479,"LE2-1131.007","FCM"
1976,0.737497782489954,0.13490981013661,"LE2-1131.007","FCM"
1977,-0.345464011672751,-0.212219108805094,"LE2-1131.007","FCM"
1978,-1.07486758409057,-0.550703342342269,"LE2-1131.007","FCM"
1979,-0.00805487702363991,-0.166752276955526,"LE2-1131.007","FCM"
1980,0.37509814344553,-0.224376433291575,"LE2-1131.007","FCM"
1981,0.112478017391108,-0.0108087357269063,"LE2-1131.007","FCM"
1982,-0.343524044305004,-0.493949792281282,"LE2-1131.007","FCM"
1983,-0.0591713402800327,-0.583533997168843,"LE2-1131.007","FCM"
1984,0.859641934106027,-0.115202194621868,"LE2-1131.007","FCM"
1985,0.198220113110466,-0.0343791495800989,"LE2-1131.007","FCM"
1986,-0.53531215786078,-0.702290929098563,"LE2-1131.007","FCM"
1987,-0.119612517290934,-0.230200152241232,"LE2-1131.007","FCM"
1988,0.0251466335598333,-0.286611935464806,"LE2-1131.007","FCM"
1989,-0.436189457753278,-0.531423530028665,"LE2-1131.007","FCM"
1990,-0.837922941619595,-0.44864481603856,"LE2-1131.007","FCM"
1991,-0.795025706132779,-0.139224880418645,"LE2-1131.007","FCM"
1992,0.0667087313028194,0.0327645776202821,"LE2-1131.007","FCM"
1993,0.102427291132547,0.238516707236209,"LE2-1131.007","FCM"
1994,-0.103430552636149,-0.30897816526413,"LE2-1131.007","FCM"
1995,0.108045065021556,0.031421993097496,"LE2-1131.007","FCM"
1996,-0.763995781868246,-0.613016301748319,"LE2-1131.007","FCM"
1997,-0.241348782047421,0.50668230700667,"LE2-1131.007","FCM"
1998,0.0333246140394706,0.209341947658232,"LE2-1131.007","FCM"
1999,0.990050312005589,0.806114530917083,"LE2-1131.007","FCM"
2000,0.808302893888705,0.7722912198274,"LE2-1131.007","FCM"
2001,-0.140019264532783,0.105323319191124,"LE2-1131.007","FCM"
2002,0.455611523554097,0.428874769795744,"LE2-1131.007","FCM"
2003,0.545648724974128,0.758246324809053,"LE2-1131.007","FCM"
2004,0.735170584941266,0.799236784670411,"LE2-1131.007","FCM"
2005,0.257794755284486,0.378393265636861,"LE2-1131.007","FCM"
2006,0.691289588596636,0.581883803966753,"LE2-1131.007","FCM"
2007,0.276373804219399,0.226047648323958,"LE2-1131.007","FCM"
2008,-0.518972365065067,-0.478866837341782,"LE2-1131.007","FCM"
2009,-0.909575254892054,-0.165219191503978,"LE2-1131.007","FCM"
2010,0.364169655866673,0.670155175198803,"LE2-1131.007","FCM"
2011,0.625285112170511,0.902880267693187,"LE2-1131.007","FCM"
2012,0.999500369575634,0.94883251227907,"LE2-1131.007","FCM"
2013,0.722894414291599,0.700812535030292,"LE2-1131.007","FCM"
2014,0.168617826948537,0.151090559005452,"LE2-1131.007","FCM"
1851,1.17123727291226,0.986993459859882,"LE2-1151.008","FCM"
1852,0.380726381696768,0.0685662806041772,"LE2-1151.008","FCM"
1853,0.834870805672066,0.728471098398515,"LE2-1151.008","FCM"
1854,0.819256529005516,1.26980211494143,"LE2-1151.008","FCM"
1855,0.405813622876559,0.267808813181765,"LE2-1151.008","FCM"
1856,0.769524239405397,1.16865610685152,"LE2-1151.008","FCM"
1857,0.354544915359514,0.730596756895094,"LE2-1151.008","FCM"
1858,0.0303085131021713,0.555189153942975,"LE2-1151.008","FCM"
1859,0.208083542472955,0.249060099902497,"LE2-1151.008","FCM"
1860,0.179865945258959,0.0972754111715065,"LE2-1151.008","FCM"
1861,-0.384604192839017,-0.122977344718161,"LE2-1151.008","FCM"
1862,-0.411493883397329,-0.0796101389412307,"LE2-1151.008","FCM"
1863,-0.46886856831471,-0.524179113055864,"LE2-1151.008","FCM"
1864,-0.0717581941443435,0.113454894239145,"LE2-1151.008","FCM"
1865,-0.159684537556929,-0.277327599430692,"LE2-1151.008","FCM"
1866,0.641718629442664,-0.121321998120589,"LE2-1151.008","FCM"
1867,-0.0839464454747372,-0.847091785468891,"LE2-1151.008","FCM"
1868,-0.0224281542392884,-0.666996348719409,"LE2-1151.008","FCM"
1869,-0.400367884424064,-0.657413433877723,"LE2-1151.008","FCM"
1870,-1.1425782805563,-0.584052191662237,"LE2-1151.008","FCM"
1871,-1.30148197072069,-0.938688030240376,"LE2-1151.008","FCM"
1872,-0.759100432701453,-0.136631531836207,"LE2-1151.008","FCM"
1873,-0.364222331127211,-0.00742593132606197,"LE2-1151.008","FCM"
1874,-1.14273213298016,-0.240187004887933,"LE2-1151.008","FCM"
1875,-1.19724516246737,-0.692545189701109,"LE2-1151.008","FCM"
1876,0.242660918951655,0.912123356178528,"LE2-1151.008","FCM"
1877,0.282032740619217,0.180526123973502,"LE2-1151.008","FCM"
1878,0.618376911917311,0.152931021621125,"LE2-1151.008","FCM"
1879,0.540148944823339,0.0647996439247773,"LE2-1151.008","FCM"
1880,0.0280965416381151,-0.0821079908922603,"LE2-1151.008","FCM"
1881,0.0691565939061621,0.224954180547276,"LE2-1151.008","FCM"
1882,-0.501327974221729,-0.579380719706488,"LE2-1151.008","FCM"
1883,0.0206166922060451,0.150006376505631,"LE2-1151.008","FCM"
1884,0.429172334309428,0.76889705950095,"LE2-1151.008","FCM"
1885,0.12068992952979,0.249678818576069,"LE2-1151.008","FCM"
1886,-0.222001931333538,-0.298145950407139,"LE2-1151.008","FCM"
1887,0.223771348310034,0.982383776433462,"LE2-1151.008","FCM"
1888,0.0589724705557534,0.324584942605763,"LE2-1151.008","FCM"
1889,0.22399967019811,-0.138667904263059,"LE2-1151.008","FCM"
1890,0.759869013048861,0.196946639843371,"LE2-1151.008","FCM"
1891,0.0903332585351128,-0.385081055211814,"LE2-1151.008","FCM"
1892,-0.750345376505168,-0.4524876414079,"LE2-1151.008","FCM"
1893,-0.975826730756299,-0.489290325329194,"LE2-1151.008","FCM"
1894,-0.590753093309294,-0.187502360018848,"LE2-1151.008","FCM"
1895,-0.355401734148689,-0.465937055705727,"LE2-1151.008","FCM"
1896,-1.23645287765383,-1.06454791168044,"LE2-1151.008","FCM"
1897,-1.22654713333443,-0.990563479347961,"LE2-1151.008","FCM"
1898,-0.371834483968567,-0.390816633315814,"LE2-1151.008","FCM"
1899,0.0856700537118568,-0.0887112659066481,"LE2-1151.008","FCM"
1900,-0.608839424286538,-0.564241752534137,"LE2-1151.008","FCM"
1901,0.0703780747293904,-0.349642000557865,"LE2-1151.008","FCM"
1902,0.457844329632823,0.360767589553231,"LE2-1151.008","FCM"
1903,0.112965534541436,0.443911735199962,"LE2-1151.008","FCM"
1904,-0.4106446647044,-0.848896532953495,"LE2-1151.008","FCM"
1905,0.565013643188002,0.38401183672194,"LE2-1151.008","FCM"
1906,0.514892171118685,0.036327428247349,"LE2-1151.008","FCM"
1907,0.768718197401758,0.586773759358986,"LE2-1151.008","FCM"
1908,0.43723182292276,0.456504716681585,"LE2-1151.008","FCM"
1909,-0.697536815662398,-0.750103085472514,"LE2-1151.008","FCM"
1910,-0.190701363050029,0.311122366816386,"LE2-1151.008","FCM"
1911,-0.232433189551088,-0.0838359412785733,"LE2-1151.008","FCM"
1912,-0.554681312293926,0.0365579651123695,"LE2-1151.008","FCM"
1913,-0.0331612526426762,0.211196782211639,"LE2-1151.008","FCM"
1914,-0.0149581049410847,-0.492019187675893,"LE2-1151.008","FCM"
1915,-0.0869133173410676,0.0940735652219267,"LE2-1151.008","FCM"
1916,-0.066448401561009,-0.203482475189819,"LE2-1151.008","FCM"
1917,-0.363984322434909,-0.274019207368642,"LE2-1151.008","FCM"
1918,0.0063723390136734,0.0163095871369454,"LE2-1151.008","FCM"
1919,-0.548967365381218,-0.564634723592392,"LE2-1151.008","FCM"
1920,-0.280982731284059,-0.0636906549539645,"LE2-1151.008","FCM"
1921,-0.928100106435829,-0.800974366956614,"LE2-1151.008","FCM"
1922,-0.971840525565599,-0.56497585722775,"LE2-1151.008","FCM"
1923,-1.02764290712421,-0.523289260329274,"LE2-1151.008","FCM"
1924,-0.478416474975472,0.541672454615678,"LE2-1151.008","FCM"
1925,0.00265741876381301,0.0361491867714514,"LE2-1151.008","FCM"
1926,-0.209385238329316,-0.165673139897386,"LE2-1151.008","FCM"
1927,0.0552682701719637,-0.217953009098352,"LE2-1151.008","FCM"
1928,-0.416628022091778,-0.549531750590767,"LE2-1151.008","FCM"
1929,-0.324997380883261,-0.468094356664824,"LE2-1151.008","FCM"
1930,-0.415958165708058,-0.566039386326359,"LE2-1151.008","FCM"
1931,-0.0952960244566256,-0.450778064934377,"LE2-1151.008","FCM"
1932,-0.00326694906547165,-0.160591398581872,"LE2-1151.008","FCM"
1933,0.0484426672732654,0.474969690250054,"LE2-1151.008","FCM"
1934,0.0940189518315227,-0.256523250586335,"LE2-1151.008","FCM"
1935,-0.0604572171440682,-0.195389303415495,"LE2-1151.008","FCM"
1936,0.692000818442939,0.299524765774184,"LE2-1151.008","FCM"
1937,0.0353897132182251,0.288202876740904,"LE2-1151.008","FCM"
1938,-0.0970559374620425,-0.291862724562084,"LE2-1151.008","FCM"
1939,-0.101450349241031,-0.712520327705426,"LE2-1151.008","FCM"
1940,0.303604880378074,-0.447809588237242,"LE2-1151.008","FCM"
1941,0.327213424240886,0.379115227610787,"LE2-1151.008","FCM"
1942,1.05059887918325,0.572466172065465,"LE2-1151.008","FCM"
1943,0.562305540726285,0.410709936356792,"LE2-1151.008","FCM"
1944,-0.0290431882148868,0.34342755427001,"LE2-1151.008","FCM"
1945,0.44208269938386,-0.162278346998219,"LE2-1151.008","FCM"
1946,-0.929907718305385,-1.27794450314854,"LE2-1151.008","FCM"
1947,0.677745794489311,0.458368286264167,"LE2-1151.008","FCM"
1948,0.66916603250741,0.247296277752663,"LE2-1151.008","FCM"
1949,0.788620652742872,1.00091061706879,"LE2-1151.008","FCM"
1950,0.526674491192376,0.49824231256466,"LE2-1151.008","FCM"
1951,0.0534335838564352,0.635277532538829,"LE2-1151.008","FCM"
1952,-0.0182424659909222,0.407462978358014,"LE2-1151.008","FCM"
1953,-0.295493604881121,-0.00912582001115025,"LE2-1151.008","FCM"
1954,0.0511996971977928,-0.375933302550842,"LE2-1151.008","FCM"
1955,0.372733075733194,0.17335629013597,"LE2-1151.008","FCM"
1956,0.475628874030372,0.160291428838611,"LE2-1151.008","FCM"
1957,1.09503502750125,0.78877433328385,"LE2-1151.008","FCM"
1958,0.860132697572627,0.56074467052273,"LE2-1151.008","FCM"
1959,0.151489330772064,0.1987954169368,"LE2-1151.008","FCM"
1960,0.727963855711656,0.563260064961419,"LE2-1151.008","FCM"
1961,0.319830940418728,0.188731456851151,"LE2-1151.008","FCM"
1962,-0.388806347613624,-0.331990211181739,"LE2-1151.008","FCM"
1963,-0.665767828198052,-0.635900744671904,"LE2-1151.008","FCM"
1964,-0.114503277125594,0.0190338715971487,"LE2-1151.008","FCM"
1965,-0.138136622287954,0.260045125187263,"LE2-1151.008","FCM"
1966,-0.359951499934041,0.0636092042258708,"LE2-1151.008","FCM"
1967,-0.420631790381012,-0.207499401995302,"LE2-1151.008","FCM"
1968,-0.0350680358105178,-0.12629639925251,"LE2-1151.008","FCM"
1969,0.191972244868036,0.267804587663517,"LE2-1151.008","FCM"
1970,-0.507219447959074,-0.230411131421407,"LE2-1151.008","FCM"
1971,-0.485525605688424,-0.0545888585002171,"LE2-1151.008","FCM"
1972,0.476242076396655,-0.0493662418198153,"LE2-1151.008","FCM"
1973,0.499368675527199,0.264377619646997,"LE2-1151.008","FCM"
1974,-0.426484193023278,-0.801830839277597,"LE2-1151.008","FCM"
1975,-0.534678019200038,-0.434382117638625,"LE2-1151.008","FCM"
1976,-0.0935792623195814,-0.561481755331166,"LE2-1151.008","FCM"
1977,0.208845549322334,0.379087630850462,"LE2-1151.008","FCM"
1978,0.460850901889137,-0.107036278853622,"LE2-1151.008","FCM"
1979,0.674953110972176,0.0796012319027923,"LE2-1151.008","FCM"
1980,1.32741022596698,1.27160785116501,"LE2-1151.008","FCM"
1981,0.96016766328587,0.426796030420416,"LE2-1151.008","FCM"
1982,-0.278778906171954,-0.105827980027921,"LE2-1151.008","FCM"
1983,-0.420005185675841,0.00150498253522482,"LE2-1151.008","FCM"
1984,-0.0385037291267735,0.270940905383389,"LE2-1151.008","FCM"
1985,-0.48145645831079,-0.482476815041902,"LE2-1151.008","FCM"
1986,-0.287951797317735,0.122833048134574,"LE2-1151.008","FCM"
1987,0.292211639989992,0.150057270060325,"LE2-1151.008","FCM"
1988,-0.417705146512312,0.0532689304870285,"LE2-1151.008","FCM"
1989,-0.827646398990454,-0.599010632489984,"LE2-1151.008","FCM"
1990,-1.01439421173912,-0.693126237786447,"LE2-1151.008","FCM"
1991,0.0712455081655666,-0.287146742436663,"LE2-1151.008","FCM"
1992,0.0567087592031057,-0.589077249030536,"LE2-1151.008","FCM"
1993,-0.1598895275441,-0.566451385601378,"LE2-1151.008","FCM"
1994,-0.230860151770565,-0.412205425100744,"LE2-1151.008","FCM"
1995,-0.569633082486662,-0.78431773580825,"LE2-1151.008","FCM"
1996,-0.550719360093886,0.238492726560582,"LE2-1151.008","FCM"
1997,0.345668294825557,0.867570465837245,"LE2-1151.008","FCM"
1998,0.955875047604933,1.3334455132038,"LE2-1151.008","FCM"
1999,-0.0354880452803552,-0.198501986410057,"LE2-1151.008","FCM"
2000,-0.738854878353694,0.0845524786343793,"LE2-1151.008","FCM"
2001,-0.488730052254152,-0.303257721154979,"LE2-1151.008","FCM"
2002,-0.195122449880699,-0.399374035003805,"LE2-1151.008","FCM"
2003,-0.836320673678301,-0.428349116945057,"LE2-1151.008","FCM"
2004,-0.473873403108055,-0.641153296460338,"LE2-1151.008","FCM"
2005,-0.0476942788158279,-0.155366593031622,"LE2-1151.008","FCM"
2006,-0.343210759906629,-0.321555711833448,"LE2-1151.008","FCM"
2007,-0.366565498005505,-0.227712193590875,"LE2-1151.008","FCM"
2008,-0.471179682458142,-0.14754114860815,"LE2-1151.008","FCM"
2009,-0.969621023400912,-0.644924897036018,"LE2-1151.008","FCM"
2010,-0.0661919657529814,0.566289891481516,"LE2-1151.008","FCM"
2011,0.599966525720884,0.80451833012214,"LE2-1151.008","FCM"
2012,0.221139391545166,1.12379542496695,"LE2-1151.008","FCM"
2013,0.796036992413547,1.3813879667205,"LE2-1151.008","FCM"
2014,0.955231035655387,0.677049411375465,"LE2-1151.008","FCM"
1851,0.548366987095097,0.709706627798503,"LE2-1171.009","FCM"
1852,-0.142989617881323,-0.524712075950582,"LE2-1171.009","FCM"
1853,-0.405263866150461,-0.594767205587044,"LE2-1171.009","FCM"
1854,-0.527943790965485,-0.379134816635208,"LE2-1171.009","FCM"
1855,-0.0942388808576339,0.0513940397103409,"LE2-1171.009","FCM"
1856,0.147042234382791,0.279877458808233,"LE2-1171.009","FCM"
1857,0.342954130260077,0.44988439655968,"LE2-1171.009","FCM"
1858,-0.374741916494898,-0.255769108403718,"LE2-1171.009","FCM"
1859,-0.738360702446139,-0.852362189488441,"LE2-1171.009","FCM"
1860,0.644304578172693,0.135994686081284,"LE2-1171.009","FCM"
1861,0.454402903321704,-0.165259906165608,"LE2-1171.009","FCM"
1862,0.378660777987681,-0.0122797810499242,"LE2-1171.009","FCM"
1863,0.517944635070582,-0.22690753691004,"LE2-1171.009","FCM"
1864,0.657961211879572,0.269592311409782,"LE2-1171.009","FCM"
1865,0.459526127302055,-0.0573160211088491,"LE2-1171.009","FCM"
1866,0.182551698848729,0.272492386961966,"LE2-1171.009","FCM"
1867,0.406017245457428,0.706977628315612,"LE2-1171.009","FCM"
1868,0.582249775719706,0.325954774983342,"LE2-1171.009","FCM"
1869,-0.540930151983951,-0.28578396958476,"LE2-1171.009","FCM"
1870,-1.23496791640382,-0.209485158888331,"LE2-1171.009","FCM"
1871,0.536245455581585,1.60064811628788,"LE2-1171.009","FCM"
1872,0.530918523770783,1.35053499685373,"LE2-1171.009","FCM"
1873,-0.0422293813155685,0.320812742919877,"LE2-1171.009","FCM"
1874,-0.0795747790534755,1.12903989466236,"LE2-1171.009","FCM"
1875,0.489023418263083,0.661592055534823,"LE2-1171.009","FCM"
1876,1.14579241932807,0.838484546958437,"LE2-1171.009","FCM"
1877,1.01245776839659,1.04111489084001,"LE2-1171.009","FCM"
1878,1.52701422128046,2.21299446820396,"LE2-1171.009","FCM"
1879,1.71524578212118,2.10106781096899,"LE2-1171.009","FCM"
1880,0.4810552663272,0.206460647315824,"LE2-1171.009","FCM"
1881,-0.495217044461999,-0.387171586536177,"LE2-1171.009","FCM"
1882,-0.474160581134752,-0.332193006896241,"LE2-1171.009","FCM"
1883,-1.05350324914639,-0.817585474581769,"LE2-1171.009","FCM"
1884,-0.509806673934571,-0.331688325020425,"LE2-1171.009","FCM"
1885,-1.35289703945107,-1.09055917791378,"LE2-1171.009","FCM"
1886,-0.646311331653408,-0.789442311929656,"LE2-1171.009","FCM"
1887,-0.325516284362459,0.0281871797777277,"LE2-1171.009","FCM"
1888,-0.0791641143452615,-0.135986227195659,"LE2-1171.009","FCM"
1889,-0.352832152155724,-0.0759226245947407,"LE2-1171.009","FCM"
1890,-0.259207001127568,-0.38080615249834,"LE2-1171.009","FCM"
1891,-0.527163209450076,-0.38283835446619,"LE2-1171.009","FCM"
1892,-0.35176237418018,-0.266840871812051,"LE2-1171.009","FCM"
1893,0.2285563470624,-0.0397832655939401,"LE2-1171.009","FCM"
1894,-0.12417244898133,-0.0551112122095123,"LE2-1171.009","FCM"
1895,-0.788351046479592,-0.964690942569076,"LE2-1171.009","FCM"
1896,0.583222096811691,-0.332097596254459,"LE2-1171.009","FCM"
1897,-0.310106172123602,-0.520147669744823,"LE2-1171.009","FCM"
1898,-0.697134082463274,-1.00380869642985,"LE2-1171.009","FCM"
1899,-0.223860622053462,-0.842665180934342,"LE2-1171.009","FCM"
1900,-0.699292302992218,-1.20938783998651,"LE2-1171.009","FCM"
1901,-0.429654015376988,-0.692961647539382,"LE2-1171.009","FCM"
1902,-0.318784917252705,-0.700099213364444,"LE2-1171.009","FCM"
1903,-0.19217531948745,-0.243394214552698,"LE2-1171.009","FCM"
1904,-0.252624632931488,-0.253237942553404,"LE2-1171.009","FCM"
1905,-0.659566323953029,-0.492719758096292,"LE2-1171.009","FCM"
1906,-0.210684609586537,0.13940263582447,"LE2-1171.009","FCM"
1907,-0.0945578654071182,-0.0666674574106959,"LE2-1171.009","FCM"
1908,-0.10372512948301,0.12727603989966,"LE2-1171.009","FCM"
1909,0.281364907758067,0.256015666761049,"LE2-1171.009","FCM"
1910,0.0112851499202798,-0.358438852732251,"LE2-1171.009","FCM"
1911,0.189806215457897,-0.122747870593111,"LE2-1171.009","FCM"
1912,-0.48433915889499,-0.822181068327234,"LE2-1171.009","FCM"
1913,-0.30074765302181,-0.583238503819906,"LE2-1171.009","FCM"
1914,-0.390953841956973,-0.935948665724061,"LE2-1171.009","FCM"
1915,-0.508761264470671,-0.18218646512273,"LE2-1171.009","FCM"
1916,-0.406408051869847,-0.0146045402903574,"LE2-1171.009","FCM"
1917,-0.358695401598522,-0.422391038871078,"LE2-1171.009","FCM"
1918,-0.333249894709425,0.354163070915084,"LE2-1171.009","FCM"
1919,-0.144564809267616,-0.223960010060721,"LE2-1171.009","FCM"
1920,0.430806201754497,0.393096103189389,"LE2-1171.009","FCM"
1921,0.380436914898547,0.0041381879035721,"LE2-1171.009","FCM"
1922,0.832326633750565,0.792999464414649,"LE2-1171.009","FCM"
1923,0.615062776051338,0.0776060447171433,"LE2-1171.009","FCM"
1924,0.336355319876976,-0.198712341279312,"LE2-1171.009","FCM"
1925,-0.130759642654142,0.0057794772940052,"LE2-1171.009","FCM"
1926,-0.690645100014206,-0.483473356822323,"LE2-1171.009","FCM"
1927,-0.302167380688966,-0.392902674940534,"LE2-1171.009","FCM"
1928,0.614748635984737,0.611175632498458,"LE2-1171.009","FCM"
1929,0.65077158959756,0.331910324598782,"LE2-1171.009","FCM"
1930,0.621750554615179,-0.0725687149638244,"LE2-1171.009","FCM"
1931,-0.443954537663586,-0.535732364832894,"LE2-1171.009","FCM"
1932,0.0277408069377436,-0.122918751151789,"LE2-1171.009","FCM"
1933,-0.566249695693011,-0.338022810771708,"LE2-1171.009","FCM"
1934,-0.0232122190765752,-0.0575118106182258,"LE2-1171.009","FCM"
1935,0.069727411756762,0.0071720669997437,"LE2-1171.009","FCM"
1936,0.238261446118391,-0.159161790575044,"LE2-1171.009","FCM"
1937,0.663727381298005,0.227192314038588,"LE2-1171.009","FCM"
1938,0.513696562374602,0.0994288325689908,"LE2-1171.009","FCM"
1939,0.40775761727845,0.489889889997103,"LE2-1171.009","FCM"
1940,-0.168565752715104,0.141409457761102,"LE2-1171.009","FCM"
1941,0.4161340161175,0.527179645849857,"LE2-1171.009","FCM"
1942,0.753239538004234,0.347444150692446,"LE2-1171.009","FCM"
1943,0.097887740871802,-0.278085831560852,"LE2-1171.009","FCM"
1944,0.338996880948601,0.140641101272242,"LE2-1171.009","FCM"
1945,0.408098797236783,0.811284074376616,"LE2-1171.009","FCM"
1946,0.146609931750424,0.29676643145963,"LE2-1171.009","FCM"
1947,-0.977261305219327,-0.758929742908899,"LE2-1171.009","FCM"
1948,-0.193397254397153,-0.0301876470583409,"LE2-1171.009","FCM"
1949,0.661434272294458,0.898420852304074,"LE2-1171.009","FCM"
1950,0.33186860820646,0.655606576231601,"LE2-1171.009","FCM"
1951,-0.168473891387363,0.214583460580026,"LE2-1171.009","FCM"
1952,0.168175062864528,-0.0572922039510523,"LE2-1171.009","FCM"
1953,-0.0473359964544959,-0.0300241488442261,"LE2-1171.009","FCM"
1954,-0.10094545176213,-0.148358669682112,"LE2-1171.009","FCM"
1955,-0.484513555567958,-0.475447048775569,"LE2-1171.009","FCM"
1956,-0.119494706735792,0.193500630567753,"LE2-1171.009","FCM"
1957,-0.30574819744697,0.0628595564014495,"LE2-1171.009","FCM"
1958,0.261880661929842,0.424266397316135,"LE2-1171.009","FCM"
1959,0.403608902086396,0.0831495280945825,"LE2-1171.009","FCM"
1960,0.0195881790206325,-0.235732924175958,"LE2-1171.009","FCM"
1961,0.93847855396579,1.0957421792402,"LE2-1171.009","FCM"
1962,0.154060429762307,0.197397271171952,"LE2-1171.009","FCM"
1963,-0.164136128937133,0.127790787718498,"LE2-1171.009","FCM"
1964,-0.353288201894998,-0.486500078056866,"LE2-1171.009","FCM"
1965,0.0881687667875317,-0.0101634638373728,"LE2-1171.009","FCM"
1966,0.413280764930585,-0.170055683117481,"LE2-1171.009","FCM"
1967,-0.090631134019374,-0.288990788728662,"LE2-1171.009","FCM"
1968,0.008215686866485,-0.136534185646792,"LE2-1171.009","FCM"
1969,-0.392843519512583,-0.450127576488024,"LE2-1171.009","FCM"
1970,-0.438942639396585,-0.525786170120174,"LE2-1171.009","FCM"
1971,-0.404347691798779,-0.139948288988991,"LE2-1171.009","FCM"
1972,0.0170060350875011,0.494552857110885,"LE2-1171.009","FCM"
1973,0.643545130731384,-0.247036217628413,"LE2-1171.009","FCM"
1974,-0.655311670286752,-1.15042782984653,"LE2-1171.009","FCM"
1975,-1.48867066936536,-1.34847114554821,"LE2-1171.009","FCM"
1976,-1.08412796654915,-1.12722752125306,"LE2-1171.009","FCM"
1977,-0.323401743950464,-0.646177154546439,"LE2-1171.009","FCM"
1978,-0.603419612460895,-0.72328172541024,"LE2-1171.009","FCM"
1979,-0.771138055293444,-0.822138009124935,"LE2-1171.009","FCM"
1980,0.0103443901327672,0.0700394611791971,"LE2-1171.009","FCM"
1981,0.0767249155856735,0.147719286780922,"LE2-1171.009","FCM"
1982,-0.284207483465621,0.0517315107832185,"LE2-1171.009","FCM"
1983,0.117114313200332,0.18386315917419,"LE2-1171.009","FCM"
1984,0.69290027889924,0.433292802890106,"LE2-1171.009","FCM"
1985,0.928815930438816,0.599676198927119,"LE2-1171.009","FCM"
1986,0.792953012711647,0.580074481651969,"LE2-1171.009","FCM"
1987,0.633205975208817,0.140603414064018,"LE2-1171.009","FCM"
1988,0.368679741231439,-0.168162693582379,"LE2-1171.009","FCM"
1989,0.0938471906021139,0.314304859324332,"LE2-1171.009","FCM"
1990,0.270109366042277,0.557670976176878,"LE2-1171.009","FCM"
1991,0.960047723675459,1.17811406614713,"LE2-1171.009","FCM"
1992,0.591742458129112,0.458983204850528,"LE2-1171.009","FCM"
1993,0.558487377697054,0.313050625780135,"LE2-1171.009","FCM"
1994,0.0548271424979826,-0.271936888313576,"LE2-1171.009","FCM"
1995,-0.589200922129774,-0.372378231554561,"LE2-1171.009","FCM"
1996,-0.497466280755818,-0.0396201387584872,"LE2-1171.009","FCM"
1997,-0.275409525192775,0.533629167630354,"LE2-1171.009","FCM"
1998,-0.344538994252245,0.256468343502926,"LE2-1171.009","FCM"
1999,-0.824308487414681,-0.325645010311261,"LE2-1171.009","FCM"
2000,-0.495025545584131,-0.372980623871278,"LE2-1171.009","FCM"
2001,-0.290231162662369,-0.442660225953474,"LE2-1171.009","FCM"
2002,-0.200234122298584,0.0973898775789871,"LE2-1171.009","FCM"
2003,-0.564892382365599,0.216887980409515,"LE2-1171.009","FCM"
2004,0.335777634303192,0.759830147517747,"LE2-1171.009","FCM"
2005,0.645610934170914,0.945372039668307,"LE2-1171.009","FCM"
2006,0.22272959916795,0.433898062081694,"LE2-1171.009","FCM"
2007,-0.158135399579898,0.199541847876375,"LE2-1171.009","FCM"
2008,0.645136677825888,0.833223694873211,"LE2-1171.009","FCM"
2009,1.11445519705354,1.58160508843981,"LE2-1171.009","FCM"
2010,0.981033972108531,1.10314321207897,"LE2-1171.009","FCM"
2011,0.964010397333271,0.653196308213243,"LE2-1171.009","FCM"
2012,0.973601160864226,0.52578464087995,"LE2-1171.009","FCM"
2013,0.54284998859088,0.0114531170676228,"LE2-1171.009","FCM"
2014,-0.693422382927161,-0.411078660701832,"LE2-1171.009","FCM"
1851,-0.489925655361542,-1.11786380553505,"LE2-1191.010","FCM"
1852,-0.547958192528076,-1.07781629427781,"LE2-1191.010","FCM"
1853,-1.09726502252202,-0.714153000234643,"LE2-1191.010","FCM"
1854,-0.696333466870815,-0.208372621406742,"LE2-1191.010","FCM"
1855,-0.488437501128158,-0.128489594865395,"LE2-1191.010","FCM"
1856,-0.588407367868288,0.26001970655331,"LE2-1191.010","FCM"
1857,0.247534740164692,0.715142512691406,"LE2-1191.010","FCM"
1858,0.209488681107918,0.0152034013468769,"LE2-1191.010","FCM"
1859,-0.678178628073462,-0.0652955557650563,"LE2-1191.010","FCM"
1860,-0.324636962297364,0.44533204945555,"LE2-1191.010","FCM"
1861,-0.152796042247965,0.084712695015906,"LE2-1191.010","FCM"
1862,-0.050367357284802,-0.231353896388105,"LE2-1191.010","FCM"
1863,1.04900850605573,0.795425743110493,"LE2-1191.010","FCM"
1864,0.347281498904042,0.18164723997423,"LE2-1191.010","FCM"
1865,0.0884715505277648,-0.0842400866157638,"LE2-1191.010","FCM"
1866,0.0772044486516811,-0.619140190113155,"LE2-1191.010","FCM"
1867,-0.346050976582066,-0.609265844666236,"LE2-1191.010","FCM"
1868,0.21097651354287,-0.289622158888074,"LE2-1191.010","FCM"
1869,1.19685984372944,0.579831701750718,"LE2-1191.010","FCM"
1870,1.12615024038371,0.594915768853927,"LE2-1191.010","FCM"
1871,-0.0143391865209086,0.0751011253266263,"LE2-1191.010","FCM"
1872,-0.748051929493601,-0.266954096217785,"LE2-1191.010","FCM"
1873,0.278924881220565,0.29321346079091,"LE2-1191.010","FCM"
1874,-0.140669579919197,0.190502757966763,"LE2-1191.010","FCM"
1875,-0.166399390775052,0.0400308437794158,"LE2-1191.010","FCM"
1876,0.120100907960049,-0.00691974403758984,"LE2-1191.010","FCM"
1877,-0.403950281850789,-0.45625400576432,"LE2-1191.010","FCM"
1878,-0.936449552913454,-1.20343850716472,"LE2-1191.010","FCM"
1879,-0.69519292417606,-0.574404111029418,"LE2-1191.010","FCM"
1880,-0.543649658939969,-0.151918594967495,"LE2-1191.010","FCM"
1881,-0.61016159626131,-0.651876689177427,"LE2-1191.010","FCM"
1882,0.428884608821725,-0.161592387333653,"LE2-1191.010","FCM"
1883,0.309521975271237,0.319390213054726,"LE2-1191.010","FCM"
1884,0.462819722017176,0.252565349238844,"LE2-1191.010","FCM"
1885,-0.219388509729907,-0.425772219035436,"LE2-1191.010","FCM"
1886,0.431166883848427,0.652349767406685,"LE2-1191.010","FCM"
1887,0.0884677123647021,-0.336690748448257,"LE2-1191.010","FCM"
1888,0.640977807656589,0.357016394166974,"LE2-1191.010","FCM"
1889,0.621550351516872,-0.305617809387842,"LE2-1191.010","FCM"
1890,0.0359546260423628,-0.277866620433138,"LE2-1191.010","FCM"
1891,-0.476310451197151,-0.422248503202882,"LE2-1191.010","FCM"
1892,-0.260523442766157,-0.0396039632483338,"LE2-1191.010","FCM"
1893,-0.472780510416165,0.13826086855545,"LE2-1191.010","FCM"
1894,-0.249173399958791,0.0276364774677635,"LE2-1191.010","FCM"
1895,-1.06865636088768,-0.233466629442437,"LE2-1191.010","FCM"
1896,-0.101773984720574,-0.13871212266218,"LE2-1191.010","FCM"
1897,0.702973528013904,0.525986615957237,"LE2-1191.010","FCM"
1898,0.588327751127535,0.240201743745436,"LE2-1191.010","FCM"
1899,0.928773232066223,1.13733985426497,"LE2-1191.010","FCM"
1900,0.590419543371281,1.02561877938786,"LE2-1191.010","FCM"
1901,0.88566234802203,0.572495683736046,"LE2-1191.010","FCM"
1902,0.10352130213122,-0.0618146094953382,"LE2-1191.010","FCM"
1903,-0.30790295093836,0.0148550316164781,"LE2-1191.010","FCM"
1904,-0.197925305902118,-0.324899693708449,"LE2-1191.010","FCM"
1905,-0.423057600603348,-0.251398594079488,"LE2-1191.010","FCM"
1906,-1.48765117683048,-1.21302422028173,"LE2-1191.010","FCM"
1907,-1.06640060812052,-0.476561985149649,"LE2-1191.010","FCM"
1908,-0.198307568202973,0.378672955046101,"LE2-1191.010","FCM"
1909,-0.237885023964218,-0.23637557571892,"LE2-1191.010","FCM"
1910,-0.0955811272874513,-0.192480466324686,"LE2-1191.010","FCM"
1911,-0.425804948829299,-0.191397888077718,"LE2-1191.010","FCM"
1912,0.0965248966606562,0.14584563676271,"LE2-1191.010","FCM"
1913,0.0919706378332916,0.568836066185933,"LE2-1191.010","FCM"
1914,0.0202094491858047,-0.163595089076228,"LE2-1191.010","FCM"
1915,-0.000220734451221921,-0.383349837775667,"LE2-1191.010","FCM"
1916,-0.0895830604362617,-0.182753815236104,"LE2-1191.010","FCM"
1917,-0.110424790407655,-0.112176087915177,"LE2-1191.010","FCM"
1918,0.770951778607653,0.944172474692468,"LE2-1191.010","FCM"
1919,0.271001524183525,0.203885561142396,"LE2-1191.010","FCM"
1920,0.638970630903743,0.33392101356582,"LE2-1191.010","FCM"
1921,0.397756855086994,0.735565482631965,"LE2-1191.010","FCM"
1922,0.611217656648927,0.281908954793373,"LE2-1191.010","FCM"
1923,-0.169256226654177,-0.432690128451803,"LE2-1191.010","FCM"
1924,-0.459010701079917,-0.737541265180327,"LE2-1191.010","FCM"
1925,-1.81387457167115e-05,0.219917057483951,"LE2-1191.010","FCM"
1926,0.686821892639635,1.02178353827799,"LE2-1191.010","FCM"
1927,0.298932149363732,0.0931976360102514,"LE2-1191.010","FCM"
1928,0.483780707272209,0.947103588273258,"LE2-1191.010","FCM"
1929,0.441847337878977,0.587344192165356,"LE2-1191.010","FCM"
1930,0.34933516687601,0.593540472914099,"LE2-1191.010","FCM"
1931,0.44867099690133,0.0147953383503497,"LE2-1191.010","FCM"
1932,-0.0771623953378923,0.180066820376837,"LE2-1191.010","FCM"
1933,0.235334725963853,-0.0457238297618834,"LE2-1191.010","FCM"
1934,0.178753547528103,-0.118701905937834,"LE2-1191.010","FCM"
1935,-0.813574227134877,-0.729965095540764,"LE2-1191.010","FCM"
1936,-0.596010826415502,0.125625743698054,"LE2-1191.010","FCM"
1937,-0.637164950691599,-0.325149620381065,"LE2-1191.010","FCM"
1938,-0.283837166310014,0.310014515143219,"LE2-1191.010","FCM"
1939,-0.486778422413884,0.164238386332125,"LE2-1191.010","FCM"
1940,0.125014832663102,0.372400620626087,"LE2-1191.010","FCM"
1941,0.21256736390931,0.0285530074498064,"LE2-1191.010","FCM"
1942,0.14665186445144,0.127580912356953,"LE2-1191.010","FCM"
1943,-0.213841662298103,-0.105021294150542,"LE2-1191.010","FCM"
1944,0.529079056356482,0.462908107447772,"LE2-1191.010","FCM"
1945,-0.125689705646484,-0.465723340265242,"LE2-1191.010","FCM"
1946,-0.305487995622266,-0.349627010070662,"LE2-1191.010","FCM"
1947,-0.0126801186001446,-0.0497088960621446,"LE2-1191.010","FCM"
1948,-0.261482780472525,0.64354875387037,"LE2-1191.010","FCM"
1949,0.208357904023145,0.54799431367219,"LE2-1191.010","FCM"
1950,0.649346962355632,0.898613770083249,"LE2-1191.010","FCM"
1951,1.39743555838077,1.51918302579599,"LE2-1191.010","FCM"
1952,1.01477341537666,0.57842423033882,"LE2-1191.010","FCM"
1953,-0.382854183872807,-0.520945942927885,"LE2-1191.010","FCM"
1954,-0.603558732107889,0.390337783857937,"LE2-1191.010","FCM"
1955,-0.784852741960793,-0.252925582845263,"LE2-1191.010","FCM"
1956,0.454915393735171,0.465829702957734,"LE2-1191.010","FCM"
1957,1.42488536699166,0.694441587521608,"LE2-1191.010","FCM"
1958,0.520443708874332,0.437347917599568,"LE2-1191.010","FCM"
1959,-0.269648498440697,-0.657637357500405,"LE2-1191.010","FCM"
1960,-0.434931735189607,-0.865109795079682,"LE2-1191.010","FCM"
1961,-1.33552136709954,-0.840167382810952,"LE2-1191.010","FCM"
1962,-0.878721935718965,-0.425151149136754,"LE2-1191.010","FCM"
1963,-0.149352010847624,-0.228217715647393,"LE2-1191.010","FCM"
1964,-0.291532362204693,-0.0980172523572115,"LE2-1191.010","FCM"
1965,-0.0227077435412933,-0.195043248626226,"LE2-1191.010","FCM"
1966,-0.855492371733853,-0.77438553951888,"LE2-1191.010","FCM"
1967,-0.518089573505168,-0.350277874200877,"LE2-1191.010","FCM"
1968,-0.372880187955369,-0.115216478543717,"LE2-1191.010","FCM"
1969,-0.32688778098012,-0.378966441959471,"LE2-1191.010","FCM"
1970,-0.473818722978373,-0.459242543472861,"LE2-1191.010","FCM"
1971,0.15776667438541,-0.27502906793735,"LE2-1191.010","FCM"
1972,0.34776337717431,0.474278947010026,"LE2-1191.010","FCM"
1973,0.607605037160203,0.60052161565059,"LE2-1191.010","FCM"
1974,-0.181536017430411,-0.293104057413951,"LE2-1191.010","FCM"
1975,0.172807835723083,-0.137933181508526,"LE2-1191.010","FCM"
1976,0.718259868017604,0.263945685146186,"LE2-1191.010","FCM"
1977,0.504420469066382,0.0948006787173564,"LE2-1191.010","FCM"
1978,-0.213437975549625,-0.842608525963374,"LE2-1191.010","FCM"
1979,0.220772487941968,-0.589882669215586,"LE2-1191.010","FCM"
1980,-0.113698675356739,-0.513881944953338,"LE2-1191.010","FCM"
1981,0.0385401495657601,0.270756771906749,"LE2-1191.010","FCM"
1982,-0.148467325594604,0.382092051143011,"LE2-1191.010","FCM"
1983,-0.193960054413322,0.130640465118242,"LE2-1191.010","FCM"
1984,-0.730956172486691,-0.75343573937408,"LE2-1191.010","FCM"
1985,-0.96535379896908,-0.574160797070311,"LE2-1191.010","FCM"
1986,0.0288659411934367,0.11614807145438,"LE2-1191.010","FCM"
1987,-0.480375343076699,-0.714133545936955,"LE2-1191.010","FCM"
1988,-1.15969685211802,-1.07816818784096,"LE2-1191.010","FCM"
1989,-0.314293755681055,-0.426950213650867,"LE2-1191.010","FCM"
1990,0.0776093673441596,0.356322873438664,"LE2-1191.010","FCM"
1991,0.610574415705222,-0.165003640762112,"LE2-1191.010","FCM"
1992,-0.229870233964645,-0.506848765989445,"LE2-1191.010","FCM"
1993,-0.347023271974507,0.228271371457611,"LE2-1191.010","FCM"
1994,-0.486622588534973,-0.565353598367865,"LE2-1191.010","FCM"
1995,-0.176837162235542,-0.108500654563152,"LE2-1191.010","FCM"
1996,0.519916762776963,-0.14974323653058,"LE2-1191.010","FCM"
1997,0.423526014222883,-0.135991752260801,"LE2-1191.010","FCM"
1998,-0.615668142283282,0.0735936933527246,"LE2-1191.010","FCM"
1999,-0.418728570284897,-0.329702948929262,"LE2-1191.010","FCM"
2000,-0.138827386694782,-0.20376249391866,"LE2-1191.010","FCM"
2001,-0.731518850868284,-0.919566066043858,"LE2-1191.010","FCM"
2002,-0.505775120532483,0.0405512873699822,"LE2-1191.010","FCM"
2003,0.190456425548749,0.90916503985113,"LE2-1191.010","FCM"
2004,0.683189606645048,0.72429437335272,"LE2-1191.010","FCM"
2005,0.819185485416569,1.24798552066438,"LE2-1191.010","FCM"
2006,-0.138144616863796,-0.191758023887939,"LE2-1191.010","FCM"
2007,-0.0247035047952384,0.81796910659199,"LE2-1191.010","FCM"
2008,0.243349284203034,0.461209880650881,"LE2-1191.010","FCM"
2009,0.353477279436258,0.0145892629093303,"LE2-1191.010","FCM"
2010,0.179591845207275,0.427713643811388,"LE2-1191.010","FCM"
2011,0.432671653457626,0.827283202750824,"LE2-1191.010","FCM"
2012,0.436715649865774,0.716093581986202,"LE2-1191.010","FCM"
2013,-0.0523161350642207,0.0733862431073961,"LE2-1191.010","FCM"
2014,-0.394139755106514,-0.120604307014712,"LE2-1191.010","FCM"
1851,0.191445118648778,0.183270908635059,"LE2-1231.011","FCM"
1852,-0.0787229734713295,0.256883207490685,"LE2-1231.011","FCM"
1853,-0.118466667576373,-0.159732106377065,"LE2-1231.011","FCM"
1854,-1.17228242095252,-0.45537551302003,"LE2-1231.011","FCM"
1855,-0.378674309781079,0.0826160180642263,"LE2-1231.011","FCM"
1856,0.428382258719165,1.0290927922143,"LE2-1231.011","FCM"
1857,-0.0284930560081244,0.889780188342554,"LE2-1231.011","FCM"
1858,0.533644768902675,0.530240300426648,"LE2-1231.011","FCM"
1859,-0.433459919834074,-0.172051239371127,"LE2-1231.011","FCM"
1860,-0.673053914213126,-0.400678743991576,"LE2-1231.011","FCM"
1861,-0.5955906132866,-0.42949229159534,"LE2-1231.011","FCM"
1862,0.00995669914495198,-0.310331903739569,"LE2-1231.011","FCM"
1863,-0.444260679475939,-0.364654877873256,"LE2-1231.011","FCM"
1864,-0.14209876953396,-0.511757002374725,"LE2-1231.011","FCM"
1865,0.472676168806864,0.488301223583551,"LE2-1231.011","FCM"
1866,1.17210016230008,1.28148181005519,"LE2-1231.011","FCM"
1867,0.609262295773049,0.524136693629413,"LE2-1231.011","FCM"
1868,0.195459650607235,0.235007036062726,"LE2-1231.011","FCM"
1869,0.760828535377097,0.528849915160894,"LE2-1231.011","FCM"
1870,0.0894658497825369,-0.0701008896810885,"LE2-1231.011","FCM"
1871,-0.366788453516294,0.213023251975873,"LE2-1231.011","FCM"
1872,-0.148200671547992,0.476488016674094,"LE2-1231.011","FCM"
1873,0.00520663997795731,0.285298276280056,"LE2-1231.011","FCM"
1874,0.391445410666157,0.412991620784492,"LE2-1231.011","FCM"
1875,0.615775903427566,0.348255299245268,"LE2-1231.011","FCM"
1876,-0.559913651748944,-0.495353870407932,"LE2-1231.011","FCM"
1877,-1.64781734099203,-1.24692504463439,"LE2-1231.011","FCM"
1878,-0.595085837416416,-0.863012013840311,"LE2-1231.011","FCM"
1879,0.19117085746472,0.71283694775113,"LE2-1231.011","FCM"
1880,0.490318489992799,1.15528230800999,"LE2-1231.011","FCM"
1881,0.488022594414567,0.509449710105433,"LE2-1231.011","FCM"
1882,0.23542806604263,0.212906432651062,"LE2-1231.011","FCM"
1883,0.414259208820403,0.441823510450768,"LE2-1231.011","FCM"
1884,0.569244851838332,0.439828465948483,"LE2-1231.011","FCM"
1885,0.601438994921649,0.731339061406868,"LE2-1231.011","FCM"
1886,0.927402916569807,0.780110585737245,"LE2-1231.011","FCM"
1887,0.120926821935782,0.357167434687408,"LE2-1231.011","FCM"
1888,0.0207647769269158,0.204379783085522,"LE2-1231.011","FCM"
1889,-0.0397276798907014,-0.164571870083495,"LE2-1231.011","FCM"
1890,-0.628728543172062,-0.698142396386568,"LE2-1231.011","FCM"
1891,-0.118352515723182,0.188565907828426,"LE2-1231.011","FCM"
1892,-0.94299283420324,-0.820985062764579,"LE2-1231.011","FCM"
1893,0.098736541839992,-0.281154330596113,"LE2-1231.011","FCM"
1894,-0.052299741546451,-0.446236221332271,"LE2-1231.011","FCM"
1895,-0.0653425756082414,0.229063142742444,"LE2-1231.011","FCM"
1896,-0.594287058899695,-0.55165336105114,"LE2-1231.011","FCM"
1897,-0.358881926340326,-0.534549409769314,"LE2-1231.011","FCM"
1898,-1.00193199566479,-0.452732359858438,"LE2-1231.011","FCM"
1899,-0.517004798336278,-0.560155414428393,"LE2-1231.011","FCM"
1900,0.327809799697548,0.679206445872817,"LE2-1231.011","FCM"
1901,0.605645953794121,0.973298460669432,"LE2-1231.011","FCM"
1902,0.975476396325422,0.45671783914253,"LE2-1231.011","FCM"
1903,-0.482150044654441,-0.634538071817455,"LE2-1231.011","FCM"
1904,-0.654733379872478,-0.275208266143268,"LE2-1231.011","FCM"
1905,-0.256462560595225,-0.165635988880665,"LE2-1231.011","FCM"
1906,-0.366206170704936,-0.624686031834836,"LE2-1231.011","FCM"
1907,-1.36561739428713,-1.53902105424727,"LE2-1231.011","FCM"
1908,-1.21514611003898,-0.982165904361131,"LE2-1231.011","FCM"
1909,0.116823040460172,0.522381353919991,"LE2-1231.011","FCM"
1910,0.130873378671311,-0.270108674197875,"LE2-1231.011","FCM"
1911,0.257943473162761,0.146689728322665,"LE2-1231.011","FCM"
1912,0.187012981040602,0.330720250487106,"LE2-1231.011","FCM"
1913,-0.480286107822442,-0.313276044770649,"LE2-1231.011","FCM"
1914,-0.267401181980035,-0.213507533644263,"LE2-1231.011","FCM"
1915,-0.539392852610421,-0.361313741185514,"LE2-1231.011","FCM"
1916,-0.0823358957133602,-0.405509695182754,"LE2-1231.011","FCM"
1917,-0.360613325425543,-0.512819157954542,"LE2-1231.011","FCM"
1918,0.373197108913725,-0.101104528790076,"LE2-1231.011","FCM"
1919,0.329108124126668,-0.190659755867473,"LE2-1231.011","FCM"
1920,0.962540414720615,0.636167007332567,"LE2-1231.011","FCM"
1921,1.09815367597102,1.46467821599818,"LE2-1231.011","FCM"
1922,0.609822505391258,0.446401868041166,"LE2-1231.011","FCM"
1923,-0.073947772428922,-0.297705911753992,"LE2-1231.011","FCM"
1924,0.736805008560726,0.184454834423788,"LE2-1231.011","FCM"
1925,0.00872170513158549,-0.347058636570005,"LE2-1231.011","FCM"
1926,-1.41486603113931,-1.15990077612536,"LE2-1231.011","FCM"
1927,-1.64551811827537,-1.54597206057187,"LE2-1231.011","FCM"
1928,-0.816175105272061,-0.262428102353629,"LE2-1231.011","FCM"
1929,0.480243769379687,1.25785300173331,"LE2-1231.011","FCM"
1930,-0.0688367240521617,-0.56935903758595,"LE2-1231.011","FCM"
1931,-0.233067299699695,-0.45235765732039,"LE2-1231.011","FCM"
1932,0.302933695017932,0.557377295073246,"LE2-1231.011","FCM"
1933,-0.0440106163170284,-0.500929093440872,"LE2-1231.011","FCM"
1934,0.0670292752922253,-0.0482950177871828,"LE2-1231.011","FCM"
1935,-0.0844771781030997,-0.294189603767068,"LE2-1231.011","FCM"
1936,-0.414440034550269,-0.227815355383034,"LE2-1231.011","FCM"
1937,-0.156590197330479,-0.00715856355298461,"LE2-1231.011","FCM"
1938,0.261138818878574,0.372311587339417,"LE2-1231.011","FCM"
1939,-0.223429705180439,-0.399649889817443,"LE2-1231.011","FCM"
1940,-0.155348485887347,-0.106853790115625,"LE2-1231.011","FCM"
1941,0.0637802198322696,-0.218626483384755,"LE2-1231.011","FCM"
1942,0.939672246503834,0.801061469029211,"LE2-1231.011","FCM"
1943,-0.0832311363432982,-0.124451265349953,"LE2-1231.011","FCM"
1944,0.63723735650621,-0.260248193458337,"LE2-1231.011","FCM"
1945,0.225359771321991,0.219895641435925,"LE2-1231.011","FCM"
1946,-0.29588663597995,-0.362140133519661,"LE2-1231.011","FCM"
1947,0.713934015661612,0.0649171257390371,"LE2-1231.011","FCM"
1948,-0.460944810733424,-0.450252958595369,"LE2-1231.011","FCM"
1949,-0.370675401768482,-0.0609797813477545,"LE2-1231.011","FCM"
1950,0.586432448157062,-0.10051655245074,"LE2-1231.011","FCM"
1951,0.0767381921914151,-0.421248977100482,"LE2-1231.011","FCM"
1952,0.525413202712853,-0.268090480996257,"LE2-1231.011","FCM"
1953,0.750758188704128,0.107007116110726,"LE2-1231.011","FCM"
1954,0.151878539380786,-0.0363294277106143,"LE2-1231.011","FCM"
1955,-0.0901818174922999,-0.543765810195277,"LE2-1231.011","FCM"
1956,-0.424144556770186,-0.471494420694723,"LE2-1231.011","FCM"
1957,-0.0264113181639198,-0.752030211210301,"LE2-1231.011","FCM"
1958,0.250093681806159,0.124914212206447,"LE2-1231.011","FCM"
1959,-0.156104569534813,-0.388778912765996,"LE2-1231.011","FCM"
1960,-0.0757387077379019,0.37347256116551,"LE2-1231.011","FCM"
1961,0.659916602632574,1.33018374677405,"LE2-1231.011","FCM"
1962,-0.110756376953265,0.367444367591099,"LE2-1231.011","FCM"
1963,0.716098973087299,0.852011583087106,"LE2-1231.011","FCM"
1964,0.0402776482632331,0.136494893854732,"LE2-1231.011","FCM"
1965,-0.00701775580150402,0.521259957171965,"LE2-1231.011","FCM"
1966,0.409432402557566,-0.149545593104407,"LE2-1231.011","FCM"
1967,1.02227655766079,0.787820290978849,"LE2-1231.011","FCM"
1968,0.854205738497135,0.204960963726964,"LE2-1231.011","FCM"
1969,0.531780848090484,0.699017842039363,"LE2-1231.011","FCM"
1970,0.779714911830663,0.654872071442807,"LE2-1231.011","FCM"
1971,0.594137477953694,0.369845421636975,"LE2-1231.011","FCM"
1972,-0.888379204122316,-1.12265457427501,"LE2-1231.011","FCM"
1973,-1.32341997353772,-1.04348687947045,"LE2-1231.011","FCM"
1974,-1.67383182838005,-1.50401982434967,"LE2-1231.011","FCM"
1975,-0.490786728556118,-0.520380372517735,"LE2-1231.011","FCM"
1976,0.131413854990696,-0.0195730575547881,"LE2-1231.011","FCM"
1977,0.358169127314846,-0.0651397320383409,"LE2-1231.011","FCM"
1978,-0.137183171580351,-0.469597940437929,"LE2-1231.011","FCM"
1979,-0.495534237783755,-0.338505186768941,"LE2-1231.011","FCM"
1980,0.520079684427805,0.510579767038842,"LE2-1231.011","FCM"
1981,0.366024367595176,0.659937885224321,"LE2-1231.011","FCM"
1982,-0.132951258591507,0.277107712794896,"LE2-1231.011","FCM"
1983,-0.294111751185499,0.311892056154267,"LE2-1231.011","FCM"
1984,0.0961903895545312,-0.141317772802072,"LE2-1231.011","FCM"
1985,-0.461382792627278,-0.692583407877731,"LE2-1231.011","FCM"
1986,-1.41573313474823,-1.4076302480862,"LE2-1231.011","FCM"
1987,-0.760172538347295,-0.993227915014046,"LE2-1231.011","FCM"
1988,-0.375969020421747,-0.515891594196156,"LE2-1231.011","FCM"
1989,-0.827246058602377,-0.218668301647819,"LE2-1231.011","FCM"
1990,-0.406155697214333,0.28261435278965,"LE2-1231.011","FCM"
1991,0.519410371353655,0.309092857602442,"LE2-1231.011","FCM"
1992,0.186859551372187,-0.0393700941711045,"LE2-1231.011","FCM"
1993,0.318433479148868,0.309576442589196,"LE2-1231.011","FCM"
1994,0.797393890152417,0.716266096330064,"LE2-1231.011","FCM"
1995,0.341374527127437,0.221070087545151,"LE2-1231.011","FCM"
1996,-1.02153923728844,-0.59602731028104,"LE2-1231.011","FCM"
1997,-0.524198173479138,-0.179515798505977,"LE2-1231.011","FCM"
1998,0.324499875823295,0.328523528284825,"LE2-1231.011","FCM"
1999,0.371359128971504,0.154264832434059,"LE2-1231.011","FCM"
2000,-0.595385577462648,-0.211647561478767,"LE2-1231.011","FCM"
2001,-0.912259807142104,-0.315474421143531,"LE2-1231.011","FCM"
2002,-0.279983319773422,-0.086179531757381,"LE2-1231.011","FCM"
2003,-0.274140971203076,0.242664358555475,"LE2-1231.011","FCM"
2004,-0.443041542625276,0.500880897554759,"LE2-1231.011","FCM"
2005,0.354241212148046,0.809395438601074,"LE2-1231.011","FCM"
2006,-0.184096299632902,0.683114055160537,"LE2-1231.011","FCM"
2007,0.0486284414758548,-0.095521158750468,"LE2-1231.011","FCM"
2008,0.126028019931861,0.475708933654879,"LE2-1231.011","FCM"
2009,0.219675146395423,0.806217922798463,"LE2-1231.011","FCM"
2010,0.803608332485285,1.12925812134883,"LE2-1231.011","FCM"
2011,0.404637939522979,0.571561171859405,"LE2-1231.011","FCM"
2012,-0.168549128192568,0.160808940749523,"LE2-1231.011","FCM"
2013,0.682345533886433,1.21758914484649,"LE2-1231.011","FCM"
2014,0.916463986114728,1.97406710748757,"LE2-1231.011","FCM"
1851,-0.409568505954354,-0.0180956163293224,"LE2-1231.012","FCM"
1852,-0.115517847775511,0.710232305325817,"LE2-1231.012","FCM"
1853,0.268480815207219,-0.0625821640547736,"LE2-1231.012","FCM"
1854,0.293641172502235,-0.261811157374894,"LE2-1231.012","FCM"
1855,0.406459543697406,0.487802021644361,"LE2-1231.012","FCM"
1856,-0.385014517779075,-0.490560366526274,"LE2-1231.012","FCM"
1857,-0.518488530848002,-0.486901362597169,"LE2-1231.012","FCM"
1858,-0.460111499043968,-0.678022287901537,"LE2-1231.012","FCM"
1859,0.188369139523532,0.0290030043133504,"LE2-1231.012","FCM"
1860,0.183385365535669,-0.14521321032847,"LE2-1231.012","FCM"
1861,-0.443156483450468,-0.0236194018127462,"LE2-1231.012","FCM"
1862,0.12653676019321,0.14065498136463,"LE2-1231.012","FCM"
1863,-0.291150159928041,-0.520784802386871,"LE2-1231.012","FCM"
1864,-1.1747295277841,-0.879196912650734,"LE2-1231.012","FCM"
1865,-1.69867832387672,-1.33454589532521,"LE2-1231.012","FCM"
1866,-1.35216881115653,-1.03306498811544,"LE2-1231.012","FCM"
1867,-0.433872740401565,-0.497444890895762,"LE2-1231.012","FCM"
1868,0.18405133097117,-0.11416026673203,"LE2-1231.012","FCM"
1869,-0.177766712475569,-0.149046262740927,"LE2-1231.012","FCM"
1870,-0.652850179563369,-0.040375101446153,"LE2-1231.012","FCM"
1871,0.729014999568713,0.166688237415929,"LE2-1231.012","FCM"
1872,1.04124573667483,0.878622763423654,"LE2-1231.012","FCM"
1873,-0.172023835850723,-0.295415915069675,"LE2-1231.012","FCM"
1874,0.496412197821598,0.118720869623053,"LE2-1231.012","FCM"
1875,0.447885545213157,0.264747950206358,"LE2-1231.012","FCM"
1876,0.922357589307484,0.83992121581786,"LE2-1231.012","FCM"
1877,0.279812758293027,-0.30790991507997,"LE2-1231.012","FCM"
1878,0.582854230942315,0.252059058633708,"LE2-1231.012","FCM"
1879,-0.361935634099868,0.210468818599853,"LE2-1231.012","FCM"
1880,-0.290558294015639,-0.26913479921024,"LE2-1231.012","FCM"
1881,0.236431447891365,0.31262306020303,"LE2-1231.012","FCM"
1882,0.439452640370247,0.270887512182557,"LE2-1231.012","FCM"
1883,-0.541592284461708,-0.124908708503932,"LE2-1231.012","FCM"
1884,-0.935428963725466,-0.562579104696407,"LE2-1231.012","FCM"
1885,0.0782113389779829,0.278462604004321,"LE2-1231.012","FCM"
1886,-0.00703532901757165,0.206626238805363,"LE2-1231.012","FCM"
1887,-0.224956602077082,-0.0510232224116213,"LE2-1231.012","FCM"
1888,-0.924868006387641,-0.559558593271595,"LE2-1231.012","FCM"
1889,-0.244255583387799,0.37150067769341,"LE2-1231.012","FCM"
1890,-0.860632494561587,-0.578998999580148,"LE2-1231.012","FCM"
1891,-0.859527978830466,-0.159586891392928,"LE2-1231.012","FCM"
1892,-1.02540087405179,-0.325964268475159,"LE2-1231.012","FCM"
1893,-0.675283755389968,-0.350637588319379,"LE2-1231.012","FCM"
1894,0.29154593456994,0.338682209356207,"LE2-1231.012","FCM"
1895,-0.137303417019121,-0.554685760402732,"LE2-1231.012","FCM"
1896,0.806133945557773,0.440307526331193,"LE2-1231.012","FCM"
1897,0.186739472640095,0.0784409546787363,"LE2-1231.012","FCM"
1898,-0.393756425479008,0.149117192055411,"LE2-1231.012","FCM"
1899,0.18781210519103,0.178764180838883,"LE2-1231.012","FCM"
1900,0.374695386716595,-0.506799455301609,"LE2-1231.012","FCM"
1901,0.258753964113696,-0.360499622513078,"LE2-1231.012","FCM"
1902,-0.675233248395648,-0.73887015326022,"LE2-1231.012","FCM"
1903,-1.37452210980042,-0.923178909032062,"LE2-1231.012","FCM"
1904,-0.812363788168032,-0.13063059080834,"LE2-1231.012","FCM"
1905,-0.912489527843024,-0.739522921687984,"LE2-1231.012","FCM"
1906,-0.72481517333356,-1.02592473330132,"LE2-1231.012","FCM"
1907,0.454549714813962,-0.278854464401798,"LE2-1231.012","FCM"
1908,-0.244001339569676,-0.315527629231262,"LE2-1231.012","FCM"
1909,-0.463848558610526,-0.76708469702693,"LE2-1231.012","FCM"
1910,-0.546324426010872,-0.442888943927752,"LE2-1231.012","FCM"
1911,0.133305741937632,-0.194814410953819,"LE2-1231.012","FCM"
1912,-0.273542552715814,-0.571886517242236,"LE2-1231.012","FCM"
1913,0.20493762100495,0.726303005805613,"LE2-1231.012","FCM"
1914,0.136688645257785,0.162723375776092,"LE2-1231.012","FCM"
1915,0.0709048597837793,-0.511360731700187,"LE2-1231.012","FCM"
1916,0.514882088669309,-0.202227242391625,"LE2-1231.012","FCM"
1917,0.272995443258341,0.0541335141220457,"LE2-1231.012","FCM"
1918,-0.909495965198652,-0.638061481616711,"LE2-1231.012","FCM"
1919,-1.12165053846726,-0.413532863821709,"LE2-1231.012","FCM"
1920,-0.676404830161757,-0.0605256768658222,"LE2-1231.012","FCM"
1921,-0.117039831540613,0.379182034617538,"LE2-1231.012","FCM"
1922,0.257349847619068,0.801430453580636,"LE2-1231.012","FCM"
1923,0.320801626521911,0.108713711629164,"LE2-1231.012","FCM"
1924,0.218476409029882,-0.225723573620397,"LE2-1231.012","FCM"
1925,0.0337950490189915,-0.336851159024588,"LE2-1231.012","FCM"
1926,0.207856752908659,-0.384003280772073,"LE2-1231.012","FCM"
1927,-0.187601486062778,-0.228985481473673,"LE2-1231.012","FCM"
1928,0.162349340341038,-0.304400175799606,"LE2-1231.012","FCM"
1929,0.243363013385836,0.0352835607020914,"LE2-1231.012","FCM"
1930,0.546403192098507,0.304358292633195,"LE2-1231.012","FCM"
1931,-0.307985825382215,-0.990418758735155,"LE2-1231.012","FCM"
1932,-0.443550832473838,-0.528624660708706,"LE2-1231.012","FCM"
1933,-0.0554985494683722,0.1106042530027,"LE2-1231.012","FCM"
1934,-0.250439660551673,0.103810372668837,"LE2-1231.012","FCM"
1935,-0.183304460739742,-0.139698945125862,"LE2-1231.012","FCM"
1936,0.331413910359432,-0.179042576088718,"LE2-1231.012","FCM"
1937,0.835045585887426,0.677102498137747,"LE2-1231.012","FCM"
1938,0.854670088456156,1.01516803064184,"LE2-1231.012","FCM"
1939,0.148179671085903,0.64475232232483,"LE2-1231.012","FCM"
1940,-0.250204937750749,0.359233398212622,"LE2-1231.012","FCM"
1941,0.697769527367777,1.1102742174062,"LE2-1231.012","FCM"
1942,0.974433006840041,0.851693430944158,"LE2-1231.012","FCM"
1943,0.347132477359342,0.802347307354626,"LE2-1231.012","FCM"
1944,0.776167134307502,0.764952739374855,"LE2-1231.012","FCM"
1945,-0.298341302299471,-0.00254891655505314,"LE2-1231.012","FCM"
1946,-0.157936510247661,0.334306062190475,"LE2-1231.012","FCM"
1947,-0.00554569694601953,0.30378230183639,"LE2-1231.012","FCM"
1948,0.38374531619599,0.951879620598099,"LE2-1231.012","FCM"
1949,0.597620536058281,0.370453411969101,"LE2-1231.012","FCM"
1950,0.479445548226722,0.221086780992159,"LE2-1231.012","FCM"
1951,1.03675903969529,1.01419001550866,"LE2-1231.012","FCM"
1952,1.00025856009084,0.0775246469489302,"LE2-1231.012","FCM"
1953,-0.0640316522303222,-0.360486340896655,"LE2-1231.012","FCM"
1954,-0.22969058358494,0.0826850741539713,"LE2-1231.012","FCM"
1955,-0.0300206263938183,-0.994105041256792,"LE2-1231.012","FCM"
1956,-0.449296426744307,-1.08324870423094,"LE2-1231.012","FCM"
1957,-0.209656392730609,-0.495154113048945,"LE2-1231.012","FCM"
1958,-0.572700736487442,-0.801055462943227,"LE2-1231.012","FCM"
1959,-0.349712270660065,-0.593221669680804,"LE2-1231.012","FCM"
1960,-0.92342053283856,-0.623129638894685,"LE2-1231.012","FCM"
1961,-0.675530776342722,-0.75137983787248,"LE2-1231.012","FCM"
1962,0.623742318734085,0.31733626644176,"LE2-1231.012","FCM"
1963,-0.0484542774765379,0.122561110583456,"LE2-1231.012","FCM"
1964,0.200920668115821,0.184127230585677,"LE2-1231.012","FCM"
1965,-0.0215170633071136,-0.15233041328248,"LE2-1231.012","FCM"
1966,0.643927502993964,0.97026721857021,"LE2-1231.012","FCM"
1967,-0.0278929940127302,0.0931886224732034,"LE2-1231.012","FCM"
1968,-0.515024633826947,-0.62520850320189,"LE2-1231.012","FCM"
1969,-0.755838366309374,-0.656780254254222,"LE2-1231.012","FCM"
1970,-0.811696872488445,-0.397070806540521,"LE2-1231.012","FCM"
1971,-0.506531123176873,-0.439012748333097,"LE2-1231.012","FCM"
1972,-0.902436527883146,0.198808136877163,"LE2-1231.012","FCM"
1973,0.386629175969436,1.05638741915075,"LE2-1231.012","FCM"
1974,1.08886623930926,1.06210423449683,"LE2-1231.012","FCM"
1975,1.15983608582929,0.839923988384646,"LE2-1231.012","FCM"
1976,1.18805034122785,0.57535017400449,"LE2-1231.012","FCM"
1977,-0.506818816687003,-0.707134054406363,"LE2-1231.012","FCM"
1978,-0.416608934738195,-0.941234636959711,"LE2-1231.012","FCM"
1979,-0.2704771882978,-0.251275277279305,"LE2-1231.012","FCM"
1980,-1.01901184133564,-0.636092095326224,"LE2-1231.012","FCM"
1981,-0.647692205435025,-0.813706271816547,"LE2-1231.012","FCM"
1982,-1.21659984088037,-0.405638334894905,"LE2-1231.012","FCM"
1983,-0.189175499541917,-0.180752579653502,"LE2-1231.012","FCM"
1984,0.283143456626531,-0.0519166166291812,"LE2-1231.012","FCM"
1985,0.516567608766948,-0.115759796564806,"LE2-1231.012","FCM"
1986,0.229754498677211,-0.186783824858085,"LE2-1231.012","FCM"
1987,-0.790269876514,-0.90766818679731,"LE2-1231.012","FCM"
1988,-0.867482598035367,-0.0554523770590049,"LE2-1231.012","FCM"
1989,-0.313121005722814,0.0130630435914742,"LE2-1231.012","FCM"
1990,-0.192726006178494,-0.556214460834102,"LE2-1231.012","FCM"
1991,0.166073118171086,-0.813657126067123,"LE2-1231.012","FCM"
1992,0.0239794281065483,-0.425272853139123,"LE2-1231.012","FCM"
1993,0.468657708864842,-0.217403928026002,"LE2-1231.012","FCM"
1994,0.631880844202934,-0.139990033696697,"LE2-1231.012","FCM"
1995,-0.228652959961575,-0.268820834065847,"LE2-1231.012","FCM"
1996,-0.831378416798293,-0.741100203455994,"LE2-1231.012","FCM"
1997,-0.943889384172173,-0.768022025225598,"LE2-1231.012","FCM"
1998,-0.284689898783938,-0.381292232107457,"LE2-1231.012","FCM"
1999,-0.4808902406557,-0.64440975371627,"LE2-1231.012","FCM"
2000,0.311460576270041,0.468470690389084,"LE2-1231.012","FCM"
2001,-0.0429044907807482,0.115008189013952,"LE2-1231.012","FCM"
2002,0.365412711433529,0.0894818925828575,"LE2-1231.012","FCM"
2003,0.506070852830062,0.286766151451145,"LE2-1231.012","FCM"
2004,0.395672261496552,0.705789269616826,"LE2-1231.012","FCM"
2005,-0.174507209453866,0.571231815184054,"LE2-1231.012","FCM"
2006,-0.0662670168047834,1.22215241710106,"LE2-1231.012","FCM"
2007,0.191899361200797,0.280920784408845,"LE2-1231.012","FCM"
2008,-0.275930523790552,-0.0182141888903606,"LE2-1231.012","FCM"
2009,0.190237359312546,0.797079987285158,"LE2-1231.012","FCM"
2010,0.267199416171301,0.159304958624854,"LE2-1231.012","FCM"
2011,-0.286568504643225,-0.110681819134162,"LE2-1231.012","FCM"
2012,-0.953618317436315,-0.301554699980029,"LE2-1231.012","FCM"
2013,0.346037366949969,0.720718949361546,"LE2-1231.012","FCM"
2014,0.632128061190551,0.879688500717986,"LE2-1231.012","FCM"
1851,-0.652405154806508,-0.317680334989573,"LE2-1231.013","FCM"
1852,0.546738075518037,1.06872631491991,"LE2-1231.013","FCM"
1853,0.0473309390722381,-0.191367398108753,"LE2-1231.013","FCM"
1854,-0.500494060961743,0.444146866971099,"LE2-1231.013","FCM"
1855,-0.482723020876801,-0.204018442878696,"LE2-1231.013","FCM"
1856,-0.160382995553132,0.10271931102576,"LE2-1231.013","FCM"
1857,0.148275342645701,0.332588005843188,"LE2-1231.013","FCM"
1858,-0.651613810827661,-0.342574383445932,"LE2-1231.013","FCM"
1859,0.0637061065374437,0.504383606663052,"LE2-1231.013","FCM"
1860,0.617448360736342,0.709220389329752,"LE2-1231.013","FCM"
1861,0.183557293281376,0.367692455839589,"LE2-1231.013","FCM"
1862,-0.660795023627522,-0.960493437461103,"LE2-1231.013","FCM"
1863,-0.429584233941898,-0.159530562374237,"LE2-1231.013","FCM"
1864,-0.366457284337121,-0.807931521416992,"LE2-1231.013","FCM"
1865,-0.187802536381936,-0.532252164994458,"LE2-1231.013","FCM"
1866,-0.218158642895323,-0.528556732173757,"LE2-1231.013","FCM"
1867,0.0849339792869907,0.0618657941125674,"LE2-1231.013","FCM"
1868,0.252253471431937,-0.713541880014753,"LE2-1231.013","FCM"
1869,0.306700950029181,-0.255311257824443,"LE2-1231.013","FCM"
1870,-0.347417202631646,-0.885936304599948,"LE2-1231.013","FCM"
1871,-0.470922709759815,0.252561449134219,"LE2-1231.013","FCM"
1872,-0.100682592202658,0.263316173731438,"LE2-1231.013","FCM"
1873,0.166598860638984,-0.0905848027119075,"LE2-1231.013","FCM"
1874,-0.177175647961924,-0.0998963441196064,"LE2-1231.013","FCM"
1875,0.188463585512754,-0.240459828651052,"LE2-1231.013","FCM"
1876,-0.340904765247508,-0.661177457896151,"LE2-1231.013","FCM"
1877,-0.0961876967202964,-0.230735048683728,"LE2-1231.013","FCM"
1878,-0.699123272356084,-0.772800736545098,"LE2-1231.013","FCM"
1879,-0.658134557217704,-0.395254166432417,"LE2-1231.013","FCM"
1880,0.279014016469052,-0.328243564663437,"LE2-1231.013","FCM"
1881,-0.783024939960188,-0.831603868044328,"LE2-1231.013","FCM"
1882,-0.716735110722638,-0.383254661243338,"LE2-1231.013","FCM"
1883,-0.306995389034008,-0.624493687320092,"LE2-1231.013","FCM"
1884,-0.899863733342483,-0.898701126720916,"LE2-1231.013","FCM"
1885,-0.878428341332066,-0.602069926615995,"LE2-1231.013","FCM"
1886,-0.42381283500806,-0.559932839540653,"LE2-1231.013","FCM"
1887,-0.561718207048616,-0.682475643115263,"LE2-1231.013","FCM"
1888,-0.017441861544334,-0.310699420703225,"LE2-1231.013","FCM"
1889,0.376358319195795,0.456298781118711,"LE2-1231.013","FCM"
1890,0.48473167292181,0.164712419047721,"LE2-1231.013","FCM"
1891,0.590181713819713,0.510213143161369,"LE2-1231.013","FCM"
1892,0.153490839695619,0.177435799278465,"LE2-1231.013","FCM"
1893,0.0764157747527575,0.335924199112157,"LE2-1231.013","FCM"
1894,0.302039973127728,0.222601247472915,"LE2-1231.013","FCM"
1895,0.194188278049445,0.210031426562125,"LE2-1231.013","FCM"
1896,-0.137844792853475,0.0948773465809895,"LE2-1231.013","FCM"
1897,-0.071221814748621,-0.210562611219899,"LE2-1231.013","FCM"
1898,0.390493967570965,0.194884826992682,"LE2-1231.013","FCM"
1899,0.63813716958973,0.206325241302067,"LE2-1231.013","FCM"
1900,0.161164744490315,0.398784085155151,"LE2-1231.013","FCM"
1901,0.511047648450829,0.496994225425174,"LE2-1231.013","FCM"
1902,0.256654347149299,0.536722524880176,"LE2-1231.013","FCM"
1903,0.197452744580603,-0.0155797136269492,"LE2-1231.013","FCM"
1904,0.787300470304228,0.864537790605763,"LE2-1231.013","FCM"
1905,0.340815705496014,0.767102582797113,"LE2-1231.013","FCM"
1906,0.0749913034070804,0.240501270386597,"LE2-1231.013","FCM"
1907,0.164118492385482,-0.155584858103219,"LE2-1231.013","FCM"
1908,-0.329476129346739,0.152040769265514,"LE2-1231.013","FCM"
1909,-0.139637912782742,-0.15604766820971,"LE2-1231.013","FCM"
1910,-0.346140271753887,-0.534268526785333,"LE2-1231.013","FCM"
1911,-1.12372683297268,-1.09403129299935,"LE2-1231.013","FCM"
1912,-0.713075586369231,-0.807075889354302,"LE2-1231.013","FCM"
1913,0.104281471380015,-0.0842771506890469,"LE2-1231.013","FCM"
1914,0.566780941314279,0.172266643855132,"LE2-1231.013","FCM"
1915,0.243880650764431,-0.148916867420145,"LE2-1231.013","FCM"
1916,0.246738164378161,-0.166187465035298,"LE2-1231.013","FCM"
1917,0.125320551571041,-0.142655882255902,"LE2-1231.013","FCM"
1918,0.183935396379978,0.0410075690256631,"LE2-1231.013","FCM"
1919,-0.108285849253828,0.103907153454517,"LE2-1231.013","FCM"
1920,0.213134722721047,-0.0864161405558045,"LE2-1231.013","FCM"
1921,0.555328161234308,1.13687792690929,"LE2-1231.013","FCM"
1922,-0.198710258493854,-0.431826247908239,"LE2-1231.013","FCM"
1923,-0.118380781149658,-0.475676026430147,"LE2-1231.013","FCM"
1924,-0.455262467324421,-0.498077473620455,"LE2-1231.013","FCM"
1925,-0.0968205175289162,0.450097991232491,"LE2-1231.013","FCM"
1926,0.227600531392071,0.253959775043188,"LE2-1231.013","FCM"
1927,-0.0370565087542088,0.223974529265316,"LE2-1231.013","FCM"
1928,0.122854656831562,0.0166477531171504,"LE2-1231.013","FCM"
1929,-0.561059079612278,-0.153539818799085,"LE2-1231.013","FCM"
1930,0.356771859593413,0.289956823392304,"LE2-1231.013","FCM"
1931,0.0601087142371176,0.318534064388911,"LE2-1231.013","FCM"
1932,-0.413774580635474,0.0349521281958328,"LE2-1231.013","FCM"
1933,-0.49113774691817,0.0486746508688406,"LE2-1231.013","FCM"
1934,-0.240051513860705,0.427243574750889,"LE2-1231.013","FCM"
1935,-0.54831321914285,-0.65489120026743,"LE2-1231.013","FCM"
1936,-0.286998177930056,-0.705046489168117,"LE2-1231.013","FCM"
1937,0.530986692169118,1.1694218768081,"LE2-1231.013","FCM"
1938,0.695134552353784,0.67784044942708,"LE2-1231.013","FCM"
1939,0.211185313342568,0.367743701716089,"LE2-1231.013","FCM"
1940,0.0784345368534977,0.470765890346698,"LE2-1231.013","FCM"
1941,1.04901800993968,1.33170886730319,"LE2-1231.013","FCM"
1942,0.632433091918524,0.369898655823577,"LE2-1231.013","FCM"
1943,0.0677563085096378,-0.250066999653752,"LE2-1231.013","FCM"
1944,0.0247754890938433,-0.18553590191698,"LE2-1231.013","FCM"
1945,0.0956982172653234,0.0317249764520021,"LE2-1231.013","FCM"
1946,-0.595780620261023,-0.221710241306208,"LE2-1231.013","FCM"
1947,-0.441850784387696,-0.38872279037917,"LE2-1231.013","FCM"
1948,0.288825991777354,0.404500291458362,"LE2-1231.013","FCM"
1949,-0.860732451155133,-0.115363203508117,"LE2-1231.013","FCM"
1950,0.0538061537576626,0.303931697220843,"LE2-1231.013","FCM"
1951,0.179736194006532,0.486249366872768,"LE2-1231.013","FCM"
1952,-0.10979759777036,-0.0275056759850827,"LE2-1231.013","FCM"
1953,0.0277786738683313,-0.358772126841712,"LE2-1231.013","FCM"
1954,0.448065654588642,-0.000275772866294458,"LE2-1231.013","FCM"
1955,0.31288871848317,0.0302245474829338,"LE2-1231.013","FCM"
1956,0.459880104423428,0.322868756993012,"LE2-1231.013","FCM"
1957,0.548132003635088,0.12191183824384,"LE2-1231.013","FCM"
1958,0.548928876162993,-0.0939852317007088,"LE2-1231.013","FCM"
1959,0.610893404840953,0.115816855109784,"LE2-1231.013","FCM"
1960,0.711500681083621,0.284546807986069,"LE2-1231.013","FCM"
1961,0.303934556997699,0.200684428490735,"LE2-1231.013","FCM"
1962,0.710087960775407,0.195855169750024,"LE2-1231.013","FCM"
1963,-0.30208023254292,-0.697459139599324,"LE2-1231.013","FCM"
1964,-0.77795576444521,-0.386380405289877,"LE2-1231.013","FCM"
1965,-0.419188946945914,0.197400187832839,"LE2-1231.013","FCM"
1966,0.420477151369013,0.386431563116787,"LE2-1231.013","FCM"
1967,0.510409140289559,-0.0739076425774487,"LE2-1231.013","FCM"
1968,0.15597922497694,-0.280321964794374,"LE2-1231.013","FCM"
1969,0.1689484226875,-0.260179314532705,"LE2-1231.013","FCM"
1970,0.298266624703537,-0.64382192803851,"LE2-1231.013","FCM"
1971,-0.129958926973421,-0.198188510505881,"LE2-1231.013","FCM"
1972,-1.14263506580659,-1.05481115549819,"LE2-1231.013","FCM"
1973,-0.893799607341741,-0.873832918994194,"LE2-1231.013","FCM"
1974,-0.54874287432064,-0.806183158735988,"LE2-1231.013","FCM"
1975,-0.402407274174135,-0.787865339180077,"LE2-1231.013","FCM"
1976,-0.570776499994474,-0.339562613898056,"LE2-1231.013","FCM"
1977,-0.104425917315152,-0.394655112674218,"LE2-1231.013","FCM"
1978,0.172879323452174,-0.0459739754278898,"LE2-1231.013","FCM"
1979,-0.626778039955749,-0.652417674699845,"LE2-1231.013","FCM"
1980,-1.2197963755871,-0.0127781563111027,"LE2-1231.013","FCM"
1981,-0.053015924508636,-0.153820890653946,"LE2-1231.013","FCM"
1982,0.206240827989105,-0.38372903215311,"LE2-1231.013","FCM"
1983,0.387547222439523,-0.0322989653721008,"LE2-1231.013","FCM"
1984,0.435425993519324,0.624902583520364,"LE2-1231.013","FCM"
1985,-1.16594438734139,-0.38186733016832,"LE2-1231.013","FCM"
1986,-1.02232644412847,-0.58286129198785,"LE2-1231.013","FCM"
1987,-1.10576475322899,-0.14373578796584,"LE2-1231.013","FCM"
1988,-0.702327738659267,0.157228799043891,"LE2-1231.013","FCM"
1989,-0.118856830459198,0.261974394557926,"LE2-1231.013","FCM"
1990,-0.824487492298533,-0.903416547321639,"LE2-1231.013","FCM"
1991,-0.333642179401222,-0.1781434308551,"LE2-1231.013","FCM"
1992,0.586021880318866,0.26903431752981,"LE2-1231.013","FCM"
1993,0.209726121597997,0.086743926864092,"LE2-1231.013","FCM"
1994,0.00284815985165273,0.666133986994256,"LE2-1231.013","FCM"
1995,0.241316385870754,-0.105599516907923,"LE2-1231.013","FCM"
1996,0.231575009918708,0.552322110656135,"LE2-1231.013","FCM"
1997,-0.391493301627321,-0.150885040189251,"LE2-1231.013","FCM"
1998,-0.516969143016659,-0.233361740551773,"LE2-1231.013","FCM"
1999,0.682658743725942,0.215288067612042,"LE2-1231.013","FCM"
2000,0.27016479487582,0.324506167454124,"LE2-1231.013","FCM"
2001,-0.116558422299999,0.509425572714426,"LE2-1231.013","FCM"
2002,-0.884555588886583,-0.420191854169896,"LE2-1231.013","FCM"
2003,-0.458777763099046,-0.0148151546037934,"LE2-1231.013","FCM"
2004,-0.484856985628152,-0.471622034086229,"LE2-1231.013","FCM"
2005,-1.00635895378564,-0.951223988344085,"LE2-1231.013","FCM"
2006,-0.0678557798740507,0.310126966771165,"LE2-1231.013","FCM"
2007,1.05389835495089,0.375026742019751,"LE2-1231.013","FCM"
2008,0.0764236982952716,-0.184658454223395,"LE2-1231.013","FCM"
2009,-1.05065410323466,-0.756194603415082,"LE2-1231.013","FCM"
2010,-0.21115851530574,0.0234221988059687,"LE2-1231.013","FCM"
2011,0.351543886505755,0.72353144068691,"LE2-1231.013","FCM"
2012,0.941708785390962,1.51892842494411,"LE2-1231.013","FCM"
2013,0.757387976800072,0.726045801723567,"LE2-1231.013","FCM"
2014,0.11493893232259,0.143924007175237,"LE2-1231.013","FCM"
1851,0.254659105789654,-0.165433510572433,"LE2-1231.014","FCM"
1852,0.554284998428969,0.462528674205994,"LE2-1231.014","FCM"
1853,0.82771835323122,1.13907298954497,"LE2-1231.014","FCM"
1854,0.564953277069419,0.153843694273603,"LE2-1231.014","FCM"
1855,0.800780981133133,0.962504077394108,"LE2-1231.014","FCM"
1856,1.01167056323295,0.888390607907341,"LE2-1231.014","FCM"
1857,0.226876866424302,0.319031983309959,"LE2-1231.014","FCM"
1858,0.383447801442598,0.816979205152455,"LE2-1231.014","FCM"
1859,0.021483416309934,-0.0624748260523755,"LE2-1231.014","FCM"
1860,0.112097142784317,0.378117503146062,"LE2-1231.014","FCM"
1861,-0.224976806593818,-0.141740951999414,"LE2-1231.014","FCM"
1862,-0.64369846352937,-0.522013961671815,"LE2-1231.014","FCM"
1863,0.929251440688054,0.541146339084415,"LE2-1231.014","FCM"
1864,0.28857112744109,0.0927313549737333,"LE2-1231.014","FCM"
1865,-0.218333883932441,-0.649568056731951,"LE2-1231.014","FCM"
1866,-1.25726968567282,-1.45171370834473,"LE2-1231.014","FCM"
1867,-0.990332700106702,-0.815548994992845,"LE2-1231.014","FCM"
1868,-0.924131895055001,-0.366074985288158,"LE2-1231.014","FCM"
1869,-0.358603487631724,-0.442064185942128,"LE2-1231.014","FCM"
1870,-1.0128362457975,-0.507670855803225,"LE2-1231.014","FCM"
1871,-0.5650463917871,-0.550859350179341,"LE2-1231.014","FCM"
1872,-1.30823831476489,-1.40058580124546,"LE2-1231.014","FCM"
1873,-0.353632939091242,-0.110705546005315,"LE2-1231.014","FCM"
1874,-0.324081014028013,-0.656082496218647,"LE2-1231.014","FCM"
1875,-0.378176383538139,-0.197023341253903,"LE2-1231.014","FCM"
1876,0.0268487415193967,0.176328737150403,"LE2-1231.014","FCM"
1877,0.313031363254519,0.266089852347056,"LE2-1231.014","FCM"
1878,0.0616615775733885,0.0154632756398152,"LE2-1231.014","FCM"
1879,-0.126951086488255,0.194457827718316,"LE2-1231.014","FCM"
1880,-0.499312783986372,-0.362108827470033,"LE2-1231.014","FCM"
1881,-0.341845814500392,0.44696139099531,"LE2-1231.014","FCM"
1882,0.348339610387969,0.97586670530657,"LE2-1231.014","FCM"
1883,0.633770385306249,0.126177754767396,"LE2-1231.014","FCM"
1884,-0.011311073983795,0.00309196485932375,"LE2-1231.014","FCM"
1885,-0.319076244011947,-0.535974300515908,"LE2-1231.014","FCM"
1886,-0.38415285407505,-0.344529196301876,"LE2-1231.014","FCM"
1887,0.100532460056143,0.365088396313465,"LE2-1231.014","FCM"
1888,0.411781448766433,0.167202269408559,"LE2-1231.014","FCM"
1889,0.229753119385083,0.115402837167698,"LE2-1231.014","FCM"
1890,-0.219541388402979,-0.0893158968271962,"LE2-1231.014","FCM"
1891,-0.256809097915621,-0.5238390164405,"LE2-1231.014","FCM"
1892,0.0555492058589062,-0.31850815900418,"LE2-1231.014","FCM"
1893,-0.0607535995272311,-0.0574116802537394,"LE2-1231.014","FCM"
1894,0.366878141833091,-0.0714432742390241,"LE2-1231.014","FCM"
1895,0.183705319344249,0.230912204912563,"LE2-1231.014","FCM"
1896,-0.19440987009822,-0.450556264146192,"LE2-1231.014","FCM"
1897,-0.330696373603977,-0.530168583828645,"LE2-1231.014","FCM"
1898,0.488201827025327,0.391856946702217,"LE2-1231.014","FCM"
1899,-0.45312023774624,-0.434597550666442,"LE2-1231.014","FCM"
1900,-0.486554093195781,-0.29742542937156,"LE2-1231.014","FCM"
1901,0.139378451909947,-0.487052774427373,"LE2-1231.014","FCM"
1902,-0.235262514322463,-0.202864163141448,"LE2-1231.014","FCM"
1903,-0.637463902327133,-0.539226284317988,"LE2-1231.014","FCM"
1904,-0.843059351875931,-0.812652199999765,"LE2-1231.014","FCM"
1905,-0.794426166771838,-1.00730000066896,"LE2-1231.014","FCM"
1906,-0.220652568607367,-0.405622627041952,"LE2-1231.014","FCM"
1907,-0.276253796967072,0.038643734906205,"LE2-1231.014","FCM"
1908,-0.713679011480696,-0.590529155829738,"LE2-1231.014","FCM"
1909,-0.777573591547231,-0.695045589506424,"LE2-1231.014","FCM"
1910,-1.46827035873194,-1.60985567150259,"LE2-1231.014","FCM"
1911,-1.15425765036733,-1.24890592358977,"LE2-1231.014","FCM"
1912,-0.360663843204785,-0.735353160521434,"LE2-1231.014","FCM"
1913,-0.589043661183613,-1.01886243538434,"LE2-1231.014","FCM"
1914,-0.50981674693361,-0.711968997920536,"LE2-1231.014","FCM"
1915,0.188422796850093,0.116967625163312,"LE2-1231.014","FCM"
1916,-0.000688431086875833,-0.466818633137007,"LE2-1231.014","FCM"
1917,-0.0257144837799003,-0.405394020879821,"LE2-1231.014","FCM"
1918,-0.186436626478758,-0.248643446260456,"LE2-1231.014","FCM"
1919,0.785214049751296,-0.00878111050285305,"LE2-1231.014","FCM"
1920,0.888189558672385,0.156266203024229,"LE2-1231.014","FCM"
1921,0.349061625954749,0.538517702065641,"LE2-1231.014","FCM"
1922,0.0875415120810962,0.429294540363293,"LE2-1231.014","FCM"
1923,0.364324259422252,0.412955911624227,"LE2-1231.014","FCM"
1924,0.372996459025164,0.510684741498257,"LE2-1231.014","FCM"
1925,-0.0376072568077687,0.546452780877496,"LE2-1231.014","FCM"
1926,0.0871011779931588,0.533107415648601,"LE2-1231.014","FCM"
1927,-0.788511934185325,-0.711612522167057,"LE2-1231.014","FCM"
1928,-1.19282329281811,-0.763390744813671,"LE2-1231.014","FCM"
1929,-1.46892088878208,-1.18553492283819,"LE2-1231.014","FCM"
1930,-0.904489203131589,-1.20169281784068,"LE2-1231.014","FCM"
1931,-0.270762637892396,-0.468902460651777,"LE2-1231.014","FCM"
1932,0.124213377973993,0.696143749357168,"LE2-1231.014","FCM"
1933,-0.471017378999853,-0.14306264204313,"LE2-1231.014","FCM"
1934,-0.9582669906835,-0.456033463191179,"LE2-1231.014","FCM"
1935,-1.83405631968914,-0.880043218945854,"LE2-1231.014","FCM"
1936,-0.638590290576507,-0.166818379450913,"LE2-1231.014","FCM"
1937,-0.245015691401388,-0.0695570201938869,"LE2-1231.014","FCM"
1938,-0.44528557952703,-0.252985320743154,"LE2-1231.014","FCM"
1939,-0.24479242290624,-0.558459771309803,"LE2-1231.014","FCM"
1940,0.901853932313473,-0.217658425565881,"LE2-1231.014","FCM"
1941,1.04740630453594,0.967238499009435,"LE2-1231.014","FCM"
1942,-0.233873757503069,-0.464775637115351,"LE2-1231.014","FCM"
1943,0.229655431884548,0.373375656395941,"LE2-1231.014","FCM"
1944,0.577556816468218,0.416542632280668,"LE2-1231.014","FCM"
1945,0.941948282805757,0.250365963822809,"LE2-1231.014","FCM"
1946,0.558044606102271,0.726267915204268,"LE2-1231.014","FCM"
1947,0.390692960702466,1.04164283695562,"LE2-1231.014","FCM"
1948,1.0208222959888,0.96780800434091,"LE2-1231.014","FCM"
1949,0.810060942840482,0.0948561073211993,"LE2-1231.014","FCM"
1950,0.760513107302683,0.816634663671986,"LE2-1231.014","FCM"
1951,0.801023223710878,0.858106792372552,"LE2-1231.014","FCM"
1952,-0.352618635391308,-0.484357819605999,"LE2-1231.014","FCM"
1953,0.11001726335688,-0.0139972671248615,"LE2-1231.014","FCM"
1954,0.566961097258072,0.43427428429544,"LE2-1231.014","FCM"
1955,1.23109948006973,1.0363443045111,"LE2-1231.014","FCM"
1956,-0.257436194464857,-0.00759171527387972,"LE2-1231.014","FCM"
1957,-0.180895674620272,-0.00432957299668549,"LE2-1231.014","FCM"
1958,-0.296262797480658,-0.438855655719269,"LE2-1231.014","FCM"
1959,-0.831334149036533,-0.591702247834805,"LE2-1231.014","FCM"
1960,-0.79830700949061,-1.15203019142984,"LE2-1231.014","FCM"
1961,-0.0523019227144469,-0.362642359260457,"LE2-1231.014","FCM"
1962,-0.264826168970185,-0.42010939880677,"LE2-1231.014","FCM"
1963,-1.02217187768088,-1.12170887208754,"LE2-1231.014","FCM"
1964,-1.30777338489858,-0.934602887926629,"LE2-1231.014","FCM"
1965,0.368990141609646,-0.160554441540001,"LE2-1231.014","FCM"
1966,-0.256965154144517,-0.585846922121977,"LE2-1231.014","FCM"
1967,-0.836177574442224,-0.600720833435677,"LE2-1231.014","FCM"
1968,-0.135294769837208,0.076737738537087,"LE2-1231.014","FCM"
1969,-0.428663775582333,-0.647699621766636,"LE2-1231.014","FCM"
1970,-0.50080306724953,-0.626786485006953,"LE2-1231.014","FCM"
1971,0.149825119541548,-0.387084522037544,"LE2-1231.014","FCM"
1972,0.224017496634787,0.289262833468365,"LE2-1231.014","FCM"
1973,0.65980793940854,0.700904364536976,"LE2-1231.014","FCM"
1974,0.312655389571137,1.43660758114622,"LE2-1231.014","FCM"
1975,-0.41312000990559,0.0521122178959369,"LE2-1231.014","FCM"
1976,0.342948655281362,0.346111885886045,"LE2-1231.014","FCM"
1977,0.431367511239315,0.219446252045809,"LE2-1231.014","FCM"
1978,0.398003875144662,-0.480867296239042,"LE2-1231.014","FCM"
1979,-0.0758811257396317,0.0624732628949161,"LE2-1231.014","FCM"
1980,0.627233677335231,1.20636149778848,"LE2-1231.014","FCM"
1981,0.178292774540706,0.0102863079847379,"LE2-1231.014","FCM"
1982,0.477184959612309,0.167190418426831,"LE2-1231.014","FCM"
1983,0.721323005744118,-0.0520547943194796,"LE2-1231.014","FCM"
1984,0.394493840191061,-0.14483684626774,"LE2-1231.014","FCM"
1985,0.32869222408226,0.123698091061641,"LE2-1231.014","FCM"
1986,0.454924412199903,0.36331943164888,"LE2-1231.014","FCM"
1987,-0.174438246046836,-0.13639801068209,"LE2-1231.014","FCM"
1988,-0.0444672674017121,0.564044437629951,"LE2-1231.014","FCM"
1989,0.467655861684217,0.392608879436875,"LE2-1231.014","FCM"
1990,-0.859418953397196,-0.65495855143274,"LE2-1231.014","FCM"
1991,-0.542276393544622,-0.872398526676751,"LE2-1231.014","FCM"
1992,-0.706729467480968,-1.0598558091968,"LE2-1231.014","FCM"
1993,-1.01112969089637,-1.02354526790425,"LE2-1231.014","FCM"
1994,-1.14049417411854,-1.09952223376887,"LE2-1231.014","FCM"
1995,-1.24930137684006,-1.00167856762039,"LE2-1231.014","FCM"
1996,-0.698959347663241,-0.410879032694052,"LE2-1231.014","FCM"
1997,-0.569738536286408,0.256948049600638,"LE2-1231.014","FCM"
1998,-0.508763656926444,-0.0426127496582406,"LE2-1231.014","FCM"
1999,-0.0383176558684061,0.19702528150581,"LE2-1231.014","FCM"
2000,0.65952812125462,0.248018292064442,"LE2-1231.014","FCM"
2001,0.218396390218237,-0.14991394332836,"LE2-1231.014","FCM"
2002,-0.377531001560287,-0.606233258059876,"LE2-1231.014","FCM"
2003,0.131958084983438,-0.235767389358122,"LE2-1231.014","FCM"
2004,0.0944008042665395,0.13006983515744,"LE2-1231.014","FCM"
2005,0.184585005705397,-0.288932874020997,"LE2-1231.014","FCM"
2006,0.889914221387277,0.654627992222457,"LE2-1231.014","FCM"
2007,0.275060335999366,-0.331532641293696,"LE2-1231.014","FCM"
2008,0.135790110736522,0.185354063332998,"LE2-1231.014","FCM"
2009,0.650264177460796,0.532985769424235,"LE2-1231.014","FCM"
2010,-0.345395687822082,0.0171197112458724,"LE2-1231.014","FCM"
2011,0.160532025776874,0.563828512266089,"LE2-1231.014","FCM"
2012,-0.42435248049904,0.315890976343879,"LE2-1231.014","FCM"
2013,0.134555611312817,0.877951528053698,"LE2-1231.014","FCM"
2014,1.05662597156194,0.953945608077417,"LE2-1231.014","FCM"
1851,-0.345536471626982,-0.297431323819308,"LE2-1231.015","FCM"
1852,-0.0396162968766538,-0.574574410413371,"LE2-1231.015","FCM"
1853,0.0767119767615866,0.0764731370626963,"LE2-1231.015","FCM"
1854,-0.65075574046685,-0.243213069339694,"LE2-1231.015","FCM"
1855,-0.530030606190991,-0.530017660414173,"LE2-1231.015","FCM"
1856,-0.750061919529573,-0.469028640425662,"LE2-1231.015","FCM"
1857,-0.435443970185061,-0.904735623487119,"LE2-1231.015","FCM"
1858,-0.0462886481627238,-0.511520051064555,"LE2-1231.015","FCM"
1859,0.0907020602191199,-0.153553713168199,"LE2-1231.015","FCM"
1860,1.01904266005687,0.862316754137662,"LE2-1231.015","FCM"
1861,0.20009997746434,-0.106723794470366,"LE2-1231.015","FCM"
1862,-0.371018916822442,-0.13113058056585,"LE2-1231.015","FCM"
1863,-0.828524420758544,-0.026170871194456,"LE2-1231.015","FCM"
1864,0.171128230359703,0.405379301350213,"LE2-1231.015","FCM"
1865,-0.164655151833861,-0.0395415499472611,"LE2-1231.015","FCM"
1866,-0.510675566033743,-0.293049996634324,"LE2-1231.015","FCM"
1867,0.0982266122430439,-0.26028882645088,"LE2-1231.015","FCM"
1868,-0.613588189128879,-0.603427613198914,"LE2-1231.015","FCM"
1869,-1.32155183589889,-1.21086124504636,"LE2-1231.015","FCM"
1870,-0.000910101849586498,-0.0366739457499932,"LE2-1231.015","FCM"
1871,-0.82546902289261,-0.75415399622938,"LE2-1231.015","FCM"
1872,-0.566105040973754,-0.0683327200417049,"LE2-1231.015","FCM"
1873,-0.0210212566841684,0.416786667120217,"LE2-1231.015","FCM"
1874,0.409374130568281,0.363876047864101,"LE2-1231.015","FCM"
1875,0.736731614978562,0.328502825265151,"LE2-1231.015","FCM"
1876,0.0502608812789776,-0.689793843171557,"LE2-1231.015","FCM"
1877,-0.0215052900700677,0.0173503515198405,"LE2-1231.015","FCM"
1878,-0.059386680094765,-0.0803736095781003,"LE2-1231.015","FCM"
1879,0.398302984997733,0.273900994327165,"LE2-1231.015","FCM"
1880,0.133780952971263,0.278059922026889,"LE2-1231.015","FCM"
1881,-0.604520536084029,-0.479755139185549,"LE2-1231.015","FCM"
1882,0.25640917572179,0.542182199331749,"LE2-1231.015","FCM"
1883,0.467587808046842,0.450200832973049,"LE2-1231.015","FCM"
1884,0.376025023903664,0.55190591582234,"LE2-1231.015","FCM"
1885,0.53488189765505,0.41308283787604,"LE2-1231.015","FCM"
1886,0.177118912298076,0.218337165073948,"LE2-1231.015","FCM"
1887,0.338054085984451,0.473481466494601,"LE2-1231.015","FCM"
1888,-0.374724515645012,-0.335961139294623,"LE2-1231.015","FCM"
1889,-1.07998073882268,-0.988807419860678,"LE2-1231.015","FCM"
1890,-0.760308417407422,-0.707489064692403,"LE2-1231.015","FCM"
1891,-0.552675424082344,-0.895978898867832,"LE2-1231.015","FCM"
1892,-0.0434956343456355,-0.362623721570156,"LE2-1231.015","FCM"
1893,-0.889543734836952,-1.06184528857839,"LE2-1231.015","FCM"
1894,-0.996298145562529,-0.868653708863623,"LE2-1231.015","FCM"
1895,-0.628373882757073,-0.31610974218498,"LE2-1231.015","FCM"
1896,0.504317333403654,0.644597654504555,"LE2-1231.015","FCM"
1897,0.181335150526924,0.0960687855159652,"LE2-1231.015","FCM"
1898,0.253040252424229,0.268505295124881,"LE2-1231.015","FCM"
1899,-0.216605669432478,-0.436450095799651,"LE2-1231.015","FCM"
1900,1.15150997926453,0.821041181917986,"LE2-1231.015","FCM"
1901,0.885559920737474,0.645663163125994,"LE2-1231.015","FCM"
1902,0.664594420879766,0.488338024472098,"LE2-1231.015","FCM"
1903,-0.0356925843967522,-0.0533474948618036,"LE2-1231.015","FCM"
1904,-0.220367134964465,-0.751434624919958,"LE2-1231.015","FCM"
1905,0.328694703985677,-0.00135184293448199,"LE2-1231.015","FCM"
1906,0.0112242494506857,-0.155654720627925,"LE2-1231.015","FCM"
1907,-0.512256830279851,-0.356885525650318,"LE2-1231.015","FCM"
1908,-0.517387493376003,0.0728978765149964,"LE2-1231.015","FCM"
1909,-0.328417751639391,0.716595720513995,"LE2-1231.015","FCM"
1910,-0.185415483070301,0.1189206471057,"LE2-1231.015","FCM"
1911,0.300988471189597,0.41667655425176,"LE2-1231.015","FCM"
1912,-0.312434197292015,-0.211870170360431,"LE2-1231.015","FCM"
1913,0.684796030181158,0.458818450486377,"LE2-1231.015","FCM"
1914,-0.143577753695481,-0.877896135855818,"LE2-1231.015","FCM"
1915,0.481715241847109,0.366032975125424,"LE2-1231.015","FCM"
1916,-0.173862265525594,-0.649696461168995,"LE2-1231.015","FCM"
1917,-0.693767869490389,-0.459750893144203,"LE2-1231.015","FCM"
1918,-0.580818838836966,-0.0657197243662293,"LE2-1231.015","FCM"
1919,-0.749805793483165,-0.384567733409797,"LE2-1231.015","FCM"
1920,0.203688472614166,-0.40386605011616,"LE2-1231.015","FCM"
1921,-0.37210729834653,-1.00518874027615,"LE2-1231.015","FCM"
1922,-0.551368654768446,-0.696423661172352,"LE2-1231.015","FCM"
1923,0.0708033052713901,-0.0334671337052129,"LE2-1231.015","FCM"
1924,0.720595150416353,-0.167828363241988,"LE2-1231.015","FCM"
1925,0.876099343873638,0.675101224379355,"LE2-1231.015","FCM"
1926,0.298214792260393,0.230869032813491,"LE2-1231.015","FCM"
1927,-0.915166132897631,-0.752286135720911,"LE2-1231.015","FCM"
1928,-0.795906331010029,-0.656525098823661,"LE2-1231.015","FCM"
1929,-0.346306322966953,-0.184607685160836,"LE2-1231.015","FCM"
1930,-0.0209328653503749,-0.269924125348193,"LE2-1231.015","FCM"
1931,0.125264604646684,-0.468000486726193,"LE2-1231.015","FCM"
1932,0.723629645446291,0.621402557622716,"LE2-1231.015","FCM"
1933,0.831987744953947,1.0410820691492,"LE2-1231.015","FCM"
1934,0.436645288397109,0.745903962835534,"LE2-1231.015","FCM"
1935,0.205291174836172,-0.252383448280824,"LE2-1231.015","FCM"
1936,-0.0983832805696967,-0.116967417000358,"LE2-1231.015","FCM"
1937,-0.457492423027379,0.0561708421725163,"LE2-1231.015","FCM"
1938,1.01695224218249,0.657206637545685,"LE2-1231.015","FCM"
1939,0.805798218130785,0.194186026106024,"LE2-1231.015","FCM"
1940,0.124285743432125,0.0958918030022095,"LE2-1231.015","FCM"
1941,-0.508150385163768,-0.410252534557753,"LE2-1231.015","FCM"
1942,-0.12456523478831,0.116744182011635,"LE2-1231.015","FCM"
1943,-0.0803482668418004,-0.000223853171665467,"LE2-1231.015","FCM"
1944,0.0688723953905841,0.309069930338143,"LE2-1231.015","FCM"
1945,0.677007602418764,0.0223932038258435,"LE2-1231.015","FCM"
1946,-0.120693623685754,-0.709435474479698,"LE2-1231.015","FCM"
1947,-0.0930473384125041,0.00593300723667773,"LE2-1231.015","FCM"
1948,0.486675966785764,0.485756676290069,"LE2-1231.015","FCM"
1949,0.292720423791128,0.413626374942759,"LE2-1231.015","FCM"
1950,-0.0525785443053202,-0.027886748974141,"LE2-1231.015","FCM"
1951,0.0868697383057415,0.229427166520439,"LE2-1231.015","FCM"
1952,0.542777267177747,0.664721974783605,"LE2-1231.015","FCM"
1953,0.198197702757121,0.896466899192664,"LE2-1231.015","FCM"
1954,-0.153344293719247,-0.259940582530024,"LE2-1231.015","FCM"
1955,-0.0908340964801512,0.154435610057422,"LE2-1231.015","FCM"
1956,0.222632263146188,-0.190430262429722,"LE2-1231.015","FCM"
1957,0.519381318911202,0.425057589516211,"LE2-1231.015","FCM"
1958,-0.950993522886296,-0.179974824217631,"LE2-1231.015","FCM"
1959,-0.891022761579532,-0.00205513574140797,"LE2-1231.015","FCM"
1960,-0.980902063900307,-0.350566283710965,"LE2-1231.015","FCM"
1961,-0.391170386692396,-0.397833649131503,"LE2-1231.015","FCM"
1962,0.233157009467799,0.0576523362299158,"LE2-1231.015","FCM"
1963,-0.532671219534402,-0.293102973907787,"LE2-1231.015","FCM"
1964,0.0649629532031462,0.0614677536945809,"LE2-1231.015","FCM"
1965,-0.727563146185503,-0.700785373776309,"LE2-1231.015","FCM"
1966,-0.822167262949878,-0.782602474489645,"LE2-1231.015","FCM"
1967,-0.402854159676055,-0.31436601668434,"LE2-1231.015","FCM"
1968,0.388963373720302,-0.00109352170239005,"LE2-1231.015","FCM"
1969,-0.287605045665126,-0.959840625027862,"LE2-1231.015","FCM"
1970,-1.14539807991663,-1.09888462263502,"LE2-1231.015","FCM"
1971,-0.0163109214464342,0.362196445703385,"LE2-1231.015","FCM"
1972,0.187230133637615,-0.290102708823054,"LE2-1231.015","FCM"
1973,-0.117725286026521,-0.638901867933905,"LE2-1231.015","FCM"
1974,-0.419136501213009,-0.760678520187659,"LE2-1231.015","FCM"
1975,-0.407441856670841,-0.906857843525004,"LE2-1231.015","FCM"
1976,-0.0972322032558006,0.0800403569645103,"LE2-1231.015","FCM"
1977,-0.606755861087624,-0.658063361256935,"LE2-1231.015","FCM"
1978,0.00195882735662552,0.00744184558426361,"LE2-1231.015","FCM"
1979,-0.316187879414988,-0.224731371891092,"LE2-1231.015","FCM"
1980,-0.332575246957258,-0.08762127095662,"LE2-1231.015","FCM"
1981,-0.599802025710127,-0.508378283721241,"LE2-1231.015","FCM"
1982,-0.12149175329195,0.221035272373904,"LE2-1231.015","FCM"
1983,-0.634433088212546,-0.613831318310463,"LE2-1231.015","FCM"
1984,-0.0903512998585028,-0.376591727472244,"LE2-1231.015","FCM"
1985,0.28054257856036,0.281080337935501,"LE2-1231.015","FCM"
1986,0.0236878823294357,-0.0590621573732428,"LE2-1231.015","FCM"
1987,-0.279302006950743,-0.231397212922976,"LE2-1231.015","FCM"
1988,-0.301224431052077,-0.107380958817393,"LE2-1231.015","FCM"
1989,-0.540205034927059,-0.658234005000929,"LE2-1231.015","FCM"
1990,-0.104680511818968,-0.354508343439991,"LE2-1231.015","FCM"
1991,-0.14754123319604,-0.36771217190233,"LE2-1231.015","FCM"
1992,0.0941536918463888,-0.0965551940449459,"LE2-1231.015","FCM"
1993,-0.0135849248120511,-0.350597151997577,"LE2-1231.015","FCM"
1994,-0.730769460007849,-0.616189771739499,"LE2-1231.015","FCM"
1995,-0.731393768820276,0.107096227148232,"LE2-1231.015","FCM"
1996,-0.272592426651357,-0.44064045907543,"LE2-1231.015","FCM"
1997,-0.0770497489752393,-0.435632091366246,"LE2-1231.015","FCM"
1998,-0.503114750270826,-0.702311642638947,"LE2-1231.015","FCM"
1999,0.86500800307898,0.618591747063368,"LE2-1231.015","FCM"
2000,0.959946927695013,0.665689539234882,"LE2-1231.015","FCM"
2001,0.966949442182904,0.559887524632927,"LE2-1231.015","FCM"
2002,0.813675397357343,1.0912616419598,"LE2-1231.015","FCM"
2003,0.505726515208976,0.629171673745211,"LE2-1231.015","FCM"
2004,0.172370215667785,-0.0951546147044128,"LE2-1231.015","FCM"
2005,0.168265329563726,0.0946075283502546,"LE2-1231.015","FCM"
2006,0.692404682278165,0.633202668329773,"LE2-1231.015","FCM"
2007,0.656827309384071,0.670879875465465,"LE2-1231.015","FCM"
2008,0.418424396727538,0.569117974538031,"LE2-1231.015","FCM"
2009,0.0328883051848535,0.103236824993617,"LE2-1231.015","FCM"
2010,-0.555908203492501,-0.0901499412151919,"LE2-1231.015","FCM"
2011,0.027232771149262,0.405461411953803,"LE2-1231.015","FCM"
2012,1.07279729615517,1.23669175474822,"LE2-1231.015","FCM"
2013,0.445180801922179,0.197304019477206,"LE2-1231.015","FCM"
2014,-0.0575813612796855,0.622301627302484,"LE2-1231.015","FCM"
1851,-0.630279763714984,-0.701994014121079,"LE2-1231.016","FCM"
1852,-0.216300404341608,-0.0579567453497644,"LE2-1231.016","FCM"
1853,-3.92746811553104e-05,0.40198218926543,"LE2-1231.016","FCM"
1854,-0.156528963780487,-0.721495188265181,"LE2-1231.016","FCM"
1855,-0.963889839441296,-0.896831149353878,"LE2-1231.016","FCM"
1856,-0.0329951611315805,-0.333902465807063,"LE2-1231.016","FCM"
1857,-0.0702500038614577,-0.0818279454656551,"LE2-1231.016","FCM"
1858,-0.352361905325083,-0.293111845914223,"LE2-1231.016","FCM"
1859,-0.475780003469249,-0.661169742060516,"LE2-1231.016","FCM"
1860,-0.113567861546564,-0.128192521952683,"LE2-1231.016","FCM"
1861,-0.026026783799934,-0.205655792548202,"LE2-1231.016","FCM"
1862,-0.17320215220973,-0.219813072620678,"LE2-1231.016","FCM"
1863,0.00671442831748,0.0214391709066527,"LE2-1231.016","FCM"
1864,0.0983017111380511,0.236409430423824,"LE2-1231.016","FCM"
1865,0.304230772268529,0.364325947456512,"LE2-1231.016","FCM"
1866,-0.125865045794518,-0.314340977612011,"LE2-1231.016","FCM"
1867,-0.144328018049999,0.191813793199023,"LE2-1231.016","FCM"
1868,-0.540220685714178,-0.524415386446427,"LE2-1231.016","FCM"
1869,-0.111174761477778,0.107345378528146,"LE2-1231.016","FCM"
1870,-0.772391768468676,-0.63892048012026,"LE2-1231.016","FCM"
1871,-0.772522064434085,0.00488360613771975,"LE2-1231.016","FCM"
1872,0.0834588700680853,0.101579395984908,"LE2-1231.016","FCM"
1873,0.165501213440122,-0.0167885478375655,"LE2-1231.016","FCM"
1874,-0.0164164381846692,0.358476207585067,"LE2-1231.016","FCM"
1875,0.0921033553951212,-0.63696300277451,"LE2-1231.016","FCM"
1876,0.576769408820688,0.325602943185739,"LE2-1231.016","FCM"
1877,0.0403958263717353,-0.369376209589416,"LE2-1231.016","FCM"
1878,0.257444643391944,-0.0140030338703173,"LE2-1231.016","FCM"
1879,0.173479918813427,-0.14855350283529,"LE2-1231.016","FCM"
1880,-0.441632344596847,-1.08558281382774,"LE2-1231.016","FCM"
1881,-0.441565038816792,-0.857209274665041,"LE2-1231.016","FCM"
1882,0.899402090793118,0.440047328730494,"LE2-1231.016","FCM"
1883,1.14502662912064,0.850405224399454,"LE2-1231.016","FCM"
1884,0.129577946250474,-0.0417268748272308,"LE2-1231.016","FCM"
1885,-0.576022230310102,-0.708566882609123,"LE2-1231.016","FCM"
1886,-0.670907250631248,-0.0135035732071656,"LE2-1231.016","FCM"
1887,0.292076568440863,0.262525585769991,"LE2-1231.016","FCM"
1888,0.483864355123643,-0.12267885549557,"LE2-1231.016","FCM"
1889,0.0275996608062855,-0.151574536016723,"LE2-1231.016","FCM"
1890,0.991382976151635,0.451802623273119,"LE2-1231.016","FCM"
1891,-0.413229710132245,-0.494714768386961,"LE2-1231.016","FCM"
1892,-1.00318513147439,-0.51668011350585,"LE2-1231.016","FCM"
1893,-0.705904683460779,-0.657046501719915,"LE2-1231.016","FCM"
1894,-0.2591080038364,-0.738632273202319,"LE2-1231.016","FCM"
1895,-0.109062603956168,-0.499842360843733,"LE2-1231.016","FCM"
1896,-0.707122325472292,-0.560590296937818,"LE2-1231.016","FCM"
1897,-1.43183059250502,-1.0237346024773,"LE2-1231.016","FCM"
1898,-1.71986912425561,-1.60281453272489,"LE2-1231.016","FCM"
1899,-1.71733856184217,-1.09704792744423,"LE2-1231.016","FCM"
1900,-0.925101870593531,0.00522041953468315,"LE2-1231.016","FCM"
1901,-1.00301404130944,-0.864405785285247,"LE2-1231.016","FCM"
1902,-1.50392021082209,-1.26679747752924,"LE2-1231.016","FCM"
1903,-0.526578572914664,-0.529765716080548,"LE2-1231.016","FCM"
1904,0.222816498592028,-0.226684387879557,"LE2-1231.016","FCM"
1905,0.344812440270611,-0.650716780181316,"LE2-1231.016","FCM"
1906,0.354194665280661,-0.0698628010502607,"LE2-1231.016","FCM"
1907,-0.0392440242878649,0.0888986343617722,"LE2-1231.016","FCM"
1908,0.220428018826055,0.171254276583875,"LE2-1231.016","FCM"
1909,-0.224219113894489,-0.00661453168255732,"LE2-1231.016","FCM"
1910,-0.0125963980827713,0.059770173570147,"LE2-1231.016","FCM"
1911,-0.288997660295344,0.0596146692824924,"LE2-1231.016","FCM"
1912,-0.559704447453862,-1.00066961284894,"LE2-1231.016","FCM"
1913,-0.24123212725306,-0.363546245468233,"LE2-1231.016","FCM"
1914,-0.380653001668939,-0.248616769392987,"LE2-1231.016","FCM"
1915,-0.0887280636046449,-0.388762917884407,"LE2-1231.016","FCM"
1916,-0.308787175827264,-0.436159778111498,"LE2-1231.016","FCM"
1917,-0.0303118402830888,-0.0303827822174491,"LE2-1231.016","FCM"
1918,0.253807042936655,-0.232651585620559,"LE2-1231.016","FCM"
1919,0.802875739426063,0.139781942021937,"LE2-1231.016","FCM"
1920,0.980789601276703,1.38241908329679,"LE2-1231.016","FCM"
1921,1.03915080993856,1.15686365799253,"LE2-1231.016","FCM"
1922,0.620294527412152,0.837632926750108,"LE2-1231.016","FCM"
1923,0.323278162095316,0.405752254284959,"LE2-1231.016","FCM"
1924,0.311328550764771,0.141221959554049,"LE2-1231.016","FCM"
1925,0.333021964711713,0.0682319094875864,"LE2-1231.016","FCM"
1926,0.416019729447306,0.645842232460892,"LE2-1231.016","FCM"
1927,0.78513001716238,1.09710023246678,"LE2-1231.016","FCM"
1928,0.670474631484379,1.43801875402683,"LE2-1231.016","FCM"
1929,1.53542645399075,1.71862090824362,"LE2-1231.016","FCM"
1930,0.418801245116348,0.0688337737645133,"LE2-1231.016","FCM"
1931,0.650979284280475,0.725229839077603,"LE2-1231.016","FCM"
1932,0.262657571546809,0.403684010938039,"LE2-1231.016","FCM"
1933,0.0997811457176344,-0.470560496271075,"LE2-1231.016","FCM"
1934,-0.436345819891095,-0.28498984206281,"LE2-1231.016","FCM"
1935,-0.279193580243829,-0.269872180359779,"LE2-1231.016","FCM"
1936,0.380327300525212,0.62063166270124,"LE2-1231.016","FCM"
1937,0.123881913788237,-0.276379396049682,"LE2-1231.016","FCM"
1938,0.195460150088343,-0.227747533965871,"LE2-1231.016","FCM"
1939,0.0572334696973589,-0.384985572526286,"LE2-1231.016","FCM"
1940,-0.118996552910043,-0.270158293876724,"LE2-1231.016","FCM"
1941,0.0582429993715672,0.0425672657359229,"LE2-1231.016","FCM"
1942,-0.412053829780366,0.0721096320638408,"LE2-1231.016","FCM"
1943,-0.302611536263534,0.171464294849368,"LE2-1231.016","FCM"
1944,0.331961361791731,0.107628829167999,"LE2-1231.016","FCM"
1945,0.74281522649732,0.207118944843751,"LE2-1231.016","FCM"
1946,-0.12006102715648,-0.316494882418461,"LE2-1231.016","FCM"
1947,-0.406561082278517,-0.647491430594241,"LE2-1231.016","FCM"
1948,-0.833886485415424,-1.13528679137272,"LE2-1231.016","FCM"
1949,-0.269691844996804,-0.00208929567086352,"LE2-1231.016","FCM"
1950,-0.450490112645625,-0.467181768975505,"LE2-1231.016","FCM"
1951,-0.0155903683903403,-0.235663874633424,"LE2-1231.016","FCM"
1952,1.08001430181701,0.50642512846097,"LE2-1231.016","FCM"
1953,1.15686959352084,0.875850162894029,"LE2-1231.016","FCM"
1954,0.304983500531503,-0.0093801971391885,"LE2-1231.016","FCM"
1955,0.00201390249370403,-0.222516151177675,"LE2-1231.016","FCM"
1956,-0.701556379153888,-0.651176926160198,"LE2-1231.016","FCM"
1957,-0.711778378823947,-0.592939385186517,"LE2-1231.016","FCM"
1958,-0.403328272295589,-1.05836044889651,"LE2-1231.016","FCM"
1959,-0.151707475477765,-0.0935665219079825,"LE2-1231.016","FCM"
1960,-0.487774620503941,-0.801744804430123,"LE2-1231.016","FCM"
1961,-0.815760606896247,-0.848807878755553,"LE2-1231.016","FCM"
1962,0.253856792472059,-0.44561517219717,"LE2-1231.016","FCM"
1963,0.307674345618799,0.137866596982195,"LE2-1231.016","FCM"
1964,0.271449195541612,-0.0756779001574298,"LE2-1231.016","FCM"
1965,-0.0533837741766718,-0.379591606445581,"LE2-1231.016","FCM"
1966,-0.0911726512005968,-0.288005057531748,"LE2-1231.016","FCM"
1967,-0.370478156828406,-0.373666984151262,"LE2-1231.016","FCM"
1968,-0.341367516995045,-0.370415900209952,"LE2-1231.016","FCM"
1969,0.596771087681527,0.449678021254114,"LE2-1231.016","FCM"
1970,0.492828284915764,0.229487333423973,"LE2-1231.016","FCM"
1971,0.407940350061279,0.329723927808338,"LE2-1231.016","FCM"
1972,-0.147872686101905,0.464822919559374,"LE2-1231.016","FCM"
1973,0.563532952346246,0.808276117960041,"LE2-1231.016","FCM"
1974,0.198935335551626,-0.0457715742255342,"LE2-1231.016","FCM"
1975,0.084728189926014,-0.545864589403877,"LE2-1231.016","FCM"
1976,0.170407065724464,-0.0155874075344438,"LE2-1231.016","FCM"
1977,-0.0157495622203966,0.188135857633179,"LE2-1231.016","FCM"
1978,-0.129098901126632,-0.00770770263133803,"LE2-1231.016","FCM"
1979,-0.462727474607818,-1.09044783342958,"LE2-1231.016","FCM"
1980,0.0408453886859947,-0.426841361414827,"LE2-1231.016","FCM"
1981,0.573719022189791,-0.195346598913851,"LE2-1231.016","FCM"
1982,-0.324061122045551,-0.766446419461542,"LE2-1231.016","FCM"
1983,-0.582833351116499,-0.626631635394566,"LE2-1231.016","FCM"
1984,-0.252364778281614,-0.468146983472142,"LE2-1231.016","FCM"
1985,-0.623435840696967,-0.636065314293177,"LE2-1231.016","FCM"
1986,-0.862437910360087,-0.0417176489206568,"LE2-1231.016","FCM"
1987,-1.19527737102455,-0.452601601946479,"LE2-1231.016","FCM"
1988,-0.430181364825268,0.029535465132309,"LE2-1231.016","FCM"
1989,-0.42967311005224,-0.411132437335018,"LE2-1231.016","FCM"
1990,-0.106434577089777,0.341152549578659,"LE2-1231.016","FCM"
1991,-0.513232960868581,0.211023594694763,"LE2-1231.016","FCM"
1992,-0.595819387588518,-0.465009555130751,"LE2-1231.016","FCM"
1993,0.181877978514921,0.786477658793729,"LE2-1231.016","FCM"
1994,-0.0081742992032408,-0.434223801436568,"LE2-1231.016","FCM"
1995,0.544925765448673,0.0507994830612805,"LE2-1231.016","FCM"
1996,0.0639389821021452,-0.519039097120102,"LE2-1231.016","FCM"
1997,0.286603628334852,-0.0689223856965415,"LE2-1231.016","FCM"
1998,-0.0873663289017683,-0.402306206536915,"LE2-1231.016","FCM"
1999,-0.834222439741239,-0.546007839687988,"LE2-1231.016","FCM"
2000,-0.449993489640263,-0.38899058024019,"LE2-1231.016","FCM"
2001,-0.0285163879307947,-0.213918528754778,"LE2-1231.016","FCM"
2002,-0.636818864798939,-0.544391900723248,"LE2-1231.016","FCM"
2003,-0.155847425812718,5.89857082021611e-05,"LE2-1231.016","FCM"
2004,-0.675370232194413,-0.425145362019129,"LE2-1231.016","FCM"
2005,-0.74727644486541,0.0990092909068837,"LE2-1231.016","FCM"
2006,-0.26458168586389,0.622498317868867,"LE2-1231.016","FCM"
2007,-0.216654083425808,0.553198124981914,"LE2-1231.016","FCM"
2008,0.245763793632185,0.840870879662479,"LE2-1231.016","FCM"
2009,0.0440501234062832,0.12810953275116,"LE2-1231.016","FCM"
2010,-0.637050201160474,-0.0365635323984406,"LE2-1231.016","FCM"
2011,-0.21838132217531,-0.117294519284347,"LE2-1231.016","FCM"
2012,0.159880402826509,0.170381925683209,"LE2-1231.016","FCM"
2013,1.78123192867086,1.52384362625538,"LE2-1231.016","FCM"
2014,0.731402555916502,0.811917687890812,"LE2-1231.016","FCM"
1851,0.977159307549588,0.624211227262712,"LE2-1231.017","FCM"
1852,0.671921208782676,0.484584505651741,"LE2-1231.017","FCM"
1853,0.849831837152158,0.637139957650941,"LE2-1231.017","FCM"
1854,0.501677878645508,0.118300150186469,"LE2-1231.017","FCM"
1855,-0.385033190285997,-0.160904613190402,"LE2-1231.017","FCM"
1856,-0.744325613949226,-0.21085271787569,"LE2-1231.017","FCM"
1857,-0.257528360345975,-0.541726018522456,"LE2-1231.017","FCM"
1858,-1.07084022424867,-0.855878930492291,"LE2-1231.017","FCM"
1859,-0.0833285524425973,-0.19148630790696,"LE2-1231.017","FCM"
1860,0.256385736503672,-0.284524387221601,"LE2-1231.017","FCM"
1861,0.525792780401777,0.566003683068782,"LE2-1231.017","FCM"
1862,0.0444058131372889,-0.147344589420488,"LE2-1231.017","FCM"
1863,-0.686625350625682,0.00429139308497012,"LE2-1231.017","FCM"
1864,-1.28084262205082,-0.984403267696554,"LE2-1231.017","FCM"
1865,-1.02690251402362,-0.737691509078529,"LE2-1231.017","FCM"
1866,-1.10359312181685,-0.63272869895332,"LE2-1231.017","FCM"
1867,-0.500787810252966,-0.191972426076829,"LE2-1231.017","FCM"
1868,-0.481961453144058,-0.572666071833066,"LE2-1231.017","FCM"
1869,-0.30339327702548,-0.0298102139816776,"LE2-1231.017","FCM"
1870,-0.116494713846698,-0.218746816083662,"LE2-1231.017","FCM"
1871,0.613272230644784,-0.176220725370496,"LE2-1231.017","FCM"
1872,-0.752559567117736,-1.00045260879774,"LE2-1231.017","FCM"
1873,-0.519692392390524,-0.0836184396770599,"LE2-1231.017","FCM"
1874,-0.0641719787410295,0.724730189996709,"LE2-1231.017","FCM"
1875,-0.257363838475432,0.0779654811179858,"LE2-1231.017","FCM"
1876,0.493261288163516,0.6558613624274,"LE2-1231.017","FCM"
1877,-0.818451029953594,-0.450665341746035,"LE2-1231.017","FCM"
1878,-0.60853623459084,0.0707139766861622,"LE2-1231.017","FCM"
1879,-0.378537843523077,0.0044750649344959,"LE2-1231.017","FCM"
1880,-1.04672870401739,-0.551864170732306,"LE2-1231.017","FCM"
1881,0.27054842576671,0.119729826272098,"LE2-1231.017","FCM"
1882,0.588721664992244,-0.270601224881117,"LE2-1231.017","FCM"
1883,1.51855944932581,0.90864908161105,"LE2-1231.017","FCM"
1884,0.341414322609999,0.477936420721444,"LE2-1231.017","FCM"
1885,0.741659249334618,0.700513378773715,"LE2-1231.017","FCM"
1886,0.992983042965474,1.1589079916598,"LE2-1231.017","FCM"
1887,0.00871460808391294,0.0343481797043282,"LE2-1231.017","FCM"
1888,-0.322016977226237,-0.388109963656114,"LE2-1231.017","FCM"
1889,-0.136408424300201,0.403981487165087,"LE2-1231.017","FCM"
1890,0.704878184384136,0.275534293689906,"LE2-1231.017","FCM"
1891,-0.0221404543758998,-0.633996989904057,"LE2-1231.017","FCM"
1892,0.152675216066138,-0.118857544961482,"LE2-1231.017","FCM"
1893,0.158424578546076,0.00289571028965128,"LE2-1231.017","FCM"
1894,0.343816232934945,-0.0573329778438385,"LE2-1231.017","FCM"
1895,-0.443559999903623,-0.516332364211402,"LE2-1231.017","FCM"
1896,-0.0892416496021209,-0.32068534892223,"LE2-1231.017","FCM"
1897,-0.172237227213666,-0.577364796726998,"LE2-1231.017","FCM"
1898,-0.337516237303882,-0.479544920872454,"LE2-1231.017","FCM"
1899,0.0296064468103013,0.000958507470702302,"LE2-1231.017","FCM"
1900,-0.628373349267951,-0.766628002929601,"LE2-1231.017","FCM"
1901,0.209694521238861,-0.212233653918376,"LE2-1231.017","FCM"
1902,0.412710855860909,0.582049454446811,"LE2-1231.017","FCM"
1903,-0.0285513529662705,-0.398289535838923,"LE2-1231.017","FCM"
1904,0.253263252820631,0.148023860248377,"LE2-1231.017","FCM"
1905,-0.634466438160355,-0.690636134202279,"LE2-1231.017","FCM"
1906,0.116741623408176,0.323718058920257,"LE2-1231.017","FCM"
1907,-0.277272516237662,-0.246926935634288,"LE2-1231.017","FCM"
1908,-0.391452450546343,-0.733072426074549,"LE2-1231.017","FCM"
1909,-0.382932129378664,-0.317158729596113,"LE2-1231.017","FCM"
1910,-0.781349635073383,-0.330912794154899,"LE2-1231.017","FCM"
1911,-0.81297137057783,-0.330654774939265,"LE2-1231.017","FCM"
1912,-0.0832764480867447,-0.0382503339162497,"LE2-1231.017","FCM"
1913,-0.134661840818215,-0.117751089796672,"LE2-1231.017","FCM"
1914,0.901809075418962,0.86984003853158,"LE2-1231.017","FCM"
1915,1.20603646918257,0.366903338575623,"LE2-1231.017","FCM"
1916,0.829228056452634,-0.23803374211886,"LE2-1231.017","FCM"
1917,0.884916294302077,0.695339615095867,"LE2-1231.017","FCM"
1918,1.09807068713851,1.20495233389329,"LE2-1231.017","FCM"
1919,0.373861050857923,0.811868496651553,"LE2-1231.017","FCM"
1920,0.172512895170964,0.392564119740099,"LE2-1231.017","FCM"
1921,0.682271060062878,0.406649376526333,"LE2-1231.017","FCM"
1922,-0.256308846887382,-0.294874088052867,"LE2-1231.017","FCM"
1923,-0.562649065888435,-0.316868856431569,"LE2-1231.017","FCM"
1924,0.432759624162458,1.22902389977144,"LE2-1231.017","FCM"
1925,-0.281910184392356,-0.794210691265011,"LE2-1231.017","FCM"
1926,-0.501365326145694,-0.639337811884083,"LE2-1231.017","FCM"
1927,0.472115525685497,-0.114693576732415,"LE2-1231.017","FCM"
1928,-0.214669083009218,-0.0676036388445967,"LE2-1231.017","FCM"
1929,-0.0054187508898622,0.0945707475659697,"LE2-1231.017","FCM"
1930,0.19509831087095,0.0433458588070753,"LE2-1231.017","FCM"
1931,0.946991219245797,0.950249216644631,"LE2-1231.017","FCM"
1932,1.1976496234973,0.522861275824747,"LE2-1231.017","FCM"
1933,0.136149402553131,0.37054097258199,"LE2-1231.017","FCM"
1934,0.303666837374675,1.14289829739493,"LE2-1231.017","FCM"
1935,-0.0743932624108081,0.140613382994372,"LE2-1231.017","FCM"
1936,0.803302944189212,0.423323381380043,"LE2-1231.017","FCM"
1937,0.704813342371826,0.296268674218557,"LE2-1231.017","FCM"
1938,0.62231246884245,0.101507533741299,"LE2-1231.017","FCM"
1939,-0.523871272408291,-0.46435309076552,"LE2-1231.017","FCM"
1940,-0.0680061469395194,0.127498365050819,"LE2-1231.017","FCM"
1941,0.262030752241114,0.450776068939079,"LE2-1231.017","FCM"
1942,0.254876449928082,0.251944105572774,"LE2-1231.017","FCM"
1943,0.41950385423397,0.300532758035415,"LE2-1231.017","FCM"
1944,-0.152193215427578,0.13566991816328,"LE2-1231.017","FCM"
1945,-0.405249697268762,-0.197475108488284,"LE2-1231.017","FCM"
1946,0.171843585745906,0.0563854722100578,"LE2-1231.017","FCM"
1947,0.181010177511894,-0.00948710351574538,"LE2-1231.017","FCM"
1948,-0.500535399967995,-1.04486046976303,"LE2-1231.017","FCM"
1949,-0.665108104385794,-0.268694851906433,"LE2-1231.017","FCM"
1950,-0.433846526988195,-0.78566901785224,"LE2-1231.017","FCM"
1951,-0.242455788316222,-0.247877209601229,"LE2-1231.017","FCM"
1952,0.285760568320766,0.0764327657512442,"LE2-1231.017","FCM"
1953,0.177326473231505,-0.472793177669259,"LE2-1231.017","FCM"
1954,-0.0430629407332722,0.0584496317079575,"LE2-1231.017","FCM"
1955,-1.65259341400095,-1.61405376326384,"LE2-1231.017","FCM"
1956,-0.662244675446316,-0.651052865349131,"LE2-1231.017","FCM"
1957,-0.286181076876987,-0.516421239774173,"LE2-1231.017","FCM"
1958,-0.0017223757164607,0.259767395500753,"LE2-1231.017","FCM"
1959,0.169842737922605,0.155062886752534,"LE2-1231.017","FCM"
1960,0.850087268675342,0.939801898851679,"LE2-1231.017","FCM"
1961,0.250012633423002,0.651879101506903,"LE2-1231.017","FCM"
1962,0.284121840927139,0.884986847362568,"LE2-1231.017","FCM"
1963,0.182832687727056,0.250038600203897,"LE2-1231.017","FCM"
1964,0.205550674914051,0.0673001231811731,"LE2-1231.017","FCM"
1965,-0.432802943076295,-0.811294690662701,"LE2-1231.017","FCM"
1966,-1.0841529852184,-1.06725556231995,"LE2-1231.017","FCM"
1967,-1.1674139835069,-1.16606916842203,"LE2-1231.017","FCM"
1968,-0.944455237776303,-0.352112392639721,"LE2-1231.017","FCM"
1969,-0.231929618469149,-0.0365599357254365,"LE2-1231.017","FCM"
1970,-0.236417773927396,0.282968480755323,"LE2-1231.017","FCM"
1971,-0.389286829206927,0.412127943909269,"LE2-1231.017","FCM"
1972,0.0855236524098451,0.735365632287006,"LE2-1231.017","FCM"
1973,0.475775463205201,-0.107805011888074,"LE2-1231.017","FCM"
1974,-0.489582542919912,-0.808387867486295,"LE2-1231.017","FCM"
1975,-0.386904715901824,-0.520488645050308,"LE2-1231.017","FCM"
1976,-0.308935672978781,-1.17660637588092,"LE2-1231.017","FCM"
1977,0.53061415760753,-0.549078490384007,"LE2-1231.017","FCM"
1978,0.43701483941863,-0.162751236256267,"LE2-1231.017","FCM"
1979,0.234374834955101,-0.884727078517664,"LE2-1231.017","FCM"
1980,0.347037956354755,0.580457815193664,"LE2-1231.017","FCM"
1981,-0.347698249694951,-0.332491639035952,"LE2-1231.017","FCM"
1982,-0.00464046325925862,-0.602209557772775,"LE2-1231.017","FCM"
1983,0.989533054277682,0.513551113412089,"LE2-1231.017","FCM"
1984,0.274006871772535,-0.136961974930164,"LE2-1231.017","FCM"
1985,-0.129921792664801,-0.276823484521171,"LE2-1231.017","FCM"
1986,-0.437874869302066,-0.902833278668251,"LE2-1231.017","FCM"
1987,-0.510843473007239,-0.48961201540481,"LE2-1231.017","FCM"
1988,-1.36168527718804,-1.36912126613511,"LE2-1231.017","FCM"
1989,-0.698813252185429,-0.119732099076173,"LE2-1231.017","FCM"
1990,-0.338976779874777,-0.496820131735971,"LE2-1231.017","FCM"
1991,0.197814540913515,-0.43711256085491,"LE2-1231.017","FCM"
1992,-0.280618236344007,-0.431226546165496,"LE2-1231.017","FCM"
1993,-0.378325884908585,-0.056305534062206,"LE2-1231.017","FCM"
1994,-0.253814411628174,0.0366902854179847,"LE2-1231.017","FCM"
1995,-0.271150880071713,-0.312916315223446,"LE2-1231.017","FCM"
1996,0.30528151074732,0.0724315454062557,"LE2-1231.017","FCM"
1997,-0.534911563722978,-0.908021140996454,"LE2-1231.017","FCM"
1998,-1.54198326084947,-0.92522046562773,"LE2-1231.017","FCM"
1999,-1.10864567993488,0.099394440414254,"LE2-1231.017","FCM"
2000,-0.0283853780899109,0.822426085070391,"LE2-1231.017","FCM"
2001,0.157681548102299,0.677085215487292,"LE2-1231.017","FCM"
2002,-0.0839846718843951,0.183052176301081,"LE2-1231.017","FCM"
2003,-0.0696861989048413,0.0965858433665662,"LE2-1231.017","FCM"
2004,-0.2135988356448,0.205534821410638,"LE2-1231.017","FCM"
2005,0.0376208466796102,0.0665709351998137,"LE2-1231.017","FCM"
2006,-0.312921269259723,-0.711962276604193,"LE2-1231.017","FCM"
2007,-0.828770517488422,-0.605831453215252,"LE2-1231.017","FCM"
2008,-0.0941482814953982,0.536034746354895,"LE2-1231.017","FCM"
2009,-0.505395985048746,-0.152075418084854,"LE2-1231.017","FCM"
2010,-0.0843833496368553,0.151745543355842,"LE2-1231.017","FCM"
2011,0.424539976207017,0.177998544290045,"LE2-1231.017","FCM"
2012,0.55302937899045,0.342351621174164,"LE2-1231.017","FCM"
2013,0.954556998667356,0.913922142009272,"LE2-1231.017","FCM"
2014,1.38164503256974,1.01259064355517,"LE2-1231.017","FCM"
1851,0.840591823038045,-0.0983221998050372,"LE2-1231.018","FCM"
1852,1.18004959235515,0.984889394162265,"LE2-1231.018","FCM"
1853,1.51884360204591,1.50772827499712,"LE2-1231.018","FCM"
1854,0.435072094503472,0.271252965523404,"LE2-1231.018","FCM"
1855,-0.199876624122917,0.0056058450929617,"LE2-1231.018","FCM"
1856,-0.441260469646929,-0.140777329080699,"LE2-1231.018","FCM"
1857,-0.780149292896882,-0.295493033946553,"LE2-1231.018","FCM"
1858,-0.502266261518257,-0.0015786110237294,"LE2-1231.018","FCM"
1859,-0.000233570458774879,0.387431021251179,"LE2-1231.018","FCM"
1860,0.0979267998235466,0.125666487765662,"LE2-1231.018","FCM"
1861,0.63717181789301,-0.0371388829947533,"LE2-1231.018","FCM"
1862,-0.152281722828379,-0.249720735189373,"LE2-1231.018","FCM"
1863,0.186123426231574,0.639575405112028,"LE2-1231.018","FCM"
1864,0.245402741627316,0.00172045848734949,"LE2-1231.018","FCM"
1865,-0.321316126105953,-0.0925300914226803,"LE2-1231.018","FCM"
1866,-0.429805190279828,-0.168483403548124,"LE2-1231.018","FCM"
1867,-0.156665600333464,-0.696190705268367,"LE2-1231.018","FCM"
1868,-0.990323361517885,-0.806240069948047,"LE2-1231.018","FCM"
1869,-0.74852632913948,-0.609306405378922,"LE2-1231.018","FCM"
1870,-0.703692843645867,-0.894001986033534,"LE2-1231.018","FCM"
1871,-0.333840233632482,-0.667369451814139,"LE2-1231.018","FCM"
1872,0.522850363833204,0.142085965591355,"LE2-1231.018","FCM"
1873,0.145910016148617,0.48332438381217,"LE2-1231.018","FCM"
1874,1.20709014375618,1.24296527404709,"LE2-1231.018","FCM"
1875,0.837227703141489,0.291325249336921,"LE2-1231.018","FCM"
1876,0.044254518431396,0.205090771085696,"LE2-1231.018","FCM"
1877,-0.37239555312427,0.0941573620376799,"LE2-1231.018","FCM"
1878,0.302898094792847,0.221976476326388,"LE2-1231.018","FCM"
1879,-0.139753516159903,0.115749097030419,"LE2-1231.018","FCM"
1880,-0.398087071222949,-0.230995395934614,"LE2-1231.018","FCM"
1881,0.0659188058418504,0.073383421331729,"LE2-1231.018","FCM"
1882,-0.231971096389422,-0.653342889172992,"LE2-1231.018","FCM"
1883,-0.275654086010294,0.779091471909793,"LE2-1231.018","FCM"
1884,0.165465866117155,1.01889832059267,"LE2-1231.018","FCM"
1885,0.208491688564639,0.46221085988802,"LE2-1231.018","FCM"
1886,0.318914098483737,0.205135654134598,"LE2-1231.018","FCM"
1887,-0.740867450238319,-0.429908739278927,"LE2-1231.018","FCM"
1888,-1.03122295989336,-0.214150574234795,"LE2-1231.018","FCM"
1889,-0.273474394098458,-0.0193008304842523,"LE2-1231.018","FCM"
1890,-0.0911531941922096,-0.15174711511943,"LE2-1231.018","FCM"
1891,0.0448292425271753,-0.298648298021083,"LE2-1231.018","FCM"
1892,0.26775627128795,0.885528776574471,"LE2-1231.018","FCM"
1893,0.330762507091867,-0.11868186542967,"LE2-1231.018","FCM"
1894,-0.211003168713946,-0.0687979169647072,"LE2-1231.018","FCM"
1895,-0.0843806477351678,-0.174835187499449,"LE2-1231.018","FCM"
1896,0.172754808460704,-0.0607411080340043,"LE2-1231.018","FCM"
1897,-0.260873296540213,-0.256394411656073,"LE2-1231.018","FCM"
1898,-0.147396379973736,-0.061343186204095,"LE2-1231.018","FCM"
1899,-0.195272484293465,0.0347492056877383,"LE2-1231.018","FCM"
1900,0.395738206445876,0.11334076450947,"LE2-1231.018","FCM"
1901,0.719671898671642,0.0509402415255476,"LE2-1231.018","FCM"
1902,0.30641627651062,-0.546976691364744,"LE2-1231.018","FCM"
1903,-0.687443709073961,-1.17989551786884,"LE2-1231.018","FCM"
1904,-1.13016458758756,-1.49772330394022,"LE2-1231.018","FCM"
1905,-0.549451782738694,-0.998016699721407,"LE2-1231.018","FCM"
1906,-0.615841349848958,-0.823868097098678,"LE2-1231.018","FCM"
1907,-0.70993062942747,-0.806661258817851,"LE2-1231.018","FCM"
1908,-0.258723421877114,-0.395284879947456,"LE2-1231.018","FCM"
1909,-0.0627813618487172,-0.187461540526804,"LE2-1231.018","FCM"
1910,-0.204602333659402,-0.495594602444432,"LE2-1231.018","FCM"
1911,-0.725274560294218,-0.655555839188543,"LE2-1231.018","FCM"
1912,-0.178628198682132,-0.95195197753346,"LE2-1231.018","FCM"
1913,0.0844478894410516,-0.663049145871892,"LE2-1231.018","FCM"
1914,0.310702261007541,0.169033771849898,"LE2-1231.018","FCM"
1915,0.0841974100758942,0.198935243831198,"LE2-1231.018","FCM"
1916,-0.129598012272355,0.395946211152174,"LE2-1231.018","FCM"
1917,-0.655645086045046,-0.0178735666921699,"LE2-1231.018","FCM"
1918,-0.153422826876983,0.558678205268562,"LE2-1231.018","FCM"
1919,0.298483961471113,0.531712982405114,"LE2-1231.018","FCM"
1920,-0.172747469081142,-0.184180418574358,"LE2-1231.018","FCM"
1921,-1.14589948089605,-0.939565412719197,"LE2-1231.018","FCM"
1922,-0.00386063739288154,-0.175536979406793,"LE2-1231.018","FCM"
1923,0.405639156639337,-0.0252766451367788,"LE2-1231.018","FCM"
1924,-0.115248776379178,-0.656191684973121,"LE2-1231.018","FCM"
1925,0.214082763737388,-0.419678155965187,"LE2-1231.018","FCM"
1926,-0.273338901174023,-0.334994489141292,"LE2-1231.018","FCM"
1927,-0.498672997687324,-1.14174179644358,"LE2-1231.018","FCM"
1928,-0.152953506440661,-0.936813603013433,"LE2-1231.018","FCM"
1929,0.0296778209248266,-0.505083489554114,"LE2-1231.018","FCM"
1930,0.677606967824019,0.300429342066994,"LE2-1231.018","FCM"
1931,0.165031168818261,-0.228352315297717,"LE2-1231.018","FCM"
1932,-0.146793004783755,0.00261252692725371,"LE2-1231.018","FCM"
1933,0.722943688476183,0.928143668221715,"LE2-1231.018","FCM"
1934,0.284050003425826,-0.243662622014749,"LE2-1231.018","FCM"
1935,0.543620451074743,0.295284559466304,"LE2-1231.018","FCM"
1936,-0.298262808478626,-0.297530165676894,"LE2-1231.018","FCM"
1937,-0.155579595759013,0.0637498114658053,"LE2-1231.018","FCM"
1938,0.392163654469357,0.27287160410367,"LE2-1231.018","FCM"
1939,1.2236627205105,1.00523967369528,"LE2-1231.018","FCM"
1940,1.53628271529846,0.73193609577778,"LE2-1231.018","FCM"
1941,1.08523393544637,0.667982741817465,"LE2-1231.018","FCM"
1942,-0.0573088795430924,-0.27834378984563,"LE2-1231.018","FCM"
1943,0.211262816693918,-0.256181528011553,"LE2-1231.018","FCM"
1944,-0.460124244420553,-0.786622350944299,"LE2-1231.018","FCM"
1945,-0.773344414492376,-0.430945769882989,"LE2-1231.018","FCM"
1946,-0.163889881359138,-0.145011953125635,"LE2-1231.018","FCM"
1947,-0.0901948604502155,0.390987564487817,"LE2-1231.018","FCM"
1948,0.137625391695666,0.749200123720667,"LE2-1231.018","FCM"
1949,0.206587034380549,0.674231081985398,"LE2-1231.018","FCM"
1950,1.55419920889707,1.23694389395414,"LE2-1231.018","FCM"
1951,0.840440695732076,0.311216714034765,"LE2-1231.018","FCM"
1952,0.413595362983779,0.250168093651821,"LE2-1231.018","FCM"
1953,0.0181614283716842,0.0242982836913852,"LE2-1231.018","FCM"
1954,0.842132271579132,0.766858678016105,"LE2-1231.018","FCM"
1955,1.15056837061169,0.769388662387657,"LE2-1231.018","FCM"
1956,0.336089312059568,0.62246602587131,"LE2-1231.018","FCM"
1957,-0.408139645949451,-0.154988989020672,"LE2-1231.018","FCM"
1958,-0.758883693202843,0.0592404065050012,"LE2-1231.018","FCM"
1959,-0.873523227222433,-0.143551209266865,"LE2-1231.018","FCM"
1960,-0.292860107339885,-0.184189224674691,"LE2-1231.018","FCM"
1961,0.886774497791527,0.238024968984568,"LE2-1231.018","FCM"
1962,0.689309450628923,-0.211179581091886,"LE2-1231.018","FCM"
1963,0.314166539966132,-0.162237395176186,"LE2-1231.018","FCM"
1964,-0.298658854435596,0.0580309862279963,"LE2-1231.018","FCM"
1965,-0.833984729601556,-0.482478640223659,"LE2-1231.018","FCM"
1966,-1.54826690726584,-0.840967778818725,"LE2-1231.018","FCM"
1967,-1.16909465111278,-0.57318898606447,"LE2-1231.018","FCM"
1968,-0.586126774955443,-0.745830574958263,"LE2-1231.018","FCM"
1969,-0.397850428323052,-0.222343035660175,"LE2-1231.018","FCM"
1970,-0.214391634077958,0.326068386915961,"LE2-1231.018","FCM"
1971,-0.39600375997693,-0.681158492291146,"LE2-1231.018","FCM"
1972,0.227495163879,0.113408912777378,"LE2-1231.018","FCM"
1973,-0.0782490207191533,-0.334858341884902,"LE2-1231.018","FCM"
1974,-0.296649518544728,-0.510470254632895,"LE2-1231.018","FCM"
1975,1.16916609345911,0.563459779953552,"LE2-1231.018","FCM"
1976,0.383987867435925,-0.763891983288103,"LE2-1231.018","FCM"
1977,-0.018558189177416,0.0954594870342539,"LE2-1231.018","FCM"
1978,-0.672047777224336,-0.614036424475084,"LE2-1231.018","FCM"
1979,-0.499038384635716,-0.489637903622762,"LE2-1231.018","FCM"
1980,0.19969453846999,-0.127439613512527,"LE2-1231.018","FCM"
1981,0.202166428639183,0.314669747623697,"LE2-1231.018","FCM"
1982,-0.492654575218979,-0.902744870715085,"LE2-1231.018","FCM"
1983,-0.357832986626978,-0.30423892332956,"LE2-1231.018","FCM"
1984,0.477997188547445,0.530843524778753,"LE2-1231.018","FCM"
1985,0.593505954578825,0.155040018471169,"LE2-1231.018","FCM"
1986,-0.406235776625437,-0.841378997873526,"LE2-1231.018","FCM"
1987,-0.583848746119574,-0.57653495904044,"LE2-1231.018","FCM"
1988,-0.0177752339251803,-0.66034574342583,"LE2-1231.018","FCM"
1989,-0.0349164583289814,-0.263766917762336,"LE2-1231.018","FCM"
1990,-0.548269204254485,-0.415313148812565,"LE2-1231.018","FCM"
1991,-0.432174504783341,-0.147974838880346,"LE2-1231.018","FCM"
1992,0.0200525920617984,0.0529239328513434,"LE2-1231.018","FCM"
1993,-0.37020812419431,-0.576539222163935,"LE2-1231.018","FCM"
1994,-0.412389923345075,-0.102663135773016,"LE2-1231.018","FCM"
1995,-0.608700494913605,-0.418272621136056,"LE2-1231.018","FCM"
1996,-1.31725275197544,-0.914106989174398,"LE2-1231.018","FCM"
1997,-0.941737457967865,-0.524901523292408,"LE2-1231.018","FCM"
1998,-0.0381740746925959,-0.0212989065617467,"LE2-1231.018","FCM"
1999,-0.0200220305286644,-0.349704012412891,"LE2-1231.018","FCM"
2000,0.0430086999541749,-0.636246328401167,"LE2-1231.018","FCM"
2001,-0.709930944077422,-0.224986617688978,"LE2-1231.018","FCM"
2002,-0.305040304454571,0.850499761241276,"LE2-1231.018","FCM"
2003,-0.226527440996443,0.419841343944671,"LE2-1231.018","FCM"
2004,-0.725263232428626,-0.441984045294009,"LE2-1231.018","FCM"
2005,0.0936686268491387,0.482771322284757,"LE2-1231.018","FCM"
2006,0.205111397402137,0.89129955001,"LE2-1231.018","FCM"
2007,0.494417639312049,0.691523520964284,"LE2-1231.018","FCM"
2008,0.3227663426318,0.145359015391264,"LE2-1231.018","FCM"
2009,0.737255841223871,0.37320095570616,"LE2-1231.018","FCM"
2010,0.282234362158735,0.0668923306351882,"LE2-1231.018","FCM"
2011,1.07634558750296,1.39625921009719,"LE2-1231.018","FCM"
2012,0.584795181388738,0.839747829211124,"LE2-1231.018","FCM"
2013,0.892914735638553,1.5504415373006,"LE2-1231.018","FCM"
2014,1.18247006849756,2.14231410688573,"LE2-1231.018","FCM"
1851,0.528039673833858,0.401514693206258,"LE2-1231.019","FCM"
1852,-0.308233035898907,-0.454575276146776,"LE2-1231.019","FCM"
1853,-0.678771577674389,-0.849117965091062,"LE2-1231.019","FCM"
1854,-1.0401902546983,-0.788499128745578,"LE2-1231.019","FCM"
1855,-0.528544698375371,-0.18543818861628,"LE2-1231.019","FCM"
1856,0.237269204700058,0.346004628510775,"LE2-1231.019","FCM"
1857,-0.00469228450802418,-0.062981412898322,"LE2-1231.019","FCM"
1858,-0.176096541837102,-0.608522409891021,"LE2-1231.019","FCM"
1859,0.284081820976018,-0.137518883325878,"LE2-1231.019","FCM"
1860,0.0520526710964079,-0.00403504372242021,"LE2-1231.019","FCM"
1861,1.03063324798625,0.737954096337669,"LE2-1231.019","FCM"
1862,0.0209984563472515,-0.419875056225409,"LE2-1231.019","FCM"
1863,-0.311741341820043,-0.526999963059954,"LE2-1231.019","FCM"
1864,-0.00759562298941679,-0.140039678654319,"LE2-1231.019","FCM"
1865,0.399054347989126,0.736331256046242,"LE2-1231.019","FCM"
1866,-0.351303365740865,-0.118671410985625,"LE2-1231.019","FCM"
1867,0.00960834905691471,0.83472002095052,"LE2-1231.019","FCM"
1868,-0.427640866289379,-0.48868574398961,"LE2-1231.019","FCM"
1869,-0.430899723896243,-0.451304362760293,"LE2-1231.019","FCM"
1870,-1.25680383933603,-0.33516757881156,"LE2-1231.019","FCM"
1871,-0.219020295301485,-0.0714789841756315,"LE2-1231.019","FCM"
1872,0.219506641511634,-0.14668719621494,"LE2-1231.019","FCM"
1873,-0.187667856547388,0.00392376915452675,"LE2-1231.019","FCM"
1874,-0.270285027518997,-0.0514828337040043,"LE2-1231.019","FCM"
1875,-0.352298889308027,-0.219536493232595,"LE2-1231.019","FCM"
1876,-0.438288818421767,-0.441254916808478,"LE2-1231.019","FCM"
1877,-0.295798805298947,-0.0191343400634429,"LE2-1231.019","FCM"
1878,-0.203167134441673,-0.337882696385309,"LE2-1231.019","FCM"
1879,0.370423390199879,0.277558958012886,"LE2-1231.019","FCM"
1880,0.832937773400709,0.61406211742169,"LE2-1231.019","FCM"
1881,-0.42753279580719,0.216915192302919,"LE2-1231.019","FCM"
1882,-0.0301514740730031,0.951603148110097,"LE2-1231.019","FCM"
1883,0.196766949791495,0.546719036857567,"LE2-1231.019","FCM"
1884,0.0573314771827682,0.541679464347407,"LE2-1231.019","FCM"
1885,-0.936070658381926,-0.55203527300416,"LE2-1231.019","FCM"
1886,-0.22935309011488,0.0982659384380045,"LE2-1231.019","FCM"
1887,-0.0129955858573135,0.0383278062016353,"LE2-1231.019","FCM"
1888,0.168633843872238,-0.134779820595966,"LE2-1231.019","FCM"
1889,-0.383466031452108,-0.643151504388381,"LE2-1231.019","FCM"
1890,-0.137452841744268,-0.539650409360191,"LE2-1231.019","FCM"
1891,0.0952997443991613,-0.672845308280232,"LE2-1231.019","FCM"
1892,-0.387503599714957,-0.634709672269447,"LE2-1231.019","FCM"
1893,0.13330327943288,-0.0249880753377335,"LE2-1231.019","FCM"
1894,0.622687659128254,0.981497725225554,"LE2-1231.019","FCM"
1895,0.0895601965005333,0.0540648035861517,"LE2-1231.019","FCM"
1896,-0.0610238803662754,-0.129050349615273,"LE2-1231.019","FCM"
1897,0.645837397579495,0.254962235690226,"LE2-1231.019","FCM"
1898,0.818092776153142,0.633468950748385,"LE2-1231.019","FCM"
1899,0.857936656417674,0.592151742181438,"LE2-1231.019","FCM"
1900,0.969600413561486,0.786236481964211,"LE2-1231.019","FCM"
1901,0.497588793756981,0.353132288653122,"LE2-1231.019","FCM"
1902,0.0391162385188065,0.0887446265850075,"LE2-1231.019","FCM"
1903,-0.782026506010094,-0.732421314330249,"LE2-1231.019","FCM"
1904,-1.19110651694106,-0.838730222715939,"LE2-1231.019","FCM"
1905,-0.436521965901213,0.496188838723851,"LE2-1231.019","FCM"
1906,0.315357869548996,0.351823308474644,"LE2-1231.019","FCM"
1907,-0.164200400215597,0.126477056266439,"LE2-1231.019","FCM"
1908,-0.92498360177297,-0.930322719401739,"LE2-1231.019","FCM"
1909,-0.394162561607038,-0.133243396825834,"LE2-1231.019","FCM"
1910,-0.391380492320425,-0.513526585416045,"LE2-1231.019","FCM"
1911,-0.174040397218185,-0.247827801700695,"LE2-1231.019","FCM"
1912,0.272485830712144,-0.30640511304761,"LE2-1231.019","FCM"
1913,0.131861657610853,0.0811730864205741,"LE2-1231.019","FCM"
1914,0.0900951127410344,-0.36014946673116,"LE2-1231.019","FCM"
1915,0.090816262149325,-0.496894027683543,"LE2-1231.019","FCM"
1916,-0.179364747667816,-0.968784216489212,"LE2-1231.019","FCM"
1917,-0.103349763541553,-0.454606780000161,"LE2-1231.019","FCM"
1918,-0.0729162076115182,0.0898363831018633,"LE2-1231.019","FCM"
1919,-0.0339730824041286,0.11327374051672,"LE2-1231.019","FCM"
1920,-0.912977264823813,0.0192305728781171,"LE2-1231.019","FCM"
1921,0.0497000862471022,0.580906215749335,"LE2-1231.019","FCM"
1922,0.625651274573246,1.06155303221094,"LE2-1231.019","FCM"
1923,0.912945858624999,0.291779519934534,"LE2-1231.019","FCM"
1924,0.480370445934654,-0.345909866079946,"LE2-1231.019","FCM"
1925,0.225036605323802,0.0082709924253355,"LE2-1231.019","FCM"
1926,0.290158887504579,0.298490391259241,"LE2-1231.019","FCM"
1927,0.881381141626994,0.426292876725659,"LE2-1231.019","FCM"
1928,-0.240440710206441,0.0259880074625452,"LE2-1231.019","FCM"
1929,-1.21559576917686,-0.997988351175914,"LE2-1231.019","FCM"
1930,-0.246194781407374,-0.541171844708537,"LE2-1231.019","FCM"
1931,0.127632827431295,0.169868564724287,"LE2-1231.019","FCM"
1932,-0.722195845318165,-0.628901215721448,"LE2-1231.019","FCM"
1933,-0.62902298829654,-0.418341409688014,"LE2-1231.019","FCM"
1934,0.0712751865956295,-0.618674059896494,"LE2-1231.019","FCM"
1935,-0.291173501165343,-0.646748244986345,"LE2-1231.019","FCM"
1936,0.129088123775048,-0.227152332417146,"LE2-1231.019","FCM"
1937,-0.12815038144496,-0.541620177275565,"LE2-1231.019","FCM"
1938,0.220948425467963,-0.0185800914101373,"LE2-1231.019","FCM"
1939,-0.473968624537872,-0.378097936924538,"LE2-1231.019","FCM"
1940,0.361319958545742,1.05014914938222,"LE2-1231.019","FCM"
1941,-0.292251111831169,0.0774473756521214,"LE2-1231.019","FCM"
1942,-0.175405971291927,0.262064311002312,"LE2-1231.019","FCM"
1943,0.430283002550988,-0.252075526606021,"LE2-1231.019","FCM"
1944,0.719182204719342,0.464836044953857,"LE2-1231.019","FCM"
1945,-0.433338987476024,-0.293853925479475,"LE2-1231.019","FCM"
1946,-0.0887268134583052,-0.0786003285118731,"LE2-1231.019","FCM"
1947,0.602317086186971,0.327287384519553,"LE2-1231.019","FCM"
1948,0.692971475050323,0.543831517131331,"LE2-1231.019","FCM"
1949,1.84436211301842,1.52837178553037,"LE2-1231.019","FCM"
1950,0.956810858762657,-0.131314126772012,"LE2-1231.019","FCM"
1951,0.157823632154671,-0.0177739077425811,"LE2-1231.019","FCM"
1952,-0.199913708656947,-0.236104386012506,"LE2-1231.019","FCM"
1953,-0.787136312029654,-0.466916790431544,"LE2-1231.019","FCM"
1954,-0.620246963012479,-0.273744476737039,"LE2-1231.019","FCM"
1955,0.0527995380801379,-0.497569051698145,"LE2-1231.019","FCM"
1956,0.270407264470171,0.430507243286371,"LE2-1231.019","FCM"
1957,0.0884219046906863,-0.693292703894943,"LE2-1231.019","FCM"
1958,0.00180021472683374,-0.09056453797274,"LE2-1231.019","FCM"
1959,0.173910494398031,-0.0360332643520047,"LE2-1231.019","FCM"
1960,-0.304249895809046,-0.0474596098322417,"LE2-1231.019","FCM"
1961,-0.0655720105085388,0.0265856742004078,"LE2-1231.019","FCM"
1962,0.229328734984729,-0.236808431976103,"LE2-1231.019","FCM"
1963,-0.0672040536449738,-0.256551198100117,"LE2-1231.019","FCM"
1964,-0.662408880450421,-0.44691186910585,"LE2-1231.019","FCM"
1965,0.173181517912527,0.737097482085236,"LE2-1231.019","FCM"
1966,0.775781136383545,0.453104055013898,"LE2-1231.019","FCM"
1967,-0.178668296270767,-0.394348050074937,"LE2-1231.019","FCM"
1968,-1.03107990142239,-0.631795987563387,"LE2-1231.019","FCM"
1969,-0.053143624396912,0.571679600207788,"LE2-1231.019","FCM"
1970,1.04875010392978,1.039052283099,"LE2-1231.019","FCM"
1971,0.122129495041105,-0.16890511192583,"LE2-1231.019","FCM"
1972,0.344138256041707,-0.441857355835793,"LE2-1231.019","FCM"
1973,-0.469031131555232,-1.19064965844753,"LE2-1231.019","FCM"
1974,-0.843864916171515,-0.986648870256305,"LE2-1231.019","FCM"
1975,-0.659303430946077,-1.19067461307075,"LE2-1231.019","FCM"
1976,-0.29230341389417,-0.566391578655717,"LE2-1231.019","FCM"
1977,-0.288734194495201,-0.627007397623687,"LE2-1231.019","FCM"
1978,-0.795636355418327,-0.43526407997683,"LE2-1231.019","FCM"
1979,0.577205593945905,0.0951755953608618,"LE2-1231.019","FCM"
1980,0.000472679821494798,-0.359989496105245,"LE2-1231.019","FCM"
1981,-0.215585929691222,-0.367394170749645,"LE2-1231.019","FCM"
1982,-0.524682633932893,-0.206429508366831,"LE2-1231.019","FCM"
1983,-0.00631038324499815,-0.00543014283871797,"LE2-1231.019","FCM"
1984,-0.466290271687875,-1.0607203771633,"LE2-1231.019","FCM"
1985,-0.727550651868589,-0.335342337731405,"LE2-1231.019","FCM"
1986,-0.116288503979078,-0.535384012765143,"LE2-1231.019","FCM"
1987,0.254833651391865,-0.142694398028047,"LE2-1231.019","FCM"
1988,-0.494237806512411,-1.1511366853238,"LE2-1231.019","FCM"
1989,-0.648410001117481,-0.682931954586104,"LE2-1231.019","FCM"
1990,-0.784763292391574,-0.649512341105355,"LE2-1231.019","FCM"
1991,-0.19820465760105,0.328696168062444,"LE2-1231.019","FCM"
1992,0.0117011697648855,-0.326977004273082,"LE2-1231.019","FCM"
1993,0.100143602176187,-0.432872948237656,"LE2-1231.019","FCM"
1994,-0.486288318112227,-0.141738881637205,"LE2-1231.019","FCM"
1995,-0.765888849039302,-0.590270605133587,"LE2-1231.019","FCM"
1996,0.0562370127916351,0.603147331578355,"LE2-1231.019","FCM"
1997,0.176535510914147,0.122163637662161,"LE2-1231.019","FCM"
1998,-0.517242925019263,-0.641333780333494,"LE2-1231.019","FCM"
1999,-0.116530341830131,0.190543663520918,"LE2-1231.019","FCM"
2000,-0.225864952361879,0.458547421261924,"LE2-1231.019","FCM"
2001,0.15596012974906,0.354974937840665,"LE2-1231.019","FCM"
2002,-0.586590658896153,-0.00389752295624015,"LE2-1231.019","FCM"
2003,0.348507144223733,0.534762214980122,"LE2-1231.019","FCM"
2004,0.485830042285067,0.385623030497107,"LE2-1231.019","FCM"
2005,0.0773658181778228,-0.174475450154234,"LE2-1231.019","FCM"
2006,0.206613963406808,1.01675885974176,"LE2-1231.019","FCM"
2007,0.219929873755824,0.275311771479822,"LE2-1231.019","FCM"
2008,0.741054080062807,1.427021072477,"LE2-1231.019","FCM"
2009,0.49904553150605,0.795218887781991,"LE2-1231.019","FCM"
2010,-0.377787772691095,-0.630179564455675,"LE2-1231.019","FCM"
2011,0.515211857216925,0.562920841679124,"LE2-1231.019","FCM"
2012,0.327811199423613,0.0823006096199288,"LE2-1231.019","FCM"
2013,0.696703479860428,0.188447398733374,"LE2-1231.019","FCM"
2014,0.719547983429778,0.513170809725993,"LE2-1231.019","FCM"
1851,0.0296207668402902,0.789607138059738,"LE2-1231.020","FCM"
1852,0.371950001398077,0.502260901154378,"LE2-1231.020","FCM"
1853,0.519412561035397,0.685845802387891,"LE2-1231.020","FCM"
1854,0.0743115304634634,-0.128445287024475,"LE2-1231.020","FCM"
1855,-0.0461169848716227,-0.109855945793515,"LE2-1231.020","FCM"
1856,0.55491041415352,0.308683130367857,"LE2-1231.020","FCM"
1857,0.713283108568275,0.155072094472249,"LE2-1231.020","FCM"
1858,0.334924121490212,0.000428379717947774,"LE2-1231.020","FCM"
1859,-0.472575377947352,-0.469705932486349,"LE2-1231.020","FCM"
1860,-0.139899913716053,0.108347039550818,"LE2-1231.020","FCM"
1861,-0.496179320666934,-0.0498584627361096,"LE2-1231.020","FCM"
1862,-0.364942715620189,-0.0430198972465142,"LE2-1231.020","FCM"
1863,0.171178462374741,0.0879682130561764,"LE2-1231.020","FCM"
1864,0.615053343808273,0.401794327441925,"LE2-1231.020","FCM"
1865,0.388650371139491,0.322807122322982,"LE2-1231.020","FCM"
1866,-0.311823512649472,-0.848412302184568,"LE2-1231.020","FCM"
1867,-0.59614961772728,-1.28310223427117,"LE2-1231.020","FCM"
1868,-1.31204454344835,-0.956598267114228,"LE2-1231.020","FCM"
1869,-0.135160777816182,-0.225198371066804,"LE2-1231.020","FCM"
1870,0.199361455586369,0.300946656286424,"LE2-1231.020","FCM"
1871,0.26827402925151,0.332140383270217,"LE2-1231.020","FCM"
1872,-0.173602503658445,0.0515465171856019,"LE2-1231.020","FCM"
1873,0.0570450496527375,0.22771434280876,"LE2-1231.020","FCM"
1874,-0.436949256575246,-0.552261120655661,"LE2-1231.020","FCM"
1875,1.27575805844333,1.3779808348702,"LE2-1231.020","FCM"
1876,0.794531977747125,0.764728677504186,"LE2-1231.020","FCM"
1877,0.359234702977117,0.571381522382543,"LE2-1231.020","FCM"
1878,-0.438574578658694,-0.579859458306148,"LE2-1231.020","FCM"
1879,-0.391136523037867,0.238987568757783,"LE2-1231.020","FCM"
1880,0.315058609631974,0.46068839923273,"LE2-1231.020","FCM"
1881,0.358904859495617,0.250320956371261,"LE2-1231.020","FCM"
1882,-0.406998243555091,-0.41875208145653,"LE2-1231.020","FCM"
1883,-0.21336373352864,-1.084731918123,"LE2-1231.020","FCM"
1884,0.497890069690542,0.241042731744659,"LE2-1231.020","FCM"
1885,-0.223117075921596,-0.178298886558738,"LE2-1231.020","FCM"
1886,-0.469528981763461,-0.173821385202622,"LE2-1231.020","FCM"
1887,-1.3185046744732,-1.05385864279905,"LE2-1231.020","FCM"
1888,-0.859293978519956,-0.478562564522034,"LE2-1231.020","FCM"
1889,-1.20522958261732,-0.848976183124381,"LE2-1231.020","FCM"
1890,-1.44364825106757,-1.42873054270254,"LE2-1231.020","FCM"
1891,-1.08391316081398,-1.29763685810749,"LE2-1231.020","FCM"
1892,-0.430958741945885,-0.977740728229521,"LE2-1231.020","FCM"
1893,0.843121943332722,0.0426488252338196,"LE2-1231.020","FCM"
1894,0.52929631830704,-0.194385139220746,"LE2-1231.020","FCM"
1895,-0.177854913230961,-0.362290925451261,"LE2-1231.020","FCM"
1896,-0.640949679712316,-0.841680039234396,"LE2-1231.020","FCM"
1897,-0.145861314569102,0.628861734542901,"LE2-1231.020","FCM"
1898,-0.22838829168768,0.756609544887941,"LE2-1231.020","FCM"
1899,0.179366436388405,0.293972591355792,"LE2-1231.020","FCM"
1900,0.0511143020259909,-0.0167912770441322,"LE2-1231.020","FCM"
1901,0.471841627570995,0.244619767368777,"LE2-1231.020","FCM"
1902,-0.20413337698106,-0.409696690235677,"LE2-1231.020","FCM"
1903,0.434634109181165,-0.00504586649534438,"LE2-1231.020","FCM"
1904,-0.00162998116919421,-0.255242134930319,"LE2-1231.020","FCM"
1905,-0.92350470778357,-0.46227787729998,"LE2-1231.020","FCM"
1906,-0.26348392136462,-0.24582229692743,"LE2-1231.020","FCM"
1907,-0.201391148492102,-0.459825629979217,"LE2-1231.020","FCM"
1908,0.137280779219914,0.113133217837885,"LE2-1231.020","FCM"
1909,0.210928134750919,0.29878783073015,"LE2-1231.020","FCM"
1910,-0.329055990403676,-0.105288817298366,"LE2-1231.020","FCM"
1911,0.429729569990688,-0.161816533354819,"LE2-1231.020","FCM"
1912,0.269807834603956,-0.175623083691835,"LE2-1231.020","FCM"
1913,-0.151629041674294,-0.708011183341062,"LE2-1231.020","FCM"
1914,-0.492070147259205,-0.479243094492598,"LE2-1231.020","FCM"
1915,-1.54439978678596,-0.526454363519252,"LE2-1231.020","FCM"
1916,-0.756425185827309,-0.302866433858932,"LE2-1231.020","FCM"
1917,-0.0137984133974734,0.253255256316938,"LE2-1231.020","FCM"
1918,0.456665610069384,0.420370008404196,"LE2-1231.020","FCM"
1919,0.194140310968622,-0.295327713134152,"LE2-1231.020","FCM"
1920,-0.369837127756115,-0.524256330868736,"LE2-1231.020","FCM"
1921,-1.48383706036449,-0.912331253729856,"LE2-1231.020","FCM"
1922,-1.32916817426125,-0.469099148892582,"LE2-1231.020","FCM"
1923,0.309011702096049,-0.140427900165929,"LE2-1231.020","FCM"
1924,0.0476249493946133,-0.534833755411161,"LE2-1231.020","FCM"
1925,-0.0241645336037619,-0.00882505885971268,"LE2-1231.020","FCM"
1926,-0.658517764397609,-0.73334793184847,"LE2-1231.020","FCM"
1927,0.625520691410286,0.853732164303009,"LE2-1231.020","FCM"
1928,0.592878417265501,0.590009743478396,"LE2-1231.020","FCM"
1929,0.662228247169161,0.404971409161213,"LE2-1231.020","FCM"
1930,-0.298303378146718,0.271813184923328,"LE2-1231.020","FCM"
1931,-0.615883411978972,-0.455850973360665,"LE2-1231.020","FCM"
1932,-0.924014880856408,-0.878900731066752,"LE2-1231.020","FCM"
1933,-1.0759603226585,-0.606950964058502,"LE2-1231.020","FCM"
1934,-1.07106199971385,-0.971523077293307,"LE2-1231.020","FCM"
1935,-0.535714566160243,0.0822471362953798,"LE2-1231.020","FCM"
1936,-0.329480365483373,-0.111323154168099,"LE2-1231.020","FCM"
1937,-0.583493045501001,-0.321662386975994,"LE2-1231.020","FCM"
1938,-1.20412704543491,-0.645578394881372,"LE2-1231.020","FCM"
1939,0.673789699950276,0.539966904397691,"LE2-1231.020","FCM"
1940,0.706560688691513,0.227979336726891,"LE2-1231.020","FCM"
1941,0.454193290171439,0.211133864215237,"LE2-1231.020","FCM"
1942,0.409452183455445,0.0383023795130594,"LE2-1231.020","FCM"
1943,0.277008537002039,0.643287430151036,"LE2-1231.020","FCM"
1944,-0.247563884295142,-0.27468973758514,"LE2-1231.020","FCM"
1945,-0.292231717237468,-0.598820661086947,"LE2-1231.020","FCM"
1946,-0.0630874336049695,-0.14778349712804,"LE2-1231.020","FCM"
1947,0.685742001411815,-0.0747167461101237,"LE2-1231.020","FCM"
1948,0.0637985393676543,0.0992669875512581,"LE2-1231.020","FCM"
1949,-0.106533718794658,0.0885460999365841,"LE2-1231.020","FCM"
1950,-0.513116642157334,0.403296667460054,"LE2-1231.020","FCM"
1951,0.0984317632074444,-0.0646990921479852,"LE2-1231.020","FCM"
1952,-0.0943942008100865,0.0073310275790131,"LE2-1231.020","FCM"
1953,0.0389022846722026,0.0913009027721554,"LE2-1231.020","FCM"
1954,0.0704783979654884,0.166278231357109,"LE2-1231.020","FCM"
1955,0.38997891140074,0.754681967395339,"LE2-1231.020","FCM"
1956,0.311922606257981,0.117102019474796,"LE2-1231.020","FCM"
1957,-0.147493295034091,-0.742233326787368,"LE2-1231.020","FCM"
1958,-0.363066832067109,-0.727163532592354,"LE2-1231.020","FCM"
1959,-1.06435202671258,-0.94851954211556,"LE2-1231.020","FCM"
1960,-0.69687918333684,-0.0368101804340179,"LE2-1231.020","FCM"
1961,-0.635238615707215,-0.24779994596061,"LE2-1231.020","FCM"
1962,-0.879266132151599,-0.575335430814636,"LE2-1231.020","FCM"
1963,-0.636374247003269,0.248236056722618,"LE2-1231.020","FCM"
1964,0.084722013705454,-0.434219083619894,"LE2-1231.020","FCM"
1965,0.563168949209379,0.267514389948802,"LE2-1231.020","FCM"
1966,0.813762906362383,0.675427884564039,"LE2-1231.020","FCM"
1967,-0.0408994910117597,-0.063033251668475,"LE2-1231.020","FCM"
1968,0.285418096037902,0.169347270346957,"LE2-1231.020","FCM"
1969,0.280111268008297,-0.286932545967966,"LE2-1231.020","FCM"
1970,-0.90815335317765,-0.295144313257569,"LE2-1231.020","FCM"
1971,-0.0459926097083321,0.228831963313957,"LE2-1231.020","FCM"
1972,0.182790019343941,0.00114484440438621,"LE2-1231.020","FCM"
1973,-0.817721991751185,-0.237628031830942,"LE2-1231.020","FCM"
1974,-0.9294437008323,-0.945493622929973,"LE2-1231.020","FCM"
1975,0.445992564758997,-0.0405976825215464,"LE2-1231.020","FCM"
1976,1.53236469231893,0.66630465795139,"LE2-1231.020","FCM"
1977,0.850093359302206,0.615948305756047,"LE2-1231.020","FCM"
1978,0.0564599251797079,0.305971032262306,"LE2-1231.020","FCM"
1979,0.832709239861373,1.05546450255783,"LE2-1231.020","FCM"
1980,-1.10799348183993,-1.19393179607979,"LE2-1231.020","FCM"
1981,-1.5482787236569,-1.41284269319228,"LE2-1231.020","FCM"
1982,-0.856370661110131,-0.656600679067351,"LE2-1231.020","FCM"
1983,-0.519090976638954,-0.891410669460893,"LE2-1231.020","FCM"
1984,-0.431321562250826,-0.798180511286529,"LE2-1231.020","FCM"
1985,-0.429043151377726,-0.729868496435302,"LE2-1231.020","FCM"
1986,0.00819805462978987,0.419583570515704,"LE2-1231.020","FCM"
1987,-0.256639143014815,-0.536011887461396,"LE2-1231.020","FCM"
1988,0.476847752039129,0.547169927266921,"LE2-1231.020","FCM"
1989,0.660769942481599,1.08506754708504,"LE2-1231.020","FCM"
1990,0.483921235974583,0.981303986196934,"LE2-1231.020","FCM"
1991,0.436066597715779,0.663426584620626,"LE2-1231.020","FCM"
1992,-0.54491149624106,-0.16744849521079,"LE2-1231.020","FCM"
1993,0.125483257294938,0.875264348225471,"LE2-1231.020","FCM"
1994,0.396494619471162,-0.0843537010968554,"LE2-1231.020","FCM"
1995,-0.259887654366227,-0.391184778053546,"LE2-1231.020","FCM"
1996,-0.62211714721902,-0.260051184950071,"LE2-1231.020","FCM"
1997,0.025814256778665,-0.0277284333909138,"LE2-1231.020","FCM"
1998,1.00322442134086,0.550936259996874,"LE2-1231.020","FCM"
1999,1.34301883519027,0.641171818985688,"LE2-1231.020","FCM"
2000,0.714876116605423,0.0881637367278217,"LE2-1231.020","FCM"
2001,0.0621535803909396,-0.0440541873065524,"LE2-1231.020","FCM"
2002,-0.306945308356146,0.182959155050323,"LE2-1231.020","FCM"
2003,0.520588611774741,0.43610844999213,"LE2-1231.020","FCM"
2004,1.02623828320081,0.47032527919188,"LE2-1231.020","FCM"
2005,0.412766112012409,0.715059108874574,"LE2-1231.020","FCM"
2006,-0.460932688270969,-0.366849618644064,"LE2-1231.020","FCM"
2007,0.180158371936331,0.668453737282247,"LE2-1231.020","FCM"
2008,0.445927263687211,0.402015929614735,"LE2-1231.020","FCM"
2009,-0.415138261336334,-0.133800529842495,"LE2-1231.020","FCM"
2010,-0.278775220905348,-0.128689287798336,"LE2-1231.020","FCM"
2011,0.0569165503336054,0.680160707996435,"LE2-1231.020","FCM"
2012,-0.149246389418981,-0.164361790456228,"LE2-1231.020","FCM"
2013,-0.223810247367288,-0.00313034040185775,"LE2-1231.020","FCM"
2014,0.420709562470698,0.25008612411542,"LE2-1231.020","FCM"
1851,0.213633952669708,-0.241027050460235,"LE2-1251.011","FCM"
1852,0.541913216417787,0.124972397903263,"LE2-1251.011","FCM"
1853,0.888650373744204,0.798789749665301,"LE2-1251.011","FCM"
1854,0.912772450005555,-0.233478459304411,"LE2-1251.011","FCM"
1855,-0.301777362272727,-0.816925841740202,"LE2-1251.011","FCM"
1856,-0.266878825233986,0.285186776867575,"LE2-1251.011","FCM"
1857,-0.150639416726181,0.860807972411409,"LE2-1251.011","FCM"
1858,0.255102556036804,0.0965154544200838,"LE2-1251.011","FCM"
1859,0.613052522724633,-0.0471269163902674,"LE2-1251.011","FCM"
1860,0.550018261351996,-0.218679502805778,"LE2-1251.011","FCM"
1861,0.234456239602295,0.527349936667194,"LE2-1251.011","FCM"
1862,-0.257071563764952,-0.230918428987472,"LE2-1251.011","FCM"
1863,0.0691454000094766,0.268344019350273,"LE2-1251.011","FCM"
1864,-0.11769289300051,0.0792903662045692,"LE2-1251.011","FCM"
1865,-0.61496374760886,-0.740343760101957,"LE2-1251.011","FCM"
1866,-0.523040299431185,-0.888061062458094,"LE2-1251.011","FCM"
1867,-0.37248430935859,-0.117895232276365,"LE2-1251.011","FCM"
1868,-0.331433336814867,0.149079792318455,"LE2-1251.011","FCM"
1869,0.0228628883388421,0.940984816243646,"LE2-1251.011","FCM"
1870,-0.0261572945688325,0.739028185216655,"LE2-1251.011","FCM"
1871,-0.173509324889227,-0.0843603889766641,"LE2-1251.011","FCM"
1872,0.416715149611649,0.371279469370565,"LE2-1251.011","FCM"
1873,0.0135491267139486,0.121228800097098,"LE2-1251.011","FCM"
1874,0.764458672519579,-0.15977181579292,"LE2-1251.011","FCM"
1875,0.814477989764735,0.225648668384483,"LE2-1251.011","FCM"
1876,0.37883463766735,-0.295769825596764,"LE2-1251.011","FCM"
1877,0.343517982403296,0.114543780284176,"LE2-1251.011","FCM"
1878,-0.389703958690166,-0.454321444440827,"LE2-1251.011","FCM"
1879,-0.921248768676983,-0.78180429031806,"LE2-1251.011","FCM"
1880,-0.707171090699422,-0.71022550390488,"LE2-1251.011","FCM"
1881,-0.852279687423175,-0.131653322434827,"LE2-1251.011","FCM"
1882,-0.203146866873519,0.290520927363959,"LE2-1251.011","FCM"
1883,0.166294755220478,0.576899238377472,"LE2-1251.011","FCM"
1884,0.370644053269914,-0.0677888657070223,"LE2-1251.011","FCM"
1885,0.453142839846731,0.0865313867364312,"LE2-1251.011","FCM"
1886,-0.0631933793891783,-0.559495048994355,"LE2-1251.011","FCM"
1887,-0.797643216492941,-0.474420540477896,"LE2-1251.011","FCM"
1888,0.544220562924197,-0.00886413091637255,"LE2-1251.011","FCM"
1889,-0.661591670475728,-0.89944118315032,"LE2-1251.011","FCM"
1890,-1.62095821223182,-1.78414881245854,"LE2-1251.011","FCM"
1891,-1.30321570932324,-0.92112474991486,"LE2-1251.011","FCM"
1892,-1.36586979049599,-1.15458958275851,"LE2-1251.011","FCM"
1893,-1.04009059609462,-0.85012272765603,"LE2-1251.011","FCM"
1894,-0.540303883854983,-0.0331064866264784,"LE2-1251.011","FCM"
1895,-0.611661962784246,-0.873112876768705,"LE2-1251.011","FCM"
1896,-0.728551990047698,-0.516460871393663,"LE2-1251.011","FCM"
1897,0.103863836761067,0.0164181716557611,"LE2-1251.011","FCM"
1898,0.393103234122485,0.19947468710412,"LE2-1251.011","FCM"
1899,0.242882290132303,0.27693451943713,"LE2-1251.011","FCM"
1900,0.308389924860796,0.674722439005222,"LE2-1251.011","FCM"
1901,0.35084278597807,-0.23474953486755,"LE2-1251.011","FCM"
1902,0.493444821415042,0.00494666042640281,"LE2-1251.011","FCM"
1903,0.277197188779564,-0.28908554761297,"LE2-1251.011","FCM"
1904,-0.0621362787324285,0.040777655417534,"LE2-1251.011","FCM"
1905,0.222753804798957,0.609065998319817,"LE2-1251.011","FCM"
1906,-0.263481686104618,-0.00506055688937697,"LE2-1251.011","FCM"
1907,-0.269220616106852,-0.345571486342557,"LE2-1251.011","FCM"
1908,-0.830660475222109,-0.575169334274014,"LE2-1251.011","FCM"
1909,-0.0532266537517729,-0.460242456526054,"LE2-1251.011","FCM"
1910,0.132277342830866,-0.0410583249677101,"LE2-1251.011","FCM"
1911,-0.445695368957465,-0.173703035937846,"LE2-1251.011","FCM"
1912,-0.769676542989627,-0.410193423228713,"LE2-1251.011","FCM"
1913,-0.460691510678961,-0.582881275384715,"LE2-1251.011","FCM"
1914,0.380919009790143,0.145754229526822,"LE2-1251.011","FCM"
1915,0.137011932176075,0.380366273989621,"LE2-1251.011","FCM"
1916,0.304910467312705,0.628169327675662,"LE2-1251.011","FCM"
1917,0.476259711377548,0.48366244793252,"LE2-1251.011","FCM"
1918,0.00307232667154448,0.594967750094968,"LE2-1251.011","FCM"
1919,-0.855880374689689,-0.234926433496985,"LE2-1251.011","FCM"
1920,-0.0774511750824593,0.432305275102769,"LE2-1251.011","FCM"
1921,-0.323759411880914,-0.990384814121484,"LE2-1251.011","FCM"
1922,-0.922040848836249,-1.48639297548712,"LE2-1251.011","FCM"
1923,0.242624324510949,-0.366135024851988,"LE2-1251.011","FCM"
1924,0.0916042318989834,-0.00362765665290225,"LE2-1251.011","FCM"
1925,-0.0552660859519146,-0.637166278841612,"LE2-1251.011","FCM"
1926,0.964374877748773,0.665608905465573,"LE2-1251.011","FCM"
1927,0.959969113679607,0.265898898666259,"LE2-1251.011","FCM"
1928,0.213919127377139,-0.241723445135026,"LE2-1251.011","FCM"
1929,-0.604878518288251,-0.419266014183634,"LE2-1251.011","FCM"
1930,0.446135231964773,0.531971320905879,"LE2-1251.011","FCM"
1931,-0.0503629442765105,0.232160703447719,"LE2-1251.011","FCM"
1932,0.131246147507039,0.225900925605779,"LE2-1251.011","FCM"
1933,0.2345481443533,0.42048495784029,"LE2-1251.011","FCM"
1934,0.441981968880279,0.804175922029055,"LE2-1251.011","FCM"
1935,0.257385492237982,0.40511224030319,"LE2-1251.011","FCM"
1936,-0.455143410557406,-0.245668692044957,"LE2-1251.011","FCM"
1937,0.387855026747607,0.383955073165265,"LE2-1251.011","FCM"
1938,-0.163650990061304,-0.193836949206935,"LE2-1251.011","FCM"
1939,-0.397554043636197,0.414821942693267,"LE2-1251.011","FCM"
1940,0.135378424044308,-0.0619557429453336,"LE2-1251.011","FCM"
1941,-0.0853788396506021,-0.533276572483871,"LE2-1251.011","FCM"
1942,1.04096188997661,1.03673741265292,"LE2-1251.011","FCM"
1943,0.695659326351059,0.314203057944896,"LE2-1251.011","FCM"
1944,0.746973185069996,0.482627533153004,"LE2-1251.011","FCM"
1945,1.02993288073693,0.897575697904899,"LE2-1251.011","FCM"
1946,0.619974888642584,0.936899652774846,"LE2-1251.011","FCM"
1947,0.656561102508698,0.755102171863175,"LE2-1251.011","FCM"
1948,0.324224944569555,0.680973361766715,"LE2-1251.011","FCM"
1949,0.198934790776787,0.37025996662497,"LE2-1251.011","FCM"
1950,0.201696021972115,0.203640914573689,"LE2-1251.011","FCM"
1951,0.0855764875442543,-0.0837581766430057,"LE2-1251.011","FCM"
1952,0.164877535390891,0.0409058638035223,"LE2-1251.011","FCM"
1953,0.388470795641294,0.352146365204651,"LE2-1251.011","FCM"
1954,1.27914106847252,1.3076341352335,"LE2-1251.011","FCM"
1955,0.0891948138225819,-0.200715236165884,"LE2-1251.011","FCM"
1956,-0.264580910492388,-0.721544261001877,"LE2-1251.011","FCM"
1957,-0.0216743101262708,-0.574594262318748,"LE2-1251.011","FCM"
1958,0.02924024447235,-0.809039625219916,"LE2-1251.011","FCM"
1959,-0.538492938441275,-0.65208253361227,"LE2-1251.011","FCM"
1960,-0.752640729727155,-0.631994398073859,"LE2-1251.011","FCM"
1961,0.343216728011691,0.154710716485311,"LE2-1251.011","FCM"
1962,-0.107375458340828,0.00236214147952837,"LE2-1251.011","FCM"
1963,0.672007548925247,0.445958984743663,"LE2-1251.011","FCM"
1964,-0.254973013790168,-0.316812629716507,"LE2-1251.011","FCM"
1965,-0.723565722931794,-0.590657628609582,"LE2-1251.011","FCM"
1966,0.207477629804953,-0.496469891089848,"LE2-1251.011","FCM"
1967,-0.320666247358274,-0.697725325417399,"LE2-1251.011","FCM"
1968,-1.11221573398817,-0.734080461965451,"LE2-1251.011","FCM"
1969,-0.378244077331289,-0.664749361071049,"LE2-1251.011","FCM"
1970,-0.706821013874782,-0.761417415396928,"LE2-1251.011","FCM"
1971,-0.757782145847274,-1.19889111291826,"LE2-1251.011","FCM"
1972,-0.550402809528509,-0.749835280777652,"LE2-1251.011","FCM"
1973,-0.85003269995656,-0.555963292765828,"LE2-1251.011","FCM"
1974,-0.740510457325809,-0.221288662832293,"LE2-1251.011","FCM"
1975,-1.13351928366658,-1.03360393274212,"LE2-1251.011","FCM"
1976,-0.43497747474029,-0.427663065841571,"LE2-1251.011","FCM"
1977,0.154684461640847,0.0179357630813872,"LE2-1251.011","FCM"
1978,-0.0907135597775122,0.237118977843523,"LE2-1251.011","FCM"
1979,-0.0747461855116997,-0.10221642034717,"LE2-1251.011","FCM"
1980,-0.618973387190525,-0.577029777247629,"LE2-1251.011","FCM"
1981,-0.339937148108444,0.0204003668670119,"LE2-1251.011","FCM"
1982,0.380625808838592,0.245967654510608,"LE2-1251.011","FCM"
1983,0.45659060586584,-0.103428293109293,"LE2-1251.011","FCM"
1984,-0.411689831632927,-0.227964310296381,"LE2-1251.011","FCM"
1985,-1.18358019445601,-0.636781505215096,"LE2-1251.011","FCM"
1986,-0.491770071869612,-0.684675485820618,"LE2-1251.011","FCM"
1987,1.12790808681459,0.614895919519036,"LE2-1251.011","FCM"
1988,0.490102482159149,-0.0275951862862674,"LE2-1251.011","FCM"
1989,-0.006355630102407,0.256154425519201,"LE2-1251.011","FCM"
1990,0.603176337390006,0.709176467371534,"LE2-1251.011","FCM"
1991,0.48432926320617,0.568134496336331,"LE2-1251.011","FCM"
1992,-0.429400127903244,0.142821357378004,"LE2-1251.011","FCM"
1993,0.157660251141492,0.595776561154085,"LE2-1251.011","FCM"
1994,0.118919733933166,0.15585287274353,"LE2-1251.011","FCM"
1995,0.149908331951739,0.95051325657085,"LE2-1251.011","FCM"
1996,0.593127308316985,0.286331364465987,"LE2-1251.011","FCM"
1997,-0.0903448335395649,-0.717387636802994,"LE2-1251.011","FCM"
1998,-1.17998702719023,-1.09144293340026,"LE2-1251.011","FCM"
1999,-1.07996101216364,-0.634479418997278,"LE2-1251.011","FCM"
2000,-0.62227783921219,0.0992889014428709,"LE2-1251.011","FCM"
2001,-0.0578756228021023,-0.186175379561398,"LE2-1251.011","FCM"
2002,0.212858312640153,-0.436306105006798,"LE2-1251.011","FCM"
2003,0.482959735438023,0.0509600035904626,"LE2-1251.011","FCM"
2004,0.571192186188968,0.65955542589509,"LE2-1251.011","FCM"
2005,0.880621725841782,1.37620686411801,"LE2-1251.011","FCM"
2006,0.413193666938347,0.567303136349408,"LE2-1251.011","FCM"
2007,-0.635630063168461,-0.622593614812652,"LE2-1251.011","FCM"
2008,0.0918321510393561,-0.749436899319684,"LE2-1251.011","FCM"
2009,-0.45641337300256,-1.06477186090361,"LE2-1251.011","FCM"
2010,-1.1901096462324,-0.979838282568653,"LE2-1251.011","FCM"
2011,0.111150151854658,-0.0541306187953207,"LE2-1251.011","FCM"
2012,0.596605031507067,0.693279914505011,"LE2-1251.011","FCM"
2013,0.432041738187378,0.522354146895588,"LE2-1251.011","FCM"
2014,0.225320380243298,0.373322081779116,"LE2-1251.011","FCM"
1851,0.375955995341903,0.233408075646386,"LE2-1251.012","FCM"
1852,0.0692694378787177,0.623221748714227,"LE2-1251.012","FCM"
1853,0.310774740288012,0.12902334320143,"LE2-1251.012","FCM"
1854,-0.661420179753897,0.164577529516033,"LE2-1251.012","FCM"
1855,-0.251196068571228,0.485477730800754,"LE2-1251.012","FCM"
1856,0.166718133828345,0.687577854472002,"LE2-1251.012","FCM"
1857,0.924458593767883,1.02794795015643,"LE2-1251.012","FCM"
1858,0.329864088647266,0.987858305583876,"LE2-1251.012","FCM"
1859,0.167777701140742,0.438435920103598,"LE2-1251.012","FCM"
1860,1.24886259653283,1.57620730697941,"LE2-1251.012","FCM"
1861,0.0910007974699562,0.646259901108675,"LE2-1251.012","FCM"
1862,-0.22588921895487,0.171974743961379,"LE2-1251.012","FCM"
1863,0.19675099510062,-0.0985658720050342,"LE2-1251.012","FCM"
1864,-0.155590986254716,-0.281187926376443,"LE2-1251.012","FCM"
1865,-1.14080752742073,-0.771265050137034,"LE2-1251.012","FCM"
1866,-0.367299717269527,-0.365934680096841,"LE2-1251.012","FCM"
1867,0.29552799515275,0.362950282212319,"LE2-1251.012","FCM"
1868,0.981007315650739,0.683166921760557,"LE2-1251.012","FCM"
1869,0.622393908995974,0.198057949094868,"LE2-1251.012","FCM"
1870,0.658074844828642,1.20258587647707,"LE2-1251.012","FCM"
1871,0.815893096143614,1.0284574872437,"LE2-1251.012","FCM"
1872,0.411841635970526,0.15028914452947,"LE2-1251.012","FCM"
1873,0.615420643991174,0.732717474445328,"LE2-1251.012","FCM"
1874,0.313085471357181,0.979984077186952,"LE2-1251.012","FCM"
1875,0.263130750403184,0.773893562354378,"LE2-1251.012","FCM"
1876,0.433413032173432,0.82624497535355,"LE2-1251.012","FCM"
1877,0.0214992083318937,0.475623387389398,"LE2-1251.012","FCM"
1878,-0.0524602285803116,-0.194236775991552,"LE2-1251.012","FCM"
1879,-0.062450263330056,-0.529545894424306,"LE2-1251.012","FCM"
1880,-0.0755617584067722,-0.741089320798413,"LE2-1251.012","FCM"
1881,0.511521732217116,-0.0505168236461879,"LE2-1251.012","FCM"
1882,0.300556578362224,0.149148652822314,"LE2-1251.012","FCM"
1883,0.863745425535517,0.259818676374949,"LE2-1251.012","FCM"
1884,0.894561090838629,0.766831342320555,"LE2-1251.012","FCM"
1885,0.205975204017265,-0.472694164508475,"LE2-1251.012","FCM"
1886,0.0990163198751603,-0.359471165256943,"LE2-1251.012","FCM"
1887,-0.561934206405166,-0.792384083236383,"LE2-1251.012","FCM"
1888,-0.123149667681571,-0.618655021034652,"LE2-1251.012","FCM"
1889,-0.332926996751226,-0.297859354694759,"LE2-1251.012","FCM"
1890,0.0727802951915771,0.342991103814049,"LE2-1251.012","FCM"
1891,0.669931463337452,0.154846734507144,"LE2-1251.012","FCM"
1892,-0.597319525386605,-0.128457938861104,"LE2-1251.012","FCM"
1893,-0.48712682919794,-0.403504521697948,"LE2-1251.012","FCM"
1894,0.151245755689228,0.125854033246919,"LE2-1251.012","FCM"
1895,0.153457843950622,-0.0602167713861588,"LE2-1251.012","FCM"
1896,-0.0894558293687397,-0.2990865032894,"LE2-1251.012","FCM"
1897,0.284948100017758,-0.249089093588918,"LE2-1251.012","FCM"
1898,0.363940141738845,0.401301862542309,"LE2-1251.012","FCM"
1899,-0.0151758804467315,-0.0565909766671579,"LE2-1251.012","FCM"
1900,-0.22338851750653,-0.211635780535614,"LE2-1251.012","FCM"
1901,-0.442290463319863,-0.202460492830973,"LE2-1251.012","FCM"
1902,-0.270648123622141,-0.812909870738485,"LE2-1251.012","FCM"
1903,1.0088457323064,1.10386207554948,"LE2-1251.012","FCM"
1904,-0.0287943755108656,-0.346833998667405,"LE2-1251.012","FCM"
1905,0.201319218742241,0.0316500775430508,"LE2-1251.012","FCM"
1906,-0.0288916736237656,-0.147377185886443,"LE2-1251.012","FCM"
1907,-0.483761314157481,-1.01302255947177,"LE2-1251.012","FCM"
1908,-0.378856063931324,-0.664301227986401,"LE2-1251.012","FCM"
1909,-0.976401199735873,-0.662821348187481,"LE2-1251.012","FCM"
1910,-0.652103846561908,-1.02033368363817,"LE2-1251.012","FCM"
1911,-0.817276339806257,-1.16071678133655,"LE2-1251.012","FCM"
1912,-0.783083574056709,-1.2446178793557,"LE2-1251.012","FCM"
1913,-0.426289098220117,-1.54914681537717,"LE2-1251.012","FCM"
1914,-1.13397177896856,-1.02748886416394,"LE2-1251.012","FCM"
1915,-1.50424195697228,-0.883512043421368,"LE2-1251.012","FCM"
1916,-1.00032427540276,-0.305379752464879,"LE2-1251.012","FCM"
1917,-0.382521817666412,-0.232041931747571,"LE2-1251.012","FCM"
1918,-0.288620142205394,-0.905565984544263,"LE2-1251.012","FCM"
1919,-0.570870378133636,-0.280163362566025,"LE2-1251.012","FCM"
1920,-0.576988431779461,0.239679759905719,"LE2-1251.012","FCM"
1921,0.265988636274492,0.260516274548512,"LE2-1251.012","FCM"
1922,0.176123116618146,-0.274098585754698,"LE2-1251.012","FCM"
1923,-0.136483811006241,-0.229709894525799,"LE2-1251.012","FCM"
1924,-0.490618055136608,0.23832291944113,"LE2-1251.012","FCM"
1925,0.256187645637568,0.00498133026767827,"LE2-1251.012","FCM"
1926,-0.0168040372049496,-0.538178171908857,"LE2-1251.012","FCM"
1927,0.817476509835079,0.109060359287147,"LE2-1251.012","FCM"
1928,-0.407782776686076,-0.752570934090061,"LE2-1251.012","FCM"
1929,-0.633389742267311,-0.829123023037278,"LE2-1251.012","FCM"
1930,-0.466573224332599,-0.626889951923498,"LE2-1251.012","FCM"
1931,0.122101029800789,-0.0223728793002789,"LE2-1251.012","FCM"
1932,0.0111155425129077,-0.285377536265372,"LE2-1251.012","FCM"
1933,0.252720798340177,0.476486422716933,"LE2-1251.012","FCM"
1934,-0.00400150630760963,0.707304402977387,"LE2-1251.012","FCM"
1935,-0.185411292742042,0.332636769554561,"LE2-1251.012","FCM"
1936,0.108597174010873,0.454853446110406,"LE2-1251.012","FCM"
1937,0.30751021369744,0.48136190855772,"LE2-1251.012","FCM"
1938,0.305278476732827,-0.670821915475576,"LE2-1251.012","FCM"
1939,0.255898648246112,-0.216086771374279,"LE2-1251.012","FCM"
1940,-1.20314454006655,-1.12932552759464,"LE2-1251.012","FCM"
1941,-0.752214460816689,-0.306738098359707,"LE2-1251.012","FCM"
1942,-1.17594759612743,-0.812183599675888,"LE2-1251.012","FCM"
1943,-0.639769584003909,-0.861114893355698,"LE2-1251.012","FCM"
1944,0.184873157979091,-0.0990662646328437,"LE2-1251.012","FCM"
1945,-0.729513848914243,-0.699073960087591,"LE2-1251.012","FCM"
1946,-0.4343300886158,-1.01472700543205,"LE2-1251.012","FCM"
1947,-0.167042419615835,-0.755728732456853,"LE2-1251.012","FCM"
1948,0.195904282350389,-0.100000935733197,"LE2-1251.012","FCM"
1949,0.999217685179252,0.392067902248871,"LE2-1251.012","FCM"
1950,0.555183914346894,-0.381513089491029,"LE2-1251.012","FCM"
1951,0.51865704856634,0.404092158489787,"LE2-1251.012","FCM"
1952,0.470695170131377,0.345276758354288,"LE2-1251.012","FCM"
1953,0.123995596966849,-0.213422612220039,"LE2-1251.012","FCM"
1954,0.0897817476937435,-0.256715513685396,"LE2-1251.012","FCM"
1955,0.476689707230034,0.0990627221916885,"LE2-1251.012","FCM"
1956,-0.429557518126164,-0.63257635782077,"LE2-1251.012","FCM"
1957,-0.818166947383581,-0.53942201045524,"LE2-1251.012","FCM"
1958,-0.396086477577882,-0.749311546959739,"LE2-1251.012","FCM"
1959,-0.531407272303736,-1.01984927974316,"LE2-1251.012","FCM"
1960,-0.225687303146527,-0.0688203392743689,"LE2-1251.012","FCM"
1961,-0.274688435999897,0.112777987511344,"LE2-1251.012","FCM"
1962,0.526387257578092,0.373219184832101,"LE2-1251.012","FCM"
1963,0.000414255739704322,0.184064239087641,"LE2-1251.012","FCM"
1964,-0.301293771229168,0.376821209778748,"LE2-1251.012","FCM"
1965,-0.165053721600946,0.0196549491754681,"LE2-1251.012","FCM"
1966,0.0579250320707113,0.421260190711832,"LE2-1251.012","FCM"
1967,-0.418750452094381,0.0374253618787714,"LE2-1251.012","FCM"
1968,-0.823535180259293,-1.02252096018139,"LE2-1251.012","FCM"
1969,-0.411306623279088,-0.495272497595385,"LE2-1251.012","FCM"
1970,-0.77353578872941,-0.919929023838564,"LE2-1251.012","FCM"
1971,-0.265311905151515,0.0542328997173174,"LE2-1251.012","FCM"
1972,-0.0954806395395992,-0.365265733770399,"LE2-1251.012","FCM"
1973,-0.0423736050378642,0.846838443237247,"LE2-1251.012","FCM"
1974,-0.485988171125311,-0.193691988164515,"LE2-1251.012","FCM"
1975,-0.117873050140255,-0.388580645537424,"LE2-1251.012","FCM"
1976,0.63692537566248,0.31605117216016,"LE2-1251.012","FCM"
1977,0.247516582277437,0.00405283243344967,"LE2-1251.012","FCM"
1978,0.579512085740411,0.239448548747748,"LE2-1251.012","FCM"
1979,0.528031356151574,0.449092142257871,"LE2-1251.012","FCM"
1980,0.219364831464276,0.751017517573641,"LE2-1251.012","FCM"
1981,-0.193277219712463,0.105725995881383,"LE2-1251.012","FCM"
1982,-0.123998363030055,-0.193779875626512,"LE2-1251.012","FCM"
1983,-1.13979328461807,-0.960371670170356,"LE2-1251.012","FCM"
1984,-0.845019248099912,-0.627581527214729,"LE2-1251.012","FCM"
1985,-0.848999278789298,-1.24373466410624,"LE2-1251.012","FCM"
1986,-0.204898719064772,-1.35604723871471,"LE2-1251.012","FCM"
1987,0.00439798655531153,-0.113623582594926,"LE2-1251.012","FCM"
1988,0.198312082267057,-0.348441865299268,"LE2-1251.012","FCM"
1989,0.0467778132275849,-0.410732537812459,"LE2-1251.012","FCM"
1990,0.396642057453979,0.279229011434606,"LE2-1251.012","FCM"
1991,0.483706949721279,0.329044260211533,"LE2-1251.012","FCM"
1992,0.64309392308219,0.660632150976082,"LE2-1251.012","FCM"
1993,-0.0734735111691903,0.193905809711116,"LE2-1251.012","FCM"
1994,-0.202797625383977,0.269281099740773,"LE2-1251.012","FCM"
1995,0.516753361841902,0.572915125022591,"LE2-1251.012","FCM"
1996,1.62614849618025,1.3850402145099,"LE2-1251.012","FCM"
1997,0.61285550186679,0.381200532866302,"LE2-1251.012","FCM"
1998,-0.0852502864626945,0.70278704620876,"LE2-1251.012","FCM"
1999,0.410269583874164,1.27515887212494,"LE2-1251.012","FCM"
2000,0.513793754644877,0.605476110485163,"LE2-1251.012","FCM"
2001,0.840141385100429,1.74234851520019,"LE2-1251.012","FCM"
2002,1.09731170544594,1.44255121209821,"LE2-1251.012","FCM"
2003,0.791154551992094,0.459668821625952,"LE2-1251.012","FCM"
2004,0.0965769102917696,1.06032312884576,"LE2-1251.012","FCM"
2005,-0.0152895794769871,0.0515454418758707,"LE2-1251.012","FCM"
2006,-0.482522523981972,0.0114427254805133,"LE2-1251.012","FCM"
2007,-0.216241512825937,-0.138559687227866,"LE2-1251.012","FCM"
2008,-0.0975602073325539,-0.680988372949443,"LE2-1251.012","FCM"
2009,-0.205742106335811,-0.223679134480554,"LE2-1251.012","FCM"
2010,0.480811521081278,0.23805659329371,"LE2-1251.012","FCM"
2011,0.42339958608863,0.35528208837206,"LE2-1251.012","FCM"
2012,0.89189180062517,1.31569335827808,"LE2-1251.012","FCM"
2013,0.332965017060715,0.634464158855111,"LE2-1251.012","FCM"
2014,0.209293097495077,1.19637887002816,"LE2-1251.012","FCM"
1851,0.375496395798608,0.353393147832818,"LE2-1251.013","FCM"
1852,0.424723746345603,0.380155221458214,"LE2-1251.013","FCM"
1853,0.738626773649119,0.597768297585593,"LE2-1251.013","FCM"
1854,0.244616772565782,0.0297750485719306,"LE2-1251.013","FCM"
1855,0.255576989907893,-0.164744565153161,"LE2-1251.013","FCM"
1856,0.686712377105742,0.599652094941024,"LE2-1251.013","FCM"
1857,-0.107906643389366,-0.183938917975185,"LE2-1251.013","FCM"
1858,-1.27493942969674,-1.06441086510447,"LE2-1251.013","FCM"
1859,-0.937202958758491,0.00534609667466079,"LE2-1251.013","FCM"
1860,0.0652862904042388,0.115240359509986,"LE2-1251.013","FCM"
1861,-0.232087566741547,-0.460848687603664,"LE2-1251.013","FCM"
1862,0.459262013861712,0.735269103090405,"LE2-1251.013","FCM"
1863,1.25897638612914,1.55803847087285,"LE2-1251.013","FCM"
1864,1.48518252278631,0.954072400159512,"LE2-1251.013","FCM"
1865,1.23081816058861,0.879021254666638,"LE2-1251.013","FCM"
1866,-0.36277886717396,-0.369120883982674,"LE2-1251.013","FCM"
1867,-1.17527807080811,-1.06734747289309,"LE2-1251.013","FCM"
1868,0.169172829467241,-0.329891505439977,"LE2-1251.013","FCM"
1869,0.312990252969599,0.0596175224446361,"LE2-1251.013","FCM"
1870,-0.82041927175636,-1.03584258686609,"LE2-1251.013","FCM"
1871,-0.417476108720401,-0.417713860123889,"LE2-1251.013","FCM"
1872,1.12480500000517,0.489006804470822,"LE2-1251.013","FCM"
1873,0.508341411533978,-0.228252883939698,"LE2-1251.013","FCM"
1874,0.0337270872039575,-0.0846686583005086,"LE2-1251.013","FCM"
1875,-0.579867531670861,-0.598962682074411,"LE2-1251.013","FCM"
1876,-0.442276063485742,-0.168824880755777,"LE2-1251.013","FCM"
1877,-0.215678139480251,0.145498732183937,"LE2-1251.013","FCM"
1878,-0.12826457757551,-0.163188638462778,"LE2-1251.013","FCM"
1879,-0.0728804200297994,-0.477114597071993,"LE2-1251.013","FCM"
1880,-0.502135544031463,-0.0862819268972244,"LE2-1251.013","FCM"
1881,-0.260870228933472,-0.259719305750305,"LE2-1251.013","FCM"
1882,-0.287416115494796,-0.199512384619968,"LE2-1251.013","FCM"
1883,0.286634567936335,0.164678494768788,"LE2-1251.013","FCM"
1884,-0.234932602896622,0.088880737535474,"LE2-1251.013","FCM"
1885,-0.863735227399193,-0.75850651429447,"LE2-1251.013","FCM"
1886,-0.380092589042915,-0.930228548324106,"LE2-1251.013","FCM"
1887,0.0562622793471146,-0.187379186970805,"LE2-1251.013","FCM"
1888,0.0123327161358961,-0.504684923287053,"LE2-1251.013","FCM"
1889,-0.292786432362581,-0.351715561267401,"LE2-1251.013","FCM"
1890,0.070723945149186,0.392487948416596,"LE2-1251.013","FCM"
1891,-0.0748418745343874,-0.61630732586656,"LE2-1251.013","FCM"
1892,-0.0442579229456976,-0.26551228570751,"LE2-1251.013","FCM"
1893,0.376539901924039,0.124092681827726,"LE2-1251.013","FCM"
1894,-0.41700551926362,-0.724392357421101,"LE2-1251.013","FCM"
1895,-0.342688403083981,-0.0802010908520678,"LE2-1251.013","FCM"
1896,0.0648851825235622,0.355287190770579,"LE2-1251.013","FCM"
1897,0.0364990122654859,0.173892034685884,"LE2-1251.013","FCM"
1898,0.714595304605355,0.465621997666027,"LE2-1251.013","FCM"
1899,0.173537816304503,-0.261662691050072,"LE2-1251.013","FCM"
1900,-0.145776841992375,0.445363625117527,"LE2-1251.013","FCM"
1901,-0.471310845646933,-0.0500845131159349,"LE2-1251.013","FCM"
1902,-0.565711780590178,-0.672940767479402,"LE2-1251.013","FCM"
1903,-0.831490904873495,-0.951961422961878,"LE2-1251.013","FCM"
1904,-0.344082347641783,-0.494838113006738,"LE2-1251.013","FCM"
1905,0.333864733504689,0.112567214481091,"LE2-1251.013","FCM"
1906,-0.604582012680919,-0.861645343686,"LE2-1251.013","FCM"
1907,-0.321687874687782,-0.236558189075518,"LE2-1251.013","FCM"
1908,-0.996993789952362,-0.701637958286668,"LE2-1251.013","FCM"
1909,-0.63805805740044,-0.277822079777393,"LE2-1251.013","FCM"
1910,0.425849208564154,0.267198337427165,"LE2-1251.013","FCM"
1911,0.532659642725455,0.110915333586603,"LE2-1251.013","FCM"
1912,0.0150974545047507,-0.286367877507959,"LE2-1251.013","FCM"
1913,-0.345574151206591,-0.779356994534332,"LE2-1251.013","FCM"
1914,-0.594293631807201,-1.11977157078879,"LE2-1251.013","FCM"
1915,-0.683026906753504,-0.780556888144567,"LE2-1251.013","FCM"
1916,-0.830668295968448,-0.71393166010519,"LE2-1251.013","FCM"
1917,-0.4008380715999,-0.911253494047459,"LE2-1251.013","FCM"
1918,-0.627778203821386,-0.832987871722223,"LE2-1251.013","FCM"
1919,-0.854250938003424,-0.357298320636096,"LE2-1251.013","FCM"
1920,-0.783976977733682,-0.51762880563729,"LE2-1251.013","FCM"
1921,-0.263136450455297,0.10235330553142,"LE2-1251.013","FCM"
1922,-0.302413576995757,-0.286435092218598,"LE2-1251.013","FCM"
1923,0.0911171129081643,-0.0294198630201881,"LE2-1251.013","FCM"
1924,0.204278552074514,-0.42981782484303,"LE2-1251.013","FCM"
1925,0.0933016207410225,0.086639512565454,"LE2-1251.013","FCM"
1926,0.673289938773833,0.888757724825271,"LE2-1251.013","FCM"
1927,-0.367281277673667,-0.0976133547396308,"LE2-1251.013","FCM"
1928,-0.362351004748424,0.232125416965744,"LE2-1251.013","FCM"
1929,-0.248224347347716,0.429147380549101,"LE2-1251.013","FCM"
1930,-0.545154014768161,-0.0224934027121466,"LE2-1251.013","FCM"
1931,-0.185347021391163,0.251575959655371,"LE2-1251.013","FCM"
1932,1.04870321227201,1.39187081656239,"LE2-1251.013","FCM"
1933,1.13010289021121,0.543012450004249,"LE2-1251.013","FCM"
1934,0.544063127448242,0.833827706864934,"LE2-1251.013","FCM"
1935,0.63351628923868,0.644981734633762,"LE2-1251.013","FCM"
1936,0.981770115584185,1.58138092334632,"LE2-1251.013","FCM"
1937,0.252420830000372,0.507759665444231,"LE2-1251.013","FCM"
1938,-0.269844110335087,0.208634601611554,"LE2-1251.013","FCM"
1939,0.47157251916689,1.04639307346832,"LE2-1251.013","FCM"
1940,-0.19014024425707,0.123835024209576,"LE2-1251.013","FCM"
1941,-0.364381667220381,0.345486730191799,"LE2-1251.013","FCM"
1942,-0.266236554746071,0.241839710576992,"LE2-1251.013","FCM"
1943,-0.427056940382255,-0.425481243458014,"LE2-1251.013","FCM"
1944,-0.0796221538102422,0.419854602437161,"LE2-1251.013","FCM"
1945,-0.320639945201414,-0.072800402183464,"LE2-1251.013","FCM"
1946,-1.07062008358633,-0.452538983612962,"LE2-1251.013","FCM"
1947,-1.16201947672936,-0.476629968962254,"LE2-1251.013","FCM"
1948,-1.35128733819606,-0.535232797769116,"LE2-1251.013","FCM"
1949,0.128769085414998,0.279734665348785,"LE2-1251.013","FCM"
1950,0.307162214415209,0.269721657108749,"LE2-1251.013","FCM"
1951,0.808090255517916,0.695804325099716,"LE2-1251.013","FCM"
1952,0.0296686371077553,0.258257783664239,"LE2-1251.013","FCM"
1953,-0.54345168246075,-0.194954666467662,"LE2-1251.013","FCM"
1954,-0.929449072534762,-0.822632829949617,"LE2-1251.013","FCM"
1955,0.0860837210434481,-0.575424413492038,"LE2-1251.013","FCM"
1956,0.379158046717264,-0.656459381333365,"LE2-1251.013","FCM"
1957,-0.293027245368605,-0.333471109622635,"LE2-1251.013","FCM"
1958,-0.26951729513437,0.0289294837456065,"LE2-1251.013","FCM"
1959,0.109260103101936,-0.482500699542081,"LE2-1251.013","FCM"
1960,0.479435261773063,0.118366718957851,"LE2-1251.013","FCM"
1961,-0.325935155438325,-0.767514706500128,"LE2-1251.013","FCM"
1962,0.0688438318521043,-0.468808576532306,"LE2-1251.013","FCM"
1963,0.015763175850697,-0.331493699108399,"LE2-1251.013","FCM"
1964,-0.253887017614857,-0.218359778921845,"LE2-1251.013","FCM"
1965,-0.903556310959191,-0.228141372162764,"LE2-1251.013","FCM"
1966,-0.387915430981508,0.213511222402061,"LE2-1251.013","FCM"
1967,-0.279197301426303,-0.414414925284688,"LE2-1251.013","FCM"
1968,-0.308855975754465,-0.321620894398137,"LE2-1251.013","FCM"
1969,-0.571725319950251,-0.660417343591323,"LE2-1251.013","FCM"
1970,-0.835333246324173,-0.735065554574252,"LE2-1251.013","FCM"
1971,-0.384001456646871,-0.0416432458000403,"LE2-1251.013","FCM"
1972,-0.105311759707963,-0.0526779177571819,"LE2-1251.013","FCM"
1973,-0.149670038070766,0.355677069167645,"LE2-1251.013","FCM"
1974,-0.640752601458641,-0.509125037407991,"LE2-1251.013","FCM"
1975,-0.598981300516932,-0.818067343003578,"LE2-1251.013","FCM"
1976,-0.323386969087893,-0.71449499590939,"LE2-1251.013","FCM"
1977,-0.241437335026994,-1.17874959215245,"LE2-1251.013","FCM"
1978,-1.19482342859997,-1.65746016150512,"LE2-1251.013","FCM"
1979,-0.697713959576493,-1.28497119804766,"LE2-1251.013","FCM"
1980,-0.428737488462504,-0.822802125935793,"LE2-1251.013","FCM"
1981,-0.284819755410533,-0.224316072586497,"LE2-1251.013","FCM"
1982,0.380009151136106,0.473264609461456,"LE2-1251.013","FCM"
1983,0.522524710626533,0.0148625726513266,"LE2-1251.013","FCM"
1984,0.101338299774183,-0.251888822566285,"LE2-1251.013","FCM"
1985,0.542180419196403,0.253189133134731,"LE2-1251.013","FCM"
1986,0.532105485902267,0.449210713945984,"LE2-1251.013","FCM"
1987,-0.212912307932025,0.0684345418267785,"LE2-1251.013","FCM"
1988,-0.88776972157393,-0.817288488473212,"LE2-1251.013","FCM"
1989,-0.129418542824043,-0.52557410188097,"LE2-1251.013","FCM"
1990,0.0735829228482902,0.125039942551996,"LE2-1251.013","FCM"
1991,0.142749838805674,-0.406319443169823,"LE2-1251.013","FCM"
1992,-0.422300262045193,-0.20723482683911,"LE2-1251.013","FCM"
1993,-0.693489632273291,-0.445470344336578,"LE2-1251.013","FCM"
1994,-0.0865284043846788,0.0696258699936909,"LE2-1251.013","FCM"
1995,0.742902440306476,1.28707696300006,"LE2-1251.013","FCM"
1996,-0.0178450885104347,-0.420525582751753,"LE2-1251.013","FCM"
1997,0.600812618210419,0.417204242975813,"LE2-1251.013","FCM"
1998,1.30629130397051,1.49497763159537,"LE2-1251.013","FCM"
1999,-0.313741940081712,-0.202523974246007,"LE2-1251.013","FCM"
2000,-0.552754635391865,0.287660479896353,"LE2-1251.013","FCM"
2001,-0.674110098102898,0.0162868118763922,"LE2-1251.013","FCM"
2002,-0.370250539594865,-0.0761256709176481,"LE2-1251.013","FCM"
2003,0.215417076703088,0.164181217132701,"LE2-1251.013","FCM"
2004,0.207513588619465,0.583269552957517,"LE2-1251.013","FCM"
2005,1.10189572342466,1.11579557372277,"LE2-1251.013","FCM"
2006,0.673487006075794,0.642889151765834,"LE2-1251.013","FCM"
2007,0.40040067111924,-0.0339407832722664,"LE2-1251.013","FCM"
2008,0.15519731684891,-0.0502304795301121,"LE2-1251.013","FCM"
2009,0.123530734430776,-0.138576224710877,"LE2-1251.013","FCM"
2010,1.08194514401208,0.970243838729978,"LE2-1251.013","FCM"
2011,0.745959553959507,1.16032735787486,"LE2-1251.013","FCM"
2012,1.16817556354799,0.707965644011487,"LE2-1251.013","FCM"
2013,1.14883461000408,1.12142510820653,"LE2-1251.013","FCM"
2014,1.68666458989228,1.48381807775083,"LE2-1251.013","FCM"
1851,0.27470851920959,0.204877393105252,"LE2-1251.014","FCM"
1852,-0.558303912095448,-0.815788807043284,"LE2-1251.014","FCM"
1853,0.184163331874819,0.229639243087901,"LE2-1251.014","FCM"
1854,0.104660846632253,-0.294365970305162,"LE2-1251.014","FCM"
1855,-0.275100112344224,-0.0254639514011139,"LE2-1251.014","FCM"
1856,0.133171645102377,0.676958202299517,"LE2-1251.014","FCM"
1857,-0.158442826795012,0.624515819862002,"LE2-1251.014","FCM"
1858,0.377106347684737,0.206563846642226,"LE2-1251.014","FCM"
1859,0.786115724321662,0.645889742981287,"LE2-1251.014","FCM"
1860,0.377675721439256,-0.250655033520985,"LE2-1251.014","FCM"
1861,-0.467816487456951,-0.0471694182112948,"LE2-1251.014","FCM"
1862,0.702363535028369,0.781967209139082,"LE2-1251.014","FCM"
1863,0.500214448976179,-0.197932857962624,"LE2-1251.014","FCM"
1864,1.12672259954027,0.399356712520739,"LE2-1251.014","FCM"
1865,0.237279010813474,-0.116326823774524,"LE2-1251.014","FCM"
1866,-0.733301216167731,-1.00086854138697,"LE2-1251.014","FCM"
1867,0.0268156372428931,0.392012208520491,"LE2-1251.014","FCM"
1868,0.652706571009873,0.947325392425498,"LE2-1251.014","FCM"
1869,0.708512059404454,0.618202959842952,"LE2-1251.014","FCM"
1870,0.232138759110788,-0.0500947955146196,"LE2-1251.014","FCM"
1871,-0.598219915094664,-0.639702177440242,"LE2-1251.014","FCM"
1872,-0.182669337578183,-0.341220446511458,"LE2-1251.014","FCM"
1873,-0.199797675594579,0.43058017347489,"LE2-1251.014","FCM"
1874,0.0975616786298015,0.258312977285599,"LE2-1251.014","FCM"
1875,-0.542935894171349,-0.993076060819043,"LE2-1251.014","FCM"
1876,0.278311714823167,-0.758993524279834,"LE2-1251.014","FCM"
1877,-0.384906178696875,-0.243487896156468,"LE2-1251.014","FCM"
1878,-0.505384843689106,-0.235742357458467,"LE2-1251.014","FCM"
1879,-0.0705197382678629,-0.127992537494466,"LE2-1251.014","FCM"
1880,-0.61042091178523,-0.807314575875743,"LE2-1251.014","FCM"
1881,-0.97697156132113,-1.40964303106747,"LE2-1251.014","FCM"
1882,-0.335536587495008,0.278006879286104,"LE2-1251.014","FCM"
1883,0.620961725425355,1.48639295342567,"LE2-1251.014","FCM"
1884,0.672017403128147,0.789269985894915,"LE2-1251.014","FCM"
1885,0.364221509337763,0.414380467711179,"LE2-1251.014","FCM"
1886,-0.652578090649047,-0.0307948327547646,"LE2-1251.014","FCM"
1887,-0.840422432572131,-0.0906252262913879,"LE2-1251.014","FCM"
1888,-0.915939711235796,-0.62254786550982,"LE2-1251.014","FCM"
1889,-0.205365061722087,-0.713296555502962,"LE2-1251.014","FCM"
1890,-0.87646137506621,-0.749485189014831,"LE2-1251.014","FCM"
1891,0.0945715574262808,-0.229919318588043,"LE2-1251.014","FCM"
1892,-0.292993109599248,-0.287341401370093,"LE2-1251.014","FCM"
1893,-0.0690971713393927,-0.0491948105006893,"LE2-1251.014","FCM"
1894,-0.0572068316604638,-0.0620592342866938,"LE2-1251.014","FCM"
1895,0.0459856685447529,0.321846795499063,"LE2-1251.014","FCM"
1896,-0.645931757285431,-0.115078955330508,"LE2-1251.014","FCM"
1897,-0.212763486956253,0.389358903573864,"LE2-1251.014","FCM"
1898,0.414826067560235,0.4516846410801,"LE2-1251.014","FCM"
1899,-0.921180454951386,-0.29936469324377,"LE2-1251.014","FCM"
1900,-1.04089950631463,0.0539548785616841,"LE2-1251.014","FCM"
1901,0.0234801121795281,-0.405920692138812,"LE2-1251.014","FCM"
1902,0.455223913569959,-0.0378839619986707,"LE2-1251.014","FCM"
1903,-0.174490386347567,-0.33630850502142,"LE2-1251.014","FCM"
1904,0.509024029148401,0.331361228364198,"LE2-1251.014","FCM"
1905,0.590272057297449,0.529344166760838,"LE2-1251.014","FCM"
1906,0.0535940614014515,0.209960299201312,"LE2-1251.014","FCM"
1907,0.224520593261511,0.23274991434886,"LE2-1251.014","FCM"
1908,0.458001129374931,0.232974427014464,"LE2-1251.014","FCM"
1909,0.498926513604092,0.505308630239891,"LE2-1251.014","FCM"
1910,0.276121689689576,0.0306229555871909,"LE2-1251.014","FCM"
1911,-1.01484824839376,-0.676591103108189,"LE2-1251.014","FCM"
1912,-1.6007105444739,-1.26046333552217,"LE2-1251.014","FCM"
1913,-0.906130897168741,-0.568314694909869,"LE2-1251.014","FCM"
1914,-0.903830689701203,-0.64847792172226,"LE2-1251.014","FCM"
1915,-0.719144996213479,0.0585653813297806,"LE2-1251.014","FCM"
1916,0.371340846891716,0.741950250548501,"LE2-1251.014","FCM"
1917,-0.249385040689481,-0.203371274894809,"LE2-1251.014","FCM"
1918,-0.15571703348958,-0.75564824388549,"LE2-1251.014","FCM"
1919,-0.451574246402494,-0.632589894769337,"LE2-1251.014","FCM"
1920,0.190997002875839,0.0856194068388936,"LE2-1251.014","FCM"
1921,0.478986868492816,0.467603756829043,"LE2-1251.014","FCM"
1922,0.756933568324588,1.47198616805252,"LE2-1251.014","FCM"
1923,0.0364113417169021,0.278303534541969,"LE2-1251.014","FCM"
1924,0.14862207488825,0.104387645803457,"LE2-1251.014","FCM"
1925,-0.304466657973344,-0.144310004203522,"LE2-1251.014","FCM"
1926,-0.896389324605806,-0.392634204735763,"LE2-1251.014","FCM"
1927,-0.857583771397021,-0.0408136393474728,"LE2-1251.014","FCM"
1928,0.0907507077607592,0.55444658550338,"LE2-1251.014","FCM"
1929,0.548473216769815,0.422665567621084,"LE2-1251.014","FCM"
1930,1.12189475258638,1.28355284291192,"LE2-1251.014","FCM"
1931,0.015925437204931,0.260347158168477,"LE2-1251.014","FCM"
1932,-0.638207446340029,-0.529924246778261,"LE2-1251.014","FCM"
1933,0.233225153992573,0.0899427761646606,"LE2-1251.014","FCM"
1934,0.108792747703217,-0.281254196398819,"LE2-1251.014","FCM"
1935,0.390874002250826,-0.192142220988037,"LE2-1251.014","FCM"
1936,-0.787489081341232,-0.898535792910784,"LE2-1251.014","FCM"
1937,-0.577790641001958,-0.370867678014777,"LE2-1251.014","FCM"
1938,-0.588484877321522,-0.874571276672201,"LE2-1251.014","FCM"
1939,-0.366769421965057,-0.553600433120779,"LE2-1251.014","FCM"
1940,-0.814110406319455,-0.579699151055427,"LE2-1251.014","FCM"
1941,0.311221533853799,0.159558846564431,"LE2-1251.014","FCM"
1942,-0.264277199033528,-0.535507629499317,"LE2-1251.014","FCM"
1943,-0.633676136619872,-0.609827709895958,"LE2-1251.014","FCM"
1944,-1.16745832049907,-0.347860810980051,"LE2-1251.014","FCM"
1945,-0.185091803008593,-0.24789712193776,"LE2-1251.014","FCM"
1946,1.04216055200262,1.46273868529139,"LE2-1251.014","FCM"
1947,0.812825751309146,0.841229617089745,"LE2-1251.014","FCM"
1948,0.925985710146009,0.121581431444915,"LE2-1251.014","FCM"
1949,0.174379462649579,-0.001141921955043,"LE2-1251.014","FCM"
1950,-0.539867307271972,-0.519243483427344,"LE2-1251.014","FCM"
1951,-0.221043607687798,-0.230055527284683,"LE2-1251.014","FCM"
1952,-0.00714811617997275,0.214701249910478,"LE2-1251.014","FCM"
1953,0.157382703110338,-0.341655203965735,"LE2-1251.014","FCM"
1954,0.450387096169503,0.211341932660876,"LE2-1251.014","FCM"
1955,-0.494435311770619,-0.3434949371565,"LE2-1251.014","FCM"
1956,0.816867903090075,0.418909132054717,"LE2-1251.014","FCM"
1957,0.331745387689033,-0.115125654385475,"LE2-1251.014","FCM"
1958,0.509809250388177,0.301616987263593,"LE2-1251.014","FCM"
1959,0.629545050233694,0.424719471631602,"LE2-1251.014","FCM"
1960,0.897451861565284,1.11787949523687,"LE2-1251.014","FCM"
1961,0.431898403466212,0.102413017600329,"LE2-1251.014","FCM"
1962,0.0836572488060212,-0.085285327800817,"LE2-1251.014","FCM"
1963,-0.0697991600083979,-0.167274128711706,"LE2-1251.014","FCM"
1964,-0.320048982440465,-0.387739828303921,"LE2-1251.014","FCM"
1965,0.0203210787849666,-0.00892578810911442,"LE2-1251.014","FCM"
1966,-0.497876756590494,-0.323904901271369,"LE2-1251.014","FCM"
1967,-0.756128522141454,-0.995432873716631,"LE2-1251.014","FCM"
1968,0.0616912141803027,-0.420680192095917,"LE2-1251.014","FCM"
1969,-0.086574639362151,-0.0979389300624736,"LE2-1251.014","FCM"
1970,-0.64302157498697,0.135252608197358,"LE2-1251.014","FCM"
1971,-0.484897321890685,-0.219405760621585,"LE2-1251.014","FCM"
1972,-0.674991984523822,-0.503879607969971,"LE2-1251.014","FCM"
1973,-0.531609296239168,-0.427809546117976,"LE2-1251.014","FCM"
1974,-0.485420101538572,-0.41149391377907,"LE2-1251.014","FCM"
1975,-0.0841944306072441,-0.109991734590308,"LE2-1251.014","FCM"
1976,-0.412635838282465,-0.374339582193349,"LE2-1251.014","FCM"
1977,-0.484083314956504,-0.316376160284168,"LE2-1251.014","FCM"
1978,0.226566566361736,-0.364004602276351,"LE2-1251.014","FCM"
1979,-0.179786500335014,-0.00359295575620878,"LE2-1251.014","FCM"
1980,0.266145538922283,0.340396418260997,"LE2-1251.014","FCM"
1981,-0.0862210516657185,-0.245241701737811,"LE2-1251.014","FCM"
1982,-0.419921594788433,0.14116768984287,"LE2-1251.014","FCM"
1983,0.542193528163267,0.299986606260711,"LE2-1251.014","FCM"
1984,-0.493857250208581,-0.135910583983625,"LE2-1251.014","FCM"
1985,-0.153798007219123,-0.112458310859258,"LE2-1251.014","FCM"
1986,-0.180011320260432,-0.155385678691163,"LE2-1251.014","FCM"
1987,0.079457557428254,0.490407162732238,"LE2-1251.014","FCM"
1988,-0.455356978825284,-0.102237706628037,"LE2-1251.014","FCM"
1989,-0.28837006372295,0.407102196456432,"LE2-1251.014","FCM"
1990,1.07699198318626,0.438776416308303,"LE2-1251.014","FCM"
1991,0.202874239368766,0.103543517384168,"LE2-1251.014","FCM"
1992,-0.304862100767423,-0.358599439661214,"LE2-1251.014","FCM"
1993,-0.405571368350403,-0.5539542372774,"LE2-1251.014","FCM"
1994,-0.307578707398967,-0.804941915480166,"LE2-1251.014","FCM"
1995,-0.279470895525543,-0.539624306453875,"LE2-1251.014","FCM"
1996,-0.401825344784125,-0.608317912738905,"LE2-1251.014","FCM"
1997,-0.385461961485687,-0.400967692529743,"LE2-1251.014","FCM"
1998,0.536620553025428,-0.135158709506937,"LE2-1251.014","FCM"
1999,0.238063177628007,-0.361550671254593,"LE2-1251.014","FCM"
2000,-0.56949042161394,-0.155880829830969,"LE2-1251.014","FCM"
2001,-0.21431114476717,-0.198877512301587,"LE2-1251.014","FCM"
2002,-0.72531679336225,-0.684278036146803,"LE2-1251.014","FCM"
2003,-0.197735398955852,-0.0426432389508384,"LE2-1251.014","FCM"
2004,0.431731661345069,0.43321881819854,"LE2-1251.014","FCM"
2005,-0.378136463063354,0.250168418629579,"LE2-1251.014","FCM"
2006,0.0301496042010857,0.188535853793535,"LE2-1251.014","FCM"
2007,0.596110315540625,0.378345065215181,"LE2-1251.014","FCM"
2008,0.783994208924986,1.29013352099032,"LE2-1251.014","FCM"
2009,0.993573319265066,0.973268561393974,"LE2-1251.014","FCM"
2010,0.0225010948431775,0.329478125121089,"LE2-1251.014","FCM"
2011,1.18800266560076,1.20345645596906,"LE2-1251.014","FCM"
2012,0.964015074473719,1.129434744976,"LE2-1251.014","FCM"
2013,-0.293212399982184,-0.0650327094513504,"LE2-1251.014","FCM"
2014,-1.02255380601219,-0.849548585899131,"LE2-1251.014","FCM"
1851,-0.0910482648880709,-0.578658691813332,"LE2-1251.015","FCM"
1852,-0.592646551053154,-0.441408310532201,"LE2-1251.015","FCM"
1853,-0.621653431702782,-0.237580432838406,"LE2-1251.015","FCM"
1854,0.316847384155461,0.656713631301893,"LE2-1251.015","FCM"
1855,-0.337538893060485,-0.577909970653344,"LE2-1251.015","FCM"
1856,-0.303953241171275,-0.47352826467349,"LE2-1251.015","FCM"
1857,0.293949869349911,0.0254208391704258,"LE2-1251.015","FCM"
1858,-1.04097477385695,-0.818351080004569,"LE2-1251.015","FCM"
1859,-1.71847982175344,-0.894665931334333,"LE2-1251.015","FCM"
1860,-1.07129058349894,-0.740459724413096,"LE2-1251.015","FCM"
1861,0.0900296944537858,0.333313264700933,"LE2-1251.015","FCM"
1862,-0.617268732548872,-0.548911543266738,"LE2-1251.015","FCM"
1863,0.381440944728442,-0.304737671652793,"LE2-1251.015","FCM"
1864,-0.667528893272497,-0.751513539096518,"LE2-1251.015","FCM"
1865,-0.820235817413835,-0.790138405876384,"LE2-1251.015","FCM"
1866,-0.342342405365422,-0.566157455017442,"LE2-1251.015","FCM"
1867,-0.734816515031508,-1.28107030541464,"LE2-1251.015","FCM"
1868,-0.0972376590709478,-0.823676490743395,"LE2-1251.015","FCM"
1869,-0.219700989079863,-0.307290104582872,"LE2-1251.015","FCM"
1870,0.533215026753242,0.748649162881964,"LE2-1251.015","FCM"
1871,-0.0209934317297627,-0.0670922300422729,"LE2-1251.015","FCM"
1872,-0.0883639315266142,0.126058018428945,"LE2-1251.015","FCM"
1873,0.511371965656739,1.16800050579821,"LE2-1251.015","FCM"
1874,0.336240404598009,1.11578165516698,"LE2-1251.015","FCM"
1875,1.10256165272485,0.992917214571681,"LE2-1251.015","FCM"
1876,-0.208071505498274,-0.283146411082679,"LE2-1251.015","FCM"
1877,-0.465718093964536,0.104774288285924,"LE2-1251.015","FCM"
1878,-0.479941032990199,0.223290380756478,"LE2-1251.015","FCM"
1879,0.13453086352715,0.52678260000181,"LE2-1251.015","FCM"
1880,0.15034597782085,0.186366114835555,"LE2-1251.015","FCM"
1881,-0.0204260299882218,-0.199210878689734,"LE2-1251.015","FCM"
1882,0.363772336115075,0.369460484931694,"LE2-1251.015","FCM"
1883,0.564518105819759,0.386954154569294,"LE2-1251.015","FCM"
1884,-0.0459851302114805,-0.254681283679519,"LE2-1251.015","FCM"
1885,-0.0271293919000224,-0.237285208510387,"LE2-1251.015","FCM"
1886,1.19348559400423,0.969540186178058,"LE2-1251.015","FCM"
1887,0.900528510750811,0.158360007815863,"LE2-1251.015","FCM"
1888,0.470386418879849,0.277926201105067,"LE2-1251.015","FCM"
1889,0.624812397946008,0.762883193245199,"LE2-1251.015","FCM"
1890,0.722691136465237,0.997635864658263,"LE2-1251.015","FCM"
1891,-0.114744870661651,0.123325172507597,"LE2-1251.015","FCM"
1892,-0.735473368601421,-0.457786924771637,"LE2-1251.015","FCM"
1893,-0.403508529112265,0.00849255659973116,"LE2-1251.015","FCM"
1894,-0.151611395850714,-0.0616212067655787,"LE2-1251.015","FCM"
1895,-0.396468063668945,-0.282387888510989,"LE2-1251.015","FCM"
1896,0.13136981553788,0.716574496888992,"LE2-1251.015","FCM"
1897,0.288159534399892,0.584391129078013,"LE2-1251.015","FCM"
1898,-0.342519543799341,0.184559127175842,"LE2-1251.015","FCM"
1899,-0.202106171763509,-0.815637012357089,"LE2-1251.015","FCM"
1900,-0.39197804193284,-0.188147281764641,"LE2-1251.015","FCM"
1901,0.664085159484403,0.993304195183539,"LE2-1251.015","FCM"
1902,0.0424651705159753,-0.216898902835455,"LE2-1251.015","FCM"
1903,-0.489121657441494,-0.154614671062039,"LE2-1251.015","FCM"
1904,0.227588904541181,0.771130585921455,"LE2-1251.015","FCM"
1905,0.671567867632511,0.427794536454715,"LE2-1251.015","FCM"
1906,0.272543119507022,0.146508088127645,"LE2-1251.015","FCM"
1907,-0.00470016874975269,0.0630463999383466,"LE2-1251.015","FCM"
1908,-0.0172862177157516,-0.88304261553488,"LE2-1251.015","FCM"
1909,0.866133448549645,0.186137104413973,"LE2-1251.015","FCM"
1910,1.88898671863105,0.992808147882642,"LE2-1251.015","FCM"
1911,0.73384196295876,0.498507615508771,"LE2-1251.015","FCM"
1912,-0.462764611496464,-0.0632803231808665,"LE2-1251.015","FCM"
1913,-0.139977836439138,-0.0397869513678803,"LE2-1251.015","FCM"
1914,0.322409616218276,0.550487456297637,"LE2-1251.015","FCM"
1915,0.207169092110041,0.0364453812018276,"LE2-1251.015","FCM"
1916,-0.321396026385214,-0.436232263074369,"LE2-1251.015","FCM"
1917,-0.819642241806201,-0.680356142680464,"LE2-1251.015","FCM"
1918,-0.824016209113647,-0.753189624560812,"LE2-1251.015","FCM"
1919,-0.629191452162727,0.137040981221099,"LE2-1251.015","FCM"
1920,-0.260074729787059,0.104983309757381,"LE2-1251.015","FCM"
1921,-0.854237496040904,-0.0153894689498152,"LE2-1251.015","FCM"
1922,-1.17479535871767,-1.00429636591852,"LE2-1251.015","FCM"
1923,0.197791586336417,0.062737427401092,"LE2-1251.015","FCM"
1924,0.75179319896218,1.291834161395,"LE2-1251.015","FCM"
1925,0.212536645060729,0.344234342176736,"LE2-1251.015","FCM"
1926,0.336298291250833,0.0651100665522328,"LE2-1251.015","FCM"
1927,0.177388885987351,0.126596398488551,"LE2-1251.015","FCM"
1928,0.0615018097376274,-0.0100512653494917,"LE2-1251.015","FCM"
1929,0.304451007819418,0.149285290707383,"LE2-1251.015","FCM"
1930,-0.346235044153616,-0.332521304108351,"LE2-1251.015","FCM"
1931,-0.168876363404519,0.106137345836175,"LE2-1251.015","FCM"
1932,0.0689178187671799,-0.15608820782175,"LE2-1251.015","FCM"
1933,-0.560600710233148,-0.165148726356042,"LE2-1251.015","FCM"
1934,-0.917125826553818,-0.353918091236667,"LE2-1251.015","FCM"
1935,-0.275091354188269,0.553280282878283,"LE2-1251.015","FCM"
1936,0.362563593352424,0.459242246552926,"LE2-1251.015","FCM"
1937,0.431339597445403,0.902831648149304,"LE2-1251.015","FCM"
1938,0.135550336471842,0.0938573382941248,"LE2-1251.015","FCM"
1939,-0.557018172829321,-0.260650592123229,"LE2-1251.015","FCM"
1940,-0.371036905536056,-0.453165094436614,"LE2-1251.015","FCM"
1941,-0.136988150970714,0.0191340072990448,"LE2-1251.015","FCM"
1942,-0.00290348162030656,0.133302617116672,"LE2-1251.015","FCM"
1943,0.262190530652293,0.213082045030891,"LE2-1251.015","FCM"
1944,0.512977731097691,0.332017110988332,"LE2-1251.015","FCM"
1945,0.969380949453942,0.413683069575582,"LE2-1251.015","FCM"
1946,0.0955019478726028,0.443873096623795,"LE2-1251.015","FCM"
1947,0.0770149857834498,-0.2694630317795,"LE2-1251.015","FCM"
1948,-0.355665150860994,-0.432592601269191,"LE2-1251.015","FCM"
1949,-0.570915589813779,-1.02619456781349,"LE2-1251.015","FCM"
1950,0.229515140990298,0.162229123244325,"LE2-1251.015","FCM"
1951,0.0519401852987664,-0.0514444886391122,"LE2-1251.015","FCM"
1952,-0.284813285552755,-0.575811782891779,"LE2-1251.015","FCM"
1953,0.360849143547311,0.133515147269692,"LE2-1251.015","FCM"
1954,0.447488960273615,0.300319727387957,"LE2-1251.015","FCM"
1955,0.375466701901919,-0.181126767971506,"LE2-1251.015","FCM"
1956,-0.395665868648284,-0.0312521787789271,"LE2-1251.015","FCM"
1957,-0.632497342774705,-0.343141985232751,"LE2-1251.015","FCM"
1958,-0.747734624684456,-0.672662659408041,"LE2-1251.015","FCM"
1959,-0.545903295570788,-0.32464318800002,"LE2-1251.015","FCM"
1960,-0.110231883988427,0.531293627433112,"LE2-1251.015","FCM"
1961,0.5247055920401,0.27023410240304,"LE2-1251.015","FCM"
1962,0.660759673143794,0.175808743299327,"LE2-1251.015","FCM"
1963,0.15356076902487,-0.0726676878995993,"LE2-1251.015","FCM"
1964,0.538637547815058,0.449933096668726,"LE2-1251.015","FCM"
1965,0.570737296808012,0.728160875708935,"LE2-1251.015","FCM"
1966,0.176450731889939,0.464155308443367,"LE2-1251.015","FCM"
1967,0.724965482552032,0.350513832789865,"LE2-1251.015","FCM"
1968,0.0191738437333514,-0.297263674400099,"LE2-1251.015","FCM"
1969,-0.307292674782183,-0.886660390948751,"LE2-1251.015","FCM"
1970,-0.684205460544943,-0.715681328210123,"LE2-1251.015","FCM"
1971,-0.232132165622522,-0.413127724307235,"LE2-1251.015","FCM"
1972,0.518658161015575,0.593902202051323,"LE2-1251.015","FCM"
1973,0.0698910309976162,-0.0224768644369809,"LE2-1251.015","FCM"
1974,0.280681886727509,0.284701217815482,"LE2-1251.015","FCM"
1975,0.218395820985464,-0.306451069014298,"LE2-1251.015","FCM"
1976,-0.182771480442839,-0.425787424954849,"LE2-1251.015","FCM"
1977,-0.647694924845056,-0.50962644107074,"LE2-1251.015","FCM"
1978,-0.205675464812269,1.09834288456885,"LE2-1251.015","FCM"
1979,-0.0130507245647828,0.310920707730374,"LE2-1251.015","FCM"
1980,-0.306325575981525,-0.290536410276262,"LE2-1251.015","FCM"
1981,0.0969228920844919,-0.112384239744526,"LE2-1251.015","FCM"
1982,-0.453047959085266,-0.466959382097172,"LE2-1251.015","FCM"
1983,0.53251981122451,0.130220140729281,"LE2-1251.015","FCM"
1984,0.417689669098546,0.225306221677786,"LE2-1251.015","FCM"
1985,-0.137912794134482,-0.862322070585047,"LE2-1251.015","FCM"
1986,-0.453564503091369,-0.833796301653304,"LE2-1251.015","FCM"
1987,-0.117749441641389,-0.675644932867266,"LE2-1251.015","FCM"
1988,0.0481475214849996,0.328554086923567,"LE2-1251.015","FCM"
1989,-0.254458219770913,0.0309723824046312,"LE2-1251.015","FCM"
1990,0.142842216471506,-0.224577960430932,"LE2-1251.015","FCM"
1991,0.220692373205377,-0.183392079224966,"LE2-1251.015","FCM"
1992,0.327891961721634,0.054666056140443,"LE2-1251.015","FCM"
1993,0.723334162897961,0.570490479400672,"LE2-1251.015","FCM"
1994,-0.0924847376995509,0.292541372723976,"LE2-1251.015","FCM"
1995,0.143540343496086,0.261067905191374,"LE2-1251.015","FCM"
1996,-0.565743062578809,0.251861888286067,"LE2-1251.015","FCM"
1997,-0.318640801573873,-0.00618244454195184,"LE2-1251.015","FCM"
1998,-0.128397084748271,0.124911920031427,"LE2-1251.015","FCM"
1999,-0.356181682542858,0.0417535080056373,"LE2-1251.015","FCM"
2000,-0.336508686635627,0.740740840674299,"LE2-1251.015","FCM"
2001,-0.195344369943708,0.495729205661436,"LE2-1251.015","FCM"
2002,-0.47660272414472,0.0727652428698427,"LE2-1251.015","FCM"
2003,0.131282926149403,0.11495273825345,"LE2-1251.015","FCM"
2004,0.891937568373236,0.382366887564525,"LE2-1251.015","FCM"
2005,0.647075340730792,0.592635405466487,"LE2-1251.015","FCM"
2006,-0.417862143608158,0.0751392635921704,"LE2-1251.015","FCM"
2007,-0.70887692611331,-0.373326868798336,"LE2-1251.015","FCM"
2008,-0.105777633938114,0.128644827193516,"LE2-1251.015","FCM"
2009,0.147609420331315,0.557361432090186,"LE2-1251.015","FCM"
2010,0.455879745995178,0.877956688195806,"LE2-1251.015","FCM"
2011,-0.18206841582326,-0.193930812823992,"LE2-1251.015","FCM"
2012,-0.617588662122162,-0.546036756054516,"LE2-1251.015","FCM"
2013,0.104981225082988,-0.563827571209021,"LE2-1251.015","FCM"
2014,0.195750214968446,0.74454971372429,"LE2-1251.015","FCM"
1851,0.835025778999922,0.837857116125808,"LE2-1251.016","FCM"
1852,0.48456817762984,0.467616516998988,"LE2-1251.016","FCM"
1853,-0.296380735802491,0.149578205691308,"LE2-1251.016","FCM"
1854,-0.676924004362398,-0.190881969814288,"LE2-1251.016","FCM"
1855,-0.63207996964835,-0.50714882439838,"LE2-1251.016","FCM"
1856,0.00464903939721746,0.426302138348223,"LE2-1251.016","FCM"
1857,0.0644011796087507,0.120723173126187,"LE2-1251.016","FCM"
1858,0.15431572889426,-0.294097403051102,"LE2-1251.016","FCM"
1859,0.312288805551733,0.0536140040064618,"LE2-1251.016","FCM"
1860,0.05012675579144,-0.0174082648548101,"LE2-1251.016","FCM"
1861,-0.199678116232499,0.283867412841947,"LE2-1251.016","FCM"
1862,-0.339837564379653,-0.206955696053324,"LE2-1251.016","FCM"
1863,-0.0219150509492791,-0.0587598243893966,"LE2-1251.016","FCM"
1864,0.213453070777383,-0.342585043615876,"LE2-1251.016","FCM"
1865,-0.276089798990447,-0.634445200252176,"LE2-1251.016","FCM"
1866,-0.367093751580616,-0.665439170076266,"LE2-1251.016","FCM"
1867,0.0610801335181304,0.0661919997950439,"LE2-1251.016","FCM"
1868,-0.00779481276983414,-0.266614222420844,"LE2-1251.016","FCM"
1869,0.0493212574920005,-0.0498702978640418,"LE2-1251.016","FCM"
1870,-0.398531327512665,0.0398390648794376,"LE2-1251.016","FCM"
1871,-0.506501799756198,0.173733225941715,"LE2-1251.016","FCM"
1872,-0.128260846527529,-0.722157785271167,"LE2-1251.016","FCM"
1873,0.253305273610443,-0.231243853861122,"LE2-1251.016","FCM"
1874,-0.0236740879315676,-0.701358452889893,"LE2-1251.016","FCM"
1875,0.331902553170628,0.647222108063546,"LE2-1251.016","FCM"
1876,0.549155751130237,0.198884815601325,"LE2-1251.016","FCM"
1877,0.992315156009269,0.789565071643171,"LE2-1251.016","FCM"
1878,0.0780424404394784,-0.109436418669079,"LE2-1251.016","FCM"
1879,-1.13815999973736,-1.05541209465462,"LE2-1251.016","FCM"
1880,-0.651348074108785,-0.847321782523519,"LE2-1251.016","FCM"
1881,-0.576867724253283,-0.518493113868561,"LE2-1251.016","FCM"
1882,-0.430574263541983,0.147068348241023,"LE2-1251.016","FCM"
1883,-0.464709687477318,-0.306112026113942,"LE2-1251.016","FCM"
1884,-0.199925204904968,-0.403071266262247,"LE2-1251.016","FCM"
1885,-0.063832940163909,-0.109270860873144,"LE2-1251.016","FCM"
1886,-0.0143633562452132,-0.162680442306906,"LE2-1251.016","FCM"
1887,0.279301379936979,-0.0606802124328237,"LE2-1251.016","FCM"
1888,0.281373669736939,0.116797268864039,"LE2-1251.016","FCM"
1889,-0.970591239292736,-0.967857365211359,"LE2-1251.016","FCM"
1890,-0.573345578946603,-0.498610068769561,"LE2-1251.016","FCM"
1891,0.768569576631919,0.791683712008098,"LE2-1251.016","FCM"
1892,0.491536189959574,0.471415288278268,"LE2-1251.016","FCM"
1893,-0.172026533710699,-0.00208822136740996,"LE2-1251.016","FCM"
1894,0.219625750229453,0.454631747785272,"LE2-1251.016","FCM"
1895,0.482458859506568,0.849850008585527,"LE2-1251.016","FCM"
1896,0.793890821240533,0.696939210724669,"LE2-1251.016","FCM"
1897,0.223860174424513,0.234836057768879,"LE2-1251.016","FCM"
1898,-0.363696373763647,0.00615301273749652,"LE2-1251.016","FCM"
1899,0.453952185948826,0.435365392113608,"LE2-1251.016","FCM"
1900,0.98630304911025,0.465093038140923,"LE2-1251.016","FCM"
1901,0.809153267280168,0.816543473919632,"LE2-1251.016","FCM"
1902,-0.0796249790188642,-0.426767152758602,"LE2-1251.016","FCM"
1903,0.154074000532139,-0.19124502208806,"LE2-1251.016","FCM"
1904,-0.135579896239176,-0.219606473836686,"LE2-1251.016","FCM"
1905,-0.472225499417822,-0.0517702797338094,"LE2-1251.016","FCM"
1906,-0.338639451684361,-0.350947801272667,"LE2-1251.016","FCM"
1907,0.494612505969619,-0.242747998559433,"LE2-1251.016","FCM"
1908,0.313311399449124,-0.0296175850434395,"LE2-1251.016","FCM"
1909,-0.626297646826447,-1.20249112793835,"LE2-1251.016","FCM"
1910,-0.175946838252594,-0.412131560555351,"LE2-1251.016","FCM"
1911,-0.841305247109747,-0.663660330866039,"LE2-1251.016","FCM"
1912,-0.433483732461314,-1.48826059769895,"LE2-1251.016","FCM"
1913,-0.0259298879476502,-0.592896752487471,"LE2-1251.016","FCM"
1914,-0.437687800159329,-0.710814510681132,"LE2-1251.016","FCM"
1915,-0.687505890387557,-0.664331044425817,"LE2-1251.016","FCM"
1916,-0.413198418900464,-0.752581874879839,"LE2-1251.016","FCM"
1917,0.26611164924757,0.768480767027065,"LE2-1251.016","FCM"
1918,-0.88481961802559,-0.751161321358766,"LE2-1251.016","FCM"
1919,-0.554320921735351,-0.165605540537054,"LE2-1251.016","FCM"
1920,-0.494245477551474,-0.4749762004045,"LE2-1251.016","FCM"
1921,-1.30795879505647,-1.1539550601163,"LE2-1251.016","FCM"
1922,-0.72831279873738,-0.911291153112126,"LE2-1251.016","FCM"
1923,-0.985321075471731,-1.03793454923331,"LE2-1251.016","FCM"
1924,-0.936029361187673,-1.28957532496883,"LE2-1251.016","FCM"
1925,0.416253238199119,-0.0476466805492142,"LE2-1251.016","FCM"
1926,0.365441737762823,-0.533811414942332,"LE2-1251.016","FCM"
1927,0.263302916369395,-0.332636466420683,"LE2-1251.016","FCM"
1928,-0.0491837681363392,-0.924161293644575,"LE2-1251.016","FCM"
1929,-0.4981040440291,-1.07596192631063,"LE2-1251.016","FCM"
1930,-0.906213278099452,-1.06960976764624,"LE2-1251.016","FCM"
1931,-1.06827081793284,-1.14252422409102,"LE2-1251.016","FCM"
1932,-0.557823163541283,-0.481884322933034,"LE2-1251.016","FCM"
1933,-0.392853387365559,-0.229052549697904,"LE2-1251.016","FCM"
1934,-0.913982212855526,-0.536038147805399,"LE2-1251.016","FCM"
1935,-0.223204737169726,0.142061322601315,"LE2-1251.016","FCM"
1936,-0.427464895196843,-0.157890092200779,"LE2-1251.016","FCM"
1937,0.644654073634018,0.217924233799613,"LE2-1251.016","FCM"
1938,0.698402895396597,0.320982583393475,"LE2-1251.016","FCM"
1939,0.0592439955037136,-0.441656970784695,"LE2-1251.016","FCM"
1940,0.126588396387008,-0.55137946997189,"LE2-1251.016","FCM"
1941,0.41001146813737,-0.186212824084418,"LE2-1251.016","FCM"
1942,0.687658016081907,0.341759628140153,"LE2-1251.016","FCM"
1943,0.563116814782603,0.0881776092001402,"LE2-1251.016","FCM"
1944,0.535468027569867,0.207194198806907,"LE2-1251.016","FCM"
1945,0.466227489286663,0.213598647372272,"LE2-1251.016","FCM"
1946,0.899544408557445,-0.114261177542811,"LE2-1251.016","FCM"
1947,0.621723308793973,0.577010557825749,"LE2-1251.016","FCM"
1948,-0.382077508665305,0.0765564406719888,"LE2-1251.016","FCM"
1949,-0.144903701132091,-0.106643911030841,"LE2-1251.016","FCM"
1950,-0.439282899671595,0.0983840115296299,"LE2-1251.016","FCM"
1951,-0.0513931217177558,-0.40925266942924,"LE2-1251.016","FCM"
1952,-0.600304042737981,-0.813016473846348,"LE2-1251.016","FCM"
1953,-0.941043465264647,-0.484038857812588,"LE2-1251.016","FCM"
1954,0.409778593048587,0.089193337781784,"LE2-1251.016","FCM"
1955,-0.14109209308488,-0.55290691598391,"LE2-1251.016","FCM"
1956,-0.393408003531599,-0.689290634529422,"LE2-1251.016","FCM"
1957,0.563603727971612,-0.279467295263847,"LE2-1251.016","FCM"
1958,0.79193096419228,0.402186610239774,"LE2-1251.016","FCM"
1959,0.509916289672024,0.190304770961704,"LE2-1251.016","FCM"
1960,0.0423587902548322,0.162279095704613,"LE2-1251.016","FCM"
1961,-0.126878579747414,-0.125427423660521,"LE2-1251.016","FCM"
1962,0.21113380065234,-0.170101663866877,"LE2-1251.016","FCM"
1963,0.886781682577717,0.283938521367442,"LE2-1251.016","FCM"
1964,0.519182635504653,0.20516408081332,"LE2-1251.016","FCM"
1965,-0.41915173682477,0.433661765103917,"LE2-1251.016","FCM"
1966,-1.05454635785772,-0.906366804909966,"LE2-1251.016","FCM"
1967,-0.47198749833565,-0.36954207276076,"LE2-1251.016","FCM"
1968,0.0396617386261922,0.0510710653444677,"LE2-1251.016","FCM"
1969,-0.176425558057215,-0.234996543821472,"LE2-1251.016","FCM"
1970,-0.0128975636679551,-0.109927436698151,"LE2-1251.016","FCM"
1971,0.300612946910814,0.402131549360065,"LE2-1251.016","FCM"
1972,-0.663189094288144,-0.524880774945251,"LE2-1251.016","FCM"
1973,-0.348787325589413,-0.395524880160769,"LE2-1251.016","FCM"
1974,-0.102628170369239,-0.0241728895599496,"LE2-1251.016","FCM"
1975,-0.363637418547781,-0.688329923156792,"LE2-1251.016","FCM"
1976,0.0772173746162335,-0.674658802774851,"LE2-1251.016","FCM"
1977,-0.218884871116066,-0.214253896546818,"LE2-1251.016","FCM"
1978,-0.310980812711745,-0.639072321088668,"LE2-1251.016","FCM"
1979,-0.160976003582921,-0.126761137018809,"LE2-1251.016","FCM"
1980,0.781743395733636,0.916637614937308,"LE2-1251.016","FCM"
1981,0.872971462499602,0.665793280831069,"LE2-1251.016","FCM"
1982,0.62805978810292,0.71508066989778,"LE2-1251.016","FCM"
1983,-0.367646309948975,-0.1161674782012,"LE2-1251.016","FCM"
1984,-0.738867744646895,-0.600336136116742,"LE2-1251.016","FCM"
1985,-0.0175998430376709,-0.536472812320058,"LE2-1251.016","FCM"
1986,0.141106652891862,-0.135115898394906,"LE2-1251.016","FCM"
1987,0.112218074238613,0.0942063917229642,"LE2-1251.016","FCM"
1988,-0.0487346174219736,-0.55804875056523,"LE2-1251.016","FCM"
1989,-0.655499004369829,-0.715164468853697,"LE2-1251.016","FCM"
1990,-0.448846958577802,-0.276667866060593,"LE2-1251.016","FCM"
1991,-0.131158372134031,-0.655826117295949,"LE2-1251.016","FCM"
1992,0.206163361930155,-0.612359314346235,"LE2-1251.016","FCM"
1993,0.358368786032875,-0.223296519294412,"LE2-1251.016","FCM"
1994,0.576304558934119,0.319666350400352,"LE2-1251.016","FCM"
1995,-0.165468391852142,-0.242783848996397,"LE2-1251.016","FCM"
1996,0.339715194153733,0.503934023392362,"LE2-1251.016","FCM"
1997,-1.00734513842223,-0.762052962803023,"LE2-1251.016","FCM"
1998,-0.9657847799015,-0.732240766929662,"LE2-1251.016","FCM"
1999,-1.02943368604737,-0.843407079373564,"LE2-1251.016","FCM"
2000,-0.687409001020447,-0.560335658161319,"LE2-1251.016","FCM"
2001,-0.439492412180561,-0.347540269594967,"LE2-1251.016","FCM"
2002,-0.14863675676447,-0.277538654981594,"LE2-1251.016","FCM"
2003,0.0250154818032473,-0.0903643459300558,"LE2-1251.016","FCM"
2004,-0.395719614510224,0.373718990251566,"LE2-1251.016","FCM"
2005,0.0120158228074416,0.79875598537329,"LE2-1251.016","FCM"
2006,-0.415389410246629,0.568839073137731,"LE2-1251.016","FCM"
2007,-0.0852080263163344,0.893452152327548,"LE2-1251.016","FCM"
2008,0.436243993354817,0.52683390362293,"LE2-1251.016","FCM"
2009,0.549775635342379,0.186591492526009,"LE2-1251.016","FCM"
2010,1.03749816098579,1.01254707608835,"LE2-1251.016","FCM"
2011,1.7452941927759,1.43159857165615,"LE2-1251.016","FCM"
2012,0.786224196229878,1.0205371858332,"LE2-1251.016","FCM"
2013,0.46432395269882,0.261739251198229,"LE2-1251.016","FCM"
2014,0.47492862259934,0.498697929961044,"LE2-1251.016","FCM"
1851,0.0952736510582044,-0.026425455851539,"LE2-1251.017","FCM"
1852,0.655101627920491,0.332949899443951,"LE2-1251.017","FCM"
1853,0.142507272926628,-0.114239567820773,"LE2-1251.017","FCM"
1854,1.10840933661352,1.61121378794262,"LE2-1251.017","FCM"
1855,1.66545276939659,1.31941452627361,"LE2-1251.017","FCM"
1856,0.234026238340197,-0.0163863341568391,"LE2-1251.017","FCM"
1857,-0.532535031242266,-0.78127933679503,"LE2-1251.017","FCM"
1858,0.206660885453849,-0.117542689485783,"LE2-1251.017","FCM"
1859,0.917018957621939,0.564070373990987,"LE2-1251.017","FCM"
1860,0.80659957038332,0.805844182178844,"LE2-1251.017","FCM"
1861,0.566766237199227,0.258844951001464,"LE2-1251.017","FCM"
1862,-0.824077470116403,-0.813223613099241,"LE2-1251.017","FCM"
1863,-1.0811500451396,-0.997270342495539,"LE2-1251.017","FCM"
1864,-0.840145789140763,-0.673551598461786,"LE2-1251.017","FCM"
1865,-0.152951432612535,0.203393899827719,"LE2-1251.017","FCM"
1866,0.173560443628714,0.725576032262546,"LE2-1251.017","FCM"
1867,-0.0491347815795291,-0.0439633577404202,"LE2-1251.017","FCM"
1868,0.196025417292007,0.34774763778583,"LE2-1251.017","FCM"
1869,-0.026748389458574,-0.0458973206196981,"LE2-1251.017","FCM"
1870,0.0291861788478571,0.302293981816001,"LE2-1251.017","FCM"
1871,0.701226879274349,0.174851814199268,"LE2-1251.017","FCM"
1872,0.780649048132101,0.20340870642399,"LE2-1251.017","FCM"
1873,0.49847561909652,0.242430091867653,"LE2-1251.017","FCM"
1874,0.160527293549615,-0.154626538596643,"LE2-1251.017","FCM"
1875,-0.352914429330555,-0.975240906393042,"LE2-1251.017","FCM"
1876,-0.556576442476824,-0.981595209626431,"LE2-1251.017","FCM"
1877,-1.12070640089054,-1.24812851009183,"LE2-1251.017","FCM"
1878,-1.38599796584358,-1.18482592877009,"LE2-1251.017","FCM"
1879,-1.08852792426229,-0.576459284108996,"LE2-1251.017","FCM"
1880,0.0201267857464714,0.587633696237145,"LE2-1251.017","FCM"
1881,-0.258665091563036,0.0335719850852058,"LE2-1251.017","FCM"
1882,-0.222638987295025,-0.0133155202221497,"LE2-1251.017","FCM"
1883,-0.219388506495854,-0.321004116730601,"LE2-1251.017","FCM"
1884,0.0246053393697743,-0.105076891228309,"LE2-1251.017","FCM"
1885,-1.07086464131436,-0.815095179383081,"LE2-1251.017","FCM"
1886,-0.618616933580586,-0.189147665447314,"LE2-1251.017","FCM"
1887,-0.213132859169348,-0.139582165010636,"LE2-1251.017","FCM"
1888,0.244201903728396,0.217508831724389,"LE2-1251.017","FCM"
1889,0.831584021524318,0.482455332426649,"LE2-1251.017","FCM"
1890,0.652924335802004,0.5940802590732,"LE2-1251.017","FCM"
1891,-0.0361608934237658,0.308122153700021,"LE2-1251.017","FCM"
1892,-0.436990023527973,-0.367720168028323,"LE2-1251.017","FCM"
1893,-0.983020420447113,-1.16647980165745,"LE2-1251.017","FCM"
1894,-0.865214179445833,-1.09834844760631,"LE2-1251.017","FCM"
1895,0.658869150964667,0.726652853798744,"LE2-1251.017","FCM"
1896,0.663178934961832,0.675125834858659,"LE2-1251.017","FCM"
1897,-0.393895069947695,-0.764598818306259,"LE2-1251.017","FCM"
1898,-0.506682734818653,-0.544170348913019,"LE2-1251.017","FCM"
1899,-0.771740621184684,-0.492592587361656,"LE2-1251.017","FCM"
1900,0.673393607956759,0.352761683653022,"LE2-1251.017","FCM"
1901,-0.313624136936349,-0.182219075323446,"LE2-1251.017","FCM"
1902,-0.804163823765828,-1.13810516487508,"LE2-1251.017","FCM"
1903,-0.510615080802066,-0.698217676474654,"LE2-1251.017","FCM"
1904,-0.77060393142964,-0.712772274910853,"LE2-1251.017","FCM"
1905,-0.461837052415016,-0.318292539553932,"LE2-1251.017","FCM"
1906,-0.970937638186617,-1.00395008713067,"LE2-1251.017","FCM"
1907,-0.596583573352618,-0.551440013182474,"LE2-1251.017","FCM"
1908,-0.672694927747873,-0.116039034329943,"LE2-1251.017","FCM"
1909,-0.436699989051101,-0.0688779812267165,"LE2-1251.017","FCM"
1910,-0.383935749433249,0.0541331156612922,"LE2-1251.017","FCM"
1911,-0.491835792787182,-0.735948129973706,"LE2-1251.017","FCM"
1912,-1.10032918669589,-0.396276882495233,"LE2-1251.017","FCM"
1913,-0.706621228990759,-0.500031831544813,"LE2-1251.017","FCM"
1914,-0.0366831541350019,-0.00860963184951595,"LE2-1251.017","FCM"
1915,-0.319836843696286,0.110176270942531,"LE2-1251.017","FCM"
1916,-0.191598421658003,-0.147875656470777,"LE2-1251.017","FCM"
1917,0.788061742048417,0.705879216741204,"LE2-1251.017","FCM"
1918,0.517052941072345,0.821274089350999,"LE2-1251.017","FCM"
1919,0.71558200128075,0.817605650018514,"LE2-1251.017","FCM"
1920,0.714591913100215,0.291173352485714,"LE2-1251.017","FCM"
1921,-0.123536637956696,-0.107671157046357,"LE2-1251.017","FCM"
1922,-0.565681851988637,0.324307622209465,"LE2-1251.017","FCM"
1923,-0.938154478438603,-0.335208219636193,"LE2-1251.017","FCM"
1924,-0.061612909953801,0.272048067845919,"LE2-1251.017","FCM"
1925,-0.118052098996873,-0.570295490341213,"LE2-1251.017","FCM"
1926,-0.214525138976487,-0.639770836753746,"LE2-1251.017","FCM"
1927,-0.691338017279947,-0.500572298950886,"LE2-1251.017","FCM"
1928,-0.879785707593756,-0.351710050318112,"LE2-1251.017","FCM"
1929,-0.380394613332955,-0.187720167734781,"LE2-1251.017","FCM"
1930,-0.49246782015727,-0.710177440495512,"LE2-1251.017","FCM"
1931,-0.452995233893236,0.107155989584912,"LE2-1251.017","FCM"
1932,-0.938694202961875,-0.0498744316119745,"LE2-1251.017","FCM"
1933,-0.0222885947928213,0.797930036605252,"LE2-1251.017","FCM"
1934,0.790947882946486,-0.180655965812707,"LE2-1251.017","FCM"
1935,0.465497010287059,-0.258694876005816,"LE2-1251.017","FCM"
1936,-0.367467989070481,0.0871927771693161,"LE2-1251.017","FCM"
1937,0.0318039161966485,0.478065846025988,"LE2-1251.017","FCM"
1938,0.775108099560881,0.928980061247294,"LE2-1251.017","FCM"
1939,0.295051532505451,0.151988717772065,"LE2-1251.017","FCM"
1940,-0.0197450585789169,-0.518906685409922,"LE2-1251.017","FCM"
1941,0.150713568169673,-0.446482804348025,"LE2-1251.017","FCM"
1942,-0.41623602678964,-0.686323145206583,"LE2-1251.017","FCM"
1943,0.189772484711172,0.177742383955507,"LE2-1251.017","FCM"
1944,0.672907795160423,0.594606758590584,"LE2-1251.017","FCM"
1945,0.143514943161672,-0.258756457098117,"LE2-1251.017","FCM"
1946,-0.20253204959096,-0.749841366225037,"LE2-1251.017","FCM"
1947,-0.299981935465271,-0.417569841964495,"LE2-1251.017","FCM"
1948,-1.0614628030966,-0.877360921385218,"LE2-1251.017","FCM"
1949,-0.548831325500848,-0.239517702164826,"LE2-1251.017","FCM"
1950,0.165603937164352,-0.320059550880198,"LE2-1251.017","FCM"
1951,-0.667035808452564,-1.20262946978438,"LE2-1251.017","FCM"
1952,-0.119971799500965,-0.688059241853078,"LE2-1251.017","FCM"
1953,0.188369588979763,-0.35559489560055,"LE2-1251.017","FCM"
1954,0.454525745611105,0.0187692522642519,"LE2-1251.017","FCM"
1955,0.711103735768587,0.780155998248586,"LE2-1251.017","FCM"
1956,0.980520097480503,1.32451700625927,"LE2-1251.017","FCM"
1957,0.82897897759628,0.166719548979676,"LE2-1251.017","FCM"
1958,0.338982682095357,-0.254081483859613,"LE2-1251.017","FCM"
1959,-0.0930070123061521,-0.137155898747056,"LE2-1251.017","FCM"
1960,-0.188282764870184,-0.287202240140147,"LE2-1251.017","FCM"
1961,0.359090415416364,-0.0527764584127037,"LE2-1251.017","FCM"
1962,0.664891682649837,0.187443497420716,"LE2-1251.017","FCM"
1963,0.0868291207436998,-0.639354029637232,"LE2-1251.017","FCM"
1964,-0.352915095420168,-0.810603890632703,"LE2-1251.017","FCM"
1965,-0.299640541750233,-0.548831806698922,"LE2-1251.017","FCM"
1966,-0.240320354957817,-0.093748685449709,"LE2-1251.017","FCM"
1967,0.155011779796433,-0.127491517167702,"LE2-1251.017","FCM"
1968,0.414492875963991,0.194778530373411,"LE2-1251.017","FCM"
1969,0.689477329041112,0.551803150456206,"LE2-1251.017","FCM"
1970,-0.30771935899169,-0.249738221478802,"LE2-1251.017","FCM"
1971,-0.441021116450811,-0.495445799644108,"LE2-1251.017","FCM"
1972,-1.20012821055682,-0.3164679569893,"LE2-1251.017","FCM"
1973,-1.15503863048243,-0.786181300669253,"LE2-1251.017","FCM"
1974,-1.02623677588531,-0.956043434400807,"LE2-1251.017","FCM"
1975,-0.245583943947251,-0.359163352275482,"LE2-1251.017","FCM"
1976,-0.626224293423229,-0.705124537574695,"LE2-1251.017","FCM"
1977,0.318914642807597,0.377138318979719,"LE2-1251.017","FCM"
1978,-0.17419612263373,0.236210237391523,"LE2-1251.017","FCM"
1979,-0.497904098493161,-0.449743275652722,"LE2-1251.017","FCM"
1980,-0.686459490724995,-0.478243129112417,"LE2-1251.017","FCM"
1981,-0.180307839688732,-0.667152614006587,"LE2-1251.017","FCM"
1982,0.0221118165360193,-0.0935897975284104,"LE2-1251.017","FCM"
1983,0.115355774672323,-0.268322411319335,"LE2-1251.017","FCM"
1984,0.645936970226399,0.453913599603452,"LE2-1251.017","FCM"
1985,0.658512438028309,0.753168939228476,"LE2-1251.017","FCM"
1986,-0.368360423895075,-0.206413017179793,"LE2-1251.017","FCM"
1987,0.353368496740049,0.40880718232128,"LE2-1251.017","FCM"
1988,0.0365411472085147,0.264862923843877,"LE2-1251.017","FCM"
1989,0.123384542997366,0.530237525728111,"LE2-1251.017","FCM"
1990,0.513642212650529,1.31826534703142,"LE2-1251.017","FCM"
1991,0.1075948980979,0.440077751709039,"LE2-1251.017","FCM"
1992,-0.370494643606124,-0.433619961842062,"LE2-1251.017","FCM"
1993,-0.291216198295835,-0.113871633249296,"LE2-1251.017","FCM"
1994,0.590150866282943,0.436249132602741,"LE2-1251.017","FCM"
1995,1.5323495322431,2.10795995105523,"LE2-1251.017","FCM"
1996,1.26086040649285,1.60780286332111,"LE2-1251.017","FCM"
1997,0.455647011357023,0.35686501882252,"LE2-1251.017","FCM"
1998,0.623023307782625,0.0857730869851063,"LE2-1251.017","FCM"
1999,1.27208223220603,0.471033438516498,"LE2-1251.017","FCM"
2000,-0.492871975725004,-0.813470415366834,"LE2-1251.017","FCM"
2001,-0.980228224475177,-0.62675453337423,"LE2-1251.017","FCM"
2002,-1.19571417514996,-1.0375515411676,"LE2-1251.017","FCM"
2003,-0.623400072832772,-0.246359716988573,"LE2-1251.017","FCM"
2004,-1.05029162949495,-0.0969828874205231,"LE2-1251.017","FCM"
2005,-0.317237855395069,0.135426609820601,"LE2-1251.017","FCM"
2006,-0.13319493803048,-0.0370177389875003,"LE2-1251.017","FCM"
2007,0.538790795970837,0.51805970445192,"LE2-1251.017","FCM"
2008,1.19964720385491,1.12167736496981,"LE2-1251.017","FCM"
2009,0.495557647519067,0.598281445867626,"LE2-1251.017","FCM"
2010,0.312847578511022,0.478000882833919,"LE2-1251.017","FCM"
2011,0.153392885075262,0.236303066229284,"LE2-1251.017","FCM"
2012,0.0870822915835303,0.551967440699466,"LE2-1251.017","FCM"
2013,0.27961538057679,0.345953730787463,"LE2-1251.017","FCM"
2014,0.157346819567469,-0.456419871678442,"LE2-1251.017","FCM"
1851,-0.0388182384239971,-0.174040191160024,"LE2-1251.018","FCM"
1852,0.393657904066344,-0.0729832546230985,"LE2-1251.018","FCM"
1853,0.0185251896621126,-0.292430444249855,"LE2-1251.018","FCM"
1854,-0.56713856684096,-0.233521891376271,"LE2-1251.018","FCM"
1855,-0.369717811639777,-0.613510332434163,"LE2-1251.018","FCM"
1856,0.35021310403502,-0.103608293965772,"LE2-1251.018","FCM"
1857,0.0815015269383615,0.224587451542372,"LE2-1251.018","FCM"
1858,0.436886189166631,0.382764939613332,"LE2-1251.018","FCM"
1859,0.00253499030230779,-0.365261619724291,"LE2-1251.018","FCM"
1860,-0.222731061627711,-0.341016454267314,"LE2-1251.018","FCM"
1861,-0.507229304074902,-0.592543708066951,"LE2-1251.018","FCM"
1862,-0.6229306819114,-0.271588084109069,"LE2-1251.018","FCM"
1863,-1.00141102173522,-0.807152878012487,"LE2-1251.018","FCM"
1864,-1.59119119312554,-1.23603405573317,"LE2-1251.018","FCM"
1865,-1.92852098118086,-1.26949074654289,"LE2-1251.018","FCM"
1866,-1.40737864677737,-0.716837876532712,"LE2-1251.018","FCM"
1867,-0.406665862736032,0.913695818685164,"LE2-1251.018","FCM"
1868,-0.3417089478945,0.295864262168074,"LE2-1251.018","FCM"
1869,-0.750601318663372,-0.384460991627228,"LE2-1251.018","FCM"
1870,-0.358492965950275,0.614941516758063,"LE2-1251.018","FCM"
1871,-0.301228752861184,0.368363209232545,"LE2-1251.018","FCM"
1872,0.0506650378324627,0.39781480591629,"LE2-1251.018","FCM"
1873,0.174213308367891,0.097114789729971,"LE2-1251.018","FCM"
1874,1.23843660357562,0.951764638154135,"LE2-1251.018","FCM"
1875,0.750238553070689,0.568217271024693,"LE2-1251.018","FCM"
1876,0.156059086165018,-0.0749069580795707,"LE2-1251.018","FCM"
1877,-0.444500249587011,0.113062359066335,"LE2-1251.018","FCM"
1878,0.167849837881455,0.278169126661609,"LE2-1251.018","FCM"
1879,-0.090803613511093,-0.120138781492309,"LE2-1251.018","FCM"
1880,0.432458362661614,0.608614659923955,"LE2-1251.018","FCM"
1881,0.576505357833148,0.125275962932136,"LE2-1251.018","FCM"
1882,0.0595375302688866,0.0151672369854006,"LE2-1251.018","FCM"
1883,-0.384775502684379,-0.728627274680244,"LE2-1251.018","FCM"
1884,-0.536810797957973,-0.57620748758867,"LE2-1251.018","FCM"
1885,-0.570605209417012,-0.760272882023238,"LE2-1251.018","FCM"
1886,-0.206101106075167,-0.104066765735202,"LE2-1251.018","FCM"
1887,-0.019219891648074,-0.240589401467301,"LE2-1251.018","FCM"
1888,1.01537314809112,0.984819439982305,"LE2-1251.018","FCM"
1889,0.109824094929184,0.314053315541429,"LE2-1251.018","FCM"
1890,-0.77488615656474,-1.07659699021106,"LE2-1251.018","FCM"
1891,-0.439362638524814,-0.76847697929722,"LE2-1251.018","FCM"
1892,-0.196820079642497,-0.221889901838124,"LE2-1251.018","FCM"
1893,-1.11442361182606,-0.527200016267966,"LE2-1251.018","FCM"
1894,-0.504646633466971,-0.561184649042054,"LE2-1251.018","FCM"
1895,-1.06089167685589,-0.647031801155089,"LE2-1251.018","FCM"
1896,-0.95521723854865,-0.990687854777711,"LE2-1251.018","FCM"
1897,-0.395877518481805,-0.741926506675018,"LE2-1251.018","FCM"
1898,0.263605776710778,0.218893810387229,"LE2-1251.018","FCM"
1899,0.835742991349002,0.89721223313991,"LE2-1251.018","FCM"
1900,1.08403694761534,0.935165140491788,"LE2-1251.018","FCM"
1901,1.00457773863051,1.02476114214445,"LE2-1251.018","FCM"
1902,-0.296167130170889,-0.594315488249232,"LE2-1251.018","FCM"
1903,-0.720268723178801,-1.10988655382469,"LE2-1251.018","FCM"
1904,-0.0498968606028126,0.003223902527961,"LE2-1251.018","FCM"
1905,-0.309397057282379,0.0404275564028378,"LE2-1251.018","FCM"
1906,-0.00522944042374399,0.184314716498432,"LE2-1251.018","FCM"
1907,0.385076921623006,0.156423537296303,"LE2-1251.018","FCM"
1908,0.19951730917796,-0.0928893578903503,"LE2-1251.018","FCM"
1909,0.172608153987876,-0.177464872752982,"LE2-1251.018","FCM"
1910,0.726569638220904,0.259494308220302,"LE2-1251.018","FCM"
1911,0.330154003248185,0.291468652600716,"LE2-1251.018","FCM"
1912,-0.449231997046883,-0.629398131433953,"LE2-1251.018","FCM"
1913,0.115762890817883,0.0295688369096716,"LE2-1251.018","FCM"
1914,-0.144412087551277,0.0229327430882183,"LE2-1251.018","FCM"
1915,-0.334917614110727,-0.25002810461053,"LE2-1251.018","FCM"
1916,-0.0621992299907397,0.0229151326931718,"LE2-1251.018","FCM"
1917,-0.0740462067915002,0.154949828171183,"LE2-1251.018","FCM"
1918,0.0897811023600255,-0.108016381087573,"LE2-1251.018","FCM"
1919,-0.522523540564784,-0.876907474204755,"LE2-1251.018","FCM"
1920,0.235799795614497,0.369761735131127,"LE2-1251.018","FCM"
1921,-0.836173673967354,-0.958258330494858,"LE2-1251.018","FCM"
1922,-0.826278079162792,-1.16306019686966,"LE2-1251.018","FCM"
1923,0.131980829431705,-0.063598218159581,"LE2-1251.018","FCM"
1924,0.669254682144143,0.574711060555403,"LE2-1251.018","FCM"
1925,-0.516985640345976,-1.12133164938183,"LE2-1251.018","FCM"
1926,0.27667532258009,0.0807450754272936,"LE2-1251.018","FCM"
1927,0.293005465783625,-0.0112628456445643,"LE2-1251.018","FCM"
1928,0.0395809258474165,-0.370080376377835,"LE2-1251.018","FCM"
1929,-0.49676246720183,-0.631077231452801,"LE2-1251.018","FCM"
1930,-0.579677237261464,-0.47857565854167,"LE2-1251.018","FCM"
1931,-0.433192689236343,-0.960681786826039,"LE2-1251.018","FCM"
1932,0.357320240854459,-0.247172266956704,"LE2-1251.018","FCM"
1933,0.763751880519029,0.498895962234274,"LE2-1251.018","FCM"
1934,0.26037624914751,0.0360932634678451,"LE2-1251.018","FCM"
1935,0.872322313511344,0.484979199187411,"LE2-1251.018","FCM"
1936,0.611943824366055,-0.359105095050537,"LE2-1251.018","FCM"
1937,-0.405503216608356,-0.57684907019772,"LE2-1251.018","FCM"
1938,-0.529255204653398,-0.49008691388662,"LE2-1251.018","FCM"
1939,0.0536788114778994,0.217140305279251,"LE2-1251.018","FCM"
1940,0.121246972650004,0.582030266407925,"LE2-1251.018","FCM"
1941,0.38413122494485,0.0818172127063316,"LE2-1251.018","FCM"
1942,0.0716583231475904,0.130627760958363,"LE2-1251.018","FCM"
1943,0.815879614499436,1.20381736997428,"LE2-1251.018","FCM"
1944,0.147263173797929,0.022789682997318,"LE2-1251.018","FCM"
1945,0.659112857054179,0.58298061789332,"LE2-1251.018","FCM"
1946,0.318863002532617,0.118772377925273,"LE2-1251.018","FCM"
1947,-0.0791225828442185,0.512756073705216,"LE2-1251.018","FCM"
1948,-0.0863342238071641,0.0923058223141475,"LE2-1251.018","FCM"
1949,0.652984274043867,1.18326375100522,"LE2-1251.018","FCM"
1950,0.903794785481716,1.53216668918655,"LE2-1251.018","FCM"
1951,1.09788468945514,1.79305107985482,"LE2-1251.018","FCM"
1952,0.687647557499886,0.308942412785822,"LE2-1251.018","FCM"
1953,-0.315882114841915,-0.331241429495979,"LE2-1251.018","FCM"
1954,-0.466821811834286,-0.61664360293924,"LE2-1251.018","FCM"
1955,0.312671302232658,0.0912018899594643,"LE2-1251.018","FCM"
1956,0.398700683946118,-0.0977200184283477,"LE2-1251.018","FCM"
1957,0.823279049264306,0.648389324609171,"LE2-1251.018","FCM"
1958,0.0571546297738503,-0.820255819969922,"LE2-1251.018","FCM"
1959,-0.344031815604416,-0.580947489188957,"LE2-1251.018","FCM"
1960,-1.08208501635894,-1.19895084683757,"LE2-1251.018","FCM"
1961,-0.794375618935719,-0.623416601713942,"LE2-1251.018","FCM"
1962,0.185016250822541,0.0574493673821769,"LE2-1251.018","FCM"
1963,0.254804329902567,0.671279889218613,"LE2-1251.018","FCM"
1964,0.389340181273441,0.627451544270315,"LE2-1251.018","FCM"
1965,0.19183263400911,0.0444604137630059,"LE2-1251.018","FCM"
1966,-0.685331547823282,-0.212268010295727,"LE2-1251.018","FCM"
1967,-0.420149336188748,-0.0766619826464428,"LE2-1251.018","FCM"
1968,-0.0895148568880288,-0.671988576307915,"LE2-1251.018","FCM"
1969,0.0640695112404078,0.366020251216339,"LE2-1251.018","FCM"
1970,-0.443237020542553,-0.309837233580504,"LE2-1251.018","FCM"
1971,0.339562935143827,-0.371164447194862,"LE2-1251.018","FCM"
1972,0.142393762649018,-0.139363091299913,"LE2-1251.018","FCM"
1973,-0.161272398044387,0.133379569583104,"LE2-1251.018","FCM"
1974,0.670343419838105,0.38760890925859,"LE2-1251.018","FCM"
1975,0.568977876925597,0.346476606002629,"LE2-1251.018","FCM"
1976,0.0236948211469335,-0.74436566787467,"LE2-1251.018","FCM"
1977,0.522148642573692,-0.14031718168024,"LE2-1251.018","FCM"
1978,0.260445354933115,0.371399504655,"LE2-1251.018","FCM"
1979,0.884122909280704,0.378289350593644,"LE2-1251.018","FCM"
1980,-0.09306457919625,-0.256530604875186,"LE2-1251.018","FCM"
1981,-1.17844110058866,-0.880741521237989,"LE2-1251.018","FCM"
1982,-0.722249024100521,-0.544206348103094,"LE2-1251.018","FCM"
1983,-1.54679221322521,-0.786143326356248,"LE2-1251.018","FCM"
1984,-0.981521487979171,-0.890524639706203,"LE2-1251.018","FCM"
1985,-0.594186560213092,-0.632180555420527,"LE2-1251.018","FCM"
1986,-1.64140111720979,-1.22279208619857,"LE2-1251.018","FCM"
1987,-1.52268962328487,-1.33545480772555,"LE2-1251.018","FCM"
1988,-1.05978492389821,-0.258723629742516,"LE2-1251.018","FCM"
1989,-0.770362186386526,-0.710470362757944,"LE2-1251.018","FCM"
1990,-1.00635308122756,-1.00524520682169,"LE2-1251.018","FCM"
1991,-0.375082110007354,-0.793443144091882,"LE2-1251.018","FCM"
1992,-0.366134755261177,-0.578766162350352,"LE2-1251.018","FCM"
1993,-0.45383085098307,-0.660070276549697,"LE2-1251.018","FCM"
1994,-0.121416276341298,-0.0446302670260551,"LE2-1251.018","FCM"
1995,-0.341994267684175,-0.187922116974309,"LE2-1251.018","FCM"
1996,-0.23645404060575,-0.440489872903814,"LE2-1251.018","FCM"
1997,-0.651634017804682,-0.278739002775385,"LE2-1251.018","FCM"
1998,-0.205503337249032,-0.207132971860335,"LE2-1251.018","FCM"
1999,0.265825097901212,-0.0852020155235731,"LE2-1251.018","FCM"
2000,0.0988528234528902,0.19008482020951,"LE2-1251.018","FCM"
2001,-0.681909233820812,-0.0851621691682424,"LE2-1251.018","FCM"
2002,-0.122973276255327,1.18460699539012,"LE2-1251.018","FCM"
2003,-0.05038162926065,0.619717864803811,"LE2-1251.018","FCM"
2004,0.904960821941918,1.84788986015215,"LE2-1251.018","FCM"
2005,-0.293756583967453,0.61053890417828,"LE2-1251.018","FCM"
2006,0.554496442818314,0.426394465590716,"LE2-1251.018","FCM"
2007,0.630156785568901,0.643318039389901,"LE2-1251.018","FCM"
2008,0.123309071456095,0.783794280947253,"LE2-1251.018","FCM"
2009,0.333317256819893,-0.0996164928672961,"LE2-1251.018","FCM"
2010,0.307393617150374,0.567461302662944,"LE2-1251.018","FCM"
2011,0.489039750370614,1.04139906393243,"LE2-1251.018","FCM"
2012,-0.144702850193566,0.421703491157073,"LE2-1251.018","FCM"
2013,0.286502605712958,0.0421237404839721,"LE2-1251.018","FCM"
2014,0.18216394451631,0.0888542109025136,"LE2-1251.018","FCM"
1851,-0.285022466155996,-0.343349979772898,"LE2-1251.019","FCM"
1852,-1.02841783811565,-0.950811466329251,"LE2-1251.019","FCM"
1853,-0.384959454383655,0.253018469357163,"LE2-1251.019","FCM"
1854,-0.251138053963678,0.123678751592974,"LE2-1251.019","FCM"
1855,0.275025100082837,0.148112480692765,"LE2-1251.019","FCM"
1856,0.971306956565547,0.523532192083491,"LE2-1251.019","FCM"
1857,-0.222022900663954,-0.443897448762111,"LE2-1251.019","FCM"
1858,-0.212383304145237,0.157744126484504,"LE2-1251.019","FCM"
1859,0.19852736868626,0.466080193077777,"LE2-1251.019","FCM"
1860,-0.274363738590421,-0.426627503861883,"LE2-1251.019","FCM"
1861,-0.920974979277899,-0.415428745909317,"LE2-1251.019","FCM"
1862,-0.46720674814287,-0.287695314371516,"LE2-1251.019","FCM"
1863,0.160106872512679,-0.00257555713363369,"LE2-1251.019","FCM"
1864,-0.374193974438097,-0.382585708641963,"LE2-1251.019","FCM"
1865,-0.00615094478944926,0.226328687913425,"LE2-1251.019","FCM"
1866,0.185396056662182,0.802688709897201,"LE2-1251.019","FCM"
1867,0.343421866667606,0.632907311783859,"LE2-1251.019","FCM"
1868,0.0603197325646505,0.131138280104767,"LE2-1251.019","FCM"
1869,0.721977514599802,0.481175592023389,"LE2-1251.019","FCM"
1870,0.416200553477473,0.092844869167769,"LE2-1251.019","FCM"
1871,-0.340319062068055,-0.690107201132803,"LE2-1251.019","FCM"
1872,-0.969139437647142,-0.971825425941269,"LE2-1251.019","FCM"
1873,-1.39525079198034,-0.97781637799989,"LE2-1251.019","FCM"
1874,-1.07342034938803,-0.952028465853787,"LE2-1251.019","FCM"
1875,-0.738918334304082,-1.08590371115039,"LE2-1251.019","FCM"
1876,-0.0907555287242405,-0.58340859386752,"LE2-1251.019","FCM"
1877,0.462343254762274,0.155832883081234,"LE2-1251.019","FCM"
1878,0.0309973435120461,0.318773910256132,"LE2-1251.019","FCM"
1879,0.21369096323073,0.075647000089186,"LE2-1251.019","FCM"
1880,0.733761642372303,1.25375010581124,"LE2-1251.019","FCM"
1881,1.37002163841128,1.30165506142603,"LE2-1251.019","FCM"
1882,0.599046292077412,-0.139269706137188,"LE2-1251.019","FCM"
1883,0.207626314112422,0.278719577142266,"LE2-1251.019","FCM"
1884,0.588689148656154,0.242908397306334,"LE2-1251.019","FCM"
1885,0.452282582415771,0.0936247753177138,"LE2-1251.019","FCM"
1886,-0.842202592889336,-0.930926519004181,"LE2-1251.019","FCM"
1887,-1.10331306476112,-1.16645960644232,"LE2-1251.019","FCM"
1888,-0.34191533635475,0.221783603868411,"LE2-1251.019","FCM"
1889,0.502912148569999,0.626811246234634,"LE2-1251.019","FCM"
1890,1.09455547256665,0.584912212772363,"LE2-1251.019","FCM"
1891,-0.306337594528252,-0.902238132710891,"LE2-1251.019","FCM"
1892,-0.466117638526662,-0.905591828838318,"LE2-1251.019","FCM"
1893,0.288887532916901,-0.278241633386683,"LE2-1251.019","FCM"
1894,0.315208963125264,-0.107650913204361,"LE2-1251.019","FCM"
1895,0.031771748729228,-0.0255758358207482,"LE2-1251.019","FCM"
1896,0.248386346707889,0.1585325020752,"LE2-1251.019","FCM"
1897,0.883270150552897,0.594617027953189,"LE2-1251.019","FCM"
1898,-0.334978973113915,-0.341318313412922,"LE2-1251.019","FCM"
1899,0.243682753923144,-0.575468429264227,"LE2-1251.019","FCM"
1900,0.158156250608123,0.171039704721032,"LE2-1251.019","FCM"
1901,-0.255600749691368,0.158941768624482,"LE2-1251.019","FCM"
1902,-0.378274588099466,0.247514036108121,"LE2-1251.019","FCM"
1903,-0.522196218960493,-0.273602228967609,"LE2-1251.019","FCM"
1904,-0.690064425813216,-0.286942596479156,"LE2-1251.019","FCM"
1905,-0.189609389294377,-0.0180873217750763,"LE2-1251.019","FCM"
1906,-0.506022623551125,-0.858119581390726,"LE2-1251.019","FCM"
1907,0.113117320824204,0.184748839419958,"LE2-1251.019","FCM"
1908,-0.807282881361441,-0.3526595062441,"LE2-1251.019","FCM"
1909,-0.786399890520595,-0.689677268245743,"LE2-1251.019","FCM"
1910,-0.726064472728601,0.109517263740017,"LE2-1251.019","FCM"
1911,-0.594607945418007,-0.417136022677739,"LE2-1251.019","FCM"
1912,-0.150372465807222,-0.385684525155278,"LE2-1251.019","FCM"
1913,-0.0129246001019269,0.0149541071650753,"LE2-1251.019","FCM"
1914,-0.133948525756701,-0.373951972110994,"LE2-1251.019","FCM"
1915,-0.0157244634665878,-0.711305760573648,"LE2-1251.019","FCM"
1916,0.676132886326051,1.00765415514692,"LE2-1251.019","FCM"
1917,-0.283228800757121,0.217774713894481,"LE2-1251.019","FCM"
1918,-0.365486320032737,0.234113696931245,"LE2-1251.019","FCM"
1919,-0.245088870993416,-0.0278047639147386,"LE2-1251.019","FCM"
1920,0.136662333807451,0.277839653641351,"LE2-1251.019","FCM"
1921,0.489157635341127,0.406772555885944,"LE2-1251.019","FCM"
1922,-0.021774961192985,-0.121907623679236,"LE2-1251.019","FCM"
1923,0.633465368427633,0.583556367959255,"LE2-1251.019","FCM"
1924,0.140105616299642,-0.0988461327451826,"LE2-1251.019","FCM"
1925,-0.851497368415382,-0.246212047424509,"LE2-1251.019","FCM"
1926,-0.00785377222360982,-0.432755376274552,"LE2-1251.019","FCM"
1927,0.264624950462131,0.142251196224498,"LE2-1251.019","FCM"
1928,-0.40741914330027,0.0751165643583044,"LE2-1251.019","FCM"
1929,-0.704249830878119,-0.562790856255094,"LE2-1251.019","FCM"
1930,-0.189382042435601,0.199526727654327,"LE2-1251.019","FCM"
1931,0.0538356486537274,0.49803482259269,"LE2-1251.019","FCM"
1932,0.774789832743593,0.281801866617196,"LE2-1251.019","FCM"
1933,-0.0943967888450875,-0.743680369277777,"LE2-1251.019","FCM"
1934,-0.0307244724625099,-0.38404195738423,"LE2-1251.019","FCM"
1935,-0.0924532224254902,-0.359884190895437,"LE2-1251.019","FCM"
1936,-0.389092286374652,-0.833768807705499,"LE2-1251.019","FCM"
1937,-0.662559402457971,-0.827779274664355,"LE2-1251.019","FCM"
1938,-0.505121458533668,-0.73907838049351,"LE2-1251.019","FCM"
1939,-0.29016699856822,-0.442626031572474,"LE2-1251.019","FCM"
1940,0.206960033655967,-0.104451589858629,"LE2-1251.019","FCM"
1941,-0.67711049271556,-0.878680229093154,"LE2-1251.019","FCM"
1942,-1.42186750875974,-0.307838500283476,"LE2-1251.019","FCM"
1943,-0.333587276838086,-0.253349211002252,"LE2-1251.019","FCM"
1944,-0.742731598212132,-0.0565713873764284,"LE2-1251.019","FCM"
1945,-0.642178149007081,-0.0696993730208489,"LE2-1251.019","FCM"
1946,0.356167152732921,-0.0785622999049899,"LE2-1251.019","FCM"
1947,0.242416165815839,-0.274190216662052,"LE2-1251.019","FCM"
1948,-0.0495731722364326,-0.536790432884841,"LE2-1251.019","FCM"
1949,0.176149456565589,0.343894063234083,"LE2-1251.019","FCM"
1950,0.171822848849997,-0.0838806223865746,"LE2-1251.019","FCM"
1951,0.377849228269543,-0.108362864665396,"LE2-1251.019","FCM"
1952,0.181139142527226,-0.717070955771211,"LE2-1251.019","FCM"
1953,-0.158957003416989,-0.590582968541132,"LE2-1251.019","FCM"
1954,-0.85683764271084,-1.15839057116372,"LE2-1251.019","FCM"
1955,-0.613872001886557,-0.650553683111222,"LE2-1251.019","FCM"
1956,-0.0155532316226321,0.00301688961349034,"LE2-1251.019","FCM"
1957,0.422846122591101,0.16241813356818,"LE2-1251.019","FCM"
1958,0.940447439732281,1.06517688432035,"LE2-1251.019","FCM"
1959,0.142638841075194,0.228340947820368,"LE2-1251.019","FCM"
1960,-0.0185647723169141,0.232941428261562,"LE2-1251.019","FCM"
1961,0.0362898052588057,-0.425304266393107,"LE2-1251.019","FCM"
1962,-0.584660716877647,-0.645335644637019,"LE2-1251.019","FCM"
1963,0.105027940921649,0.97780921114452,"LE2-1251.019","FCM"
1964,-0.610383708405705,-0.537901964256571,"LE2-1251.019","FCM"
1965,-0.519452977389059,-0.535231633431225,"LE2-1251.019","FCM"
1966,-0.892616609216785,-0.803530861406384,"LE2-1251.019","FCM"
1967,-0.594489987498004,0.0445944996887879,"LE2-1251.019","FCM"
1968,-0.0824010180747072,0.350823392355704,"LE2-1251.019","FCM"
1969,0.631812726348278,1.0051436166398,"LE2-1251.019","FCM"
1970,0.338850605025454,0.446455086332878,"LE2-1251.019","FCM"
1971,-0.158880368925252,-0.487258605521851,"LE2-1251.019","FCM"
1972,-0.0565166717112095,-0.186925311707422,"LE2-1251.019","FCM"
1973,-0.0587340117342378,-0.228991464358076,"LE2-1251.019","FCM"
1974,0.983235545118356,1.23438134650456,"LE2-1251.019","FCM"
1975,-0.341860698693977,-0.211552292106543,"LE2-1251.019","FCM"
1976,-0.958712856162808,-0.890070786400716,"LE2-1251.019","FCM"
1977,0.32281975457031,-0.0132887556716868,"LE2-1251.019","FCM"
1978,0.842795436453398,0.718629075011682,"LE2-1251.019","FCM"
1979,0.451194318560109,0.296844307864917,"LE2-1251.019","FCM"
1980,0.435327995364309,-0.0239070804308156,"LE2-1251.019","FCM"
1981,0.720953046602567,0.343353301502027,"LE2-1251.019","FCM"
1982,0.0480742615179881,-0.352154426587587,"LE2-1251.019","FCM"
1983,-0.0756897849969757,-0.109166762614902,"LE2-1251.019","FCM"
1984,-0.05259594038491,0.311012490362976,"LE2-1251.019","FCM"
1985,-0.243013231006416,-0.360633238028676,"LE2-1251.019","FCM"
1986,-0.605127278127682,-0.658134557219743,"LE2-1251.019","FCM"
1987,-1.01902286080334,-0.775469489253374,"LE2-1251.019","FCM"
1988,-0.84384291542506,-0.0512194949013428,"LE2-1251.019","FCM"
1989,-0.853995629443249,-0.745545579622905,"LE2-1251.019","FCM"
1990,0.0476466205463007,-0.181430107596871,"LE2-1251.019","FCM"
1991,0.519322545947118,0.23883298589041,"LE2-1251.019","FCM"
1992,0.158080147815314,0.0361302898587047,"LE2-1251.019","FCM"
1993,0.078034851034491,0.414093370373468,"LE2-1251.019","FCM"
1994,0.450450084013479,0.0614222490101565,"LE2-1251.019","FCM"
1995,-0.159615795965134,0.138088290883408,"LE2-1251.019","FCM"
1996,-0.201688634294279,-0.463632232699894,"LE2-1251.019","FCM"
1997,-0.0755930573453604,-0.333572036722692,"LE2-1251.019","FCM"
1998,-0.00287137438399636,0.572855718522802,"LE2-1251.019","FCM"
1999,-0.762800889781957,0.119193855612443,"LE2-1251.019","FCM"
2000,0.119133545059194,-0.0578208669102109,"LE2-1251.019","FCM"
2001,0.131740724567252,0.160578271362369,"LE2-1251.019","FCM"
2002,0.210910607082768,-0.00735336068889132,"LE2-1251.019","FCM"
2003,0.301139627928142,0.251301524756348,"LE2-1251.019","FCM"
2004,0.121926456104089,0.222325042457865,"LE2-1251.019","FCM"
2005,0.253758304709576,-0.0293879786177002,"LE2-1251.019","FCM"
2006,0.0554502895034061,-0.383626484466524,"LE2-1251.019","FCM"
2007,-1.17199055158651,-0.680643181901455,"LE2-1251.019","FCM"
2008,-0.688458745403343,-0.0301211902289875,"LE2-1251.019","FCM"
2009,-0.176592284651233,-0.239830305642744,"LE2-1251.019","FCM"
2010,0.872013915425933,1.27724425760198,"LE2-1251.019","FCM"
2011,0.502666177074949,0.473476701227894,"LE2-1251.019","FCM"
2012,0.336137664691523,1.26725558244592,"LE2-1251.019","FCM"
2013,0.163969735735582,0.304665507123085,"LE2-1251.019","FCM"
2014,-0.105310439963177,0.153991211676989,"LE2-1251.019","FCM"
1851,0.546953858433864,0.386044874636994,"LE2-1251.020","FCM"
1852,0.412414119108515,0.837676489043746,"LE2-1251.020","FCM"
1853,0.526650702950805,0.4428083059295,"LE2-1251.020","FCM"
1854,0.747595673293873,1.36755003531316,"LE2-1251.020","FCM"
1855,0.381943064926241,0.060070781810835,"LE2-1251.020","FCM"
1856,0.265353117786629,-0.197318091683869,"LE2-1251.020","FCM"
1857,0.54045838289295,0.0638503125917878,"LE2-1251.020","FCM"
1858,-0.168602148825713,-0.309439442342372,"LE2-1251.020","FCM"
1859,-0.335136107289596,-0.391663397791305,"LE2-1251.020","FCM"
1860,0.676637711579133,0.398803976440569,"LE2-1251.020","FCM"
1861,-0.0524047737068461,0.485214556675708,"LE2-1251.020","FCM"
1862,-0.500404161935033,0.0202266780504891,"LE2-1251.020","FCM"
1863,-0.350511573091425,0.11635569454562,"LE2-1251.020","FCM"
1864,0.0151558630776251,0.41911876414864,"LE2-1251.020","FCM"
1865,-0.752891116701739,-0.87938421311754,"LE2-1251.020","FCM"
1866,0.233604450880233,-0.199624807210836,"LE2-1251.020","FCM"
1867,0.340966750143321,1.12113758572869,"LE2-1251.020","FCM"
1868,-0.0490833302036218,0.00826413095420733,"LE2-1251.020","FCM"
1869,-0.722687594184161,-0.525271354037131,"LE2-1251.020","FCM"
1870,0.210961140401919,0.00656455080393271,"LE2-1251.020","FCM"
1871,0.969661982134685,0.950405239316347,"LE2-1251.020","FCM"
1872,0.151315655245276,0.26523932827481,"LE2-1251.020","FCM"
1873,0.393875966799832,-0.235147609249439,"LE2-1251.020","FCM"
1874,-0.328426794458861,-0.648767480583055,"LE2-1251.020","FCM"
1875,0.857550416980938,0.542854671155821,"LE2-1251.020","FCM"
1876,0.829996037045861,0.920528914243336,"LE2-1251.020","FCM"
1877,-0.0838121898481053,0.434919467824814,"LE2-1251.020","FCM"
1878,0.268172010605221,0.761293066405317,"LE2-1251.020","FCM"
1879,0.626874569216441,0.38153020230907,"LE2-1251.020","FCM"
1880,-0.303860371688724,-0.110771910745027,"LE2-1251.020","FCM"
1881,-0.274836537746923,0.71896665281697,"LE2-1251.020","FCM"
1882,-0.739364808536837,-0.628089229765799,"LE2-1251.020","FCM"
1883,-0.301745536281632,-0.303814916171625,"LE2-1251.020","FCM"
1884,0.557000774594897,0.775354836844484,"LE2-1251.020","FCM"
1885,0.469453309909397,0.297682532636808,"LE2-1251.020","FCM"
1886,-0.489373389370843,-0.417908572470839,"LE2-1251.020","FCM"
1887,-0.924907884822765,-0.45780466866354,"LE2-1251.020","FCM"
1888,0.182711495499942,0.46663541506027,"LE2-1251.020","FCM"
1889,0.61834776894305,0.474729095735846,"LE2-1251.020","FCM"
1890,-0.47769376142044,-0.223629132328973,"LE2-1251.020","FCM"
1891,-0.16853176279533,-0.467443734867798,"LE2-1251.020","FCM"
1892,-0.502663429319307,-0.753160798613085,"LE2-1251.020","FCM"
1893,-0.949336503142283,-0.321544065775658,"LE2-1251.020","FCM"
1894,-0.269558004498998,-0.57078007186926,"LE2-1251.020","FCM"
1895,-0.583084559173321,-0.624369754285665,"LE2-1251.020","FCM"
1896,-0.821369477264707,-0.441785508749842,"LE2-1251.020","FCM"
1897,0.313980913989474,0.356344906848518,"LE2-1251.020","FCM"
1898,0.597926739815534,0.398186670292423,"LE2-1251.020","FCM"
1899,0.326245415472185,0.130735020384469,"LE2-1251.020","FCM"
1900,-0.786647417308851,-0.634012135050572,"LE2-1251.020","FCM"
1901,-0.487372381261725,0.0334148816781314,"LE2-1251.020","FCM"
1902,0.747401398655291,0.949256383684491,"LE2-1251.020","FCM"
1903,1.05398079807889,1.34861019038276,"LE2-1251.020","FCM"
1904,0.667329177880328,0.432224717522603,"LE2-1251.020","FCM"
1905,-0.230323076020796,0.367311898919091,"LE2-1251.020","FCM"
1906,-0.251200414133591,0.0665475258175856,"LE2-1251.020","FCM"
1907,-0.113687167840827,-0.471598693664106,"LE2-1251.020","FCM"
1908,-0.346090138276779,-0.768653145049798,"LE2-1251.020","FCM"
1909,-0.0933152501976158,-0.975985297084016,"LE2-1251.020","FCM"
1910,-0.169278387780809,-0.44858269071081,"LE2-1251.020","FCM"
1911,-0.5935352289734,-0.210181326168436,"LE2-1251.020","FCM"
1912,0.09834518999104,0.163893281613125,"LE2-1251.020","FCM"
1913,-0.251471625191845,-0.599934813391318,"LE2-1251.020","FCM"
1914,0.546908639008423,0.500066394728094,"LE2-1251.020","FCM"
1915,0.0145528286073206,-0.102014251951943,"LE2-1251.020","FCM"
1916,0.868220901847377,0.255531132379259,"LE2-1251.020","FCM"
1917,-0.479406112601111,-0.567840269669242,"LE2-1251.020","FCM"
1918,-0.483783934388941,-0.0865986588052155,"LE2-1251.020","FCM"
1919,-0.81036308182252,-0.551909778193264,"LE2-1251.020","FCM"
1920,-0.728407545499401,-0.739265937484364,"LE2-1251.020","FCM"
1921,-0.0924755842589479,-0.509208205176233,"LE2-1251.020","FCM"
1922,-0.333521597489416,-0.577949360044279,"LE2-1251.020","FCM"
1923,-0.421626118251071,-0.698552865393351,"LE2-1251.020","FCM"
1924,-0.861040344770373,-0.658116787675443,"LE2-1251.020","FCM"
1925,-0.90634007781493,-1.28575307406797,"LE2-1251.020","FCM"
1926,-0.421276615416383,-0.394770185401741,"LE2-1251.020","FCM"
1927,0.194626819943225,0.315803946189154,"LE2-1251.020","FCM"
1928,-0.41027276537277,-0.161138889050653,"LE2-1251.020","FCM"
1929,0.0674159068656981,0.614493451201948,"LE2-1251.020","FCM"
1930,-0.217539415027675,-0.120673188502439,"LE2-1251.020","FCM"
1931,-0.293355767703889,-0.254805111691785,"LE2-1251.020","FCM"
1932,-0.0569185105950366,-0.791867094835065,"LE2-1251.020","FCM"
1933,-0.132940666397656,-0.86465459705275,"LE2-1251.020","FCM"
1934,-0.558900325422557,-0.669225810431109,"LE2-1251.020","FCM"
1935,-0.238392544256271,-0.0517634927516597,"LE2-1251.020","FCM"
1936,-0.13260035372664,-0.63998296362954,"LE2-1251.020","FCM"
1937,0.0867414515285377,-0.555977555950104,"LE2-1251.020","FCM"
1938,-0.357524625347234,-0.757561336351882,"LE2-1251.020","FCM"
1939,-0.257804428073303,-0.513532500533485,"LE2-1251.020","FCM"
1940,-0.191783940642885,0.135679600075812,"LE2-1251.020","FCM"
1941,0.286603438936819,0.225332780322923,"LE2-1251.020","FCM"
1942,-0.257306930916648,-0.344355954084516,"LE2-1251.020","FCM"
1943,-0.575043432615211,-0.756353769657048,"LE2-1251.020","FCM"
1944,0.0107136537901606,-0.653452282195413,"LE2-1251.020","FCM"
1945,-1.00934784394772,-1.17960986490696,"LE2-1251.020","FCM"
1946,-0.650231371165284,-0.818871180588614,"LE2-1251.020","FCM"
1947,-1.31949525431382,-0.857879593853373,"LE2-1251.020","FCM"
1948,-0.386812043448568,0.0839483523466342,"LE2-1251.020","FCM"
1949,0.799503377193221,0.575620817347341,"LE2-1251.020","FCM"
1950,0.645250010185425,0.436185429767271,"LE2-1251.020","FCM"
1951,-0.88258400438265,-1.03958483266192,"LE2-1251.020","FCM"
1952,-1.5081088264136,-0.526418445483006,"LE2-1251.020","FCM"
1953,-0.859146924382501,-0.648197562589129,"LE2-1251.020","FCM"
1954,-0.372036277652419,-0.701459276621092,"LE2-1251.020","FCM"
1955,-0.131800708705,0.230093430939057,"LE2-1251.020","FCM"
1956,0.382886881078869,0.744881465910841,"LE2-1251.020","FCM"
1957,0.409645554552026,1.25925749049393,"LE2-1251.020","FCM"
1958,-0.196195030899308,-0.293855580804873,"LE2-1251.020","FCM"
1959,0.0127195933858384,0.322162032665691,"LE2-1251.020","FCM"
1960,0.0463062434096146,-0.179116576549776,"LE2-1251.020","FCM"
1961,0.251605638692915,0.489858675557235,"LE2-1251.020","FCM"
1962,0.595063913645976,0.275608584828135,"LE2-1251.020","FCM"
1963,-0.237275461222479,-0.492412029800015,"LE2-1251.020","FCM"
1964,-0.669275433230018,-0.719137581989347,"LE2-1251.020","FCM"
1965,-0.0657955561194108,-0.79860414779874,"LE2-1251.020","FCM"
1966,-0.0765531676466381,-0.208387268448095,"LE2-1251.020","FCM"
1967,-0.139629793217115,0.404987300478672,"LE2-1251.020","FCM"
1968,-0.239088977779917,0.0472420620654171,"LE2-1251.020","FCM"
1969,-0.67537850021183,-0.20670376818901,"LE2-1251.020","FCM"
1970,0.35103297765481,1.13547827205067,"LE2-1251.020","FCM"
1971,0.609611112619321,-0.234439205312003,"LE2-1251.020","FCM"
1972,0.231066068513365,-0.192900310262235,"LE2-1251.020","FCM"
1973,1.02236439020984,0.960657010693571,"LE2-1251.020","FCM"
1974,0.186687849193893,-0.155972412929097,"LE2-1251.020","FCM"
1975,-1.05046596982874,-0.92704759108036,"LE2-1251.020","FCM"
1976,-0.869865818703875,-0.635361836752071,"LE2-1251.020","FCM"
1977,0.136745751893911,0.114411556917391,"LE2-1251.020","FCM"
1978,0.258863382212624,0.500354346025918,"LE2-1251.020","FCM"
1979,-0.412903362073228,0.210815653366273,"LE2-1251.020","FCM"
1980,-0.325584619284507,0.0917082450947364,"LE2-1251.020","FCM"
1981,-0.837942613123037,-0.378724205631156,"LE2-1251.020","FCM"
1982,-0.85101350344689,-0.375130062121016,"LE2-1251.020","FCM"
1983,0.244084467766918,0.499274261013716,"LE2-1251.020","FCM"
1984,-0.035780152738331,0.177597935753342,"LE2-1251.020","FCM"
1985,0.394239194701009,0.147329305533301,"LE2-1251.020","FCM"
1986,-0.055680209513204,0.321705299442846,"LE2-1251.020","FCM"
1987,-0.0252577001601971,-0.0860792225645039,"LE2-1251.020","FCM"
1988,0.106970161109323,-0.462766354312115,"LE2-1251.020","FCM"
1989,0.539495572667722,0.711355950749053,"LE2-1251.020","FCM"
1990,-0.196374163140423,-0.0597011031063488,"LE2-1251.020","FCM"
1991,0.144730958149727,0.329765034249486,"LE2-1251.020","FCM"
1992,0.380477406266919,0.262163367344967,"LE2-1251.020","FCM"
1993,0.656224204309768,0.902949011789722,"LE2-1251.020","FCM"
1994,1.24673724648556,1.51196124575292,"LE2-1251.020","FCM"
1995,0.223469154132393,1.00910889069013,"LE2-1251.020","FCM"
1996,0.0753342534606615,0.360150644143276,"LE2-1251.020","FCM"
1997,0.0239607871739611,0.229888469255013,"LE2-1251.020","FCM"
1998,-0.174437934664395,0.542318754147087,"LE2-1251.020","FCM"
1999,0.225144554797281,0.480142874463086,"LE2-1251.020","FCM"
2000,0.130924767501243,0.0669347095492963,"LE2-1251.020","FCM"
2001,-0.309043207618483,-0.633916750333789,"LE2-1251.020","FCM"
2002,-0.137380443485265,-0.453248838469818,"LE2-1251.020","FCM"
2003,0.173183412750584,-0.0948837032595544,"LE2-1251.020","FCM"
2004,0.0123638869108882,-0.21907775607263,"LE2-1251.020","FCM"
2005,-0.438258560828734,-0.297921261320839,"LE2-1251.020","FCM"
2006,-0.579497522909818,-0.366492907970733,"LE2-1251.020","FCM"
2007,-1.01863203488754,-0.523634457588005,"LE2-1251.020","FCM"
2008,-0.0233834207623787,0.172122845480021,"LE2-1251.020","FCM"
2009,0.342499343576141,0.362675346963151,"LE2-1251.020","FCM"
2010,0.745611911496151,0.405539990152433,"LE2-1251.020","FCM"
2011,1.57378702801484,1.30135871688413,"LE2-1251.020","FCM"
2012,1.62580170791724,1.03306302337053,"LE2-1251.020","FCM"
2013,1.40980041832274,1.277221442344,"LE2-1251.020","FCM"
2014,0.720987053645946,0.945152644266567,"LE2-1251.020","FCM"
1851,0.342107486121408,0.222271528859903,"LE2-1281.011","FCM"
1852,0.186660818845778,-0.443360305922298,"LE2-1281.011","FCM"
1853,-0.490365850637203,-0.0443358345048643,"LE2-1281.011","FCM"
1854,-0.385951369619086,0.245619447038502,"LE2-1281.011","FCM"
1855,-0.0551086363958397,-0.434346485362032,"LE2-1281.011","FCM"
1856,-0.662243283995928,-0.424341178031136,"LE2-1281.011","FCM"
1857,-0.752605624873225,-0.6081733082217,"LE2-1281.011","FCM"
1858,-0.768469159643824,-0.487262274253873,"LE2-1281.011","FCM"
1859,-0.91149447505295,-0.318132768089939,"LE2-1281.011","FCM"
1860,-0.494417782114539,-0.247223260746978,"LE2-1281.011","FCM"
1861,-0.439024331800709,0.349637534866724,"LE2-1281.011","FCM"
1862,-0.000471910185603625,0.417779283072323,"LE2-1281.011","FCM"
1863,0.196046932347325,0.278529246995334,"LE2-1281.011","FCM"
1864,0.546538735412149,-0.186939545964151,"LE2-1281.011","FCM"
1865,0.780897276384859,0.515633503675672,"LE2-1281.011","FCM"
1866,0.403889846544262,0.274921959522125,"LE2-1281.011","FCM"
1867,0.036939357606829,0.142674556867021,"LE2-1281.011","FCM"
1868,-0.199013354494902,-0.564905283865787,"LE2-1281.011","FCM"
1869,-1.11776200733109,-0.511404525150798,"LE2-1281.011","FCM"
1870,0.848219838438131,0.633884179883967,"LE2-1281.011","FCM"
1871,0.055888916081197,0.120933353052895,"LE2-1281.011","FCM"
1872,0.867072327262338,0.0771478864007749,"LE2-1281.011","FCM"
1873,0.443647162755413,0.00613523969471674,"LE2-1281.011","FCM"
1874,0.327347460852967,-0.350585629021763,"LE2-1281.011","FCM"
1875,-0.490723246395594,-0.582535639172661,"LE2-1281.011","FCM"
1876,-0.683982162549234,-0.383727435054814,"LE2-1281.011","FCM"
1877,-0.859085874790329,-0.548583281264939,"LE2-1281.011","FCM"
1878,0.466342686696663,1.0183591334662,"LE2-1281.011","FCM"
1879,1.21985577513431,0.476695601324879,"LE2-1281.011","FCM"
1880,1.62326745837362,-0.0405467352470125,"LE2-1281.011","FCM"
1881,0.47569994969179,-0.156419755462605,"LE2-1281.011","FCM"
1882,-1.0047167834543,-0.956478212187447,"LE2-1281.011","FCM"
1883,-1.06091069906106,-0.706384235120795,"LE2-1281.011","FCM"
1884,-0.486396056752791,-0.491990800257005,"LE2-1281.011","FCM"
1885,-0.540703146731006,-0.483140297035702,"LE2-1281.011","FCM"
1886,-1.08841843531047,-1.19093708676576,"LE2-1281.011","FCM"
1887,-0.822092942781721,-1.13046918066725,"LE2-1281.011","FCM"
1888,-0.445783242508612,-0.735520536999054,"LE2-1281.011","FCM"
1889,-0.200261891180108,-0.224515942313486,"LE2-1281.011","FCM"
1890,0.105395476007756,0.00402072590128625,"LE2-1281.011","FCM"
1891,1.01760095512486,0.640376906506297,"LE2-1281.011","FCM"
1892,1.00671311885239,0.721388877917009,"LE2-1281.011","FCM"
1893,1.19345106085082,0.91936045543074,"LE2-1281.011","FCM"
1894,0.901240990092763,0.0245869445750944,"LE2-1281.011","FCM"
1895,0.648577337678149,-0.0845874550201111,"LE2-1281.011","FCM"
1896,0.082778554647729,0.166821282373462,"LE2-1281.011","FCM"
1897,0.172379391550428,-0.0697675139917033,"LE2-1281.011","FCM"
1898,1.02867760380467,0.483049303067504,"LE2-1281.011","FCM"
1899,1.73151114195419,1.33689920727825,"LE2-1281.011","FCM"
1900,1.45532027955756,1.36448015645329,"LE2-1281.011","FCM"
1901,1.242460874166,0.638859392165345,"LE2-1281.011","FCM"
1902,0.165543193270845,0.530473645250379,"LE2-1281.011","FCM"
1903,0.292298161034999,0.426157301679784,"LE2-1281.011","FCM"
1904,0.657265103744384,0.690769791767625,"LE2-1281.011","FCM"
1905,0.569864809759613,-0.0693954545492942,"LE2-1281.011","FCM"
1906,0.203790336770786,-0.0587842883465218,"LE2-1281.011","FCM"
1907,0.829061855232049,0.306313424019362,"LE2-1281.011","FCM"
1908,-0.103238739307416,-0.392779431906471,"LE2-1281.011","FCM"
1909,0.112418552865348,-0.488374434940513,"LE2-1281.011","FCM"
1910,-0.267002506168748,-0.268801257995691,"LE2-1281.011","FCM"
1911,-0.388133651700414,-0.477472379342697,"LE2-1281.011","FCM"
1912,-0.847063456395982,-0.726747689582795,"LE2-1281.011","FCM"
1913,0.343722872614506,0.84211061035782,"LE2-1281.011","FCM"
1914,0.122452725767003,-0.266946720510874,"LE2-1281.011","FCM"
1915,-0.00543568339722997,0.105297760774215,"LE2-1281.011","FCM"
1916,-0.094313311745357,-0.710389293921537,"LE2-1281.011","FCM"
1917,0.461652150989104,0.176588103711406,"LE2-1281.011","FCM"
1918,0.762955343933757,0.297526459604974,"LE2-1281.011","FCM"
1919,0.0332169603117502,0.161213179887839,"LE2-1281.011","FCM"
1920,-0.0330211920657907,0.51259295247798,"LE2-1281.011","FCM"
1921,0.968371665483056,0.567305965286877,"LE2-1281.011","FCM"
1922,0.890245062140987,1.11811323926518,"LE2-1281.011","FCM"
1923,0.484808337359191,0.854524321847377,"LE2-1281.011","FCM"
1924,0.0667765174565298,0.927534913746167,"LE2-1281.011","FCM"
1925,0.13856477642868,0.0512843735212323,"LE2-1281.011","FCM"
1926,-0.450756345322358,-0.940427901153325,"LE2-1281.011","FCM"
1927,-0.464876879238819,-0.628851576535197,"LE2-1281.011","FCM"
1928,-0.219269848134482,-0.571887874691497,"LE2-1281.011","FCM"
1929,-0.0326834379742669,-0.574777508939531,"LE2-1281.011","FCM"
1930,-0.0274669109428338,-0.100258223723494,"LE2-1281.011","FCM"
1931,0.0419180004600737,-0.0461152360627414,"LE2-1281.011","FCM"
1932,-0.13718286802255,-0.414806360430271,"LE2-1281.011","FCM"
1933,-0.349021813478212,0.205483228614457,"LE2-1281.011","FCM"
1934,-0.282885560937949,-0.623567584449477,"LE2-1281.011","FCM"
1935,-0.200433065638707,-0.376503697192846,"LE2-1281.011","FCM"
1936,-0.3517845777049,-0.533335102474286,"LE2-1281.011","FCM"
1937,0.551320635845199,0.574726277848416,"LE2-1281.011","FCM"
1938,0.406010535600424,0.389096484673316,"LE2-1281.011","FCM"
1939,-0.869410001228596,-0.026169222975613,"LE2-1281.011","FCM"
1940,-0.198067614442315,0.183271122061816,"LE2-1281.011","FCM"
1941,-0.549012051322095,-0.198908292540345,"LE2-1281.011","FCM"
1942,-1.11073967933496,0.175349142151475,"LE2-1281.011","FCM"
1943,-0.514151945988715,0.0354075234186602,"LE2-1281.011","FCM"
1944,0.0759420957553615,0.696685925811905,"LE2-1281.011","FCM"
1945,0.136388743767332,0.0972053300017816,"LE2-1281.011","FCM"
1946,-0.493392226350276,-1.01715506098396,"LE2-1281.011","FCM"
1947,-0.585514087500944,-1.3821698976664,"LE2-1281.011","FCM"
1948,0.236568598620309,-0.102820928096747,"LE2-1281.011","FCM"
1949,-0.267308166059288,-0.604762949167295,"LE2-1281.011","FCM"
1950,0.575149171401638,-0.186273978674857,"LE2-1281.011","FCM"
1951,0.116525880658728,0.78012616482852,"LE2-1281.011","FCM"
1952,0.924042503155116,1.76358125215059,"LE2-1281.011","FCM"
1953,1.02011427011861,1.16893345769532,"LE2-1281.011","FCM"
1954,0.524964489456552,0.413446340874483,"LE2-1281.011","FCM"
1955,0.593521060829113,0.0608726237663276,"LE2-1281.011","FCM"
1956,0.385410615438663,-0.119954011532428,"LE2-1281.011","FCM"
1957,-0.111415100978264,0.47642727377664,"LE2-1281.011","FCM"
1958,0.337684146119987,-0.2731672213081,"LE2-1281.011","FCM"
1959,1.01214202388825,-0.172865381795079,"LE2-1281.011","FCM"
1960,0.676123873164125,-0.0856930332403758,"LE2-1281.011","FCM"
1961,1.07400238596099,0.343296512947619,"LE2-1281.011","FCM"
1962,0.801592610115053,0.0131279154616842,"LE2-1281.011","FCM"
1963,0.189071761497993,0.0283478507986022,"LE2-1281.011","FCM"
1964,-1.3593963168419,-1.30090417232687,"LE2-1281.011","FCM"
1965,-1.37595558216836,-0.783878091783683,"LE2-1281.011","FCM"
1966,-0.146881826953596,-0.39431965204879,"LE2-1281.011","FCM"
1967,0.575100543125119,-0.352552251008687,"LE2-1281.011","FCM"
1968,-0.0661846640713595,-0.310078810961395,"LE2-1281.011","FCM"
1969,-0.673247034853055,-0.931183399992176,"LE2-1281.011","FCM"
1970,-0.510789506781519,-0.535642290512741,"LE2-1281.011","FCM"
1971,-0.100740677560764,0.0348167769412647,"LE2-1281.011","FCM"
1972,-0.158150506178024,-0.388844433590077,"LE2-1281.011","FCM"
1973,-1.28146359769395,-1.20898173182994,"LE2-1281.011","FCM"
1974,-1.98498378254917,-1.51901902128559,"LE2-1281.011","FCM"
1975,-1.50823265982056,-1.09328897648923,"LE2-1281.011","FCM"
1976,-0.94709629904402,-0.561308359349581,"LE2-1281.011","FCM"
1977,-1.15420760172226,-1.10947313292545,"LE2-1281.011","FCM"
1978,-0.206114692518388,-0.296637491210228,"LE2-1281.011","FCM"
1979,0.437887630118884,0.433681073306187,"LE2-1281.011","FCM"
1980,0.398137152210084,0.394019840989616,"LE2-1281.011","FCM"
1981,0.574911370015574,-0.0512418458738421,"LE2-1281.011","FCM"
1982,0.804317849110541,0.733944555727165,"LE2-1281.011","FCM"
1983,-0.277751703240086,-0.0102802116298248,"LE2-1281.011","FCM"
1984,-0.2946295044518,0.520704312908738,"LE2-1281.011","FCM"
1985,0.401600585507921,0.65557977783219,"LE2-1281.011","FCM"
1986,0.0378694758565236,0.363866196302873,"LE2-1281.011","FCM"
1987,-0.340419845388203,0.445974426095368,"LE2-1281.011","FCM"
1988,0.226659932231471,-0.396808325090484,"LE2-1281.011","FCM"
1989,0.0657215747202144,-0.318012843140526,"LE2-1281.011","FCM"
1990,-0.153257757302138,-0.227194981669691,"LE2-1281.011","FCM"
1991,-0.283555529896384,0.483812294381397,"LE2-1281.011","FCM"
1992,-0.0556774738571845,0.661593911868015,"LE2-1281.011","FCM"
1993,0.590120140270443,0.827349089963477,"LE2-1281.011","FCM"
1994,0.194135490106792,-0.0662293070777371,"LE2-1281.011","FCM"
1995,-0.233341651979654,-0.0671394552207787,"LE2-1281.011","FCM"
1996,-0.488588020171477,-0.0771445396666389,"LE2-1281.011","FCM"
1997,-0.264841777371098,-0.117043251432338,"LE2-1281.011","FCM"
1998,-0.750645757960419,-0.649533367016176,"LE2-1281.011","FCM"
1999,0.201121624957522,-0.146963289269889,"LE2-1281.011","FCM"
2000,0.637514347875824,0.429412392263408,"LE2-1281.011","FCM"
2001,0.919192118667262,1.12709629258004,"LE2-1281.011","FCM"
2002,0.382859055592498,0.613743109792468,"LE2-1281.011","FCM"
2003,0.206659033832233,-0.205488057110029,"LE2-1281.011","FCM"
2004,0.819542143831603,0.690824877106262,"LE2-1281.011","FCM"
2005,0.782749932749941,0.496314421306983,"LE2-1281.011","FCM"
2006,-0.125878849430848,-0.286403312757514,"LE2-1281.011","FCM"
2007,0.311867443356518,0.446487283213323,"LE2-1281.011","FCM"
2008,0.719247872559007,0.566690176539735,"LE2-1281.011","FCM"
2009,0.617404243304287,-0.189716705640132,"LE2-1281.011","FCM"
2010,-0.50837059141341,-0.71732399822673,"LE2-1281.011","FCM"
2011,-0.207287400542957,-0.941355753586399,"LE2-1281.011","FCM"
2012,-0.734055669469669,-0.506206295181501,"LE2-1281.011","FCM"
2013,-0.342744747100311,0.358070156090382,"LE2-1281.011","FCM"
2014,0.660020385760869,0.760714538167095,"LE2-1281.011","FCM"
1851,-0.813366452895341,-0.387240439027449,"LE2-1281.012","FCM"
1852,-0.471125368436016,-0.277300136676465,"LE2-1281.012","FCM"
1853,-0.277771861332001,-0.387816287078793,"LE2-1281.012","FCM"
1854,-0.107585032975863,-0.0323607088186444,"LE2-1281.012","FCM"
1855,-0.144859972496115,-0.384116112119057,"LE2-1281.012","FCM"
1856,-0.641558242698369,-0.686066025287975,"LE2-1281.012","FCM"
1857,-0.17938469373327,-0.128523947811764,"LE2-1281.012","FCM"
1858,0.240179683196327,0.0794252173282063,"LE2-1281.012","FCM"
1859,0.0295614277795347,0.0732711329038497,"LE2-1281.012","FCM"
1860,0.257159199290384,0.13751253531071,"LE2-1281.012","FCM"
1861,-0.13880673513928,0.00723708790501482,"LE2-1281.012","FCM"
1862,-0.304833711491037,-0.504893938481626,"LE2-1281.012","FCM"
1863,-0.553940365433211,-0.825201214967223,"LE2-1281.012","FCM"
1864,-0.800460781539197,-0.431292397845139,"LE2-1281.012","FCM"
1865,-0.0953190501623688,0.231358861798008,"LE2-1281.012","FCM"
1866,0.199031594193809,0.17410961771866,"LE2-1281.012","FCM"
1867,0.392929844568019,0.460365962096463,"LE2-1281.012","FCM"
1868,-0.564251205847202,-0.551620081409851,"LE2-1281.012","FCM"
1869,-0.493408666363101,-0.696398171108525,"LE2-1281.012","FCM"
1870,-0.929338373108895,-0.774447802212092,"LE2-1281.012","FCM"
1871,0.213072797539705,-0.267740072672837,"LE2-1281.012","FCM"
1872,-0.216502416914116,0.109479888317125,"LE2-1281.012","FCM"
1873,0.0102101067037597,0.358585072360903,"LE2-1281.012","FCM"
1874,0.557011802825384,0.798489840985952,"LE2-1281.012","FCM"
1875,0.413647621867451,-0.143251734372338,"LE2-1281.012","FCM"
1876,0.395590405818888,0.270677077807656,"LE2-1281.012","FCM"
1877,0.461125551366081,0.632189613918486,"LE2-1281.012","FCM"
1878,0.222552554384128,-0.127838376647854,"LE2-1281.012","FCM"
1879,0.350353618324862,0.36439889149587,"LE2-1281.012","FCM"
1880,0.0728268873283845,1.08098416169024,"LE2-1281.012","FCM"
1881,-0.304084041855744,0.297174903355587,"LE2-1281.012","FCM"
1882,0.343794951730229,0.642814249787564,"LE2-1281.012","FCM"
1883,-0.00224713282829675,0.441439189894347,"LE2-1281.012","FCM"
1884,-0.359425096214473,-0.464853349163587,"LE2-1281.012","FCM"
1885,-0.709048602976801,-1.06470497646525,"LE2-1281.012","FCM"
1886,-0.606921673913437,-0.660661944345385,"LE2-1281.012","FCM"
1887,-0.468488113326835,-0.55764051967149,"LE2-1281.012","FCM"
1888,-0.6363991047872,-0.81644493745217,"LE2-1281.012","FCM"
1889,0.596546383872566,0.500438689980823,"LE2-1281.012","FCM"
1890,0.211138132286973,-0.161104198870183,"LE2-1281.012","FCM"
1891,-0.466713484268502,-0.204809544004448,"LE2-1281.012","FCM"
1892,0.0426250886563298,-0.174407006187909,"LE2-1281.012","FCM"
1893,-0.110323761991984,-0.0462480429262011,"LE2-1281.012","FCM"
1894,0.186491910416357,-0.234545410399973,"LE2-1281.012","FCM"
1895,0.125647916744506,0.677245697401256,"LE2-1281.012","FCM"
1896,0.169961054690193,0.50755303522033,"LE2-1281.012","FCM"
1897,0.823305872308405,0.478238669658228,"LE2-1281.012","FCM"
1898,0.595794059174526,0.542256608993676,"LE2-1281.012","FCM"
1899,0.0367665232810477,0.71920130293678,"LE2-1281.012","FCM"
1900,1.12756370801606,1.13001056793694,"LE2-1281.012","FCM"
1901,-0.178447404313198,0.240849134399808,"LE2-1281.012","FCM"
1902,0.290192678121901,0.907876423960804,"LE2-1281.012","FCM"
1903,0.712750357904022,0.802866048453241,"LE2-1281.012","FCM"
1904,1.0294990928458,-0.144449019791965,"LE2-1281.012","FCM"
1905,-0.0737760103256957,-0.0732397501456375,"LE2-1281.012","FCM"
1906,-0.397285488103988,-0.72722611989319,"LE2-1281.012","FCM"
1907,0.462075643776263,-0.202879446856546,"LE2-1281.012","FCM"
1908,-0.783190136509019,-0.718042926611469,"LE2-1281.012","FCM"
1909,-0.383550916946335,-0.459527133172816,"LE2-1281.012","FCM"
1910,0.647669347123376,0.954997035454774,"LE2-1281.012","FCM"
1911,0.342506744291375,0.584664634438011,"LE2-1281.012","FCM"
1912,0.00798888611935781,0.345048571177959,"LE2-1281.012","FCM"
1913,-0.251956279526184,-0.303812848888012,"LE2-1281.012","FCM"
1914,0.65938741409976,0.0837931132795964,"LE2-1281.012","FCM"
1915,0.990660826894629,0.226448972016745,"LE2-1281.012","FCM"
1916,-0.570840967322903,-0.823441465243086,"LE2-1281.012","FCM"
1917,0.20007681130867,-0.0941157107304644,"LE2-1281.012","FCM"
1918,0.151740503280467,-0.766393685965525,"LE2-1281.012","FCM"
1919,0.2299127107773,-0.184441456151588,"LE2-1281.012","FCM"
1920,-0.475856997342384,-0.691413143013477,"LE2-1281.012","FCM"
1921,-0.621832405952708,-0.287812638984006,"LE2-1281.012","FCM"
1922,-0.525727938765941,0.0396101730231091,"LE2-1281.012","FCM"
1923,-0.433278553790044,-0.478162739802722,"LE2-1281.012","FCM"
1924,-0.194049483386979,0.153994752452291,"LE2-1281.012","FCM"
1925,-0.413564992085554,-0.62983056173089,"LE2-1281.012","FCM"
1926,0.315873845991781,0.44939933979603,"LE2-1281.012","FCM"
1927,0.65755332575494,0.617271761192799,"LE2-1281.012","FCM"
1928,-0.093465529016671,0.564576709313688,"LE2-1281.012","FCM"
1929,-0.782120499036574,0.0794497035454281,"LE2-1281.012","FCM"
1930,0.0190955373607971,-0.433180493420044,"LE2-1281.012","FCM"
1931,-0.0755587903177884,-0.0806439561220682,"LE2-1281.012","FCM"
1932,-0.852479940944425,-1.08467724735234,"LE2-1281.012","FCM"
1933,0.0792479551504577,0.325826663877623,"LE2-1281.012","FCM"
1934,0.0249639708027713,0.329531490396863,"LE2-1281.012","FCM"
1935,0.988641505118544,1.05148682029718,"LE2-1281.012","FCM"
1936,0.787076321893309,0.862250762495188,"LE2-1281.012","FCM"
1937,-0.196301851794901,0.198835109583031,"LE2-1281.012","FCM"
1938,-0.338192214946021,0.617546561207378,"LE2-1281.012","FCM"
1939,-0.21415486547606,-0.0888162143178017,"LE2-1281.012","FCM"
1940,-0.219234933714036,-0.506537460901861,"LE2-1281.012","FCM"
1941,-0.637614684925029,-0.588235918134134,"LE2-1281.012","FCM"
1942,-0.0665697036129345,-0.247540911629918,"LE2-1281.012","FCM"
1943,0.978050221406216,0.868303445571393,"LE2-1281.012","FCM"
1944,0.915950327971194,0.449913849248661,"LE2-1281.012","FCM"
1945,0.809581020535117,0.254655771526271,"LE2-1281.012","FCM"
1946,0.386130733123601,0.959438818173665,"LE2-1281.012","FCM"
1947,0.212360292262781,0.199095471165388,"LE2-1281.012","FCM"
1948,0.0390176881487806,-0.168119365192287,"LE2-1281.012","FCM"
1949,0.113710890425675,-0.154425894307785,"LE2-1281.012","FCM"
1950,-0.238932325997819,-0.616444841079259,"LE2-1281.012","FCM"
1951,-0.373065915174142,-0.839711170632824,"LE2-1281.012","FCM"
1952,0.378050105713832,0.729435747498954,"LE2-1281.012","FCM"
1953,0.53324374284722,0.499632975637463,"LE2-1281.012","FCM"
1954,1.10183975097048,0.552603840008095,"LE2-1281.012","FCM"
1955,0.263411629164074,0.138295966499377,"LE2-1281.012","FCM"
1956,-0.049877002397005,-0.238335552069386,"LE2-1281.012","FCM"
1957,-0.329432804551253,-0.140980109827691,"LE2-1281.012","FCM"
1958,-0.42541348593023,0.238620341823994,"LE2-1281.012","FCM"
1959,-0.54647889114099,-0.125005035893576,"LE2-1281.012","FCM"
1960,-0.486057675541947,-0.488063170849569,"LE2-1281.012","FCM"
1961,-0.0188853921697778,-0.493868828375594,"LE2-1281.012","FCM"
1962,-0.831259200510651,-0.893229814171419,"LE2-1281.012","FCM"
1963,-0.701993790307646,-0.708920964082379,"LE2-1281.012","FCM"
1964,-0.493405614104168,-0.103795094497714,"LE2-1281.012","FCM"
1965,-0.383138225239431,-0.0366918439315583,"LE2-1281.012","FCM"
1966,0.250078782131594,0.433222277122615,"LE2-1281.012","FCM"
1967,0.118398898989049,0.342833247253212,"LE2-1281.012","FCM"
1968,0.54437978149517,0.742290665738171,"LE2-1281.012","FCM"
1969,0.649258017324185,1.12861379547354,"LE2-1281.012","FCM"
1970,0.491492957069942,0.912551064501434,"LE2-1281.012","FCM"
1971,-0.0622859745990058,0.43678329662038,"LE2-1281.012","FCM"
1972,0.568053550463547,1.22797394475377,"LE2-1281.012","FCM"
1973,-0.450296773964268,-0.422394212287565,"LE2-1281.012","FCM"
1974,-0.543302717950665,-0.47699989684537,"LE2-1281.012","FCM"
1975,-0.892131820038663,-0.787885228245796,"LE2-1281.012","FCM"
1976,0.0138521397857525,-0.692543809330743,"LE2-1281.012","FCM"
1977,-0.142895565340286,0.0927475255299676,"LE2-1281.012","FCM"
1978,-0.379806173625912,-0.490574335586488,"LE2-1281.012","FCM"
1979,-0.564651072133537,-0.910634333291196,"LE2-1281.012","FCM"
1980,-0.369139747193434,-1.00918531334753,"LE2-1281.012","FCM"
1981,-0.46174218512649,-1.21876416009224,"LE2-1281.012","FCM"
1982,-0.195839439683207,0.0633097246413743,"LE2-1281.012","FCM"
1983,0.495273970068281,0.39585340507584,"LE2-1281.012","FCM"
1984,0.76107385455799,0.746526403640697,"LE2-1281.012","FCM"
1985,0.257487395538113,0.310718223314415,"LE2-1281.012","FCM"
1986,0.407100601238915,0.50601787252107,"LE2-1281.012","FCM"
1987,0.368642942680168,0.241949236092014,"LE2-1281.012","FCM"
1988,0.974653163175528,1.05949425361207,"LE2-1281.012","FCM"
1989,-0.135040962950048,-0.548508895003104,"LE2-1281.012","FCM"
1990,-0.413747205821767,-0.670039698029544,"LE2-1281.012","FCM"
1991,-0.825856695483639,-1.16724409701518,"LE2-1281.012","FCM"
1992,-0.923196684460222,-0.831851448317054,"LE2-1281.012","FCM"
1993,-1.56181384886594,-0.839367200136435,"LE2-1281.012","FCM"
1994,-0.513534527592528,-0.35360971455397,"LE2-1281.012","FCM"
1995,0.0215639449282553,-0.0202481016632361,"LE2-1281.012","FCM"
1996,-0.186621865313535,0.0538225123018382,"LE2-1281.012","FCM"
1997,0.00521906939868713,0.181511624973055,"LE2-1281.012","FCM"
1998,0.441330954898605,-0.0992556193706955,"LE2-1281.012","FCM"
1999,0.245137720409104,-0.0981921564667645,"LE2-1281.012","FCM"
2000,-0.332596134728493,-0.479476072150258,"LE2-1281.012","FCM"
2001,0.382716870622753,0.363353453488413,"LE2-1281.012","FCM"
2002,0.695364026549663,0.483429278796246,"LE2-1281.012","FCM"
2003,0.318095762830499,0.072542375822137,"LE2-1281.012","FCM"
2004,0.323062267359113,0.149485860333919,"LE2-1281.012","FCM"
2005,0.110162148005715,-0.0872530888986078,"LE2-1281.012","FCM"
2006,0.602412332930305,0.408327548969879,"LE2-1281.012","FCM"
2007,-0.13115474612179,-0.675327275973598,"LE2-1281.012","FCM"
2008,0.663404945103952,0.181653390743262,"LE2-1281.012","FCM"
2009,0.121795941699945,-0.30630882024456,"LE2-1281.012","FCM"
2010,-0.632978096018009,-0.599376628376502,"LE2-1281.012","FCM"
2011,-0.327461054685713,-0.0632677245619893,"LE2-1281.012","FCM"
2012,0.0373736747244337,0.521032001217448,"LE2-1281.012","FCM"
2013,-0.546144311033134,-0.065976296261425,"LE2-1281.012","FCM"
2014,-0.524765675055335,0.0526357481568725,"LE2-1281.012","FCM"
1851,0.144010473384608,-0.173855659907352,"LE2-1281.013","FCM"
1852,0.219151943610225,0.181336969099458,"LE2-1281.013","FCM"
1853,0.153433279966876,-0.220465855838255,"LE2-1281.013","FCM"
1854,0.448170745611406,0.0817211219367514,"LE2-1281.013","FCM"
1855,0.0140774823694371,0.00189974325137308,"LE2-1281.013","FCM"
1856,-0.674162184888543,-0.391657166131917,"LE2-1281.013","FCM"
1857,0.518770563411421,0.77523555035069,"LE2-1281.013","FCM"
1858,0.148784570975955,-0.400638781410187,"LE2-1281.013","FCM"
1859,0.276150031592107,-0.0612587701542314,"LE2-1281.013","FCM"
1860,0.360768463271727,0.292313556040153,"LE2-1281.013","FCM"
1861,-0.779682304289473,-0.411058767578645,"LE2-1281.013","FCM"
1862,-0.9810571195839,-0.391240470826028,"LE2-1281.013","FCM"
1863,-0.456052011527045,-0.199072066271608,"LE2-1281.013","FCM"
1864,0.321732112529985,0.0886613150124093,"LE2-1281.013","FCM"
1865,-0.0691293696134675,-0.0155731347066992,"LE2-1281.013","FCM"
1866,-0.130095987910397,0.118775048939583,"LE2-1281.013","FCM"
1867,-0.306173583131095,-0.419508261061105,"LE2-1281.013","FCM"
1868,0.271654558407561,0.370888692835103,"LE2-1281.013","FCM"
1869,0.642649338821504,1.05110666854473,"LE2-1281.013","FCM"
1870,0.182186721961383,0.739176903505483,"LE2-1281.013","FCM"
1871,0.451318029904465,-0.110974274642427,"LE2-1281.013","FCM"
1872,0.245239993627761,-0.00862982716913436,"LE2-1281.013","FCM"
1873,-0.108439638716743,-0.269096623179101,"LE2-1281.013","FCM"
1874,-0.172821726838283,-0.227595506736541,"LE2-1281.013","FCM"
1875,0.894644020780633,0.855611269456119,"LE2-1281.013","FCM"
1876,0.63561425401403,0.328572934033863,"LE2-1281.013","FCM"
1877,0.281544670157532,0.00101541739561746,"LE2-1281.013","FCM"
1878,0.481299779481045,0.408264852991017,"LE2-1281.013","FCM"
1879,-0.530934289392894,-0.0491432020119117,"LE2-1281.013","FCM"
1880,-0.719840192482415,0.0417572576903201,"LE2-1281.013","FCM"
1881,-0.237544381562593,0.247500325023255,"LE2-1281.013","FCM"
1882,-0.648053979111703,-0.812021281716039,"LE2-1281.013","FCM"
1883,-0.92323187378866,-0.727670478896515,"LE2-1281.013","FCM"
1884,0.322516196151145,0.211609172729347,"LE2-1281.013","FCM"
1885,-0.500061701393985,0.127936778505933,"LE2-1281.013","FCM"
1886,-0.34094269536689,0.00819982405230917,"LE2-1281.013","FCM"
1887,-0.391581071913476,-0.378804688444378,"LE2-1281.013","FCM"
1888,0.496815792558447,0.589366900225279,"LE2-1281.013","FCM"
1889,0.615211441688892,1.33230673820884,"LE2-1281.013","FCM"
1890,-0.272402145987267,0.0708028748891986,"LE2-1281.013","FCM"
1891,-0.0603245731626573,0.0185424455345947,"LE2-1281.013","FCM"
1892,-0.0463358519406286,-0.69918547808529,"LE2-1281.013","FCM"
1893,0.426354145632326,0.35219654255826,"LE2-1281.013","FCM"
1894,-0.00376564289489883,-0.109629651190725,"LE2-1281.013","FCM"
1895,0.0401954055221443,-0.0491141575716487,"LE2-1281.013","FCM"
1896,0.0462962244731777,0.927545507518333,"LE2-1281.013","FCM"
1897,0.812389242015976,0.74388157021588,"LE2-1281.013","FCM"
1898,0.912596173270389,0.64162716394356,"LE2-1281.013","FCM"
1899,0.0181295809772851,0.559754092959617,"LE2-1281.013","FCM"
1900,0.656559350147596,0.865065278283385,"LE2-1281.013","FCM"
1901,0.585414528239608,0.404760494124649,"LE2-1281.013","FCM"
1902,0.105855186005784,-0.137101767942508,"LE2-1281.013","FCM"
1903,0.38737859868786,0.424702130742762,"LE2-1281.013","FCM"
1904,1.366846272886,1.21627561217036,"LE2-1281.013","FCM"
1905,0.329931902089676,0.0977809753907218,"LE2-1281.013","FCM"
1906,-0.367254198288333,-0.532162121314032,"LE2-1281.013","FCM"
1907,-0.875912172362738,-0.844425266719348,"LE2-1281.013","FCM"
1908,-0.318604760473542,-0.493885219291621,"LE2-1281.013","FCM"
1909,-0.807763251215148,-0.562392529729273,"LE2-1281.013","FCM"
1910,-0.0165652640877849,-0.0411624265551335,"LE2-1281.013","FCM"
1911,0.2044767345043,0.270870459138473,"LE2-1281.013","FCM"
1912,0.500860841347608,0.470186444683842,"LE2-1281.013","FCM"
1913,0.51463925813072,-0.0290899083991341,"LE2-1281.013","FCM"
1914,0.71327301023769,0.495691113550408,"LE2-1281.013","FCM"
1915,-0.0264401702840991,-0.347178691991598,"LE2-1281.013","FCM"
1916,0.59314417227735,0.516145331222563,"LE2-1281.013","FCM"
1917,-0.422050819405454,-0.380928089487914,"LE2-1281.013","FCM"
1918,-0.213290892809219,-0.0512485190708,"LE2-1281.013","FCM"
1919,-0.825144753444416,-0.488231422798959,"LE2-1281.013","FCM"
1920,-0.533686043051802,-0.59567416857116,"LE2-1281.013","FCM"
1921,-0.727058183893519,-0.979389666221545,"LE2-1281.013","FCM"
1922,-0.118459322264517,-0.422609395466456,"LE2-1281.013","FCM"
1923,0.719451014315069,0.231938910752035,"LE2-1281.013","FCM"
1924,-0.0756528932308052,-0.276284324849709,"LE2-1281.013","FCM"
1925,-0.274737409757192,-0.176549430092005,"LE2-1281.013","FCM"
1926,-0.184155069103181,-0.217552312607524,"LE2-1281.013","FCM"
1927,0.0752860780872181,0.0681562617104385,"LE2-1281.013","FCM"
1928,-0.56463017983612,-0.426122438289547,"LE2-1281.013","FCM"
1929,-0.882870279484164,-0.898083148552009,"LE2-1281.013","FCM"
1930,-0.502577068462588,-0.0860627869787079,"LE2-1281.013","FCM"
1931,-0.862121365879306,-1.26514167980508,"LE2-1281.013","FCM"
1932,-0.584109159722507,-0.290581189197761,"LE2-1281.013","FCM"
1933,-0.509434558880706,0.294337640610421,"LE2-1281.013","FCM"
1934,0.413622549070497,-0.105297734385826,"LE2-1281.013","FCM"
1935,-0.385283502919513,-0.599657651525403,"LE2-1281.013","FCM"
1936,-0.413729163567204,-0.892280000757694,"LE2-1281.013","FCM"
1937,-0.245316019721713,-0.546875883417536,"LE2-1281.013","FCM"
1938,0.415839869561319,-0.0208551720923129,"LE2-1281.013","FCM"
1939,-0.0982410508381742,-0.498380342993847,"LE2-1281.013","FCM"
1940,-0.900143852907208,-0.842117877546512,"LE2-1281.013","FCM"
1941,0.0257018471863426,-0.460930093323484,"LE2-1281.013","FCM"
1942,0.0273655187687185,-0.418495578663197,"LE2-1281.013","FCM"
1943,0.327592017766738,0.223351620213961,"LE2-1281.013","FCM"
1944,0.215997031679019,0.279035813597713,"LE2-1281.013","FCM"
1945,0.810933585005248,1.17688512227846,"LE2-1281.013","FCM"
1946,0.603978695515895,0.518642431317409,"LE2-1281.013","FCM"
1947,0.497142316225409,0.400718425314007,"LE2-1281.013","FCM"
1948,0.108078075998452,0.185915585988451,"LE2-1281.013","FCM"
1949,0.894922529550276,0.10682580253229,"LE2-1281.013","FCM"
1950,0.133357501100989,-0.106167881121203,"LE2-1281.013","FCM"
1951,0.889328273830008,0.317460535818287,"LE2-1281.013","FCM"
1952,0.468768914463545,0.175027257052599,"LE2-1281.013","FCM"
1953,0.241380124014949,-0.0368645821414759,"LE2-1281.013","FCM"
1954,0.241178674097979,-0.0441849889237412,"LE2-1281.013","FCM"
1955,-0.804966108282902,-0.5511095126247,"LE2-1281.013","FCM"
1956,-0.0775711745509458,-0.235216484698823,"LE2-1281.013","FCM"
1957,0.107252999792597,-0.371605538580203,"LE2-1281.013","FCM"
1958,-0.434739728428739,-0.684390856801572,"LE2-1281.013","FCM"
1959,-0.390416524248734,-0.183119501624539,"LE2-1281.013","FCM"
1960,0.254088367334821,0.924800477607803,"LE2-1281.013","FCM"
1961,-0.000270660454173875,0.314082352572288,"LE2-1281.013","FCM"
1962,0.0118725248667945,0.0257541893864316,"LE2-1281.013","FCM"
1963,0.567022954113563,0.299430290776835,"LE2-1281.013","FCM"
1964,0.635623149921,0.701691134477844,"LE2-1281.013","FCM"
1965,0.00660844433877863,0.445804420289159,"LE2-1281.013","FCM"
1966,-0.460434630264687,-0.223837319892921,"LE2-1281.013","FCM"
1967,-0.60548386614066,-0.0820846601417674,"LE2-1281.013","FCM"
1968,-0.40390016153201,0.187762701882285,"LE2-1281.013","FCM"
1969,-0.419157001234478,-0.587045519970264,"LE2-1281.013","FCM"
1970,0.510258329620318,0.277543597143981,"LE2-1281.013","FCM"
1971,0.0780235379071891,-0.349000657289344,"LE2-1281.013","FCM"
1972,-0.279605616208079,-0.145160961025535,"LE2-1281.013","FCM"
1973,-0.190377905401014,-0.103349384854305,"LE2-1281.013","FCM"
1974,0.0370240344499012,-0.194052089920633,"LE2-1281.013","FCM"
1975,0.695868706920418,0.450620403380028,"LE2-1281.013","FCM"
1976,1.07535425973089,0.0928283190793838,"LE2-1281.013","FCM"
1977,0.572178624694515,-0.0746602188114706,"LE2-1281.013","FCM"
1978,-0.38497006304372,-0.527113602186118,"LE2-1281.013","FCM"
1979,-0.468302585606114,-0.826886262395107,"LE2-1281.013","FCM"
1980,-0.0130429486471117,-0.703791265540748,"LE2-1281.013","FCM"
1981,-1.02020009781638,-1.18446781844549,"LE2-1281.013","FCM"
1982,-1.82283938913857,-1.67329915563182,"LE2-1281.013","FCM"
1983,-1.2471542215978,-1.44206474126367,"LE2-1281.013","FCM"
1984,-0.647864818716363,-0.740161914462667,"LE2-1281.013","FCM"
1985,-0.527045882745742,-0.293182723671582,"LE2-1281.013","FCM"
1986,-1.01765739650989,-0.435249937957318,"LE2-1281.013","FCM"
1987,-0.481296302048748,-0.476926526224866,"LE2-1281.013","FCM"
1988,-0.147634641654694,-0.364317838511512,"LE2-1281.013","FCM"
1989,0.0306293904229901,0.0989605114332729,"LE2-1281.013","FCM"
1990,-0.224271214205285,-0.142232589191404,"LE2-1281.013","FCM"
1991,-0.764445799082818,-0.496701864165799,"LE2-1281.013","FCM"
1992,0.201570557307794,-0.0903818904786202,"LE2-1281.013","FCM"
1993,-0.359045329525421,-0.873896638355167,"LE2-1281.013","FCM"
1994,-0.0263615177525816,-0.2996483973218,"LE2-1281.013","FCM"
1995,0.051031369052438,-0.361693072390447,"LE2-1281.013","FCM"
1996,0.64341144835466,0.88261369304008,"LE2-1281.013","FCM"
1997,-0.158712919134561,-0.310529330969601,"LE2-1281.013","FCM"
1998,-1.14536597575516,-0.933574193121937,"LE2-1281.013","FCM"
1999,-0.881853932760854,-0.863340586074889,"LE2-1281.013","FCM"
2000,-0.314905808950756,-0.134340957190462,"LE2-1281.013","FCM"
2001,-0.215271659091995,0.518150095789955,"LE2-1281.013","FCM"
2002,0.798281382077002,0.884478283916716,"LE2-1281.013","FCM"
2003,1.05006882187771,0.961051636718541,"LE2-1281.013","FCM"
2004,0.519728018069879,1.05153607155584,"LE2-1281.013","FCM"
2005,-0.621735986599184,0.109872718157892,"LE2-1281.013","FCM"
2006,0.216069430400907,1.85938791755725,"LE2-1281.013","FCM"
2007,1.02949273669213,1.18889024659104,"LE2-1281.013","FCM"
2008,0.944961638922156,1.11675469617785,"LE2-1281.013","FCM"
2009,0.777218234500598,0.534676312041531,"LE2-1281.013","FCM"
2010,0.850988217587668,1.11401790434493,"LE2-1281.013","FCM"
2011,0.729859823340236,0.718743242568983,"LE2-1281.013","FCM"
2012,1.02971197063504,1.25866693375312,"LE2-1281.013","FCM"
2013,1.1041405728023,1.50486537417647,"LE2-1281.013","FCM"
2014,1.14066049191404,1.43806084302015,"LE2-1281.013","FCM"
1851,-0.562921395771257,-0.718584849158228,"LE2-1281.014","FCM"
1852,-1.28855862052237,-1.12937438560388,"LE2-1281.014","FCM"
1853,-1.12324022792053,-0.999105501233855,"LE2-1281.014","FCM"
1854,-1.01544651739007,-0.479789616644342,"LE2-1281.014","FCM"
1855,-0.780443451278918,0.0514195903905883,"LE2-1281.014","FCM"
1856,-1.29548795334313,-0.17178181604145,"LE2-1281.014","FCM"
1857,-0.641506964968195,-0.262594550906071,"LE2-1281.014","FCM"
1858,0.509583203657674,0.720030434878763,"LE2-1281.014","FCM"
1859,0.8835034776015,0.831706182258589,"LE2-1281.014","FCM"
1860,0.846362725504673,0.0988270548440924,"LE2-1281.014","FCM"
1861,0.505402179023285,0.172487463578637,"LE2-1281.014","FCM"
1862,0.0595427950703327,0.0848435776209603,"LE2-1281.014","FCM"
1863,0.558928495176236,0.29671208547485,"LE2-1281.014","FCM"
1864,0.864782012034034,1.35486794615739,"LE2-1281.014","FCM"
1865,0.532369005203084,0.137577553597939,"LE2-1281.014","FCM"
1866,0.202844269732342,0.332784272173013,"LE2-1281.014","FCM"
1867,-0.473495829772551,-0.051363955293236,"LE2-1281.014","FCM"
1868,-0.249904066357827,-0.218214881982075,"LE2-1281.014","FCM"
1869,-0.607206754500968,-0.40841262083667,"LE2-1281.014","FCM"
1870,-1.05413116427705,-1.15399934703,"LE2-1281.014","FCM"
1871,-0.435671125853779,-0.883413843317718,"LE2-1281.014","FCM"
1872,0.0694544576837553,-0.338719029285575,"LE2-1281.014","FCM"
1873,0.36639498359948,-0.0031346189510426,"LE2-1281.014","FCM"
1874,0.666964722490906,0.908008818640223,"LE2-1281.014","FCM"
1875,-0.0732234914781539,0.748498977266024,"LE2-1281.014","FCM"
1876,0.591031996135295,0.108820468958695,"LE2-1281.014","FCM"
1877,-0.3548539588091,-0.0692966588880093,"LE2-1281.014","FCM"
1878,-0.576417688645797,-0.277319017335167,"LE2-1281.014","FCM"
1879,-0.538851923280738,-0.365063573261723,"LE2-1281.014","FCM"
1880,-0.19930849584997,-0.390333989736752,"LE2-1281.014","FCM"
1881,-0.804713604341653,-0.845108561870643,"LE2-1281.014","FCM"
1882,-0.269847744079651,-0.140293703602265,"LE2-1281.014","FCM"
1883,-0.0255801702986327,0.16400313718335,"LE2-1281.014","FCM"
1884,-0.399976129536021,-0.471774109719938,"LE2-1281.014","FCM"
1885,-0.430475712607485,-0.702933927382231,"LE2-1281.014","FCM"
1886,-0.75851248512088,-0.57354069641943,"LE2-1281.014","FCM"
1887,-0.647689366127522,-0.539535713828246,"LE2-1281.014","FCM"
1888,-0.746044663646856,-0.353920526675803,"LE2-1281.014","FCM"
1889,-0.223438446687838,0.437484593020343,"LE2-1281.014","FCM"
1890,0.656591813492692,0.662781265921392,"LE2-1281.014","FCM"
1891,-0.102265901120039,-0.435890756305386,"LE2-1281.014","FCM"
1892,0.494062019063437,0.379985378583747,"LE2-1281.014","FCM"
1893,0.432364573919116,0.359283228438643,"LE2-1281.014","FCM"
1894,0.378010517664772,0.44525668405495,"LE2-1281.014","FCM"
1895,0.499873319103041,0.892647221889915,"LE2-1281.014","FCM"
1896,0.774854184914936,0.677765722870919,"LE2-1281.014","FCM"
1897,1.22753126414064,1.21981758203106,"LE2-1281.014","FCM"
1898,0.857050592782729,1.59829095994504,"LE2-1281.014","FCM"
1899,0.359532010406243,0.422485024931787,"LE2-1281.014","FCM"
1900,0.987460239819739,0.659145233920805,"LE2-1281.014","FCM"
1901,0.447233270061721,-0.101189041328735,"LE2-1281.014","FCM"
1902,-0.0208811170879243,-0.223730914912677,"LE2-1281.014","FCM"
1903,0.440568613411919,0.326436826581605,"LE2-1281.014","FCM"
1904,0.41619733220592,0.0754563123006045,"LE2-1281.014","FCM"
1905,-0.519774814500344,-0.08886353876799,"LE2-1281.014","FCM"
1906,-0.66781869978587,-0.333197704334269,"LE2-1281.014","FCM"
1907,0.242849607833684,0.110881668806342,"LE2-1281.014","FCM"
1908,-0.171259479302801,0.205472844171185,"LE2-1281.014","FCM"
1909,-0.737468202851129,-0.19053734746904,"LE2-1281.014","FCM"
1910,-0.157692024689478,-0.650135754004753,"LE2-1281.014","FCM"
1911,0.807754994362182,0.21514460496824,"LE2-1281.014","FCM"
1912,1.28802414628382,1.30871705899705,"LE2-1281.014","FCM"
1913,1.02537457180326,0.440201275177656,"LE2-1281.014","FCM"
1914,0.710145318225998,-0.00852101966308943,"LE2-1281.014","FCM"
1915,0.0855039049166473,-0.391712761829646,"LE2-1281.014","FCM"
1916,0.652346472888198,0.0104080221266851,"LE2-1281.014","FCM"
1917,0.767153990039133,0.157895150655436,"LE2-1281.014","FCM"
1918,0.156661234301009,-0.250396243118628,"LE2-1281.014","FCM"
1919,-0.0907352040493277,-0.353315937005188,"LE2-1281.014","FCM"
1920,-0.134524265346786,-0.377366952620331,"LE2-1281.014","FCM"
1921,-1.48377661733359,-1.29094235550688,"LE2-1281.014","FCM"
1922,-1.47744560068107,-1.42441581810796,"LE2-1281.014","FCM"
1923,-0.872207469210899,-1.22880054455006,"LE2-1281.014","FCM"
1924,-0.699790255944194,-0.353904651676721,"LE2-1281.014","FCM"
1925,-0.695284875799352,-0.805666350807005,"LE2-1281.014","FCM"
1926,0.128147085760811,0.0627347774749817,"LE2-1281.014","FCM"
1927,0.554550428021139,0.31349928490382,"LE2-1281.014","FCM"
1928,0.352141620271483,-0.222460977672291,"LE2-1281.014","FCM"
1929,0.144797097719016,0.177313677691759,"LE2-1281.014","FCM"
1930,-0.188034042393924,0.487284628547821,"LE2-1281.014","FCM"
1931,-0.0591325767791059,0.592517350517033,"LE2-1281.014","FCM"
1932,0.349046855830146,-0.381993110405037,"LE2-1281.014","FCM"
1933,-0.200724830523268,-0.572367493986642,"LE2-1281.014","FCM"
1934,-0.580797326006118,-0.75185963360874,"LE2-1281.014","FCM"
1935,-0.547711234453416,-0.761200332937797,"LE2-1281.014","FCM"
1936,0.343595112620439,0.218731438985067,"LE2-1281.014","FCM"
1937,0.855661950084242,-0.306841941906583,"LE2-1281.014","FCM"
1938,0.465015771350701,-0.328613158133543,"LE2-1281.014","FCM"
1939,-0.494418780870922,-0.154464233161386,"LE2-1281.014","FCM"
1940,0.449041830374081,0.472100670567136,"LE2-1281.014","FCM"
1941,-0.727447360050285,-0.719403024721449,"LE2-1281.014","FCM"
1942,-0.913375455182482,-0.764275156896476,"LE2-1281.014","FCM"
1943,-0.690994560022632,-0.739506187304958,"LE2-1281.014","FCM"
1944,0.0400830660097679,-0.201083223509452,"LE2-1281.014","FCM"
1945,0.0430595651036515,0.257814598577645,"LE2-1281.014","FCM"
1946,-0.0331873982131794,0.32995642312466,"LE2-1281.014","FCM"
1947,0.291076272038423,0.754424273468768,"LE2-1281.014","FCM"
1948,0.20046229858016,0.0147355556670676,"LE2-1281.014","FCM"
1949,0.681344171121632,0.93205502778472,"LE2-1281.014","FCM"
1950,0.940599108484423,0.509725540281185,"LE2-1281.014","FCM"
1951,0.386394549918672,0.42141883245554,"LE2-1281.014","FCM"
1952,0.498344306534546,0.439560812657046,"LE2-1281.014","FCM"
1953,0.181853669432535,0.118600491697739,"LE2-1281.014","FCM"
1954,0.0656018528598492,0.181703478249265,"LE2-1281.014","FCM"
1955,-0.344407550620675,-0.249849499430208,"LE2-1281.014","FCM"
1956,-0.0774987485982359,0.490126191668322,"LE2-1281.014","FCM"
1957,0.172158188051784,0.169603133297187,"LE2-1281.014","FCM"
1958,0.679328789473446,0.61529733028304,"LE2-1281.014","FCM"
1959,-0.079191587093476,-0.125331021777142,"LE2-1281.014","FCM"
1960,-0.764882011800933,-0.30367206755692,"LE2-1281.014","FCM"
1961,0.257256323446239,0.138860141304657,"LE2-1281.014","FCM"
1962,-0.391987651089046,-0.7807415689481,"LE2-1281.014","FCM"
1963,-1.14976848250988,-0.878093382956418,"LE2-1281.014","FCM"
1964,-0.675061360464412,-1.16295442893116,"LE2-1281.014","FCM"
1965,-0.539487782076281,-0.602759912535592,"LE2-1281.014","FCM"
1966,-1.0343796023399,-0.533083156005406,"LE2-1281.014","FCM"
1967,-1.04727810569032,-0.551863819754677,"LE2-1281.014","FCM"
1968,-1.11219475174459,-1.00599490940279,"LE2-1281.014","FCM"
1969,-0.860620062240298,-0.938397134069452,"LE2-1281.014","FCM"
1970,-0.435879602828886,-0.0174175388064072,"LE2-1281.014","FCM"
1971,0.463537557895628,0.943618551633785,"LE2-1281.014","FCM"
1972,1.03043110102522,0.882241118790428,"LE2-1281.014","FCM"
1973,-0.291874405504271,-0.44570280499655,"LE2-1281.014","FCM"
1974,0.388847692681318,-0.270880003032698,"LE2-1281.014","FCM"
1975,0.0744070081677668,-0.323932173164436,"LE2-1281.014","FCM"
1976,-0.0640358334589228,0.158734913394141,"LE2-1281.014","FCM"
1977,-0.294243795528831,-0.237443835157776,"LE2-1281.014","FCM"
1978,-0.0775271765882395,0.108005252066939,"LE2-1281.014","FCM"
1979,-0.305102842279117,-0.583095034088025,"LE2-1281.014","FCM"
1980,-0.649989243115964,-0.492445350901992,"LE2-1281.014","FCM"
1981,-0.519849612526446,-0.758061399684431,"LE2-1281.014","FCM"
1982,-0.46587142229695,-0.670339180036007,"LE2-1281.014","FCM"
1983,-0.767271663641543,-1.15540873327798,"LE2-1281.014","FCM"
1984,-1.61294010019097,-1.28622046226066,"LE2-1281.014","FCM"
1985,-0.33135547078391,-0.909969707392958,"LE2-1281.014","FCM"
1986,-0.441267553927152,-0.755458375694653,"LE2-1281.014","FCM"
1987,-0.251610976783314,0.24746897825637,"LE2-1281.014","FCM"
1988,-0.00455398222508643,0.035412911056861,"LE2-1281.014","FCM"
1989,0.370919229614146,0.352148668170356,"LE2-1281.014","FCM"
1990,-0.138758257790373,-0.240262454300004,"LE2-1281.014","FCM"
1991,0.533600509825872,0.37872595775588,"LE2-1281.014","FCM"
1992,-0.429801392938416,-0.530872237409498,"LE2-1281.014","FCM"
1993,-0.942461380538779,-1.25585809711275,"LE2-1281.014","FCM"
1994,-0.409447458798293,0.342963722213632,"LE2-1281.014","FCM"
1995,0.399605977484011,0.305036449148547,"LE2-1281.014","FCM"
1996,0.259898675058235,0.00252713454391756,"LE2-1281.014","FCM"
1997,0.334768713879718,0.523680142386425,"LE2-1281.014","FCM"
1998,0.575315121983271,0.631765250424482,"LE2-1281.014","FCM"
1999,0.817130027122438,0.689199715310422,"LE2-1281.014","FCM"
2000,0.0544329265690617,-0.0963454534309059,"LE2-1281.014","FCM"
2001,0.698678185126144,0.669262749400236,"LE2-1281.014","FCM"
2002,0.808504439441696,0.853276398854388,"LE2-1281.014","FCM"
2003,0.591175764824652,0.534891451518638,"LE2-1281.014","FCM"
2004,-0.177269273367891,0.0907200676833997,"LE2-1281.014","FCM"
2005,0.295707254430983,0.229381091971019,"LE2-1281.014","FCM"
2006,0.470148259513887,0.284173632241414,"LE2-1281.014","FCM"
2007,-0.188377064032671,0.178794970426462,"LE2-1281.014","FCM"
2008,-0.13191003798899,0.048177967419166,"LE2-1281.014","FCM"
2009,-0.931923986226538,-1.15627146271732,"LE2-1281.014","FCM"
2010,-0.413129317127777,-0.568277798845103,"LE2-1281.014","FCM"
2011,-0.00630532783468137,0.358391247457221,"LE2-1281.014","FCM"
2012,0.231093953186132,1.11425847992697,"LE2-1281.014","FCM"
2013,1.39064676782758,1.79390559854735,"LE2-1281.014","FCM"
2014,1.1511675333171,1.48932238363149,"LE2-1281.014","FCM"
1851,-0.760483925772851,-0.681781836549817,"LE2-1281.015","FCM"
1852,-0.269717235215493,0.359752904402155,"LE2-1281.015","FCM"
1853,-0.989678755949238,-0.48090671451286,"LE2-1281.015","FCM"
1854,-0.226886309642118,0.115820556503091,"LE2-1281.015","FCM"
1855,0.240859610030048,0.593849944247808,"LE2-1281.015","FCM"
1856,0.324569948205794,0.50945612498355,"LE2-1281.015","FCM"
1857,-0.100065316411387,0.0387304352348497,"LE2-1281.015","FCM"
1858,-0.162284272811118,0.175797080453269,"LE2-1281.015","FCM"
1859,0.512765640352634,0.165065508265215,"LE2-1281.015","FCM"
1860,0.0413530064529974,-0.367591723945574,"LE2-1281.015","FCM"
1861,-0.109899303519492,-0.341742682114825,"LE2-1281.015","FCM"
1862,-0.866024182177713,-0.847857552826153,"LE2-1281.015","FCM"
1863,-1.19257356275674,-0.812313721499839,"LE2-1281.015","FCM"
1864,-0.172436212667927,-0.532034797160018,"LE2-1281.015","FCM"
1865,-1.02575943643546,-1.36112815726944,"LE2-1281.015","FCM"
1866,-0.664868876957236,-1.00230909696981,"LE2-1281.015","FCM"
1867,-0.383053015304513,0.125649986363683,"LE2-1281.015","FCM"
1868,0.0868818239397924,0.355173053721297,"LE2-1281.015","FCM"
1869,0.11533926567749,-0.123291701556461,"LE2-1281.015","FCM"
1870,0.262828457869375,0.260105020226272,"LE2-1281.015","FCM"
1871,-0.0226795380996365,0.0932753390844416,"LE2-1281.015","FCM"
1872,0.756012623566644,0.322247752068478,"LE2-1281.015","FCM"
1873,0.878702495962073,0.933139258432815,"LE2-1281.015","FCM"
1874,0.529288046620326,0.93095011194219,"LE2-1281.015","FCM"
1875,0.398931318747514,1.08000993391864,"LE2-1281.015","FCM"
1876,0.172198048437374,0.0208479410999797,"LE2-1281.015","FCM"
1877,0.767226121785208,1.21613923786812,"LE2-1281.015","FCM"
1878,1.06732957401465,0.91670444442344,"LE2-1281.015","FCM"
1879,1.37402913724812,0.958395802658273,"LE2-1281.015","FCM"
1880,0.499091784378843,-0.0721053076985456,"LE2-1281.015","FCM"
1881,-0.196207365328262,-0.500569994932856,"LE2-1281.015","FCM"
1882,-0.437845698196485,-0.574517238950674,"LE2-1281.015","FCM"
1883,0.0490450784835847,0.0852070747620667,"LE2-1281.015","FCM"
1884,-0.442040502164488,-0.661856089804867,"LE2-1281.015","FCM"
1885,-0.552685884896042,-0.501506754655534,"LE2-1281.015","FCM"
1886,-0.281280777526014,-0.248141194698703,"LE2-1281.015","FCM"
1887,-0.420796552997214,-0.015179041167,"LE2-1281.015","FCM"
1888,0.629376719595042,1.24059343790012,"LE2-1281.015","FCM"
1889,-0.0527995506808365,0.167255976600889,"LE2-1281.015","FCM"
1890,0.583122079719891,0.706850305989882,"LE2-1281.015","FCM"
1891,0.908816085991076,0.818742325861367,"LE2-1281.015","FCM"
1892,0.168381608557661,-0.0781774904172296,"LE2-1281.015","FCM"
1893,1.05058901206278,0.850410370621811,"LE2-1281.015","FCM"
1894,0.444130656521385,0.381401916161389,"LE2-1281.015","FCM"
1895,-0.326908551769741,0.138038234852579,"LE2-1281.015","FCM"
1896,0.3957005928389,1.06735837820045,"LE2-1281.015","FCM"
1897,0.227701502627937,-0.0586033078207717,"LE2-1281.015","FCM"
1898,-0.138268394873354,0.276235629214582,"LE2-1281.015","FCM"
1899,-0.50454753162114,-0.2936384607223,"LE2-1281.015","FCM"
1900,-0.452711423534632,-0.233037942970775,"LE2-1281.015","FCM"
1901,-0.420194402551203,0.00624492883373866,"LE2-1281.015","FCM"
1902,-0.352721610053233,-0.134619219831851,"LE2-1281.015","FCM"
1903,-0.601211288580128,-0.587614076417424,"LE2-1281.015","FCM"
1904,-0.425984653690863,-0.511078332954575,"LE2-1281.015","FCM"
1905,-0.578712062602224,-0.868086729663344,"LE2-1281.015","FCM"
1906,-1.65423099627712,-1.61654617344174,"LE2-1281.015","FCM"
1907,-1.26211340335282,-1.27814290859539,"LE2-1281.015","FCM"
1908,0.311734070199198,-0.169485885543234,"LE2-1281.015","FCM"
1909,-0.129913224678503,0.216905690932792,"LE2-1281.015","FCM"
1910,0.101016104866001,-0.214348313910721,"LE2-1281.015","FCM"
1911,0.306595309355902,-0.0960456043593745,"LE2-1281.015","FCM"
1912,-0.296651004227893,-0.692870663255581,"LE2-1281.015","FCM"
1913,-0.926810007242335,-0.832141329520959,"LE2-1281.015","FCM"
1914,-0.481844071820385,-0.447315598201907,"LE2-1281.015","FCM"
1915,0.0408665402355205,-0.171270966104079,"LE2-1281.015","FCM"
1916,0.198512795775081,-0.0718225174096251,"LE2-1281.015","FCM"
1917,0.268455354790883,0.208189626189939,"LE2-1281.015","FCM"
1918,-0.140095013738104,-0.405190343554717,"LE2-1281.015","FCM"
1919,-1.13568597838701,-1.08918386052182,"LE2-1281.015","FCM"
1920,-0.820359577749165,-0.920224638195912,"LE2-1281.015","FCM"
1921,-1.00154145821821,-0.889461559889867,"LE2-1281.015","FCM"
1922,-0.150918823444262,-0.226340011995143,"LE2-1281.015","FCM"
1923,-0.188421279982331,-0.212903618985321,"LE2-1281.015","FCM"
1924,0.881567918268969,0.64436839715969,"LE2-1281.015","FCM"
1925,1.29376671048267,1.23883068583179,"LE2-1281.015","FCM"
1926,0.953399400574013,1.11264195339438,"LE2-1281.015","FCM"
1927,1.24069098529754,0.982348755308461,"LE2-1281.015","FCM"
1928,0.988367611809991,0.416656784354656,"LE2-1281.015","FCM"
1929,0.0646625497280808,-0.137172477089506,"LE2-1281.015","FCM"
1930,-0.418581482654862,-0.534199797112641,"LE2-1281.015","FCM"
1931,0.0475566461138943,0.566030524878091,"LE2-1281.015","FCM"
1932,0.724517716902168,0.721890336792211,"LE2-1281.015","FCM"
1933,0.167328302843274,0.0807781219274227,"LE2-1281.015","FCM"
1934,-0.0901531910680774,-0.0362047529311488,"LE2-1281.015","FCM"
1935,-0.302936408936453,-0.278080935728203,"LE2-1281.015","FCM"
1936,-0.366911822473934,-0.324483946808252,"LE2-1281.015","FCM"
1937,-0.120851836475964,-0.166115939263488,"LE2-1281.015","FCM"
1938,0.772009179696068,0.410643434118482,"LE2-1281.015","FCM"
1939,0.424157752622374,-0.429498068068943,"LE2-1281.015","FCM"
1940,0.0582562203433014,-0.750520822794158,"LE2-1281.015","FCM"
1941,0.900962285325042,0.506442382038591,"LE2-1281.015","FCM"
1942,0.125014192961408,0.698577946050222,"LE2-1281.015","FCM"
1943,-0.435725175336443,0.313130273689692,"LE2-1281.015","FCM"
1944,0.636063435725327,0.342687024749977,"LE2-1281.015","FCM"
1945,0.323657148787713,0.287296415739199,"LE2-1281.015","FCM"
1946,-0.634958950693419,0.106457905978149,"LE2-1281.015","FCM"
1947,-0.959623314701725,0.412709630724898,"LE2-1281.015","FCM"
1948,-0.154529721681737,0.344811640865532,"LE2-1281.015","FCM"
1949,0.368114443327742,0.419505171293365,"LE2-1281.015","FCM"
1950,-0.0636368516974522,-0.0468014390509896,"LE2-1281.015","FCM"
1951,-0.201039115881541,-0.178838986375916,"LE2-1281.015","FCM"
1952,-0.243913710833853,-0.240583686463782,"LE2-1281.015","FCM"
1953,-0.436260849914777,-0.77403262482913,"LE2-1281.015","FCM"
1954,-0.403748262025851,-0.238290760419243,"LE2-1281.015","FCM"
1955,-0.647305821446664,-0.075908521121204,"LE2-1281.015","FCM"
1956,-0.0453157984608294,-0.281665007791755,"LE2-1281.015","FCM"
1957,0.451167284125212,0.182329109461098,"LE2-1281.015","FCM"
1958,-0.118543445671711,-0.257544832062708,"LE2-1281.015","FCM"
1959,-0.399764876057332,-0.042482924110789,"LE2-1281.015","FCM"
1960,0.817145908415407,0.331656845343786,"LE2-1281.015","FCM"
1961,-0.87300765298986,-0.205317465280516,"LE2-1281.015","FCM"
1962,-0.487595826716306,0.00760828826143106,"LE2-1281.015","FCM"
1963,-0.134886459298274,0.347094089435645,"LE2-1281.015","FCM"
1964,-0.114068864195918,-0.0754683589725645,"LE2-1281.015","FCM"
1965,-0.11587919129893,0.484878654199932,"LE2-1281.015","FCM"
1966,0.103272570036277,-0.0590250983880336,"LE2-1281.015","FCM"
1967,0.463950765033508,0.266525925620245,"LE2-1281.015","FCM"
1968,0.43253919459774,0.463557464521433,"LE2-1281.015","FCM"
1969,-0.283974360184499,0.158016875292899,"LE2-1281.015","FCM"
1970,-0.0710185320296606,0.0259000590258827,"LE2-1281.015","FCM"
1971,-0.321341144333337,-0.378710467391953,"LE2-1281.015","FCM"
1972,0.416833496064545,0.10741921981232,"LE2-1281.015","FCM"
1973,-0.25248152764361,-0.713778843618533,"LE2-1281.015","FCM"
1974,-0.319616689413089,-1.06678043020512,"LE2-1281.015","FCM"
1975,-0.45625708981322,-0.319326075039685,"LE2-1281.015","FCM"
1976,-0.0761748586931435,0.190793873832345,"LE2-1281.015","FCM"
1977,-0.0390330868939036,0.292800146757252,"LE2-1281.015","FCM"
1978,0.646087238794469,0.198549649387989,"LE2-1281.015","FCM"
1979,0.851039106958348,0.81676617731194,"LE2-1281.015","FCM"
1980,0.408929040558449,-0.196124344586622,"LE2-1281.015","FCM"
1981,0.162935708058631,-0.273752307465015,"LE2-1281.015","FCM"
1982,-0.449543901886737,-0.432620397256387,"LE2-1281.015","FCM"
1983,0.483840247214623,0.711181727274378,"LE2-1281.015","FCM"
1984,0.0213086366550828,0.24124884182893,"LE2-1281.015","FCM"
1985,-0.114238555549321,-0.0918328259734427,"LE2-1281.015","FCM"
1986,0.275156985006518,0.711983218709276,"LE2-1281.015","FCM"
1987,0.324661693947061,0.205689611647429,"LE2-1281.015","FCM"
1988,-0.601137773257387,-0.291997794017738,"LE2-1281.015","FCM"
1989,-0.858154256291323,-0.804417395924143,"LE2-1281.015","FCM"
1990,-0.903345197009494,-0.470589677231974,"LE2-1281.015","FCM"
1991,-0.223946508651,-0.556081996972718,"LE2-1281.015","FCM"
1992,0.493269144292084,0.0783056587962043,"LE2-1281.015","FCM"
1993,0.390889614503611,0.776830595923217,"LE2-1281.015","FCM"
1994,0.449109914985197,0.310417596196889,"LE2-1281.015","FCM"
1995,-0.0936394569374383,0.302061003675862,"LE2-1281.015","FCM"
1996,-0.490493109006032,-0.312082955118991,"LE2-1281.015","FCM"
1997,-0.974888376352981,-1.17431625273258,"LE2-1281.015","FCM"
1998,-0.192303070634044,-0.47552041491054,"LE2-1281.015","FCM"
1999,-0.12402420989901,-0.211901884716501,"LE2-1281.015","FCM"
2000,-0.743008677169277,-0.798590103025257,"LE2-1281.015","FCM"
2001,-0.994465637797267,-0.823527815155467,"LE2-1281.015","FCM"
2002,-0.876457430014473,0.0493376921029087,"LE2-1281.015","FCM"
2003,-0.367474605970882,0.29788799599093,"LE2-1281.015","FCM"
2004,-0.01262984796858,0.278596457165841,"LE2-1281.015","FCM"
2005,0.300420712507848,0.220995769992223,"LE2-1281.015","FCM"
2006,-0.585402796203289,-0.475503910538273,"LE2-1281.015","FCM"
2007,-0.693710422997872,-0.544182022301074,"LE2-1281.015","FCM"
2008,-0.201707449859464,-0.471134110184082,"LE2-1281.015","FCM"
2009,0.833450055708438,0.594045520753686,"LE2-1281.015","FCM"
2010,1.06345076284255,1.09690596608617,"LE2-1281.015","FCM"
2011,1.4068342226534,1.16014696751436,"LE2-1281.015","FCM"
2012,0.780923492463796,0.370345136870933,"LE2-1281.015","FCM"
2013,0.0629269137961665,0.186872689705568,"LE2-1281.015","FCM"
2014,0.593724886188924,1.2823070328848,"LE2-1281.015","FCM"
1851,-0.0681448894802676,0.644523851423027,"LE2-1281.016","FCM"
1852,0.551860927448016,1.07713333034786,"LE2-1281.016","FCM"
1853,0.018985370722444,-0.818133843081334,"LE2-1281.016","FCM"
1854,-0.257568689693054,-1.22539124875639,"LE2-1281.016","FCM"
1855,-0.868745652385087,-1.76978823489387,"LE2-1281.016","FCM"
1856,-0.0847768198922766,-1.04318964275041,"LE2-1281.016","FCM"
1857,0.310541079179896,-0.331401348984677,"LE2-1281.016","FCM"
1858,-0.170987732019963,-0.218424451424736,"LE2-1281.016","FCM"
1859,-0.878601723396223,-0.218304470922995,"LE2-1281.016","FCM"
1860,-0.293142000309847,0.435422367399235,"LE2-1281.016","FCM"
1861,-0.447451618940335,-0.394057451419882,"LE2-1281.016","FCM"
1862,-1.33627961316332,-0.7463240024646,"LE2-1281.016","FCM"
1863,-0.614461728294097,0.157884563151146,"LE2-1281.016","FCM"
1864,-0.755495748987737,0.265937444703983,"LE2-1281.016","FCM"
1865,-0.631132873134652,-0.657491258051569,"LE2-1281.016","FCM"
1866,-0.382898094380865,-0.35654800566374,"LE2-1281.016","FCM"
1867,-0.846017425985488,-0.463168393029485,"LE2-1281.016","FCM"
1868,-0.756794971982171,0.0991771184889793,"LE2-1281.016","FCM"
1869,-0.738865929186667,-0.528581579781255,"LE2-1281.016","FCM"
1870,-0.506194166354243,0.509262071728608,"LE2-1281.016","FCM"
1871,-0.0101069098224607,-0.167346742060001,"LE2-1281.016","FCM"
1872,0.38666079164896,-0.00456772125460192,"LE2-1281.016","FCM"
1873,0.654823093869537,0.338786318726819,"LE2-1281.016","FCM"
1874,-0.0374020107859037,-0.646744998658273,"LE2-1281.016","FCM"
1875,0.227015873961151,0.115654662250061,"LE2-1281.016","FCM"
1876,-0.217183487899172,-0.161498891320246,"LE2-1281.016","FCM"
1877,0.456184582137747,0.0220086218294544,"LE2-1281.016","FCM"
1878,0.51430779765853,0.185348989516723,"LE2-1281.016","FCM"
1879,-0.0905459567978505,0.307584411395323,"LE2-1281.016","FCM"
1880,-0.0228543741365803,-0.0226394761546266,"LE2-1281.016","FCM"
1881,0.386065242903127,0.331770887829414,"LE2-1281.016","FCM"
1882,0.795318933661441,0.661015398154592,"LE2-1281.016","FCM"
1883,0.749226105092024,0.723531685384079,"LE2-1281.016","FCM"
1884,0.698643620852625,1.24085243313724,"LE2-1281.016","FCM"
1885,0.363334248682603,-0.149906234246027,"LE2-1281.016","FCM"
1886,-0.49654819262627,-0.693223387271639,"LE2-1281.016","FCM"
1887,-0.225141316159524,-0.404437473140305,"LE2-1281.016","FCM"
1888,-0.0708781811152339,-0.24919185761731,"LE2-1281.016","FCM"
1889,0.00142867250760356,0.373214610730395,"LE2-1281.016","FCM"
1890,0.212680231472742,0.483193773115198,"LE2-1281.016","FCM"
1891,0.161460653330349,0.00155936637622157,"LE2-1281.016","FCM"
1892,0.0270308177916003,-0.0379531499528207,"LE2-1281.016","FCM"
1893,-0.0667491508182779,-0.13800531466843,"LE2-1281.016","FCM"
1894,-0.500791260496949,-0.27676766719053,"LE2-1281.016","FCM"
1895,-0.20144004940526,-0.422264528769773,"LE2-1281.016","FCM"
1896,-0.153922269212248,-0.578877541197408,"LE2-1281.016","FCM"
1897,0.0174732807291307,-0.344780799849846,"LE2-1281.016","FCM"
1898,-0.969611849381075,-0.157507549750627,"LE2-1281.016","FCM"
1899,0.473367154980663,-0.127458787698591,"LE2-1281.016","FCM"
1900,0.256814048546432,0.0321402088795353,"LE2-1281.016","FCM"
1901,0.0142704902543868,0.188584885721023,"LE2-1281.016","FCM"
1902,0.641649972868846,0.365205892694291,"LE2-1281.016","FCM"
1903,0.689581412888266,0.396129024131627,"LE2-1281.016","FCM"
1904,0.106810371212578,-0.549729055570776,"LE2-1281.016","FCM"
1905,-0.638742456371593,-0.579046563335255,"LE2-1281.016","FCM"
1906,-0.00185136961480488,-0.482942550198275,"LE2-1281.016","FCM"
1907,-0.42572208665568,-0.539914182758839,"LE2-1281.016","FCM"
1908,-0.476804643062753,-0.512242191791853,"LE2-1281.016","FCM"
1909,-1.52981612566728,-1.35991596753262,"LE2-1281.016","FCM"
1910,-1.12526753299334,-1.26797589043201,"LE2-1281.016","FCM"
1911,-0.559749396185815,-0.550287452499042,"LE2-1281.016","FCM"
1912,-0.165252132863859,-0.286136603086405,"LE2-1281.016","FCM"
1913,-0.347197299251503,-0.508710551180103,"LE2-1281.016","FCM"
1914,0.157931261551059,-0.739456763528068,"LE2-1281.016","FCM"
1915,-0.526040718058252,-1.10924460248874,"LE2-1281.016","FCM"
1916,-1.239101944754,-1.41539561953198,"LE2-1281.016","FCM"
1917,-0.795237370210885,-0.616447500024744,"LE2-1281.016","FCM"
1918,-0.280081455906669,-0.122229242058991,"LE2-1281.016","FCM"
1919,0.705307060531147,0.662856088054318,"LE2-1281.016","FCM"
1920,0.201871518186263,0.544101327312468,"LE2-1281.016","FCM"
1921,-0.0414963559470287,0.211546828140677,"LE2-1281.016","FCM"
1922,0.589528696017089,0.576135010095524,"LE2-1281.016","FCM"
1923,-0.131571151922644,-0.101317918563771,"LE2-1281.016","FCM"
1924,0.187386913066121,0.139560139992573,"LE2-1281.016","FCM"
1925,0.378214310070043,0.469749723597677,"LE2-1281.016","FCM"
1926,0.424858621246732,0.126086893327209,"LE2-1281.016","FCM"
1927,0.643079984444236,0.207159496109567,"LE2-1281.016","FCM"
1928,0.563340805949161,0.655123352869458,"LE2-1281.016","FCM"
1929,0.0504378430437537,0.483692418709956,"LE2-1281.016","FCM"
1930,0.3478731399407,0.852494751606265,"LE2-1281.016","FCM"
1931,0.478025508621388,0.0183682308846554,"LE2-1281.016","FCM"
1932,0.593287098944035,0.843463670386639,"LE2-1281.016","FCM"
1933,0.117548337991861,0.326531915376638,"LE2-1281.016","FCM"
1934,-0.0756665665806961,0.00536942207828224,"LE2-1281.016","FCM"
1935,0.112459425640386,-0.269500687983361,"LE2-1281.016","FCM"
1936,1.36837133977275,0.950223992750405,"LE2-1281.016","FCM"
1937,1.26568239196753,0.814871826020011,"LE2-1281.016","FCM"
1938,-0.0562704775710969,0.153096959715925,"LE2-1281.016","FCM"
1939,-0.0993049926212349,0.00838368726227688,"LE2-1281.016","FCM"
1940,0.323601708555853,-0.218174371636456,"LE2-1281.016","FCM"
1941,0.212965146611558,0.0195420584653573,"LE2-1281.016","FCM"
1942,0.529253964880955,-0.733699405878052,"LE2-1281.016","FCM"
1943,-0.0913200631167261,-0.535373883346375,"LE2-1281.016","FCM"
1944,-0.323068375224137,-0.645550446199349,"LE2-1281.016","FCM"
1945,-0.0525800809281651,-0.516803348975012,"LE2-1281.016","FCM"
1946,0.388969298694843,-0.0581724470707262,"LE2-1281.016","FCM"
1947,-0.341250444410444,-0.84078020525121,"LE2-1281.016","FCM"
1948,-0.717806056260318,-0.342977507288881,"LE2-1281.016","FCM"
1949,0.260850646744509,0.528869622050745,"LE2-1281.016","FCM"
1950,0.460522808606866,-0.110264910513761,"LE2-1281.016","FCM"
1951,0.564007801149654,0.046121105246168,"LE2-1281.016","FCM"
1952,0.198677426090569,-0.533699745285403,"LE2-1281.016","FCM"
1953,-0.403990136709527,-0.471981689802801,"LE2-1281.016","FCM"
1954,-0.744507250248265,-0.243640537100983,"LE2-1281.016","FCM"
1955,-0.451780193356998,0.000642188866672357,"LE2-1281.016","FCM"
1956,0.0054749579136505,0.29449805944727,"LE2-1281.016","FCM"
1957,-0.282140451696705,-0.618078961013779,"LE2-1281.016","FCM"
1958,-0.0782989872747695,-0.200509092534744,"LE2-1281.016","FCM"
1959,-0.940068583178594,-0.815812025029238,"LE2-1281.016","FCM"
1960,-0.351704665474577,-0.78499292474252,"LE2-1281.016","FCM"
1961,-0.103145623110426,-0.438821789952332,"LE2-1281.016","FCM"
1962,0.00426011453662764,-0.103265288398236,"LE2-1281.016","FCM"
1963,-0.19512428489294,-0.605625841573469,"LE2-1281.016","FCM"
1964,-0.507777192826736,-0.907686174670584,"LE2-1281.016","FCM"
1965,0.612204530561768,0.34858138898864,"LE2-1281.016","FCM"
1966,-0.300707100532717,-0.352012516911843,"LE2-1281.016","FCM"
1967,-1.10834755108507,-0.976056207692624,"LE2-1281.016","FCM"
1968,-1.09859425843983,-1.01093815209275,"LE2-1281.016","FCM"
1969,-0.872392401705398,-0.596298344206797,"LE2-1281.016","FCM"
1970,-0.622042633734566,-0.184498031708162,"LE2-1281.016","FCM"
1971,0.911935623415334,0.383426878474109,"LE2-1281.016","FCM"
1972,0.563943753363574,0.76745211459423,"LE2-1281.016","FCM"
1973,-0.0776160785133545,-0.317389239349642,"LE2-1281.016","FCM"
1974,0.0917559836263285,-0.132607047926074,"LE2-1281.016","FCM"
1975,0.122256785939884,-0.0681757139071814,"LE2-1281.016","FCM"
1976,0.670143280580761,0.389448500871526,"LE2-1281.016","FCM"
1977,0.767798170498775,0.610551096098399,"LE2-1281.016","FCM"
1978,-0.4834931032707,0.00598843368073374,"LE2-1281.016","FCM"
1979,-0.394945026857566,-0.427119589739414,"LE2-1281.016","FCM"
1980,0.225906528213895,-0.258645834445053,"LE2-1281.016","FCM"
1981,0.254260357969905,0.206212773215665,"LE2-1281.016","FCM"
1982,-0.521540108217709,-0.806949323314898,"LE2-1281.016","FCM"
1983,-0.993857897779961,-0.381691401903188,"LE2-1281.016","FCM"
1984,-0.817682055135976,-0.597916678866811,"LE2-1281.016","FCM"
1985,-0.88443495890866,-0.834386440248881,"LE2-1281.016","FCM"
1986,-0.497520197722326,-0.0640885527284277,"LE2-1281.016","FCM"
1987,-0.4207585046746,-0.33209725775905,"LE2-1281.016","FCM"
1988,-0.0286676167863443,-0.0248553834530462,"LE2-1281.016","FCM"
1989,0.0213729863800498,0.200977883337137,"LE2-1281.016","FCM"
1990,-0.303827602601611,-0.139384934129919,"LE2-1281.016","FCM"
1991,-0.0876215799274872,0.377131338230285,"LE2-1281.016","FCM"
1992,0.143758103819878,-0.561706701284562,"LE2-1281.016","FCM"
1993,-0.164439883690302,-0.285806675634195,"LE2-1281.016","FCM"
1994,-0.486481834801036,-0.382013319961969,"LE2-1281.016","FCM"
1995,-0.329319360917744,-0.03426408807714,"LE2-1281.016","FCM"
1996,0.287736654132083,0.787762464561521,"LE2-1281.016","FCM"
1997,-0.175778327957291,-0.380855444195039,"LE2-1281.016","FCM"
1998,-0.841449617690591,-0.512854697973564,"LE2-1281.016","FCM"
1999,-0.294545975947288,-0.00560849826408272,"LE2-1281.016","FCM"
2000,-0.0921674096445002,0.105330810720184,"LE2-1281.016","FCM"
2001,-0.731722522205572,0.00929136922975409,"LE2-1281.016","FCM"
2002,0.126685050893702,0.208771577093139,"LE2-1281.016","FCM"
2003,0.38361781747959,-0.0452695736316343,"LE2-1281.016","FCM"
2004,-0.179231479391181,0.239997744020743,"LE2-1281.016","FCM"
2005,-0.0423743884212655,0.670444638134325,"LE2-1281.016","FCM"
2006,-0.450882610136298,0.290287518410234,"LE2-1281.016","FCM"
2007,-0.359752488239953,0.0183896688601162,"LE2-1281.016","FCM"
2008,0.120508327095517,0.590957182852209,"LE2-1281.016","FCM"
2009,0.260395259857012,0.0991848563892976,"LE2-1281.016","FCM"
2010,0.413463062657771,0.685285681890585,"LE2-1281.016","FCM"
2011,0.791339587981569,0.873890168940419,"LE2-1281.016","FCM"
2012,-0.0803826071965689,-0.299756953290091,"LE2-1281.016","FCM"
2013,0.553896657543545,0.579995487822666,"LE2-1281.016","FCM"
2014,0.993341213356064,1.86383274865867,"LE2-1281.016","FCM"
1851,-0.213082221346256,-0.0994564905702208,"LE2-1281.017","FCM"
1852,0.227096285387889,0.565649744581953,"LE2-1281.017","FCM"
1853,0.435653783547309,0.0212508402022487,"LE2-1281.017","FCM"
1854,-0.017123012018371,-0.328357031401037,"LE2-1281.017","FCM"
1855,0.453312255826055,0.0721847593013219,"LE2-1281.017","FCM"
1856,-0.0105046438807422,-0.82099384460148,"LE2-1281.017","FCM"
1857,0.111004013045593,-0.172729372077834,"LE2-1281.017","FCM"
1858,0.187056723332884,0.0719478827302621,"LE2-1281.017","FCM"
1859,-0.547607742788799,-0.0522429737456176,"LE2-1281.017","FCM"
1860,-0.427454662112676,-0.453126889186863,"LE2-1281.017","FCM"
1861,-0.923713295517209,-0.855379325242884,"LE2-1281.017","FCM"
1862,0.177708325303236,0.154747369789885,"LE2-1281.017","FCM"
1863,1.3048947837648,0.930240343949494,"LE2-1281.017","FCM"
1864,0.165803197199783,-0.0288177447019615,"LE2-1281.017","FCM"
1865,-0.421876424474112,-0.164822150674137,"LE2-1281.017","FCM"
1866,-0.612038845591611,-0.189708017485436,"LE2-1281.017","FCM"
1867,-0.275871400363118,-0.146606280170791,"LE2-1281.017","FCM"
1868,-0.406409426673307,-0.353026174555297,"LE2-1281.017","FCM"
1869,-1.02543165923267,-0.980589813031428,"LE2-1281.017","FCM"
1870,-0.771878755843318,-0.427588872585262,"LE2-1281.017","FCM"
1871,-0.113450290324208,0.168695383191237,"LE2-1281.017","FCM"
1872,-0.380917997345577,0.114761328841243,"LE2-1281.017","FCM"
1873,-0.591082505149739,-0.650425304213444,"LE2-1281.017","FCM"
1874,-0.051091421204557,0.00443826624230126,"LE2-1281.017","FCM"
1875,0.0111493796139743,0.115444040011486,"LE2-1281.017","FCM"
1876,1.00637561874179,0.743614489311852,"LE2-1281.017","FCM"
1877,0.899741943648455,0.647166488542953,"LE2-1281.017","FCM"
1878,0.480142186324298,0.828705499982977,"LE2-1281.017","FCM"
1879,1.09360714789029,0.578293807915413,"LE2-1281.017","FCM"
1880,-0.125537783455198,0.0213811351893634,"LE2-1281.017","FCM"
1881,0.0844705797137905,0.384038035271993,"LE2-1281.017","FCM"
1882,-0.400382966907666,-0.574492826749381,"LE2-1281.017","FCM"
1883,-0.828307642515567,-0.321403448294885,"LE2-1281.017","FCM"
1884,-1.3190523039882,-0.88630963982642,"LE2-1281.017","FCM"
1885,-0.549777492586449,-0.302227182070311,"LE2-1281.017","FCM"
1886,-0.407163628828264,-0.630243523307165,"LE2-1281.017","FCM"
1887,-0.305750126226403,-0.351233046304835,"LE2-1281.017","FCM"
1888,-0.379391296602355,-0.299832188632731,"LE2-1281.017","FCM"
1889,-0.933822422773033,-0.0838898314829048,"LE2-1281.017","FCM"
1890,-0.807263678333143,0.0744648434421489,"LE2-1281.017","FCM"
1891,-1.20675146057873,-1.00952805150018,"LE2-1281.017","FCM"
1892,0.128038716474616,-0.12501044659495,"LE2-1281.017","FCM"
1893,0.633076234872026,-0.114112544263172,"LE2-1281.017","FCM"
1894,-0.195174223275685,-1.12349405161054,"LE2-1281.017","FCM"
1895,-0.106218339900209,-0.521600623918744,"LE2-1281.017","FCM"
1896,0.538774567296529,-0.555894367072905,"LE2-1281.017","FCM"
1897,0.310046197595525,-0.353785369648006,"LE2-1281.017","FCM"
1898,0.580336417584242,-0.14675765911864,"LE2-1281.017","FCM"
1899,-0.396214517390822,-0.790662368420847,"LE2-1281.017","FCM"
1900,-0.834849713438416,-1.51993124761313,"LE2-1281.017","FCM"
1901,-0.800667603261492,-1.35570378396605,"LE2-1281.017","FCM"
1902,0.258276262223154,-0.0655885270962681,"LE2-1281.017","FCM"
1903,-0.438601613083981,-0.580769892602305,"LE2-1281.017","FCM"
1904,-0.841631909675305,-0.712766089454372,"LE2-1281.017","FCM"
1905,-0.466326099224283,0.0190624875774616,"LE2-1281.017","FCM"
1906,0.0952742500094271,0.765579365530509,"LE2-1281.017","FCM"
1907,1.16640540685015,1.21370399837907,"LE2-1281.017","FCM"
1908,1.16914545137802,0.924376256672384,"LE2-1281.017","FCM"
1909,-0.263659340657346,0.158926253445793,"LE2-1281.017","FCM"
1910,-0.216311934096405,0.110864866936253,"LE2-1281.017","FCM"
1911,0.40400713447984,-0.249829142593771,"LE2-1281.017","FCM"
1912,1.1637581191342,0.767722360852675,"LE2-1281.017","FCM"
1913,-0.0194222804613521,0.810240387047247,"LE2-1281.017","FCM"
1914,0.396268266449311,1.50403705879477,"LE2-1281.017","FCM"
1915,0.221281596825563,0.914187727564666,"LE2-1281.017","FCM"
1916,1.058738253223,0.917425470112754,"LE2-1281.017","FCM"
1917,0.327446973298237,-0.0692422916222912,"LE2-1281.017","FCM"
1918,-0.421370615255675,-0.449766052525043,"LE2-1281.017","FCM"
1919,0.502790278846938,0.179210691066694,"LE2-1281.017","FCM"
1920,0.415792786145385,0.214328023659627,"LE2-1281.017","FCM"
1921,0.276919814022846,-0.0450197565317099,"LE2-1281.017","FCM"
1922,0.650605583826609,0.132495223890488,"LE2-1281.017","FCM"
1923,0.53139825849839,0.14636773576809,"LE2-1281.017","FCM"
1924,-0.125290089727395,-0.036022020585614,"LE2-1281.017","FCM"
1925,-0.753993305535789,-0.779388660646288,"LE2-1281.017","FCM"
1926,-1.48877060494121,-1.40866704288051,"LE2-1281.017","FCM"
1927,-1.12752271428713,-0.0301503578185404,"LE2-1281.017","FCM"
1928,0.328806646346233,1.14993130937323,"LE2-1281.017","FCM"
1929,0.155677275995113,-0.583087588207332,"LE2-1281.017","FCM"
1930,-0.441308667350134,-0.744948695879083,"LE2-1281.017","FCM"
1931,-0.324425211978435,-0.908775548932827,"LE2-1281.017","FCM"
1932,-0.354987922761075,-0.116087345082107,"LE2-1281.017","FCM"
1933,0.616933880343559,0.302875615049218,"LE2-1281.017","FCM"
1934,0.662542174706429,0.273582700494127,"LE2-1281.017","FCM"
1935,0.579801929852821,0.358257458727867,"LE2-1281.017","FCM"
1936,0.1817943490416,-0.570421434419103,"LE2-1281.017","FCM"
1937,0.260499966462736,0.690178083124192,"LE2-1281.017","FCM"
1938,0.157477470898973,-0.0863860099371546,"LE2-1281.017","FCM"
1939,-0.824058801579921,-0.552292891205838,"LE2-1281.017","FCM"
1940,-0.485701998944283,0.0306964874110493,"LE2-1281.017","FCM"
1941,0.136909312239846,0.493370295519019,"LE2-1281.017","FCM"
1942,0.636150433917791,1.18759853911692,"LE2-1281.017","FCM"
1943,0.806748574659495,0.480497703572654,"LE2-1281.017","FCM"
1944,0.280332728002004,0.0579470160240958,"LE2-1281.017","FCM"
1945,-0.679549738733116,-0.196635071239982,"LE2-1281.017","FCM"
1946,-0.634165545026936,-0.200752028211889,"LE2-1281.017","FCM"
1947,0.30168258576882,0.186568231320215,"LE2-1281.017","FCM"
1948,0.0311800472553809,0.294318062416081,"LE2-1281.017","FCM"
1949,0.791418948833671,0.878584139288685,"LE2-1281.017","FCM"
1950,0.0485444231054693,-0.185598941855399,"LE2-1281.017","FCM"
1951,-0.0388016679156009,0.312382329233044,"LE2-1281.017","FCM"
1952,-0.485445596857312,-0.111931419916074,"LE2-1281.017","FCM"
1953,-0.201717202865961,-0.0771445762281165,"LE2-1281.017","FCM"
1954,0.114959440048301,0.958678761266966,"LE2-1281.017","FCM"
1955,0.34255115923307,0.0427444930326174,"LE2-1281.017","FCM"
1956,-0.68107732768184,-1.00862253808754,"LE2-1281.017","FCM"
1957,-0.217679000735979,-0.847218918320677,"LE2-1281.017","FCM"
1958,-0.227672373156387,-0.720497170338684,"LE2-1281.017","FCM"
1959,-0.419060480208403,-0.602239632805541,"LE2-1281.017","FCM"
1960,-0.827348100459515,-1.04511033741833,"LE2-1281.017","FCM"
1961,-0.519624895178203,-0.249788816339878,"LE2-1281.017","FCM"
1962,-1.12495077500832,-0.750395137158209,"LE2-1281.017","FCM"
1963,0.241767928387019,-0.463267755304497,"LE2-1281.017","FCM"
1964,-0.221739725375349,-0.430742878450791,"LE2-1281.017","FCM"
1965,0.300648907080846,-0.133436885946096,"LE2-1281.017","FCM"
1966,-0.437652965585103,-0.387515152746909,"LE2-1281.017","FCM"
1967,-0.169069525683262,-0.651635601511325,"LE2-1281.017","FCM"
1968,-0.744409948671558,-0.681276312302858,"LE2-1281.017","FCM"
1969,-0.0215112706745951,-0.034743606999744,"LE2-1281.017","FCM"
1970,-0.761850315419862,-0.428875157191099,"LE2-1281.017","FCM"
1971,-0.452492926233103,-0.285678835906167,"LE2-1281.017","FCM"
1972,-0.949251473306448,-0.98111418864354,"LE2-1281.017","FCM"
1973,-0.295095578374979,-0.300914870064211,"LE2-1281.017","FCM"
1974,-0.155230558219889,-0.373607607335152,"LE2-1281.017","FCM"
1975,-0.329668580011965,-0.809193796546303,"LE2-1281.017","FCM"
1976,0.0597548265547619,-0.820864805027444,"LE2-1281.017","FCM"
1977,0.0246526077818122,-0.395828409165244,"LE2-1281.017","FCM"
1978,0.00162707324272649,-0.96042469175568,"LE2-1281.017","FCM"
1979,-0.605440496527171,-0.814828980285548,"LE2-1281.017","FCM"
1980,-0.0950201614937458,-0.820339387528779,"LE2-1281.017","FCM"
1981,-0.0671462782725798,-0.62025724242728,"LE2-1281.017","FCM"
1982,-0.176125030457764,-0.681100300958547,"LE2-1281.017","FCM"
1983,1.44995199299987,0.708745107923437,"LE2-1281.017","FCM"
1984,0.712492003955298,1.52975464274421,"LE2-1281.017","FCM"
1985,0.217216517836198,0.0980327905519672,"LE2-1281.017","FCM"
1986,0.20024148062063,-0.401513721047766,"LE2-1281.017","FCM"
1987,0.415207785404017,-0.101373975287626,"LE2-1281.017","FCM"
1988,0.465928033102187,0.54859614984293,"LE2-1281.017","FCM"
1989,0.0581725251871409,-0.238512698727714,"LE2-1281.017","FCM"
1990,-0.153655757333503,0.286446906684247,"LE2-1281.017","FCM"
1991,0.144802737752943,0.567070216057611,"LE2-1281.017","FCM"
1992,1.15428167667279,0.916815078870778,"LE2-1281.017","FCM"
1993,0.747101261430075,0.789931805387418,"LE2-1281.017","FCM"
1994,0.505783830966753,-0.033993142252009,"LE2-1281.017","FCM"
1995,0.31266808237667,-0.319022075331516,"LE2-1281.017","FCM"
1996,-0.551238187394498,-0.586889724286478,"LE2-1281.017","FCM"
1997,-0.953277147863548,-0.954760802419895,"LE2-1281.017","FCM"
1998,-0.735185843427632,-1.05724306658526,"LE2-1281.017","FCM"
1999,0.378600246825839,-0.393213599406255,"LE2-1281.017","FCM"
2000,0.989116524296928,0.0465797658780993,"LE2-1281.017","FCM"
2001,0.0304946734409769,-0.342593938898201,"LE2-1281.017","FCM"
2002,0.04706104544676,0.00275060773809361,"LE2-1281.017","FCM"
2003,-0.628582141658931,-0.491628752624374,"LE2-1281.017","FCM"
2004,-0.670952259330925,-0.165598802136195,"LE2-1281.017","FCM"
2005,-1.20552255802011,0.0665153807120335,"LE2-1281.017","FCM"
2006,-1.9445176733919,-0.664757003985686,"LE2-1281.017","FCM"
2007,-1.00768171537101,0.0605256383375718,"LE2-1281.017","FCM"
2008,-0.233441447219756,-0.0420530035941105,"LE2-1281.017","FCM"
2009,-0.152664226349215,-0.0986336873403851,"LE2-1281.017","FCM"
2010,1.35063208924069,1.03464718688484,"LE2-1281.017","FCM"
2011,1.0302434914813,1.10696741898151,"LE2-1281.017","FCM"
2012,0.594649277670327,0.0726655476212961,"LE2-1281.017","FCM"
2013,-0.0932188306524657,0.141166251293841,"LE2-1281.017","FCM"
2014,-0.844332823452646,0.076329258127104,"LE2-1281.017","FCM"
1851,-0.51741124461345,-0.0945584358269215,"LE2-1281.018","FCM"
1852,-0.711812649319832,-0.0985529477283017,"LE2-1281.018","FCM"
1853,-0.137094984454671,0.457446738885111,"LE2-1281.018","FCM"
1854,0.0707464264894695,0.718379337896466,"LE2-1281.018","FCM"
1855,0.15719026284836,0.212267598273917,"LE2-1281.018","FCM"
1856,-0.0172201827853937,-0.613327048218714,"LE2-1281.018","FCM"
1857,-0.368858103570772,-0.851525469916381,"LE2-1281.018","FCM"
1858,-0.756222180461219,-0.528718836137959,"LE2-1281.018","FCM"
1859,-0.395454015021307,-0.834588723373252,"LE2-1281.018","FCM"
1860,-1.39982247162392,-1.44239549597948,"LE2-1281.018","FCM"
1861,-0.848221835080743,-1.11043342696765,"LE2-1281.018","FCM"
1862,-0.626222222797875,-0.934120786331273,"LE2-1281.018","FCM"
1863,0.0801535318807561,0.727684314639647,"LE2-1281.018","FCM"
1864,-0.0509663127596607,-0.399660610391998,"LE2-1281.018","FCM"
1865,-0.200543561544621,-0.236867020622195,"LE2-1281.018","FCM"
1866,-0.49447345098902,-0.263321514201185,"LE2-1281.018","FCM"
1867,0.22051104747193,0.192615904133158,"LE2-1281.018","FCM"
1868,0.224590750207865,0.325695974767385,"LE2-1281.018","FCM"
1869,0.190812140537842,-0.334243702765343,"LE2-1281.018","FCM"
1870,0.778737070358004,-0.0974220921576808,"LE2-1281.018","FCM"
1871,0.0748919672238296,-0.161112436688814,"LE2-1281.018","FCM"
1872,-0.718664093385814,0.199210949576634,"LE2-1281.018","FCM"
1873,-0.453708282365944,0.189505972640524,"LE2-1281.018","FCM"
1874,0.814841928293306,1.11275134896493,"LE2-1281.018","FCM"
1875,0.706331205111083,0.114498906044699,"LE2-1281.018","FCM"
1876,0.0228349972092339,-0.54927216194771,"LE2-1281.018","FCM"
1877,0.0576169933757322,-0.557804162293391,"LE2-1281.018","FCM"
1878,0.463876422796429,0.461513165130824,"LE2-1281.018","FCM"
1879,0.690963742980083,0.295666529366591,"LE2-1281.018","FCM"
1880,-0.395928221881564,-0.633854511561148,"LE2-1281.018","FCM"
1881,-1.0955310748158,-0.715084229271681,"LE2-1281.018","FCM"
1882,-0.184798539473313,-0.25863562986171,"LE2-1281.018","FCM"
1883,0.0237985510513807,-0.0492287542063867,"LE2-1281.018","FCM"
1884,-0.577005132285381,-0.760319562241386,"LE2-1281.018","FCM"
1885,-0.540587790624666,-0.356803903206238,"LE2-1281.018","FCM"
1886,-0.744119308726624,-0.338282027386343,"LE2-1281.018","FCM"
1887,-1.20530714685229,-0.827122067010409,"LE2-1281.018","FCM"
1888,-0.477198658858395,-0.0249757808239973,"LE2-1281.018","FCM"
1889,0.903837468388469,0.671672280938901,"LE2-1281.018","FCM"
1890,0.063462860061748,0.898924412557131,"LE2-1281.018","FCM"
1891,0.527159573245594,1.34721918825467,"LE2-1281.018","FCM"
1892,0.182909241698285,0.41205760638812,"LE2-1281.018","FCM"
1893,-0.192427240410996,-0.199150216133257,"LE2-1281.018","FCM"
1894,-0.282107567713343,-0.0888400586925393,"LE2-1281.018","FCM"
1895,0.493826427837255,0.288018039974354,"LE2-1281.018","FCM"
1896,-0.828090889012279,-0.733342315872872,"LE2-1281.018","FCM"
1897,-0.0346020198311574,0.0567811199833485,"LE2-1281.018","FCM"
1898,0.144021772095163,0.0134356588242021,"LE2-1281.018","FCM"
1899,0.354427640095904,-0.322176317501263,"LE2-1281.018","FCM"
1900,0.248832093132744,-0.487114838260848,"LE2-1281.018","FCM"
1901,0.464462542268328,-0.23698686934974,"LE2-1281.018","FCM"
1902,0.383526114834599,-0.35990736656558,"LE2-1281.018","FCM"
1903,0.997952806846054,0.300447870548866,"LE2-1281.018","FCM"
1904,0.446787889456852,-0.17940231418275,"LE2-1281.018","FCM"
1905,0.390744426314361,0.130475501887054,"LE2-1281.018","FCM"
1906,0.401976326093027,0.140568884338094,"LE2-1281.018","FCM"
1907,-0.380747534795183,-0.14676105621361,"LE2-1281.018","FCM"
1908,-0.137846973009695,0.0103933514436043,"LE2-1281.018","FCM"
1909,0.0782528018035344,0.0298477099896133,"LE2-1281.018","FCM"
1910,-0.0768323571539285,0.10961816338876,"LE2-1281.018","FCM"
1911,-0.883036491566269,-1.17164390693861,"LE2-1281.018","FCM"
1912,-0.669044263461773,-0.740144761394192,"LE2-1281.018","FCM"
1913,-0.125975551364149,-0.346017213535502,"LE2-1281.018","FCM"
1914,0.013437981015932,-0.284968517029282,"LE2-1281.018","FCM"
1915,-0.260615956914069,-0.533152575241714,"LE2-1281.018","FCM"
1916,-0.209827453203956,0.365419769711209,"LE2-1281.018","FCM"
1917,1.04962260860834,1.04222552330792,"LE2-1281.018","FCM"
1918,0.626832776098491,0.30112092666665,"LE2-1281.018","FCM"
1919,-0.541409539417127,-0.66523147520213,"LE2-1281.018","FCM"
1920,-0.655480166646684,-0.565938534122106,"LE2-1281.018","FCM"
1921,0.382421270633855,-0.0496836592828717,"LE2-1281.018","FCM"
1922,0.59608553513504,0.0692928174168177,"LE2-1281.018","FCM"
1923,0.252725540203281,-0.168291249902545,"LE2-1281.018","FCM"
1924,-0.0578991265541195,-0.28352933819098,"LE2-1281.018","FCM"
1925,0.0023978242003831,-0.277123610470655,"LE2-1281.018","FCM"
1926,0.391138088220985,0.0124371074703187,"LE2-1281.018","FCM"
1927,0.836270372111803,0.499457702252327,"LE2-1281.018","FCM"
1928,0.40053637405437,0.165348786213611,"LE2-1281.018","FCM"
1929,0.0807240983177671,-0.30526774101813,"LE2-1281.018","FCM"
1930,-0.369208879887968,-0.545337479753656,"LE2-1281.018","FCM"
1931,0.858826080893887,0.3777730171533,"LE2-1281.018","FCM"
1932,0.848298261454952,0.228659564749428,"LE2-1281.018","FCM"
1933,0.434081667941328,0.707145477001018,"LE2-1281.018","FCM"
1934,1.37071352202961,1.68138423046729,"LE2-1281.018","FCM"
1935,1.23212818832742,1.26829058239445,"LE2-1281.018","FCM"
1936,0.237163677732102,-0.0510066855740835,"LE2-1281.018","FCM"
1937,-0.0371504513547686,-0.255981264374418,"LE2-1281.018","FCM"
1938,0.339512208372537,0.990259176374053,"LE2-1281.018","FCM"
1939,0.00996665279229952,0.077159843574398,"LE2-1281.018","FCM"
1940,0.106169175375592,0.198488861801501,"LE2-1281.018","FCM"
1941,-0.432615217209818,-0.581176678261379,"LE2-1281.018","FCM"
1942,-0.144605677341176,0.417894393051867,"LE2-1281.018","FCM"
1943,0.170848188981146,-0.440064505289296,"LE2-1281.018","FCM"
1944,0.910391469248155,0.239914529833977,"LE2-1281.018","FCM"
1945,0.511493521602428,-0.0352968119968098,"LE2-1281.018","FCM"
1946,0.102199826932851,0.175435407902269,"LE2-1281.018","FCM"
1947,0.667451366456478,0.0523427671454203,"LE2-1281.018","FCM"
1948,0.712044137106757,0.0665031665069541,"LE2-1281.018","FCM"
1949,0.627294156509619,-0.0703230074271314,"LE2-1281.018","FCM"
1950,0.257007641919265,-0.208930290349447,"LE2-1281.018","FCM"
1951,-0.194347542966168,-0.0172441823430401,"LE2-1281.018","FCM"
1952,-0.618133878482179,-0.56326621889739,"LE2-1281.018","FCM"
1953,0.170726804396119,0.596338465918892,"LE2-1281.018","FCM"
1954,-0.916232280531567,-1.11892019031079,"LE2-1281.018","FCM"
1955,-1.05169480850632,-1.0035746300632,"LE2-1281.018","FCM"
1956,-0.529585666863976,-0.667042681656849,"LE2-1281.018","FCM"
1957,0.486138169096627,0.356005517213981,"LE2-1281.018","FCM"
1958,0.545535862837377,0.306332298815886,"LE2-1281.018","FCM"
1959,0.120450430351525,0.502189632687961,"LE2-1281.018","FCM"
1960,0.106220022142314,-0.011943038956269,"LE2-1281.018","FCM"
1961,0.321236054701196,0.710406533288808,"LE2-1281.018","FCM"
1962,0.540628812114727,1.32704337029594,"LE2-1281.018","FCM"
1963,-0.437990415662371,0.0129791085046063,"LE2-1281.018","FCM"
1964,-0.522378512796638,-0.563193177012415,"LE2-1281.018","FCM"
1965,0.12161224074428,-0.825043696455142,"LE2-1281.018","FCM"
1966,-0.337312922167032,-0.541657847307654,"LE2-1281.018","FCM"
1967,-1.31010533377674,-1.05598275528733,"LE2-1281.018","FCM"
1968,-1.56454501955446,-0.911145753520646,"LE2-1281.018","FCM"
1969,-1.26338614288486,-0.85286073075076,"LE2-1281.018","FCM"
1970,-0.295210483642404,-0.242132660811552,"LE2-1281.018","FCM"
1971,-0.333659955104616,-0.163762818187788,"LE2-1281.018","FCM"
1972,0.221191002218827,0.310682047984751,"LE2-1281.018","FCM"
1973,0.0050551827695879,-0.146067045871377,"LE2-1281.018","FCM"
1974,0.748674517363227,0.515815947517954,"LE2-1281.018","FCM"
1975,0.240055116700877,-0.0194172580999641,"LE2-1281.018","FCM"
1976,-0.520743271766927,-0.639715050463305,"LE2-1281.018","FCM"
1977,-0.419428634015457,-0.411009280761607,"LE2-1281.018","FCM"
1978,-0.82411461389924,-1.18959104757645,"LE2-1281.018","FCM"
1979,-0.640010632352536,-0.161354413639265,"LE2-1281.018","FCM"
1980,-0.877927970213213,-0.328811175535114,"LE2-1281.018","FCM"
1981,-1.1527466500886,-1.27633837396051,"LE2-1281.018","FCM"
1982,-0.830791811798382,-1.10351638005773,"LE2-1281.018","FCM"
1983,-1.41220262127376,-1.82798148502345,"LE2-1281.018","FCM"
1984,-1.03470718576751,-1.12182767287657,"LE2-1281.018","FCM"
1985,-0.110864721079421,-0.608311190274215,"LE2-1281.018","FCM"
1986,-0.21496333118752,0.0268685021114182,"LE2-1281.018","FCM"
1987,-0.0680641681219431,0.346202583290646,"LE2-1281.018","FCM"
1988,-0.160045789923795,0.32731365746878,"LE2-1281.018","FCM"
1989,-0.0358299021095959,0.297798023325711,"LE2-1281.018","FCM"
1990,1.05374112840512,0.723880348673595,"LE2-1281.018","FCM"
1991,-0.147409614427365,-0.104229806959827,"LE2-1281.018","FCM"
1992,-0.794749240495012,-0.705502388230474,"LE2-1281.018","FCM"
1993,-0.732559960859016,-0.775705353712985,"LE2-1281.018","FCM"
1994,-0.619157437678028,-1.29287584973851,"LE2-1281.018","FCM"
1995,-0.72538328363435,-0.988860266927713,"LE2-1281.018","FCM"
1996,-0.225558798723886,-0.372680280564663,"LE2-1281.018","FCM"
1997,0.096369376110428,0.273555902383207,"LE2-1281.018","FCM"
1998,0.528915937536316,0.635825625183661,"LE2-1281.018","FCM"
1999,-0.0287967520888689,-0.0417660748920683,"LE2-1281.018","FCM"
2000,-0.121648140971473,0.359915774188164,"LE2-1281.018","FCM"
2001,0.432571204647283,0.616886918667974,"LE2-1281.018","FCM"
2002,0.371580379522703,0.574331245267372,"LE2-1281.018","FCM"
2003,0.585050928287228,0.415539106860035,"LE2-1281.018","FCM"
2004,-0.238744760068919,0.0942183214227402,"LE2-1281.018","FCM"
2005,0.646719385420973,0.545697649769238,"LE2-1281.018","FCM"
2006,0.585098496675239,0.621575092388012,"LE2-1281.018","FCM"
2007,0.41954443883768,0.331352276302756,"LE2-1281.018","FCM"
2008,-0.0324117468793359,0.499757756746256,"LE2-1281.018","FCM"
2009,0.994733561552213,0.734478102513395,"LE2-1281.018","FCM"
2010,1.00042797455609,0.40293830010144,"LE2-1281.018","FCM"
2011,0.105083563432824,0.0957002965559825,"LE2-1281.018","FCM"
2012,0.70151341343917,0.752281208692576,"LE2-1281.018","FCM"
2013,0.513980880384024,0.62453447494602,"LE2-1281.018","FCM"
2014,0.272612175779222,-0.270856553384069,"LE2-1281.018","FCM"
1851,-0.537850274063262,-0.178214974656528,"LE2-1281.019","FCM"
1852,-0.554887153544367,-0.35514547509487,"LE2-1281.019","FCM"
1853,-0.205207504315487,-0.0402513715560152,"LE2-1281.019","FCM"
1854,-0.221458621264549,-0.306610502721016,"LE2-1281.019","FCM"
1855,-0.00169935955242778,-0.0562854411084647,"LE2-1281.019","FCM"
1856,-0.3677893424936,-0.0920886342714679,"LE2-1281.019","FCM"
1857,0.5023278060887,1.09188120804107,"LE2-1281.019","FCM"
1858,0.784775742558151,1.30889229741607,"LE2-1281.019","FCM"
1859,0.816626935415839,1.12963020263929,"LE2-1281.019","FCM"
1860,0.050219796721842,0.332031558432593,"LE2-1281.019","FCM"
1861,-0.812666514125035,-0.820178812108422,"LE2-1281.019","FCM"
1862,-0.515101980299681,-0.646267907373763,"LE2-1281.019","FCM"
1863,0.117214134300199,-0.252711535414355,"LE2-1281.019","FCM"
1864,0.903344107405089,0.797218276907955,"LE2-1281.019","FCM"
1865,0.0510542060955243,0.182866235846548,"LE2-1281.019","FCM"
1866,0.057366976317262,-0.406163297474742,"LE2-1281.019","FCM"
1867,0.227754500580634,-0.729683273429672,"LE2-1281.019","FCM"
1868,0.0193395703729479,-0.732517897377223,"LE2-1281.019","FCM"
1869,-0.399350621094943,-0.362468942214797,"LE2-1281.019","FCM"
1870,-0.326545023605183,-0.246760679318137,"LE2-1281.019","FCM"
1871,-0.681190544264617,-0.439898595493184,"LE2-1281.019","FCM"
1872,-0.331686018235196,-0.456377673828458,"LE2-1281.019","FCM"
1873,-0.75671594442937,-0.383398652392248,"LE2-1281.019","FCM"
1874,-0.732593950048103,-0.465031013714158,"LE2-1281.019","FCM"
1875,-0.20007219338883,-0.11224051763102,"LE2-1281.019","FCM"
1876,-0.778604864532313,-0.340022136105368,"LE2-1281.019","FCM"
1877,-0.348834427535415,0.0999113932930238,"LE2-1281.019","FCM"
1878,-0.464289746839874,0.0469967861508734,"LE2-1281.019","FCM"
1879,-0.398341256786154,-0.441440730000644,"LE2-1281.019","FCM"
1880,-0.795305689745141,-1.21603407604924,"LE2-1281.019","FCM"
1881,-1.09308753705268,-1.14874920685657,"LE2-1281.019","FCM"
1882,-0.652770685656143,-0.525781901308676,"LE2-1281.019","FCM"
1883,-0.638098519093105,-0.0886809956338849,"LE2-1281.019","FCM"
1884,-0.271999868693318,-0.158823328836141,"LE2-1281.019","FCM"
1885,-0.0874902799533192,0.558610623305192,"LE2-1281.019","FCM"
1886,-0.372105567083837,0.228946820518778,"LE2-1281.019","FCM"
1887,-0.124991934762041,-0.136558195303284,"LE2-1281.019","FCM"
1888,-0.444412985979583,-0.301759727254501,"LE2-1281.019","FCM"
1889,-0.200594928612376,-0.0721037613762706,"LE2-1281.019","FCM"
1890,-0.0661909119353127,-0.345313058408404,"LE2-1281.019","FCM"
1891,0.653819435665977,0.933436156945063,"LE2-1281.019","FCM"
1892,0.658961806289931,0.438135529027709,"LE2-1281.019","FCM"
1893,-0.126065487151474,-0.0309527805249213,"LE2-1281.019","FCM"
1894,-0.458704759127522,-0.307203299872149,"LE2-1281.019","FCM"
1895,-0.818968533355292,-0.640920953756315,"LE2-1281.019","FCM"
1896,0.0125962276774294,0.532103544495834,"LE2-1281.019","FCM"
1897,-0.00403966189819988,0.356657060856077,"LE2-1281.019","FCM"
1898,-0.0371364824931596,-0.170765179618212,"LE2-1281.019","FCM"
1899,0.0423773645021452,-0.348324651204847,"LE2-1281.019","FCM"
1900,-0.158922320485819,0.175935416364094,"LE2-1281.019","FCM"
1901,-0.545379759406014,-0.501624964908361,"LE2-1281.019","FCM"
1902,0.121842674760792,0.650511901016712,"LE2-1281.019","FCM"
1903,-0.152400567259927,0.53022025985867,"LE2-1281.019","FCM"
1904,-0.411722284868998,0.528125201057695,"LE2-1281.019","FCM"
1905,0.915832657435579,1.54151327128122,"LE2-1281.019","FCM"
1906,0.0686805249844382,-0.0773999032964618,"LE2-1281.019","FCM"
1907,0.0384178198558833,0.341457405990378,"LE2-1281.019","FCM"
1908,0.276350543925558,-0.0940199698898112,"LE2-1281.019","FCM"
1909,-0.268507901828472,-0.515132915298644,"LE2-1281.019","FCM"
1910,-0.570742003651179,-0.551388970280848,"LE2-1281.019","FCM"
1911,0.121366536790073,0.040945941299061,"LE2-1281.019","FCM"
1912,-0.440684916356184,-0.344686719502455,"LE2-1281.019","FCM"
1913,0.0638234307807349,0.434616774486218,"LE2-1281.019","FCM"
1914,0.682204918896492,0.868333003966525,"LE2-1281.019","FCM"
1915,0.358932795291651,-0.103212741822435,"LE2-1281.019","FCM"
1916,-0.58830894117045,-0.597082796093831,"LE2-1281.019","FCM"
1917,-0.433850061387655,-0.325335943197501,"LE2-1281.019","FCM"
1918,-0.118148025780049,-0.534254698455565,"LE2-1281.019","FCM"
1919,-0.123397133900095,-0.287680225044786,"LE2-1281.019","FCM"
1920,0.222215741744367,0.307174485000483,"LE2-1281.019","FCM"
1921,1.01005468332135,0.418095130052525,"LE2-1281.019","FCM"
1922,0.239454379138875,0.945303078745719,"LE2-1281.019","FCM"
1923,0.234087075950341,0.473702983399274,"LE2-1281.019","FCM"
1924,0.905987638927382,1.03537573933905,"LE2-1281.019","FCM"
1925,0.849634299484668,0.610425677377856,"LE2-1281.019","FCM"
1926,0.517234737369666,0.406494687060482,"LE2-1281.019","FCM"
1927,0.171889559355893,0.544516095618209,"LE2-1281.019","FCM"
1928,0.0208396848530998,-0.00307852057991042,"LE2-1281.019","FCM"
1929,-0.474351104589401,-0.929907595378115,"LE2-1281.019","FCM"
1930,-0.611824661060287,-1.09974048526424,"LE2-1281.019","FCM"
1931,0.177239740342996,0.16796845047308,"LE2-1281.019","FCM"
1932,1.07441363699903,0.531211339025148,"LE2-1281.019","FCM"
1933,0.453258565260264,0.707936877275881,"LE2-1281.019","FCM"
1934,0.5349515860516,0.0328040832498348,"LE2-1281.019","FCM"
1935,0.757236159547273,0.420930816706572,"LE2-1281.019","FCM"
1936,0.950690432757065,1.53956133133891,"LE2-1281.019","FCM"
1937,1.16922292727143,1.8060733405782,"LE2-1281.019","FCM"
1938,-0.000586741142046215,0.0852357650892512,"LE2-1281.019","FCM"
1939,-0.215975886400347,0.40375928796039,"LE2-1281.019","FCM"
1940,-0.031430624016136,0.412343966414235,"LE2-1281.019","FCM"
1941,-0.121050354970652,0.532697588035401,"LE2-1281.019","FCM"
1942,0.783076438988895,0.922870844231161,"LE2-1281.019","FCM"
1943,-0.195364010115503,-0.397064230810906,"LE2-1281.019","FCM"
1944,0.040087071940292,-0.374100354512391,"LE2-1281.019","FCM"
1945,0.279732499872951,-0.175710388941891,"LE2-1281.019","FCM"
1946,0.158947706945235,-0.305687346263572,"LE2-1281.019","FCM"
1947,0.250749441687149,0.0569011924233241,"LE2-1281.019","FCM"
1948,-0.336173529740729,-0.713891006278728,"LE2-1281.019","FCM"
1949,-0.143605139404369,-0.562531768881431,"LE2-1281.019","FCM"
1950,0.0102199689660312,-0.173597931655109,"LE2-1281.019","FCM"
1951,-0.283274636103038,-0.482710690918489,"LE2-1281.019","FCM"
1952,-0.0133912961973537,0.0941222022378253,"LE2-1281.019","FCM"
1953,-0.078237398527206,-0.419628655894244,"LE2-1281.019","FCM"
1954,1.03284829909303,0.0734117463571078,"LE2-1281.019","FCM"
1955,0.802390526837662,0.14381685485843,"LE2-1281.019","FCM"
1956,-0.224249198472469,-0.514649701875438,"LE2-1281.019","FCM"
1957,-0.319998360549589,-0.465161057172993,"LE2-1281.019","FCM"
1958,-0.441839895293219,-0.204228912291617,"LE2-1281.019","FCM"
1959,-0.0822942858306218,0.211485327721324,"LE2-1281.019","FCM"
1960,-0.39697134240125,0.11414483718883,"LE2-1281.019","FCM"
1961,0.702469970216532,0.265510195216969,"LE2-1281.019","FCM"
1962,0.226442914329741,0.233545518647081,"LE2-1281.019","FCM"
1963,-0.201417583803702,-0.256281738274101,"LE2-1281.019","FCM"
1964,0.377935284866527,-0.0922274320949229,"LE2-1281.019","FCM"
1965,-0.585472798820575,-0.226508961194905,"LE2-1281.019","FCM"
1966,-0.464051723018891,-0.236345462747728,"LE2-1281.019","FCM"
1967,-0.0198580037547659,-0.247174933585252,"LE2-1281.019","FCM"
1968,0.392028287443327,0.317712506399786,"LE2-1281.019","FCM"
1969,-0.375304721449879,-0.382872183166485,"LE2-1281.019","FCM"
1970,-1.31553460048236,-1.00729646787544,"LE2-1281.019","FCM"
1971,-1.03604390576634,-0.399326480559922,"LE2-1281.019","FCM"
1972,-0.577119087074671,0.352470887915777,"LE2-1281.019","FCM"
1973,-0.36995100203446,0.0144931495629432,"LE2-1281.019","FCM"
1974,0.0360033595605459,-0.321376645809538,"LE2-1281.019","FCM"
1975,0.21231946923633,0.291907923583313,"LE2-1281.019","FCM"
1976,0.380605133382375,0.575441313216024,"LE2-1281.019","FCM"
1977,0.174039381733801,0.684471924824237,"LE2-1281.019","FCM"
1978,0.762140934292257,0.713122418655248,"LE2-1281.019","FCM"
1979,1.01779168141553,0.039447692240048,"LE2-1281.019","FCM"
1980,0.155194756729573,-0.252335279056084,"LE2-1281.019","FCM"
1981,-0.633149113854229,-0.325226366018205,"LE2-1281.019","FCM"
1982,-0.345029529706828,-0.288511183578987,"LE2-1281.019","FCM"
1983,0.376425162651038,0.0347974709479736,"LE2-1281.019","FCM"
1984,0.272143060013216,-0.16381138991782,"LE2-1281.019","FCM"
1985,0.546455004947345,0.154447936947724,"LE2-1281.019","FCM"
1986,0.25964313597079,-0.276943380578287,"LE2-1281.019","FCM"
1987,0.410078192897255,-0.193903281208821,"LE2-1281.019","FCM"
1988,0.0357487029840892,-0.152001956541674,"LE2-1281.019","FCM"
1989,-0.626853645927015,-0.544402159305857,"LE2-1281.019","FCM"
1990,-0.114711859841924,-0.13245785122442,"LE2-1281.019","FCM"
1991,0.352911172965085,0.632045602274457,"LE2-1281.019","FCM"
1992,-0.308184145006099,-0.152119231314208,"LE2-1281.019","FCM"
1993,-1.11020694205565,-0.0134137906963927,"LE2-1281.019","FCM"
1994,-0.232907286436978,-0.0179088417012083,"LE2-1281.019","FCM"
1995,-0.764415723711646,-0.59792189333025,"LE2-1281.019","FCM"
1996,-0.28720202052486,-0.341006108964894,"LE2-1281.019","FCM"
1997,-0.036620347850526,0.147874325557569,"LE2-1281.019","FCM"
1998,0.507081729774632,0.292060543893794,"LE2-1281.019","FCM"
1999,0.0844169450984436,-0.0378439484482369,"LE2-1281.019","FCM"
2000,0.746913625105771,0.788956359385717,"LE2-1281.019","FCM"
2001,0.896528714137694,0.82795516384735,"LE2-1281.019","FCM"
2002,-0.626822210893872,-0.0281324523745723,"LE2-1281.019","FCM"
2003,-0.768176667778046,-0.114335104629362,"LE2-1281.019","FCM"
2004,0.0462429003419487,0.405975829687096,"LE2-1281.019","FCM"
2005,-0.417400193987968,-0.350070757399501,"LE2-1281.019","FCM"
2006,-1.18209392958799,-1.15533288719272,"LE2-1281.019","FCM"
2007,-0.943930600647725,-1.16018105392358,"LE2-1281.019","FCM"
2008,0.0288528867521343,-0.254399352439497,"LE2-1281.019","FCM"
2009,0.0447414637416618,0.499150565426769,"LE2-1281.019","FCM"
2010,0.0943610383572669,0.14583914548763,"LE2-1281.019","FCM"
2011,0.0521881697420098,0.2167580724899,"LE2-1281.019","FCM"
2012,-0.0753946547501696,0.822653921075346,"LE2-1281.019","FCM"
2013,0.59876827212739,0.671109961679999,"LE2-1281.019","FCM"
2014,0.462276220728829,1.46049343134739,"LE2-1281.019","FCM"
1851,-0.105126128659977,-0.146276648290986,"LE2-1281.020","FCM"
1852,-0.362453350594635,-0.265360680303337,"LE2-1281.020","FCM"
1853,0.317932627934891,0.661466482888506,"LE2-1281.020","FCM"
1854,1.13908970794693,0.261307735142301,"LE2-1281.020","FCM"
1855,0.717896661139027,0.121640509181462,"LE2-1281.020","FCM"
1856,-0.339412204262453,-0.79355166891411,"LE2-1281.020","FCM"
1857,0.415374428657884,0.6474017658451,"LE2-1281.020","FCM"
1858,0.988514737268126,1.18279495218041,"LE2-1281.020","FCM"
1859,0.813606413793128,0.604936494210704,"LE2-1281.020","FCM"
1860,1.26752327741273,0.837954974222856,"LE2-1281.020","FCM"
1861,0.988293129198101,0.636659061579397,"LE2-1281.020","FCM"
1862,0.427631737072358,0.524238728694294,"LE2-1281.020","FCM"
1863,0.154515441526313,0.540650563502651,"LE2-1281.020","FCM"
1864,0.0225781000876554,0.0295322006276238,"LE2-1281.020","FCM"
1865,-0.654112753113277,-0.394087402834598,"LE2-1281.020","FCM"
1866,0.0894964693781083,0.335921282186966,"LE2-1281.020","FCM"
1867,-0.184439716222545,-0.14262118363798,"LE2-1281.020","FCM"
1868,-0.560850003718154,0.0292438458157234,"LE2-1281.020","FCM"
1869,-0.259907092191168,-0.242795027143991,"LE2-1281.020","FCM"
1870,0.5011684156676,-0.273685839723219,"LE2-1281.020","FCM"
1871,0.635923760623925,0.521469912339557,"LE2-1281.020","FCM"
1872,0.582320017368884,0.604616852666962,"LE2-1281.020","FCM"
1873,1.36474860063165,1.04458439326971,"LE2-1281.020","FCM"
1874,0.940013019593247,0.600411807424673,"LE2-1281.020","FCM"
1875,-0.561892359224562,-0.740805191524896,"LE2-1281.020","FCM"
1876,-0.198904177279993,0.12602033496764,"LE2-1281.020","FCM"
1877,-0.529417048828403,-0.749424817515306,"LE2-1281.020","FCM"
1878,-0.745144005922619,-0.394761294711574,"LE2-1281.020","FCM"
1879,0.208166147940342,-0.0518289305685398,"LE2-1281.020","FCM"
1880,-0.326624665673961,-0.330186425042578,"LE2-1281.020","FCM"
1881,-0.693314790340817,-0.150965603643002,"LE2-1281.020","FCM"
1882,-0.418240169925805,-0.156917073192914,"LE2-1281.020","FCM"
1883,-0.9010114009363,-0.654431379084903,"LE2-1281.020","FCM"
1884,-0.65747840841477,-0.21876761109207,"LE2-1281.020","FCM"
1885,0.159210251273987,0.351126774893303,"LE2-1281.020","FCM"
1886,0.138738641630302,0.381258168103498,"LE2-1281.020","FCM"
1887,-0.363201700076789,-0.037068503938479,"LE2-1281.020","FCM"
1888,-0.647579537706131,-0.240743417614616,"LE2-1281.020","FCM"
1889,-0.0181384650568529,-0.143746986895741,"LE2-1281.020","FCM"
1890,0.102181902812871,0.29712091305255,"LE2-1281.020","FCM"
1891,-0.00169612438682543,-0.0884799956710153,"LE2-1281.020","FCM"
1892,-0.031649881382249,0.436047961498461,"LE2-1281.020","FCM"
1893,-0.0372877807010063,-0.0801362526842757,"LE2-1281.020","FCM"
1894,-0.564117260226321,-0.874993032332854,"LE2-1281.020","FCM"
1895,-0.694139693972717,-0.790274426888957,"LE2-1281.020","FCM"
1896,-0.752306484886435,-0.603593829494421,"LE2-1281.020","FCM"
1897,-0.794989566278761,-0.864145581925963,"LE2-1281.020","FCM"
1898,-0.718951238538811,-1.04615767025457,"LE2-1281.020","FCM"
1899,-0.586037803953807,-0.178313511906109,"LE2-1281.020","FCM"
1900,0.0810392239365142,0.570408177278588,"LE2-1281.020","FCM"
1901,0.504444136983035,0.455546604610756,"LE2-1281.020","FCM"
1902,1.29541295127041,1.32759157907319,"LE2-1281.020","FCM"
1903,1.11125470871593,0.668280513326773,"LE2-1281.020","FCM"
1904,0.671303574228531,0.046413043947483,"LE2-1281.020","FCM"
1905,-0.42940936533966,-0.467518640071941,"LE2-1281.020","FCM"
1906,-0.738932821789449,-0.454209025902623,"LE2-1281.020","FCM"
1907,0.218475442324997,0.0275686905674449,"LE2-1281.020","FCM"
1908,0.139433658821466,0.118065568936011,"LE2-1281.020","FCM"
1909,-0.823539229354884,-1.17997676910218,"LE2-1281.020","FCM"
1910,0.0939667760972332,-0.680027474524406,"LE2-1281.020","FCM"
1911,0.6352738500219,0.166833079148152,"LE2-1281.020","FCM"
1912,0.984465760793525,1.18517508276356,"LE2-1281.020","FCM"
1913,0.539647664513985,0.0113017049508576,"LE2-1281.020","FCM"
1914,1.84902436939807,1.48631413605967,"LE2-1281.020","FCM"
1915,1.00846093400095,-0.414036937052848,"LE2-1281.020","FCM"
1916,0.0954492956318774,-0.628216973298619,"LE2-1281.020","FCM"
1917,0.338855957366851,-0.258222398315076,"LE2-1281.020","FCM"
1918,-0.348637478614768,-0.337255121566227,"LE2-1281.020","FCM"
1919,-0.00163972657284303,0.0679611609150545,"LE2-1281.020","FCM"
1920,0.675705031644998,0.780716649347017,"LE2-1281.020","FCM"
1921,0.726560814482425,0.746975788050943,"LE2-1281.020","FCM"
1922,0.145109688588262,0.0240335240296317,"LE2-1281.020","FCM"
1923,-0.463844241958376,-0.195744329189771,"LE2-1281.020","FCM"
1924,0.202458542794857,0.334880024447379,"LE2-1281.020","FCM"
1925,0.474593307304472,-0.182155561234327,"LE2-1281.020","FCM"
1926,-0.211650678373791,-0.55673320754309,"LE2-1281.020","FCM"
1927,-0.666503765580837,-0.559866224358445,"LE2-1281.020","FCM"
1928,0.00556665985770778,-0.803873280008006,"LE2-1281.020","FCM"
1929,0.445193631859933,-0.45333870629369,"LE2-1281.020","FCM"
1930,-0.808688684942266,-1.0270052754183,"LE2-1281.020","FCM"
1931,-1.05261329325566,-0.748746809749148,"LE2-1281.020","FCM"
1932,-0.78754708147488,-0.652028024590369,"LE2-1281.020","FCM"
1933,0.507593321362562,0.799244364420127,"LE2-1281.020","FCM"
1934,-0.13985094899384,-0.236661600027016,"LE2-1281.020","FCM"
1935,-0.129154171944235,-0.686589920090048,"LE2-1281.020","FCM"
1936,-0.710126795105783,-0.671191254772031,"LE2-1281.020","FCM"
1937,-0.26562442220185,-0.320036916150755,"LE2-1281.020","FCM"
1938,-0.566068698986491,-0.204172126691224,"LE2-1281.020","FCM"
1939,-0.155287516795933,-0.100058235562949,"LE2-1281.020","FCM"
1940,-0.846390329297829,-0.793597260619097,"LE2-1281.020","FCM"
1941,-0.141997778306971,-0.917670394568536,"LE2-1281.020","FCM"
1942,-1.25344207697311,-1.22703184031462,"LE2-1281.020","FCM"
1943,-0.542412290752202,-0.564278832273933,"LE2-1281.020","FCM"
1944,-0.685850106335088,-0.493894861964974,"LE2-1281.020","FCM"
1945,-0.303716146440337,0.260299652333487,"LE2-1281.020","FCM"
1946,0.548243386956513,0.729743208662846,"LE2-1281.020","FCM"
1947,0.25179919505418,-0.557581225692808,"LE2-1281.020","FCM"
1948,0.480121100183488,0.123678341222304,"LE2-1281.020","FCM"
1949,0.428326559542018,-0.0948018949368634,"LE2-1281.020","FCM"
1950,-0.541394046040639,-0.9949473130448,"LE2-1281.020","FCM"
1951,-0.0972060711661672,-0.506287094487997,"LE2-1281.020","FCM"
1952,-0.467308868210382,-0.317515679164072,"LE2-1281.020","FCM"
1953,-0.45978331948369,-0.63158844288527,"LE2-1281.020","FCM"
1954,0.304129810311657,-0.327620807039979,"LE2-1281.020","FCM"
1955,-0.570038142753704,-0.176215499441681,"LE2-1281.020","FCM"
1956,0.552147598490625,0.732699791747481,"LE2-1281.020","FCM"
1957,-0.459752619994426,-0.409302044663139,"LE2-1281.020","FCM"
1958,-0.398851115381059,0.362643295553472,"LE2-1281.020","FCM"
1959,-0.106694500554908,0.0695109642225089,"LE2-1281.020","FCM"
1960,-0.0133050806919667,-0.387434139566855,"LE2-1281.020","FCM"
1961,0.927387622392804,0.321000255924924,"LE2-1281.020","FCM"
1962,0.895523844123666,0.544854169479177,"LE2-1281.020","FCM"
1963,0.956161577034925,1.1575200694892,"LE2-1281.020","FCM"
1964,-0.0595570515960022,-0.111417127692358,"LE2-1281.020","FCM"
1965,-0.371889385612671,-0.514636236517102,"LE2-1281.020","FCM"
1966,-0.506176616220497,-0.121556032319034,"LE2-1281.020","FCM"
1967,-0.276434280364601,-0.446479578858735,"LE2-1281.020","FCM"
1968,0.116993317896913,0.482784122856838,"LE2-1281.020","FCM"
1969,0.0184568605344813,-0.131482400494357,"LE2-1281.020","FCM"
1970,0.688894221724401,-0.26401209935253,"LE2-1281.020","FCM"
1971,-0.281961038095758,-0.618074768069838,"LE2-1281.020","FCM"
1972,-0.575260591304501,-0.744904648985882,"LE2-1281.020","FCM"
1973,-1.07210038210922,-1.02310339636861,"LE2-1281.020","FCM"
1974,-0.650167643813721,-0.215305368150893,"LE2-1281.020","FCM"
1975,-0.278946012250962,-0.0696352531121467,"LE2-1281.020","FCM"
1976,-0.163473257359517,-0.607852980174915,"LE2-1281.020","FCM"
1977,0.31726052139351,-0.390180319292872,"LE2-1281.020","FCM"
1978,0.0071971381843928,-0.64707943425198,"LE2-1281.020","FCM"
1979,-0.181268774632952,-0.245640919301311,"LE2-1281.020","FCM"
1980,-0.772430723674915,-0.55789881265213,"LE2-1281.020","FCM"
1981,-0.73624869601284,-0.366922442994107,"LE2-1281.020","FCM"
1982,0.0829418930646282,0.235907932902257,"LE2-1281.020","FCM"
1983,-0.500991028809621,-0.689223750807613,"LE2-1281.020","FCM"
1984,-0.174528241660375,-0.0603270744547081,"LE2-1281.020","FCM"
1985,0.251907979040231,-0.160865045422276,"LE2-1281.020","FCM"
1986,1.08660714008904,0.901847277998906,"LE2-1281.020","FCM"
1987,0.594410313046215,0.506414701378245,"LE2-1281.020","FCM"
1988,-0.0317532110163876,0.728933587969283,"LE2-1281.020","FCM"
1989,0.106988450301774,0.930468043787804,"LE2-1281.020","FCM"
1990,-0.151264669747674,-0.163894829047695,"LE2-1281.020","FCM"
1991,-0.813110969066148,-0.467333754732492,"LE2-1281.020","FCM"
1992,-0.237908274947668,-0.289577201783991,"LE2-1281.020","FCM"
1993,-0.673386885385846,-0.580968064470193,"LE2-1281.020","FCM"
1994,0.161229034514581,-0.0149177524329502,"LE2-1281.020","FCM"
1995,1.10326540680608,0.545081918091566,"LE2-1281.020","FCM"
1996,1.30808213339428,0.823683713169618,"LE2-1281.020","FCM"
1997,0.881554798705794,0.156027020179507,"LE2-1281.020","FCM"
1998,-1.04264229004514,-1.00036119753022,"LE2-1281.020","FCM"
1999,-1.18287195258266,-0.7645660320173,"LE2-1281.020","FCM"
2000,-0.666484536706288,-0.0426206177589869,"LE2-1281.020","FCM"
2001,-1.01515704828379,-0.763629508780228,"LE2-1281.020","FCM"
2002,-0.631013171838652,0.00791162774805899,"LE2-1281.020","FCM"
2003,-0.798260293738768,-0.289635722967427,"LE2-1281.020","FCM"
2004,0.192422122000599,0.0833320826016269,"LE2-1281.020","FCM"
2005,1.01669587126486,1.08855273765727,"LE2-1281.020","FCM"
2006,1.00795130507359,1.73397721205533,"LE2-1281.020","FCM"
2007,0.593290264943503,0.657333115233981,"LE2-1281.020","FCM"
2008,0.831397666195493,0.452585915584183,"LE2-1281.020","FCM"
2009,0.835064696483014,0.645219145951916,"LE2-1281.020","FCM"
2010,0.486468849054438,0.0985746420946318,"LE2-1281.020","FCM"
2011,0.424611869804455,0.605896352966217,"LE2-1281.020","FCM"
2012,0.733586396524908,0.131092999574576,"LE2-1281.020","FCM"
2013,1.14764617807771,0.772214748362099,"LE2-1281.020","FCM"
2014,0.595213887342454,0.701654880779948,"LE2-1281.020","FCM"
1851,-0.170588535043664,0.123861470906053,"LE2-1301.011","FCM"
1852,-0.126962276335768,-0.238154209493346,"LE2-1301.011","FCM"
1853,-0.902322154133667,-0.501306256863919,"LE2-1301.011","FCM"
1854,-0.046453355436503,0.0597477573257634,"LE2-1301.011","FCM"
1855,-0.519384954846343,-0.756180270284477,"LE2-1301.011","FCM"
1856,-0.621641298840038,-0.634970676617621,"LE2-1301.011","FCM"
1857,-0.515306232929416,-0.734737797820251,"LE2-1301.011","FCM"
1858,0.19354834831614,-0.34369190170897,"LE2-1301.011","FCM"
1859,0.430184608010318,-0.213817140031802,"LE2-1301.011","FCM"
1860,0.239519684702861,-0.219805678885297,"LE2-1301.011","FCM"
1861,-0.0437984841433948,-0.554514925917666,"LE2-1301.011","FCM"
1862,-0.201370335942227,-0.0994935868910206,"LE2-1301.011","FCM"
1863,0.662432959178901,0.329846241115199,"LE2-1301.011","FCM"
1864,0.324358441736072,0.132299037619955,"LE2-1301.011","FCM"
1865,0.163494055408694,0.0919632592650493,"LE2-1301.011","FCM"
1866,0.00629342054443582,-0.113075140599028,"LE2-1301.011","FCM"
1867,-0.383927448908707,-0.437249516357295,"LE2-1301.011","FCM"
1868,-0.43954099506113,-0.579848709243504,"LE2-1301.011","FCM"
1869,-0.530580350391231,-0.360636001605329,"LE2-1301.011","FCM"
1870,-0.248384588188587,0.0164533808374582,"LE2-1301.011","FCM"
1871,-0.0409727670441436,0.0876347579857729,"LE2-1301.011","FCM"
1872,-0.559602879938983,-0.719843184121708,"LE2-1301.011","FCM"
1873,-1.1353771891972,-0.684890416868349,"LE2-1301.011","FCM"
1874,-0.606174827513446,-0.233848447392272,"LE2-1301.011","FCM"
1875,0.327363191093653,0.719320154097515,"LE2-1301.011","FCM"
1876,0.812109579734479,0.919096505959704,"LE2-1301.011","FCM"
1877,0.492051751933607,0.300489705958318,"LE2-1301.011","FCM"
1878,0.528384029521404,0.630370405398713,"LE2-1301.011","FCM"
1879,0.148851318475895,0.115849025948324,"LE2-1301.011","FCM"
1880,-0.462438859376676,-0.215779232065477,"LE2-1301.011","FCM"
1881,-0.524597642275147,-0.546314416891172,"LE2-1301.011","FCM"
1882,-0.891440007216254,-0.783437363213535,"LE2-1301.011","FCM"
1883,-0.798079405416425,-1.17787890897828,"LE2-1301.011","FCM"
1884,-0.210801239281376,-0.508518519198355,"LE2-1301.011","FCM"
1885,0.434092560250765,-0.115399823671517,"LE2-1301.011","FCM"
1886,0.00315976511974196,-0.473983244933011,"LE2-1301.011","FCM"
1887,-0.181201345295332,-0.693752766330428,"LE2-1301.011","FCM"
1888,-0.739222578982214,-0.897607129453262,"LE2-1301.011","FCM"
1889,-0.0188736066042135,-0.555067133487317,"LE2-1301.011","FCM"
1890,-0.148131847584834,-0.64312372237533,"LE2-1301.011","FCM"
1891,-0.0148266941927087,-0.36871104575944,"LE2-1301.011","FCM"
1892,-0.149896306368032,-0.560967020422195,"LE2-1301.011","FCM"
1893,0.456024134715263,0.424106923543315,"LE2-1301.011","FCM"
1894,0.593517683861124,-0.13909410079502,"LE2-1301.011","FCM"
1895,1.22175596527495,0.913429051924638,"LE2-1301.011","FCM"
1896,0.336027573305498,-0.410842068051068,"LE2-1301.011","FCM"
1897,0.301295460251618,-0.155675096367829,"LE2-1301.011","FCM"
1898,0.100454702071887,0.865033349638182,"LE2-1301.011","FCM"
1899,0.0773318766327642,0.242393961266092,"LE2-1301.011","FCM"
1900,-0.418873567322655,-0.336879661118705,"LE2-1301.011","FCM"
1901,-0.686002084167283,0.0194643996441734,"LE2-1301.011","FCM"
1902,0.0365385547856883,0.35326070140195,"LE2-1301.011","FCM"
1903,0.553486322639812,0.816719269498312,"LE2-1301.011","FCM"
1904,0.686148781773656,0.629044406689491,"LE2-1301.011","FCM"
1905,0.345773328685418,0.436326908692856,"LE2-1301.011","FCM"
1906,0.456532027204549,0.421545818095036,"LE2-1301.011","FCM"
1907,0.0906545215181226,0.199955462419004,"LE2-1301.011","FCM"
1908,-0.545120337678321,-0.601864535241,"LE2-1301.011","FCM"
1909,-0.53344519326659,-0.289808987323164,"LE2-1301.011","FCM"
1910,-0.221876570835838,-0.492509033475472,"LE2-1301.011","FCM"
1911,-1.10690345351179,-0.767761092054154,"LE2-1301.011","FCM"
1912,-0.643454460072916,-0.324656140995708,"LE2-1301.011","FCM"
1913,-0.459851489971177,-0.377893800319285,"LE2-1301.011","FCM"
1914,0.433952536894171,0.606653600009005,"LE2-1301.011","FCM"
1915,0.352726708766463,0.466973436790201,"LE2-1301.011","FCM"
1916,0.286415580112873,-0.0443994774452854,"LE2-1301.011","FCM"
1917,-0.181939259433906,-0.497261964321705,"LE2-1301.011","FCM"
1918,-0.0244598981414469,-0.312482889344975,"LE2-1301.011","FCM"
1919,0.323217473365391,-0.147989725542126,"LE2-1301.011","FCM"
1920,-0.169684730027994,-0.405713815261923,"LE2-1301.011","FCM"
1921,0.0673488386478461,-0.371099101962136,"LE2-1301.011","FCM"
1922,0.740556376043596,-0.159307026627596,"LE2-1301.011","FCM"
1923,0.828666997854276,0.942850834310052,"LE2-1301.011","FCM"
1924,0.0366889258216107,-0.0054512319622052,"LE2-1301.011","FCM"
1925,-0.0118936001992269,-0.0209422989171221,"LE2-1301.011","FCM"
1926,0.0606325382173435,0.0607803791840128,"LE2-1301.011","FCM"
1927,-0.41362415917407,-0.277032580399737,"LE2-1301.011","FCM"
1928,-0.829780651054235,-0.401981423512941,"LE2-1301.011","FCM"
1929,-0.384655427895659,0.181454661795522,"LE2-1301.011","FCM"
1930,-0.147237753635522,-0.462026242623466,"LE2-1301.011","FCM"
1931,0.284515127201574,0.0868897499654469,"LE2-1301.011","FCM"
1932,0.118169461997465,0.0397580047916838,"LE2-1301.011","FCM"
1933,-0.591327314141339,-0.731501157000352,"LE2-1301.011","FCM"
1934,-0.670431473101351,-0.641891687458156,"LE2-1301.011","FCM"
1935,-0.708022126501798,-0.256419641127431,"LE2-1301.011","FCM"
1936,-0.494835210503634,0.0892879815655387,"LE2-1301.011","FCM"
1937,1.13503623045243,0.297207275353333,"LE2-1301.011","FCM"
1938,0.254853678558216,-0.569292977269612,"LE2-1301.011","FCM"
1939,-0.119488379552003,-0.25412670386441,"LE2-1301.011","FCM"
1940,0.630273650676852,0.443484346660142,"LE2-1301.011","FCM"
1941,0.412201591101195,-0.00576560751780431,"LE2-1301.011","FCM"
1942,0.482338176943559,0.409899984578764,"LE2-1301.011","FCM"
1943,0.506499477153994,0.433072559930092,"LE2-1301.011","FCM"
1944,-0.155277410388251,-0.274895455727152,"LE2-1301.011","FCM"
1945,-0.365922610189217,-0.477601975980832,"LE2-1301.011","FCM"
1946,-1.0750015571064,-1.05249547089914,"LE2-1301.011","FCM"
1947,0.401431755121062,0.0801178052494928,"LE2-1301.011","FCM"
1948,0.195764944844135,-0.137318345037731,"LE2-1301.011","FCM"
1949,-0.455245716695812,-0.59105165125659,"LE2-1301.011","FCM"
1950,-0.0921273092491777,0.0977141392372021,"LE2-1301.011","FCM"
1951,-0.650687551196283,-0.486072793146554,"LE2-1301.011","FCM"
1952,0.153488526341535,-0.21822068990514,"LE2-1301.011","FCM"
1953,0.0686024876252865,0.0630689226426509,"LE2-1301.011","FCM"
1954,0.280214028989559,0.454223326251,"LE2-1301.011","FCM"
1955,0.839106293766696,0.610465414520643,"LE2-1301.011","FCM"
1956,0.869945637090536,0.913242030867654,"LE2-1301.011","FCM"
1957,0.0564618573028,-0.163096523657035,"LE2-1301.011","FCM"
1958,0.0997047165208222,-0.288772923958368,"LE2-1301.011","FCM"
1959,-0.10166534393054,-0.054071936949623,"LE2-1301.011","FCM"
1960,0.101105050656716,0.638370301497604,"LE2-1301.011","FCM"
1961,1.02320089695559,0.441605728134098,"LE2-1301.011","FCM"
1962,-0.115858350808328,-0.29197560102071,"LE2-1301.011","FCM"
1963,0.18490084781717,-0.0739590592406488,"LE2-1301.011","FCM"
1964,-0.534694955492514,0.0367488193225862,"LE2-1301.011","FCM"
1965,-0.159005344777182,0.0229115613114846,"LE2-1301.011","FCM"
1966,0.0376839035123758,-0.00242664368291195,"LE2-1301.011","FCM"
1967,-0.0909830744274764,-0.351526270582999,"LE2-1301.011","FCM"
1968,-0.603047607638659,-0.701342687250374,"LE2-1301.011","FCM"
1969,-1.20857375121359,-0.936202566673698,"LE2-1301.011","FCM"
1970,-1.29439217259694,-0.679200637450885,"LE2-1301.011","FCM"
1971,-0.443313169145781,-0.513067125374476,"LE2-1301.011","FCM"
1972,-0.782842781201231,-0.369280202063735,"LE2-1301.011","FCM"
1973,-0.3495721970601,-0.334563782828063,"LE2-1301.011","FCM"
1974,-0.345655953031874,0.265246608918815,"LE2-1301.011","FCM"
1975,-0.943430038038471,-0.403892695483176,"LE2-1301.011","FCM"
1976,-0.577105758409451,-0.75803407562235,"LE2-1301.011","FCM"
1977,-0.403809475131991,-0.719508654845789,"LE2-1301.011","FCM"
1978,-0.860306247374674,-0.546395260604932,"LE2-1301.011","FCM"
1979,-0.0354216262207859,0.0868526173631663,"LE2-1301.011","FCM"
1980,0.900400413178756,1.12001485433374,"LE2-1301.011","FCM"
1981,-0.33885160368961,-0.0872839357545736,"LE2-1301.011","FCM"
1982,-0.902598299177921,-0.195228028632069,"LE2-1301.011","FCM"
1983,-0.430652630857308,-0.292217988976576,"LE2-1301.011","FCM"
1984,-0.117864374881203,-0.0803034792185162,"LE2-1301.011","FCM"
1985,-0.0970876870975252,-0.142058743218868,"LE2-1301.011","FCM"
1986,0.826111020514418,0.460206965265268,"LE2-1301.011","FCM"
1987,-0.128723351359597,-0.633573144083071,"LE2-1301.011","FCM"
1988,-0.541436233106259,-0.449489301539495,"LE2-1301.011","FCM"
1989,0.122312191247795,-0.785712764217604,"LE2-1301.011","FCM"
1990,0.634001102510035,0.0256996054521369,"LE2-1301.011","FCM"
1991,0.0195347046182267,-0.218380086571186,"LE2-1301.011","FCM"
1992,-0.860626156762853,-0.725836425420936,"LE2-1301.011","FCM"
1993,-0.343744712636848,-0.200809662670308,"LE2-1301.011","FCM"
1994,0.195397631593966,-0.264645652228064,"LE2-1301.011","FCM"
1995,-0.586732527612463,-0.687034113207587,"LE2-1301.011","FCM"
1996,-0.397320377156341,-0.649445645403721,"LE2-1301.011","FCM"
1997,-0.195689840417149,-0.419091467199782,"LE2-1301.011","FCM"
1998,1.30725814511822,0.917292926539702,"LE2-1301.011","FCM"
1999,0.765373710758204,0.575634354407041,"LE2-1301.011","FCM"
2000,0.532933010846427,0.460015429375712,"LE2-1301.011","FCM"
2001,0.410444630194509,0.551669591602883,"LE2-1301.011","FCM"
2002,0.587720065430779,0.91823981353667,"LE2-1301.011","FCM"
2003,0.359879173298479,0.133403434755961,"LE2-1301.011","FCM"
2004,0.0490646506511842,-0.233464269157654,"LE2-1301.011","FCM"
2005,0.212355571400021,0.519335659437893,"LE2-1301.011","FCM"
2006,-0.675487654479341,-0.569335194690107,"LE2-1301.011","FCM"
2007,-0.705306547713995,-0.308917224728163,"LE2-1301.011","FCM"
2008,0.224586859454284,0.525416783408417,"LE2-1301.011","FCM"
2009,0.195671427236693,-0.0922765415737202,"LE2-1301.011","FCM"
2010,-0.0202419693546175,-0.0661048681522123,"LE2-1301.011","FCM"
2011,-1.02459166619702,-0.630124074219738,"LE2-1301.011","FCM"
2012,0.0176301168411487,0.957348193293893,"LE2-1301.011","FCM"
2013,0.794338826108487,0.700999218847907,"LE2-1301.011","FCM"
2014,0.885045666938729,1.09326255375383,"LE2-1301.011","FCM"
1851,-1.27612553161921,-0.925973548440185,"LE2-1301.012","FCM"
1852,-0.945374139780181,-0.269887425045742,"LE2-1301.012","FCM"
1853,-0.50244672069926,-0.212390391850698,"LE2-1301.012","FCM"
1854,-0.91832800853783,-0.483900909509381,"LE2-1301.012","FCM"
1855,-1.10077739530498,-0.58565831988755,"LE2-1301.012","FCM"
1856,0.214628997049396,0.362052997137586,"LE2-1301.012","FCM"
1857,0.0280069977511388,-0.371606762206217,"LE2-1301.012","FCM"
1858,-0.550069277181359,-0.116429512821563,"LE2-1301.012","FCM"
1859,-0.122200465387814,-0.557514828746461,"LE2-1301.012","FCM"
1860,-0.217288236956805,-0.123995431343378,"LE2-1301.012","FCM"
1861,0.0455161081273436,0.333600083359688,"LE2-1301.012","FCM"
1862,-0.178741776918572,-0.418610092617396,"LE2-1301.012","FCM"
1863,-1.04476356393838,-0.827658173714756,"LE2-1301.012","FCM"
1864,-0.730040476316629,-0.972002825390765,"LE2-1301.012","FCM"
1865,-0.341312091742657,-0.642440641320933,"LE2-1301.012","FCM"
1866,-1.02851792845864,-0.893050711201069,"LE2-1301.012","FCM"
1867,-0.590839918693783,0.0553187287878133,"LE2-1301.012","FCM"
1868,-0.955873010918329,-0.0410148146713546,"LE2-1301.012","FCM"
1869,0.0980563175618667,0.715675317878721,"LE2-1301.012","FCM"
1870,0.370002372464276,0.30124582929707,"LE2-1301.012","FCM"
1871,0.493115679698,0.640634518989126,"LE2-1301.012","FCM"
1872,0.24100194812454,-0.331925220143186,"LE2-1301.012","FCM"
1873,0.455695445208872,-0.00142615745224212,"LE2-1301.012","FCM"
1874,0.677885379830682,-0.509988295331008,"LE2-1301.012","FCM"
1875,1.00512590801504,0.338632071546761,"LE2-1301.012","FCM"
1876,0.977388352928584,1.20947718525576,"LE2-1301.012","FCM"
1877,-0.0235417398919577,-0.0156020364691335,"LE2-1301.012","FCM"
1878,0.475950873902572,0.584985898465625,"LE2-1301.012","FCM"
1879,0.0179387789591104,-0.115081293926807,"LE2-1301.012","FCM"
1880,-0.488193820519309,-0.594900006262775,"LE2-1301.012","FCM"
1881,0.899895744860525,0.333721772561908,"LE2-1301.012","FCM"
1882,0.753881796470603,0.395777531684617,"LE2-1301.012","FCM"
1883,0.591244054323033,0.173297805097943,"LE2-1301.012","FCM"
1884,0.889660614930452,1.03117128792916,"LE2-1301.012","FCM"
1885,0.45644877426232,0.657863207038292,"LE2-1301.012","FCM"
1886,0.0201999800092582,-0.285614100756357,"LE2-1301.012","FCM"
1887,1.04722892043495,0.000683069426002343,"LE2-1301.012","FCM"
1888,0.280312078547392,-0.891854519901412,"LE2-1301.012","FCM"
1889,-0.699312973191089,-0.904840840540895,"LE2-1301.012","FCM"
1890,-0.61718032187221,-0.557385472349963,"LE2-1301.012","FCM"
1891,-0.441608275343058,-0.0268777642685532,"LE2-1301.012","FCM"
1892,-0.27168776834576,-0.336702407224917,"LE2-1301.012","FCM"
1893,-0.0376276715896602,0.395426157115519,"LE2-1301.012","FCM"
1894,0.22975065888101,0.450547320595909,"LE2-1301.012","FCM"
1895,0.286946567005339,0.0936051091956896,"LE2-1301.012","FCM"
1896,0.650405584073619,0.310401528267031,"LE2-1301.012","FCM"
1897,0.93106499035261,0.639777521804557,"LE2-1301.012","FCM"
1898,0.300148276025493,0.00421745452279759,"LE2-1301.012","FCM"
1899,-0.467585825641956,-0.680445367938673,"LE2-1301.012","FCM"
1900,0.279632211000335,-0.252337449369175,"LE2-1301.012","FCM"
1901,0.733939793422403,0.746826625060221,"LE2-1301.012","FCM"
1902,0.275014544098109,0.195748774753381,"LE2-1301.012","FCM"
1903,0.12264940508546,-0.471145136133533,"LE2-1301.012","FCM"
1904,0.3230566993135,0.508487149601407,"LE2-1301.012","FCM"
1905,0.0303457989627705,-0.101133302175972,"LE2-1301.012","FCM"
1906,0.713224335955795,0.758702016198105,"LE2-1301.012","FCM"
1907,0.240227827221283,0.258100419630463,"LE2-1301.012","FCM"
1908,-0.671015749968913,-0.887804245224851,"LE2-1301.012","FCM"
1909,-0.55261198984023,-0.855219787013946,"LE2-1301.012","FCM"
1910,-0.437100173109483,-0.737743434704738,"LE2-1301.012","FCM"
1911,-0.411738309893948,-0.204337670591619,"LE2-1301.012","FCM"
1912,-1.12691871921823,-0.860977566926058,"LE2-1301.012","FCM"
1913,0.230570586333577,0.0975729234829525,"LE2-1301.012","FCM"
1914,0.371072384204422,0.472561146245653,"LE2-1301.012","FCM"
1915,0.374715084718087,0.311112597067156,"LE2-1301.012","FCM"
1916,0.198102821860313,-0.60296474713325,"LE2-1301.012","FCM"
1917,-0.245308671236985,-0.392519328296459,"LE2-1301.012","FCM"
1918,-0.676256646883331,-0.882157379718076,"LE2-1301.012","FCM"
1919,-0.140888744260833,0.512002327261335,"LE2-1301.012","FCM"
1920,-0.703913215607958,-0.183533779416881,"LE2-1301.012","FCM"
1921,0.00320488848908893,0.171737535821094,"LE2-1301.012","FCM"
1922,0.190638240001007,0.0267284382206466,"LE2-1301.012","FCM"
1923,0.344135373150794,-0.0169641709075826,"LE2-1301.012","FCM"
1924,0.37357673383774,-0.412519060645642,"LE2-1301.012","FCM"
1925,0.55537616968958,-0.00519166527388769,"LE2-1301.012","FCM"
1926,0.252259877541456,0.133145090817273,"LE2-1301.012","FCM"
1927,0.0951564906613754,0.497452005796771,"LE2-1301.012","FCM"
1928,0.0465674893215465,0.145055499911096,"LE2-1301.012","FCM"
1929,-0.0917532671205683,0.377087146097726,"LE2-1301.012","FCM"
1930,-0.944542603257025,0.0663657368018784,"LE2-1301.012","FCM"
1931,-0.409557811257724,-0.0506858948036892,"LE2-1301.012","FCM"
1932,-0.145228202938516,0.319046612916721,"LE2-1301.012","FCM"
1933,-0.389640100804264,-0.336270942485598,"LE2-1301.012","FCM"
1934,-0.00127074765957001,-0.127284620689602,"LE2-1301.012","FCM"
1935,0.0330225694010576,-0.0964938069677889,"LE2-1301.012","FCM"
1936,-0.577653466130477,-0.861278699828889,"LE2-1301.012","FCM"
1937,-0.474368863156965,-0.8273018803579,"LE2-1301.012","FCM"
1938,-0.042664316847615,-0.414238712589111,"LE2-1301.012","FCM"
1939,0.459530597256349,-0.272382810529605,"LE2-1301.012","FCM"
1940,-0.464153881170078,-0.738873682885971,"LE2-1301.012","FCM"
1941,-0.605800687458917,-0.356650056958748,"LE2-1301.012","FCM"
1942,0.396006529593465,0.248388018739686,"LE2-1301.012","FCM"
1943,-0.113290971129207,-0.323804884005656,"LE2-1301.012","FCM"
1944,-0.316998419327584,0.443366038009247,"LE2-1301.012","FCM"
1945,-0.50925279414347,-0.977174664803478,"LE2-1301.012","FCM"
1946,-0.00565360277037324,-0.401690463271725,"LE2-1301.012","FCM"
1947,-0.47745541932072,-0.665371687729423,"LE2-1301.012","FCM"
1948,-1.1642807881484,-1.11924790007972,"LE2-1301.012","FCM"
1949,-0.589371556266906,-0.932585487226869,"LE2-1301.012","FCM"
1950,-0.644796744406772,-0.554687988093164,"LE2-1301.012","FCM"
1951,-1.22532317368286,-0.95138101172934,"LE2-1301.012","FCM"
1952,-1.62711109242134,-0.938714261745821,"LE2-1301.012","FCM"
1953,-0.758320213507506,-0.395492781128177,"LE2-1301.012","FCM"
1954,-0.519629580043272,-0.540567395352567,"LE2-1301.012","FCM"
1955,0.0826463626904771,0.669029946245194,"LE2-1301.012","FCM"
1956,0.0720074582215556,0.171755268830005,"LE2-1301.012","FCM"
1957,0.139907423332896,0.251820876227938,"LE2-1301.012","FCM"
1958,0.18496135601357,-0.224755251364198,"LE2-1301.012","FCM"
1959,-0.729308449534035,-0.750299201467926,"LE2-1301.012","FCM"
1960,-0.237211797503189,-0.382249356253156,"LE2-1301.012","FCM"
1961,-0.358179266563838,-0.187727806478145,"LE2-1301.012","FCM"
1962,0.167221829095396,0.876365835818368,"LE2-1301.012","FCM"
1963,0.289421418611193,0.884331032325234,"LE2-1301.012","FCM"
1964,-0.0387997131692523,0.379369307516057,"LE2-1301.012","FCM"
1965,-0.0868480401251136,0.182506873392513,"LE2-1301.012","FCM"
1966,-0.598127258871428,-0.73516947652353,"LE2-1301.012","FCM"
1967,0.123536022555233,-0.197815871468677,"LE2-1301.012","FCM"
1968,-0.297968038594683,-0.578017493507902,"LE2-1301.012","FCM"
1969,-0.701750604560602,-0.995776988911808,"LE2-1301.012","FCM"
1970,0.335351538112089,0.188408852274987,"LE2-1301.012","FCM"
1971,0.227394794947245,-0.173716162216765,"LE2-1301.012","FCM"
1972,-0.128944074030633,-0.177728467309134,"LE2-1301.012","FCM"
1973,-0.312415848897644,-0.532246508212885,"LE2-1301.012","FCM"
1974,-0.509993609991629,-0.623734705449022,"LE2-1301.012","FCM"
1975,-0.443271303480502,-1.01815381785663,"LE2-1301.012","FCM"
1976,-0.129487899203551,-0.654721072950406,"LE2-1301.012","FCM"
1977,0.443159754337294,0.256133246466225,"LE2-1301.012","FCM"
1978,-0.0624726093252094,-0.275493919649552,"LE2-1301.012","FCM"
1979,-0.229113129065295,-0.46274279963811,"LE2-1301.012","FCM"
1980,0.0597328555696692,0.290062535442735,"LE2-1301.012","FCM"
1981,-0.294933989739509,-0.0342913743236425,"LE2-1301.012","FCM"
1982,-0.171055491488121,0.278497705711193,"LE2-1301.012","FCM"
1983,-0.295178511651701,-0.169224807127951,"LE2-1301.012","FCM"
1984,-0.158317427644165,-0.368494645710192,"LE2-1301.012","FCM"
1985,0.558527048706786,0.587575624809096,"LE2-1301.012","FCM"
1986,0.264301542209642,0.13210948446507,"LE2-1301.012","FCM"
1987,0.0560135647155623,0.389308844188916,"LE2-1301.012","FCM"
1988,-0.274481753081097,-0.53205822462321,"LE2-1301.012","FCM"
1989,-0.699394056112502,-0.0987779615733205,"LE2-1301.012","FCM"
1990,-0.131611013845199,-0.174581774770483,"LE2-1301.012","FCM"
1991,0.158610460360376,0.115317320260258,"LE2-1301.012","FCM"
1992,-0.137396359360638,-0.0202169491454808,"LE2-1301.012","FCM"
1993,-0.157701655615075,-0.262321809251336,"LE2-1301.012","FCM"
1994,0.459178809028222,-0.00605311077070245,"LE2-1301.012","FCM"
1995,0.116456653388613,-0.646807479356631,"LE2-1301.012","FCM"
1996,0.288366008520441,-0.442947523899589,"LE2-1301.012","FCM"
1997,1.34803418910515,0.945240893844902,"LE2-1301.012","FCM"
1998,0.623123143229035,0.0880487207996956,"LE2-1301.012","FCM"
1999,-0.21929576231896,-0.106271443907636,"LE2-1301.012","FCM"
2000,0.00285229454139317,0.0622833472057994,"LE2-1301.012","FCM"
2001,-0.775140344663949,-0.433835411619285,"LE2-1301.012","FCM"
2002,-0.937147756832825,-0.20466980520353,"LE2-1301.012","FCM"
2003,0.997719620187817,1.43438830752186,"LE2-1301.012","FCM"
2004,0.0792314330833195,0.145718636162858,"LE2-1301.012","FCM"
2005,-0.644295178892389,-0.0488603580952497,"LE2-1301.012","FCM"
2006,-1.10176192295536,-0.852105166097326,"LE2-1301.012","FCM"
2007,0.355928769526521,0.150249313880782,"LE2-1301.012","FCM"
2008,0.074812510734451,-0.0996948836373135,"LE2-1301.012","FCM"
2009,0.148409131191266,-0.333496798150906,"LE2-1301.012","FCM"
2010,0.588052029737898,0.519395974653523,"LE2-1301.012","FCM"
2011,0.217272540159453,0.305441412119266,"LE2-1301.012","FCM"
2012,0.732128173624219,0.520726680835483,"LE2-1301.012","FCM"
2013,0.683068996991282,0.347836332505904,"LE2-1301.012","FCM"
2014,0.322473391771762,0.217570155571187,"LE2-1301.012","FCM"
1851,-0.0828064239532206,0.725746488438674,"LE2-1301.013","FCM"
1852,-0.669029968167403,0.37570900707637,"LE2-1301.013","FCM"
1853,0.199871694010647,0.205236386126577,"LE2-1301.013","FCM"
1854,0.602565336854051,0.171168458596352,"LE2-1301.013","FCM"
1855,-0.163987692761437,-0.0526281943229183,"LE2-1301.013","FCM"
1856,-0.192743141458345,-0.219423697936486,"LE2-1301.013","FCM"
1857,0.260509765969857,-0.0752343011549605,"LE2-1301.013","FCM"
1858,-0.531665359255479,-0.370000012639978,"LE2-1301.013","FCM"
1859,-0.555746770077021,-0.014082355159114,"LE2-1301.013","FCM"
1860,-0.251605746197209,-0.153539126288031,"LE2-1301.013","FCM"
1861,0.191541404514657,-0.113085875815956,"LE2-1301.013","FCM"
1862,-0.0937773545368189,0.0658626709471872,"LE2-1301.013","FCM"
1863,0.866493139184368,0.799160632051193,"LE2-1301.013","FCM"
1864,0.0658900267328253,0.205000274246857,"LE2-1301.013","FCM"
1865,0.253785103691285,-0.120809395851692,"LE2-1301.013","FCM"
1866,0.707517258909431,0.956832642350147,"LE2-1301.013","FCM"
1867,-0.697233961122021,-0.409504925750321,"LE2-1301.013","FCM"
1868,-0.604133821255081,-0.499521465073655,"LE2-1301.013","FCM"
1869,-0.779295008515482,-0.642903358922993,"LE2-1301.013","FCM"
1870,-0.162148120388679,-0.221929094626448,"LE2-1301.013","FCM"
1871,-0.422628308426825,-0.364017993527282,"LE2-1301.013","FCM"
1872,-0.468314064047495,-0.461941569914081,"LE2-1301.013","FCM"
1873,0.479693423204985,-0.165126846798617,"LE2-1301.013","FCM"
1874,0.220004456457692,-0.0404717987613546,"LE2-1301.013","FCM"
1875,-0.0708553970510556,-0.414777270753036,"LE2-1301.013","FCM"
1876,-0.99576302936302,-1.02098838288304,"LE2-1301.013","FCM"
1877,0.488131359006681,0.567918004218883,"LE2-1301.013","FCM"
1878,-0.340567146312286,-0.38980889462418,"LE2-1301.013","FCM"
1879,-0.916596982533001,0.173339725591727,"LE2-1301.013","FCM"
1880,-0.721713420246307,-0.0868879986403734,"LE2-1301.013","FCM"
1881,0.20014440241866,0.199100461728131,"LE2-1301.013","FCM"
1882,-0.27305275901135,0.110879126639377,"LE2-1301.013","FCM"
1883,0.235234794669611,-0.161469524625221,"LE2-1301.013","FCM"
1884,0.0139321499251876,-0.134852679554908,"LE2-1301.013","FCM"
1885,0.0172933946048306,-0.752830916606361,"LE2-1301.013","FCM"
1886,0.330986414455405,-0.115036841825422,"LE2-1301.013","FCM"
1887,-0.489167115248261,-0.588178691230092,"LE2-1301.013","FCM"
1888,-0.107441137117733,0.182999327868274,"LE2-1301.013","FCM"
1889,-0.316054085728447,0.059063411482364,"LE2-1301.013","FCM"
1890,0.372581527439209,0.386366165632998,"LE2-1301.013","FCM"
1891,0.417640608125239,0.970928632611158,"LE2-1301.013","FCM"
1892,0.384754601601931,0.658738677067323,"LE2-1301.013","FCM"
1893,0.773970357900058,0.757142443134664,"LE2-1301.013","FCM"
1894,0.288339787889558,-0.439257078796762,"LE2-1301.013","FCM"
1895,-0.0757640299799388,-0.524684677760292,"LE2-1301.013","FCM"
1896,-0.263753384478181,-0.659149535302024,"LE2-1301.013","FCM"
1897,0.657874722346496,-0.0085978447002695,"LE2-1301.013","FCM"
1898,0.356594062184677,0.940776093012391,"LE2-1301.013","FCM"
1899,-0.182134087620617,0.0365317133243831,"LE2-1301.013","FCM"
1900,0.650164870185296,0.566784843445687,"LE2-1301.013","FCM"
1901,1.05331913208924,-0.0851291249652166,"LE2-1301.013","FCM"
1902,-0.0402640890258813,-0.384129866151297,"LE2-1301.013","FCM"
1903,-0.187171928975009,-0.519760667739807,"LE2-1301.013","FCM"
1904,0.711419472493596,0.740174813994227,"LE2-1301.013","FCM"
1905,0.130919443228484,-0.0662223093474736,"LE2-1301.013","FCM"
1906,0.450414197728316,0.628473043862686,"LE2-1301.013","FCM"
1907,-0.172437931591708,-0.00771001705568699,"LE2-1301.013","FCM"
1908,-0.595287149976725,-0.110087826668127,"LE2-1301.013","FCM"
1909,-0.103149799586779,0.485885382115464,"LE2-1301.013","FCM"
1910,-0.265002929308413,-0.472278351584605,"LE2-1301.013","FCM"
1911,-0.139977038178994,-0.146149600924542,"LE2-1301.013","FCM"
1912,-0.111071750726834,-0.599505348240666,"LE2-1301.013","FCM"
1913,0.177682228177631,-0.320260555393016,"LE2-1301.013","FCM"
1914,-0.411557767230437,-0.447020551836217,"LE2-1301.013","FCM"
1915,-0.809496384528026,-1.009240136202,"LE2-1301.013","FCM"
1916,-0.505771163544102,-0.117062728740077,"LE2-1301.013","FCM"
1917,0.029232549665024,0.459352343910332,"LE2-1301.013","FCM"
1918,0.611958948930512,0.29110662140262,"LE2-1301.013","FCM"
1919,0.513701472231897,0.148094309459458,"LE2-1301.013","FCM"
1920,0.497468031050512,0.280052649702976,"LE2-1301.013","FCM"
1921,1.65814832153726,1.79127905368963,"LE2-1301.013","FCM"
1922,1.24621847924795,1.41803212383478,"LE2-1301.013","FCM"
1923,0.931341784351007,0.910355558897097,"LE2-1301.013","FCM"
1924,1.4101351302247,1.31479438381693,"LE2-1301.013","FCM"
1925,0.77341941124941,0.385909955676425,"LE2-1301.013","FCM"
1926,0.0940995376293322,0.707339993872988,"LE2-1301.013","FCM"
1927,0.143009852239442,1.06198644845497,"LE2-1301.013","FCM"
1928,0.6550322307755,1.05378700842699,"LE2-1301.013","FCM"
1929,0.113283083240554,0.29157798868001,"LE2-1301.013","FCM"
1930,0.379155222439149,0.425538625163394,"LE2-1301.013","FCM"
1931,-0.011627182042615,0.0293323752967229,"LE2-1301.013","FCM"
1932,-0.201845605007277,-0.227970585431393,"LE2-1301.013","FCM"
1933,-0.405258222397015,0.30943261793382,"LE2-1301.013","FCM"
1934,0.277050006945238,0.517116401091929,"LE2-1301.013","FCM"
1935,-0.312452400110115,-0.325754678428167,"LE2-1301.013","FCM"
1936,-1.1971832200141,-0.851494317887783,"LE2-1301.013","FCM"
1937,-0.618441217819069,-0.521529457464991,"LE2-1301.013","FCM"
1938,0.303869642019122,0.630128068684356,"LE2-1301.013","FCM"
1939,0.389189664633096,-0.220182647628101,"LE2-1301.013","FCM"
1940,0.737568491281768,0.758790633253313,"LE2-1301.013","FCM"
1941,0.589915688310307,0.6081947880385,"LE2-1301.013","FCM"
1942,-0.0492284640934121,-0.278648085169726,"LE2-1301.013","FCM"
1943,-0.529168589816274,-0.655127903698614,"LE2-1301.013","FCM"
1944,-1.31049147754387,-0.996006410845726,"LE2-1301.013","FCM"
1945,-0.752415071070089,-0.771517524746763,"LE2-1301.013","FCM"
1946,0.383524959372074,-0.391972529608141,"LE2-1301.013","FCM"
1947,-0.332186768516068,-0.692822037341857,"LE2-1301.013","FCM"
1948,-0.694482497818372,-0.59800230715632,"LE2-1301.013","FCM"
1949,-0.723105530936487,-0.7094547200201,"LE2-1301.013","FCM"
1950,0.437482186322719,0.428406723202675,"LE2-1301.013","FCM"
1951,0.552643226464643,-0.29175006785927,"LE2-1301.013","FCM"
1952,0.0592330756867417,-0.236110840402651,"LE2-1301.013","FCM"
1953,0.181333765486668,0.209259434081098,"LE2-1301.013","FCM"
1954,-0.183054296247991,-0.386780806032984,"LE2-1301.013","FCM"
1955,-0.611546391348925,-0.348015156776872,"LE2-1301.013","FCM"
1956,-0.960339167070092,-0.136863982644353,"LE2-1301.013","FCM"
1957,-0.349528836231902,0.147595373842239,"LE2-1301.013","FCM"
1958,0.753573444030181,0.868094160134631,"LE2-1301.013","FCM"
1959,0.611364811805945,0.170625520418751,"LE2-1301.013","FCM"
1960,0.988725564936918,1.20559197660793,"LE2-1301.013","FCM"
1961,-0.143545627657864,-0.00740487410351269,"LE2-1301.013","FCM"
1962,0.823384852029073,0.43512970626564,"LE2-1301.013","FCM"
1963,0.0190243790158184,-0.187063457460766,"LE2-1301.013","FCM"
1964,-0.91429682246199,-0.632939356348511,"LE2-1301.013","FCM"
1965,-0.155618480707676,-0.296546743884694,"LE2-1301.013","FCM"
1966,0.141060818260996,0.417863664790503,"LE2-1301.013","FCM"
1967,-0.800271730107589,-0.529902519439043,"LE2-1301.013","FCM"
1968,-1.30621697264169,-1.23226894125728,"LE2-1301.013","FCM"
1969,-0.709754284041566,-1.17227428652698,"LE2-1301.013","FCM"
1970,-0.557554331392498,-0.912946502744213,"LE2-1301.013","FCM"
1971,-1.16222878537307,-1.65671572233668,"LE2-1301.013","FCM"
1972,-1.09322076722532,-0.586118392578274,"LE2-1301.013","FCM"
1973,-0.351585077358516,-0.239536293525431,"LE2-1301.013","FCM"
1974,-0.0581842091153322,0.561600122324391,"LE2-1301.013","FCM"
1975,0.440115319268555,0.39530035034066,"LE2-1301.013","FCM"
1976,-0.00586839977781266,-0.0810376161167889,"LE2-1301.013","FCM"
1977,-0.619009702023678,-0.467769767203728,"LE2-1301.013","FCM"
1978,0.0517385506898272,-0.23296835285698,"LE2-1301.013","FCM"
1979,-0.364000513282553,-0.55223063535475,"LE2-1301.013","FCM"
1980,0.144809751054471,-0.225956873880104,"LE2-1301.013","FCM"
1981,0.294668807370133,0.0432002587457821,"LE2-1301.013","FCM"
1982,0.664437819739594,0.509547006483119,"LE2-1301.013","FCM"
1983,0.425421755588635,-0.0802231840437133,"LE2-1301.013","FCM"
1984,-0.14481539526731,-0.232427377385722,"LE2-1301.013","FCM"
1985,-0.520676395375716,-0.250405340824487,"LE2-1301.013","FCM"
1986,-0.635075198247722,-0.147107150228701,"LE2-1301.013","FCM"
1987,-0.142771356321465,0.0487682091529233,"LE2-1301.013","FCM"
1988,0.617683499391444,0.936182931673812,"LE2-1301.013","FCM"
1989,0.0765787115022251,0.106788520623612,"LE2-1301.013","FCM"
1990,-0.68875909937609,-0.651022708323296,"LE2-1301.013","FCM"
1991,-1.04643136561396,-0.788350171601664,"LE2-1301.013","FCM"
1992,0.582109518274184,1.10298884955948,"LE2-1301.013","FCM"
1993,0.608044216750613,0.320458398178452,"LE2-1301.013","FCM"
1994,0.395919848383067,0.102114057376626,"LE2-1301.013","FCM"
1995,-0.194734053307517,-0.0341694779925573,"LE2-1301.013","FCM"
1996,-0.0682384159778838,-0.186133761659456,"LE2-1301.013","FCM"
1997,-0.478163828079625,-0.727893632670547,"LE2-1301.013","FCM"
1998,0.255768398801666,-0.0156787463456023,"LE2-1301.013","FCM"
1999,-0.537142466667013,-0.266269264421978,"LE2-1301.013","FCM"
2000,0.486167672828547,0.153211565965103,"LE2-1301.013","FCM"
2001,1.0310240558578,1.04020383251749,"LE2-1301.013","FCM"
2002,1.47719306460269,1.77740925143393,"LE2-1301.013","FCM"
2003,0.742049933285795,0.985549867841983,"LE2-1301.013","FCM"
2004,0.311514585657946,0.545637051317359,"LE2-1301.013","FCM"
2005,0.083758712148051,0.421858962028917,"LE2-1301.013","FCM"
2006,0.365524843895488,0.514573618457017,"LE2-1301.013","FCM"
2007,0.936255173824079,0.789085840469099,"LE2-1301.013","FCM"
2008,0.229823398579869,-0.446188831776554,"LE2-1301.013","FCM"
2009,-0.686684375840337,-0.636333494735459,"LE2-1301.013","FCM"
2010,-1.0831389549385,-1.16383830879985,"LE2-1301.013","FCM"
2011,-0.526730443004282,-0.498647168355665,"LE2-1301.013","FCM"
2012,0.512481404460999,-0.0753791076292287,"LE2-1301.013","FCM"
2013,0.214103133415215,0.0373233941460925,"LE2-1301.013","FCM"
2014,-0.574362812993142,-0.508054474321275,"LE2-1301.013","FCM"
1851,-0.614825084536059,-0.349269615490016,"LE2-1301.014","FCM"
1852,-0.379124636919098,-0.685364892670771,"LE2-1301.014","FCM"
1853,-0.998137351415255,-0.911693040528071,"LE2-1301.014","FCM"
1854,-0.270734790680745,0.0670512629095592,"LE2-1301.014","FCM"
1855,-0.00622622856095969,-0.0344110868271047,"LE2-1301.014","FCM"
1856,0.251121530103876,-0.108902390009098,"LE2-1301.014","FCM"
1857,-0.616860463341342,-0.804595146152897,"LE2-1301.014","FCM"
1858,-0.511300223126417,-0.766399117972592,"LE2-1301.014","FCM"
1859,0.357171647959621,-0.693235355667467,"LE2-1301.014","FCM"
1860,0.429178654496876,0.09687156235874,"LE2-1301.014","FCM"
1861,0.15343555329692,0.337773119116936,"LE2-1301.014","FCM"
1862,0.23811306922212,0.0900565132759587,"LE2-1301.014","FCM"
1863,-0.127271117379121,0.240168934518165,"LE2-1301.014","FCM"
1864,-0.274355084692153,0.144721283701942,"LE2-1301.014","FCM"
1865,0.408187154823817,-0.0153066945582439,"LE2-1301.014","FCM"
1866,0.468442755151312,-0.118806320156002,"LE2-1301.014","FCM"
1867,-0.455579881767781,-0.352344871908428,"LE2-1301.014","FCM"
1868,0.417764155873118,0.736489632097126,"LE2-1301.014","FCM"
1869,-0.304924748161118,-0.394834698315534,"LE2-1301.014","FCM"
1870,0.373811801149276,-0.42479237892266,"LE2-1301.014","FCM"
1871,-0.573014466708786,-1.05376514428441,"LE2-1301.014","FCM"
1872,-1.04535744395186,-0.627395612686806,"LE2-1301.014","FCM"
1873,-0.592253049309282,-0.43419551816158,"LE2-1301.014","FCM"
1874,0.221613088293117,0.384460102403789,"LE2-1301.014","FCM"
1875,0.17502168860941,-0.450535540024949,"LE2-1301.014","FCM"
1876,0.294575197327144,0.328505885201729,"LE2-1301.014","FCM"
1877,0.703098796301853,0.657271574618943,"LE2-1301.014","FCM"
1878,-0.343726596563272,-0.467392941079043,"LE2-1301.014","FCM"
1879,-0.640568125639368,-0.059630912438601,"LE2-1301.014","FCM"
1880,0.291793234261356,0.371282187474351,"LE2-1301.014","FCM"
1881,-0.244932813297071,0.164407562987684,"LE2-1301.014","FCM"
1882,0.892989923693079,1.11720464577213,"LE2-1301.014","FCM"
1883,0.290407505094879,0.532396728881943,"LE2-1301.014","FCM"
1884,0.513392360915811,0.583024844328962,"LE2-1301.014","FCM"
1885,-0.694456128840516,0.0949795469082074,"LE2-1301.014","FCM"
1886,-0.638545030036298,-0.593440241842105,"LE2-1301.014","FCM"
1887,-0.475972362586568,0.137177339915879,"LE2-1301.014","FCM"
1888,-0.734404724612007,-0.619774582184887,"LE2-1301.014","FCM"
1889,-0.204311875706784,-0.0526784793453943,"LE2-1301.014","FCM"
1890,0.029662879141374,0.0678361809392914,"LE2-1301.014","FCM"
1891,0.367764322889952,0.214053674327228,"LE2-1301.014","FCM"
1892,-0.144863205474294,0.59387685729282,"LE2-1301.014","FCM"
1893,0.889056204654301,0.945229621256157,"LE2-1301.014","FCM"
1894,1.03184487782195,0.834778878258642,"LE2-1301.014","FCM"
1895,0.840953185555991,0.550554126207574,"LE2-1301.014","FCM"
1896,0.498245202976525,0.435668553844361,"LE2-1301.014","FCM"
1897,0.0175381153551306,0.00438156574345338,"LE2-1301.014","FCM"
1898,-0.287198150955837,0.179318013288382,"LE2-1301.014","FCM"
1899,-0.313250638358141,0.364510118701749,"LE2-1301.014","FCM"
1900,-0.520258016600169,-0.609341146729181,"LE2-1301.014","FCM"
1901,-0.017484785169357,0.0247523911980669,"LE2-1301.014","FCM"
1902,0.128687831792847,0.0704723365724127,"LE2-1301.014","FCM"
1903,1.24493115310973,0.613190395233108,"LE2-1301.014","FCM"
1904,0.0849178728789022,-0.619867140514689,"LE2-1301.014","FCM"
1905,-0.765126006349694,-0.865117824387064,"LE2-1301.014","FCM"
1906,-1.03007578583194,-0.459022654706074,"LE2-1301.014","FCM"
1907,-0.730276044485119,-0.273955049360732,"LE2-1301.014","FCM"
1908,-0.340699311735353,0.211053927398478,"LE2-1301.014","FCM"
1909,0.105416824746752,0.128154400713695,"LE2-1301.014","FCM"
1910,0.113695493634983,-0.544434767902223,"LE2-1301.014","FCM"
1911,-0.746823300358064,-0.933533755031556,"LE2-1301.014","FCM"
1912,-0.679480692138561,-0.568515470541757,"LE2-1301.014","FCM"
1913,-0.724577102905064,-0.0885332257149114,"LE2-1301.014","FCM"
1914,-0.682696313588997,-1.04256157459945,"LE2-1301.014","FCM"
1915,-0.8882063798398,-1.22868601526051,"LE2-1301.014","FCM"
1916,-0.400995681710258,-0.625227098537801,"LE2-1301.014","FCM"
1917,-0.4421543099963,-1.09417294462992,"LE2-1301.014","FCM"
1918,-0.0719799507828154,-0.321210681274301,"LE2-1301.014","FCM"
1919,0.119468943187371,0.335666338722589,"LE2-1301.014","FCM"
1920,1.13769100822078,1.42351052298641,"LE2-1301.014","FCM"
1921,0.872067622358802,0.798896507981999,"LE2-1301.014","FCM"
1922,0.170163486706911,-0.0322900180086889,"LE2-1301.014","FCM"
1923,0.371681208093958,0.542990391341671,"LE2-1301.014","FCM"
1924,-0.164452076605501,-0.559121757149624,"LE2-1301.014","FCM"
1925,-0.49091129742506,-0.305908605066929,"LE2-1301.014","FCM"
1926,0.202705025248463,0.443458399862421,"LE2-1301.014","FCM"
1927,0.617794783401996,-0.0381613121176621,"LE2-1301.014","FCM"
1928,0.0625530500340696,0.367628080806942,"LE2-1301.014","FCM"
1929,-0.316157079422634,-0.0553578095714916,"LE2-1301.014","FCM"
1930,-0.436321211420287,-0.0882070806190153,"LE2-1301.014","FCM"
1931,0.301453145996916,0.323000424691811,"LE2-1301.014","FCM"
1932,-0.634619172823041,-0.7583319913063,"LE2-1301.014","FCM"
1933,-0.0598157605838465,0.0792499252647533,"LE2-1301.014","FCM"
1934,0.312565527080923,0.358735799655877,"LE2-1301.014","FCM"
1935,0.251490659051966,-0.238868735742968,"LE2-1301.014","FCM"
1936,0.362370939553112,-0.633710873848118,"LE2-1301.014","FCM"
1937,-1.32775398314014,-1.41894162498963,"LE2-1301.014","FCM"
1938,-1.17681607719222,-1.04324527286052,"LE2-1301.014","FCM"
1939,-0.893357530531229,-0.83697582836911,"LE2-1301.014","FCM"
1940,-0.13169654252019,0.0685201167601454,"LE2-1301.014","FCM"
1941,-0.221327370100061,-0.407856999078237,"LE2-1301.014","FCM"
1942,-0.655731748963023,0.205715645025397,"LE2-1301.014","FCM"
1943,-0.249759651993641,0.75531991592016,"LE2-1301.014","FCM"
1944,-0.119008768972197,0.02998213450473,"LE2-1301.014","FCM"
1945,0.082206631982361,0.0564274497417041,"LE2-1301.014","FCM"
1946,-0.803048226490878,-0.107430293155472,"LE2-1301.014","FCM"
1947,-1.02048778301506,-0.512607271073784,"LE2-1301.014","FCM"
1948,0.494188973877934,-0.116203914438094,"LE2-1301.014","FCM"
1949,1.63904333404392,1.55987671130384,"LE2-1301.014","FCM"
1950,1.31017171281784,1.25699117142706,"LE2-1301.014","FCM"
1951,0.0861823995626857,0.625348515013197,"LE2-1301.014","FCM"
1952,-0.337582836739582,0.20355721009487,"LE2-1301.014","FCM"
1953,0.00102141520289246,-0.13331875252863,"LE2-1301.014","FCM"
1954,0.607391084228736,0.147113210843578,"LE2-1301.014","FCM"
1955,0.113460516996113,-0.0437926238497006,"LE2-1301.014","FCM"
1956,-0.0255626245963565,-0.411779567064874,"LE2-1301.014","FCM"
1957,-0.172138472907789,-0.738533501022988,"LE2-1301.014","FCM"
1958,0.111420896320943,-0.853385462207163,"LE2-1301.014","FCM"
1959,0.419394901248263,0.00491276732706435,"LE2-1301.014","FCM"
1960,0.55757188966356,0.281178345307784,"LE2-1301.014","FCM"
1961,0.377290741163736,0.499280594105009,"LE2-1301.014","FCM"
1962,0.186292957246004,-0.0906794488639413,"LE2-1301.014","FCM"
1963,-0.274044526397415,-0.564753061406311,"LE2-1301.014","FCM"
1964,-0.719475937321285,-0.306713265026217,"LE2-1301.014","FCM"
1965,-0.60330748420168,0.0498906610964925,"LE2-1301.014","FCM"
1966,-0.0452163971708658,0.259712360202908,"LE2-1301.014","FCM"
1967,-0.0824903560453897,0.466196571389212,"LE2-1301.014","FCM"
1968,0.182393729741874,0.482511758854217,"LE2-1301.014","FCM"
1969,-0.743098449373272,-0.689792337271879,"LE2-1301.014","FCM"
1970,-0.305357610981134,-0.26343640119755,"LE2-1301.014","FCM"
1971,0.128946482463422,0.347120457826009,"LE2-1301.014","FCM"
1972,0.572451152029809,0.645614577303809,"LE2-1301.014","FCM"
1973,1.03604770346092,0.49792645847938,"LE2-1301.014","FCM"
1974,-0.233394234497333,-0.19834194470281,"LE2-1301.014","FCM"
1975,-0.776060843892294,-0.394656477552879,"LE2-1301.014","FCM"
1976,-0.0959699448939972,-0.273290132312719,"LE2-1301.014","FCM"
1977,-0.253507043341757,-0.351899607493688,"LE2-1301.014","FCM"
1978,-0.248568269814282,-0.00888110499005412,"LE2-1301.014","FCM"
1979,-0.745757857313419,-0.745817493995131,"LE2-1301.014","FCM"
1980,0.0749234779491603,-0.434054829147105,"LE2-1301.014","FCM"
1981,-0.479618082726971,-0.475237811079946,"LE2-1301.014","FCM"
1982,-0.605205831170508,-0.533109793536183,"LE2-1301.014","FCM"
1983,-0.159299224541739,-0.429058193888368,"LE2-1301.014","FCM"
1984,-0.145747348397383,-0.49822837801294,"LE2-1301.014","FCM"
1985,-0.86599421135237,-0.574504213368841,"LE2-1301.014","FCM"
1986,-1.167572117008,-0.630302358489285,"LE2-1301.014","FCM"
1987,-0.851381827825437,-0.251879876706476,"LE2-1301.014","FCM"
1988,-0.315106150648123,-0.212276451712878,"LE2-1301.014","FCM"
1989,0.484730629183178,-0.0537919408752189,"LE2-1301.014","FCM"
1990,-0.403483682163107,-0.669866489714996,"LE2-1301.014","FCM"
1991,-1.45897113961323,-0.729832677424691,"LE2-1301.014","FCM"
1992,-0.628185117826302,-0.326087196166814,"LE2-1301.014","FCM"
1993,-0.290768497949827,-0.777845565520866,"LE2-1301.014","FCM"
1994,-0.944700357485439,-0.463328190896294,"LE2-1301.014","FCM"
1995,-0.192494062361061,0.0868769798047161,"LE2-1301.014","FCM"
1996,0.0645408002191102,1.09901928599793,"LE2-1301.014","FCM"
1997,0.455061589707447,1.3074025743489,"LE2-1301.014","FCM"
1998,0.922399440993286,0.88253950675665,"LE2-1301.014","FCM"
1999,1.27797881702687,0.971291850318681,"LE2-1301.014","FCM"
2000,0.211592087504645,0.171801227050267,"LE2-1301.014","FCM"
2001,-0.234904877602393,-0.41285149388914,"LE2-1301.014","FCM"
2002,0.332396367852,0.194790998468209,"LE2-1301.014","FCM"
2003,-0.44804455700715,-0.515232709210298,"LE2-1301.014","FCM"
2004,-0.774794294195316,-0.207105321185011,"LE2-1301.014","FCM"
2005,0.262468950981192,0.450295166467223,"LE2-1301.014","FCM"
2006,0.237202670395011,0.893592486566136,"LE2-1301.014","FCM"
2007,0.920094699985786,0.512076592679293,"LE2-1301.014","FCM"
2008,0.157657458639753,-0.229295456639807,"LE2-1301.014","FCM"
2009,0.0379843991874065,-0.342906697725588,"LE2-1301.014","FCM"
2010,0.590840839450492,1.12276156576251,"LE2-1301.014","FCM"
2011,1.47513742700329,1.02982111694273,"LE2-1301.014","FCM"
2012,1.20206566368447,0.84304834080296,"LE2-1301.014","FCM"
2013,0.71010641528027,0.487730515482234,"LE2-1301.014","FCM"
2014,0.738955741442156,0.798061077878623,"LE2-1301.014","FCM"
1851,-0.592260541255108,-0.0707299485502914,"LE2-1301.015","FCM"
1852,-0.206580824044984,0.200024818104837,"LE2-1301.015","FCM"
1853,-0.667149803569122,-1.13664308097723,"LE2-1301.015","FCM"
1854,-1.0172665463468,-0.893673894463077,"LE2-1301.015","FCM"
1855,-0.982549930002916,-0.85715083466202,"LE2-1301.015","FCM"
1856,-0.267042250943053,0.725276345080092,"LE2-1301.015","FCM"
1857,0.44988426057892,0.378351935055126,"LE2-1301.015","FCM"
1858,0.425178559369684,0.309474842537179,"LE2-1301.015","FCM"
1859,0.155585620180006,0.137179721765674,"LE2-1301.015","FCM"
1860,-0.975824372048481,-0.712352153824989,"LE2-1301.015","FCM"
1861,-0.777822246838957,-0.406811279762339,"LE2-1301.015","FCM"
1862,0.172683956830417,-0.12833762460181,"LE2-1301.015","FCM"
1863,-0.728896681957892,-0.874585386954612,"LE2-1301.015","FCM"
1864,0.182813435371527,0.10989859404621,"LE2-1301.015","FCM"
1865,0.14986002796664,-0.0796692631728925,"LE2-1301.015","FCM"
1866,-0.329632067505017,-0.277598700958557,"LE2-1301.015","FCM"
1867,0.029508662333476,0.184321976334682,"LE2-1301.015","FCM"
1868,-0.853613961827555,-0.485679676708584,"LE2-1301.015","FCM"
1869,-0.248514526105733,-0.235942268081245,"LE2-1301.015","FCM"
1870,-0.0828728788803692,-0.0691360189277783,"LE2-1301.015","FCM"
1871,0.350862769777176,-0.174398564499803,"LE2-1301.015","FCM"
1872,0.519846394706868,-0.0213516952502875,"LE2-1301.015","FCM"
1873,-0.628039904146287,-0.631043480020332,"LE2-1301.015","FCM"
1874,0.52808560384522,0.331182983154435,"LE2-1301.015","FCM"
1875,0.28408188456943,-0.316019856849726,"LE2-1301.015","FCM"
1876,-0.265999865440506,-0.345339487255368,"LE2-1301.015","FCM"
1877,-0.552008910163481,-0.237495410353623,"LE2-1301.015","FCM"
1878,-0.64049447674504,-0.748413839826997,"LE2-1301.015","FCM"
1879,-0.335068068923511,-0.574181107187161,"LE2-1301.015","FCM"
1880,0.139320702493593,-0.0138412236731618,"LE2-1301.015","FCM"
1881,0.364188628744428,-0.0891633950006325,"LE2-1301.015","FCM"
1882,-0.142570196173843,-0.0677539886806128,"LE2-1301.015","FCM"
1883,0.159758913151827,-0.118122996784511,"LE2-1301.015","FCM"
1884,0.30076787039447,-0.022002777558632,"LE2-1301.015","FCM"
1885,0.228405565787969,-0.164622079960043,"LE2-1301.015","FCM"
1886,-0.486328810112933,-0.387395781696643,"LE2-1301.015","FCM"
1887,0.160851874982394,0.42198638739397,"LE2-1301.015","FCM"
1888,0.585815118236714,0.429780984333345,"LE2-1301.015","FCM"
1889,0.518145182086475,0.636170573479939,"LE2-1301.015","FCM"
1890,-0.358873875670931,-0.833853459960002,"LE2-1301.015","FCM"
1891,0.268244242068589,-0.257008540527962,"LE2-1301.015","FCM"
1892,0.0661801229462893,-0.520914000535446,"LE2-1301.015","FCM"
1893,-0.189853471667316,-0.739757277910875,"LE2-1301.015","FCM"
1894,-0.000581547294314251,-0.132176456814101,"LE2-1301.015","FCM"
1895,0.157965531268647,-0.159315205045033,"LE2-1301.015","FCM"
1896,0.242331206252203,0.067205931818156,"LE2-1301.015","FCM"
1897,0.137254707612536,0.542292677608107,"LE2-1301.015","FCM"
1898,-0.249376843348126,0.276753694472212,"LE2-1301.015","FCM"
1899,-0.285056587979846,-0.363115632689458,"LE2-1301.015","FCM"
1900,-0.307052572066128,-0.379107339045328,"LE2-1301.015","FCM"
1901,-0.151608814313643,-0.0179205953353752,"LE2-1301.015","FCM"
1902,-0.207772501183421,0.37912205841418,"LE2-1301.015","FCM"
1903,-0.320029504032414,0.0091839198301725,"LE2-1301.015","FCM"
1904,0.135209427502875,-0.12805918305457,"LE2-1301.015","FCM"
1905,-0.0562817214059861,-0.718116862825858,"LE2-1301.015","FCM"
1906,-0.950596319992426,-1.13547162504888,"LE2-1301.015","FCM"
1907,-0.839682904785537,-0.71646061340399,"LE2-1301.015","FCM"
1908,-0.477362876518512,-0.658193497726218,"LE2-1301.015","FCM"
1909,-0.322226825221195,-0.261695743696803,"LE2-1301.015","FCM"
1910,0.0429444447624597,-0.289766252006711,"LE2-1301.015","FCM"
1911,0.633643834847864,0.0995440623799563,"LE2-1301.015","FCM"
1912,0.58000356483397,0.654821616387289,"LE2-1301.015","FCM"
1913,0.406519143419614,0.528152854678804,"LE2-1301.015","FCM"
1914,0.254113888909515,0.534621641866642,"LE2-1301.015","FCM"
1915,1.26495069579112,0.796940437245445,"LE2-1301.015","FCM"
1916,0.19776920750964,0.0143977584974147,"LE2-1301.015","FCM"
1917,-0.460324783696405,-0.648486853233226,"LE2-1301.015","FCM"
1918,-0.763202173133052,-0.826268392510905,"LE2-1301.015","FCM"
1919,0.19601603849936,-0.630561606822568,"LE2-1301.015","FCM"
1920,0.525830957598425,-0.458700202647748,"LE2-1301.015","FCM"
1921,0.101165494824483,-0.619263193026318,"LE2-1301.015","FCM"
1922,-0.831741498614139,-0.816589452921632,"LE2-1301.015","FCM"
1923,-0.381973360704325,0.230942794665646,"LE2-1301.015","FCM"
1924,-0.811092546791636,-0.21408977984967,"LE2-1301.015","FCM"
1925,-0.719898511613464,-0.503698418534474,"LE2-1301.015","FCM"
1926,0.189551137771616,-0.331663462111228,"LE2-1301.015","FCM"
1927,0.0361242537233138,-0.401383065102406,"LE2-1301.015","FCM"
1928,-0.517809541795283,-0.475841785370798,"LE2-1301.015","FCM"
1929,-0.4235363461492,-0.698540655592472,"LE2-1301.015","FCM"
1930,0.145631591037723,0.352789647872833,"LE2-1301.015","FCM"
1931,0.411764290906721,0.513543340522057,"LE2-1301.015","FCM"
1932,0.471193191025464,0.339040809295353,"LE2-1301.015","FCM"
1933,0.272962351672475,0.626068867573957,"LE2-1301.015","FCM"
1934,-0.332670449886662,0.204893045495498,"LE2-1301.015","FCM"
1935,-0.0834155587760963,0.341244210937584,"LE2-1301.015","FCM"
1936,-0.242953528837082,-0.0203846539880822,"LE2-1301.015","FCM"
1937,0.0410189306003199,0.48064631734135,"LE2-1301.015","FCM"
1938,-0.327671946874382,-0.0832372055799212,"LE2-1301.015","FCM"
1939,-0.736963386469621,-1.03714893540699,"LE2-1301.015","FCM"
1940,-0.396874077206403,-0.579902361331803,"LE2-1301.015","FCM"
1941,-0.39855102345522,-0.572921572593152,"LE2-1301.015","FCM"
1942,-0.418990381522004,-0.391712844653737,"LE2-1301.015","FCM"
1943,0.82642524832747,0.335232891796263,"LE2-1301.015","FCM"
1944,0.23655612753695,-0.369415985386283,"LE2-1301.015","FCM"
1945,0.10042472258055,-0.354700068237285,"LE2-1301.015","FCM"
1946,-0.0723566778232724,0.0528780948484782,"LE2-1301.015","FCM"
1947,-0.166711830395963,0.223587172060061,"LE2-1301.015","FCM"
1948,0.14038034467511,-0.0931324905099537,"LE2-1301.015","FCM"
1949,1.09652269826451,0.394334029123798,"LE2-1301.015","FCM"
1950,0.344462755441863,0.0572873694179742,"LE2-1301.015","FCM"
1951,-0.359741903969439,-0.196314000726134,"LE2-1301.015","FCM"
1952,1.01457505484336,0.561812860327482,"LE2-1301.015","FCM"
1953,0.550201285063132,-0.0212747141770899,"LE2-1301.015","FCM"
1954,-0.914338859861251,-0.995746514639224,"LE2-1301.015","FCM"
1955,-1.06696498058655,-0.869227167392183,"LE2-1301.015","FCM"
1956,-1.27671635670289,-1.20915203950999,"LE2-1301.015","FCM"
1957,-1.02642978419286,-1.10452539184573,"LE2-1301.015","FCM"
1958,-0.403345849383212,-0.613280441716245,"LE2-1301.015","FCM"
1959,-0.530160351690726,-0.83896201496971,"LE2-1301.015","FCM"
1960,0.128695792631185,0.0907127146745574,"LE2-1301.015","FCM"
1961,-0.347256309469092,-0.576825462452403,"LE2-1301.015","FCM"
1962,-1.17608037137474,-1.13031064785555,"LE2-1301.015","FCM"
1963,-0.539455352720336,-0.645782358896054,"LE2-1301.015","FCM"
1964,-1.15258220893317,-0.990493243970684,"LE2-1301.015","FCM"
1965,-1.24375359546601,-0.626591265046731,"LE2-1301.015","FCM"
1966,-0.227112861129363,-0.0674478395113209,"LE2-1301.015","FCM"
1967,-0.927452305332638,-0.866064167892609,"LE2-1301.015","FCM"
1968,0.0553640390098481,-0.459359851051008,"LE2-1301.015","FCM"
1969,-0.00749801105890514,-0.12289446460299,"LE2-1301.015","FCM"
1970,0.280434440572096,0.620668802682724,"LE2-1301.015","FCM"
1971,0.743581755449311,0.451454444785328,"LE2-1301.015","FCM"
1972,0.403220577520537,-0.261159501802727,"LE2-1301.015","FCM"
1973,0.557203502750817,-0.389977229324855,"LE2-1301.015","FCM"
1974,0.566493591879891,-0.0890881552125158,"LE2-1301.015","FCM"
1975,0.00344270020187957,0.271958045360563,"LE2-1301.015","FCM"
1976,-0.464989493752125,-0.609081955786248,"LE2-1301.015","FCM"
1977,-0.980153701092808,-1.37831147712959,"LE2-1301.015","FCM"
1978,-1.58278234020093,-1.32856148126884,"LE2-1301.015","FCM"
1979,-1.19275308105648,-0.799514740044029,"LE2-1301.015","FCM"
1980,-1.28166324523564,-0.941581470748141,"LE2-1301.015","FCM"
1981,-0.841560205395201,0.0270248372042824,"LE2-1301.015","FCM"
1982,-0.317436318503534,0.166232133822309,"LE2-1301.015","FCM"
1983,-0.0891778711796802,0.129664989468733,"LE2-1301.015","FCM"
1984,-0.511467703935411,-0.160754700336145,"LE2-1301.015","FCM"
1985,-0.945658221420564,-0.680398250187467,"LE2-1301.015","FCM"
1986,-0.340720897174031,-0.0384460091912753,"LE2-1301.015","FCM"
1987,-0.324640320074827,-0.319337337967341,"LE2-1301.015","FCM"
1988,-0.11987978017464,-0.0547139103679817,"LE2-1301.015","FCM"
1989,0.0574807327343716,-0.224367234236613,"LE2-1301.015","FCM"
1990,-0.0378764069697806,-0.350086613103486,"LE2-1301.015","FCM"
1991,-0.224795958928244,-0.118644316081724,"LE2-1301.015","FCM"
1992,-0.67931579307622,-0.594316661101561,"LE2-1301.015","FCM"
1993,0.162850237268218,0.0396792348820025,"LE2-1301.015","FCM"
1994,-0.438777438802671,-0.337860793229845,"LE2-1301.015","FCM"
1995,-0.424380584102981,0.0639631647960378,"LE2-1301.015","FCM"
1996,0.0969464245944094,0.473583812874609,"LE2-1301.015","FCM"
1997,0.759360894389107,0.87970155425469,"LE2-1301.015","FCM"
1998,0.317103127512902,0.0867783043016858,"LE2-1301.015","FCM"
1999,0.14346874881514,-0.724253217367908,"LE2-1301.015","FCM"
2000,0.103156446924711,-0.0222604507634142,"LE2-1301.015","FCM"
2001,0.649632830138449,0.419459652703248,"LE2-1301.015","FCM"
2002,0.0605616840409279,-0.373204684054325,"LE2-1301.015","FCM"
2003,-0.246017116509269,-0.301616778408413,"LE2-1301.015","FCM"
2004,-0.587030085830514,-0.58443350418488,"LE2-1301.015","FCM"
2005,-0.157611758618796,-0.228840605993495,"LE2-1301.015","FCM"
2006,-0.382231163168292,-0.222077794770612,"LE2-1301.015","FCM"
2007,-0.0743808832854368,-0.348457014718378,"LE2-1301.015","FCM"
2008,1.21821883956123,0.722875809997663,"LE2-1301.015","FCM"
2009,0.464897844500056,0.216688778947315,"LE2-1301.015","FCM"
2010,0.635545188480286,0.625176337649023,"LE2-1301.015","FCM"
2011,1.03928906466172,0.961943593816025,"LE2-1301.015","FCM"
2012,1.09166024547956,0.852799502983436,"LE2-1301.015","FCM"
2013,1.25141163796901,1.89988761899137,"LE2-1301.015","FCM"
2014,0.289105529022141,0.084220102800577,"LE2-1301.015","FCM"
1851,-0.802993781713047,0.264306303739997,"LE2-1301.016","FCM"
1852,-1.28076091933019,-0.870563834776479,"LE2-1301.016","FCM"
1853,-0.553692914932062,-0.111065831381134,"LE2-1301.016","FCM"
1854,-0.830086203775005,-1.16175745274737,"LE2-1301.016","FCM"
1855,-0.25213678404668,-0.772764434875749,"LE2-1301.016","FCM"
1856,0.720523094977516,0.23001073673767,"LE2-1301.016","FCM"
1857,0.524199386240667,0.567616292831735,"LE2-1301.016","FCM"
1858,0.236783795773032,-0.0957178906493652,"LE2-1301.016","FCM"
1859,0.376605813246991,0.26866814536007,"LE2-1301.016","FCM"
1860,-0.558123542195346,-0.56459936856417,"LE2-1301.016","FCM"
1861,-0.507165363893996,-0.340602364561906,"LE2-1301.016","FCM"
1862,-0.0680969808668783,0.454256662901158,"LE2-1301.016","FCM"
1863,0.464614602204826,0.496536447097733,"LE2-1301.016","FCM"
1864,-0.324972847682263,0.323226456135913,"LE2-1301.016","FCM"
1865,-1.18248467113866,-0.0940264052559105,"LE2-1301.016","FCM"
1866,-0.297831888960204,0.323039258453968,"LE2-1301.016","FCM"
1867,0.395830684739491,0.311496320223202,"LE2-1301.016","FCM"
1868,1.11809318219213,1.20817376192146,"LE2-1301.016","FCM"
1869,0.361184548952984,0.613693975093827,"LE2-1301.016","FCM"
1870,0.330083544354436,0.231505954240112,"LE2-1301.016","FCM"
1871,0.70541091873425,-0.144785266060794,"LE2-1301.016","FCM"
1872,0.145517109223088,-0.0155427085638563,"LE2-1301.016","FCM"
1873,-0.223961246243618,0.198388654156622,"LE2-1301.016","FCM"
1874,-0.323228258014406,-0.395834791989403,"LE2-1301.016","FCM"
1875,-0.0919310404392016,-0.0950125315718535,"LE2-1301.016","FCM"
1876,0.981225744897773,0.786907184065803,"LE2-1301.016","FCM"
1877,0.836761497892695,0.625806477928013,"LE2-1301.016","FCM"
1878,0.288664612632971,0.347845568048728,"LE2-1301.016","FCM"
1879,0.368202216668752,0.19021085690155,"LE2-1301.016","FCM"
1880,0.570075802962763,1.04805242427977,"LE2-1301.016","FCM"
1881,-0.540974695446095,0.046129177864827,"LE2-1301.016","FCM"
1882,-0.865840396413583,-0.965489257894501,"LE2-1301.016","FCM"
1883,-0.336942576776887,-0.694152646085101,"LE2-1301.016","FCM"
1884,0.029796697625993,-0.202287883241115,"LE2-1301.016","FCM"
1885,0.297988073782335,0.322167083542494,"LE2-1301.016","FCM"
1886,1.04716443846133,1.06358276417395,"LE2-1301.016","FCM"
1887,0.576872511882581,0.0756795894788181,"LE2-1301.016","FCM"
1888,0.132898894329691,0.0392846802377213,"LE2-1301.016","FCM"
1889,0.366755140120443,-0.14475337561691,"LE2-1301.016","FCM"
1890,-0.06653366665758,0.387247634617877,"LE2-1301.016","FCM"
1891,0.00114516743264259,-0.0264777648758184,"LE2-1301.016","FCM"
1892,0.126291900444273,0.245450784196311,"LE2-1301.016","FCM"
1893,-0.467273053859141,0.0105872986892678,"LE2-1301.016","FCM"
1894,0.235430470032991,-0.267634866054375,"LE2-1301.016","FCM"
1895,-0.22778105396656,-0.255512556111246,"LE2-1301.016","FCM"
1896,-0.7491816945957,-1.1390393827454,"LE2-1301.016","FCM"
1897,-1.39944893197609,-1.29252157229808,"LE2-1301.016","FCM"
1898,-0.917990045352903,-0.938548768092091,"LE2-1301.016","FCM"
1899,-0.364550363353733,-0.140457233041998,"LE2-1301.016","FCM"
1900,-0.747336165374447,-0.853255439997562,"LE2-1301.016","FCM"
1901,-0.335209869524118,-0.173452623799112,"LE2-1301.016","FCM"
1902,0.676843150630317,0.089954956668343,"LE2-1301.016","FCM"
1903,0.00953740452103621,-0.204276010134514,"LE2-1301.016","FCM"
1904,-1.19482519043995,-0.974279983039748,"LE2-1301.016","FCM"
1905,0.0378549451517788,-0.146744309310534,"LE2-1301.016","FCM"
1906,-0.118149327112349,-0.474969866242302,"LE2-1301.016","FCM"
1907,-0.159319186523013,-0.321583064160821,"LE2-1301.016","FCM"
1908,-0.701925892789237,-0.820806531571649,"LE2-1301.016","FCM"
1909,0.32536117923608,0.167091944934675,"LE2-1301.016","FCM"
1910,0.411425060169247,0.329714415579985,"LE2-1301.016","FCM"
1911,-0.544359881327922,-0.45099303183182,"LE2-1301.016","FCM"
1912,-0.547198170894721,-0.132975146444738,"LE2-1301.016","FCM"
1913,0.253522759423664,0.117722806193519,"LE2-1301.016","FCM"
1914,-0.204205220167553,-0.10857585613454,"LE2-1301.016","FCM"
1915,-1.15487908871845,-0.893202352418398,"LE2-1301.016","FCM"
1916,-1.45360956284148,-0.824113090883935,"LE2-1301.016","FCM"
1917,-1.39320521007474,-1.29915500285202,"LE2-1301.016","FCM"
1918,-0.797267539039074,-1.27132625737981,"LE2-1301.016","FCM"
1919,-0.990526881429776,-1.06099797553188,"LE2-1301.016","FCM"
1920,-1.11521653291043,-1.06241798101632,"LE2-1301.016","FCM"
1921,-0.218594904256674,-0.363655892222645,"LE2-1301.016","FCM"
1922,0.419309358199459,0.134718716354747,"LE2-1301.016","FCM"
1923,0.787760546530903,0.479466571177386,"LE2-1301.016","FCM"
1924,0.360433776585403,-0.401663081894121,"LE2-1301.016","FCM"
1925,0.058303524657617,0.114668824536454,"LE2-1301.016","FCM"
1926,-0.325767826694064,-0.300161145946504,"LE2-1301.016","FCM"
1927,0.263904263784829,0.526921363411516,"LE2-1301.016","FCM"
1928,0.646360894622562,0.698994625574038,"LE2-1301.016","FCM"
1929,1.75247751728043,1.5420636499565,"LE2-1301.016","FCM"
1930,1.10524575889314,0.504179535868684,"LE2-1301.016","FCM"
1931,0.0206665456319955,-0.32050675787004,"LE2-1301.016","FCM"
1932,-0.17910351936994,0.0605905380440022,"LE2-1301.016","FCM"
1933,-0.732758974007579,-0.0137343336258836,"LE2-1301.016","FCM"
1934,0.559612747622432,0.563156034671924,"LE2-1301.016","FCM"
1935,0.282393347032526,0.275419333994085,"LE2-1301.016","FCM"
1936,-0.0787865980289846,-0.228114822863134,"LE2-1301.016","FCM"
1937,0.0219459666149238,-0.192961670451467,"LE2-1301.016","FCM"
1938,-0.157155400874676,-0.0794668439427724,"LE2-1301.016","FCM"
1939,0.0589344904172046,1.02892723846098,"LE2-1301.016","FCM"
1940,-0.173541685613348,0.0586414896250265,"LE2-1301.016","FCM"
1941,-0.369225815694367,-0.136339640335052,"LE2-1301.016","FCM"
1942,0.29896645072193,0.191949469087623,"LE2-1301.016","FCM"
1943,0.147451050555608,0.962684540199091,"LE2-1301.016","FCM"
1944,0.302907780729725,0.72017999855745,"LE2-1301.016","FCM"
1945,0.0266242285409197,0.246791265740355,"LE2-1301.016","FCM"
1946,-0.093877620104267,0.0637213342793827,"LE2-1301.016","FCM"
1947,0.258779107408789,-0.188094103723363,"LE2-1301.016","FCM"
1948,0.356848011837717,0.400035698857981,"LE2-1301.016","FCM"
1949,0.362983332343345,0.0207510020969971,"LE2-1301.016","FCM"
1950,0.626452876380514,-0.265082770480864,"LE2-1301.016","FCM"
1951,0.531656230931801,0.774006847058624,"LE2-1301.016","FCM"
1952,0.282345225435193,0.266458114312516,"LE2-1301.016","FCM"
1953,0.665751980697753,0.230778876047247,"LE2-1301.016","FCM"
1954,0.572431948947166,0.327801870532578,"LE2-1301.016","FCM"
1955,0.249440666207913,-0.149479769640204,"LE2-1301.016","FCM"
1956,0.84856837568921,0.273935320067879,"LE2-1301.016","FCM"
1957,0.038326771164287,0.00972844951546019,"LE2-1301.016","FCM"
1958,-0.308309957499276,-0.242248040571859,"LE2-1301.016","FCM"
1959,0.0375728687181023,0.105312420148593,"LE2-1301.016","FCM"
1960,0.114514780350599,0.26134420912071,"LE2-1301.016","FCM"
1961,0.276907540228829,0.280528445438852,"LE2-1301.016","FCM"
1962,0.37093948287558,0.499708803185663,"LE2-1301.016","FCM"
1963,0.241135374499292,0.382745396392931,"LE2-1301.016","FCM"
1964,0.270230590003673,-0.141948882392703,"LE2-1301.016","FCM"
1965,-0.543903059197994,-0.678879868151484,"LE2-1301.016","FCM"
1966,-0.272809814999429,-0.305846749547187,"LE2-1301.016","FCM"
1967,-1.07390504653454,-0.574840345441016,"LE2-1301.016","FCM"
1968,-1.03870278980966,-0.955493271436938,"LE2-1301.016","FCM"
1969,-0.249430924322724,-0.266656360766084,"LE2-1301.016","FCM"
1970,-0.671581912366922,-0.319134301343092,"LE2-1301.016","FCM"
1971,-0.209722034679181,-0.177741618003254,"LE2-1301.016","FCM"
1972,0.612440271273232,0.227725986838968,"LE2-1301.016","FCM"
1973,-0.0448336872572948,-0.114314219012004,"LE2-1301.016","FCM"
1974,-0.917866396478242,-1.17464637778219,"LE2-1301.016","FCM"
1975,-1.09479645028567,-0.899738659446262,"LE2-1301.016","FCM"
1976,-0.0181818849618731,-0.134205444955512,"LE2-1301.016","FCM"
1977,0.33279031455456,-0.189412442112026,"LE2-1301.016","FCM"
1978,0.156877205606601,-0.354607465889209,"LE2-1301.016","FCM"
1979,0.196243372674912,-0.132123525775324,"LE2-1301.016","FCM"
1980,0.209450311975093,-0.193751266580712,"LE2-1301.016","FCM"
1981,-0.466603254865937,-0.30022408492357,"LE2-1301.016","FCM"
1982,-0.895536872789102,-0.542977083299003,"LE2-1301.016","FCM"
1983,0.201607365249271,0.434171047377758,"LE2-1301.016","FCM"
1984,-0.141129505185772,-0.362568212871186,"LE2-1301.016","FCM"
1985,-0.808007983258368,-0.681675347503556,"LE2-1301.016","FCM"
1986,-1.1732229307525,-0.759140839878083,"LE2-1301.016","FCM"
1987,0.0734700262819807,0.454675998516468,"LE2-1301.016","FCM"
1988,0.427905414196437,0.313384312120653,"LE2-1301.016","FCM"
1989,0.309707130900315,-0.237567490048697,"LE2-1301.016","FCM"
1990,0.675331914743417,0.593972785356094,"LE2-1301.016","FCM"
1991,0.471814880672352,0.40094675739464,"LE2-1301.016","FCM"
1992,-0.080615093933773,0.596524321124694,"LE2-1301.016","FCM"
1993,0.527414868816807,-0.126247432636968,"LE2-1301.016","FCM"
1994,-0.0713651671163837,-0.0970824364805516,"LE2-1301.016","FCM"
1995,-0.271233157118552,0.0407658457842543,"LE2-1301.016","FCM"
1996,-0.40263795437562,-0.0189578722661354,"LE2-1301.016","FCM"
1997,-0.387848736598233,0.181099653759381,"LE2-1301.016","FCM"
1998,-0.236061602043119,-0.0830537231769841,"LE2-1301.016","FCM"
1999,-0.687914148125685,-0.00358001264625568,"LE2-1301.016","FCM"
2000,-0.481980151143765,-0.203446573713577,"LE2-1301.016","FCM"
2001,-0.629437340813691,-0.366280100157266,"LE2-1301.016","FCM"
2002,-0.163964102670958,0.114856768298423,"LE2-1301.016","FCM"
2003,0.563032250458333,0.409122615405273,"LE2-1301.016","FCM"
2004,0.518049509562562,0.237589668206106,"LE2-1301.016","FCM"
2005,0.292973375044578,0.19089411630561,"LE2-1301.016","FCM"
2006,0.851022880411021,0.682936920701597,"LE2-1301.016","FCM"
2007,-0.213768643422762,0.050490389998044,"LE2-1301.016","FCM"
2008,-1.12852548203041,-0.134435419907642,"LE2-1301.016","FCM"
2009,-0.942979070558985,-0.041929646092349,"LE2-1301.016","FCM"
2010,-0.438644572854416,-0.245183287264971,"LE2-1301.016","FCM"
2011,0.107786782618227,0.347489263663309,"LE2-1301.016","FCM"
2012,0.495015122281626,0.668163503252358,"LE2-1301.016","FCM"
2013,0.505210862987506,0.265625893523097,"LE2-1301.016","FCM"
2014,0.304952644001798,-0.236930219082478,"LE2-1301.016","FCM"
1851,-0.618016760890089,-0.523741606295193,"LE2-1301.017","FCM"
1852,0.480075339038997,0.248711635666466,"LE2-1301.017","FCM"
1853,0.319002124079711,-0.0907713820387772,"LE2-1301.017","FCM"
1854,0.716838455924007,0.390756959991286,"LE2-1301.017","FCM"
1855,-0.287261643012638,-0.114230508225131,"LE2-1301.017","FCM"
1856,-0.379374063276619,-0.00796772598140799,"LE2-1301.017","FCM"
1857,-0.442727208381548,0.277209429027266,"LE2-1301.017","FCM"
1858,-0.565672137719179,0.213479375063556,"LE2-1301.017","FCM"
1859,-0.494320824783592,-0.0604650982774478,"LE2-1301.017","FCM"
1860,0.134205437825785,0.373021108369381,"LE2-1301.017","FCM"
1861,-0.0183527881278597,0.183185117293274,"LE2-1301.017","FCM"
1862,0.592855013879339,0.504391484355025,"LE2-1301.017","FCM"
1863,0.192242667673649,-0.239989658535619,"LE2-1301.017","FCM"
1864,-0.236180975235483,-0.393381489073385,"LE2-1301.017","FCM"
1865,-1.09141387244148,-0.828449354494179,"LE2-1301.017","FCM"
1866,-0.558874074361574,-0.266477150284731,"LE2-1301.017","FCM"
1867,-0.556277807836038,0.0670226846289632,"LE2-1301.017","FCM"
1868,-0.564713301485737,0.256952030431458,"LE2-1301.017","FCM"
1869,-0.879705515220987,-0.323754447654526,"LE2-1301.017","FCM"
1870,0.0981199944615049,-0.0899976012560398,"LE2-1301.017","FCM"
1871,0.583318836774816,0.486646589122572,"LE2-1301.017","FCM"
1872,-0.236718190775896,-0.466326990338862,"LE2-1301.017","FCM"
1873,-0.612415849297617,-0.863275731533929,"LE2-1301.017","FCM"
1874,-0.403860397978533,-0.350335717912291,"LE2-1301.017","FCM"
1875,-0.125259078960105,-0.125017751940202,"LE2-1301.017","FCM"
1876,-0.513089673019926,-0.450367772900486,"LE2-1301.017","FCM"
1877,-0.127031640652103,-0.00424707690492689,"LE2-1301.017","FCM"
1878,0.795576128687928,0.697087259896166,"LE2-1301.017","FCM"
1879,0.919197290368816,0.562349880581801,"LE2-1301.017","FCM"
1880,0.866048378889372,0.556730589315699,"LE2-1301.017","FCM"
1881,0.50906332639068,-0.476121042786823,"LE2-1301.017","FCM"
1882,0.623720105616065,0.238995768373905,"LE2-1301.017","FCM"
1883,0.632087379791955,0.438059763062054,"LE2-1301.017","FCM"
1884,-0.806824642973588,-0.0106102478738829,"LE2-1301.017","FCM"
1885,0.535962123952986,1.20064765185848,"LE2-1301.017","FCM"
1886,0.550556265950997,0.418242253696931,"LE2-1301.017","FCM"
1887,0.438566154036706,0.617846131163229,"LE2-1301.017","FCM"
1888,0.546680092878497,0.624520334175543,"LE2-1301.017","FCM"
1889,0.670972560917661,0.0515675680180979,"LE2-1301.017","FCM"
1890,-0.310869571686471,-0.8188177064481,"LE2-1301.017","FCM"
1891,-1.22656128756132,-1.39092183930401,"LE2-1301.017","FCM"
1892,-1.49893662841474,-1.86047387857197,"LE2-1301.017","FCM"
1893,-1.05393231859742,-0.749363570711574,"LE2-1301.017","FCM"
1894,-0.812013239810177,-1.14228312485162,"LE2-1301.017","FCM"
1895,-0.534867251866782,-0.394833646767365,"LE2-1301.017","FCM"
1896,-0.437123013134909,-0.831872792006643,"LE2-1301.017","FCM"
1897,-0.752096322472147,-0.624659947732846,"LE2-1301.017","FCM"
1898,-1.18224970948745,-1.49501820205982,"LE2-1301.017","FCM"
1899,-1.35605393168967,-1.29837112864027,"LE2-1301.017","FCM"
1900,-0.937952222781803,-0.700234335624554,"LE2-1301.017","FCM"
1901,-0.701897139506428,-0.393955399425609,"LE2-1301.017","FCM"
1902,-0.347446903154271,0.210299224803452,"LE2-1301.017","FCM"
1903,-0.448636422514709,-0.355178095662681,"LE2-1301.017","FCM"
1904,0.336972463453946,0.570262930492609,"LE2-1301.017","FCM"
1905,0.151070045830969,0.114697130937074,"LE2-1301.017","FCM"
1906,-0.375211374809934,-0.578325538041819,"LE2-1301.017","FCM"
1907,0.377769493290742,0.143065875255136,"LE2-1301.017","FCM"
1908,0.540977439866728,0.808005334228272,"LE2-1301.017","FCM"
1909,0.789101542979142,0.358377251025806,"LE2-1301.017","FCM"
1910,1.41650378277771,0.651281462396869,"LE2-1301.017","FCM"
1911,-0.0601207595310065,-0.191240120458695,"LE2-1301.017","FCM"
1912,0.342490018920281,0.284687612992835,"LE2-1301.017","FCM"
1913,0.0276242689876942,0.126670383478257,"LE2-1301.017","FCM"
1914,0.89093783438331,0.412313343911915,"LE2-1301.017","FCM"
1915,0.0479788438359648,-0.14339136022053,"LE2-1301.017","FCM"
1916,-0.0416181950759713,0.382102547287992,"LE2-1301.017","FCM"
1917,0.18605793021803,-0.259432941305674,"LE2-1301.017","FCM"
1918,0.612590889335274,0.813215113940428,"LE2-1301.017","FCM"
1919,0.545143841626703,0.0960568998453574,"LE2-1301.017","FCM"
1920,0.299359362615386,0.056273045023842,"LE2-1301.017","FCM"
1921,-0.277957756728767,-0.485879135946721,"LE2-1301.017","FCM"
1922,-0.345894222709328,0.0687491218689853,"LE2-1301.017","FCM"
1923,0.827280196904814,0.9381217789647,"LE2-1301.017","FCM"
1924,0.543923630881071,0.395185811427188,"LE2-1301.017","FCM"
1925,0.116254738424884,-0.367692131332691,"LE2-1301.017","FCM"
1926,0.513077375779094,0.172605260612827,"LE2-1301.017","FCM"
1927,-0.0974744418306897,-0.33644889042683,"LE2-1301.017","FCM"
1928,-0.161966260458752,0.359335096124218,"LE2-1301.017","FCM"
1929,0.622844237914429,0.606985862450236,"LE2-1301.017","FCM"
1930,0.863118983837432,0.806527737137699,"LE2-1301.017","FCM"
1931,-0.383751142250455,-0.845966301805873,"LE2-1301.017","FCM"
1932,-0.982629218143969,-1.03758506860467,"LE2-1301.017","FCM"
1933,0.209482657657559,-0.126951576976455,"LE2-1301.017","FCM"
1934,0.140712346782298,-0.121782462259322,"LE2-1301.017","FCM"
1935,0.26449711695644,0.00491635338465473,"LE2-1301.017","FCM"
1936,0.16147487085277,0.229486793436918,"LE2-1301.017","FCM"
1937,0.19620527889084,0.416572231486272,"LE2-1301.017","FCM"
1938,-0.38057518010785,-0.426870164500653,"LE2-1301.017","FCM"
1939,0.460116222626147,0.376730366795711,"LE2-1301.017","FCM"
1940,0.296908768241325,0.336663463115962,"LE2-1301.017","FCM"
1941,0.458660375983061,0.479682095019791,"LE2-1301.017","FCM"
1942,-0.596118007758391,-0.939053576318222,"LE2-1301.017","FCM"
1943,0.491585723919012,0.821616506664805,"LE2-1301.017","FCM"
1944,0.239500920855143,-0.44062519843662,"LE2-1301.017","FCM"
1945,0.157679211435702,-0.51508642987644,"LE2-1301.017","FCM"
1946,0.729836872471602,0.405632588761198,"LE2-1301.017","FCM"
1947,0.290995143899678,0.0946069789409243,"LE2-1301.017","FCM"
1948,0.94957681991276,0.937143320782521,"LE2-1301.017","FCM"
1949,-0.373679395301101,-0.626482632552981,"LE2-1301.017","FCM"
1950,-0.616130693862147,-0.561871385873279,"LE2-1301.017","FCM"
1951,0.605719876546955,1.04351765728382,"LE2-1301.017","FCM"
1952,1.27190855819801,1.63540045441948,"LE2-1301.017","FCM"
1953,0.0756002597762765,0.320124971282742,"LE2-1301.017","FCM"
1954,-0.00949297805960055,0.380704114432039,"LE2-1301.017","FCM"
1955,0.995038357101755,0.704470947268631,"LE2-1301.017","FCM"
1956,0.191601325465449,-0.718974098441977,"LE2-1301.017","FCM"
1957,-0.312336600023733,-0.420260879872974,"LE2-1301.017","FCM"
1958,-0.432501216521369,-0.956236822046101,"LE2-1301.017","FCM"
1959,-1.14773059763425,-0.77830957017029,"LE2-1301.017","FCM"
1960,-0.805113771584305,-1.30810520409808,"LE2-1301.017","FCM"
1961,0.647574425329846,0.135051860310676,"LE2-1301.017","FCM"
1962,-0.259134256191969,-0.886600919665401,"LE2-1301.017","FCM"
1963,-0.884034117470838,-1.48359576251376,"LE2-1301.017","FCM"
1964,-0.864434965511593,-1.57454262692204,"LE2-1301.017","FCM"
1965,-0.67009090635063,-0.752970163569484,"LE2-1301.017","FCM"
1966,-0.917217909696743,-0.654021411037379,"LE2-1301.017","FCM"
1967,-1.72360046233895,-1.36543643997824,"LE2-1301.017","FCM"
1968,-1.58790933037192,-0.809281411063787,"LE2-1301.017","FCM"
1969,-0.354823328606574,0.159237602763594,"LE2-1301.017","FCM"
1970,-0.396078561328032,-1.26936006217405,"LE2-1301.017","FCM"
1971,-0.0406863059366031,-0.994387799725428,"LE2-1301.017","FCM"
1972,-0.144654298878729,-1.05991523548744,"LE2-1301.017","FCM"
1973,-0.703552758378659,-0.561752284094861,"LE2-1301.017","FCM"
1974,0.29475004443036,0.11535007824459,"LE2-1301.017","FCM"
1975,-0.230154410287448,0.180105272272202,"LE2-1301.017","FCM"
1976,0.106804834060343,0.220913119688451,"LE2-1301.017","FCM"
1977,-0.474039040597781,-0.633462122845341,"LE2-1301.017","FCM"
1978,-0.578395895649404,-0.666833751034295,"LE2-1301.017","FCM"
1979,-1.28687128098648,-1.44491506730649,"LE2-1301.017","FCM"
1980,-1.29369262193395,-1.0322395752286,"LE2-1301.017","FCM"
1981,-0.102864419759811,-0.664643100046211,"LE2-1301.017","FCM"
1982,0.0743803127160323,-0.205947303730879,"LE2-1301.017","FCM"
1983,-0.19350749504974,-0.196318462700359,"LE2-1301.017","FCM"
1984,-0.352793726226698,-0.556665514498675,"LE2-1301.017","FCM"
1985,-0.548731156292212,-1.06234009747766,"LE2-1301.017","FCM"
1986,-1.12582168790226,-0.889837747301726,"LE2-1301.017","FCM"
1987,-0.749818558066449,-0.509548929095995,"LE2-1301.017","FCM"
1988,-0.405851003273175,0.215071447425485,"LE2-1301.017","FCM"
1989,-0.558230745611344,-0.248763326175921,"LE2-1301.017","FCM"
1990,-0.390950907113359,-0.418278542943058,"LE2-1301.017","FCM"
1991,0.0893936348758676,-0.0601882195949356,"LE2-1301.017","FCM"
1992,0.619519041717261,0.644324221147222,"LE2-1301.017","FCM"
1993,0.351734216419265,0.758079148402282,"LE2-1301.017","FCM"
1994,0.386493708816636,-0.00348665406386277,"LE2-1301.017","FCM"
1995,0.599294313279509,0.169053175847521,"LE2-1301.017","FCM"
1996,-0.0586195591314227,0.122393403631796,"LE2-1301.017","FCM"
1997,0.458259104813285,0.222559774150042,"LE2-1301.017","FCM"
1998,0.443463956859442,0.469091368505528,"LE2-1301.017","FCM"
1999,-0.0197955239467157,0.0418101151514908,"LE2-1301.017","FCM"
2000,-0.0595180458536409,0.20012790282121,"LE2-1301.017","FCM"
2001,0.181161942394639,0.345100351395447,"LE2-1301.017","FCM"
2002,0.00709263331872329,0.171532535090697,"LE2-1301.017","FCM"
2003,0.106570890990759,0.389502797295221,"LE2-1301.017","FCM"
2004,-0.410623226863606,0.261324060546409,"LE2-1301.017","FCM"
2005,-0.370083978962045,-0.0588300043738743,"LE2-1301.017","FCM"
2006,0.145068973259258,0.163200309320712,"LE2-1301.017","FCM"
2007,-0.248578172523248,0.0895895566161253,"LE2-1301.017","FCM"
2008,0.227395859346538,0.177703775145358,"LE2-1301.017","FCM"
2009,0.975852661682326,1.13424077136308,"LE2-1301.017","FCM"
2010,0.472714898897038,0.152672666910078,"LE2-1301.017","FCM"
2011,0.603178416097468,1.31573400555905,"LE2-1301.017","FCM"
2012,0.24875200659532,0.734582392673046,"LE2-1301.017","FCM"
2013,0.320721084978732,0.421805939600424,"LE2-1301.017","FCM"
2014,0.452100257104503,0.651588118268593,"LE2-1301.017","FCM"
1851,-0.703448088198342,-0.337116771687657,"LE2-1301.018","FCM"
1852,-0.205122143623087,-0.0046927201172968,"LE2-1301.018","FCM"
1853,0.0594141370997766,-0.0597250858865342,"LE2-1301.018","FCM"
1854,-0.0286903611568446,0.156263706073102,"LE2-1301.018","FCM"
1855,0.565938466198643,0.683454080465969,"LE2-1301.018","FCM"
1856,0.254177234366316,0.0738497048721713,"LE2-1301.018","FCM"
1857,0.258287518316815,0.134086689481079,"LE2-1301.018","FCM"
1858,0.0386201200882727,-0.0456804775215377,"LE2-1301.018","FCM"
1859,-0.208743059338845,-0.575629183831368,"LE2-1301.018","FCM"
1860,0.27196394843845,-0.197154204212485,"LE2-1301.018","FCM"
1861,-0.7692152427573,-1.13579130422539,"LE2-1301.018","FCM"
1862,-0.345851229611103,-0.292865168427549,"LE2-1301.018","FCM"
1863,-0.366867918716187,-0.809647250575668,"LE2-1301.018","FCM"
1864,-0.886333079313311,-0.997136526530991,"LE2-1301.018","FCM"
1865,-0.468922660378587,-0.580264521555139,"LE2-1301.018","FCM"
1866,0.0268855949531294,-0.145431662654704,"LE2-1301.018","FCM"
1867,-0.0385977710319681,-0.308949392235209,"LE2-1301.018","FCM"
1868,-0.0551457529824839,0.332017119977257,"LE2-1301.018","FCM"
1869,0.668136324990786,0.276508681731164,"LE2-1301.018","FCM"
1870,-0.0606566707745358,-0.451239873840434,"LE2-1301.018","FCM"
1871,-1.33695024373447,-0.732799147410535,"LE2-1301.018","FCM"
1872,-0.786476276653586,-0.00360382906085027,"LE2-1301.018","FCM"
1873,-0.272517052845049,-0.119301377690149,"LE2-1301.018","FCM"
1874,-0.480581901817904,-0.105293203010974,"LE2-1301.018","FCM"
1875,-0.498177163469929,0.101571707748044,"LE2-1301.018","FCM"
1876,0.396770487282871,0.19024594455344,"LE2-1301.018","FCM"
1877,-0.444565167352207,-0.233546372283959,"LE2-1301.018","FCM"
1878,-0.832773689205631,-0.560889378535832,"LE2-1301.018","FCM"
1879,-0.176626845081847,0.490624421233485,"LE2-1301.018","FCM"
1880,-0.323059208174192,-0.304017992967686,"LE2-1301.018","FCM"
1881,-0.154143402370421,0.193600646385697,"LE2-1301.018","FCM"
1882,0.0863675200508989,0.229204694308898,"LE2-1301.018","FCM"
1883,0.313500191459466,0.101749288543465,"LE2-1301.018","FCM"
1884,0.103985613843286,0.831466653151768,"LE2-1301.018","FCM"
1885,0.733541981812557,0.294734707252784,"LE2-1301.018","FCM"
1886,1.28549294551072,1.29093067358018,"LE2-1301.018","FCM"
1887,1.23370589056008,-0.153908242301281,"LE2-1301.018","FCM"
1888,0.885484524871277,-0.412817768458967,"LE2-1301.018","FCM"
1889,0.182912900227712,-0.264705409755476,"LE2-1301.018","FCM"
1890,1.01222039945059,1.01001120878827,"LE2-1301.018","FCM"
1891,0.678481802599942,0.19842726267648,"LE2-1301.018","FCM"
1892,1.1341336498123,0.717146329675325,"LE2-1301.018","FCM"
1893,0.657878521042847,-0.235631424608761,"LE2-1301.018","FCM"
1894,0.435612886556429,0.323322612891462,"LE2-1301.018","FCM"
1895,0.452070394531641,0.213698913571856,"LE2-1301.018","FCM"
1896,-0.459606266672042,-0.102815476069382,"LE2-1301.018","FCM"
1897,-0.483714901132576,-0.350299468227504,"LE2-1301.018","FCM"
1898,-0.616672982272773,-0.530994784412533,"LE2-1301.018","FCM"
1899,-0.273070030313556,-0.181804609647232,"LE2-1301.018","FCM"
1900,-0.541343991666378,-0.633203841026535,"LE2-1301.018","FCM"
1901,-0.310094123286585,-0.392398777896803,"LE2-1301.018","FCM"
1902,0.184076384372769,-0.133853096680433,"LE2-1301.018","FCM"
1903,-0.0759128947038558,-0.0623836198954415,"LE2-1301.018","FCM"
1904,-0.788906086980298,-0.618367256426351,"LE2-1301.018","FCM"
1905,-0.64019527727497,-0.0424565326332324,"LE2-1301.018","FCM"
1906,-0.300308210221309,0.216058171140751,"LE2-1301.018","FCM"
1907,-0.543242741317908,0.0249563137005345,"LE2-1301.018","FCM"
1908,0.567647236939991,0.700863156388302,"LE2-1301.018","FCM"
1909,-0.538721579491171,-0.672394320574469,"LE2-1301.018","FCM"
1910,-0.430098330634138,-0.0811027856940469,"LE2-1301.018","FCM"
1911,-0.443032598177125,-0.643712630908908,"LE2-1301.018","FCM"
1912,-0.209363347692829,-0.140973720360641,"LE2-1301.018","FCM"
1913,-1.00863539196143,-0.359557008793159,"LE2-1301.018","FCM"
1914,-0.399387920632706,-0.28689166582167,"LE2-1301.018","FCM"
1915,-0.859590540583457,-0.820465360375075,"LE2-1301.018","FCM"
1916,0.0351531657313517,-0.0135655286684059,"LE2-1301.018","FCM"
1917,1.23823277867034,1.00704209470483,"LE2-1301.018","FCM"
1918,0.992013809355161,0.401348732336065,"LE2-1301.018","FCM"
1919,1.0693997492046,0.696176736762064,"LE2-1301.018","FCM"
1920,1.20389093572982,1.32044639298593,"LE2-1301.018","FCM"
1921,0.932230472071102,0.792591280392135,"LE2-1301.018","FCM"
1922,-0.399863902561044,-0.442270887299579,"LE2-1301.018","FCM"
1923,-0.572799224242103,-0.231389289908372,"LE2-1301.018","FCM"
1924,-0.53885098661034,-0.135887090901581,"LE2-1301.018","FCM"
1925,-1.2423170313764,-0.496786706923466,"LE2-1301.018","FCM"
1926,-0.738592872129699,0.351702672914452,"LE2-1301.018","FCM"
1927,-0.404406147229849,0.131456024291294,"LE2-1301.018","FCM"
1928,-1.24741953839263,-0.654405420304659,"LE2-1301.018","FCM"
1929,-0.969031826450382,-0.369659199259297,"LE2-1301.018","FCM"
1930,-0.0506790617941188,-0.148678815563911,"LE2-1301.018","FCM"
1931,-0.112898965056593,-0.210134923734402,"LE2-1301.018","FCM"
1932,-0.412248487766507,-0.831160111927458,"LE2-1301.018","FCM"
1933,0.0713099633681432,-0.195052506217443,"LE2-1301.018","FCM"
1934,-0.506735609872253,-0.819814851992339,"LE2-1301.018","FCM"
1935,0.186087570395251,-0.425670288454179,"LE2-1301.018","FCM"
1936,0.54170349173138,-0.223659118904577,"LE2-1301.018","FCM"
1937,-0.12890680357269,-0.493075201111351,"LE2-1301.018","FCM"
1938,-0.632845059474849,-0.499442014528537,"LE2-1301.018","FCM"
1939,-0.172531792560219,0.0748273207950271,"LE2-1301.018","FCM"
1940,0.0806377643887485,0.0590239576776642,"LE2-1301.018","FCM"
1941,0.342762497247055,0.316709415748866,"LE2-1301.018","FCM"
1942,0.416179180092963,0.166582344520835,"LE2-1301.018","FCM"
1943,-0.30414093792314,-0.0864729743606447,"LE2-1301.018","FCM"
1944,-0.622971970875584,-0.327269633749868,"LE2-1301.018","FCM"
1945,-0.134572920464022,-0.491529688098262,"LE2-1301.018","FCM"
1946,-0.273661054963642,-0.833791229960625,"LE2-1301.018","FCM"
1947,0.0340487397134167,-0.818541006974953,"LE2-1301.018","FCM"
1948,-0.481102270960552,-0.577288368196209,"LE2-1301.018","FCM"
1949,0.0131543757012775,-0.506206153283551,"LE2-1301.018","FCM"
1950,0.330880503447151,0.213852719689497,"LE2-1301.018","FCM"
1951,-0.402904245190394,0.182292932390038,"LE2-1301.018","FCM"
1952,0.0135944943347396,-0.026108291714653,"LE2-1301.018","FCM"
1953,0.244864976801629,0.513575347509945,"LE2-1301.018","FCM"
1954,0.839630352555212,0.717497390465787,"LE2-1301.018","FCM"
1955,0.436547053056734,0.120527729313892,"LE2-1301.018","FCM"
1956,0.0413602212416933,-0.254797009449345,"LE2-1301.018","FCM"
1957,0.320823438195955,-0.505937988126932,"LE2-1301.018","FCM"
1958,0.709861793555712,-0.382049114585998,"LE2-1301.018","FCM"
1959,0.132499741263508,-0.795664528072759,"LE2-1301.018","FCM"
1960,0.677550452432876,0.258891637571874,"LE2-1301.018","FCM"
1961,-0.155202870626771,-0.529372116254842,"LE2-1301.018","FCM"
1962,0.712464726734712,-0.119899105621871,"LE2-1301.018","FCM"
1963,1.45722917611186,0.599587304964081,"LE2-1301.018","FCM"
1964,0.68608158967282,-0.105260320334998,"LE2-1301.018","FCM"
1965,-0.100560363100976,-0.300296376216805,"LE2-1301.018","FCM"
1966,-1.13053955071606,-0.896450070966791,"LE2-1301.018","FCM"
1967,-0.714038814636853,-1.05479416297703,"LE2-1301.018","FCM"
1968,-0.770829334359584,-1.15707874080051,"LE2-1301.018","FCM"
1969,-0.410157256847686,-0.160067219648243,"LE2-1301.018","FCM"
1970,-0.2499108526176,-0.528376886311895,"LE2-1301.018","FCM"
1971,-0.33435462679668,-0.392704511974862,"LE2-1301.018","FCM"
1972,-0.852462337267343,-0.127118753496396,"LE2-1301.018","FCM"
1973,-0.810328928795165,-0.515272363724858,"LE2-1301.018","FCM"
1974,-1.27933535617731,-1.2701810014271,"LE2-1301.018","FCM"
1975,-1.56381366850406,-1.43248793871357,"LE2-1301.018","FCM"
1976,-1.01832613804794,-1.45054654528653,"LE2-1301.018","FCM"
1977,-1.17585864858457,-1.32773361571322,"LE2-1301.018","FCM"
1978,-1.2257122278938,-0.535177057691527,"LE2-1301.018","FCM"
1979,-0.652512617554618,-0.10772762470321,"LE2-1301.018","FCM"
1980,-0.0877766058665534,-0.337701056680417,"LE2-1301.018","FCM"
1981,0.512685334092534,0.296486134637651,"LE2-1301.018","FCM"
1982,-0.143127978463238,-0.330235584197186,"LE2-1301.018","FCM"
1983,0.129532368821383,-0.440532495058648,"LE2-1301.018","FCM"
1984,-0.480645923385197,-0.850775881391279,"LE2-1301.018","FCM"
1985,0.0521083804915986,0.49718402203368,"LE2-1301.018","FCM"
1986,-0.0505805555877164,0.0485300059777497,"LE2-1301.018","FCM"
1987,-0.337525986702718,-0.284084788145342,"LE2-1301.018","FCM"
1988,0.0776943124217268,0.268603936750255,"LE2-1301.018","FCM"
1989,-0.546972818614224,0.329192657359388,"LE2-1301.018","FCM"
1990,0.155053397432436,0.16916068504333,"LE2-1301.018","FCM"
1991,0.234789991005757,0.263233653721363,"LE2-1301.018","FCM"
1992,-0.311822859435497,0.0159456214124444,"LE2-1301.018","FCM"
1993,-0.545078279005414,-0.0653070590678928,"LE2-1301.018","FCM"
1994,0.147624261483819,0.422572432161078,"LE2-1301.018","FCM"
1995,0.297812764821561,-0.0888733928108528,"LE2-1301.018","FCM"
1996,-0.566341001262226,-0.29089551145829,"LE2-1301.018","FCM"
1997,-0.165024013969123,0.276568479933213,"LE2-1301.018","FCM"
1998,-0.455576261846267,-0.204014935922193,"LE2-1301.018","FCM"
1999,-0.566966034092704,-0.343935733010854,"LE2-1301.018","FCM"
2000,-0.14509645709596,-0.266689834795721,"LE2-1301.018","FCM"
2001,-0.464092464086249,-0.610385101131159,"LE2-1301.018","FCM"
2002,0.342996837236942,0.40521694057282,"LE2-1301.018","FCM"
2003,-0.212858553263363,-0.170908561936848,"LE2-1301.018","FCM"
2004,-0.198392583511132,-0.936908175105798,"LE2-1301.018","FCM"
2005,-0.293462917086778,-0.397888768258524,"LE2-1301.018","FCM"
2006,-0.573060790685335,-0.0763636110654009,"LE2-1301.018","FCM"
2007,-0.0927083327862684,-0.412575967946566,"LE2-1301.018","FCM"
2008,0.266897970199473,0.853299218519896,"LE2-1301.018","FCM"
2009,1.19767896781424,1.34101394853201,"LE2-1301.018","FCM"
2010,1.01440931429422,1.32048993151214,"LE2-1301.018","FCM"
2011,1.85449873067362,2.10538862978943,"LE2-1301.018","FCM"
2012,1.42964160517861,1.91348563657535,"LE2-1301.018","FCM"
2013,1.19349350121652,1.42212693736618,"LE2-1301.018","FCM"
2014,0.507469818510257,0.725388160650181,"LE2-1301.018","FCM"
1851,-1.67362554408261,-2.57170808150088,"LE2-1301.019","FCM"
1852,-0.621141810979382,-1.70932363299479,"LE2-1301.019","FCM"
1853,-0.375983701841965,-1.43392253161871,"LE2-1301.019","FCM"
1854,-1.01039791474587,-2.50614616415175,"LE2-1301.019","FCM"
1855,-0.946441102378843,-2.01097395360136,"LE2-1301.019","FCM"
1856,-0.696311934806014,-2.30253042323616,"LE2-1301.019","FCM"
1857,-1.48312858372418,-2.90911679193229,"LE2-1301.019","FCM"
1858,-1.00714643831888,-2.16393655104182,"LE2-1301.019","FCM"
1859,-0.701996644439233,-2.16973085137414,"LE2-1301.019","FCM"
1860,0.0596633550963576,-1.5362717479899,"LE2-1301.019","FCM"
1861,-0.525055722735975,-1.7923858966131,"LE2-1301.019","FCM"
1862,-1.37788321819546,-2.46799524616596,"LE2-1301.019","FCM"
1863,-1.80867260589535,-2.42676082363735,"LE2-1301.019","FCM"
1864,-0.927031689561202,-2.24690356709116,"LE2-1301.019","FCM"
1865,-0.223493429156286,-2.06157803529175,"LE2-1301.019","FCM"
1866,0.122556982609308,-2.02011163373591,"LE2-1301.019","FCM"
1867,0.679114632453328,-1.3056184930353,"LE2-1301.019","FCM"
1868,0.66652584974178,-1.65832774836174,"LE2-1301.019","FCM"
1869,0.337664052575744,-1.36063586291559,"LE2-1301.019","FCM"
1870,1.28096060889283,-0.857311386945629,"LE2-1301.019","FCM"
1871,0.441830806788617,-1.73274626430265,"LE2-1301.019","FCM"
1872,-0.439956367172443,-2.43910273816345,"LE2-1301.019","FCM"
1873,-0.306590945415298,-2.52987429765496,"LE2-1301.019","FCM"
1874,-0.229359114202534,-2.74560903699608,"LE2-1301.019","FCM"
1875,-0.0663926192187465,-2.56190783529114,"LE2-1301.019","FCM"
1876,0.14451222012648,-2.40887454188851,"LE2-1301.019","FCM"
1877,0.439431486603552,-1.83684329014114,"LE2-1301.019","FCM"
1878,0.440897716435989,-2.0030829666657,"LE2-1301.019","FCM"
1879,0.234266913565958,-2.49897785401384,"LE2-1301.019","FCM"
1880,0.29843965809656,-1.62643995536465,"LE2-1301.019","FCM"
1881,-0.124203345796491,-1.85342295801372,"LE2-1301.019","FCM"
1882,0.271336403034161,-1.56036131120221,"LE2-1301.019","FCM"
1883,0.796633572503807,-1.83292293266541,"LE2-1301.019","FCM"
1884,0.559794735331866,-2.83108073842546,"LE2-1301.019","FCM"
1885,0.899057834700954,-1.91694837092963,"LE2-1301.019","FCM"
1886,0.780357357691711,-1.57430329264558,"LE2-1301.019","FCM"
1887,0.537903944303912,-1.48451796904289,"LE2-1301.019","FCM"
1888,0.105442049750934,-2.28304597268784,"LE2-1301.019","FCM"
1889,0.170968445157127,-2.25756871809095,"LE2-1301.019","FCM"
1890,0.616427651944769,-2.39690488435573,"LE2-1301.019","FCM"
1891,1.13689412529067,-1.36254169583413,"LE2-1301.019","FCM"
1892,-0.077763585398178,-0.262314622245813,"LE2-1301.019","FCM"
1893,-3.2222551484795,-0.282863935125047,"LE2-1301.019","FCM"
1894,-3.18013872728485,-0.279188618182522,"LE2-1301.019","FCM"
1895,-3.13802230609019,-0.275513301239996,"LE2-1301.019","FCM"
1896,-3.09590588489554,-0.271837984297471,"LE2-1301.019","FCM"
1897,-3.05378946370089,-0.268162667354946,"LE2-1301.019","FCM"
1898,-3.01167304250624,-0.26448735041242,"LE2-1301.019","FCM"
1899,-2.96955662131159,-0.260812033469895,"LE2-1301.019","FCM"
1900,-2.92744020011694,-0.257136716527369,"LE2-1301.019","FCM"
1901,-2.88532377892229,-0.253461399584844,"LE2-1301.019","FCM"
1902,-2.84320735772764,-0.249786082642319,"LE2-1301.019","FCM"
1903,-2.80109093653298,-0.246110765699793,"LE2-1301.019","FCM"
1904,-2.75897451533833,-0.242435448757268,"LE2-1301.019","FCM"
1905,-2.71685809414368,-0.238760131814743,"LE2-1301.019","FCM"
1906,-2.67474167294903,-0.235084814872217,"LE2-1301.019","FCM"
1907,-2.63262525175438,-0.231409497929692,"LE2-1301.019","FCM"
1908,-2.59050883055973,-0.227734180987166,"LE2-1301.019","FCM"
1909,-2.54839240936508,-0.224058864044641,"LE2-1301.019","FCM"
1910,-2.50627598817043,-0.220383547102116,"LE2-1301.019","FCM"
1911,-2.46415956697577,-0.21670823015959,"LE2-1301.019","FCM"
1912,-2.42204314578112,-0.213032913217065,"LE2-1301.019","FCM"
1913,-2.37992672458647,-0.20935759627454,"LE2-1301.019","FCM"
1914,-2.33781030339182,-0.205682279332014,"LE2-1301.019","FCM"
1915,-2.29569388219717,-0.202006962389489,"LE2-1301.019","FCM"
1916,-2.25357746100252,-0.198331645446963,"LE2-1301.019","FCM"
1917,-2.21146103980787,-0.194656328504438,"LE2-1301.019","FCM"
1918,-2.16934461861322,-0.190981011561913,"LE2-1301.019","FCM"
1919,-2.12722819741856,-0.187305694619387,"LE2-1301.019","FCM"
1920,-2.08511177622391,-0.183630377676862,"LE2-1301.019","FCM"
1921,-2.04299535502926,-0.179955060734337,"LE2-1301.019","FCM"
1922,-2.00087893383461,-0.176279743791811,"LE2-1301.019","FCM"
1923,-1.95876251263996,-0.172604426849286,"LE2-1301.019","FCM"
1924,-1.91664609144531,-0.16892910990676,"LE2-1301.019","FCM"
1925,-1.87452967025066,-0.165253792964235,"LE2-1301.019","FCM"
1926,-1.832413249056,-0.16157847602171,"LE2-1301.019","FCM"
1927,-1.79029682786135,-0.157903159079184,"LE2-1301.019","FCM"
1928,-1.7481804066667,-0.154227842136659,"LE2-1301.019","FCM"
1929,-1.70606398547205,-0.150552525194134,"LE2-1301.019","FCM"
1930,-1.6639475642774,-0.146877208251608,"LE2-1301.019","FCM"
1931,-1.62183114308275,-0.143201891309083,"LE2-1301.019","FCM"
1932,-1.5797147218881,-0.139526574366557,"LE2-1301.019","FCM"
1933,-1.53759830069345,-0.135851257424032,"LE2-1301.019","FCM"
1934,-1.49548187949879,-0.132175940481507,"LE2-1301.019","FCM"
1935,-1.45336545830414,-0.128500623538981,"LE2-1301.019","FCM"
1936,-1.41124903710949,-0.124825306596456,"LE2-1301.019","FCM"
1937,-1.36913261591484,-0.121149989653931,"LE2-1301.019","FCM"
1938,-1.32701619472019,-0.117474672711405,"LE2-1301.019","FCM"
1939,-1.28489977352554,-0.11379935576888,"LE2-1301.019","FCM"
1940,-1.24278335233089,-0.110124038826354,"LE2-1301.019","FCM"
1941,-1.20066693113624,-0.106448721883829,"LE2-1301.019","FCM"
1942,-1.15855050994158,-0.102773404941304,"LE2-1301.019","FCM"
1943,-1.11643408874693,-0.0990980879987783,"LE2-1301.019","FCM"
1944,-1.07431766755228,-0.0954227710562529,"LE2-1301.019","FCM"
1945,-1.03220124635763,-0.0917474541137275,"LE2-1301.019","FCM"
1946,-0.990084825162979,-0.0880721371712021,"LE2-1301.019","FCM"
1947,-0.947968403968327,-0.0843968202286768,"LE2-1301.019","FCM"
1948,-0.905851982773676,-0.0807215032861514,"LE2-1301.019","FCM"
1949,-0.863735561579025,-0.077046186343626,"LE2-1301.019","FCM"
1950,-0.821619140384374,-0.0733708694011006,"LE2-1301.019","FCM"
1951,-0.779502719189722,-0.0696955524585753,"LE2-1301.019","FCM"
1952,-0.737386297995071,-0.0660202355160499,"LE2-1301.019","FCM"
1953,-0.69526987680042,-0.0623449185735245,"LE2-1301.019","FCM"
1954,-0.653153455605768,-0.0586696016309991,"LE2-1301.019","FCM"
1955,-0.611037034411117,-0.0549942846884737,"LE2-1301.019","FCM"
1956,-0.568920613216466,-0.0513189677459484,"LE2-1301.019","FCM"
1957,-0.526804192021814,-0.047643650803423,"LE2-1301.019","FCM"
1958,-0.484687770827163,-0.0439683338608976,"LE2-1301.019","FCM"
1959,-0.442571349632512,-0.0402930169183722,"LE2-1301.019","FCM"
1960,-0.400454928437861,-0.0366176999758469,"LE2-1301.019","FCM"
1961,-0.358338507243209,-0.0329423830333215,"LE2-1301.019","FCM"
1962,-0.316222086048558,-0.0292670660907961,"LE2-1301.019","FCM"
1963,-0.274105664853907,-0.0255917491482707,"LE2-1301.019","FCM"
1964,-0.231989243659256,-0.0219164322057454,"LE2-1301.019","FCM"
1965,-0.189872822464604,-0.01824111526322,"LE2-1301.019","FCM"
1966,-0.147756401269953,-0.0145657983206946,"LE2-1301.019","FCM"
1967,-0.105639980075302,-0.0108904813781692,"LE2-1301.019","FCM"
1968,-0.0635235588806502,-0.00721516443564384,"LE2-1301.019","FCM"
1969,-0.0214071376859989,-0.00353984749311847,"LE2-1301.019","FCM"
1970,0.0207092835086523,0.000135469449406903,"LE2-1301.019","FCM"
1971,0.0628257047033035,0.00381078639193227,"LE2-1301.019","FCM"
1972,0.104942125897955,0.00748610333445766,"LE2-1301.019","FCM"
1973,0.147058547092606,0.011161420276983,"LE2-1301.019","FCM"
1974,0.189174968287258,0.0148367372195084,"LE2-1301.019","FCM"
1975,0.231291389481909,0.0185120541620338,"LE2-1301.019","FCM"
1976,0.27340781067656,0.0221873711045592,"LE2-1301.019","FCM"
1977,0.315524231871211,0.0258626880470845,"LE2-1301.019","FCM"
1978,0.357640653065863,0.0295380049896099,"LE2-1301.019","FCM"
1979,0.399757074260514,0.0332133219321353,"LE2-1301.019","FCM"
1980,0.441873495455165,0.0368886388746607,"LE2-1301.019","FCM"
1981,0.483989916649817,0.040563955817186,"LE2-1301.019","FCM"
1982,0.526106337844468,0.0442392727597114,"LE2-1301.019","FCM"
1983,0.568222759039119,0.0479145897022368,"LE2-1301.019","FCM"
1984,0.61033918023377,0.0515899066447622,"LE2-1301.019","FCM"
1985,0.652455601428422,0.0552652235872876,"LE2-1301.019","FCM"
1986,0.694572022623073,0.0589405405298129,"LE2-1301.019","FCM"
1987,0.736688443817724,0.0626158574723383,"LE2-1301.019","FCM"
1988,0.778804865012376,0.0662911744148637,"LE2-1301.019","FCM"
1989,0.820921286207027,0.0699664913573891,"LE2-1301.019","FCM"
1990,0.863037707401678,0.0736418082999144,"LE2-1301.019","FCM"
1991,0.905154128596329,0.0773171252424398,"LE2-1301.019","FCM"
1992,0.947270549790981,0.0809924421849652,"LE2-1301.019","FCM"
1993,0.989386970985632,0.0846677591274906,"LE2-1301.019","FCM"
1994,1.03150339218028,0.088343076070016,"LE2-1301.019","FCM"
1995,1.07361981337493,0.0920183930125413,"LE2-1301.019","FCM"
1996,1.11573623456959,0.0956937099550667,"LE2-1301.019","FCM"
1997,1.15785265576424,0.0993690268975921,"LE2-1301.019","FCM"
1998,1.19996907695889,0.103044343840117,"LE2-1301.019","FCM"
1999,1.24208549815354,0.106719660782643,"LE2-1301.019","FCM"
2000,1.28420191934819,0.110394977725168,"LE2-1301.019","FCM"
2001,1.32631834054284,0.114070294667694,"LE2-1301.019","FCM"
2002,1.36843476173749,0.117745611610219,"LE2-1301.019","FCM"
2003,1.41055118293215,0.121420928552744,"LE2-1301.019","FCM"
2004,1.4526676041268,0.12509624549527,"LE2-1301.019","FCM"
2005,1.49478402532145,0.128771562437795,"LE2-1301.019","FCM"
2006,1.5369004465161,0.13244687938032,"LE2-1301.019","FCM"
2007,1.57901686771075,0.136122196322846,"LE2-1301.019","FCM"
2008,1.6211332889054,0.139797513265371,"LE2-1301.019","FCM"
2009,1.66324971010005,0.143472830207897,"LE2-1301.019","FCM"
2010,1.7053661312947,0.147148147150422,"LE2-1301.019","FCM"
2011,1.74748255248936,0.150823464092947,"LE2-1301.019","FCM"
2012,1.78959897368401,0.154498781035473,"LE2-1301.019","FCM"
2013,1.83171539487866,0.158174097977998,"LE2-1301.019","FCM"
2014,1.87383181607331,0.161849414920523,"LE2-1301.019","FCM"
1851,-3.25544001373925,-2.78402512971533,"LE2-1301.020","FCM"
1852,-3.53282145845715,-2.60150973910308,"LE2-1301.020","FCM"
1853,-2.18332971031062,-1.70590840830106,"LE2-1301.020","FCM"
1854,-2.13348554768533,-2.19385779174755,"LE2-1301.020","FCM"
1855,-1.87712969519862,-2.05465724864673,"LE2-1301.020","FCM"
1856,-2.33874679016911,-1.94052032963182,"LE2-1301.020","FCM"
1857,-1.58997037442101,-1.60600135806935,"LE2-1301.020","FCM"
1858,-1.64488676848334,-2.01069971731662,"LE2-1301.020","FCM"
1859,-1.15078442950492,-1.39744836126603,"LE2-1301.020","FCM"
1860,-1.38612854885426,-1.39366495721914,"LE2-1301.020","FCM"
1861,-1.61266639731137,-1.71254294719257,"LE2-1301.020","FCM"
1862,-2.14289147442592,-2.13005412578247,"LE2-1301.020","FCM"
1863,-2.3107120297456,-1.71983955770925,"LE2-1301.020","FCM"
1864,-1.93509913643058,-1.89000997182807,"LE2-1301.020","FCM"
1865,-1.49689969307362,-2.26952682153638,"LE2-1301.020","FCM"
1866,-1.98115054754197,-2.53840915949234,"LE2-1301.020","FCM"
1867,-1.44978291599162,-2.33526267928293,"LE2-1301.020","FCM"
1868,-0.965397913634482,-1.66064877127594,"LE2-1301.020","FCM"
1869,-0.783232212961269,-1.98438826872738,"LE2-1301.020","FCM"
1870,-0.877548689878236,-1.47964681691333,"LE2-1301.020","FCM"
1871,-2.13763930568369,-2.39366045840285,"LE2-1301.020","FCM"
1872,-1.72226374290949,-2.43877583748476,"LE2-1301.020","FCM"
1873,-1.80886957092266,-2.56665895361342,"LE2-1301.020","FCM"
1874,-2.31228915819205,-2.90316020134793,"LE2-1301.020","FCM"
1875,-2.26905898470395,-3.4478278447682,"LE2-1301.020","FCM"
1876,-0.846829703121194,-2.51913225771648,"LE2-1301.020","FCM"
1877,-1.4970941875079,-3.13472863948257,"LE2-1301.020","FCM"
1878,-1.72263809742286,-3.60755134825041,"LE2-1301.020","FCM"
1879,-1.31610129318169,-2.8704429154022,"LE2-1301.020","FCM"
1880,-1.20261502513446,-2.806990896533,"LE2-1301.020","FCM"
1881,-1.7082907375687,-3.28789093956341,"LE2-1301.020","FCM"
1882,-2.05154233538216,-3.5367677922802,"LE2-1301.020","FCM"
1883,-1.70220663634853,-3.40101912897183,"LE2-1301.020","FCM"
1884,-1.99171940900878,-3.12890451540344,"LE2-1301.020","FCM"
1885,-1.469766325293,-2.87370634918228,"LE2-1301.020","FCM"
1886,-1.58274603922574,-3.09955171788948,"LE2-1301.020","FCM"
1887,-1.34177342502467,-2.74813711239037,"LE2-1301.020","FCM"
1888,-0.561853484837058,-2.13039115934777,"LE2-1301.020","FCM"
1889,-1.32132595215527,-2.93423674991532,"LE2-1301.020","FCM"
1890,-0.978051944512746,-2.75036833828028,"LE2-1301.020","FCM"
1891,-1.09940132107977,-2.63249423092318,"LE2-1301.020","FCM"
1892,-1.50268414723542,-2.35497226200405,"LE2-1301.020","FCM"
1893,-0.637830680205955,-2.16437496649061,"LE2-1301.020","FCM"
1894,-0.0533116455807771,-1.65076153906745,"LE2-1301.020","FCM"
1895,-0.826162928264403,-2.69994555130353,"LE2-1301.020","FCM"
1896,-0.596279741449272,-2.71946380586195,"LE2-1301.020","FCM"
1897,-0.723934594544129,-3.3042552317819,"LE2-1301.020","FCM"
1898,-1.60488968115791,-3.82622057855289,"LE2-1301.020","FCM"
1899,-1.48846703882369,-3.14722169649075,"LE2-1301.020","FCM"
1900,-2.24308952265356,-3.87598593205763,"LE2-1301.020","FCM"
1901,-1.5137896370425,-2.62313219429618,"LE2-1301.020","FCM"
1902,-1.40541332391699,-3.05144062046997,"LE2-1301.020","FCM"
1903,-0.930139898393486,-2.82123251254787,"LE2-1301.020","FCM"
1904,-1.79687509569957,-3.75063220941429,"LE2-1301.020","FCM"
1905,-1.96986081342525,-4.11348299954254,"LE2-1301.020","FCM"
1906,-1.55798410988648,-2.98380610746022,"LE2-1301.020","FCM"
1907,-1.95094269477719,-3.27630546941429,"LE2-1301.020","FCM"
1908,-1.70358147024064,-3.77364097868554,"LE2-1301.020","FCM"
1909,-0.846890447815086,-3.23259751467987,"LE2-1301.020","FCM"
1910,-1.10045298041847,-3.28938670234066,"LE2-1301.020","FCM"
1911,-1.16481487315658,-3.38805275637481,"LE2-1301.020","FCM"
1912,-1.44487250227387,1.60089616340695,"LE2-1301.020","FCM"
1913,-1.42222600876289,1.5762008271001,"LE2-1301.020","FCM"
1914,-1.3995795152519,1.55150549079324,"LE2-1301.020","FCM"
1915,-1.37693302174092,1.52681015448639,"LE2-1301.020","FCM"
1916,-1.35428652822993,1.50211481817953,"LE2-1301.020","FCM"
1917,-1.33164003471895,1.47741948187268,"LE2-1301.020","FCM"
1918,-1.30899354120796,1.45272414556583,"LE2-1301.020","FCM"
1919,-1.28634704769698,1.42802880925897,"LE2-1301.020","FCM"
1920,-1.26370055418599,1.40333347295212,"LE2-1301.020","FCM"
1921,-1.24105406067501,1.37863813664526,"LE2-1301.020","FCM"
1922,-1.21840756716402,1.35394280033841,"LE2-1301.020","FCM"
1923,-1.19576107365304,1.32924746403156,"LE2-1301.020","FCM"
1924,-1.17311458014205,1.3045521277247,"LE2-1301.020","FCM"
1925,-1.15046808663107,1.27985679141785,"LE2-1301.020","FCM"
1926,-1.12782159312008,1.255161455111,"LE2-1301.020","FCM"
1927,-1.1051750996091,1.23046611880414,"LE2-1301.020","FCM"
1928,-1.08252860609811,1.20577078249729,"LE2-1301.020","FCM"
1929,-1.05988211258713,1.18107544619043,"LE2-1301.020","FCM"
1930,-1.03723561907614,1.15638010988358,"LE2-1301.020","FCM"
1931,-1.01458912556515,1.13168477357673,"LE2-1301.020","FCM"
1932,-0.99194263205417,1.10698943726987,"LE2-1301.020","FCM"
1933,-0.969296138543185,1.08229410096302,"LE2-1301.020","FCM"
1934,-0.9466496450322,1.05759876465616,"LE2-1301.020","FCM"
1935,-0.924003151521214,1.03290342834931,"LE2-1301.020","FCM"
1936,-0.901356658010229,1.00820809204246,"LE2-1301.020","FCM"
1937,-0.878710164499244,0.983512755735603,"LE2-1301.020","FCM"
1938,-0.856063670988259,0.958817419428749,"LE2-1301.020","FCM"
1939,-0.833417177477274,0.934122083121895,"LE2-1301.020","FCM"
1940,-0.810770683966289,0.909426746815041,"LE2-1301.020","FCM"
1941,-0.788124190455304,0.884731410508187,"LE2-1301.020","FCM"
1942,-0.765477696944319,0.860036074201333,"LE2-1301.020","FCM"
1943,-0.742831203433334,0.835340737894479,"LE2-1301.020","FCM"
1944,-0.720184709922349,0.810645401587626,"LE2-1301.020","FCM"
1945,-0.697538216411363,0.785950065280772,"LE2-1301.020","FCM"
1946,-0.674891722900378,0.761254728973918,"LE2-1301.020","FCM"
1947,-0.652245229389393,0.736559392667064,"LE2-1301.020","FCM"
1948,-0.629598735878408,0.71186405636021,"LE2-1301.020","FCM"
1949,-0.606952242367423,0.687168720053356,"LE2-1301.020","FCM"
1950,-0.584305748856438,0.662473383746502,"LE2-1301.020","FCM"
1951,-0.561659255345453,0.637778047439648,"LE2-1301.020","FCM"
1952,-0.539012761834468,0.613082711132794,"LE2-1301.020","FCM"
1953,-0.516366268323483,0.588387374825941,"LE2-1301.020","FCM"
1954,-0.493719774812498,0.563692038519087,"LE2-1301.020","FCM"
1955,-0.471073281301513,0.538996702212233,"LE2-1301.020","FCM"
1956,-0.448426787790527,0.514301365905379,"LE2-1301.020","FCM"
1957,-0.425780294279542,0.489606029598525,"LE2-1301.020","FCM"
1958,-0.403133800768557,0.464910693291671,"LE2-1301.020","FCM"
1959,-0.380487307257572,0.440215356984817,"LE2-1301.020","FCM"
1960,-0.357840813746587,0.415520020677963,"LE2-1301.020","FCM"
1961,-0.335194320235602,0.390824684371109,"LE2-1301.020","FCM"
1962,-0.312547826724617,0.366129348064256,"LE2-1301.020","FCM"
1963,-0.289901333213632,0.341434011757402,"LE2-1301.020","FCM"
1964,-0.267254839702647,0.316738675450548,"LE2-1301.020","FCM"
1965,-0.244608346191662,0.292043339143694,"LE2-1301.020","FCM"
1966,-0.221961852680677,0.26734800283684,"LE2-1301.020","FCM"
1967,-0.199315359169691,0.242652666529986,"LE2-1301.020","FCM"
1968,-0.176668865658706,0.217957330223132,"LE2-1301.020","FCM"
1969,-0.154022372147721,0.193261993916278,"LE2-1301.020","FCM"
1970,-0.131375878636736,0.168566657609425,"LE2-1301.020","FCM"
1971,-0.108729385125751,0.143871321302571,"LE2-1301.020","FCM"
1972,-0.0860828916147659,0.119175984995717,"LE2-1301.020","FCM"
1973,-0.0634363981037808,0.0944806486888629,"LE2-1301.020","FCM"
1974,-0.0407899045927957,0.0697853123820089,"LE2-1301.020","FCM"
1975,-0.0181434110818106,0.045089976075155,"LE2-1301.020","FCM"
1976,0.00450308242917451,0.0203946397683012,"LE2-1301.020","FCM"
1977,0.0271495759401595,-0.00430069653855268,"LE2-1301.020","FCM"
1978,0.0497960694511446,-0.0289960328454066,"LE2-1301.020","FCM"
1979,0.0724425629621298,-0.0536913691522604,"LE2-1301.020","FCM"
1980,0.0950890564731149,-0.0783867054591144,"LE2-1301.020","FCM"
1981,0.1177355499841,-0.103082041765968,"LE2-1301.020","FCM"
1982,0.140382043495085,-0.127777378072822,"LE2-1301.020","FCM"
1983,0.16302853700607,-0.152472714379676,"LE2-1301.020","FCM"
1984,0.185675030517055,-0.17716805068653,"LE2-1301.020","FCM"
1985,0.20832152402804,-0.201863386993384,"LE2-1301.020","FCM"
1986,0.230968017539025,-0.226558723300238,"LE2-1301.020","FCM"
1987,0.253614511050011,-0.251254059607092,"LE2-1301.020","FCM"
1988,0.276261004560996,-0.275949395913945,"LE2-1301.020","FCM"
1989,0.298907498071981,-0.300644732220799,"LE2-1301.020","FCM"
1990,0.321553991582966,-0.325340068527653,"LE2-1301.020","FCM"
1991,0.344200485093951,-0.350035404834507,"LE2-1301.020","FCM"
1992,0.366846978604936,-0.374730741141361,"LE2-1301.020","FCM"
1993,0.389493472115921,-0.399426077448215,"LE2-1301.020","FCM"
1994,0.412139965626906,-0.424121413755069,"LE2-1301.020","FCM"
1995,0.434786459137891,-0.448816750061923,"LE2-1301.020","FCM"
1996,0.457432952648876,-0.473512086368777,"LE2-1301.020","FCM"
1997,0.480079446159861,-0.49820742267563,"LE2-1301.020","FCM"
1998,0.502725939670847,-0.522902758982484,"LE2-1301.020","FCM"
1999,0.525372433181832,-0.547598095289338,"LE2-1301.020","FCM"
2000,0.548018926692817,-0.572293431596192,"LE2-1301.020","FCM"
2001,0.570665420203802,-0.596988767903046,"LE2-1301.020","FCM"
2002,0.593311913714787,-0.6216841042099,"LE2-1301.020","FCM"
2003,0.615958407225772,-0.646379440516754,"LE2-1301.020","FCM"
2004,0.638604900736757,-0.671074776823607,"LE2-1301.020","FCM"
2005,0.661251394247742,-0.695770113130461,"LE2-1301.020","FCM"
2006,0.683897887758727,-0.720465449437315,"LE2-1301.020","FCM"
2007,0.706544381269712,-0.745160785744169,"LE2-1301.020","FCM"
2008,0.729190874780698,-0.769856122051023,"LE2-1301.020","FCM"
2009,0.751837368291683,-0.794551458357877,"LE2-1301.020","FCM"
2010,0.774483861802668,-0.819246794664731,"LE2-1301.020","FCM"
2011,0.797130355313653,-0.843942130971585,"LE2-1301.020","FCM"
2012,0.819776848824638,-0.868637467278439,"LE2-1301.020","FCM"
2013,0.842423342335623,-0.893332803585293,"LE2-1301.020","FCM"
2014,0.865069835846608,-0.918028139892146,"LE2-1301.020","FCM"
1851,-0.314974135320602,0.325968690607084,"01","MDM"
1852,-0.0394021876947676,0.442018503342796,"01","MDM"
1853,-0.233732497762401,-0.0382811426114457,"01","MDM"
1854,-0.465897133294046,-0.268081711690121,"01","MDM"
1855,-0.32250285187629,-0.512998065688096,"01","MDM"
1856,-0.597408976800253,-0.472588273845011,"01","MDM"
1857,-0.793499042073932,-0.65300543190716,"01","MDM"
1858,-0.514032014506523,-0.457504135408528,"01","MDM"
1859,0.41237921653543,0.0231896321876529,"01","MDM"
1860,0.123530769789709,0.288126078172551,"01","MDM"
1861,0.366926380969448,0.612449409990655,"01","MDM"
1862,-0.0173975289259752,-0.143248397984337,"01","MDM"
1863,-0.160339121175407,-0.305924251506232,"01","MDM"
1864,-0.111319875932369,-0.128592223315707,"01","MDM"
1865,0.515964558106698,0.421995244261595,"01","MDM"
1866,0.345507101380381,-0.122061680114682,"01","MDM"
1867,0.233619883122415,-0.114257947551251,"01","MDM"
1868,-0.180079356554338,-0.516784313221828,"01","MDM"
1869,0.0793151330168814,-0.17856826263336,"01","MDM"
1870,-0.774731240148191,-0.6089272670402,"01","MDM"
1871,-0.144142455199993,0.320294051220919,"01","MDM"
1872,-0.126114349943069,0.0745439875617273,"01","MDM"
1873,-0.118802964485626,0.0445831887934849,"01","MDM"
1874,0.672546503977859,0.381309758608888,"01","MDM"
1875,-0.640794193309069,-0.366424423632807,"01","MDM"
1876,0.029893813447051,-0.119800077139538,"01","MDM"
1877,0.533302681089259,0.149246785746518,"01","MDM"
1878,0.367437884041706,0.503995326692875,"01","MDM"
1879,0.375148265709475,0.265618986284603,"01","MDM"
1880,-0.542001972739858,0.137343206260759,"01","MDM"
1881,-0.817351173674066,-0.208042429058304,"01","MDM"
1882,-0.525505666191517,0.0930258210618958,"01","MDM"
1883,-0.0982578473226819,0.193533912948164,"01","MDM"
1884,0.10824752457405,-0.151294132135085,"01","MDM"
1885,0.226097351563386,-0.199256233836089,"01","MDM"
1886,0.268757367365584,0.0326085688954552,"01","MDM"
1887,-0.323268267455019,-0.520644974215267,"01","MDM"
1888,-0.770224124530239,-0.355993764531208,"01","MDM"
1889,-0.363461666097938,0.0967962375891904,"01","MDM"
1890,0.427313680549595,0.325619003075866,"01","MDM"
1891,-0.00881975561769673,-0.135012897939639,"01","MDM"
1892,-0.296081742990639,-0.257089347448397,"01","MDM"
1893,-0.367476130108235,-0.613572112219653,"01","MDM"
1894,-0.252313528324059,-0.67447595745759,"01","MDM"
1895,-0.511196412157316,-0.640123383865118,"01","MDM"
1896,-0.363322756718552,-0.728088014043157,"01","MDM"
1897,-0.0877916672802794,0.177787928770523,"01","MDM"
1898,-0.170993622714421,-0.0715250320657195,"01","MDM"
1899,-0.165734898748408,0.200588994236645,"01","MDM"
1900,-0.120692807029728,-0.0649736845617117,"01","MDM"
1901,-0.701011657148702,-0.410024243759108,"01","MDM"
1902,0.11151934284823,0.0616685282369387,"01","MDM"
1903,-0.178978472431305,-0.0311056560234046,"01","MDM"
1904,0.064285524400413,0.0943323920046939,"01","MDM"
1905,-0.139089105353892,0.289981871018353,"01","MDM"
1906,-0.0350757240846745,0.428904582191353,"01","MDM"
1907,-0.586542326781721,-0.393595445831444,"01","MDM"
1908,-0.196788378322474,-0.303656697007577,"01","MDM"
1909,0.156156151561377,0.420127340560954,"01","MDM"
1910,-0.0175215743632527,-0.108710272917973,"01","MDM"
1911,-0.717744534338398,-0.991243600545193,"01","MDM"
1912,-0.427136238324196,-0.709828780687301,"01","MDM"
1913,-0.849777071512049,-1.46777559538063,"01","MDM"
1914,-0.3759594035034,-0.387495013430486,"01","MDM"
1915,-0.0976420579151732,0.012408848256135,"01","MDM"
1916,-0.101195468349506,-0.198992748650313,"01","MDM"
1917,-0.460365213318551,-0.179843454239315,"01","MDM"
1918,-0.24666868310615,-0.722034983634393,"01","MDM"
1919,0.013969627215797,0.141616014690085,"01","MDM"
1920,-0.60259800649461,-0.313952817489721,"01","MDM"
1921,-0.441553518123879,-0.204810218869627,"01","MDM"
1922,-0.620662080474312,-0.87513684586952,"01","MDM"
1923,-0.00298776258421373,-0.162962560576657,"01","MDM"
1924,-0.146077204879783,-0.394037108673337,"01","MDM"
1925,0.115026313053917,-0.156755330508428,"01","MDM"
1926,-0.625422897473714,-1.11388753054078,"01","MDM"
1927,-0.771714113930212,-0.589881640249425,"01","MDM"
1928,-0.667402059372693,-1.07940116759656,"01","MDM"
1929,-0.544832236414756,-0.448607827912985,"01","MDM"
1930,-0.183194525854034,0.217689664112618,"01","MDM"
1931,0.0552601089351586,-0.0166693876346971,"01","MDM"
1932,0.146961142112918,-0.0887612729009029,"01","MDM"
1933,0.430919847560034,0.473148127374943,"01","MDM"
1934,0.100937986299888,-0.558500704373152,"01","MDM"
1935,0.217759387864014,-0.155848853434761,"01","MDM"
1936,0.147737718076506,-0.139745998253804,"01","MDM"
1937,-0.19826749890337,-0.639979465796033,"01","MDM"
1938,-0.492712461158631,-0.78115521811897,"01","MDM"
1939,-0.067613224920795,-0.114000888165515,"01","MDM"
1940,-0.1924571359474,0.517351193039208,"01","MDM"
1941,0.417600709545288,0.175027736779186,"01","MDM"
1942,0.0393744409903286,-0.190205991070126,"01","MDM"
1943,-0.251577854501979,-0.328307832664393,"01","MDM"
1944,0.3862276272698,-0.306473385452325,"01","MDM"
1945,0.386552346942313,0.552393175237627,"01","MDM"
1946,-0.516535832587588,-0.0482449951442206,"01","MDM"
1947,-0.727227039873971,-0.0264863369980324,"01","MDM"
1948,0.131023367375739,0.57820630210451,"01","MDM"
1949,0.69744958924673,0.382240702582273,"01","MDM"
1950,0.438327383286155,-0.102763982649187,"01","MDM"
1951,0.664099708745905,0.0526123801262904,"01","MDM"
1952,0.192236619450692,0.0904575994083493,"01","MDM"
1953,-0.0109267861726312,-0.0367905263623481,"01","MDM"
1954,-0.0766440928165951,-0.138878211540175,"01","MDM"
1955,0.432115511953339,-0.0577772214117298,"01","MDM"
1956,-0.159275010890432,0.0658986000178704,"01","MDM"
1957,-0.548298500559675,-0.424540839761559,"01","MDM"
1958,-0.88096278846625,-1.0359882166653,"01","MDM"
1959,-1.09010405639321,-1.30380703218909,"01","MDM"
1960,-0.318482617764691,-0.374451234998689,"01","MDM"
1961,0.334038990744268,0.773900355119189,"01","MDM"
1962,-0.0759593019581798,-0.00215213701026704,"01","MDM"
1963,-0.720773028973357,-0.171083406137275,"01","MDM"
1964,-0.558900404799874,-0.79802070761617,"01","MDM"
1965,-0.320602814414232,-1.11871051864898,"01","MDM"
1966,-0.174711722084616,-0.320889049648781,"01","MDM"
1967,-0.0398293281695222,-0.643361802289821,"01","MDM"
1968,-0.302607265614832,-0.881258042161813,"01","MDM"
1969,-0.0442196922753152,-0.162925923990414,"01","MDM"
1970,-0.069760858423692,-0.322810555807424,"01","MDM"
1971,-0.384326635260818,-0.536057917624914,"01","MDM"
1972,-0.128890419448261,-0.525477463881984,"01","MDM"
1973,0.184783377909045,0.694194827413146,"01","MDM"
1974,0.0686181976233675,-0.0424088233989815,"01","MDM"
1975,-0.357595474510936,-0.54908943794192,"01","MDM"
1976,-0.312497704571583,-0.275522938537267,"01","MDM"
1977,-0.896638298409286,-0.933434796435782,"01","MDM"
1978,-0.55994546226406,-0.183448942550067,"01","MDM"
1979,-0.122657598376708,-0.265725620995746,"01","MDM"
1980,-0.563741642785326,-1.31323857471968,"01","MDM"
1981,-0.352527993811446,0.0369304723897954,"01","MDM"
1982,-0.113418332887569,0.144187374472319,"01","MDM"
1983,-0.139177096332975,-0.225994255372968,"01","MDM"
1984,-0.328401107339019,-0.616476146167041,"01","MDM"
1985,0.106255069076654,0.633576599440631,"01","MDM"
1986,0.421699056442147,0.606083334393461,"01","MDM"
1987,-0.179774923385289,-0.327004505753577,"01","MDM"
1988,-0.765573699760964,-0.286703431535418,"01","MDM"
1989,-0.651559810344808,-0.43783795874253,"01","MDM"
1990,-0.659163846431328,-0.886915503664792,"01","MDM"
1991,-0.0650173454615688,-0.024300762296314,"01","MDM"
1992,-0.210562369907188,0.306426469404527,"01","MDM"
1993,0.451078817886105,0.442444954992741,"01","MDM"
1994,-0.297938383100616,0.247518902121305,"01","MDM"
1995,-0.603442715071663,-0.12069521742627,"01","MDM"
1996,-0.342061546029688,-0.578323981652769,"01","MDM"
1997,-0.127133246212316,-0.384156837538686,"01","MDM"
1998,-0.139111283553393,-0.48386743849222,"01","MDM"
1999,-0.205707022217497,-0.405976302260741,"01","MDM"
2000,-0.468179213187858,-0.475120044610812,"01","MDM"
2001,0.57414517307511,1.00885249933261,"01","MDM"
2002,0.0808204006236691,0.469521230025595,"01","MDM"
2003,0.506116686460128,1.62801337883248,"01","MDM"
2004,0.440447024808249,0.536709001111728,"01","MDM"
2005,0.591482272758098,0.558199364891057,"01","MDM"
2006,0.832589630028003,0.6448040450093,"01","MDM"
2007,0.241917523925045,0.584119235694668,"01","MDM"
2008,0.525880256717418,1.31901295696579,"01","MDM"
2009,0.712690237517857,0.779891100089907,"01","MDM"
2010,0.0339446626261282,0.0973179157003659,"01","MDM"
2011,-0.0120381163258736,0.635622402184093,"01","MDM"
2012,0.706780328430649,0.870553200627501,"01","MDM"
2013,0.405687591659538,0.364656088929702,"01","MDM"
2014,0.697060817341283,0.69011148042596,"01","MDM"
1851,-0.446981205940305,-0.0218246399104574,"02","MDM"
1852,-0.449140608915939,-0.0963997473291531,"02","MDM"
1853,-0.631855709486119,-0.246049342278838,"02","MDM"
1854,-0.433744316778244,-0.394927828876963,"02","MDM"
1855,-0.101398681803107,0.0887170335010758,"02","MDM"
1856,0.252202667624423,0.134583295535354,"02","MDM"
1857,-0.053792199375772,-0.410063020308936,"02","MDM"
1858,-0.677099282582071,-0.827878715564325,"02","MDM"
1859,-0.261972831384697,-0.047213779257773,"02","MDM"
1860,0.42574944836139,0.499255593131053,"02","MDM"
1861,-0.140688108401376,-0.120249215167447,"02","MDM"
1862,-0.0511173356825469,-0.32420706071412,"02","MDM"
1863,-0.587979443144774,-0.291032575957497,"02","MDM"
1864,-0.261056824947935,-0.0683861772552459,"02","MDM"
1865,-0.283676102928502,-0.0789735097287336,"02","MDM"
1866,-0.107858707185969,-0.201933088007557,"02","MDM"
1867,0.0256207053984974,0.0682998072061355,"02","MDM"
1868,0.134808397919181,0.313239635626001,"02","MDM"
1869,0.825566037196045,0.425589136032684,"02","MDM"
1870,0.349832427250545,-0.156038971924557,"02","MDM"
1871,-0.0164948580753649,-0.242428232896634,"02","MDM"
1872,-0.554436956685779,-0.460687291266871,"02","MDM"
1873,-0.441909293468344,-0.4405332863296,"02","MDM"
1874,-0.693550695770128,-0.341970316083647,"02","MDM"
1875,-0.514681979985362,-0.695172236098249,"02","MDM"
1876,-0.515866344696279,-0.466022323463631,"02","MDM"
1877,-0.0203426141212548,-0.191984074580433,"02","MDM"
1878,0.702078249233236,0.405769900724949,"02","MDM"
1879,0.197447135617251,0.309500228072388,"02","MDM"
1880,0.428834528656258,1.31653890683332,"02","MDM"
1881,0.238351679790319,0.268513595670895,"02","MDM"
1882,0.705347876340481,0.267213057778915,"02","MDM"
1883,-0.0978248435941934,-0.0637793181618277,"02","MDM"
1884,-0.163161810986476,-0.227755025207551,"02","MDM"
1885,0.42932754378354,0.308585443150452,"02","MDM"
1886,0.158019781934778,0.237656703666274,"02","MDM"
1887,-0.327439355234659,0.0373138809185134,"02","MDM"
1888,-0.473241352855938,-0.549621251176767,"02","MDM"
1889,0.345591581461493,0.611714304607968,"02","MDM"
1890,0.536470663578779,0.795300031115831,"02","MDM"
1891,0.654122542765816,0.415285187706991,"02","MDM"
1892,0.287439415328026,0.651554072736075,"02","MDM"
1893,0.075972771101141,0.377543483654136,"02","MDM"
1894,-0.113933889441963,0.167988713049757,"02","MDM"
1895,0.130247309190655,-0.052252290138523,"02","MDM"
1896,0.411547335541496,-0.254080560044599,"02","MDM"
1897,0.34504601431605,-0.0281778188722914,"02","MDM"
1898,0.243446307913553,0.109859682380474,"02","MDM"
1899,0.237731251357624,0.34934124881589,"02","MDM"
1900,-0.368969377183312,-0.726668172793878,"02","MDM"
1901,-0.518472930238707,-0.775856886741019,"02","MDM"
1902,0.176629223657005,-0.0722927827692103,"02","MDM"
1903,-0.388122271218286,-0.508983716692614,"02","MDM"
1904,-0.348214696328817,-0.789983735736635,"02","MDM"
1905,-0.341617294742327,-0.267809986695846,"02","MDM"
1906,-0.155127808335385,-0.388505132808566,"02","MDM"
1907,0.45730913648017,0.0739672015695466,"02","MDM"
1908,0.157929365334188,0.212758761588233,"02","MDM"
1909,-0.680440348649426,-0.082364942858742,"02","MDM"
1910,-0.952847643009396,-1.00691978578145,"02","MDM"
1911,-0.277394712515921,-0.895474912158832,"02","MDM"
1912,-0.0250137068239607,-0.329800395155709,"02","MDM"
1913,-0.338384676822014,-0.320285668419461,"02","MDM"
1914,-0.48584943994245,-0.0362694518112446,"02","MDM"
1915,-0.258797889393684,0.16515657419846,"02","MDM"
1916,-0.0969237524709891,0.194500899258798,"02","MDM"
1917,0.294276693782012,-0.169071559432234,"02","MDM"
1918,0.319380746015015,0.616690851074445,"02","MDM"
1919,-0.0525114293299505,0.531852155197233,"02","MDM"
1920,-0.22674774059387,-0.286731573250073,"02","MDM"
1921,0.504102688468502,0.0799255489384767,"02","MDM"
1922,0.0474347335722681,-0.219141741786095,"02","MDM"
1923,0.425468252222886,-0.0171663126430005,"02","MDM"
1924,0.455391213231026,0.940350965810838,"02","MDM"
1925,0.576713510874334,0.840130213754095,"02","MDM"
1926,-0.121847575556041,0.0760874419849193,"02","MDM"
1927,0.196126622995702,0.292382158687741,"02","MDM"
1928,-0.0843308370516461,-0.0939415678291372,"02","MDM"
1929,0.352892136154361,0.638978304536451,"02","MDM"
1930,0.0187854975596337,-0.0271486827321971,"02","MDM"
1931,0.303232031365967,0.173886172356906,"02","MDM"
1932,0.349548396022654,0.139489384602451,"02","MDM"
1933,-0.216700448725007,-0.33603304358761,"02","MDM"
1934,-0.504938887384395,-0.599291232961196,"02","MDM"
1935,-0.767764946755707,-0.268369989055043,"02","MDM"
1936,0.139028899776965,0.568882742501503,"02","MDM"
1937,-0.171564407225526,-0.0280481435862688,"02","MDM"
1938,-0.861363688582549,-0.903566607493872,"02","MDM"
1939,-0.0144925655041506,-0.47959223099196,"02","MDM"
1940,0.0628956509207329,-0.203073614955661,"02","MDM"
1941,-0.843782513717054,-0.636048740894174,"02","MDM"
1942,-0.466885761944206,-0.263972695044053,"02","MDM"
1943,0.130405361851126,0.300177564678672,"02","MDM"
1944,-0.560697494123374,-0.817746904050847,"02","MDM"
1945,-0.811919760783927,-1.57977336417822,"02","MDM"
1946,-0.28731047121156,-0.453623562891016,"02","MDM"
1947,0.181117594638462,0.0785980817469151,"02","MDM"
1948,-0.282669053811733,-0.14577886159833,"02","MDM"
1949,0.291538874697201,0.334132272762388,"02","MDM"
1950,0.419400699172497,0.203159185383591,"02","MDM"
1951,0.106520883810374,-0.181598277176345,"02","MDM"
1952,0.355547449307229,0.162210115159489,"02","MDM"
1953,0.692431219257665,0.27456920376568,"02","MDM"
1954,-0.15446864357259,-0.231254541797018,"02","MDM"
1955,-0.558148074018582,-0.47443432837954,"02","MDM"
1956,0.240362528212351,0.361998673614646,"02","MDM"
1957,0.307737950277769,0.355602767717006,"02","MDM"
1958,-0.128048131416432,-0.581304788045169,"02","MDM"
1959,-0.426504995938824,-0.790551116931654,"02","MDM"
1960,0.00441368934941498,0.0340013929864337,"02","MDM"
1961,-0.790731828811638,-0.604414314205563,"02","MDM"
1962,-0.39267513838472,-0.00363398379137406,"02","MDM"
1963,-0.732641792266999,-0.89161721166794,"02","MDM"
1964,-0.722519372245422,-0.41367855811139,"02","MDM"
1965,-1.12890048884818,-1.21248020492867,"02","MDM"
1966,-0.984739300221165,-1.05834286008758,"02","MDM"
1967,-0.119246514679232,-0.0972273104134221,"02","MDM"
1968,-0.651390727010682,-0.635870054251033,"02","MDM"
1969,-0.38960918075121,-0.0881702268183161,"02","MDM"
1970,-0.21201073809147,-0.263207169327613,"02","MDM"
1971,-0.417877879030776,-0.67982161840241,"02","MDM"
1972,-0.083308121715238,0.0581406411133018,"02","MDM"
1973,-0.071759767451321,-0.437572705402049,"02","MDM"
1974,-0.767323336380079,-1.03890840461127,"02","MDM"
1975,-0.490217494918833,-1.0123574396891,"02","MDM"
1976,-0.6374043291796,-0.723904583510686,"02","MDM"
1977,0.0389019206922223,-0.398439637665847,"02","MDM"
1978,-0.744439761181068,-0.93733203698141,"02","MDM"
1979,-0.726076131833976,-0.707845030009721,"02","MDM"
1980,-1.36669475891299,-0.666386069224193,"02","MDM"
1981,-0.695119232957603,-0.339061725062919,"02","MDM"
1982,-0.86141824810221,-0.6991392718699,"02","MDM"
1983,-0.384553964087453,0.035762535611613,"02","MDM"
1984,0.37863447158658,0.558332793489654,"02","MDM"
1985,-0.40827140368834,-0.62839688747546,"02","MDM"
1986,0.154109332007061,-0.319027617032618,"02","MDM"
1987,-0.484747852122515,-0.471253987213423,"02","MDM"
1988,0.0168107392133894,0.0913099996107814,"02","MDM"
1989,0.398299859725227,0.0189903990619044,"02","MDM"
1990,0.806925594525259,0.0654049653056303,"02","MDM"
1991,0.406741854719309,0.109230007236873,"02","MDM"
1992,-0.147367418211687,-0.4499264729582,"02","MDM"
1993,0.361017147914213,0.433708299972445,"02","MDM"
1994,0.498048742656441,0.303990683909114,"02","MDM"
1995,0.365179973357154,0.424934316902471,"02","MDM"
1996,-0.221050494597957,-0.34390135314963,"02","MDM"
1997,-0.387906096818634,-0.692337253241419,"02","MDM"
1998,-0.287914699142576,-0.0390762453643871,"02","MDM"
1999,0.142685147351422,0.654887105492856,"02","MDM"
2000,0.00445783355245424,0.646059353237611,"02","MDM"
2001,0.392979540362608,0.653316610875281,"02","MDM"
2002,0.351234804677145,0.29406474945107,"02","MDM"
2003,0.200364296431454,0.573206465330561,"02","MDM"
2004,-0.289711534317424,0.169000982319526,"02","MDM"
2005,0.108911852312128,0.267757251760814,"02","MDM"
2006,0.49261400330315,0.550814483182084,"02","MDM"
2007,0.610392770251527,0.993829525066848,"02","MDM"
2008,0.699371885489084,1.13748551305626,"02","MDM"
2009,0.856759669990802,0.657148157991924,"02","MDM"
2010,-0.0967899785155874,-0.101157021872872,"02","MDM"
2011,0.556999208652101,0.945899606307688,"02","MDM"
2012,1.01012511231245,1.30900564375946,"02","MDM"
2013,0.303012197390669,1.50077580012036,"02","MDM"
2014,0.648683668396968,0.964443421890314,"02","MDM"
1851,-0.689916124889134,-0.515667412858375,"03","MDM"
1852,0.292504868177793,0.501613231308046,"03","MDM"
1853,0.538124215782606,0.660156738225037,"03","MDM"
1854,-0.251371209650448,-0.119513435459841,"03","MDM"
1855,-0.00317235250879069,-0.749062757400325,"03","MDM"
1856,0.622146617679902,0.791240750683835,"03","MDM"
1857,0.229521961054073,0.395295160168388,"03","MDM"
1858,0.107232635012321,-0.604638222048777,"03","MDM"
1859,-0.0868050366817468,-0.280613367251973,"03","MDM"
1860,-0.0011356023567669,-0.261716177099176,"03","MDM"
1861,0.0425221850617254,0.0836125197785721,"03","MDM"
1862,0.254266154792956,-0.268162591833016,"03","MDM"
1863,-0.480491084225041,-0.595116759186129,"03","MDM"
1864,-0.0345051843310573,-0.193675052504952,"03","MDM"
1865,-0.0285080212392188,-0.542683296796773,"03","MDM"
1866,0.388386519814961,0.332264187653346,"03","MDM"
1867,-0.0479167890530363,0.430383124310421,"03","MDM"
1868,0.390228618339123,0.594096302687343,"03","MDM"
1869,0.511843813977802,0.51332814329234,"03","MDM"
1870,-0.216681242241389,-0.820315838067906,"03","MDM"
1871,-0.20161450514444,-0.383926885594657,"03","MDM"
1872,-0.945682127936559,-0.492974660496756,"03","MDM"
1873,-0.281173192324754,0.0586497191826266,"03","MDM"
1874,0.399111472726749,0.295355877203501,"03","MDM"
1875,-0.307955950062281,-0.525470328438866,"03","MDM"
1876,0.056892721347036,0.460567658131852,"03","MDM"
1877,0.13276858997856,0.0339092105265516,"03","MDM"
1878,0.692362420404348,0.225469084777832,"03","MDM"
1879,-0.273338102672926,-0.0405633340748251,"03","MDM"
1880,0.49297933303087,0.385196942220582,"03","MDM"
1881,0.389114080200295,0.0840235506077602,"03","MDM"
1882,-0.0171415814072798,0.289065141857745,"03","MDM"
1883,-0.104150429734175,0.235294567896501,"03","MDM"
1884,0.128959221348748,-0.122986984880295,"03","MDM"
1885,-0.0599203798128503,-0.204996042056686,"03","MDM"
1886,0.493968518660653,0.300410131020457,"03","MDM"
1887,0.859549619177119,0.527552047416685,"03","MDM"
1888,0.0676125392138038,0.290396947228163,"03","MDM"
1889,-0.279195517539074,-0.51026216987292,"03","MDM"
1890,0.326269211339749,0.372044549000984,"03","MDM"
1891,-0.0243917426889659,0.425196813199904,"03","MDM"
1892,0.315270511544066,0.175667667743107,"03","MDM"
1893,-0.0292223797662188,0.0635510723819945,"03","MDM"
1894,-0.428455041083239,-0.163983219155172,"03","MDM"
1895,-0.0959591059143557,0.349281714937248,"03","MDM"
1896,-0.261203646555128,-0.9075412616401,"03","MDM"
1897,-0.0817097618908181,-0.806138128512182,"03","MDM"
1898,0.3428054938672,-0.305074920206053,"03","MDM"
1899,-0.290333800023726,-0.749533513129816,"03","MDM"
1900,-0.107814322262262,-0.638035451513551,"03","MDM"
1901,-0.581097986848157,-0.811409040894464,"03","MDM"
1902,-0.0209239802176137,0.533505016828868,"03","MDM"
1903,0.528641113075514,0.702623007341732,"03","MDM"
1904,-0.337253419592601,-0.476620527576662,"03","MDM"
1905,-0.650030841846747,-0.0131241789968309,"03","MDM"
1906,0.117176222826804,0.147741247740784,"03","MDM"
1907,0.183958060244428,0.0660816066372754,"03","MDM"
1908,0.139882082629746,0.370943018636104,"03","MDM"
1909,0.300740358250038,0.382289563267042,"03","MDM"
1910,0.218395766931988,0.0727905811202051,"03","MDM"
1911,0.026538430349414,-0.185487072145151,"03","MDM"
1912,0.027372710342229,0.304590653601272,"03","MDM"
1913,-0.866428441296067,-0.458794678415216,"03","MDM"
1914,-0.732546455664182,-0.600193004553238,"03","MDM"
1915,-0.907967274885956,-1.32295992124903,"03","MDM"
1916,-0.802213496243613,-1.17939514897209,"03","MDM"
1917,-0.962685403509224,-0.799374900683119,"03","MDM"
1918,-1.05068461284437,-0.844729169643659,"03","MDM"
1919,-0.338387249467947,-0.250203516783275,"03","MDM"
1920,-0.500981094274244,-0.749309990548942,"03","MDM"
1921,-0.507052245371128,-0.164750769330378,"03","MDM"
1922,0.16975568310122,0.799774118240415,"03","MDM"
1923,0.650600439148843,0.668787175762586,"03","MDM"
1924,-0.00332421293987983,-0.454825140182416,"03","MDM"
1925,-0.0220975141376612,-0.32621417771514,"03","MDM"
1926,-0.451568457197828,-0.276183420305979,"03","MDM"
1927,-0.453603357800614,-0.618111458288084,"03","MDM"
1928,0.121208916386315,0.74332489762572,"03","MDM"
1929,0.759350742290009,0.330377790639149,"03","MDM"
1930,0.562820958462181,0.113123981328982,"03","MDM"
1931,-0.0516874906936569,-0.0956156559605353,"03","MDM"
1932,-0.159268533453082,0.15872476332633,"03","MDM"
1933,0.28882869346882,0.656308359923003,"03","MDM"
1934,0.549066062997858,0.222399690114483,"03","MDM"
1935,0.947668755499212,0.692880722215007,"03","MDM"
1936,0.260930941210186,-0.182956439065264,"03","MDM"
1937,-0.0932003976019248,-0.216959658591736,"03","MDM"
1938,-0.277635029352532,-0.564642124435743,"03","MDM"
1939,-0.487454321018824,-0.413700252949143,"03","MDM"
1940,-0.727221751757642,-0.228036035553885,"03","MDM"
1941,-0.226074425234104,-0.476290216193026,"03","MDM"
1942,-0.446117073769413,-0.680377056700859,"03","MDM"
1943,0.153663110372567,-0.125702906226868,"03","MDM"
1944,0.490527945944149,-0.241615066451783,"03","MDM"
1945,0.611649427832268,0.517641054994489,"03","MDM"
1946,-0.374304674817528,0.249600459806385,"03","MDM"
1947,-0.0952310878504624,0.0888871581268477,"03","MDM"
1948,-0.405844324377735,-0.13855898821767,"03","MDM"
1949,0.150288581693963,-0.0345641380580692,"03","MDM"
1950,-0.0876692554893707,-0.270298759875464,"03","MDM"
1951,0.3157169848494,0.660873665285442,"03","MDM"
1952,0.870358929849632,0.53504155254988,"03","MDM"
1953,0.84682484609772,0.913832106291735,"03","MDM"
1954,0.40308366790048,0.698879246419677,"03","MDM"
1955,-0.279335393695385,-0.665926784634516,"03","MDM"
1956,-0.652125277843779,-0.00853178841334359,"03","MDM"
1957,0.335944720394901,0.77526700316037,"03","MDM"
1958,0.325905548179902,-0.281554003002524,"03","MDM"
1959,-0.251910589247221,-0.320255665619484,"03","MDM"
1960,-0.209721087904456,-0.0998112600201157,"03","MDM"
1961,-0.820445634972591,-0.425473952213065,"03","MDM"
1962,0.0274389922695435,-0.456818954558984,"03","MDM"
1963,0.179146629885702,-0.190738345731569,"03","MDM"
1964,-0.799426806427166,-0.480807337577183,"03","MDM"
1965,-0.498706874081789,-0.460966082698356,"03","MDM"
1966,-0.263094224539717,-0.802093591747624,"03","MDM"
1967,-0.372046334243189,-0.545874286754309,"03","MDM"
1968,0.501252346863891,0.444937717178354,"03","MDM"
1969,-0.0588445894619485,-0.313561488332287,"03","MDM"
1970,-0.203997448035212,-0.25245966802167,"03","MDM"
1971,0.140095880965603,0.122669146651484,"03","MDM"
1972,0.580932695803413,0.1835634375181,"03","MDM"
1973,-0.0157533602050338,-0.132507893861521,"03","MDM"
1974,-0.474038813354023,-0.487851052448779,"03","MDM"
1975,-0.84572676044874,-0.788022080793637,"03","MDM"
1976,-0.998544482505303,-0.776377528318046,"03","MDM"
1977,-0.395692108703041,-0.818326498951872,"03","MDM"
1978,0.35500167330548,-0.248542265670294,"03","MDM"
1979,0.244999088928978,0.0511118944553438,"03","MDM"
1980,0.0866018602547584,-0.292609901827042,"03","MDM"
1981,-0.261366683979558,-0.403492987459752,"03","MDM"
1982,0.048684670500541,-0.0208176635887035,"03","MDM"
1983,-0.291839098436172,-0.425678470454614,"03","MDM"
1984,-0.220386020303016,0.35285036141355,"03","MDM"
1985,-0.458001819521685,-0.0612923231870419,"03","MDM"
1986,-0.474927901342002,-0.161244894242881,"03","MDM"
1987,0.112723261815127,0.522023202714125,"03","MDM"
1988,-0.0608653138717232,0.0485041115319699,"03","MDM"
1989,-0.0910015771022822,0.139008490486554,"03","MDM"
1990,-0.312668323661766,-0.358503508224194,"03","MDM"
1991,0.334394641499462,-0.123526402149334,"03","MDM"
1992,0.318758862156032,0.27042782473585,"03","MDM"
1993,0.311769142616666,0.0625676178989271,"03","MDM"
1994,-0.149621224077518,-0.221078557401032,"03","MDM"
1995,-0.37375356760721,-0.700235589853118,"03","MDM"
1996,-0.0687578444158143,-0.585900645486678,"03","MDM"
1997,-0.573932939644446,-0.389894315630339,"03","MDM"
1998,-0.532897467934799,-0.347346552154048,"03","MDM"
1999,-0.0311824028810173,-0.697074454701714,"03","MDM"
2000,0.189007455373119,-0.192152756924531,"03","MDM"
2001,0.456989594855495,0.33678006640532,"03","MDM"
2002,0.61169108398351,0.817350803566009,"03","MDM"
2003,0.646982764244486,0.711842081869266,"03","MDM"
2004,0.160890845718105,0.375354141929942,"03","MDM"
2005,0.265949323651938,0.835790378770006,"03","MDM"
2006,0.354621773406759,0.234135878220893,"03","MDM"
2007,0.41613741184588,0.640372054141864,"03","MDM"
2008,0.0857042240139412,-0.226835538945915,"03","MDM"
2009,0.0294932781625796,-0.17932616508475,"03","MDM"
2010,0.236860393745383,-0.0161646653386415,"03","MDM"
2011,0.916236038717723,0.71015740779991,"03","MDM"
2012,0.963132267870146,1.60428669883881,"03","MDM"
2013,0.601243935865635,0.886256264442972,"03","MDM"
2014,0.308834294602403,0.601692879012992,"03","MDM"
1851,-0.143367707221985,-0.114979224829773,"04","MDM"
1852,-0.642581456775428,-0.555902586136844,"04","MDM"
1853,0.18500296283315,-0.0723531290173872,"04","MDM"
1854,-0.228155090540031,-0.426073692319799,"04","MDM"
1855,0.472875679199781,0.272069419841071,"04","MDM"
1856,-0.0564591534003794,-0.2913824190974,"04","MDM"
1857,0.140252696891907,-0.00605353261513143,"04","MDM"
1858,-0.289842636772096,-0.513226049628718,"04","MDM"
1859,-0.0778132101097029,-0.314699597060427,"04","MDM"
1860,-0.0414103197567778,-0.210302579625558,"04","MDM"
1861,-0.252171776163965,-0.283323014780383,"04","MDM"
1862,0.75803223052138,0.993370092234487,"04","MDM"
1863,0.256372577871274,-0.107286656343864,"04","MDM"
1864,-0.212262654195963,-0.661349937421867,"04","MDM"
1865,0.712079048365021,0.298969111913653,"04","MDM"
1866,0.237616735415436,0.0151913216479669,"04","MDM"
1867,-0.188528638873171,-0.227534396373688,"04","MDM"
1868,-0.763205668129785,-0.706889484746507,"04","MDM"
1869,-0.347832283494463,0.0179661847082237,"04","MDM"
1870,0.336563704179596,0.545140552850159,"04","MDM"
1871,-0.198864044693042,0.372812525276237,"04","MDM"
1872,0.229707606381485,0.0708641459848656,"04","MDM"
1873,0.484460373619786,1.06309993901993,"04","MDM"
1874,0.813719677806541,0.219318967714751,"04","MDM"
1875,0.347095501888299,-0.297703456371177,"04","MDM"
1876,0.39322534118698,-0.116193730143064,"04","MDM"
1877,-0.654473155181906,-0.734587475888716,"04","MDM"
1878,0.217451686656527,0.080332532036801,"04","MDM"
1879,0.470416633877057,0.190716946630609,"04","MDM"
1880,-0.17389167343929,-0.347217939532143,"04","MDM"
1881,-0.105352441000621,0.0347417518556475,"04","MDM"
1882,0.200105671419361,0.301565236862809,"04","MDM"
1883,-0.184867819279735,-0.112303278461579,"04","MDM"
1884,-0.0577181970433007,0.492620683418492,"04","MDM"
1885,0.113479003462462,0.0935053495278339,"04","MDM"
1886,-0.204229264624339,0.646284954839014,"04","MDM"
1887,0.115083404361398,0.452036184298341,"04","MDM"
1888,0.27743344338327,0.380572511960835,"04","MDM"
1889,0.229915577753715,0.0183019985646761,"04","MDM"
1890,-0.181546392415804,-0.249475866968461,"04","MDM"
1891,0.125233015527986,0.039529291480309,"04","MDM"
1892,-0.381330648051804,-0.704370519797518,"04","MDM"
1893,-0.16679146406119,0.0814262312548497,"04","MDM"
1894,-0.261921421494919,-0.272934872760828,"04","MDM"
1895,-0.445299617899486,0.0120701253967116,"04","MDM"
1896,-0.0734317634736504,-0.398085966327782,"04","MDM"
1897,-0.876246870975159,-0.410203936111254,"04","MDM"
1898,-0.0685737922483073,-0.421398204378896,"04","MDM"
1899,0.110258616482074,-0.464889943653241,"04","MDM"
1900,-0.411923387958524,-0.965021581367337,"04","MDM"
1901,-0.623928656055589,-0.624587613942649,"04","MDM"
1902,-0.784071334500057,-1.11586779989115,"04","MDM"
1903,-0.45580971426047,-0.514545718216911,"04","MDM"
1904,-0.532635088713517,0.171479507153315,"04","MDM"
1905,-0.459122961728053,-0.216402933188672,"04","MDM"
1906,-0.378662616449283,-0.0243987639105376,"04","MDM"
1907,-0.709132437244461,-0.950004539848898,"04","MDM"
1908,-0.449276362144473,-0.424594624468719,"04","MDM"
1909,-0.0503583327652557,0.0788868951657904,"04","MDM"
1910,-0.0758553026736898,-0.388613190468291,"04","MDM"
1911,0.22936261504344,-0.00633971914417548,"04","MDM"
1912,-0.220037191286516,-0.751570177359404,"04","MDM"
1913,0.568510109411732,0.0397029411532767,"04","MDM"
1914,0.109403539049581,0.0925735117857333,"04","MDM"
1915,-0.256295361126796,-0.495612912185024,"04","MDM"
1916,-0.00361393101050775,-0.526684429207571,"04","MDM"
1917,-0.386523981019498,-0.321190821089426,"04","MDM"
1918,-0.270012457308151,-0.511090113799274,"04","MDM"
1919,-0.639797489846303,-0.842422842077978,"04","MDM"
1920,-0.0777222725890034,-0.339778741500445,"04","MDM"
1921,0.035576509056867,-0.157287575200669,"04","MDM"
1922,-0.421466606855609,-0.11620347047754,"04","MDM"
1923,0.312799597328291,0.199086124778431,"04","MDM"
1924,0.170528238906137,0.131289939197161,"04","MDM"
1925,0.227569609091582,-0.283510132281218,"04","MDM"
1926,-0.356532171882294,-0.0757708403509911,"04","MDM"
1927,-0.248416952277832,-0.275074357052242,"04","MDM"
1928,-0.756853187354632,-0.417272720183511,"04","MDM"
1929,-0.853705175440794,-0.826016324710784,"04","MDM"
1930,-0.26236737182594,-0.33349589151277,"04","MDM"
1931,-0.622010261949572,-0.152951831283331,"04","MDM"
1932,0.313692943774307,-0.0574773564623406,"04","MDM"
1933,-0.00215859067476725,-0.477699289944898,"04","MDM"
1934,-0.0684714063654195,0.12243306985584,"04","MDM"
1935,0.0779508518102254,0.13808316133523,"04","MDM"
1936,0.0941571860998436,-0.159542027752334,"04","MDM"
1937,-0.281230750271097,-0.187881333112808,"04","MDM"
1938,-0.0648691636167192,-0.272126191670602,"04","MDM"
1939,0.399724927327471,-0.033544052663766,"04","MDM"
1940,-0.126219513384164,-0.021908097620754,"04","MDM"
1941,-0.57246568077003,-0.848235647585695,"04","MDM"
1942,-0.305836699742155,-1.14401041266201,"04","MDM"
1943,-0.426554905950466,-0.557342144371621,"04","MDM"
1944,-0.259473424713809,-0.461092527886639,"04","MDM"
1945,-0.334713449929083,-0.551339880678047,"04","MDM"
1946,-0.00643194897540984,0.208251634288451,"04","MDM"
1947,0.129657061354444,-0.0762646749723183,"04","MDM"
1948,-0.0427715684749995,-0.0326855828990561,"04","MDM"
1949,0.0364895890718902,-0.124441073187217,"04","MDM"
1950,0.391323444860816,0.528924801660467,"04","MDM"
1951,-0.127643843562437,-0.0416923853091591,"04","MDM"
1952,0.150362108544207,0.346927402293775,"04","MDM"
1953,0.820327876455427,0.686960758722092,"04","MDM"
1954,0.891315198366476,0.838291962968558,"04","MDM"
1955,0.087481838396651,-0.26233189544742,"04","MDM"
1956,-0.00884029035957392,0.149695077027419,"04","MDM"
1957,-0.257868032713453,-0.555023932928422,"04","MDM"
1958,-1.09922647450357,-1.08003279589962,"04","MDM"
1959,-0.0965359333166373,-0.503304242245919,"04","MDM"
1960,-0.293401649673281,-0.627256373333627,"04","MDM"
1961,-0.725101744213003,-0.945725168217308,"04","MDM"
1962,-0.699084501015549,-0.6550374747984,"04","MDM"
1963,-0.803534117367461,-1.04384774282642,"04","MDM"
1964,0.279920092110819,-0.164257020883812,"04","MDM"
1965,-0.520496500846931,-0.958724391704973,"04","MDM"
1966,-1.04599476140908,-1.21237554893916,"04","MDM"
1967,-1.41327684017275,-1.28862817936365,"04","MDM"
1968,-1.23717998498256,-0.816020453047211,"04","MDM"
1969,-0.846770797218291,-0.843482958494099,"04","MDM"
1970,-0.916196162706034,-1.40434178228432,"04","MDM"
1971,-0.651702925211904,-0.278367986478025,"04","MDM"
1972,-0.482200374930034,-0.736705730350938,"04","MDM"
1973,0.027401000861734,0.102326947167874,"04","MDM"
1974,0.118785727115123,0.0514239148105095,"04","MDM"
1975,0.0861071235152788,-0.245263694515414,"04","MDM"
1976,-0.142997114352123,-0.235713451965077,"04","MDM"
1977,-0.672463856638117,-0.741539413540638,"04","MDM"
1978,-0.89725673813362,-1.04409477627699,"04","MDM"
1979,-1.0915444753108,-1.01070831307515,"04","MDM"
1980,-0.711388171969336,-0.545318812806438,"04","MDM"
1981,-0.266091533713127,-0.416876066187096,"04","MDM"
1982,-0.0247457187554338,0.280098355644091,"04","MDM"
1983,-0.161725761700301,0.253522865401237,"04","MDM"
1984,-0.289477334438916,0.0529387439364536,"04","MDM"
1985,0.045695856628963,0.385379828569385,"04","MDM"
1986,0.0230126004927396,0.163837775669022,"04","MDM"
1987,-0.463475703633736,-0.162661100114614,"04","MDM"
1988,-0.645892709949386,-1.14947383918402,"04","MDM"
1989,-0.49058243270495,-0.482105863462521,"04","MDM"
1990,0.615242152571264,0.654624406705855,"04","MDM"
1991,0.704355598239746,0.32996389788822,"04","MDM"
1992,0.0383273419548458,0.0989295472183208,"04","MDM"
1993,0.197174985318182,0.524260918298635,"04","MDM"
1994,0.832673430127462,0.837384258627252,"04","MDM"
1995,-0.309467234428355,0.277677132865249,"04","MDM"
1996,0.605097322752816,0.748190712789084,"04","MDM"
1997,0.675950141124775,0.296197128330551,"04","MDM"
1998,1.03474753389871,0.763237982964997,"04","MDM"
1999,0.205463508148718,0.816726204540578,"04","MDM"
2000,0.210430422746262,0.0593739013329135,"04","MDM"
2001,0.486958109694847,0.546913983956562,"04","MDM"
2002,0.228196080586592,0.131711268054314,"04","MDM"
2003,0.125826985513778,-0.188088197589855,"04","MDM"
2004,0.163243858124599,-0.168630585075765,"04","MDM"
2005,0.326250142317597,0.217138315964461,"04","MDM"
2006,0.235291279257963,-0.232016665419992,"04","MDM"
2007,-0.340571907575441,-0.473856734882784,"04","MDM"
2008,-0.0108024222408464,-0.317924724547995,"04","MDM"
2009,0.496548607236916,0.2882533560615,"04","MDM"
2010,0.343382665717052,0.144175585709557,"04","MDM"
2011,0.562837419310168,0.933911288783154,"04","MDM"
2012,0.0963811929983899,0.157563040472097,"04","MDM"
2013,0.74612467616008,0.943043697070502,"04","MDM"
2014,0.456383332091086,0.986097853575774,"04","MDM"
1851,0.0720279430967414,0.111262750694223,"05","MDM"
1852,0.039168499924865,-0.262801682947679,"05","MDM"
1853,0.278336557408613,0.201014911164275,"05","MDM"
1854,-0.128485705490063,0.353467126584677,"05","MDM"
1855,-0.632129608545494,-0.0166331750315291,"05","MDM"
1856,0.0747967608670162,-0.142968039540179,"05","MDM"
1857,-0.207392340690098,-0.264967641280103,"05","MDM"
1858,0.354803333887449,0.135513645655768,"05","MDM"
1859,-0.483557055927978,-0.614567897319291,"05","MDM"
1860,-0.73294179463941,0.0170174087222174,"05","MDM"
1861,-0.718709151916394,0.72540932497296,"05","MDM"
1862,-0.797073515080336,-0.473723027829532,"05","MDM"
1863,-0.661228015807667,-0.562627105671988,"05","MDM"
1864,0.0157935053949929,0.0440083230943437,"05","MDM"
1865,-0.00792779200695303,0.00927440504797824,"05","MDM"
1866,-0.280014944401591,-0.349026863899598,"05","MDM"
1867,0.0965295832615523,0.0514699694134079,"05","MDM"
1868,-0.0331947222513375,-0.182406578791978,"05","MDM"
1869,0.505078398192921,0.467117429792364,"05","MDM"
1870,0.428929104037949,0.538595156501079,"05","MDM"
1871,-0.110905812873779,-0.495604929282987,"05","MDM"
1872,0.188097341492874,0.421227026540107,"05","MDM"
1873,-0.262616610196719,-0.676507920736871,"05","MDM"
1874,0.431071603870396,-0.186214402880969,"05","MDM"
1875,-0.333028703475636,-0.488836779583907,"05","MDM"
1876,0.431198413480098,0.428126246694441,"05","MDM"
1877,-0.096113675909112,0.140642945195625,"05","MDM"
1878,-0.331202820556961,0.17029491484918,"05","MDM"
1879,0.0506040069914485,0.390280105221776,"05","MDM"
1880,0.317406842453295,0.181663243781984,"05","MDM"
1881,0.585614208205801,0.0520006002288591,"05","MDM"
1882,0.853769650509856,0.340493162936795,"05","MDM"
1883,-0.249697431162572,-0.350044241013041,"05","MDM"
1884,-0.464648477367669,-0.270310275672946,"05","MDM"
1885,0.46796870422355,0.427259755826925,"05","MDM"
1886,0.0569190358119132,0.180887995948873,"05","MDM"
1887,-0.206062005737142,-0.245682869974626,"05","MDM"
1888,-0.287872983235852,-0.375027769258265,"05","MDM"
1889,-0.0295522877301284,-0.217530998055891,"05","MDM"
1890,-0.64948990545819,-0.56724874186948,"05","MDM"
1891,-0.0284115092524904,-0.0180654239221656,"05","MDM"
1892,-0.171583617788407,-0.202125902596326,"05","MDM"
1893,-0.522892407824809,-0.26591808668305,"05","MDM"
1894,-0.524681386538996,-0.265557520305055,"05","MDM"
1895,0.228018804539076,-0.210934188323243,"05","MDM"
1896,-0.223408143903419,-0.648588687177711,"05","MDM"
1897,-0.00225016941646968,-0.0639413718469369,"05","MDM"
1898,0.771396598119626,0.318790531165912,"05","MDM"
1899,0.703074788760621,0.283168737723144,"05","MDM"
1900,-0.0596604387752438,-0.351966557410135,"05","MDM"
1901,-0.638292616450455,-0.231113632725264,"05","MDM"
1902,0.173243011344373,0.238013369959668,"05","MDM"
1903,-0.118250176137265,0.142673416388211,"05","MDM"
1904,0.124018448492348,0.265545695105195,"05","MDM"
1905,-0.0803515534640602,0.458629404807739,"05","MDM"
1906,0.0226664556030533,0.594986346669625,"05","MDM"
1907,-0.529795519296097,-0.230079450664287,"05","MDM"
1908,-0.141036943038953,-0.142706471151534,"05","MDM"
1909,0.210912214642793,0.578511797105883,"05","MDM"
1910,0.0362391165160597,0.0471084143158412,"05","MDM"
1911,-0.664979215661189,-0.837990682622492,"05","MDM"
1912,-0.375366291849091,-0.559141632075716,"05","MDM"
1913,-0.799002497239048,-1.31965421608016,"05","MDM"
1914,-0.326180201432503,-0.241939403441128,"05","MDM"
1915,-0.0488582280463799,0.155398688934378,"05","MDM"
1916,-0.053407010682817,-0.0585686772831843,"05","MDM"
1917,-0.413572127853965,-0.0419851521833008,"05","MDM"
1918,-0.200870969843669,-0.586742450889494,"05","MDM"
1919,0.0587719682761749,0.27434277812387,"05","MDM"
1920,-0.558791037636336,-0.183791823367051,"05","MDM"
1921,-0.398741921467708,-0.0772149940580708,"05","MDM"
1922,-0.578845856020246,-0.750107390369078,"05","MDM"
1923,0.0378330896677489,-0.0404988743873294,"05","MDM"
1924,-0.106251724829925,-0.274139191795124,"05","MDM"
1925,0.153856420901672,-0.039423182941329,"05","MDM"
1926,-0.587588161828063,-0.999121152284794,"05","MDM"
1927,-0.734874750486665,-0.477681031304555,"05","MDM"
1928,-0.631558068131249,-0.969766327962809,"05","MDM"
1929,-0.509983617375416,-0.341538757590344,"05","MDM"
1930,-0.149341279016798,0.322192965124145,"05","MDM"
1931,0.0881179835702905,0.0852681440657154,"05","MDM"
1932,0.178823644545946,0.0106104894883951,"05","MDM"
1933,0.461786977790959,0.569954120453126,"05","MDM"
1934,0.130809744328709,-0.464260480606083,"05","MDM"
1935,0.24663577369073,-0.064174398978806,"05","MDM"
1936,0.175618731701119,-0.0506373131089638,"05","MDM"
1937,-0.171381857480861,-0.553436549962307,"05","MDM"
1938,-0.466822191938226,-0.697178071596358,"05","MDM"
1939,-0.0427183279024937,-0.0325895109540174,"05","MDM"
1940,-0.168557611131203,0.596196800939591,"05","MDM"
1941,0.440504862159382,0.251307575368454,"05","MDM"
1942,0.0612832214023184,-0.116491921791972,"05","MDM"
1943,-0.230664446292093,-0.257159532697353,"05","MDM"
1944,0.406145663277582,-0.2378908547964,"05","MDM"
1945,0.405475010747991,0.618409936582438,"05","MDM"
1946,-0.498608540984013,0.015205996889476,"05","MDM"
1947,-0.710295120472501,0.0343988857245498,"05","MDM"
1948,0.146959914575106,0.636525755515978,"05","MDM"
1949,0.712390764243993,0.437994386682626,"05","MDM"
1950,0.452273186081314,-0.0495760678599475,"05","MDM"
1951,0.67705013933896,0.103234525604415,"05","MDM"
1952,0.204191677841644,0.138513975575359,"05","MDM"
1953,3.29000162163612e-05,0.00870008049354781,"05","MDM"
1954,-0.0666797788298513,-0.095953373995393,"05","MDM"
1955,0.441084453737979,-0.0174181531780627,"05","MDM"
1956,-0.151301441307895,0.103691898940423,"05","MDM"
1957,-0.541320303179242,-0.389313310150121,"05","MDM"
1958,-0.874979963287921,-1.00332645636498,"05","MDM"
1959,-1.08511660341699,-1.27371104119988,"05","MDM"
1960,-0.31449053699057,-0.346921013320594,"05","MDM"
1961,0.337035699316285,0.79886480748617,"05","MDM"
1962,-0.0739579655882666,0.0202465460455993,"05","MDM"
1963,-0.719767064805547,-0.151250492392523,"05","MDM"
1964,-0.558889812834169,-0.780753563182532,"05","MDM"
1965,-0.321587594650631,-1.10400914352646,"05","MDM"
1966,-0.176691874523118,-0.308753443837373,"05","MDM"
1967,-0.0428048528101282,-0.633791965789527,"05","MDM"
1968,-0.306578162457542,-0.874253974972633,"05","MDM"
1969,-0.0491859613201289,-0.158487626112348,"05","MDM"
1970,-0.0757224996706095,-0.320938027240472,"05","MDM"
1971,-0.391283648709839,-0.536751158369077,"05","MDM"
1972,-0.136842805099386,-0.528736473937262,"05","MDM"
1973,0.175835620055816,0.688370048046754,"05","MDM"
1974,0.0586750675680347,-0.0507993720764878,"05","MDM"
1975,-0.368533976768372,-0.560045755930541,"05","MDM"
1976,-0.324431579031124,-0.289045025837002,"05","MDM"
1977,-0.90956754507093,-0.949522653046631,"05","MDM"
1978,-0.573870081127808,-0.202102568472031,"05","MDM"
1979,-0.13757758944256,-0.286945016228824,"05","MDM"
1980,-0.579657006053282,-1.33702373926387,"05","MDM"
1981,-0.369438729281505,0.0105795385344884,"05","MDM"
1982,-0.131324440559733,0.115270671305898,"05","MDM"
1983,-0.158078576207242,-0.257476727850504,"05","MDM"
1984,-0.34829795941539,-0.650524387955692,"05","MDM"
1985,0.0853628447981794,0.596962588340866,"05","MDM"
1986,0.399811459961568,0.566903553982582,"05","MDM"
1987,-0.202657892067972,-0.368750055475571,"05","MDM"
1988,-0.789452040645751,-0.331014750568526,"05","MDM"
1989,-0.676433523431699,-0.484715047086752,"05","MDM"
1990,-0.685032931720322,-0.936358361320129,"05","MDM"
1991,-0.0918818029526668,-0.076309389262765,"05","MDM"
1992,-0.23842219960039,0.251852073126961,"05","MDM"
1993,0.4222236159908,0.385304789404061,"05","MDM"
1994,-0.327788957198026,0.187812967221511,"05","MDM"
1995,-0.634288661371177,-0.182966921637178,"05","MDM"
1996,-0.373902864531305,-0.643161455174792,"05","MDM"
1997,-0.159969936916037,-0.451560080371823,"05","MDM"
1998,-0.172943346459218,-0.553836450636472,"05","MDM"
1999,-0.240534457325426,-0.478511083716107,"05","MDM"
2000,-0.50400202049789,-0.550220595377293,"05","MDM"
2001,0.537326993562974,0.931186179255012,"05","MDM"
2002,0.043006848909429,0.389289140636886,"05","MDM"
2003,0.467307762543784,1.54521552013265,"05","MDM"
2004,0.400642728689801,0.45134537310079,"05","MDM"
2005,0.550682604437546,0.470269967569005,"05","MDM"
2006,0.790794589505347,0.554308878376133,"05","MDM"
2007,0.199127111200286,0.491058299750387,"05","MDM"
2008,0.482094471790555,1.2233862517104,"05","MDM"
2009,0.66790908038889,0.681698625523397,"05","MDM"
2010,-0.0118318667049426,-0.00344032817725843,"05","MDM"
2011,-0.0588100178590483,0.532298388995355,"05","MDM"
2012,0.659013054695371,0.764663418127648,"05","MDM"
2013,0.356924945722156,0.256200537118734,"05","MDM"
2014,0.647302799201796,0.579090159303878,"05","MDM"
1851,0.453350493690356,0.783308462369603,"06","MDM"
1852,0.0625099305669646,-0.351099369702681,"06","MDM"
1853,0.0155979626360981,-0.0453778205851244,"06","MDM"
1854,-0.295930579319492,0.209972865609192,"06","MDM"
1855,-0.484706356664658,-0.559125125595544,"06","MDM"
1856,0.00335803802533946,0.145716604834719,"06","MDM"
1857,0.0831275595900108,0.662199614885847,"06","MDM"
1858,0.096097700444622,-0.0312037858086026,"06","MDM"
1859,0.0611067423062563,0.0280509239714719,"06","MDM"
1860,0.513590067556299,0.0168118515639852,"06","MDM"
1861,-0.226477940090522,-0.418920690927323,"06","MDM"
1862,-0.476903396297506,-0.214622934877423,"06","MDM"
1863,0.415106176897669,0.433303252354862,"06","MDM"
1864,0.15098270899387,-0.421328134763891,"06","MDM"
1865,1.00482366419435,1.18549855527751,"06","MDM"
1866,0.311777509283622,0.251944103230271,"06","MDM"
1867,0.200407405117523,0.541136057695632,"06","MDM"
1868,-0.240438243114396,-0.496821874579543,"06","MDM"
1869,-0.125351682897115,-0.506006260215594,"06","MDM"
1870,-0.309703165748906,-0.743826060777287,"06","MDM"
1871,-0.428978857268459,-0.0614971887180357,"06","MDM"
1872,0.0814671185205194,0.234548991249077,"06","MDM"
1873,0.0292718285340867,0.326478887303583,"06","MDM"
1874,0.0231962952593363,-0.214006089544733,"06","MDM"
1875,0.569146691621764,-0.0443865072059972,"06","MDM"
1876,0.78729469507746,0.724292021780159,"06","MDM"
1877,0.342638189426822,0.677751353688704,"06","MDM"
1878,0.287526586334021,0.616842365984344,"06","MDM"
1879,1.04124265701381,0.564695276065275,"06","MDM"
1880,0.273958437812382,-0.365364297291328,"06","MDM"
1881,-0.163517222285803,-0.31623073099432,"06","MDM"
1882,-0.217133708913585,-0.18688360026409,"06","MDM"
1883,0.348270160753784,0.204520456140979,"06","MDM"
1884,0.817195542742149,0.0710233323447741,"06","MDM"
1885,-0.157818537008327,0.0867744149116805,"06","MDM"
1886,-0.387781934530241,0.131614189868194,"06","MDM"
1887,0.737869249074339,0.333154281609699,"06","MDM"
1888,-0.192427733518005,-0.31255950457428,"06","MDM"
1889,0.339617550663768,0.231263983302119,"06","MDM"
1890,-0.422956038090241,-0.02694384196251,"06","MDM"
1891,0.113288535152926,0.0990399501844732,"06","MDM"
1892,-0.0529626464841534,-0.315958092694105,"06","MDM"
1893,-0.325371364660345,-0.354368651870262,"06","MDM"
1894,-0.267352515519894,-0.393846820532812,"06","MDM"
1895,0.192595945199656,-0.0317932031706085,"06","MDM"
1896,0.378859741698835,0.139332025211878,"06","MDM"
1897,-0.0509143900109122,-0.360406729118521,"06","MDM"
1898,0.04025090737078,0.181093967678108,"06","MDM"
1899,-0.0563993146255538,0.196199985262042,"06","MDM"
1900,-0.721334260079792,-0.652320165780405,"06","MDM"
1901,0.171005437857602,0.474412847154263,"06","MDM"
1902,-0.271983141359731,-0.569910264746752,"06","MDM"
1903,-0.209294852859308,-0.159070773603356,"06","MDM"
1904,-0.560599565229281,0.115722926643776,"06","MDM"
1905,-0.219637033644379,-0.0508259606287383,"06","MDM"
1906,0.0130239320622102,-0.188624902293914,"06","MDM"
1907,0.158750664633751,0.135676932994292,"06","MDM"
1908,0.205618482183354,-0.588368536010991,"06","MDM"
1909,-0.0658841652382673,-0.675351967128837,"06","MDM"
1910,0.105470474779004,-0.0336349891222392,"06","MDM"
1911,-0.38817555261904,-0.379973651119001,"06","MDM"
1912,-0.327094616782087,-0.278603131003602,"06","MDM"
1913,-0.130142996925752,-0.325667502082303,"06","MDM"
1914,-0.382695190675706,-0.0571762341653831,"06","MDM"
1915,-0.0713242742893335,0.0397589684888476,"06","MDM"
1916,-0.0187119116883164,0.652509336471118,"06","MDM"
1917,-0.334032784024064,-0.246487039559469,"06","MDM"
1918,0.152820746403074,-0.671341533993358,"06","MDM"
1919,-0.0914398516012284,-0.601963512739808,"06","MDM"
1920,0.322232742614284,-0.194952499803904,"06","MDM"
1921,0.101547265997848,0.128766324785194,"06","MDM"
1922,0.689173709681427,0.774699220626915,"06","MDM"
1923,0.556046348470199,0.317559581672959,"06","MDM"
1924,-0.0468393706947423,-0.351327702893018,"06","MDM"
1925,0.507767046720352,0.456499164770735,"06","MDM"
1926,0.396852048332012,0.333221403116356,"06","MDM"
1927,-0.284010593792524,-0.518967926142245,"06","MDM"
1928,-0.49433650273719,-0.504218886148827,"06","MDM"
1929,-0.027730412027882,-0.483166473005195,"06","MDM"
1930,-0.375218453802045,0.0717623774650566,"06","MDM"
1931,-0.0210892505478199,0.391814148536421,"06","MDM"
1932,-0.303531319941231,0.187334503123836,"06","MDM"
1933,-0.0666327080803055,-0.0902268659593744,"06","MDM"
1934,0.144943578470722,-0.579175164792871,"06","MDM"
1935,-0.0945546483915457,-0.552383018929967,"06","MDM"
1936,0.309986424947089,0.338810732944836,"06","MDM"
1937,0.147929189468587,-0.0199822736168678,"06","MDM"
1938,0.0898920053128902,-0.0685455515363631,"06","MDM"
1939,-0.391267268739014,-0.58126436556437,"06","MDM"
1940,-0.240919749532374,-0.588546985553851,"06","MDM"
1941,-0.087380265121763,-0.632997459049996,"06","MDM"
1942,0.421167221235777,-0.0183430478738142,"06","MDM"
1943,-0.161242195153864,0.0227924496509792,"06","MDM"
1944,0.284057144626395,0.344631525294015,"06","MDM"
1945,-0.000994192007577933,0.478627469041314,"06","MDM"
1946,-0.414217818661935,-0.623197297233168,"06","MDM"
1947,-0.276124974614794,-0.196350883786264,"06","MDM"
1948,-0.210739012384313,-0.786937791721935,"06","MDM"
1949,-0.466957412473002,-0.840654723591855,"06","MDM"
1950,-0.431799787081594,-0.682269900644161,"06","MDM"
1951,0.0423950647141278,-0.00169855583557568,"06","MDM"
1952,0.205056358779487,-0.167382721408253,"06","MDM"
1953,0.270980437670984,-0.0823686644467156,"06","MDM"
1954,-0.668012653952703,-0.649007149160662,"06","MDM"
1955,0.135611227705992,-0.393933266882662,"06","MDM"
1956,0.635809500759883,0.617934583998269,"06","MDM"
1957,0.216844248268382,-0.12453254198145,"06","MDM"
1958,-0.418514208005877,-0.541224871859403,"06","MDM"
1959,-0.833377433336928,-0.827299445552655,"06","MDM"
1960,-0.359666649102366,-0.67531035658402,"06","MDM"
1961,0.373114813111266,0.541966664221868,"06","MDM"
1962,0.284091938370255,-0.0963316205799,"06","MDM"
1963,-0.46063753028095,-0.0723198313846713,"06","MDM"
1964,-0.298417059682299,0.00852360411562532,"06","MDM"
1965,-0.182723799024195,-0.0276025534312591,"06","MDM"
1966,-0.12792004933856,-0.391292292004449,"06","MDM"
1967,-0.257981635885819,0.021984167723852,"06","MDM"
1968,-0.610348458910207,-0.66310020452779,"06","MDM"
1969,-0.273970405255743,-0.814124346252178,"06","MDM"
1970,-0.237012544538383,-0.610246609438968,"06","MDM"
1971,-0.707391019072954,-0.733502197444155,"06","MDM"
1972,0.279878819737666,0.0255948982872432,"06","MDM"
1973,-0.269561429513709,-0.151464666815686,"06","MDM"
1974,-0.316154413499532,-0.197254094129018,"06","MDM"
1975,-0.277713839307746,0.0481412908978534,"06","MDM"
1976,-0.387940183510059,-0.0856386830375666,"06","MDM"
1977,0.0641631089864884,-0.115225947071122,"06","MDM"
1978,0.251255041400289,0.141625975486538,"06","MDM"
1979,0.105917659294937,-0.0842838978253661,"06","MDM"
1980,-0.269284921435346,-0.458095054025615,"06","MDM"
1981,0.369245473111055,0.476257868181044,"06","MDM"
1982,0.75897933709878,1.06198583795402,"06","MDM"
1983,-0.199493664256436,-0.255792905619209,"06","MDM"
1984,0.42661704079365,0.526845907360323,"06","MDM"
1985,-0.525875137537124,-0.564825809571959,"06","MDM"
1986,-0.580957460219918,-0.282189573304565,"06","MDM"
1987,-0.49288976558442,-0.230873866500351,"06","MDM"
1988,-0.659135259904191,-0.849002729986107,"06","MDM"
1989,-1.05697173155803,-0.758605427260415,"06","MDM"
1990,-0.00374030147032055,0.336492615909068,"06","MDM"
1991,0.407774244228353,0.512354572957572,"06","MDM"
1992,0.133209771011716,0.165463291904349,"06","MDM"
1993,-0.616603769225034,-0.292979291119217,"06","MDM"
1994,0.114127777045778,0.0560478012889631,"06","MDM"
1995,0.192862939067478,0.0214136641665423,"06","MDM"
1996,0.299674245932496,0.0573546200145372,"06","MDM"
1997,-0.0730935926460229,0.544427379352897,"06","MDM"
1998,0.173850561550749,0.81526771536478,"06","MDM"
1999,-0.749106005080338,-0.00398259657592483,"06","MDM"
2000,-0.267235109816063,-0.147785168235144,"06","MDM"
2001,-0.356444226537532,-0.130187852721625,"06","MDM"
2002,0.0858731341870387,0.581115522117964,"06","MDM"
2003,0.0935962282060248,0.262075512164823,"06","MDM"
2004,0.119084054617614,0.534650405625245,"06","MDM"
2005,0.225482643402434,-0.0937942962594217,"06","MDM"
2006,0.492946594182249,0.0584849095371196,"06","MDM"
2007,0.187405401985753,-0.247139315386747,"06","MDM"
2008,0.965462412576471,0.967537750570914,"06","MDM"
2009,0.671790902815399,1.26223700422149,"06","MDM"
2010,0.818744927354497,0.849713627731239,"06","MDM"
2011,1.16404811270936,1.39936135802099,"06","MDM"
2012,0.589698434297813,0.363581685160795,"06","MDM"
2013,0.51006666886245,0.375707770978552,"06","MDM"
2014,0.354420788017923,-0.103249547936869,"06","MDM"
1851,0.852302936963443,0.794627747473332,"07","MDM"
1852,0.472371719160294,0.524724137133069,"07","MDM"
1853,0.627705332587847,0.952817185705019,"07","MDM"
1854,0.871988717775569,1.00555715555103,"07","MDM"
1855,0.046246408145888,0.663143958228773,"07","MDM"
1856,-0.117035357652006,-0.527082443973593,"07","MDM"
1857,-0.589487672358369,-0.790396255312868,"07","MDM"
1858,0.308474770951371,-0.0832168282851028,"07","MDM"
1859,0.64818455848908,0.328054789733889,"07","MDM"
1860,0.189829549524722,0.228435594377179,"07","MDM"
1861,0.443917242226009,0.6329167355728,"07","MDM"
1862,-0.0954020503798448,-0.130519589226592,"07","MDM"
1863,-0.684555766810983,-0.380714170228798,"07","MDM"
1864,-0.170358222423944,-0.0390868325618523,"07","MDM"
1865,0.379387817917206,0.971751571586933,"07","MDM"
1866,0.048069074075872,0.282216496035804,"07","MDM"
1867,-0.131650746516738,-0.219573454059304,"07","MDM"
1868,0.111647258465845,-0.47131268257864,"07","MDM"
1869,0.0558414270453041,-0.715766194270612,"07","MDM"
1870,-0.983998848458366,-0.923236204303339,"07","MDM"
1871,-0.780522331774213,-0.392063700134797,"07","MDM"
1872,-0.0892691580979577,-0.00858064257038909,"07","MDM"
1873,-0.453254873002396,-0.033706872899602,"07","MDM"
1874,-0.274770683624134,-0.300628095161204,"07","MDM"
1875,-0.246397948360746,-0.461475552093337,"07","MDM"
1876,0.21212052908549,0.0343201170145006,"07","MDM"
1877,-0.132122956548707,0.00141697265298548,"07","MDM"
1878,-0.739810126478149,-0.80968968480271,"07","MDM"
1879,0.00454324335358057,-0.296443715884415,"07","MDM"
1880,-0.596277512353835,-0.664868417816758,"07","MDM"
1881,-0.179006715270739,-0.414587327206307,"07","MDM"
1882,-0.388813735696012,0.358165546310131,"07","MDM"
1883,0.315851286804676,0.200437000392171,"07","MDM"
1884,-0.211355774344207,-0.153365048959069,"07","MDM"
1885,-0.464238862354255,-0.364508877472225,"07","MDM"
1886,0.0572634443522882,0.952257908993046,"07","MDM"
1887,-0.258803945649772,0.122812143969841,"07","MDM"
1888,0.158804534215065,-0.129376142368959,"07","MDM"
1889,-0.123364441461217,-0.371679542546677,"07","MDM"
1890,-0.699710440704635,-0.542992609677069,"07","MDM"
1891,-0.293348966144874,-0.404759093422821,"07","MDM"
1892,-0.559533606209531,-0.365732753893116,"07","MDM"
1893,0.468122270055737,0.12414621037068,"07","MDM"
1894,1.09474987141782,0.669620924763257,"07","MDM"
1895,-0.094432550244976,0.0330832027167494,"07","MDM"
1896,-0.117930900624706,0.0768084039774518,"07","MDM"
1897,0.567338249454624,0.157655646751495,"07","MDM"
1898,-0.0783664536587812,-0.667736379212738,"07","MDM"
1899,0.109289515699073,0.00940874299914683,"07","MDM"
1900,-0.383909698992827,0.254718950950238,"07","MDM"
1901,-0.410698929903299,-0.682786876447585,"07","MDM"
1902,-0.661013946401159,-0.594282730730847,"07","MDM"
1903,-0.215228133235614,-0.092146284063161,"07","MDM"
1904,-0.21551466251542,-0.311662548083752,"07","MDM"
1905,-0.490022457516457,-0.0191434466568058,"07","MDM"
1906,0.0402168849847349,-0.193468524900928,"07","MDM"
1907,0.328715353617135,-0.00201307602650856,"07","MDM"
1908,0.0638533679114171,0.202384044865679,"07","MDM"
1909,0.798203041835243,0.32082364655396,"07","MDM"
1910,-0.138501635189303,-0.57634485487743,"07","MDM"
1911,-0.159926093856398,-0.732475994296094,"07","MDM"
1912,-0.450172378406107,-0.193779661136033,"07","MDM"
1913,-0.613746322601675,-0.798394755715939,"07","MDM"
1914,-0.740258993761705,-0.569681705061622,"07","MDM"
1915,-0.0927872281728156,-0.272698150298168,"07","MDM"
1916,0.486473686642292,0.165425667114415,"07","MDM"
1917,0.188639344967046,0.250570714092692,"07","MDM"
1918,0.197519556898755,0.0574610893499221,"07","MDM"
1919,0.0994915726547135,0.622127556562662,"07","MDM"
1920,0.113386751476892,0.0693664669231883,"07","MDM"
1921,-0.00459936954744576,-0.391630968298689,"07","MDM"
1922,0.146005516352804,0.0796363496208127,"07","MDM"
1923,-0.0699558477070907,-0.539126510294028,"07","MDM"
1924,-0.613698746746081,-0.973690444698663,"07","MDM"
1925,-0.390865031030297,-0.294750391790332,"07","MDM"
1926,-0.810245687612246,-0.316838084655726,"07","MDM"
1927,-0.611095972294629,-0.405443448769786,"07","MDM"
1928,-0.622652437186216,-0.846583949256022,"07","MDM"
1929,0.298949229689239,-0.318746707446574,"07","MDM"
1930,-0.271840258258638,0.124114965404959,"07","MDM"
1931,0.126513661371794,0.432576447294883,"07","MDM"
1932,-0.10028087939608,-0.65130458536579,"07","MDM"
1933,0.168899450611594,0.392561448722857,"07","MDM"
1934,-0.0766276881607687,0.0644784334182756,"07","MDM"
1935,0.0746169328088263,0.0633942506800588,"07","MDM"
1936,0.689901998579424,0.37436171062931,"07","MDM"
1937,0.184262842220846,-0.252185986366773,"07","MDM"
1938,-0.00840285692519398,-0.268919527163331,"07","MDM"
1939,0.20397957560686,0.0917988889310493,"07","MDM"
1940,0.127774225482973,0.233954342877962,"07","MDM"
1941,0.0978867892037367,0.37904023658144,"07","MDM"
1942,0.741683128972994,0.995277978324314,"07","MDM"
1943,0.590661074034279,0.332345053475981,"07","MDM"
1944,0.450130454671163,-0.30898939610831,"07","MDM"
1945,0.522799459061094,0.834334940756337,"07","MDM"
1946,0.921382958244656,0.890278054024462,"07","MDM"
1947,-0.0993333182301556,-0.0741733543495777,"07","MDM"
1948,0.149203551474752,0.46974557584541,"07","MDM"
1949,-0.0889704745542989,-0.210934147799248,"07","MDM"
1950,0.126346009890839,0.219501789029909,"07","MDM"
1951,-0.128777618691125,-0.252305511910593,"07","MDM"
1952,-0.194901826152102,-0.658289106471512,"07","MDM"
1953,0.0902654538473652,0.0829607775717466,"07","MDM"
1954,-0.430155129716074,-0.763929197111635,"07","MDM"
1955,-0.233104878238096,-0.8338161130614,"07","MDM"
1956,-0.942377736310192,-0.683279429063101,"07","MDM"
1957,-0.584352605968933,-0.883708582545412,"07","MDM"
1958,-0.221012321912215,-0.273838150154192,"07","MDM"
1959,-0.253675216789695,-0.064371887139046,"07","MDM"
1960,0.0767845298521239,0.0704497506539046,"07","MDM"
1961,0.267269306060609,0.0575588664721445,"07","MDM"
1962,0.08159949460832,-0.266099114264228,"07","MDM"
1963,-0.355694235601221,0.335833619866829,"07","MDM"
1964,-0.510058409535385,-0.475784729852444,"07","MDM"
1965,-0.802149289102676,-1.12286575471367,"07","MDM"
1966,-0.0934113213187967,-0.133013543843282,"07","MDM"
1967,0.0112679038018677,-0.128753309481832,"07","MDM"
1968,-0.310963407768561,-0.262821018280335,"07","MDM"
1969,0.224758932371011,-0.43245397036857,"07","MDM"
1970,-0.610884888592853,-0.24185284859946,"07","MDM"
1971,-0.390232954768143,-0.246724232510009,"07","MDM"
1972,-0.341610677245778,-0.702164799964539,"07","MDM"
1973,-1.24071433166871,-0.837949785140507,"07","MDM"
1974,-0.461341695242278,-1.08685598393438,"07","MDM"
1975,0.241882218469749,-0.180908530526779,"07","MDM"
1976,-0.176017263827549,-0.335869167740514,"07","MDM"
1977,0.11931874841634,0.148070736208954,"07","MDM"
1978,-0.0835665419620032,-0.365950221799074,"07","MDM"
1979,0.011687408000019,-0.203046585606556,"07","MDM"
1980,-0.831215574195618,-0.177812809804308,"07","MDM"
1981,-1.24861060056699,-1.02007281061396,"07","MDM"
1982,-1.31247484294664,-0.649753686083398,"07","MDM"
1983,-0.724800135451502,-0.756003219509068,"07","MDM"
1984,-0.338290423333477,-0.350144829779173,"07","MDM"
1985,0.0280144904961259,-0.468209467511857,"07","MDM"
1986,0.925646139981638,0.460187081099308,"07","MDM"
1987,0.128435485060749,0.116585121402615,"07","MDM"
1988,0.0794489405393008,0.0910946785341287,"07","MDM"
1989,0.0900407960251854,0.118375130748909,"07","MDM"
1990,0.26356519534566,0.133498019278245,"07","MDM"
1991,-0.0115143831612231,0.306903205390376,"07","MDM"
1992,0.263977021109146,0.206685561970193,"07","MDM"
1993,0.631411265225595,1.05587273768049,"07","MDM"
1994,0.23899468845752,0.165082929930516,"07","MDM"
1995,0.46655697024115,-0.449589769238344,"07","MDM"
1996,-0.175411307694318,-0.36230067202257,"07","MDM"
1997,0.535296741891113,0.246052956666902,"07","MDM"
1998,0.14519339738592,0.539094408600105,"07","MDM"
1999,0.013124519056641,-2.5828188837701e-06,"07","MDM"
2000,-0.0720655094659226,0.15185682638249,"07","MDM"
2001,-0.491453265220787,0.0669649782576784,"07","MDM"
2002,0.251017499032778,0.409993566227964,"07","MDM"
2003,0.289614168048749,0.600123188033921,"07","MDM"
2004,0.246388424757083,0.984363753622561,"07","MDM"
2005,0.145215517776542,0.149365451236827,"07","MDM"
2006,1.09692867436285,0.913220480046371,"07","MDM"
2007,0.423907734189043,0.397356872095514,"07","MDM"
2008,0.687638182949873,0.844551215944708,"07","MDM"
2009,0.387378972223821,1.15404639787151,"07","MDM"
2010,0.271311172152646,0.562480506098228,"07","MDM"
2011,0.0847082600886615,0.543488372970821,"07","MDM"
2012,0.206907489126267,0.758485229358864,"07","MDM"
2013,0.18718080529379,0.0562081827104226,"07","MDM"
2014,-0.207568865067735,0.0998357929650288,"07","MDM"
1851,0.38769114208115,0.722605265753898,"08","MDM"
1852,-0.289344746635835,-0.388145743848158,"08","MDM"
1853,-0.243190245865441,-0.437378857956911,"08","MDM"
1854,-0.100203189090289,-0.333368789019946,"08","MDM"
1855,-0.458703313197015,-0.35901550592199,"08","MDM"
1856,-0.241999116521019,0.0619570081811423,"08","MDM"
1857,-0.239381391308049,0.187311811839297,"08","MDM"
1858,-0.919088534471255,-0.435139854188607,"08","MDM"
1859,-0.0113597978190931,-0.0684705131691441,"08","MDM"
1860,-0.274740844274673,-0.181407562228408,"08","MDM"
1861,-0.560067963905601,-0.802619856745697,"08","MDM"
1862,-0.305017755130424,-0.351835158667171,"08","MDM"
1863,-0.405372165810496,-0.532977858744389,"08","MDM"
1864,0.246368626201082,-0.0726723715600492,"08","MDM"
1865,0.943657827338014,0.659141244955857,"08","MDM"
1866,0.0015699214660368,0.0599822018045284,"08","MDM"
1867,0.101518138571039,-0.00296505118895282,"08","MDM"
1868,-0.184709227558622,-0.151642170351602,"08","MDM"
1869,0.159890143914523,-0.270870578064204,"08","MDM"
1870,0.566310874295679,0.794296647886539,"08","MDM"
1871,0.279702491261647,0.0272430824316974,"08","MDM"
1872,-0.04397798165127,-0.133140645417674,"08","MDM"
1873,-0.24865237738275,-0.378975875968349,"08","MDM"
1874,0.219023093873974,0.0843158346069975,"08","MDM"
1875,0.501552722443976,0.100108924968932,"08","MDM"
1876,0.311658568363856,-0.253933586898523,"08","MDM"
1877,0.0553430050390608,-0.500083073219344,"08","MDM"
1878,0.920565364657937,0.356115334036272,"08","MDM"
1879,-0.019774236262677,-0.555172125757282,"08","MDM"
1880,0.111230984989391,0.0713579101745183,"08","MDM"
1881,-0.0116780836809441,0.0583924746970542,"08","MDM"
1882,-0.00774220620234854,-0.14072091207088,"08","MDM"
1883,-0.0822795417000727,0.0482763158570906,"08","MDM"
1884,0.51862291838175,0.500648821709199,"08","MDM"
1885,-0.0786410506071011,-0.118784503343131,"08","MDM"
1886,-0.151921953944584,-0.285085820668515,"08","MDM"
1887,-0.283206330814219,-0.621430467132016,"08","MDM"
1888,0.31876329303357,-0.192240038065694,"08","MDM"
1889,-0.336345449788631,-0.620118962649588,"08","MDM"
1890,-0.814687116384397,-0.92458654946375,"08","MDM"
1891,-0.450924617239614,-0.346917011702225,"08","MDM"
1892,-0.598096248700285,-0.097262027867519,"08","MDM"
1893,-0.022490738871674,-0.550853780462075,"08","MDM"
1894,0.014093006482885,0.00925729100633501,"08","MDM"
1895,-0.0179645965229256,0.572699156009088,"08","MDM"
1896,0.364834173820849,0.486807522936197,"08","MDM"
1897,-0.440918988359944,0.0330757955284171,"08","MDM"
1898,-0.0955739780426412,-0.147871365588096,"08","MDM"
1899,-0.152749545391316,-0.497311761272803,"08","MDM"
1900,0.519492329375139,0.466165530121112,"08","MDM"
1901,-0.175176457288278,0.0106139203440069,"08","MDM"
1902,0.223168016644362,0.472392892309246,"08","MDM"
1903,0.0183958098544949,0.223533264456542,"08","MDM"
1904,-0.922914872537313,-0.935878151154839,"08","MDM"
1905,-0.305347462583462,-0.566565847225025,"08","MDM"
1906,-0.0920172322482572,-0.142379341437481,"08","MDM"
1907,0.0175528515425027,-0.125208896299373,"08","MDM"
1908,-0.414273291333535,-0.0852223893489839,"08","MDM"
1909,-0.252752184760991,-0.0807950868045314,"08","MDM"
1910,0.0489224869784659,-0.550574793196271,"08","MDM"
1911,-0.159960365261541,-0.728053588175487,"08","MDM"
1912,0.18690445262943,0.402531522929986,"08","MDM"
1913,0.26596085974605,0.382584575510389,"08","MDM"
1914,0.219766101308917,0.0153615993641046,"08","MDM"
1915,-0.131749169567434,-0.361458087747332,"08","MDM"
1916,0.238808019568846,-0.0399032728316103,"08","MDM"
1917,0.0719984687124767,0.599958843836923,"08","MDM"
1918,0.131854630187077,-0.239471514413729,"08","MDM"
1919,0.354667852581716,0.359953188883173,"08","MDM"
1920,0.292549074730137,0.671206552214023,"08","MDM"
1921,0.292804854020004,0.497790252501692,"08","MDM"
1922,0.889571283476511,0.637599919586561,"08","MDM"
1923,0.213374043055408,-0.174948927753128,"08","MDM"
1924,-0.207577254068679,0.254348943572471,"08","MDM"
1925,-0.210511454312457,-0.0410432226217014,"08","MDM"
1926,-0.0506481896091456,-0.270971252561164,"08","MDM"
1927,-0.0126536393921765,-0.184819499493571,"08","MDM"
1928,-0.0635102183403194,-0.559567345342672,"08","MDM"
1929,0.2480160009782,-0.592722866288834,"08","MDM"
1930,-0.391574985134214,-0.134765769379164,"08","MDM"
1931,0.0318739756696089,0.269236414966189,"08","MDM"
1932,-0.227970873929573,0.583921012728451,"08","MDM"
1933,0.70824377364464,0.763343643472969,"08","MDM"
1934,0.206997549284813,0.873772017524969,"08","MDM"
1935,0.608623484161796,0.706335776291865,"08","MDM"
1936,0.522552024928654,0.249796967951463,"08","MDM"
1937,0.10979422651974,0.670281219421165,"08","MDM"
1938,0.234137799635351,0.430250333877447,"08","MDM"
1939,-0.227658124602215,0.0714099147238284,"08","MDM"
1940,-0.408207102831634,0.42513268893283,"08","MDM"
1941,-0.46072281063955,0.123537012740584,"08","MDM"
1942,0.362099158579059,0.968902818597279,"08","MDM"
1943,-0.311588838113805,-0.340281366719028,"08","MDM"
1944,0.246836048226591,-0.0566951583110008,"08","MDM"
1945,0.142853699837851,-0.773278821587284,"08","MDM"
1946,-0.42891422763731,-0.0192195232874605,"08","MDM"
1947,-0.959448118297551,-0.546698628770263,"08","MDM"
1948,-0.287719266174542,-0.79353535868637,"08","MDM"
1949,-0.5579668380841,-0.31932724399697,"08","MDM"
1950,0.188376817083903,0.462136812402249,"08","MDM"
1951,-0.283634894711015,-0.716206696608027,"08","MDM"
1952,-0.045442983419191,-0.578984117448445,"08","MDM"
1953,-0.428511522276563,-0.939562420422665,"08","MDM"
1954,-0.0855745902273163,-0.208220682230494,"08","MDM"
1955,0.260321788720743,0.164629448583099,"08","MDM"
1956,0.436129856651912,-0.20984864173753,"08","MDM"
1957,-0.115156696167211,-0.58814982236966,"08","MDM"
1958,0.165293177363383,0.000340476466146283,"08","MDM"
1959,0.384072035152399,0.535089245777422,"08","MDM"
1960,0.218408856299225,0.725776364879163,"08","MDM"
1961,-0.358274161084176,-0.620447021242382,"08","MDM"
1962,-0.694801766852602,0.0522916940061341,"08","MDM"
1963,0.422729389294454,0.520509834560335,"08","MDM"
1964,-0.124090552168955,0.0435097971472939,"08","MDM"
1965,0.379589026768581,0.701057768061568,"08","MDM"
1966,0.0512061176416261,-0.385473797581749,"08","MDM"
1967,0.404685300300291,-0.386323370000694,"08","MDM"
1968,-0.997058232114162,-1.09158798109428,"08","MDM"
1969,-0.864563432095399,-1.43172023148004,"08","MDM"
1970,-0.362394901898346,-0.124103930802804,"08","MDM"
1971,-0.412029281687687,-0.327324943481416,"08","MDM"
1972,0.199669621976105,-0.287123821981313,"08","MDM"
1973,-0.507809322237988,-0.677311183233423,"08","MDM"
1974,0.207445511898934,0.250228925166257,"08","MDM"
1975,-0.127380748278118,-0.453910147632432,"08","MDM"
1976,-0.1367102657395,0.480556981544204,"08","MDM"
1977,-0.348236873205123,-0.105708714287119,"08","MDM"
1978,-0.746264849987592,-0.473011831799052,"08","MDM"
1979,0.185612458653703,0.263414467632977,"08","MDM"
1980,0.339998226132439,-0.152371445240245,"08","MDM"
1981,-0.434835186801645,-0.563605847645899,"08","MDM"
1982,-0.0168920442779889,-0.376578110413279,"08","MDM"
1983,-0.319555907250328,-0.339910291927221,"08","MDM"
1984,-0.237127193066458,-0.305464272519178,"08","MDM"
1985,-0.386441569435581,-0.0530769198425405,"08","MDM"
1986,-0.801095365829709,-0.484968306843864,"08","MDM"
1987,-0.727862663713531,-0.0752163166711567,"08","MDM"
1988,0.125535268676795,0.870673298276456,"08","MDM"
1989,0.641722534742029,0.376106175471496,"08","MDM"
1990,0.330598776749361,0.203550892516604,"08","MDM"
1991,0.499506155369742,0.880891358420216,"08","MDM"
1992,0.79844354461793,0.541713909397524,"08","MDM"
1993,0.299486112832135,0.50458380850405,"08","MDM"
1994,-0.230073567923958,-0.126827471528983,"08","MDM"
1995,0.347467017600162,0.405070146952326,"08","MDM"
1996,-0.32337747133014,0.0114018253512019,"08","MDM"
1997,-0.364049658724916,-0.795348729182667,"08","MDM"
1998,-0.24478675772607,0.0499876997116698,"08","MDM"
1999,-0.584569419226499,-0.843019858874682,"08","MDM"
2000,-0.944306619582978,-0.622870970816163,"08","MDM"
2001,-0.0884252819846449,-0.0523532582585931,"08","MDM"
2002,-0.570008498553758,-0.477723857277338,"08","MDM"
2003,-0.6945006582094,-0.593598727138851,"08","MDM"
2004,-0.157674924200178,-0.407789877554339,"08","MDM"
2005,-0.177296817372582,-0.330674074331393,"08","MDM"
2006,-0.412704522268904,-0.0332554110167881,"08","MDM"
2007,0.15078011504105,1.26417404825904,"08","MDM"
2008,0.811890086897696,0.517096531558499,"08","MDM"
2009,1.05603604559922,0.742865349381722,"08","MDM"
2010,0.828649482414601,0.60830465277003,"08","MDM"
2011,-0.521239167802969,-0.375808465402265,"08","MDM"
2012,0.0805954609609174,0.0139101985419667,"08","MDM"
2013,0.616537127496338,0.573303246380841,"08","MDM"
2014,0.524694035383568,0.534175203840728,"08","MDM"
1851,0.371417304333885,0.164189313391676,"09","MDM"
1852,0.524873475920584,0.55301100777389,"09","MDM"
1853,-0.20320298471033,-0.346113356881398,"09","MDM"
1854,-0.0908534302438344,0.189488459489732,"09","MDM"
1855,-0.630141451057983,-0.385853805702663,"09","MDM"
1856,-0.759238460273937,-1.22393713989296,"09","MDM"
1857,-0.694441436460028,-1.17871337798011,"09","MDM"
1858,-1.1577299626083,-1.18071782041298,"09","MDM"
1859,-0.465695021692154,-0.58087959728087,"09","MDM"
1860,-0.187589623657588,-0.21712450625365,"09","MDM"
1861,0.139611632294256,0.434549962656915,"09","MDM"
1862,0.255889606212114,-0.0608916573095297,"09","MDM"
1863,0.081966893435645,-0.093495048204591,"09","MDM"
1864,0.250144463270529,0.0445599485823409,"09","MDM"
1865,-0.244066557798224,-0.216206990167062,"09","MDM"
1866,0.190530467213431,0.0241742843335119,"09","MDM"
1867,-0.106647484226813,0.071825677209868,"09","MDM"
1868,-0.118542736593556,-0.372071378275085,"09","MDM"
1869,0.15581085421092,0.0687256121132301,"09","MDM"
1870,-0.031730532646854,-0.370049338767209,"09","MDM"
1871,-0.376320004994331,-1.03968487540698,"09","MDM"
1872,-0.504245588568518,-0.724892722384252,"09","MDM"
1873,-0.00682781610790534,-0.21760020120751,"09","MDM"
1874,-0.285425202653742,-0.383949254911405,"09","MDM"
1875,0.206748123014833,-0.273575609169582,"09","MDM"
1876,0.657166251437675,0.543781704284544,"09","MDM"
1877,0.35718173495109,0.777581193316861,"09","MDM"
1878,0.516439534213488,0.338511480080787,"09","MDM"
1879,1.04178485214271,0.846608109178918,"09","MDM"
1880,-0.349096066755795,-0.137718856682058,"09","MDM"
1881,0.41225710364629,0.517654805481847,"09","MDM"
1882,0.0459275824103215,-0.380927228064194,"09","MDM"
1883,0.801977610962986,0.374190476111377,"09","MDM"
1884,0.227699462463402,0.0411880554521222,"09","MDM"
1885,0.190539086486232,0.0570167093431922,"09","MDM"
1886,0.247311607908177,0.806051664235052,"09","MDM"
1887,0.175876671583733,0.399091641674392,"09","MDM"
1888,0.126746614476482,0.267506634152334,"09","MDM"
1889,-0.289629295280278,-0.698082232982549,"09","MDM"
1890,-0.404415238709948,-0.408298671940049,"09","MDM"
1891,-0.104364062428625,0.592667434464924,"09","MDM"
1892,0.641693357020212,0.473204379802014,"09","MDM"
1893,0.663108432205083,0.679516799454909,"09","MDM"
1894,0.593066140393554,0.724850984299021,"09","MDM"
1895,0.351118492084318,0.346773640994192,"09","MDM"
1896,-0.00867620582337251,0.143884566703203,"09","MDM"
1897,-0.313929432793223,-0.245920219919881,"09","MDM"
1898,0.0189049071788773,0.204003268807261,"09","MDM"
1899,0.110920345678296,-0.00474006508445478,"09","MDM"
1900,0.13173127021831,-0.781934326877448,"09","MDM"
1901,0.0576551951771128,-0.675652343266183,"09","MDM"
1902,-0.00383423046588008,-0.213692522268131,"09","MDM"
1903,0.0716002584753212,0.124215272144707,"09","MDM"
1904,-0.198827079964181,-0.42617446300354,"09","MDM"
1905,-0.642544862891503,-0.808886340123092,"09","MDM"
1906,-0.146498652068237,-0.258932090413688,"09","MDM"
1907,-0.516921308344414,-0.947439329338113,"09","MDM"
1908,0.0154661329459714,-0.209659516841959,"09","MDM"
1909,-0.513952041157141,-1.00172188376598,"09","MDM"
1910,-0.979253556196718,-1.29975704403742,"09","MDM"
1911,-0.909035793192606,-1.01303650112309,"09","MDM"
1912,-0.452963800108265,-0.336842282307855,"09","MDM"
1913,-0.217231400094375,-0.182351942245489,"09","MDM"
1914,0.546783842842059,0.431703972734961,"09","MDM"
1915,0.0193876157248977,-0.214425774686971,"09","MDM"
1916,0.121105059202798,0.117580872015358,"09","MDM"
1917,-0.436695520778276,-0.248827178211106,"09","MDM"
1918,-0.249013122741141,0.127514054913375,"09","MDM"
1919,-0.666753250941683,-0.207466699546197,"09","MDM"
1920,-1.13546724173163,-0.489058109558586,"09","MDM"
1921,-0.350347867289505,-0.622358192817042,"09","MDM"
1922,-0.79176460521142,-0.597707437245723,"09","MDM"
1923,-0.527413607259252,-0.256469715343265,"09","MDM"
1924,-0.246677531836429,0.082083327602516,"09","MDM"
1925,-0.14688102237391,0.069304840872512,"09","MDM"
1926,-0.662536042470973,-0.686548012626816,"09","MDM"
1927,-0.596593064498723,-0.996659932385722,"09","MDM"
1928,-0.500737705540715,-0.892719272721887,"09","MDM"
1929,0.0179607315400295,-0.040962205940937,"09","MDM"
1930,-0.103912956592906,-0.359674257203927,"09","MDM"
1931,0.482700056564489,0.244169906098143,"09","MDM"
1932,0.0853016646477254,-0.182302374418052,"09","MDM"
1933,-0.639828177337285,-0.756824994605054,"09","MDM"
1934,0.17820973487511,-0.36292024505317,"09","MDM"
1935,-0.161552691227026,-0.351031926302878,"09","MDM"
1936,-0.500470032940471,-1.10734674574158,"09","MDM"
1937,-0.339974846330535,-0.397662147682559,"09","MDM"
1938,-0.365534056388738,-0.480269959898645,"09","MDM"
1939,-0.182336642831065,-0.427405787479489,"09","MDM"
1940,0.500918572769427,0.944571511022011,"09","MDM"
1941,0.765214866384633,0.667319068489341,"09","MDM"
1942,0.625770066778261,0.0876451264956382,"09","MDM"
1943,0.404733735335604,0.591635292050072,"09","MDM"
1944,0.266897459774509,0.184502224562898,"09","MDM"
1945,0.428188036869214,0.501564095007936,"09","MDM"
1946,0.311317200641125,-0.406267813121364,"09","MDM"
1947,0.24695543468431,0.0653833074293847,"09","MDM"
1948,0.104503622309558,0.281159839361524,"09","MDM"
1949,0.0321558630698647,0.0984223022751349,"09","MDM"
1950,0.227702462456165,-0.468781087653511,"09","MDM"
1951,-0.130652799971272,-0.262224657745009,"09","MDM"
1952,0.489631117095847,0.318282829282976,"09","MDM"
1953,0.272444432642592,0.275156226294951,"09","MDM"
1954,-0.367250448633562,0.167509756832562,"09","MDM"
1955,0.121417260396547,0.285936507571786,"09","MDM"
1956,0.273719468019399,0.0743523620932447,"09","MDM"
1957,0.285421746557629,-0.315800824474733,"09","MDM"
1958,-0.146501702333356,-0.582483038479681,"09","MDM"
1959,0.00834174814503143,0.212511336345777,"09","MDM"
1960,0.229115636927365,0.0691434607905078,"09","MDM"
1961,-0.0956134396564987,-0.523342569364239,"09","MDM"
1962,-0.391199965968276,-1.08237043556614,"09","MDM"
1963,-0.421622025013171,-0.76168066757874,"09","MDM"
1964,-0.595928571186657,-0.562814395639248,"09","MDM"
1965,-0.564077626922994,-0.329642115827781,"09","MDM"
1966,-0.567643908788764,-0.518022189113524,"09","MDM"
1967,-0.643889876806344,-0.325433665817226,"09","MDM"
1968,-0.184601416537554,-0.32393558703651,"09","MDM"
1969,-0.770685276042627,-0.939068505581101,"09","MDM"
1970,-0.227229212194306,-0.315813196147006,"09","MDM"
1971,-0.591132085052993,-0.869766053983605,"09","MDM"
1972,-0.486035041271275,-0.741728853147422,"09","MDM"
1973,0.306488726026378,0.0917502896555425,"09","MDM"
1974,0.0637526543657794,0.209090117038024,"09","MDM"
1975,0.0864749826481999,0.3569173700438,"09","MDM"
1976,0.318062168652687,0.355051240372309,"09","MDM"
1977,-0.870750783365975,-0.708843410977099,"09","MDM"
1978,-0.657310948101632,-0.553860577491861,"09","MDM"
1979,-0.174863972049119,0.206467245471868,"09","MDM"
1980,0.452502693050999,0.811546957046654,"09","MDM"
1981,-0.464050523183488,-0.244871974031797,"09","MDM"
1982,-0.321041605849988,-0.0246429331587067,"09","MDM"
1983,-0.306829426084298,-0.349462200045728,"09","MDM"
1984,0.411087959144946,0.0256901699590198,"09","MDM"
1985,0.614729347803217,0.501491492072049,"09","MDM"
1986,-0.331669075279496,-0.339559967739284,"09","MDM"
1987,0.243046230878027,0.253166391718589,"09","MDM"
1988,0.490156627123135,0.34653664875639,"09","MDM"
1989,0.35094155139416,-0.327179579184132,"09","MDM"
1990,0.0175884122322038,-0.526167430414214,"09","MDM"
1991,0.807596345211729,0.45247270413443,"09","MDM"
1992,-0.0883716981165243,-0.0913579059411152,"09","MDM"
1993,-0.440939578097533,-0.336818478558621,"09","MDM"
1994,0.373452562088156,0.0322560908655731,"09","MDM"
1995,0.565415669121272,0.19401903206572,"09","MDM"
1996,0.62429498980968,0.462463877011916,"09","MDM"
1997,-0.116648923301375,-0.223258976762742,"09","MDM"
1998,-0.143638956105826,-0.276492885652878,"09","MDM"
1999,0.208423867449531,-0.0580743029336119,"09","MDM"
2000,-0.90137960755146,-0.448564642462882,"09","MDM"
2001,0.122991518178414,-0.108569650964585,"09","MDM"
2002,0.26426637765065,0.780466212700337,"09","MDM"
2003,-0.540927740143407,-0.43821138781074,"09","MDM"
2004,0.0735869964334322,0.0364550940791361,"09","MDM"
2005,-0.222394466799899,-0.14774062698821,"09","MDM"
2006,0.507203240423093,0.315616687975944,"09","MDM"
2007,0.454977576813907,0.850732840628468,"09","MDM"
2008,0.430905559634565,1.02150824447592,"09","MDM"
2009,0.665017093067948,0.878888474821309,"09","MDM"
2010,0.352866989726128,0.319032173902264,"09","MDM"
2011,0.540948176806097,0.507391862531139,"09","MDM"
2012,0.304853178060025,-0.234357193116833,"09","MDM"
2013,0.291018778173537,-0.17792382084706,"09","MDM"
2014,-0.285289351005952,-0.367995113854048,"09","MDM"
1851,-0.0585243371101279,-0.690734859181041,"10","MDM"
1852,-0.194857768642352,0.430966956724084,"10","MDM"
1853,-0.0546450065308802,-0.235143511972576,"10","MDM"
1854,0.0548217382189768,-0.177835821120853,"10","MDM"
1855,-0.350425235047887,-0.497895892522575,"10","MDM"
1856,0.0243664355268515,-0.143549758340894,"10","MDM"
1857,0.166018909496826,-0.250276089432763,"10","MDM"
1858,0.250048748218616,0.281659380667357,"10","MDM"
1859,-0.608682037550125,-0.520395791663364,"10","MDM"
1860,-0.681764069206328,-0.369299852791062,"10","MDM"
1861,-0.0366125900426034,0.158038592466778,"10","MDM"
1862,0.216134477069505,-0.0808218840352466,"10","MDM"
1863,-0.280518584107601,-0.629725105563246,"10","MDM"
1864,-0.617376463354754,-0.675390457277223,"10","MDM"
1865,0.0834550496151998,0.0221841589448016,"10","MDM"
1866,-0.451397068565669,-0.442013404537198,"10","MDM"
1867,-0.392430573257631,-0.561596551829863,"10","MDM"
1868,-0.533788239997265,-0.577823265046363,"10","MDM"
1869,-0.202117595483578,-0.375979518339698,"10","MDM"
1870,0.134903346696926,0.220908884903522,"10","MDM"
1871,-0.251718494591708,0.0296271607086513,"10","MDM"
1872,0.260416784874618,0.0333225125510249,"10","MDM"
1873,0.627573927088601,0.181182374624384,"10","MDM"
1874,0.0131968954085007,0.38165569955878,"10","MDM"
1875,-0.398373640842517,-0.283814959393287,"10","MDM"
1876,0.112493862433413,-0.136169597437582,"10","MDM"
1877,-0.0756223401205742,-0.384037369279967,"10","MDM"
1878,0.0960822037846725,-0.16217312891541,"10","MDM"
1879,0.581359568323857,0.596092412384427,"10","MDM"
1880,0.654596879406752,0.0103726681434919,"10","MDM"
1881,-0.218704910342738,-0.620350142671702,"10","MDM"
1882,-0.10362215344206,-0.419785924075818,"10","MDM"
1883,-0.341258958677164,0.476165743761599,"10","MDM"
1884,-0.406992978250632,-0.472140448519435,"10","MDM"
1885,0.233097099627247,-0.0781844245347128,"10","MDM"
1886,-0.0802345075753937,-0.390816818153765,"10","MDM"
1887,0.484416894098011,0.0223360896628237,"10","MDM"
1888,0.108101918670346,-0.111040119664403,"10","MDM"
1889,-0.122310820079393,0.0139567306851568,"10","MDM"
1890,-0.403064261819072,-0.215879562122733,"10","MDM"
1891,0.0628721154440408,0.141704191786385,"10","MDM"
1892,-0.078494861213867,-0.155192729352857,"10","MDM"
1893,0.188130672830381,0.226148096577834,"10","MDM"
1894,-0.180583384682427,-0.345386997212663,"10","MDM"
1895,0.126834322678309,0.334314476952606,"10","MDM"
1896,-0.391827512407762,-0.239106243528692,"10","MDM"
1897,-0.455678634167183,-0.665017675679268,"10","MDM"
1898,-0.562712657960186,-1.01457251347844,"10","MDM"
1899,-0.566306420278152,-0.452978767714063,"10","MDM"
1900,-0.877214360740394,-0.800026341187529,"10","MDM"
1901,-0.186299849476238,0.0977492878740582,"10","MDM"
1902,-0.338191900231362,-0.10893883023566,"10","MDM"
1903,0.281772760894904,0.131887269068091,"10","MDM"
1904,0.753349577008343,0.387947186696442,"10","MDM"
1905,0.625607922709,0.222075732855908,"10","MDM"
1906,0.0384135635407061,0.146697986904486,"10","MDM"
1907,-0.734867357964168,-0.564538117856638,"10","MDM"
1908,-0.142057276195172,-0.271655644445818,"10","MDM"
1909,0.0581500673807019,0.337229321644693,"10","MDM"
1910,-0.0481609929692347,-0.465133123763925,"10","MDM"
1911,0.704423420014557,0.216544079571062,"10","MDM"
1912,0.660362771994202,0.956682574266605,"10","MDM"
1913,0.246445692990398,0.0689981333300205,"10","MDM"
1914,0.204643738034425,-0.0341511720850331,"10","MDM"
1915,-0.115907000984255,-0.454698065031296,"10","MDM"
1916,0.189646772949428,0.506043509241312,"10","MDM"
1917,-0.21460708017729,-0.0387878686378362,"10","MDM"
1918,0.0486885855095112,0.580255577906121,"10","MDM"
1919,-0.0379550600764111,0.110295816745107,"10","MDM"
1920,0.0727973669720738,0.0056214332106479,"10","MDM"
1921,0.479160978507596,0.0408045040220418,"10","MDM"
1922,0.269086599671009,0.237627453689726,"10","MDM"
1923,-0.212518585593623,-0.395710977261109,"10","MDM"
1924,0.241494713583199,-0.565648750631842,"10","MDM"
1925,-0.0536411145369369,-0.581802651519074,"10","MDM"
1926,-0.0666582493055401,-0.175173291427282,"10","MDM"
1927,-0.443441547427011,-0.62591038054846,"10","MDM"
1928,-0.430474290385193,-0.279241058970213,"10","MDM"
1929,0.0258062642821645,0.278914376303571,"10","MDM"
1930,0.0484950597585058,0.142474588028606,"10","MDM"
1931,-0.481870379361995,-0.220659694254187,"10","MDM"
1932,-0.0535647716075588,0.138847732897067,"10","MDM"
1933,-0.206572803976127,0.198378670430055,"10","MDM"
1934,0.388566697713866,1.14578480024547,"10","MDM"
1935,0.243908314334081,0.0919023223937183,"10","MDM"
1936,-0.232004276701884,-0.133937408787894,"10","MDM"
1937,0.226636351944916,0.228924860471509,"10","MDM"
1938,0.660771569921144,0.589025568039558,"10","MDM"
1939,-0.69257624357608,-0.902303506226025,"10","MDM"
1940,-0.400314732420107,0.0643471835866239,"10","MDM"
1941,0.370492496993403,0.604681882992706,"10","MDM"
1942,0.166997560493296,-0.311105299858187,"10","MDM"
1943,0.237820504412083,0.152711175638375,"10","MDM"
1944,-0.753808645068032,-0.805522004192873,"10","MDM"
1945,-0.318255446455361,-0.426494430900824,"10","MDM"
1946,-0.268323467211262,-0.190645811398696,"10","MDM"
1947,0.0636158052399785,0.0199523441216682,"10","MDM"
1948,0.0498879776065827,-0.130784603352419,"10","MDM"
1949,0.151756099728081,-0.297541528930342,"10","MDM"
1950,0.751627047436659,-0.00886576797360548,"10","MDM"
1951,0.535856039182483,0.320958498334719,"10","MDM"
1952,0.0691126609520495,-0.231511775918227,"10","MDM"
1953,0.184169081929526,-0.146086623903233,"10","MDM"
1954,-0.112781650040582,0.193197492329545,"10","MDM"
1955,-0.309951385930179,-0.437805837846839,"10","MDM"
1956,-0.270144024025967,-0.1149838405471,"10","MDM"
1957,0.233299136246259,0.0645581200214939,"10","MDM"
1958,0.160854391083111,-0.286059770313214,"10","MDM"
1959,0.28074233380983,0.567742101906786,"10","MDM"
1960,0.542821488426899,0.505324408348387,"10","MDM"
1961,0.4837197886815,0.195185221044508,"10","MDM"
1962,-0.432843726725713,-0.300205766871722,"10","MDM"
1963,0.19541285142263,-0.0902624420378627,"10","MDM"
1964,-0.131918137057094,-0.351511225053806,"10","MDM"
1965,-0.780440369545197,-0.804132823014929,"10","MDM"
1966,-0.748900765608956,-0.421441938854472,"10","MDM"
1967,-0.186379447762286,-0.305210312915797,"10","MDM"
1968,-0.139890689341706,0.412382743536832,"10","MDM"
1969,-0.507364917474384,-0.092073452818111,"10","MDM"
1970,-1.19685052013302,-1.14445575363763,"10","MDM"
1971,-0.883811899030915,-0.956764828874074,"10","MDM"
1972,-0.389234709068632,-0.42001196396044,"10","MDM"
1973,-0.349284315186914,-0.833767893747261,"10","MDM"
1974,-0.372395629996103,-0.860653002800191,"10","MDM"
1975,0.216830121169714,0.0509926346106723,"10","MDM"
1976,0.0477549573671198,-0.333194969437933,"10","MDM"
1977,0.14781499922039,-0.335607218229393,"10","MDM"
1978,-0.11157025708879,-0.228713332952343,"10","MDM"
1979,-0.248873250845245,-0.300189629709898,"10","MDM"
1980,0.405597278950995,0.193710411527118,"10","MDM"
1981,-0.101235450829883,-0.697265418958088,"10","MDM"
1982,-0.8826874296108,-1.12441869143656,"10","MDM"
1983,-0.796493578574669,-1.05634176896064,"10","MDM"
1984,-0.471843607024816,-0.958621714953898,"10","MDM"
1985,0.0440322117673317,0.132119748781238,"10","MDM"
1986,-0.0187163856954261,-0.294715126884244,"10","MDM"
1987,-1.20597170045536,-0.990801572077299,"10","MDM"
1988,-0.240074931886522,0.273003020294276,"10","MDM"
1989,-0.671602964558974,-1.0920550698938,"10","MDM"
1990,-0.207874737196199,-0.602453219930476,"10","MDM"
1991,0.055721765592656,0.0736718047636526,"10","MDM"
1992,-0.519300332952712,-0.693288252692071,"10","MDM"
1993,-0.881792150179678,-0.780990210457644,"10","MDM"
1994,-0.720331086960887,-0.394556151501047,"10","MDM"
1995,-0.829784354579556,-1.10633324867775,"10","MDM"
1996,0.0811188184721339,-0.380197616236505,"10","MDM"
1997,0.755160317329519,0.637085143931179,"10","MDM"
1998,0.806511939298362,0.69180268262737,"10","MDM"
1999,0.501484417835138,0.376941013274078,"10","MDM"
2000,0.0515046569730706,0.321778041175957,"10","MDM"
2001,0.121358088656272,0.240996249097783,"10","MDM"
2002,0.388249766422595,-0.0684932362361015,"10","MDM"
2003,0.0753946311546588,0.137823267339023,"10","MDM"
2004,-0.294804801741445,0.364514430244719,"10","MDM"
2005,0.2545341813659,0.647958483222494,"10","MDM"
2006,0.746311836141019,0.960896531287161,"10","MDM"
2007,0.611192190132052,0.828516875384904,"10","MDM"
2008,-0.0511911557765042,0.66724284581913,"10","MDM"
2009,0.188523186024058,0.238620632566569,"10","MDM"
2010,0.506543249354653,0.849784230270788,"10","MDM"
2011,0.518914056258604,1.03248959696057,"10","MDM"
2012,0.546674224387423,0.77619773401217,"10","MDM"
2013,0.880740290865525,0.574555568013231,"10","MDM"
2014,0.479417243684415,0.551208111474019,"10","MDM"
1851,0.166794063689743,-0.0649777252440355,"11","MDM"
1852,0.41535801650385,0.151142855257144,"11","MDM"
1853,0.30789583984293,0.13421885321952,"11","MDM"
1854,0.0983900458840562,0.190599515081442,"11","MDM"
1855,0.449755700314641,0.145212540401922,"11","MDM"
1856,0.89790224932632,0.633420763069374,"11","MDM"
1857,-0.141010240734797,-0.152621930519258,"11","MDM"
1858,0.0767584390640347,0.4799094269924,"11","MDM"
1859,-0.12607621200681,-0.137405454165519,"11","MDM"
1860,0.135059073539313,-0.159425654700304,"11","MDM"
1861,0.229248274576919,0.528607358181865,"11","MDM"
1862,-0.122692739790881,-0.000439763799812085,"11","MDM"
1863,-0.359402688365132,-0.376698267226072,"11","MDM"
1864,-0.164608672369729,-0.152603088636865,"11","MDM"
1865,-0.146853577412868,-0.169360113668915,"11","MDM"
1866,-1.1813627054366,-0.785302404037821,"11","MDM"
1867,0.654493114095452,0.918125136054415,"11","MDM"
1868,0.581890470432066,0.319731791375637,"11","MDM"
1869,0.173770088807569,0.402938551339228,"11","MDM"
1870,0.327231365322531,0.397096260296475,"11","MDM"
1871,0.257284630229234,0.473650824920493,"11","MDM"
1872,0.24967799993354,0.164811613763183,"11","MDM"
1873,0.410431441838386,0.0180143670482217,"11","MDM"
1874,0.655447283051091,0.426507230822372,"11","MDM"
1875,0.610156904113368,1.0989610170549,"11","MDM"
1876,0.602898163311905,0.466707233267415,"11","MDM"
1877,-0.380721494999942,0.278204809009713,"11","MDM"
1878,-0.0834839211593589,0.235581570772933,"11","MDM"
1879,-0.158588959613468,-0.03500016592878,"11","MDM"
1880,0.712488471680379,1.36785590669997,"11","MDM"
1881,0.107422655011817,0.59250649994547,"11","MDM"
1882,-0.251624383636168,-0.221188971947762,"11","MDM"
1883,0.101573487022797,-0.483759178223832,"11","MDM"
1884,-0.366756268756569,-0.474326893688744,"11","MDM"
1885,0.00720878746022187,-0.484032039781835,"11","MDM"
1886,0.0994520138931606,-0.0464619194527454,"11","MDM"
1887,-0.0528129911799889,-0.123788190842734,"11","MDM"
1888,0.708846071138636,0.656033023856077,"11","MDM"
1889,-0.710217506725616,-0.0988867125922522,"11","MDM"
1890,0.0585129203166663,0.83867061582544,"11","MDM"
1891,0.412207868960932,0.401089403787986,"11","MDM"
1892,0.296133095500826,0.350436202463234,"11","MDM"
1893,-0.200158788598238,-0.0299492879257284,"11","MDM"
1894,-0.249116082574896,-0.904318639908508,"11","MDM"
1895,-0.705704874867321,-0.734738099335099,"11","MDM"
1896,-0.408456451631533,-0.503283927038935,"11","MDM"
1897,-0.646457913282423,-0.757565445391017,"11","MDM"
1898,-0.846710481811734,-0.836549941577278,"11","MDM"
1899,-0.610086508896861,-0.986906493399422,"11","MDM"
1900,-0.535657341566051,-0.825720658911694,"11","MDM"
1901,-0.19040661202399,-0.329567763567961,"11","MDM"
1902,0.220549637150532,0.158766624816068,"11","MDM"
1903,-0.297925960557123,0.244064679554088,"11","MDM"
1904,-0.340813870315952,0.612878731973775,"11","MDM"
1905,0.285975224074596,0.522889925687901,"11","MDM"
1906,-0.398923014190713,-0.536795260796976,"11","MDM"
1907,0.433570671430113,0.583534001824205,"11","MDM"
1908,0.0235867099543457,-0.358548603729161,"11","MDM"
1909,-0.84539957499069,-0.56920111011361,"11","MDM"
1910,-0.900531687830637,-1.31803649351248,"11","MDM"
1911,-0.569810811293564,-0.766384622044882,"11","MDM"
1912,-0.777575551810061,-0.813870512967721,"11","MDM"
1913,-0.43030355599526,-0.29853704292667,"11","MDM"
1914,-0.674065573410568,-0.633015758491115,"11","MDM"
1915,-0.452953588874216,-0.561146528884605,"11","MDM"
1916,0.194167571166601,0.150447497006734,"11","MDM"
1917,-0.408799526299424,-0.447117762568421,"11","MDM"
1918,-0.630084366992463,-0.375192824561853,"11","MDM"
1919,-0.0664043501540821,-0.210599729857187,"11","MDM"
1920,-0.223554108800982,-0.854912204121221,"11","MDM"
1921,-0.0658336172369214,-0.641516403798092,"11","MDM"
1922,-0.0218516385675051,-0.273650600929991,"11","MDM"
1923,0.0711956105729263,0.319669136070912,"11","MDM"
1924,-0.241022175464321,-0.292240831276097,"11","MDM"
1925,-0.493312800514596,-0.256410938084448,"11","MDM"
1926,0.137101974268741,0.00739739759964585,"11","MDM"
1927,-0.337283788353845,-0.974389578570226,"11","MDM"
1928,-0.809130428443263,-0.742211017150256,"11","MDM"
1929,-1.03459417041155,-0.904451100646453,"11","MDM"
1930,0.143668928197112,-0.0509157368073943,"11","MDM"
1931,-0.0955136998832199,-0.0424483163103546,"11","MDM"
1932,-0.486594258249608,-0.291517151792415,"11","MDM"
1933,-0.455237646852535,-0.283900543951969,"11","MDM"
1934,-0.266979266319962,-0.177209908930723,"11","MDM"
1935,-0.589617689059333,-0.674596347978158,"11","MDM"
1936,-0.257507386615805,-0.541211384850501,"11","MDM"
1937,0.0533337163804624,-0.447866796745254,"11","MDM"
1938,-0.029963952650934,-0.586145162290831,"11","MDM"
1939,0.425229389639722,0.596145733456728,"11","MDM"
1940,0.595031280714488,0.205762757913952,"11","MDM"
1941,-0.209483020691311,0.112187787693877,"11","MDM"
1942,0.190856352293496,0.720254309241702,"11","MDM"
1943,0.758908672275381,1.02133086246279,"11","MDM"
1944,0.842787015021443,1.16838324953202,"11","MDM"
1945,0.255373826649783,0.135299794889785,"11","MDM"
1946,0.517907498056761,0.563513444489655,"11","MDM"
1947,0.473540384428385,0.463067131794566,"11","MDM"
1948,0.0481009020761301,0.295621867490557,"11","MDM"
1949,0.121939362276397,-0.225372065776956,"11","MDM"
1950,-0.578396384911108,-0.432100062729162,"11","MDM"
1951,0.134248663673913,-0.041868381414688,"11","MDM"
1952,0.182874661300078,0.203002048053718,"11","MDM"
1953,0.669498049877901,0.768329671405104,"11","MDM"
1954,0.437691950163663,0.537559015956182,"11","MDM"
1955,0.0999671678526236,-0.0656160382004917,"11","MDM"
1956,-0.0745356225668466,0.547783127673037,"11","MDM"
1957,-0.111253197568678,0.114843072961039,"11","MDM"
1958,-0.154317269825921,0.322079468989323,"11","MDM"
1959,-0.323529480609238,-0.187110187856511,"11","MDM"
1960,0.207424365736418,0.507233711055902,"11","MDM"
1961,-0.180418365151788,0.0845758207993611,"11","MDM"
1962,-0.488368549727433,-0.402049733435775,"11","MDM"
1963,0.162709680857833,0.143271789867374,"11","MDM"
1964,-0.816873685296112,-0.774663502044436,"11","MDM"
1965,-1.04358902626194,-0.752548336122003,"11","MDM"
1966,-0.914719248102179,-0.665130885579397,"11","MDM"
1967,0.179557334457165,0.267133343298267,"11","MDM"
1968,-0.148810651562928,0.601276701547235,"11","MDM"
1969,0.287404799570868,0.618860887429601,"11","MDM"
1970,0.0281024858748849,0.258419870127475,"11","MDM"
1971,-0.160706819698499,0.546004410039405,"11","MDM"
1972,0.187489233301003,-0.11778952305483,"11","MDM"
1973,0.63281864213806,0.541607441031903,"11","MDM"
1974,-0.276310490660741,-0.173122249205217,"11","MDM"
1975,0.0269643767573613,0.222297908944937,"11","MDM"
1976,0.0460903773796169,0.512703740771181,"11","MDM"
1977,-0.373173402261624,-0.79209726024631,"11","MDM"
1978,-0.558028520241138,-0.6181082390112,"11","MDM"
1979,-0.277364016123393,-0.709751369101357,"11","MDM"
1980,-0.247954051089803,-0.517892278232163,"11","MDM"
1981,-0.222301660309711,-0.637250197526609,"11","MDM"
1982,-0.0249990396267576,-0.777318654887597,"11","MDM"
1983,-0.612074575089279,-0.78968142583069,"11","MDM"
1984,-0.471146974804871,-1.0060782763767,"11","MDM"
1985,-0.481084239046154,-1.04368430571012,"11","MDM"
1986,-1.2125396979417,-0.923870220448795,"11","MDM"
1987,-0.44609751673525,-0.683025236065688,"11","MDM"
1988,-0.507149729260697,-0.320409656037895,"11","MDM"
1989,-0.300703066317035,-0.624894935000509,"11","MDM"
1990,-0.167659149443853,-0.0190730600931718,"11","MDM"
1991,0.148702305711519,0.479420695947726,"11","MDM"
1992,0.00914934564255561,-0.0370984656551954,"11","MDM"
1993,0.181207189575619,0.647907770878607,"11","MDM"
1994,0.138841091704483,-0.131832884593517,"11","MDM"
1995,1.06872387195811,0.959708392374461,"11","MDM"
1996,0.372255177193964,0.155383314534857,"11","MDM"
1997,-0.288239073613427,-0.767856069136638,"11","MDM"
1998,-0.33136558993805,-0.710213767774443,"11","MDM"
1999,-0.287566125711754,-0.276434176478006,"11","MDM"
2000,0.166746760343695,0.0633191016950713,"11","MDM"
2001,0.134141519240663,0.0613998788553832,"11","MDM"
2002,0.169574821855858,0.171478554450199,"11","MDM"
2003,0.293971575967576,0.330994806020854,"11","MDM"
2004,0.488269407638272,0.538264164260557,"11","MDM"
2005,-0.126493952851714,0.367430599653531,"11","MDM"
2006,0.324491750682803,0.26077387854225,"11","MDM"
2007,0.405975063924866,0.569546941358047,"11","MDM"
2008,0.279568152464191,0.153442052678284,"11","MDM"
2009,-0.282078282087003,0.0101183508063144,"11","MDM"
2010,0.957434056817527,1.89272639704859,"11","MDM"
2011,0.715476665117834,0.880985621839265,"11","MDM"
2012,1.25010381807781,1.30581143296733,"11","MDM"
2013,0.453531190822033,0.00684457066004388,"11","MDM"
2014,0.760685862182792,0.728308738550908,"11","MDM"
1851,-0.0564331159017701,-0.370944139233355,"12","MDM"
1852,-0.0319199509070361,0.0682669568958757,"12","MDM"
1853,0.11676465189288,0.362033266274232,"12","MDM"
1854,0.372574046164268,0.011792073418466,"12","MDM"
1855,0.0252700031246529,-0.233573145745179,"12","MDM"
1856,0.192191622476001,-0.290482986130085,"12","MDM"
1857,-0.113086987932809,-0.422156822049973,"12","MDM"
1858,-0.0263490297676775,0.0853032078358711,"12","MDM"
1859,-0.313353419952779,-0.520513061994561,"12","MDM"
1860,-0.524547564111772,-0.423350703063003,"12","MDM"
1861,-1.00711587774809,-0.984283925291277,"12","MDM"
1862,-0.29342511188866,0.657180605429846,"12","MDM"
1863,0.110941462939545,0.712717507386758,"12","MDM"
1864,-0.0523715696975028,0.222588476324745,"12","MDM"
1865,0.113252045027768,0.261414643743854,"12","MDM"
1866,-0.512931766263519,-0.0790019531755771,"12","MDM"
1867,-0.0570897086487033,-0.0612057123336657,"12","MDM"
1868,0.52443483803359,0.292526237637821,"12","MDM"
1869,0.221892159975054,0.55304597830986,"12","MDM"
1870,0.0740823300252081,0.469309158088858,"12","MDM"
1871,-0.175485490473539,-0.0228851242474441,"12","MDM"
1872,-0.387896752964757,0.0702242537337686,"12","MDM"
1873,-0.207205059666218,-0.798370245445603,"12","MDM"
1874,0.0184612237975597,-0.11531233839591,"12","MDM"
1875,0.455806585465849,0.749954498424372,"12","MDM"
1876,0.0866177148249086,0.181609531122805,"12","MDM"
1877,-0.194209809063409,-0.088735510629295,"12","MDM"
1878,0.61990824136276,0.354486445340683,"12","MDM"
1879,0.0911930873614529,-0.41676207710406,"12","MDM"
1880,0.100983250967885,-0.108264879351954,"12","MDM"
1881,-0.395978441526584,0.0846076803278008,"12","MDM"
1882,-0.0157090284272252,-0.0799454866294379,"12","MDM"
1883,0.0913917577598434,-0.149918235305756,"12","MDM"
1884,-0.0631436417975843,0.150608171247278,"12","MDM"
1885,0.0956281341695021,-0.140468408648381,"12","MDM"
1886,-0.220609442114579,-0.376203891265637,"12","MDM"
1887,0.188037447091787,0.351510824066399,"12","MDM"
1888,-0.250687002018376,-0.27133190621931,"12","MDM"
1889,-0.700246107709412,-0.894531963264425,"12","MDM"
1890,-0.152303319168406,-1.03107769927431,"12","MDM"
1891,-0.0441490793470605,-0.219944895142654,"12","MDM"
1892,0.546024801205128,0.317236478766106,"12","MDM"
1893,0.179721173093197,0.0701576242675564,"12","MDM"
1894,-0.158697286468309,-0.191583096777794,"12","MDM"
1895,0.020562172129066,-0.245023728554103,"12","MDM"
1896,-0.100383654031222,-0.427851115255171,"12","MDM"
1897,0.0951962088079485,-0.307707468737617,"12","MDM"
1898,-0.14776035913992,-0.354621404510609,"12","MDM"
1899,-0.167781054305134,-0.421440841575492,"12","MDM"
1900,-0.0410744552983271,-0.866244692840974,"12","MDM"
1901,-0.267057631550872,-0.469060002844829,"12","MDM"
1902,-0.684302431430044,-0.814980580578838,"12","MDM"
1903,0.187445238162612,0.444298181466344,"12","MDM"
1904,-0.0243271653665618,-0.35444585047303,"12","MDM"
1905,-0.185708657094966,0.606051994354716,"12","MDM"
1906,-0.105853470332819,-0.0724058688803523,"12","MDM"
1907,-0.138462155348816,-0.116980119241906,"12","MDM"
1908,-0.642304905084591,-0.184182569853643,"12","MDM"
1909,-0.901944934838531,-0.171450043940327,"12","MDM"
1910,0.350652505563063,0.315171845399291,"12","MDM"
1911,0.407942642842769,0.202241454073475,"12","MDM"
1912,0.443509985431447,0.239279066200113,"12","MDM"
1913,-0.17501739250659,-0.223006796699723,"12","MDM"
1914,0.382139026887484,0.266015383257849,"12","MDM"
1915,-0.247924725428978,-0.204925043487502,"12","MDM"
1916,0.360694754231753,0.0723892763592466,"12","MDM"
1917,0.170516819713362,-0.365985756235802,"12","MDM"
1918,0.248030449005973,-0.16623539255395,"12","MDM"
1919,-0.0384332645952552,-0.0848537648121952,"12","MDM"
1920,-0.398421383359306,-0.52353271936979,"12","MDM"
1921,0.126785299388498,0.0725078895275736,"12","MDM"
1922,-0.304590558136561,-0.361309539578826,"12","MDM"
1923,0.288845138984528,0.34108708046527,"12","MDM"
1924,0.0326914482384229,-0.312353598810979,"12","MDM"
1925,-1.10751954975796,-0.59859580411277,"12","MDM"
1926,0.20977875434314,-0.367753829615304,"12","MDM"
1927,0.193315031188643,-0.114750180248261,"12","MDM"
1928,-0.0114525811724525,-0.731673938155815,"12","MDM"
1929,0.125238163830175,-0.315945706848522,"12","MDM"
1930,-0.172263966847233,-0.111480934685811,"12","MDM"
1931,-0.0655347212119424,-0.660585761890297,"12","MDM"
1932,-0.56664619270094,-0.630002857567359,"12","MDM"
1933,-0.140491821556139,0.457015565975162,"12","MDM"
1934,-0.0102727510309057,0.352397976793065,"12","MDM"
1935,0.893221387536758,1.07986851243147,"12","MDM"
1936,0.520052284687239,0.535400588813849,"12","MDM"
1937,0.0940292990710659,0.379205733717548,"12","MDM"
1938,0.154569626987491,0.0413570797715382,"12","MDM"
1939,0.22082350298901,0.502546270521323,"12","MDM"
1940,0.401072226838732,0.141283627061545,"12","MDM"
1941,-0.353240884670227,-0.16405586454015,"12","MDM"
1942,0.160770958734042,-0.581947007331724,"12","MDM"
1943,-0.0856885559538823,-0.769988560049288,"12","MDM"
1944,-0.0285833749941862,0.274077360483264,"12","MDM"
1945,0.361867782088011,0.518348080355415,"12","MDM"
1946,0.313695830146156,0.195225324484935,"12","MDM"
1947,0.148748818343946,-0.235089555721402,"12","MDM"
1948,-0.0324401546567185,-0.103456759352826,"12","MDM"
1949,-0.442770073939582,-0.593557322459648,"12","MDM"
1950,-0.801841789452159,-0.996976954492874,"12","MDM"
1951,-0.477104775545039,-0.0142543890821721,"12","MDM"
1952,0.258745579891283,0.0179109177963571,"12","MDM"
1953,0.116316819477739,0.0164371237034362,"12","MDM"
1954,0.127104404925753,-0.359948180410714,"12","MDM"
1955,-0.174734122087731,-0.764669017833349,"12","MDM"
1956,-0.375942030200896,-0.743541520008318,"12","MDM"
1957,0.0969172157955481,0.0939212262920327,"12","MDM"
1958,-0.43310766825033,-0.537073175877311,"12","MDM"
1959,-0.449586191087055,-0.762792588578867,"12","MDM"
1960,0.280482249643103,0.202115465233378,"12","MDM"
1961,0.0277517359857469,0.202250602933949,"12","MDM"
1962,-0.358565873599461,0.160689906306656,"12","MDM"
1963,-0.262564864444024,0.0882420760685514,"12","MDM"
1964,-0.220873810226428,-0.484006402893153,"12","MDM"
1965,-0.366712940817694,-0.621784254750242,"12","MDM"
1966,-0.64729555419614,-0.683963345699811,"12","MDM"
1967,0.0828433667084365,-0.193108443221458,"12","MDM"
1968,-0.764757389889003,-0.697311023869415,"12","MDM"
1969,-0.0140896912749586,-0.525889413682188,"12","MDM"
1970,0.0634706620895096,-0.264752591310916,"12","MDM"
1971,-0.538344697167027,-0.551874446492574,"12","MDM"
1972,-0.182510309174831,0.115629296847977,"12","MDM"
1973,-0.296057078805853,-0.375550161777802,"12","MDM"
1974,-0.387662337863261,-0.505064816069395,"12","MDM"
1975,-0.218072760306386,-0.0512026506937071,"12","MDM"
1976,0.0584460917213445,0.371756126183352,"12","MDM"
1977,-0.320526038012463,-0.0819629517138851,"12","MDM"
1978,0.328968580118916,0.846590666330375,"12","MDM"
1979,-0.716655776221275,-0.39857832091039,"12","MDM"
1980,-0.829589358484301,0.183791118395031,"12","MDM"
1981,0.147849565911183,0.611052696047138,"12","MDM"
1982,-0.233288011298848,-0.552453972077665,"12","MDM"
1983,0.319257960550123,-0.210765237275467,"12","MDM"
1984,0.625792989038992,0.331890734949301,"12","MDM"
1985,0.282053162970074,0.0515276927372827,"12","MDM"
1986,0.17030488476922,0.22507238322255,"12","MDM"
1987,-0.167569133919168,-0.489264510837164,"12","MDM"
1988,0.0895022860658456,-0.433146277588648,"12","MDM"
1989,-0.36390850617374,-0.39406295764369,"12","MDM"
1990,-0.108516683252775,-0.192634390279874,"12","MDM"
1991,0.4537079943162,0.192507092724032,"12","MDM"
1992,0.345668348632018,0.709692180054198,"12","MDM"
1993,-0.172959443998868,-0.181037286969802,"12","MDM"
1994,-0.0877958228295479,0.13715554002011,"12","MDM"
1995,0.251280459342796,-0.00128227549848069,"12","MDM"
1996,-0.543757741401997,-0.169008615630186,"12","MDM"
1997,0.589304514848073,0.506415048603732,"12","MDM"
1998,0.634287640584932,0.710926761418791,"12","MDM"
1999,-0.721238049095042,-0.374812919614193,"12","MDM"
2000,-0.420531424376931,-0.524689702187466,"12","MDM"
2001,-0.418455314345433,-0.345477812591251,"12","MDM"
2002,-0.720984188555838,-0.165091495185453,"12","MDM"
2003,0.0877960946728616,0.475919366243549,"12","MDM"
2004,-0.0380154361681603,-0.28608929106436,"12","MDM"
2005,-0.142698179946956,-0.411074804018218,"12","MDM"
2006,0.0885023514318007,0.357514717003081,"12","MDM"
2007,-0.192448569572153,-0.0414920178172113,"12","MDM"
2008,0.202320754397627,0.838666081330539,"12","MDM"
2009,0.32953917347084,0.571512171397275,"12","MDM"
2010,-0.351187214135202,0.276332796448171,"12","MDM"
2011,0.425922589514143,0.340974103624995,"12","MDM"
2012,0.694463002474144,0.16843853890549,"12","MDM"
2013,0.670690749191376,0.67164708056386,"12","MDM"
2014,0.45221137721063,0.512143350749433,"12","MDM"
1851,0.398039912729825,0.511523706967877,"13","MDM"
1852,0.800058060175581,1.05491966452261,"13","MDM"
1853,-0.0588812032518455,0.189305606727643,"13","MDM"
1854,0.21680747682812,0.248236611265466,"13","MDM"
1855,0.629241452980365,0.433865852005643,"13","MDM"
1856,-0.17365344896351,-0.1140895752522,"13","MDM"
1857,0.547220910865443,0.24167748660282,"13","MDM"
1858,0.69342493763264,0.377837932966221,"13","MDM"
1859,0.0379169769088053,-0.264948502735819,"13","MDM"
1860,-0.183647579803648,0.0976987224043628,"13","MDM"
1861,-0.0463645772473977,-0.188132956384576,"13","MDM"
1862,-0.199493380490308,-0.855849630722304,"13","MDM"
1863,-0.205235356722932,-0.534818909971771,"13","MDM"
1864,-0.276842417511038,-0.369690617727615,"13","MDM"
1865,0.0904419879308622,-0.324116915685479,"13","MDM"
1866,-0.372056679157851,-0.217944437349112,"13","MDM"
1867,0.511487136367645,0.387293317128903,"13","MDM"
1868,0.578810890888953,0.0167704973630005,"13","MDM"
1869,1.0647309358758,1.03775245188654,"13","MDM"
1870,-0.166759802591229,0.0283099168215108,"13","MDM"
1871,-0.679403975454779,-0.586647004836597,"13","MDM"
1872,-0.781909854865044,-1.35360124063953,"13","MDM"
1873,-0.175248349755414,-0.241292952300424,"13","MDM"
1874,0.355826029457665,0.331870592631162,"13","MDM"
1875,0.532864026223556,-0.041145830059598,"13","MDM"
1876,0.16229949283122,0.0203867038291661,"13","MDM"
1877,-0.0242247989177298,0.155217659851006,"13","MDM"
1878,0.148841496963894,-0.480688780090536,"13","MDM"
1879,-0.360024994970644,0.131510980736086,"13","MDM"
1880,-0.533585362961377,-0.178024115130743,"13","MDM"
1881,-0.301036072939539,-0.21252655577009,"13","MDM"
1882,0.470406797759042,0.21114141572306,"13","MDM"
1883,0.0724257719220096,-0.186355329352296,"13","MDM"
1884,0.155199130362285,0.0292652820957417,"13","MDM"
1885,0.306828976655959,-0.222520442286551,"13","MDM"
1886,-0.116315178484729,-0.190452697275603,"13","MDM"
1887,-0.26657595483041,-0.170484130176039,"13","MDM"
1888,0.205247284689045,-0.236928007502861,"13","MDM"
1889,0.504537335664019,0.0930198698215173,"13","MDM"
1890,-0.532140392748141,-0.934817930090412,"13","MDM"
1891,-0.661285959007446,-1.06374585749653,"13","MDM"
1892,-0.42630864085491,-0.323828842420735,"13","MDM"
1893,-0.650784656102841,-0.953969363809592,"13","MDM"
1894,-0.204083493991233,-0.172810426904204,"13","MDM"
1895,-0.551033530300015,-0.408481277588997,"13","MDM"
1896,-0.211095326390156,-0.272892610371941,"13","MDM"
1897,-0.590799520418821,-0.627623998771102,"13","MDM"
1898,-0.013521271365747,0.230114630452555,"13","MDM"
1899,-0.0654308099916426,-0.255481313192807,"13","MDM"
1900,0.0406373216602932,0.126837192787666,"13","MDM"
1901,0.27746344619627,0.21253229283189,"13","MDM"
1902,0.182332171786627,-0.238538374878431,"13","MDM"
1903,0.0860032991976042,0.0615698303854492,"13","MDM"
1904,0.240244095047873,0.471799385753792,"13","MDM"
1905,-0.390159956544066,-0.46961484087924,"13","MDM"
1906,-0.231889284136622,-0.752471961389954,"13","MDM"
1907,0.405339357294952,0.389719601203,"13","MDM"
1908,0.414893407220317,0.356571956761955,"13","MDM"
1909,0.13937360326984,0.0118099751500746,"13","MDM"
1910,0.462085951677842,0.185085625193027,"13","MDM"
1911,0.446293034435361,0.556687842446879,"13","MDM"
1912,-0.187606708446468,0.0487885381704167,"13","MDM"
1913,-0.858560182684053,-0.409288361236418,"13","MDM"
1914,0.126164648387365,0.216473582144043,"13","MDM"
1915,-0.26377198307356,-0.534037527759712,"13","MDM"
1916,0.0474060315312742,0.540406267577241,"13","MDM"
1917,-0.000848284192370101,0.224600097597809,"13","MDM"
1918,0.278385781631147,0.363856655181698,"13","MDM"
1919,0.182349056786831,0.281409317680468,"13","MDM"
1920,0.358182967490619,0.13052991174193,"13","MDM"
1921,-0.461394477339658,-1.12993776334774,"13","MDM"
1922,-0.577681368555037,-0.24482487099557,"13","MDM"
1923,-0.65084232707891,-0.70191186622106,"13","MDM"
1924,-0.0457493216839941,0.303509406749204,"13","MDM"
1925,0.340827122967098,-0.0787857683278261,"13","MDM"
1926,-0.378242696695362,-0.629156303459278,"13","MDM"
1927,-1.04461916594199,-0.475079563099058,"13","MDM"
1928,-0.166929274607487,0.163938718668573,"13","MDM"
1929,0.275912466497115,0.457761374014612,"13","MDM"
1930,0.304523848915619,0.454268182568913,"13","MDM"
1931,-0.125067763476256,0.0747595644443323,"13","MDM"
1932,-0.278292660910235,0.195814433016545,"13","MDM"
1933,0.0312604595912312,0.750928983335861,"13","MDM"
1934,0.150000120614478,0.0123943104305874,"13","MDM"
1935,-0.776580620776949,-0.584854416419725,"13","MDM"
1936,-0.976253687030931,0.0235753383705393,"13","MDM"
1937,-0.103810134194049,-0.112559401646666,"13","MDM"
1938,0.172066675946511,0.226464896360378,"13","MDM"
1939,0.0646330934957826,-0.117477406274094,"13","MDM"
1940,-0.170876981993019,-0.34573275593321,"13","MDM"
1941,0.203384744063504,0.174076178570963,"13","MDM"
1942,0.651923188375434,0.927109990638263,"13","MDM"
1943,0.310555521277611,0.433791846125125,"13","MDM"
1944,-0.19124155381936,-0.425646506065414,"13","MDM"
1945,-0.249652070816622,0.0592026998440991,"13","MDM"
1946,-0.107409162103055,0.482611772670025,"13","MDM"
1947,0.447764204345512,0.129860874461964,"13","MDM"
1948,-0.141679800404891,-0.326133148469125,"13","MDM"
1949,-0.0317533892589707,0.00796179224702122,"13","MDM"
1950,0.410106846092568,0.0247594060444471,"13","MDM"
1951,0.486020219274897,0.170955039420778,"13","MDM"
1952,-0.427696080344201,-0.805698359647914,"13","MDM"
1953,-0.428787964957301,-0.203230801005542,"13","MDM"
1954,-0.244612130301441,-0.587341091918043,"13","MDM"
1955,-0.162353090239578,-0.440036772547338,"13","MDM"
1956,0.38082717618589,0.27095597021546,"13","MDM"
1957,-0.0238922422439432,0.00206071622093838,"13","MDM"
1958,-0.226529532675959,-0.507255847294699,"13","MDM"
1959,-0.187648369781601,0.3002716913495,"13","MDM"
1960,-0.362054038632233,-0.382625453265687,"13","MDM"
1961,0.343815657312429,-0.17034548932217,"13","MDM"
1962,0.544185302087556,0.591767230643389,"13","MDM"
1963,-0.456431502237469,-0.398507391544252,"13","MDM"
1964,-0.540196171416994,-0.214656775013237,"13","MDM"
1965,-0.0557598197127813,0.0150309136659865,"13","MDM"
1966,0.389146810123171,0.156976883568982,"13","MDM"
1967,-0.335832364161315,0.0585915303390347,"13","MDM"
1968,-0.324492425940067,-0.401224940041871,"13","MDM"
1969,-0.35220868629041,-0.712344721973206,"13","MDM"
1970,0.321687464173397,0.646378085497818,"13","MDM"
1971,-0.0603887345083847,-0.157253752386929,"13","MDM"
1972,-0.768750858215004,-0.839430227915514,"13","MDM"
1973,-0.434742044442625,-0.982499257645597,"13","MDM"
1974,0.185800268083436,-0.33085649386789,"13","MDM"
1975,0.0136961813826716,-0.902736149569838,"13","MDM"
1976,-1.48615496220595,-1.40101237716807,"13","MDM"
1977,-1.29402572171986,-1.20957169868858,"13","MDM"
1978,-1.36104935566686,-1.33867685507683,"13","MDM"
1979,-1.10692121330435,-0.565932585558222,"13","MDM"
1980,-0.265895011556899,0.554798049839824,"13","MDM"
1981,-0.742202046474716,-0.910382646156993,"13","MDM"
1982,-0.253627350562003,-0.351255581770883,"13","MDM"
1983,-0.217532023840196,-0.329189011150187,"13","MDM"
1984,-0.418175002030076,-0.342923667622113,"13","MDM"
1985,-0.535105757606313,-0.0845908930634655,"13","MDM"
1986,0.402869085433339,0.263113947525548,"13","MDM"
1987,0.869366991176278,0.349657298936569,"13","MDM"
1988,0.573098805845582,0.351982895630438,"13","MDM"
1989,0.103212859011045,0.286507559738569,"13","MDM"
1990,-0.397867108676609,-0.27196058978432,"13","MDM"
1991,0.749613135342575,0.0292134848246319,"13","MDM"
1992,0.554249416670921,0.256938418524581,"13","MDM"
1993,0.0636418263837331,-0.350683721120782,"13","MDM"
1994,0.22632672915481,0.0662288574360168,"13","MDM"
1995,0.404770365320255,0.0990423368261491,"13","MDM"
1996,-0.0581515885842933,0.461043154328438,"13","MDM"
1997,0.190957497134532,-0.178263428371766,"13","MDM"
1998,0.259184973571952,0.770117507987942,"13","MDM"
1999,1.02806820660165,1.28973384732391,"13","MDM"
2000,0.373543123564982,0.835737435537747,"13","MDM"
2001,0.764049199334827,0.791155852385158,"13","MDM"
2002,0.54271992368987,0.25832526120352,"13","MDM"
2003,-0.0698949440014144,0.402598012460828,"13","MDM"
2004,0.34165646282119,0.597508455345371,"13","MDM"
2005,1.070981898619,1.23443812820745,"13","MDM"
2006,0.160500894182357,-0.214412450972623,"13","MDM"
2007,-0.311619398077232,-0.485599284661107,"13","MDM"
2008,0.396022804756721,0.333767330610269,"13","MDM"
2009,0.949510099313304,0.93323197159958,"13","MDM"
2010,1.22353829545512,0.852138096252358,"13","MDM"
2011,0.210917463279563,0.187071769583547,"13","MDM"
2012,0.756266433282758,1.63979555907216,"13","MDM"
2013,0.405374731875317,0.104739479782003,"13","MDM"
2014,0.106841197206728,-0.0569758118340952,"13","MDM"
1851,-0.318605783073992,0.0742978015419607,"14","MDM"
1852,-0.0625872222403546,0.414656466829097,"14","MDM"
1853,0.223415170275701,0.165315345750965,"14","MDM"
1854,-0.278771049392899,-0.436758475486139,"14","MDM"
1855,-0.83293468757077,-0.918480605561049,"14","MDM"
1856,-0.426193234486827,-0.587024980221416,"14","MDM"
1857,-0.407495661984359,-0.693199330537693,"14","MDM"
1858,-0.376119038880316,0.0421415354358904,"14","MDM"
1859,0.021018876971883,0.485476823931024,"14","MDM"
1860,0.0717666042277536,0.420911800792867,"14","MDM"
1861,-0.260341097756312,-0.212469411863514,"14","MDM"
1862,0.466364834027922,0.295585031214096,"14","MDM"
1863,-0.655124196899056,-0.0412509010563517,"14","MDM"
1864,-0.129757118925713,0.179090046055975,"14","MDM"
1865,-0.032102557887327,0.511495490967468,"14","MDM"
1866,0.0208012477954134,0.346220841358462,"14","MDM"
1867,-0.317453559279598,0.592468009009831,"14","MDM"
1868,-0.234255568584234,0.930975894883006,"14","MDM"
1869,0.144806300777189,-0.129826116118439,"14","MDM"
1870,-0.470281626026535,-0.834091804029614,"14","MDM"
1871,0.297093716682645,-0.082521021827964,"14","MDM"
1872,0.0222333856883402,0.0114029874878289,"14","MDM"
1873,0.153192521148615,-0.359941924247256,"14","MDM"
1874,0.355408299307971,-0.487997295277408,"14","MDM"
1875,0.18705925129355,-0.269151722255199,"14","MDM"
1876,-0.0141903060660759,-0.34865035973801,"14","MDM"
1877,0.775507684079224,0.764535709069573,"14","MDM"
1878,0.499717065419887,0.442898850642118,"14","MDM"
1879,0.354933712065819,-0.10902146734869,"14","MDM"
1880,-0.432157332743933,-0.503270176873647,"14","MDM"
1881,-0.0542042766921766,-0.476147357944046,"14","MDM"
1882,0.172418702744268,-0.2990228689316,"14","MDM"
1883,0.489149410598739,0.156660215330344,"14","MDM"
1884,-0.601028849482101,-0.344702461725733,"14","MDM"
1885,-0.652180344206914,-0.723718073138331,"14","MDM"
1886,0.259695112002576,0.350016449876115,"14","MDM"
1887,0.327727042151149,0.386106913705689,"14","MDM"
1888,-0.0415798401626013,-0.014331110072638,"14","MDM"
1889,0.171210953834823,-0.424547085198273,"14","MDM"
1890,-0.601633608521317,-0.826411192308086,"14","MDM"
1891,-0.892120125918095,-1.54520582276177,"14","MDM"
1892,-0.378976773585435,-0.827198934640173,"14","MDM"
1893,-0.12915348654941,-0.778983523077157,"14","MDM"
1894,-0.630297452906755,-0.874875662622709,"14","MDM"
1895,-0.103035898932696,-0.26447551024926,"14","MDM"
1896,0.205075196683381,-0.329601707442858,"14","MDM"
1897,0.551721104170295,0.0232799212212551,"14","MDM"
1898,0.37800487229521,0.0196175264703415,"14","MDM"
1899,0.0998776924388205,0.546724708066669,"14","MDM"
1900,0.358914695390843,-0.061432503687234,"14","MDM"
1901,-0.579160165721906,-0.474369112911806,"14","MDM"
1902,0.241285140259213,0.122215307235525,"14","MDM"
1903,0.040254903689651,0.147750694666947,"14","MDM"
1904,-0.772248493927577,-1.02276079557286,"14","MDM"
1905,-0.381515020442238,-0.438702327698595,"14","MDM"
1906,-1.07382136017378,-0.900355699268314,"14","MDM"
1907,-0.833078896351904,-0.839885317576888,"14","MDM"
1908,0.0668022167508934,0.168795400282942,"14","MDM"
1909,0.272964802747015,0.317674832408817,"14","MDM"
1910,-0.95174302384507,0.0806375631981326,"14","MDM"
1911,-0.893948904201966,-0.91871393717245,"14","MDM"
1912,-0.749689151493106,-0.487293587305207,"14","MDM"
1913,-0.375857229473641,0.225664893715399,"14","MDM"
1914,-0.0944392285742393,-0.20214900696123,"14","MDM"
1915,-0.0810959154038234,0.290162030189763,"14","MDM"
1916,-0.232018945315487,0.722133084225009,"14","MDM"
1917,0.378280328647898,0.354544007514259,"14","MDM"
1918,-0.280662223912242,-0.371058651825875,"14","MDM"
1919,-0.385601940459929,-0.677234143107649,"14","MDM"
1920,0.619299920519417,0.211541784062879,"14","MDM"
1921,-0.0191302979446434,0.458536557859905,"14","MDM"
1922,-0.943423259096087,-0.625094325906278,"14","MDM"
1923,-0.137973309876169,-0.181688435997525,"14","MDM"
1924,-0.0406974432874755,-0.267937292902269,"14","MDM"
1925,-0.040988699817389,-0.0880231070863666,"14","MDM"
1926,-1.11808731923631,-1.12552692580722,"14","MDM"
1927,0.332156302740359,-0.0281297321804537,"14","MDM"
1928,0.188345816251035,-0.146535681551024,"14","MDM"
1929,0.258742975375193,0.280639754146378,"14","MDM"
1930,0.281918202939623,0.589802169999927,"14","MDM"
1931,-0.245439296107208,-0.0782012754991661,"14","MDM"
1932,0.316441410729775,-0.209282584210677,"14","MDM"
1933,0.0404681499486703,-0.557737562091788,"14","MDM"
1934,-0.188121486954997,-0.843700537159839,"14","MDM"
1935,-0.0705830664720731,0.591789982826085,"14","MDM"
1936,-0.691957676386049,-0.324319470849249,"14","MDM"
1937,-0.741251965810059,-0.861159918081246,"14","MDM"
1938,-0.184176139729945,-0.44838111472589,"14","MDM"
1939,0.345025705858087,0.223427616813785,"14","MDM"
1940,0.43702404211553,0.361787049526155,"14","MDM"
1941,0.0359358283567349,-0.155905763986835,"14","MDM"
1942,-0.158335936804026,-0.104643318245996,"14","MDM"
1943,-0.465516463071219,-0.135458100115233,"14","MDM"
1944,-0.947982018538514,-0.768795928956008,"14","MDM"
1945,0.316344837265972,0.698724074574818,"14","MDM"
1946,-0.212145490848439,-0.152947069621088,"14","MDM"
1947,0.217712468143952,0.699440851069625,"14","MDM"
1948,-0.0247182858190296,0.721741321379501,"14","MDM"
1949,-0.234164062320816,-0.424591815481774,"14","MDM"
1950,-0.582131079364134,-0.356655114979041,"14","MDM"
1951,-0.449075239380091,0.0756048448707269,"14","MDM"
1952,-0.330157107936665,-0.0273101706163263,"14","MDM"
1953,0.605553240440577,0.130987114784242,"14","MDM"
1954,1.09244368073921,0.524927310844752,"14","MDM"
1955,0.818472511859879,0.599964849757049,"14","MDM"
1956,0.519862179440907,0.618481689144833,"14","MDM"
1957,-0.0971905431537009,0.113107259465835,"14","MDM"
1958,0.0931840642433755,0.00511333459509908,"14","MDM"
1959,0.488031904785117,0.0128480264337437,"14","MDM"
1960,-0.203034066749535,0.17937391483561,"14","MDM"
1961,0.561134026442211,0.876995516046778,"14","MDM"
1962,0.568311921526417,0.160872484869941,"14","MDM"
1963,0.549133649492743,-0.196288248210013,"14","MDM"
1964,-0.354462195825118,-0.747593911701234,"14","MDM"
1965,-0.244594214226639,-0.0986384865618089,"14","MDM"
1966,-0.464823610109458,-0.644069173832059,"14","MDM"
1967,-0.625518899535575,-0.738734146855646,"14","MDM"
1968,-0.326690812469749,-0.547513028959859,"14","MDM"
1969,0.181740596126437,-0.497406577045087,"14","MDM"
1970,0.181005653307168,0.33224601325082,"14","MDM"
1971,-0.308130166781181,-0.153943490653867,"14","MDM"
1972,-0.282468075315546,0.323047648585725,"14","MDM"
1973,-0.592381077168221,0.157144582262745,"14","MDM"
1974,-0.312735211441813,-0.0543463162520745,"14","MDM"
1975,-0.149180455816869,-0.316618066444591,"14","MDM"
1976,-0.732456594706193,-0.752984584843997,"14","MDM"
1977,-0.876549794253096,-1.22490148548622,"14","MDM"
1978,-0.779949561156905,-1.27504274640008,"14","MDM"
1979,-0.737057064609468,-0.829351609790795,"14","MDM"
1980,-0.244828868466249,-0.388135794850133,"14","MDM"
1981,-0.682081128945991,-1.0173175273947,"14","MDM"
1982,-0.523858643692911,-0.506570570920556,"14","MDM"
1983,-0.0711979300385219,0.0274866117619648,"14","MDM"
1984,-0.380826120995232,-0.401998623108255,"14","MDM"
1985,-0.527305340402307,-1.21990138167563,"14","MDM"
1986,-0.260646888065897,-0.881513811646337,"14","MDM"
1987,0.55151447932544,0.172000713317519,"14","MDM"
1988,-0.00950660967602057,0.251092649502167,"14","MDM"
1989,-0.183254076835282,0.154190316882538,"14","MDM"
1990,-0.473264632932332,-0.460129296146482,"14","MDM"
1991,-0.194588890604136,0.0323969340428321,"14","MDM"
1992,-0.10981801766001,0.0303543260302782,"14","MDM"
1993,0.365748877491078,0.350344559153269,"14","MDM"
1994,0.672003280208562,0.511715213663594,"14","MDM"
1995,-0.141160966556152,-0.209519923160653,"14","MDM"
1996,0.41948445666645,0.189782311586792,"14","MDM"
1997,0.822408512215947,1.17450345314357,"14","MDM"
1998,0.29548380788552,0.726125244079544,"14","MDM"
1999,-0.487469311832039,0.125936255402409,"14","MDM"
2000,-0.0726899220375245,0.124288081488028,"14","MDM"
2001,0.00119855278503988,-0.444196671708669,"14","MDM"
2002,-0.692780498496487,-0.756654473689961,"14","MDM"
2003,-0.181799158209059,-0.390766510889043,"14","MDM"
2004,0.0828870695558233,0.446003525639712,"14","MDM"
2005,0.353547627169913,0.331495777596923,"14","MDM"
2006,0.737320721396563,0.799132196962052,"14","MDM"
2007,0.5492885339627,0.712963514211913,"14","MDM"
2008,0.742612576223845,0.341766802669806,"14","MDM"
2009,-0.0539496935030644,-0.364735572141926,"14","MDM"
2010,0.181248820540916,0.460606422251268,"14","MDM"
2011,-0.498262135577771,0.367162646798381,"14","MDM"
2012,0.622558855269613,0.434117410148893,"14","MDM"
2013,-0.0334021189715742,0.144578953653102,"14","MDM"
2014,0.473692530922595,0.47440740772126,"14","MDM"
1851,-0.0646236735579124,0.630634908185106,"15","MDM"
1852,-0.548628548705771,0.108709034126469,"15","MDM"
1853,0.257315994017423,0.693625058770222,"15","MDM"
1854,0.0973634948870913,-0.0288488156941718,"15","MDM"
1855,-0.00326456392457469,0.038998806274984,"15","MDM"
1856,0.0302673614681152,0.27000259343539,"15","MDM"
1857,0.614356745188747,1.16054848515249,"15","MDM"
1858,0.9627650314621,1.00690303987094,"15","MDM"
1859,0.0900338241394046,0.431893945725734,"15","MDM"
1860,0.347796370803588,0.459791026246719,"15","MDM"
1861,0.537935920990119,0.102728955963634,"15","MDM"
1862,0.350362811728682,0.43539564622247,"15","MDM"
1863,0.0677731416851583,0.0199398635455837,"15","MDM"
1864,0.326506869297876,0.687448545754098,"15","MDM"
1865,0.389614591577428,0.204218226641368,"15","MDM"
1866,-0.819294355270055,-0.62094942926929,"15","MDM"
1867,-0.39223746471329,0.0577910086693083,"15","MDM"
1868,0.0411409765234178,0.522391457402075,"15","MDM"
1869,0.17642079896347,0.552328697662766,"15","MDM"
1870,0.508818520653993,0.2314121878506,"15","MDM"
1871,0.626283100430097,0.875876156145643,"15","MDM"
1872,0.150585631682064,0.791645931743392,"15","MDM"
1873,0.0489113542356909,0.825606378567444,"15","MDM"
1874,0.49434506098116,1.03935021354489,"15","MDM"
1875,0.781721241926362,0.853438999713991,"15","MDM"
1876,0.783531117727718,0.208507495257953,"15","MDM"
1877,0.24609150055695,0.190126936841121,"15","MDM"
1878,0.628234897294,0.356330843840463,"15","MDM"
1879,-0.132968052510702,-0.160364799295791,"15","MDM"
1880,-0.203197904747184,-0.27036461822114,"15","MDM"
1881,-0.35332020611237,-0.423122974716031,"15","MDM"
1882,-0.464793796753455,-0.290417672246363,"15","MDM"
1883,-0.738345015162646,-0.934094047865049,"15","MDM"
1884,-0.830238427163863,-0.45716060101706,"15","MDM"
1885,0.0222739450781619,-0.291840627478306,"15","MDM"
1886,0.27811198102118,-0.0711257151397709,"15","MDM"
1887,0.230853799091596,0.217109389442824,"15","MDM"
1888,-0.508150228337485,-0.302550138132669,"15","MDM"
1889,-0.799985328217756,-0.0668061864035805,"15","MDM"
1890,-0.106280254620654,0.351584688733263,"15","MDM"
1891,0.274511765056874,0.567204336824218,"15","MDM"
1892,0.107829165954953,0.336054336891265,"15","MDM"
1893,-0.555154416774161,0.088435370221419,"15","MDM"
1894,-0.487982707658831,-0.437172888333873,"15","MDM"
1895,-0.626022823154834,-0.514375093302571,"15","MDM"
1896,-0.873621259325134,-0.556032633404497,"15","MDM"
1897,-0.779562992974557,-0.571190582457104,"15","MDM"
1898,-0.16114089137141,-0.513380395114538,"15","MDM"
1899,0.0261068101997488,0.0804666890378531,"15","MDM"
1900,0.337756058288772,0.204603702141166,"15","MDM"
1901,0.035733479716449,0.0633529730216761,"15","MDM"
1902,-0.124304357040944,0.116323913422146,"15","MDM"
1903,0.246752633992429,0.266741428934788,"15","MDM"
1904,0.675921848159789,0.385092852272816,"15","MDM"
1905,0.425039119345112,-0.16774284021002,"15","MDM"
1906,-0.13428903896084,-0.164691599049869,"15","MDM"
1907,-0.221413371551144,-0.289708695379027,"15","MDM"
1908,-0.164588337562374,-0.131224064797905,"15","MDM"
1909,-0.678719161551619,-0.692280529263334,"15","MDM"
1910,-0.491061632672049,-0.498856169651269,"15","MDM"
1911,-0.302053658661048,-0.96653586576071,"15","MDM"
1912,-0.379028893134754,-0.834287753617054,"15","MDM"
1913,-0.650480726559759,-0.6566784414054,"15","MDM"
1914,-0.10970243330231,-0.793655880519879,"15","MDM"
1915,-0.53107048046273,-0.665459642518655,"15","MDM"
1916,0.368651389464103,0.375357546964739,"15","MDM"
1917,0.0834801732693759,0.283658512622887,"15","MDM"
1918,0.400675155758836,1.03571063163872,"15","MDM"
1919,-0.213094139463692,-0.52934279992529,"15","MDM"
1920,-0.215704148328292,-0.470571016058153,"15","MDM"
1921,-0.909372885125283,-1.35253443303633,"15","MDM"
1922,-0.657820655528249,-0.918554606460162,"15","MDM"
1923,-0.333157014361994,-0.737415417272033,"15","MDM"
1924,0.20908691276929,-0.0751444143515796,"15","MDM"
1925,-0.48254972857859,-0.655419339803082,"15","MDM"
1926,-0.514568053054899,-0.814774418347065,"15","MDM"
1927,-0.827426258549378,-1.08816166954015,"15","MDM"
1928,0.00164208011535886,-0.0383246404260555,"15","MDM"
1929,0.381966643690656,0.378638013523944,"15","MDM"
1930,-0.249587370304419,-0.300120936160995,"15","MDM"
1931,0.0490471239958695,-0.274998790050155,"15","MDM"
1932,0.0259904576721719,-0.433771576647859,"15","MDM"
1933,-0.577590918733539,-0.976034473802608,"15","MDM"
1934,-0.65110527517283,-0.678559591452891,"15","MDM"
1935,0.380236084670757,0.312323089895955,"15","MDM"
1936,-0.0911991321526054,-0.335456326797234,"15","MDM"
1937,-0.265262586349137,-0.360449311148052,"15","MDM"
1938,-0.480960232988774,-0.193179760785092,"15","MDM"
1939,-0.43759677197148,-0.659724733494754,"15","MDM"
1940,-0.588321852608943,-1.08650533327794,"15","MDM"
1941,-0.0106038369657496,-0.00489285860725839,"15","MDM"
1942,1.02591522870776,0.559273393483144,"15","MDM"
1943,0.581948165551871,0.26780773208164,"15","MDM"
1944,0.50266905593875,0.0449572786892049,"15","MDM"
1945,-0.0955364775321076,-0.249141363247938,"15","MDM"
1946,0.36542146380893,0.262825207919378,"15","MDM"
1947,0.00497323351896939,0.0814164288028945,"15","MDM"
1948,0.847234792382745,0.19606673886674,"15","MDM"
1949,0.0958314174033481,0.570120461916526,"15","MDM"
1950,0.303570062113025,0.581865808660351,"15","MDM"
1951,0.404636995938295,0.189225044844678,"15","MDM"
1952,0.299056087513881,0.0839599511509945,"15","MDM"
1953,0.0662337283964804,-0.0403578091823505,"15","MDM"
1954,0.530793650594198,0.117071485433809,"15","MDM"
1955,0.132207686973773,-0.206347626944365,"15","MDM"
1956,-0.0265212329631932,-0.434677554346282,"15","MDM"
1957,-0.631467626491331,-0.811575173333584,"15","MDM"
1958,-0.138202985606394,-0.546762062516008,"15","MDM"
1959,-0.329126314785014,-0.826923871663662,"15","MDM"
1960,0.132833512449909,0.860701155954894,"15","MDM"
1961,0.400052438325575,0.252215643510959,"15","MDM"
1962,0.0745257771808443,-0.00757355754358395,"15","MDM"
1963,-0.463449313476549,-0.806626641018021,"15","MDM"
1964,-0.216935035762639,-0.216403028376567,"15","MDM"
1965,0.318135905070934,0.0677137205590089,"15","MDM"
1966,-0.184628768928895,-0.308368295232964,"15","MDM"
1967,-0.0708666671745962,-0.0805070612471163,"15","MDM"
1968,-0.284817896420078,-0.17227104054951,"15","MDM"
1969,-0.0655219863390777,0.0704990196191846,"15","MDM"
1970,-0.254829751192566,-0.764008590778787,"15","MDM"
1971,-0.294018909784639,-0.764610548710648,"15","MDM"
1972,-0.105319615893073,-0.48990295865201,"15","MDM"
1973,-0.229096054140625,-0.503172618042963,"15","MDM"
1974,-0.560349108064711,-0.652534194964715,"15","MDM"
1975,-0.244378046965052,-0.629902297423476,"15","MDM"
1976,0.236029748174651,0.1256253231389,"15","MDM"
1977,-0.398717116224882,0.153843847069124,"15","MDM"
1978,-0.706236033250625,-0.654829248893273,"15","MDM"
1979,-0.278297136545516,-0.503192183579031,"15","MDM"
1980,-0.157098739896641,-0.500403710023355,"15","MDM"
1981,-0.031377091152018,0.214081387034259,"15","MDM"
1982,-0.471734066894618,-0.678119592387386,"15","MDM"
1983,-1.19861384011145,-0.389652848285438,"15","MDM"
1984,-0.410099987147805,0.00609727166969839,"15","MDM"
1985,0.489125850806902,0.613532232756685,"15","MDM"
1986,0.281814610285145,0.522421560110145,"15","MDM"
1987,0.436807604815925,0.243627595081602,"15","MDM"
1988,0.24207200470726,0.469719525850888,"15","MDM"
1989,0.153331884963336,0.22921738872568,"15","MDM"
1990,0.194440623920765,0.568412763959308,"15","MDM"
1991,0.227495920528758,0.960562734010756,"15","MDM"
1992,0.129661225109933,0.55985835672966,"15","MDM"
1993,0.326559476751343,0.686434812032605,"15","MDM"
1994,0.130187727425674,0.308219890274936,"15","MDM"
1995,0.438200915115458,0.441246462229598,"15","MDM"
1996,0.394358119097124,0.14155897372925,"15","MDM"
1997,0.731434100788739,0.200498223401663,"15","MDM"
1998,0.0957443774149792,0.352560284285664,"15","MDM"
1999,-0.64348047995513,0.773204711230833,"15","MDM"
2000,-0.380731364763944,0.130437706866577,"15","MDM"
2001,0.208330217319382,0.30749681467236,"15","MDM"
2002,0.184483403239248,-0.0523936762583352,"15","MDM"
2003,-0.629151708349312,-0.586600471119821,"15","MDM"
2004,-0.641151301812266,-0.780063955184973,"15","MDM"
2005,0.0850741780961826,0.0990862977451064,"15","MDM"
2006,0.128821862383865,-0.0417605869677464,"15","MDM"
2007,0.44417508791011,1.05606968789186,"15","MDM"
2008,0.278859938248117,1.02757775495077,"15","MDM"
2009,0.600926379121797,0.804939931728854,"15","MDM"
2010,0.449903871392164,0.846601993123203,"15","MDM"
2011,0.50481190205247,0.615155262748679,"15","MDM"
2012,0.841345579505388,1.5006035003308,"15","MDM"
2013,0.379784088681953,0.615395649558553,"15","MDM"
2014,0.406004254430089,0.724470898505442,"15","MDM"
1851,-0.405024369409065,0.101945914093406,"16","MDM"
1852,-0.0802750785086653,0.143402777040597,"16","MDM"
1853,0.123853688613017,0.352645650634801,"16","MDM"
1854,0.123041315560455,0.339529590708387,"16","MDM"
1855,0.338922556938671,0.0127662744505878,"16","MDM"
1856,0.524940812773316,0.700867719180857,"16","MDM"
1857,0.267068074116984,0.130867448748773,"16","MDM"
1858,0.356265512811742,0.0883837253365233,"16","MDM"
1859,0.310265955694786,0.324082736752161,"16","MDM"
1860,0.378227067039384,0.15654964570066,"16","MDM"
1861,0.88978632432963,1.01536910972558,"16","MDM"
1862,0.501064639892989,0.748602002708988,"16","MDM"
1863,0.258116963609555,0.121132009651947,"16","MDM"
1864,-0.0218513255914531,-0.302443923475711,"16","MDM"
1865,-0.170485301830203,0.0521710008026666,"16","MDM"
1866,-0.121010289145452,0.0329025567564339,"16","MDM"
1867,0.04399847771597,-0.0192353201291032,"16","MDM"
1868,0.0530909464585599,0.143722302587432,"16","MDM"
1869,0.403175796723444,0.102455009216291,"16","MDM"
1870,-0.475223499336379,-0.443502406177803,"16","MDM"
1871,-0.156096995691706,-0.296048297434324,"16","MDM"
1872,-0.549094280310351,-0.148202379048203,"16","MDM"
1873,0.0790552498153224,0.11685564660239,"16","MDM"
1874,-0.416556470642806,-0.503152751949923,"16","MDM"
1875,-0.109113210299644,-0.238946044393694,"16","MDM"
1876,-0.166653972796674,0.0149031496229131,"16","MDM"
1877,0.324525785180136,-0.100328891161763,"16","MDM"
1878,0.113981775702305,-0.462015343214718,"16","MDM"
1879,-0.023592736060521,-0.901865305311371,"16","MDM"
1880,-0.751306801840223,-1.04950787801307,"16","MDM"
1881,-1.03997762809954,-1.67013369757353,"16","MDM"
1882,-0.769819418381588,-0.962372840709387,"16","MDM"
1883,-0.750615152040865,-0.456237255574653,"16","MDM"
1884,0.0372097077712367,-0.226191814351494,"16","MDM"
1885,-0.607126813544642,-0.611309295741037,"16","MDM"
1886,-0.435195609706572,-0.914510617688759,"16","MDM"
1887,-1.18775432570279,-1.14029588497062,"16","MDM"
1888,-1.20082526233917,-1.10651649104325,"16","MDM"
1889,-1.03535947967705,-0.629748611448817,"16","MDM"
1890,-1.41212409460629,-1.45862642917974,"16","MDM"
1891,-0.959109354911462,-0.960149526845848,"16","MDM"
1892,0.011609385590127,-0.010662653814433,"16","MDM"
1893,-0.319750012055095,-0.37918932483139,"16","MDM"
1894,0.375224032345857,0.24363154269106,"16","MDM"
1895,0.262224519062778,0.765171717575295,"16","MDM"
1896,-0.310418904821965,-0.454042395372432,"16","MDM"
1897,-0.0622478176116546,-0.251217525403081,"16","MDM"
1898,0.463797490446078,0.272482752549872,"16","MDM"
1899,0.0540269611767197,-0.226130745213177,"16","MDM"
1900,-0.430709815891073,0.0815045853105063,"16","MDM"
1901,0.202591927789737,-0.0216909363121712,"16","MDM"
1902,0.421118447784259,-0.02674883875354,"16","MDM"
1903,-0.286314720142332,-0.0811391035944898,"16","MDM"
1904,-0.815169744715325,-0.795806541756619,"16","MDM"
1905,-0.295303794665426,-0.840512113142187,"16","MDM"
1906,-0.258529979301221,-0.64580377656906,"16","MDM"
1907,0.422466068073478,0.436539437830493,"16","MDM"
1908,0.0666755372298232,-0.234683933355129,"16","MDM"
1909,0.0639002228309605,0.0219422465492032,"16","MDM"
1910,-0.411869783741583,0.166048059374152,"16","MDM"
1911,0.0623385734935682,0.227539217535673,"16","MDM"
1912,0.0775476537041088,-0.097628555742298,"16","MDM"
1913,-0.534949832436036,-0.293694201998075,"16","MDM"
1914,-0.38061187195769,-0.159911452141622,"16","MDM"
1915,-0.168064860878819,0.0582331716168027,"16","MDM"
1916,-0.0284345074923319,-0.20109957299271,"16","MDM"
1917,-0.301475597751678,-0.0397530065211695,"16","MDM"
1918,-0.3479864580765,0.00423811638357197,"16","MDM"
1919,0.565681457283704,0.810330821159131,"16","MDM"
1920,0.311598060175138,0.374372297876623,"16","MDM"
1921,0.364448885052822,0.293796594169068,"16","MDM"
1922,0.0965758461444171,0.149289299959604,"16","MDM"
1923,-0.0267975195628842,0.266639250477701,"16","MDM"
1924,-0.250574308336408,-0.529760013389869,"16","MDM"
1925,-0.594182126593492,-0.135546357156607,"16","MDM"
1926,-0.49814534455374,-0.473518244473112,"16","MDM"
1927,-0.0408897152830368,-0.294670046208086,"16","MDM"
1928,-0.190010795465666,0.374818139566135,"16","MDM"
1929,0.169783560874664,0.656609740156505,"16","MDM"
1930,0.121159412092338,0.320366202992687,"16","MDM"
1931,0.362662714152095,0.435074144302518,"16","MDM"
1932,-0.328260207042946,-0.320263874345875,"16","MDM"
1933,0.389160092574029,0.293615772884322,"16","MDM"
1934,0.0544636856117427,0.313054914997137,"16","MDM"
1935,-0.954403396085375,-0.767854881687356,"16","MDM"
1936,-0.620507699185383,-0.831576745405126,"16","MDM"
1937,0.307367046005708,0.279279627721966,"16","MDM"
1938,0.563164591911138,1.01180648976259,"16","MDM"
1939,0.501132787507931,0.400393270092448,"16","MDM"
1940,0.648346977752655,0.514064225266564,"16","MDM"
1941,1.19089758334272,0.930640699691599,"16","MDM"
1942,0.578097004716913,0.0979508377181867,"16","MDM"
1943,-0.0338546602724661,0.030342799120207,"16","MDM"
1944,0.221831446629832,0.0356892038443053,"16","MDM"
1945,-0.341580819278072,-0.257104081612711,"16","MDM"
1946,-0.441471867395098,0.161695600357451,"16","MDM"
1947,-0.208916995579437,-0.126734427403828,"16","MDM"
1948,0.0418434856239677,0.166810520821283,"16","MDM"
1949,-0.16409413781353,-0.792963731100861,"16","MDM"
1950,-0.0569296870792051,-1.18970599049305,"16","MDM"
1951,-0.366778833173499,-0.43511858648108,"16","MDM"
1952,-0.71651014322803,-0.230438280995669,"16","MDM"
1953,-0.620581632327674,-0.288063495284243,"16","MDM"
1954,0.115447994495514,0.155322534637366,"16","MDM"
1955,0.110462437811509,-0.0874133860223541,"16","MDM"
1956,0.205154692855444,0.572159222291808,"16","MDM"
1957,0.583784991563094,0.167511770395969,"16","MDM"
1958,0.835026491805256,0.916271327841022,"16","MDM"
1959,0.332459203950268,0.24534670510094,"16","MDM"
1960,0.189821641198969,0.255450470882121,"16","MDM"
1961,-0.0600934964160069,0.308038579225845,"16","MDM"
1962,-0.54137147405388,-0.418743433825089,"16","MDM"
1963,-0.205939236320608,-0.324107164767606,"16","MDM"
1964,-0.708545265439975,-0.808382887031545,"16","MDM"
1965,-0.815664632136472,-0.776774760749667,"16","MDM"
1966,-0.0336305893150383,-0.0122784640875639,"16","MDM"
1967,-0.466964934267914,-0.549870263040471,"16","MDM"
1968,-0.612350313193375,-0.90793994592348,"16","MDM"
1969,-0.889009002778203,-1.04828029318885,"16","MDM"
1970,-0.408896043548539,-0.884751051548523,"16","MDM"
1971,-0.352671205862282,-0.0755359377527438,"16","MDM"
1972,-0.317720384163332,-0.391638240324345,"16","MDM"
1973,-0.417645013507404,-0.56421198156873,"16","MDM"
1974,0.0684845232766998,-0.200741115554882,"16","MDM"
1975,1.02783930736747,0.792630158060223,"16","MDM"
1976,-0.319775365774365,-0.736629692728267,"16","MDM"
1977,-0.113208688286523,-0.0317604295850339,"16","MDM"
1978,0.442934376560711,0.199161127817985,"16","MDM"
1979,-0.0154427783917005,0.236214317538501,"16","MDM"
1980,-0.373255085244373,-0.327291372863743,"16","MDM"
1981,-0.399467461420012,-0.228049770370408,"16","MDM"
1982,-0.101704370646638,-0.295151814996735,"16","MDM"
1983,-0.159269193256275,-0.488515167710104,"16","MDM"
1984,-0.386023384496721,-0.483597585971036,"16","MDM"
1985,-0.161403224254259,0.317006153615842,"16","MDM"
1986,0.00547205365031104,0.458265438011221,"16","MDM"
1987,-0.826083221359757,-0.782603266238786,"16","MDM"
1988,-0.64712035839529,-0.757657006732989,"16","MDM"
1989,-0.293972902916925,-0.967192159854638,"16","MDM"
1990,-0.103021742080958,0.0729350502712245,"16","MDM"
1991,-0.00975154888114904,0.086342754105021,"16","MDM"
1992,0.262546456280259,0.538954224066355,"16","MDM"
1993,-0.692421008950267,-1.00182307747615,"16","MDM"
1994,-0.115326754928667,-0.404424959168845,"16","MDM"
1995,-0.030811110933645,-0.591207321761314,"16","MDM"
1996,0.149160643223227,0.0398186185627158,"16","MDM"
1997,-0.232763475167813,-0.538417524629712,"16","MDM"
1998,0.292281118753199,0.424332540879477,"16","MDM"
1999,-0.114986298667689,-0.338582381919274,"16","MDM"
2000,-0.4967118742862,-0.261888584347353,"16","MDM"
2001,-0.113685753706614,-0.192277805916699,"16","MDM"
2002,0.469940960168552,0.610603703811263,"16","MDM"
2003,0.353923280283594,0.397490720467972,"16","MDM"
2004,0.79933952575581,0.54745479167776,"16","MDM"
2005,0.363901701250925,0.83054097683802,"16","MDM"
2006,0.668934349646163,0.82189625726345,"16","MDM"
2007,0.575299707090102,0.585781617623652,"16","MDM"
2008,0.920545039601541,0.75086822863927,"16","MDM"
2009,0.382608982013521,0.201208475458415,"16","MDM"
2010,0.296974847316592,0.561539621648139,"16","MDM"
2011,0.365613187588099,0.565351213642955,"16","MDM"
2012,0.736611453717886,1.02573289288401,"16","MDM"
2013,0.0694917806116674,0.299330370071974,"16","MDM"
2014,0.14272556120642,0.463508094636795,"16","MDM"
1851,0.0502632077800472,0.167785977643816,"17","MDM"
1852,-0.0924107650135485,-0.435069269355083,"17","MDM"
1853,0.246571450174498,-0.0562584329584738,"17","MDM"
1854,0.331742830112322,-0.0802325759843948,"17","MDM"
1855,0.160438989991337,0.621067760169383,"17","MDM"
1856,-0.0273396342417718,0.312167787836334,"17","MDM"
1857,0.188340693702443,0.0211425617291631,"17","MDM"
1858,-0.354613862151169,-0.609954076120177,"17","MDM"
1859,0.016271191633347,0.392786277898774,"17","MDM"
1860,-0.016254097801718,0.516413841720327,"17","MDM"
1861,0.0992208918349864,-0.294855192681391,"17","MDM"
1862,0.0610286523846124,-0.773285339177653,"17","MDM"
1863,0.0631511140121494,0.109129224063243,"17","MDM"
1864,-0.749646187716037,-0.742724777678484,"17","MDM"
1865,-0.253523983119624,-0.514748548515393,"17","MDM"
1866,-0.328451352389541,-0.74044301116657,"17","MDM"
1867,-0.931137825649104,-1.23526385726634,"17","MDM"
1868,-0.660504573585448,-0.601503244142818,"17","MDM"
1869,-0.116924322701537,-0.439619464946066,"17","MDM"
1870,-0.152054215336958,-0.183657587306298,"17","MDM"
1871,-0.191367028342707,-0.186544865103951,"17","MDM"
1872,-0.12556001118231,0.321638221672872,"17","MDM"
1873,0.181761502378814,0.584869243583695,"17","MDM"
1874,0.546368807348098,0.807051957371416,"17","MDM"
1875,0.145816869260065,-0.128861014363491,"17","MDM"
1876,0.375697475940088,0.286611774550493,"17","MDM"
1877,0.119412958845935,0.0615236894507682,"17","MDM"
1878,0.63601662878655,0.737067925159072,"17","MDM"
1879,0.130903633180672,0.431778139000465,"17","MDM"
1880,-0.358359054616367,-0.581013640773566,"17","MDM"
1881,-0.159883761130705,-0.647242590107059,"17","MDM"
1882,-0.128751030265261,-0.517675028096646,"17","MDM"
1883,-0.0479379769998514,-0.349326651806471,"17","MDM"
1884,0.0204727240470942,-0.0155171450746515,"17","MDM"
1885,-0.0992001287810705,0.0065204260872848,"17","MDM"
1886,0.504797654703595,0.711271783592419,"17","MDM"
1887,0.0713051449090726,-0.135583946451643,"17","MDM"
1888,0.370106273322155,0.488614440226515,"17","MDM"
1889,-0.346942442335368,0.433414535784235,"17","MDM"
1890,-0.338505072027845,0.103428002989871,"17","MDM"
1891,-0.16657801962604,-0.116053607917897,"17","MDM"
1892,0.115650663168283,0.212536354351141,"17","MDM"
1893,0.169515380335303,0.839544089872365,"17","MDM"
1894,0.030424085622982,0.170107922646459,"17","MDM"
1895,0.417802960230171,0.37059758661625,"17","MDM"
1896,0.72707861450401,0.973409184247347,"17","MDM"
1897,-0.0636296121521925,0.0234709569940035,"17","MDM"
1898,-0.0759580169416628,-0.349487272352986,"17","MDM"
1899,-0.426981290508005,0.274545400367776,"17","MDM"
1900,0.459619123973356,-0.0201626611975888,"17","MDM"
1901,-0.144902533740054,-0.369457862870389,"17","MDM"
1902,0.203145366765158,0.0618340309043781,"17","MDM"
1903,0.155753837640175,0.20291545621805,"17","MDM"
1904,0.233982043989534,0.178832711459319,"17","MDM"
1905,0.541810614749539,-0.338274016757511,"17","MDM"
1906,-0.0535411557419334,0.100221077794929,"17","MDM"
1907,0.065976299176147,0.459762188622939,"17","MDM"
1908,0.307993443564398,0.0580263576603379,"17","MDM"
1909,-0.166353692717681,0.056724597205448,"17","MDM"
1910,0.224649987713487,0.693836196672571,"17","MDM"
1911,0.129755357749284,0.399206881380726,"17","MDM"
1912,-0.897466411354341,-0.605281810794841,"17","MDM"
1913,-0.687211324518812,-1.17159850341905,"17","MDM"
1914,-0.918016426727723,-0.648193103184848,"17","MDM"
1915,-0.538535692786752,-0.417037419232049,"17","MDM"
1916,-0.012955523574302,-0.292776146472622,"17","MDM"
1917,0.307355122802058,-0.0821059173029277,"17","MDM"
1918,0.121111834835299,-0.130697514366544,"17","MDM"
1919,-0.267830030664964,-0.589107845278556,"17","MDM"
1920,-0.483849462485192,-0.942865849112598,"17","MDM"
1921,-0.282351301829215,-0.588320108015737,"17","MDM"
1922,-0.73878998575486,-1.02763750006935,"17","MDM"
1923,0.251805484768722,-0.427235306550506,"17","MDM"
1924,-0.514993414876313,-0.784468957726045,"17","MDM"
1925,-0.0808206039561773,-0.127299429595753,"17","MDM"
1926,0.282453011772078,-0.121157216865327,"17","MDM"
1927,-0.192177460919486,0.250387141705003,"17","MDM"
1928,-0.56428910426642,-0.542988253468707,"17","MDM"
1929,0.138919207107115,0.189731796821973,"17","MDM"
1930,-0.498861002552309,-0.260475704895091,"17","MDM"
1931,-0.340227014691016,-0.0165289258765783,"17","MDM"
1932,-0.0813748502599062,-0.388373437802287,"17","MDM"
1933,-0.253970296272257,-0.849480937844613,"17","MDM"
1934,0.657328437702357,0.336477344371439,"17","MDM"
1935,-0.225307527125013,-0.150911919341988,"17","MDM"
1936,-0.261192200999725,-0.233278172465016,"17","MDM"
1937,0.384570315599853,0.0245124198485747,"17","MDM"
1938,0.413804668605287,0.342381354996903,"17","MDM"
1939,0.41044724482007,0.179141479581297,"17","MDM"
1940,0.0413481818379022,-0.265918823149923,"17","MDM"
1941,-0.121574593482058,-0.372603286933169,"17","MDM"
1942,0.0935716191972886,-0.13735224083579,"17","MDM"
1943,0.471491013167764,0.469440840240105,"17","MDM"
1944,0.0452031053645651,-0.125165069210078,"17","MDM"
1945,0.248615355679132,-0.347571062534835,"17","MDM"
1946,-0.0285969474650598,-0.776590605501955,"17","MDM"
1947,0.719654425163428,0.25867187108412,"17","MDM"
1948,-0.0622254639491493,0.213190014702123,"17","MDM"
1949,-0.0973617036609048,-0.380875563588285,"17","MDM"
1950,0.081159132646455,-0.138817534470868,"17","MDM"
1951,0.0890684435141944,0.163176287007636,"17","MDM"
1952,-0.490332165893352,-0.239010258455022,"17","MDM"
1953,0.217266061434452,0.408628657730967,"17","MDM"
1954,0.266107465277893,1.36076939895898,"17","MDM"
1955,0.203771426857789,0.715109425712495,"17","MDM"
1956,0.223226446420176,0.217220672623261,"17","MDM"
1957,0.134094548482149,0.342150588925626,"17","MDM"
1958,0.140126243927584,-0.334728396146177,"17","MDM"
1959,0.364487660996074,0.212585944731628,"17","MDM"
1960,0.221996281868315,0.198809976860166,"17","MDM"
1961,0.676623950872247,1.19743603082549,"17","MDM"
1962,0.148532174971907,0.368943339139768,"17","MDM"
1963,-0.128760052239104,-0.601176356618402,"17","MDM"
1964,0.590371221369681,0.0928733731822877,"17","MDM"
1965,0.248793955820312,0.330251403739408,"17","MDM"
1966,-0.74740567189068,-0.705829362175513,"17","MDM"
1967,-0.891054375038123,-1.2534875644495,"17","MDM"
1968,-0.939936439887893,-1.25654821251796,"17","MDM"
1969,-0.362251393815069,-0.323360104255622,"17","MDM"
1970,-0.181968297342436,-0.399992014281391,"17","MDM"
1971,-0.847453752428217,-1.01388897545532,"17","MDM"
1972,0.0141871561453914,-0.288114473538032,"17","MDM"
1973,0.352719666275666,-0.370091299634615,"17","MDM"
1974,-0.707207618311637,-0.652386219270675,"17","MDM"
1975,-0.842962491575774,-0.749149765443608,"17","MDM"
1976,-0.61859851588385,-1.01143534897188,"17","MDM"
1977,-0.0988823088622234,-0.821327155805463,"17","MDM"
1978,-0.530048938767215,-0.994089613234384,"17","MDM"
1979,-0.574936525703143,-0.358333085757852,"17","MDM"
1980,-0.696639003879075,-0.960767402527231,"17","MDM"
1981,-0.40989468923295,-0.37698503744663,"17","MDM"
1982,-0.274626426067105,0.105727185152786,"17","MDM"
1983,0.0619528476545619,0.0978991751214986,"17","MDM"
1984,-0.0665497352625324,-0.180544388978105,"17","MDM"
1985,0.151037696368784,0.642723539215126,"17","MDM"
1986,0.509470236679115,0.00847199304515924,"17","MDM"
1987,-0.152446213528748,-0.120175814671268,"17","MDM"
1988,0.267222761864413,0.114203275770684,"17","MDM"
1989,0.617439148884665,0.738976656789222,"17","MDM"
1990,-0.0786533563350767,0.203143301369564,"17","MDM"
1991,-0.272626741116788,0.254589314801769,"17","MDM"
1992,0.0976650553105967,0.217068274406648,"17","MDM"
1993,-0.541835761325887,-0.766818997585861,"17","MDM"
1994,0.19540764913848,0.601317099497742,"17","MDM"
1995,0.549003559451934,0.694958901284429,"17","MDM"
1996,0.156113178497442,0.0351747554434311,"17","MDM"
1997,0.666166410115495,0.824773252923525,"17","MDM"
1998,-0.0297329167206975,0.0231996867823857,"17","MDM"
1999,-0.382716157757609,-0.282937532994525,"17","MDM"
2000,-0.631681804312348,-0.128808815724079,"17","MDM"
2001,0.355652549924436,0.432284439875565,"17","MDM"
2002,0.0996269134984604,0.242578684309934,"17","MDM"
2003,0.055993394464483,0.263595163336343,"17","MDM"
2004,0.527368675212499,0.310962175921788,"17","MDM"
2005,0.568613585516674,0.381323992274252,"17","MDM"
2006,0.30494544106275,0.0541427702745146,"17","MDM"
2007,0.858189335680276,1.06427551227293,"17","MDM"
2008,-0.0227457430148009,0.0455960514091616,"17","MDM"
2009,-1.11305996552763,-0.144075724380956,"17","MDM"
2010,-0.119015607621789,0.0432694568092233,"17","MDM"
2011,0.147206643290463,0.219674921943474,"17","MDM"
2012,0.580457775246407,0.405635047302258,"17","MDM"
2013,0.803120466780066,0.847934164980489,"17","MDM"
2014,0.752641459459844,0.537616405513773,"17","MDM"
1851,-1.52693367795176,-1.11166363864088,"18","MDM"
1852,-0.821167686775839,-0.747331280711476,"18","MDM"
1853,0.547817461836058,0.961888106412465,"18","MDM"
1854,0.364060468642114,0.0437168142633795,"18","MDM"
1855,-0.173839221741145,-0.572244350261941,"18","MDM"
1856,0.466351013596621,0.033215604352905,"18","MDM"
1857,-0.042370814427174,-0.496072874189338,"18","MDM"
1858,-0.865436922259216,-1.03447132290534,"18","MDM"
1859,0.010903351784039,-0.337938986021418,"18","MDM"
1860,-0.0837271513412558,0.110870155133497,"18","MDM"
1861,0.347621492600183,-0.0596433146282448,"18","MDM"
1862,0.296785408954965,-0.11414143961095,"18","MDM"
1863,0.505288474936601,0.690345701926669,"18","MDM"
1864,0.373319204120419,0.586000993300587,"18","MDM"
1865,0.361017004026611,0.440801313165305,"18","MDM"
1866,-0.183556927324456,-0.703896482925508,"18","MDM"
1867,-0.238872493522418,-0.846029023275569,"18","MDM"
1868,-0.284367032934374,-0.405307892902666,"18","MDM"
1869,-0.410940067322082,-0.805082260916076,"18","MDM"
1870,-0.624533514064008,0.023329938018461,"18","MDM"
1871,0.380048031129552,0.134410730112732,"18","MDM"
1872,0.654391238585025,0.366264524242046,"18","MDM"
1873,-0.201451413569442,-0.221455368346852,"18","MDM"
1874,0.274099615849657,-0.0569723247664897,"18","MDM"
1875,-0.235983120398936,-0.651231198664735,"18","MDM"
1876,0.118588982359821,-0.30910751477594,"18","MDM"
1877,0.568985425594609,-0.116637060029012,"18","MDM"
1878,0.246387888507392,0.382324194393161,"18","MDM"
1879,0.706505740951583,0.690143621246506,"18","MDM"
1880,0.887203693961789,0.633272017098738,"18","MDM"
1881,0.292306462173479,0.422901573791334,"18","MDM"
1882,0.489444860399434,0.705790502408317,"18","MDM"
1883,0.672019991202852,0.70375054968263,"18","MDM"
1884,0.709391934917287,0.935400310338042,"18","MDM"
1885,0.250658404375054,0.0935753337563191,"18","MDM"
1886,-0.333421232798306,-0.0708965243193001,"18","MDM"
1887,-0.269605299767288,-0.409112184908827,"18","MDM"
1888,-0.313665541628736,-0.620372701094124,"18","MDM"
1889,0.0513921750955274,-0.285825415708424,"18","MDM"
1890,0.573607631063746,0.554586218123936,"18","MDM"
1891,0.0348135863239947,0.224298523977296,"18","MDM"
1892,0.209932894712513,0.7217287260267,"18","MDM"
1893,-0.0798901729857652,0.241415034256678,"18","MDM"
1894,0.526362268947502,0.361156207308776,"18","MDM"
1895,0.0527871685288958,0.667578175560361,"18","MDM"
1896,0.0820207178302821,0.457888790217916,"18","MDM"
1897,0.0155056114676176,0.436544108392623,"18","MDM"
1898,-0.216763880214432,-0.0583472763826021,"18","MDM"
1899,-0.723287092962779,-0.588947373028999,"18","MDM"
1900,-0.704678762656043,-0.225756523280334,"18","MDM"
1901,-0.258203544500537,-0.175677556253521,"18","MDM"
1902,-0.3268916895466,-0.793454109610465,"18","MDM"
1903,-0.600522753842967,-0.368125616124242,"18","MDM"
1904,-0.0695645162760203,-0.251123168781139,"18","MDM"
1905,-0.565469945079182,-0.378972954015648,"18","MDM"
1906,0.139216939623173,-0.110264373244533,"18","MDM"
1907,0.465987899055979,0.648081650507104,"18","MDM"
1908,0.0294233899550023,0.434869745011367,"18","MDM"
1909,-0.00468573641913656,-0.0778382159251762,"18","MDM"
1910,0.296375101315202,-0.061307103709275,"18","MDM"
1911,0.244542374984974,-0.299330045013322,"18","MDM"
1912,-0.185811300209713,-0.598433343827741,"18","MDM"
1913,-0.814529244681625,-1.01061365078269,"18","MDM"
1914,-0.708794571198208,-1.01821256816766,"18","MDM"
1915,-0.727846560106207,-0.566072206567866,"18","MDM"
1916,-0.330098811815319,-0.558842882857776,"18","MDM"
1917,-0.370062470892097,-0.606539237385405,"18","MDM"
1918,-0.570018383492688,-0.742157409640987,"18","MDM"
1919,-0.818831493902579,-0.561670799250842,"18","MDM"
1920,-0.887293082475887,-0.559705507040696,"18","MDM"
1921,-0.13533692624167,-0.321077234553646,"18","MDM"
1922,-0.31040827246234,0.164740424719955,"18","MDM"
1923,0.0507685719744189,-0.110156354115377,"18","MDM"
1924,-0.21046279443586,-0.620810965158902,"18","MDM"
1925,0.132341357250789,-0.310765371393734,"18","MDM"
1926,0.478184363129649,0.905641206264698,"18","MDM"
1927,0.511159833304954,0.790382043337923,"18","MDM"
1928,-0.202397971958114,0.456176497487959,"18","MDM"
1929,0.682173401255893,1.01601883967999,"18","MDM"
1930,0.441971942778045,0.159940004522315,"18","MDM"
1931,-0.0405845827448644,-0.429899524525206,"18","MDM"
1932,-0.047565562847279,0.0339453252829211,"18","MDM"
1933,0.00745080575776347,0.359418880431007,"18","MDM"
1934,0.353255706508832,-0.334576340004511,"18","MDM"
1935,0.233290472777887,-0.0518380477024082,"18","MDM"
1936,-0.0346690164581436,-0.317266985832143,"18","MDM"
1937,0.204172211945973,0.182013266704851,"18","MDM"
1938,-0.853072776686771,-0.745630712016768,"18","MDM"
1939,0.0740736119612428,-0.0311329032007666,"18","MDM"
1940,0.538050501965143,-0.155485354626008,"18","MDM"
1941,0.547326905662885,0.0872753267654296,"18","MDM"
1942,0.699622128452899,0.648907584796855,"18","MDM"
1943,0.180172804487774,0.000679447053579027,"18","MDM"
1944,0.392698931296083,0.481076026593603,"18","MDM"
1945,-0.170147506053028,-0.786973078319594,"18","MDM"
1946,-0.642437136312084,-0.686669584518777,"18","MDM"
1947,-0.125026626616475,-0.237598474084336,"18","MDM"
1948,-0.25224383529495,-0.285768339452207,"18","MDM"
1949,-0.872067726268505,-0.613599354294064,"18","MDM"
1950,-0.264635361993829,-0.541990342978706,"18","MDM"
1951,-0.720186134998975,-1.07667259434887,"18","MDM"
1952,-0.902237283502106,-1.45914393632812,"18","MDM"
1953,-0.167221325792536,-0.612095989869066,"18","MDM"
1954,-0.187483876969023,-0.589947320734977,"18","MDM"
1955,-0.911638190178821,-0.931496046299905,"18","MDM"
1956,-0.00431668201382278,-0.163161401899816,"18","MDM"
1957,-0.697662858139434,-1.36472833201329,"18","MDM"
1958,-0.65304586401494,-0.87197208885392,"18","MDM"
1959,-1.09015222963041,-0.945333545807309,"18","MDM"
1960,-1.12824887933976,-1.18781275653305,"18","MDM"
1961,-0.725083882612209,-1.08694037570309,"18","MDM"
1962,-0.489726944620423,-1.12624984184734,"18","MDM"
1963,-0.42364737868033,-0.0298488519890082,"18","MDM"
1964,-0.711975846820376,-0.724243075300235,"18","MDM"
1965,0.409114725331671,0.579165080299139,"18","MDM"
1966,0.437677208584783,0.0790120440110287,"18","MDM"
1967,0.588170823351553,-0.238923754976303,"18","MDM"
1968,0.0736369515161225,-0.738133253794076,"18","MDM"
1969,-0.128403931659658,-0.300733881266031,"18","MDM"
1970,-0.553130863956342,-0.209814038108279,"18","MDM"
1971,0.00274867972112506,0.183866099466859,"18","MDM"
1972,-0.387743768232351,-0.548142206954208,"18","MDM"
1973,-0.475452475736039,-0.562846903208953,"18","MDM"
1974,-0.0548598588808027,0.658573291754339,"18","MDM"
1975,-0.592320431728834,-0.757989161635,"18","MDM"
1976,-0.41699608124722,0.0453222340185132,"18","MDM"
1977,-0.374332366498874,-0.57566564852463,"18","MDM"
1978,-0.160604119965243,-0.8048557270306,"18","MDM"
1979,-0.581690559555404,-0.475552350228157,"18","MDM"
1980,-0.0789715977772081,0.131872044504727,"18","MDM"
1981,-0.685854963105169,-0.51077967795209,"18","MDM"
1982,-0.10399940299769,-0.0247106367259611,"18","MDM"
1983,-0.688285541061051,-0.451304435381447,"18","MDM"
1984,-0.193108820489254,-0.668390425992028,"18","MDM"
1985,-0.414937440954014,-0.202251953881181,"18","MDM"
1986,0.0871464424880072,-0.0350484419074525,"18","MDM"
1987,0.649117338817633,0.820009793270623,"18","MDM"
1988,0.00801683531453119,-0.508950194988562,"18","MDM"
1989,0.0955791516551069,0.200132701260151,"18","MDM"
1990,-0.133207278685957,-0.0203252399104176,"18","MDM"
1991,-0.122804929217188,-0.467234874781955,"18","MDM"
1992,0.351611696195712,0.0485675265600843,"18","MDM"
1993,0.635652877598644,0.407852349060051,"18","MDM"
1994,0.36230278330136,0.16071949811391,"18","MDM"
1995,0.427760866481526,0.209062051968965,"18","MDM"
1996,0.296434505138091,-0.339832923697938,"18","MDM"
1997,0.555123754411832,0.604492179498034,"18","MDM"
1998,-0.48014300044363,-0.683903073398089,"18","MDM"
1999,0.0874876732215526,0.151918348359509,"18","MDM"
2000,0.126076087669743,0.121004284608621,"18","MDM"
2001,-0.418174967101793,0.406284753977807,"18","MDM"
2002,-0.191201494949117,0.640171825307011,"18","MDM"
2003,0.0335018918108364,0.0670118567339032,"18","MDM"
2004,0.159427515908564,0.542645857609106,"18","MDM"
2005,0.662568640467211,0.477266933547673,"18","MDM"
2006,0.468796701558934,0.339348294220673,"18","MDM"
2007,0.601498002733098,0.644835245335957,"18","MDM"
2008,0.0409852048066965,0.552325161939733,"18","MDM"
2009,0.190620638381983,0.541628010868365,"18","MDM"
2010,0.427413571315611,1.18176569409149,"18","MDM"
2011,0.911477612868152,1.28796772241582,"18","MDM"
2012,0.245227279947839,0.267702263739846,"18","MDM"
2013,0.950812232372345,0.874213526930497,"18","MDM"
2014,0.497121403148291,0.582075437583612,"18","MDM"
1851,-0.611271524838378,-0.537960044813492,"19","MDM"
1852,-0.0600115144363716,-0.265500375346766,"19","MDM"
1853,0.0956210070901804,-0.324878014867045,"19","MDM"
1854,0.542571269566137,0.118130619212483,"19","MDM"
1855,0.189232294057385,0.113092212211768,"19","MDM"
1856,-0.582436908651526,-0.300843934250786,"19","MDM"
1857,0.0721796232032032,0.0807934789766225,"19","MDM"
1858,0.259859254145974,0.0411159685908019,"19","MDM"
1859,0.0619715370291576,0.295306297212801,"19","MDM"
1860,0.311106876050888,-0.303121763290713,"19","MDM"
1861,-0.630644470036362,-0.657535312595559,"19","MDM"
1862,-0.4004757500382,-0.501934910206963,"19","MDM"
1863,-0.851586891857928,-1.15643944948682,"19","MDM"
1864,-0.390865413387616,-0.987242392306099,"19","MDM"
1865,0.289789628916797,-0.402042574348002,"19","MDM"
1866,0.577909900296498,0.233754718088003,"19","MDM"
1867,-0.302235657495136,-0.414748056686972,"19","MDM"
1868,0.294715236538458,0.486527499170494,"19","MDM"
1869,-0.402144528807365,-0.180334374511864,"19","MDM"
1870,-0.307334348377176,0.115677090326922,"19","MDM"
1871,-0.0118370467865191,-0.282835847307479,"19","MDM"
1872,0.314706492491069,-0.201923506603744,"19","MDM"
1873,0.481344435708471,0.179763087769509,"19","MDM"
1874,0.879384085939611,0.708910084374231,"19","MDM"
1875,0.322854055575386,-0.243292477130379,"19","MDM"
1876,-0.439652791343005,-0.207077268026485,"19","MDM"
1877,-0.72386618469362,-0.464593988348409,"19","MDM"
1878,-1.18096503194574,-0.738862022839926,"19","MDM"
1879,-0.382574751291498,0.311809994539399,"19","MDM"
1880,0.309557131087546,0.796657341835394,"19","MDM"
1881,-0.634775064583479,-0.705100858459216,"19","MDM"
1882,-0.105129571814706,0.099204481665761,"19","MDM"
1883,-0.150202792966573,0.0812490040509732,"19","MDM"
1884,-0.481081023848425,-0.562140055122122,"19","MDM"
1885,-0.657719878735146,-0.833067101406656,"19","MDM"
1886,-0.419293969609021,-0.224577419979994,"19","MDM"
1887,-0.1087468791217,-0.304446242084791,"19","MDM"
1888,-0.17829008002634,0.0461719373619306,"19","MDM"
1889,-0.0849389821742986,0.332423709078394,"19","MDM"
1890,-0.0801182411049896,0.0651925807294477,"19","MDM"
1891,0.151743219136044,0.533460262749119,"19","MDM"
1892,1.02992312558184,1.13748446999859,"19","MDM"
1893,0.0182413732343902,-0.0418869459034416,"19","MDM"
1894,-0.258252819645903,-0.660299371653454,"19","MDM"
1895,0.0485671651949468,-0.0625453090929299,"19","MDM"
1896,0.418195562430697,0.240564403635014,"19","MDM"
1897,0.0907117635013099,-0.0695577594214087,"19","MDM"
1898,0.460883383201347,0.0696175119774355,"19","MDM"
1899,-0.195840228348842,-0.0265213372921274,"19","MDM"
1900,0.456117722734533,0.56139252972262,"19","MDM"
1901,-0.031594588857942,-0.493340924690354,"19","MDM"
1902,0.262053483867429,-0.125573243227233,"19","MDM"
1903,-0.233080880715175,-0.0282435761752128,"19","MDM"
1904,-0.838791508332466,-1.01333721165021,"19","MDM"
1905,-1.19817308028275,-1.05532780376651,"19","MDM"
1906,-0.730565251689154,-0.572082644536538,"19","MDM"
1907,0.476291987789782,-0.0364370303270202,"19","MDM"
1908,0.294841510688737,-0.2686147698448,"19","MDM"
1909,0.00190664930947368,-0.157202088234057,"19","MDM"
1910,0.0759418278299594,-0.46424870607588,"19","MDM"
1911,-0.622514847446978,-0.567063393422123,"19","MDM"
1912,-0.0862933148405789,-0.164901202027534,"19","MDM"
1913,-0.435844777573088,-0.711881147061644,"19","MDM"
1914,0.133681495174493,0.608377188400429,"19","MDM"
1915,-0.433663256773685,-0.183140156766962,"19","MDM"
1916,-0.149908387924218,0.431649273616104,"19","MDM"
1917,0.601865527932865,0.474395472480656,"19","MDM"
1918,-0.354245974038872,-0.0596707390866491,"19","MDM"
1919,-0.331500944567664,-0.329696611644183,"19","MDM"
1920,-0.344347108139004,-0.732172799381394,"19","MDM"
1921,0.287573409305405,-0.24808650004423,"19","MDM"
1922,0.0838434588423317,0.209191229075806,"19","MDM"
1923,-0.1786219578679,0.0349229657498871,"19","MDM"
1924,-0.666193470568245,-0.705561544336027,"19","MDM"
1925,0.121743440946943,-0.487167864472331,"19","MDM"
1926,0.251699467051575,0.346730672590323,"19","MDM"
1927,0.627613195272901,1.27059548603925,"19","MDM"
1928,0.206399320551596,1.18177824909098,"19","MDM"
1929,-0.294083279158535,0.192599601811543,"19","MDM"
1930,-0.486570513825446,-0.178344397394997,"19","MDM"
1931,-0.180530545511799,0.545325325721303,"19","MDM"
1932,-0.397807938874584,-0.521570808205115,"19","MDM"
1933,-0.152681106319435,-0.0589951101870604,"19","MDM"
1934,0.358856582152254,0.660668024266217,"19","MDM"
1935,0.453335283776335,0.434664785809475,"19","MDM"
1936,0.460252714383071,-0.0795967240959105,"19","MDM"
1937,0.205496227605782,0.0235764705547807,"19","MDM"
1938,-0.0614942308089297,-0.487757558638112,"19","MDM"
1939,0.880303460761337,0.519901969212995,"19","MDM"
1940,0.422764743369661,0.304827830517717,"19","MDM"
1941,-0.327581928679605,-0.29809510533507,"19","MDM"
1942,-0.124408024709842,-0.0738738351841279,"19","MDM"
1943,-0.417753561665553,-0.545541982702606,"19","MDM"
1944,-0.323633678749557,-0.017742092037776,"19","MDM"
1945,-0.418477616239532,-0.587221442875769,"19","MDM"
1946,-0.480187809835324,-0.228726590778834,"19","MDM"
1947,-0.323779845372829,-0.524628114442886,"19","MDM"
1948,-0.440285205308427,-0.264779519328223,"19","MDM"
1949,-0.284136964565759,-0.0074310293094178,"19","MDM"
1950,-0.146001333035718,-0.0540342123968276,"19","MDM"
1951,0.34559187197776,0.368212609428619,"19","MDM"
1952,0.575205692102499,0.677795005697376,"19","MDM"
1953,0.632429276303188,0.334299080834007,"19","MDM"
1954,-0.254898090269728,-0.526220377939203,"19","MDM"
1955,-0.674024838234897,-0.692068331604097,"19","MDM"
1956,-0.505281786208019,-0.4759130535368,"19","MDM"
1957,0.0213241087391522,-0.0693606591454535,"19","MDM"
1958,-0.318542526303027,-0.397842087157025,"19","MDM"
1959,-0.471536003245615,-0.607360877701088,"19","MDM"
1960,-0.449075050114422,-0.456721955066174,"19","MDM"
1961,-0.0270390591917808,-0.441445160216362,"19","MDM"
1962,-0.257850654920727,-0.0409119410878266,"19","MDM"
1963,0.124262466510166,0.496497062646084,"19","MDM"
1964,-0.359628089739128,-0.290314961474669,"19","MDM"
1965,-0.545189590272748,-0.880461408109188,"19","MDM"
1966,-0.263822002600973,-0.329155885303909,"19","MDM"
1967,0.169555697643747,-0.546852747917885,"19","MDM"
1968,-0.213902799534849,-0.47601399695178,"19","MDM"
1969,0.106636225759432,-0.415043348518506,"19","MDM"
1970,-0.237168024255031,-0.676740820633441,"19","MDM"
1971,-0.201094456101205,-0.583211003134484,"19","MDM"
1972,-1.03336922051965,-0.804524173146269,"19","MDM"
1973,-0.736611927799021,-0.74146005196341,"19","MDM"
1974,-0.99165021015866,-0.910522125025645,"19","MDM"
1975,-0.173993390612813,-0.647879668791956,"19","MDM"
1976,-0.686794172061366,-1.21615538679039,"19","MDM"
1977,0.583456432003475,-0.335240348871127,"19","MDM"
1978,-0.413693084201178,-0.502351742398024,"19","MDM"
1979,-0.0216343847835148,0.375254055938782,"19","MDM"
1980,-0.0200816508910301,0.0470472376304944,"19","MDM"
1981,-0.0322294886713489,-0.0726435302747905,"19","MDM"
1982,-0.273921494618024,-0.42405099553544,"19","MDM"
1983,-0.417668878730705,-1.04465287957857,"19","MDM"
1984,-0.255372337254006,-0.611089832795837,"19","MDM"
1985,0.113170644001785,0.055448429046857,"19","MDM"
1986,-0.372850436416762,-0.684957679641299,"19","MDM"
1987,-0.72868671183804,-0.652207479169561,"19","MDM"
1988,-0.506772368864898,-0.28415066692716,"19","MDM"
1989,0.157742178343007,-0.296938666434423,"19","MDM"
1990,-0.0802067066868368,-0.109705659051801,"19","MDM"
1991,-0.522012862130779,-0.219760751367295,"19","MDM"
1992,0.0383095479918397,0.0385080060642263,"19","MDM"
1993,0.303268806290996,0.460981493483135,"19","MDM"
1994,0.302531055350149,0.650827731421089,"19","MDM"
1995,-0.0298539275036732,0.325438205508059,"19","MDM"
1996,0.006893442887246,0.553593739029211,"19","MDM"
1997,0.0573376345530235,0.34801582401698,"19","MDM"
1998,0.372227255488952,1.48538809001425,"19","MDM"
1999,0.955757358125231,0.96929151153791,"19","MDM"
2000,-0.137025286641354,-0.129948200557313,"19","MDM"
2001,-0.188812749983028,-0.0661774897362286,"19","MDM"
2002,-0.163600029876332,-0.528682907535306,"19","MDM"
2003,0.221270649736808,-0.209230996919066,"19","MDM"
2004,0.536893024189805,0.293492386140386,"19","MDM"
2005,0.239808885855646,-0.0508697510185528,"19","MDM"
2006,0.145046598255952,0.134798387781945,"19","MDM"
2007,0.218825149781682,0.511799009475112,"19","MDM"
2008,-0.156314559075533,-0.0157564215977523,"19","MDM"
2009,-0.514170907086146,-0.285443749649506,"19","MDM"
2010,0.628183267600678,0.769277580032854,"19","MDM"
2011,-0.195370899835547,0.0508636335813018,"19","MDM"
2012,0.212631963230682,0.709551375277991,"19","MDM"
2013,0.379140424052526,0.523412120775878,"19","MDM"
2014,0.483249641860205,0.538877281623332,"19","MDM"
1851,-0.975315947012555,-0.885792518545104,"20","MDM"
1852,-0.545189164520944,-0.560182490443454,"20","MDM"
1853,0.186782774069835,0.956235366981809,"20","MDM"
1854,0.694043333190148,0.248890205639186,"20","MDM"
1855,0.26707570795288,-0.137906613737101,"20","MDM"
1856,0.145535524114385,-0.214824947899777,"20","MDM"
1857,-0.79127405714022,-0.623986971596023,"20","MDM"
1858,-0.186188950346963,-0.426796843567374,"20","MDM"
1859,-0.622692631134171,-0.598267307137607,"20","MDM"
1860,-0.989463249989898,-0.317741223378828,"20","MDM"
1861,0.154806974939041,-0.0375782240807048,"20","MDM"
1862,-0.356727569344303,-0.174337003748977,"20","MDM"
1863,-0.159069096935844,-0.426387459172471,"20","MDM"
1864,-0.0242981809488483,-0.435478866642634,"20","MDM"
1865,-0.853784257770195,-0.884968501176278,"20","MDM"
1866,0.130093736000235,0.218802943326324,"20","MDM"
1867,-0.108684314858131,0.358103925031479,"20","MDM"
1868,-0.475686546205678,-0.553516075950536,"20","MDM"
1869,-0.699490093846678,-0.0372198744572996,"20","MDM"
1870,-0.416464927098891,0.0752746659182205,"20","MDM"
1871,0.0275630795501311,-0.0656485750065256,"20","MDM"
1872,0.581730556253119,0.31971909068909,"20","MDM"
1873,0.819596611964766,0.288497397323805,"20","MDM"
1874,0.354297366377151,0.443272835345698,"20","MDM"
1875,-0.499661924369782,-0.240659283009705,"20","MDM"
1876,0.468986760323283,0.105005003962389,"20","MDM"
1877,0.483518039419065,0.0489001989731354,"20","MDM"
1878,-0.212249075871104,-0.373241028535142,"20","MDM"
1879,0.625206724084843,0.000345792817929105,"20","MDM"
1880,0.154178529849695,-0.559512628938469,"20","MDM"
1881,-0.0835097510217847,0.0150447114515007,"20","MDM"
1882,0.0946721975554136,0.108917488428767,"20","MDM"
1883,0.204715093128305,0.0186665472249217,"20","MDM"
1884,0.246279420354194,-0.36313173189698,"20","MDM"
1885,0.0298791290068581,-0.218459939549548,"20","MDM"
1886,0.537850971644847,0.530836691017032,"20","MDM"
1887,-0.352841024722082,-0.189494917432611,"20","MDM"
1888,0.255336996312873,0.20900285280467,"20","MDM"
1889,-0.885836464423315,-0.477330431829079,"20","MDM"
1890,-0.827156472065251,-0.363104280932508,"20","MDM"
1891,-0.121368008246338,-0.160130226511578,"20","MDM"
1892,0.52007188300216,0.532279623298521,"20","MDM"
1893,-0.227434614056034,-0.448336099504194,"20","MDM"
1894,0.876261611982028,1.07349235783886,"20","MDM"
1895,0.39422381056881,0.56264575399073,"20","MDM"
1896,0.0747497285073033,-0.418488218275108,"20","MDM"
1897,0.187859748717304,1.31754936359102,"20","MDM"
1898,0.299470139189226,0.461693707586533,"20","MDM"
1899,-0.276834251330368,-0.380149881846817,"20","MDM"
1900,-0.233920659564783,0.648071958885653,"20","MDM"
1901,-0.0786790525432374,-0.199101279284346,"20","MDM"
1902,0.189172644235642,-0.446275001136365,"20","MDM"
1903,0.486715616255145,0.0574423692156523,"20","MDM"
1904,-0.0880243631853149,-0.616136614142846,"20","MDM"
1905,-0.626773742436685,-0.533738211141849,"20","MDM"
1906,0.0803122956487455,0.306977292293575,"20","MDM"
1907,-0.162887043674352,-0.580000368802049,"20","MDM"
1908,-0.744925170350882,-0.685556525080489,"20","MDM"
1909,-0.406977608118984,-0.095353971117482,"20","MDM"
1910,0.504737745458701,0.558825696876841,"20","MDM"
1911,0.109746317037718,-0.268079072926722,"20","MDM"
1912,0.227064599183662,-0.542181525026839,"20","MDM"
1913,0.164614189314061,-0.796976718633131,"20","MDM"
1914,-0.600377400237036,-0.919650748951985,"20","MDM"
1915,-0.790282006642418,-0.774739966608028,"20","MDM"
1916,-1.24311597927984,-1.2254771861041,"20","MDM"
1917,-0.869989725919782,-0.860350109925689,"20","MDM"
1918,-0.488047074860309,-0.724305816088795,"20","MDM"
1919,-0.192521910434819,0.288601283629282,"20","MDM"
1920,-0.443129514570652,-0.231335717031508,"20","MDM"
1921,-0.151097008278197,-0.325992815862157,"20","MDM"
1922,-0.112777101530071,-0.209420568707781,"20","MDM"
1923,0.0981977220309812,0.653571909967794,"20","MDM"
1924,0.20640125651063,0.670340787069475,"20","MDM"
1925,0.0279363792818254,0.598546654289643,"20","MDM"
1926,0.298121055090717,0.292308114275291,"20","MDM"
1927,-0.0241599047564177,-0.279165859163367,"20","MDM"
1928,0.178197815496269,-0.44865768487876,"20","MDM"
1929,-0.667922596355854,-0.33828562172518,"20","MDM"
1930,-0.324037234189027,-0.098949848181154,"20","MDM"
1931,-0.385286363340432,0.110101072399182,"20","MDM"
1932,-0.327219671704199,-0.371634626230117,"20","MDM"
1933,-0.36074819558296,-0.359346948138071,"20","MDM"
1934,-0.228953724853115,0.0107935508607212,"20","MDM"
1935,-0.436076437100545,-0.572703850965262,"20","MDM"
1936,-0.601384934676429,-0.727114324204057,"20","MDM"
1937,-0.314608010477896,-0.293712625258449,"20","MDM"
1938,-0.465916621255701,-0.369938750755972,"20","MDM"
1939,-0.388567629384418,-0.606201604788668,"20","MDM"
1940,-0.315349084651869,-0.705113638420332,"20","MDM"
1941,-0.613936807731917,-0.430624210925783,"20","MDM"
1942,-0.086159748970949,0.292123598411236,"20","MDM"
1943,-0.146651703967886,-0.224960114720507,"20","MDM"
1944,-0.143669629325492,-0.603988769859466,"20","MDM"
1945,-0.0183244587514325,0.00384049007487768,"20","MDM"
1946,0.117959272860902,0.195337665424454,"20","MDM"
1947,0.11500048219247,0.242970650017767,"20","MDM"
1948,-0.270367816093946,0.0677545385066287,"20","MDM"
1949,-0.134436311517563,0.0851606934156287,"20","MDM"
1950,0.137404574885596,-0.248481002110995,"20","MDM"
1951,-0.142427349665836,-0.373499807142169,"20","MDM"
1952,0.340227397117627,0.406356889080681,"20","MDM"
1953,0.0448191536282221,-0.275310708262876,"20","MDM"
1954,0.114211221369375,0.639046719330267,"20","MDM"
1955,0.178975103223895,0.189787021135798,"20","MDM"
1956,0.0803343706009726,-0.142617754399815,"20","MDM"
1957,0.536719570772008,0.218509128408318,"20","MDM"
1958,0.129588982064074,0.0947358239366167,"20","MDM"
1959,-0.243603347992838,-0.359254448572126,"20","MDM"
1960,-0.287912382927366,-0.504348478921471,"20","MDM"
1961,-0.10876328664902,-0.182888147175345,"20","MDM"
1962,-0.400020375075536,-0.632342680686506,"20","MDM"
1963,0.238427061751286,0.0369238679800305,"20","MDM"
1964,0.34094906424092,0.184308503335826,"20","MDM"
1965,-0.625527923830089,-0.285926592453864,"20","MDM"
1966,-0.434525225549488,-0.458370927267469,"20","MDM"
1967,-0.167863580367005,-0.0213194711620567,"20","MDM"
1968,-0.547108584770245,-0.574969674987568,"20","MDM"
1969,-0.28065154773449,-0.455539637598076,"20","MDM"
1970,-0.160456235902619,-0.427983115856399,"20","MDM"
1971,-0.111301824515686,-0.292338901100289,"20","MDM"
1972,-0.176296745445627,-0.25942122682657,"20","MDM"
1973,-0.242050178805177,-0.606502127019241,"20","MDM"
1974,-1.12003166436351,-1.07031931974556,"20","MDM"
1975,-0.382649584906312,-0.321645629417014,"20","MDM"
1976,-0.319436046283586,0.203024563320325,"20","MDM"
1977,0.0793343950297312,0.241104135312785,"20","MDM"
1978,-0.557466114268247,-1.11250891484069,"20","MDM"
1979,0.338979398519145,0.364378262532424,"20","MDM"
1980,-0.342375282891589,-0.134259112101862,"20","MDM"
1981,-0.63488737040189,-1.03475055431469,"20","MDM"
1982,0.0978992888459093,-0.513164250116109,"20","MDM"
1983,-0.296587447885275,-0.347472136768452,"20","MDM"
1984,-0.405142706911103,-0.407862718815508,"20","MDM"
1985,-0.710393348324121,-0.372826937108543,"20","MDM"
1986,-0.842400843566785,-0.614404429854297,"20","MDM"
1987,0.343137743508934,0.168481541870917,"20","MDM"
1988,-0.0908776310272766,0.158963219174916,"20","MDM"
1989,0.489947285686303,0.481669216851602,"20","MDM"
1990,0.228912724213798,0.365442328849622,"20","MDM"
1991,-0.200672124076697,-0.07358583581338,"20","MDM"
1992,0.0470882034338897,-0.121606687241133,"20","MDM"
1993,-0.0776849448829389,-0.484741717533502,"20","MDM"
1994,0.270143767758708,0.350529700553795,"20","MDM"
1995,-0.120300105173746,-0.389497400532296,"20","MDM"
1996,-0.054635366307265,-0.0737986200532388,"20","MDM"
1997,0.319202472613177,0.430083154129424,"20","MDM"
1998,-0.344296167578693,-0.0862659627601006,"20","MDM"
1999,-0.053667782650181,0.857321469049106,"20","MDM"
2000,0.786918967919674,1.39078129173388,"20","MDM"
2001,0.589048416797244,0.646589755006512,"20","MDM"
2002,-0.12005083445679,0.215938120048532,"20","MDM"
2003,-0.368987624286831,0.208556949074818,"20","MDM"
2004,0.0613172321494342,-0.319141901765706,"20","MDM"
2005,0.248235432399989,-0.503744605408884,"20","MDM"
2006,0.194989212725262,-0.00780518495453692,"20","MDM"
2007,-0.0541298827872381,-0.0184508894673846,"20","MDM"
2008,0.0616751990811923,0.0542465266469077,"20","MDM"
2009,0.352557008932312,0.740726271137954,"20","MDM"
2010,0.379902193586786,0.85416966105853,"20","MDM"
2011,0.66312235802196,0.735423645607522,"20","MDM"
2012,0.346363814463593,0.837659169200172,"20","MDM"
2013,0.602238910618642,1.04404489877625,"20","MDM"
2014,0.475398590073904,0.526169082226293,"20","MDM"
