"year","AL.sd","member","model"
1964,573.880136845571,"LE2-1011.001","FCM"
1965,566.348628625856,"LE2-1011.001","FCM"
1966,565.770580511625,"LE2-1011.001","FCM"
1967,498.517056487479,"LE2-1011.001","FCM"
1968,487.14191563609,"LE2-1011.001","FCM"
1969,402.220231116599,"LE2-1011.001","FCM"
1970,387.320743647697,"LE2-1011.001","FCM"
1971,438.557190387028,"LE2-1011.001","FCM"
1972,421.902631944929,"LE2-1011.001","FCM"
1973,501.911988138766,"LE2-1011.001","FCM"
1974,498.424400312384,"LE2-1011.001","FCM"
1975,492.920052279829,"LE2-1011.001","FCM"
1976,534.851139398187,"LE2-1011.001","FCM"
1977,559.23745354266,"LE2-1011.001","FCM"
1978,562.474086694166,"LE2-1011.001","FCM"
1979,564.438879794564,"LE2-1011.001","FCM"
1980,560.440152751215,"LE2-1011.001","FCM"
1981,608.620811172952,"LE2-1011.001","FCM"
1982,611.956715868164,"LE2-1011.001","FCM"
1983,603.240279681456,"LE2-1011.001","FCM"
1984,645.669416897907,"LE2-1011.001","FCM"
1985,645.782974577996,"LE2-1011.001","FCM"
1986,580.508267769699,"LE2-1011.001","FCM"
1987,580.61342644311,"LE2-1011.001","FCM"
1988,516.929501870413,"LE2-1011.001","FCM"
1989,527.243945634369,"LE2-1011.001","FCM"
1990,530.20431159611,"LE2-1011.001","FCM"
1991,491.368070042477,"LE2-1011.001","FCM"
1992,455.280700616798,"LE2-1011.001","FCM"
1993,454.865452165175,"LE2-1011.001","FCM"
1994,496.657069681157,"LE2-1011.001","FCM"
1995,513.929136510029,"LE2-1011.001","FCM"
1996,460.613275468105,"LE2-1011.001","FCM"
1997,466.440952632153,"LE2-1011.001","FCM"
1998,489.341766639168,"LE2-1011.001","FCM"
1999,533.853838999075,"LE2-1011.001","FCM"
2000,597.830690326451,"LE2-1011.001","FCM"
2001,633.836835164235,"LE2-1011.001","FCM"
2002,639.999444461493,"LE2-1011.001","FCM"
2003,632.285419813876,"LE2-1011.001","FCM"
2004,641.394329400104,"LE2-1011.001","FCM"
2005,634.179561808651,"LE2-1011.001","FCM"
2006,628.026940567471,"LE2-1011.001","FCM"
2007,620.480399752316,"LE2-1011.001","FCM"
2008,622.913119192424,"LE2-1011.001","FCM"
2009,608.116830152177,"LE2-1011.001","FCM"
2010,589.077385314665,"LE2-1011.001","FCM"
2011,599.968793661783,"LE2-1011.001","FCM"
2012,600.273671045152,"LE2-1011.001","FCM"
2013,581.47271256693,"LE2-1011.001","FCM"
2014,461.699274361762,"LE2-1011.001","FCM"
1964,670.167906539031,"LE2-1031.002","FCM"
1965,703.90246994608,"LE2-1031.002","FCM"
1966,725.377489796821,"LE2-1031.002","FCM"
1967,704.309015493138,"LE2-1031.002","FCM"
1968,691.337904664109,"LE2-1031.002","FCM"
1969,688.88648836466,"LE2-1031.002","FCM"
1970,738.677308390084,"LE2-1031.002","FCM"
1971,747.971706969336,"LE2-1031.002","FCM"
1972,700.854148061802,"LE2-1031.002","FCM"
1973,641.292010021129,"LE2-1031.002","FCM"
1974,624.883947301366,"LE2-1031.002","FCM"
1975,624.314433145887,"LE2-1031.002","FCM"
1976,609.492539589062,"LE2-1031.002","FCM"
1977,611.663312426385,"LE2-1031.002","FCM"
1978,622.154892785001,"LE2-1031.002","FCM"
1979,574.422137628792,"LE2-1031.002","FCM"
1980,524.793426468816,"LE2-1031.002","FCM"
1981,515.761603586481,"LE2-1031.002","FCM"
1982,567.211660319884,"LE2-1031.002","FCM"
1983,587.10601447192,"LE2-1031.002","FCM"
1984,591.667089880194,"LE2-1031.002","FCM"
1985,527.872489829852,"LE2-1031.002","FCM"
1986,496.730813718418,"LE2-1031.002","FCM"
1987,496.687019602783,"LE2-1031.002","FCM"
1988,537.876496439558,"LE2-1031.002","FCM"
1989,531.795910159425,"LE2-1031.002","FCM"
1990,587.09498927099,"LE2-1031.002","FCM"
1991,687.847563147268,"LE2-1031.002","FCM"
1992,690.819707193393,"LE2-1031.002","FCM"
1993,698.295520862343,"LE2-1031.002","FCM"
1994,716.702930439948,"LE2-1031.002","FCM"
1995,704.72060075831,"LE2-1031.002","FCM"
1996,686.16669488632,"LE2-1031.002","FCM"
1997,673.425233756349,"LE2-1031.002","FCM"
1998,671.286770067726,"LE2-1031.002","FCM"
1999,680.526755455208,"LE2-1031.002","FCM"
2000,693.306543517056,"LE2-1031.002","FCM"
2001,703.922394308001,"LE2-1031.002","FCM"
2002,718.216561555834,"LE2-1031.002","FCM"
2003,686.590425431529,"LE2-1031.002","FCM"
2004,699.881114170911,"LE2-1031.002","FCM"
2005,661.151368409386,"LE2-1031.002","FCM"
2006,590.630320600106,"LE2-1031.002","FCM"
2007,584.119335272278,"LE2-1031.002","FCM"
2008,574.689491040785,"LE2-1031.002","FCM"
2009,564.794160633834,"LE2-1031.002","FCM"
2010,630.575282742589,"LE2-1031.002","FCM"
2011,651.555250025741,"LE2-1031.002","FCM"
2012,586.798240631927,"LE2-1031.002","FCM"
2013,595.959638120295,"LE2-1031.002","FCM"
2014,592.276429622911,"LE2-1031.002","FCM"
1964,656.474842694551,"LE2-1051.003","FCM"
1965,681.939239812068,"LE2-1051.003","FCM"
1966,671.937667728228,"LE2-1051.003","FCM"
1967,691.645744222395,"LE2-1051.003","FCM"
1968,648.254198211199,"LE2-1051.003","FCM"
1969,659.729671429887,"LE2-1051.003","FCM"
1970,725.79999251827,"LE2-1051.003","FCM"
1971,720.379354745286,"LE2-1051.003","FCM"
1972,687.054603391344,"LE2-1051.003","FCM"
1973,610.944369090909,"LE2-1051.003","FCM"
1974,616.137189599441,"LE2-1051.003","FCM"
1975,628.015277186716,"LE2-1051.003","FCM"
1976,633.409927372479,"LE2-1051.003","FCM"
1977,582.193526570399,"LE2-1051.003","FCM"
1978,582.406153757263,"LE2-1051.003","FCM"
1979,585.555267109766,"LE2-1051.003","FCM"
1980,562.863836694743,"LE2-1051.003","FCM"
1981,528.233469471355,"LE2-1051.003","FCM"
1982,531.715794618383,"LE2-1051.003","FCM"
1983,507.184903318728,"LE2-1051.003","FCM"
1984,542.404013031739,"LE2-1051.003","FCM"
1985,503.866757800581,"LE2-1051.003","FCM"
1986,591.357067904639,"LE2-1051.003","FCM"
1987,585.614066595487,"LE2-1051.003","FCM"
1988,560.7020445328,"LE2-1051.003","FCM"
1989,530.27652209194,"LE2-1051.003","FCM"
1990,513.966635913294,"LE2-1051.003","FCM"
1991,543.215927296153,"LE2-1051.003","FCM"
1992,567.289732381519,"LE2-1051.003","FCM"
1993,586.177135037032,"LE2-1051.003","FCM"
1994,627.406107387477,"LE2-1051.003","FCM"
1995,560.970120677747,"LE2-1051.003","FCM"
1996,592.585754750141,"LE2-1051.003","FCM"
1997,593.752518624444,"LE2-1051.003","FCM"
1998,609.793332543138,"LE2-1051.003","FCM"
1999,634.375298450105,"LE2-1051.003","FCM"
2000,651.886014374522,"LE2-1051.003","FCM"
2001,642.998244063093,"LE2-1051.003","FCM"
2002,667.511108955752,"LE2-1051.003","FCM"
2003,659.57395123073,"LE2-1051.003","FCM"
2004,654.924838026682,"LE2-1051.003","FCM"
2005,660.286276561053,"LE2-1051.003","FCM"
2006,659.328043803465,"LE2-1051.003","FCM"
2007,652.179836509593,"LE2-1051.003","FCM"
2008,633.507744211821,"LE2-1051.003","FCM"
2009,555.179889709018,"LE2-1051.003","FCM"
2010,610.998753110147,"LE2-1051.003","FCM"
2011,588.124423141762,"LE2-1051.003","FCM"
2012,596.597238034613,"LE2-1051.003","FCM"
2013,587.795905872249,"LE2-1051.003","FCM"
2014,685.029413102474,"LE2-1051.003","FCM"
1964,450.762645572266,"LE2-1071.004","FCM"
1965,413.534826244963,"LE2-1071.004","FCM"
1966,410.8266908235,"LE2-1071.004","FCM"
1967,410.037279050595,"LE2-1071.004","FCM"
1968,393.911176968169,"LE2-1071.004","FCM"
1969,467.203241631154,"LE2-1071.004","FCM"
1970,468.415928356033,"LE2-1071.004","FCM"
1971,477.842434499693,"LE2-1071.004","FCM"
1972,471.762173294061,"LE2-1071.004","FCM"
1973,561.608218790598,"LE2-1071.004","FCM"
1974,544.011629788661,"LE2-1071.004","FCM"
1975,672.034050835372,"LE2-1071.004","FCM"
1976,645.077088535295,"LE2-1071.004","FCM"
1977,674.589692539775,"LE2-1071.004","FCM"
1978,666.469565391823,"LE2-1071.004","FCM"
1979,693.643748229371,"LE2-1071.004","FCM"
1980,693.833234317504,"LE2-1071.004","FCM"
1981,720.722986347332,"LE2-1071.004","FCM"
1982,724.886738075895,"LE2-1071.004","FCM"
1983,726.913441499683,"LE2-1071.004","FCM"
1984,686.961906637252,"LE2-1071.004","FCM"
1985,686.228265400382,"LE2-1071.004","FCM"
1986,714.952318006382,"LE2-1071.004","FCM"
1987,766.68255908144,"LE2-1071.004","FCM"
1988,665.252590240707,"LE2-1071.004","FCM"
1989,710.15357527412,"LE2-1071.004","FCM"
1990,649.511453256525,"LE2-1071.004","FCM"
1991,622.78486693317,"LE2-1071.004","FCM"
1992,596.534242089808,"LE2-1071.004","FCM"
1993,592.518477371426,"LE2-1071.004","FCM"
1994,566.344444743362,"LE2-1071.004","FCM"
1995,612.86317073924,"LE2-1071.004","FCM"
1996,596.082614317849,"LE2-1071.004","FCM"
1997,629.216354775081,"LE2-1071.004","FCM"
1998,660.587923957319,"LE2-1071.004","FCM"
1999,662.537812664841,"LE2-1071.004","FCM"
2000,658.626520546766,"LE2-1071.004","FCM"
2001,677.673201352297,"LE2-1071.004","FCM"
2002,635.686327784848,"LE2-1071.004","FCM"
2003,650.796160055147,"LE2-1071.004","FCM"
2004,601.770904637659,"LE2-1071.004","FCM"
2005,561.005856029912,"LE2-1071.004","FCM"
2006,565.176596959627,"LE2-1071.004","FCM"
2007,566.416334796116,"LE2-1071.004","FCM"
2008,562.085389545969,"LE2-1071.004","FCM"
2009,516.452039088303,"LE2-1071.004","FCM"
2010,502.303990153043,"LE2-1071.004","FCM"
2011,456.839618106743,"LE2-1071.004","FCM"
2012,450.139873665483,"LE2-1071.004","FCM"
2013,437.819967636436,"LE2-1071.004","FCM"
2014,471.62336218402,"LE2-1071.004","FCM"
1964,520.560948211896,"LE2-1091.005","FCM"
1965,517.138411776518,"LE2-1091.005","FCM"
1966,515.690290152036,"LE2-1091.005","FCM"
1967,506.948918671234,"LE2-1091.005","FCM"
1968,496.218949754314,"LE2-1091.005","FCM"
1969,513.055659781581,"LE2-1091.005","FCM"
1970,498.456929541798,"LE2-1091.005","FCM"
1971,504.362696501394,"LE2-1091.005","FCM"
1972,528.577475510988,"LE2-1091.005","FCM"
1973,489.720739375922,"LE2-1091.005","FCM"
1974,475.077310304253,"LE2-1091.005","FCM"
1975,528.142408891426,"LE2-1091.005","FCM"
1976,522.912430883142,"LE2-1091.005","FCM"
1977,487.786306568364,"LE2-1091.005","FCM"
1978,500.462649574776,"LE2-1091.005","FCM"
1979,477.423540913223,"LE2-1091.005","FCM"
1980,483.938859590745,"LE2-1091.005","FCM"
1981,496.304155164121,"LE2-1091.005","FCM"
1982,593.466801341782,"LE2-1091.005","FCM"
1983,581.484820342522,"LE2-1091.005","FCM"
1984,560.339065252793,"LE2-1091.005","FCM"
1985,576.175802364189,"LE2-1091.005","FCM"
1986,580.659548458278,"LE2-1091.005","FCM"
1987,557.686289843946,"LE2-1091.005","FCM"
1988,660.052331981823,"LE2-1091.005","FCM"
1989,661.083166175159,"LE2-1091.005","FCM"
1990,615.500497906368,"LE2-1091.005","FCM"
1991,615.381731432411,"LE2-1091.005","FCM"
1992,605.355604622578,"LE2-1091.005","FCM"
1993,669.329048289136,"LE2-1091.005","FCM"
1994,685.039144801765,"LE2-1091.005","FCM"
1995,748.0763402672,"LE2-1091.005","FCM"
1996,767.007934211065,"LE2-1091.005","FCM"
1997,699.261114282222,"LE2-1091.005","FCM"
1998,710.440791478168,"LE2-1091.005","FCM"
1999,698.644275251625,"LE2-1091.005","FCM"
2000,697.246728324076,"LE2-1091.005","FCM"
2001,689.361572649184,"LE2-1091.005","FCM"
2002,795.30825520385,"LE2-1091.005","FCM"
2003,785.060036844129,"LE2-1091.005","FCM"
2004,809.792648191193,"LE2-1091.005","FCM"
2005,802.913100055878,"LE2-1091.005","FCM"
2006,867.712314241798,"LE2-1091.005","FCM"
2007,857.964769342924,"LE2-1091.005","FCM"
2008,801.394056736815,"LE2-1091.005","FCM"
2009,768.254521270894,"LE2-1091.005","FCM"
2010,730.070525669735,"LE2-1091.005","FCM"
2011,712.415532608441,"LE2-1091.005","FCM"
2012,737.511081251388,"LE2-1091.005","FCM"
2013,729.534881822982,"LE2-1091.005","FCM"
2014,729.930123011712,"LE2-1091.005","FCM"
1964,526.052617121346,"LE2-1111.006","FCM"
1965,441.069230006692,"LE2-1111.006","FCM"
1966,527.63849021304,"LE2-1111.006","FCM"
1967,533.712370593755,"LE2-1111.006","FCM"
1968,439.781155260381,"LE2-1111.006","FCM"
1969,486.565874244845,"LE2-1111.006","FCM"
1970,507.832203006405,"LE2-1111.006","FCM"
1971,519.034370547048,"LE2-1111.006","FCM"
1972,533.316313827342,"LE2-1111.006","FCM"
1973,519.426058632773,"LE2-1111.006","FCM"
1974,489.447368884811,"LE2-1111.006","FCM"
1975,483.227538573328,"LE2-1111.006","FCM"
1976,621.54689308211,"LE2-1111.006","FCM"
1977,626.967979042823,"LE2-1111.006","FCM"
1978,641.140594125649,"LE2-1111.006","FCM"
1979,638.664276371661,"LE2-1111.006","FCM"
1980,639.58162434674,"LE2-1111.006","FCM"
1981,583.076953344543,"LE2-1111.006","FCM"
1982,574.106415916451,"LE2-1111.006","FCM"
1983,573.873727345711,"LE2-1111.006","FCM"
1984,518.377462055028,"LE2-1111.006","FCM"
1985,471.742197264598,"LE2-1111.006","FCM"
1986,485.925634025843,"LE2-1111.006","FCM"
1987,440.833972522328,"LE2-1111.006","FCM"
1988,492.164046848893,"LE2-1111.006","FCM"
1989,507.796356177503,"LE2-1111.006","FCM"
1990,505.696945629973,"LE2-1111.006","FCM"
1991,363.596219953922,"LE2-1111.006","FCM"
1992,363.174608718216,"LE2-1111.006","FCM"
1993,359.857673933638,"LE2-1111.006","FCM"
1994,350.920577442172,"LE2-1111.006","FCM"
1995,351.795579789244,"LE2-1111.006","FCM"
1996,372.721743380003,"LE2-1111.006","FCM"
1997,373.083785293077,"LE2-1111.006","FCM"
1998,423.134154327517,"LE2-1111.006","FCM"
1999,426.127581825842,"LE2-1111.006","FCM"
2000,422.713845566744,"LE2-1111.006","FCM"
2001,408.850781366448,"LE2-1111.006","FCM"
2002,412.141150784797,"LE2-1111.006","FCM"
2003,336.800294824827,"LE2-1111.006","FCM"
2004,335.068776382235,"LE2-1111.006","FCM"
2005,341.289148140664,"LE2-1111.006","FCM"
2006,494.951464131912,"LE2-1111.006","FCM"
2007,501.040003927052,"LE2-1111.006","FCM"
2008,479.976249443055,"LE2-1111.006","FCM"
2009,528.202507069345,"LE2-1111.006","FCM"
2010,562.857375728582,"LE2-1111.006","FCM"
2011,521.984421206683,"LE2-1111.006","FCM"
2012,524.734483869795,"LE2-1111.006","FCM"
2013,591.624214480995,"LE2-1111.006","FCM"
2014,622.681077085082,"LE2-1111.006","FCM"
1964,408.125066812114,"LE2-1131.007","FCM"
1965,436.245285660812,"LE2-1131.007","FCM"
1966,435.435736296774,"LE2-1131.007","FCM"
1967,450.431152884833,"LE2-1131.007","FCM"
1968,446.516261397958,"LE2-1131.007","FCM"
1969,460.878387838549,"LE2-1131.007","FCM"
1970,488.974583913633,"LE2-1131.007","FCM"
1971,492.970247588073,"LE2-1131.007","FCM"
1972,525.386973024245,"LE2-1131.007","FCM"
1973,525.685018321678,"LE2-1131.007","FCM"
1974,529.321244438672,"LE2-1131.007","FCM"
1975,490.657065103654,"LE2-1131.007","FCM"
1976,492.373413971776,"LE2-1131.007","FCM"
1977,489.720275463181,"LE2-1131.007","FCM"
1978,521.199824514919,"LE2-1131.007","FCM"
1979,537.34646781704,"LE2-1131.007","FCM"
1980,506.132837758859,"LE2-1131.007","FCM"
1981,520.834357287749,"LE2-1131.007","FCM"
1982,519.16481560918,"LE2-1131.007","FCM"
1983,537.004938465925,"LE2-1131.007","FCM"
1984,579.348946714739,"LE2-1131.007","FCM"
1985,541.03017506428,"LE2-1131.007","FCM"
1986,585.329336280266,"LE2-1131.007","FCM"
1987,549.903277702648,"LE2-1131.007","FCM"
1988,572.42077335786,"LE2-1131.007","FCM"
1989,626.727661968251,"LE2-1131.007","FCM"
1990,638.714292336257,"LE2-1131.007","FCM"
1991,630.184077194194,"LE2-1131.007","FCM"
1992,654.738594094845,"LE2-1131.007","FCM"
1993,702.931647255908,"LE2-1131.007","FCM"
1994,677.989463089717,"LE2-1131.007","FCM"
1995,677.009048113001,"LE2-1131.007","FCM"
1996,730.865967090995,"LE2-1131.007","FCM"
1997,734.101179144503,"LE2-1131.007","FCM"
1998,718.789974108713,"LE2-1131.007","FCM"
1999,660.695528172979,"LE2-1131.007","FCM"
2000,666.16510923834,"LE2-1131.007","FCM"
2001,638.989444107526,"LE2-1131.007","FCM"
2002,657.012756747841,"LE2-1131.007","FCM"
2003,642.652535582838,"LE2-1131.007","FCM"
2004,644.748181050692,"LE2-1131.007","FCM"
2005,642.642639485556,"LE2-1131.007","FCM"
2006,641.553408721861,"LE2-1131.007","FCM"
2007,612.043219854662,"LE2-1131.007","FCM"
2008,539.318442660684,"LE2-1131.007","FCM"
2009,550.982933252638,"LE2-1131.007","FCM"
2010,529.466717162609,"LE2-1131.007","FCM"
2011,450.281795870785,"LE2-1131.007","FCM"
2012,497.459309558511,"LE2-1131.007","FCM"
2013,519.811355683928,"LE2-1131.007","FCM"
2014,518.891688259873,"LE2-1131.007","FCM"
1964,563.432015567636,"LE2-1151.008","FCM"
1965,617.71349245666,"LE2-1151.008","FCM"
1966,551.159688886944,"LE2-1151.008","FCM"
1967,551.104407300972,"LE2-1151.008","FCM"
1968,535.957712781123,"LE2-1151.008","FCM"
1969,536.498410060972,"LE2-1151.008","FCM"
1970,596.036523733694,"LE2-1151.008","FCM"
1971,551.672034722188,"LE2-1151.008","FCM"
1972,528.893535516006,"LE2-1151.008","FCM"
1973,529.711316769656,"LE2-1151.008","FCM"
1974,529.168435590237,"LE2-1151.008","FCM"
1975,530.721036585953,"LE2-1151.008","FCM"
1976,533.821804197246,"LE2-1151.008","FCM"
1977,518.585970163281,"LE2-1151.008","FCM"
1978,506.524998783769,"LE2-1151.008","FCM"
1979,535.383365643347,"LE2-1151.008","FCM"
1980,470.294365288277,"LE2-1151.008","FCM"
1981,515.699179088324,"LE2-1151.008","FCM"
1982,617.533297974022,"LE2-1151.008","FCM"
1983,621.710114683848,"LE2-1151.008","FCM"
1984,619.70131580631,"LE2-1151.008","FCM"
1985,613.820482556839,"LE2-1151.008","FCM"
1986,617.207111048064,"LE2-1151.008","FCM"
1987,603.654836013707,"LE2-1151.008","FCM"
1988,603.19738811954,"LE2-1151.008","FCM"
1989,627.395102341237,"LE2-1151.008","FCM"
1990,633.713505106624,"LE2-1151.008","FCM"
1991,658.777433643518,"LE2-1151.008","FCM"
1992,680.586233508471,"LE2-1151.008","FCM"
1993,667.024928436418,"LE2-1151.008","FCM"
1994,641.779676905247,"LE2-1151.008","FCM"
1995,631.424692157987,"LE2-1151.008","FCM"
1996,612.445831611625,"LE2-1151.008","FCM"
1997,583.85225007663,"LE2-1151.008","FCM"
1998,605.481719718562,"LE2-1151.008","FCM"
1999,618.51238196747,"LE2-1151.008","FCM"
2000,689.694028046937,"LE2-1151.008","FCM"
2001,660.205998125194,"LE2-1151.008","FCM"
2002,653.117772022497,"LE2-1151.008","FCM"
2003,657.678193627376,"LE2-1151.008","FCM"
2004,657.41992505274,"LE2-1151.008","FCM"
2005,653.562471500178,"LE2-1151.008","FCM"
2006,619.272914410545,"LE2-1151.008","FCM"
2007,580.838539905393,"LE2-1151.008","FCM"
2008,595.333110518393,"LE2-1151.008","FCM"
2009,601.279096682141,"LE2-1151.008","FCM"
2010,587.688145531986,"LE2-1151.008","FCM"
2011,549.508058218774,"LE2-1151.008","FCM"
2012,514.299596788817,"LE2-1151.008","FCM"
2013,464.653520212497,"LE2-1151.008","FCM"
2014,502.134311246854,"LE2-1151.008","FCM"
1964,443.396690257026,"LE2-1171.009","FCM"
1965,439.998164599075,"LE2-1171.009","FCM"
1966,447.365186552212,"LE2-1171.009","FCM"
1967,452.921068193718,"LE2-1171.009","FCM"
1968,456.789729114847,"LE2-1171.009","FCM"
1969,424.84572422418,"LE2-1171.009","FCM"
1970,382.479068522584,"LE2-1171.009","FCM"
1971,491.811365132008,"LE2-1171.009","FCM"
1972,532.001897288811,"LE2-1171.009","FCM"
1973,541.325597194007,"LE2-1171.009","FCM"
1974,541.199374637934,"LE2-1171.009","FCM"
1975,595.075665030746,"LE2-1171.009","FCM"
1976,598.977846713048,"LE2-1171.009","FCM"
1977,609.354943138226,"LE2-1171.009","FCM"
1978,610.51424249087,"LE2-1171.009","FCM"
1979,638.374532691177,"LE2-1171.009","FCM"
1980,648.853801070779,"LE2-1171.009","FCM"
1981,648.309743536918,"LE2-1171.009","FCM"
1982,710.420530332293,"LE2-1171.009","FCM"
1983,779.890380592208,"LE2-1171.009","FCM"
1984,821.041008863276,"LE2-1171.009","FCM"
1985,822.991608616679,"LE2-1171.009","FCM"
1986,783.475015799086,"LE2-1171.009","FCM"
1987,782.888477304501,"LE2-1171.009","FCM"
1988,767.683205935346,"LE2-1171.009","FCM"
1989,768.448787541089,"LE2-1171.009","FCM"
1990,729.933226054942,"LE2-1171.009","FCM"
1991,709.572219627611,"LE2-1171.009","FCM"
1992,705.619637534537,"LE2-1171.009","FCM"
1993,704.4932726615,"LE2-1171.009","FCM"
1994,631.495681643991,"LE2-1171.009","FCM"
1995,622.73974018874,"LE2-1171.009","FCM"
1996,646.436785226144,"LE2-1171.009","FCM"
1997,518.282107485773,"LE2-1171.009","FCM"
1998,468.869466703064,"LE2-1171.009","FCM"
1999,442.961062029013,"LE2-1171.009","FCM"
2000,453.655881069765,"LE2-1171.009","FCM"
2001,467.21272592737,"LE2-1171.009","FCM"
2002,401.586291500429,"LE2-1171.009","FCM"
2003,408.815222658291,"LE2-1171.009","FCM"
2004,421.660749927389,"LE2-1171.009","FCM"
2005,439.924792502671,"LE2-1171.009","FCM"
2006,435.314993577264,"LE2-1171.009","FCM"
2007,438.294121227706,"LE2-1171.009","FCM"
2008,443.007508500652,"LE2-1171.009","FCM"
2009,431.444446243967,"LE2-1171.009","FCM"
2010,431.709973761289,"LE2-1171.009","FCM"
2011,420.966430258545,"LE2-1171.009","FCM"
2012,435.130725168897,"LE2-1171.009","FCM"
2013,394.40633991021,"LE2-1171.009","FCM"
2014,427.600283577493,"LE2-1171.009","FCM"
1964,657.407331891958,"LE2-1191.010","FCM"
1965,660.152981787802,"LE2-1191.010","FCM"
1966,650.159226959559,"LE2-1191.010","FCM"
1967,642.485570992549,"LE2-1191.010","FCM"
1968,643.843904606546,"LE2-1191.010","FCM"
1969,641.918656565794,"LE2-1191.010","FCM"
1970,627.758783545882,"LE2-1191.010","FCM"
1971,584.849358632302,"LE2-1191.010","FCM"
1972,551.423598123808,"LE2-1191.010","FCM"
1973,504.448221573367,"LE2-1191.010","FCM"
1974,500.798673845445,"LE2-1191.010","FCM"
1975,514.886825924536,"LE2-1191.010","FCM"
1976,389.307598367022,"LE2-1191.010","FCM"
1977,432.389466958305,"LE2-1191.010","FCM"
1978,434.662906272455,"LE2-1191.010","FCM"
1979,405.710909461569,"LE2-1191.010","FCM"
1980,399.561146895105,"LE2-1191.010","FCM"
1981,376.094567836778,"LE2-1191.010","FCM"
1982,398.895112833243,"LE2-1191.010","FCM"
1983,394.372751207706,"LE2-1191.010","FCM"
1984,428.68068293249,"LE2-1191.010","FCM"
1985,427.692119920575,"LE2-1191.010","FCM"
1986,454.643055211415,"LE2-1191.010","FCM"
1987,532.310873075194,"LE2-1191.010","FCM"
1988,534.771210771873,"LE2-1191.010","FCM"
1989,535.886028331909,"LE2-1191.010","FCM"
1990,545.255483510614,"LE2-1191.010","FCM"
1991,574.475409603254,"LE2-1191.010","FCM"
1992,533.362929317119,"LE2-1191.010","FCM"
1993,540.31132601477,"LE2-1191.010","FCM"
1994,541.115961231987,"LE2-1191.010","FCM"
1995,571.382798512077,"LE2-1191.010","FCM"
1996,610.986884658829,"LE2-1191.010","FCM"
1997,604.734757033218,"LE2-1191.010","FCM"
1998,564.905768508967,"LE2-1191.010","FCM"
1999,543.780734763827,"LE2-1191.010","FCM"
2000,578.124549433855,"LE2-1191.010","FCM"
2001,577.465921568434,"LE2-1191.010","FCM"
2002,549.732535309771,"LE2-1191.010","FCM"
2003,549.178206647684,"LE2-1191.010","FCM"
2004,570.84125603818,"LE2-1191.010","FCM"
2005,579.141989757355,"LE2-1191.010","FCM"
2006,562.853912032818,"LE2-1191.010","FCM"
2007,565.952035112368,"LE2-1191.010","FCM"
2008,575.528954183594,"LE2-1191.010","FCM"
2009,589.236194324897,"LE2-1191.010","FCM"
2010,561.822138323763,"LE2-1191.010","FCM"
2011,541.262946700674,"LE2-1191.010","FCM"
2012,549.288195815041,"LE2-1191.010","FCM"
2013,554.153181232743,"LE2-1191.010","FCM"
2014,554.716084541443,"LE2-1191.010","FCM"
1964,669.446386873794,"LE2-1231.011","FCM"
1965,653.554758930721,"LE2-1231.011","FCM"
1966,632.742225740718,"LE2-1231.011","FCM"
1967,658.930621655423,"LE2-1231.011","FCM"
1968,603.690519304601,"LE2-1231.011","FCM"
1969,656.343480043506,"LE2-1231.011","FCM"
1970,685.447149168485,"LE2-1231.011","FCM"
1971,661.898098098347,"LE2-1231.011","FCM"
1972,625.003794564183,"LE2-1231.011","FCM"
1973,572.957112659608,"LE2-1231.011","FCM"
1974,566.149948310008,"LE2-1231.011","FCM"
1975,555.147706145459,"LE2-1231.011","FCM"
1976,515.357633238357,"LE2-1231.011","FCM"
1977,514.133549321458,"LE2-1231.011","FCM"
1978,529.275951303304,"LE2-1231.011","FCM"
1979,505.435210623253,"LE2-1231.011","FCM"
1980,506.294038221418,"LE2-1231.011","FCM"
1981,536.600863156622,"LE2-1231.011","FCM"
1982,588.837094390523,"LE2-1231.011","FCM"
1983,575.918742313491,"LE2-1231.011","FCM"
1984,535.347269874201,"LE2-1231.011","FCM"
1985,503.186071292821,"LE2-1231.011","FCM"
1986,498.785152805922,"LE2-1231.011","FCM"
1987,492.589888057968,"LE2-1231.011","FCM"
1988,493.984871108991,"LE2-1231.011","FCM"
1989,497.272440846738,"LE2-1231.011","FCM"
1990,496.239257691383,"LE2-1231.011","FCM"
1991,523.35914034739,"LE2-1231.011","FCM"
1992,524.708126323825,"LE2-1231.011","FCM"
1993,503.375777882387,"LE2-1231.011","FCM"
1994,513.64415780341,"LE2-1231.011","FCM"
1995,514.691856589495,"LE2-1231.011","FCM"
1996,488.515656545814,"LE2-1231.011","FCM"
1997,382.913470376373,"LE2-1231.011","FCM"
1998,438.548736899184,"LE2-1231.011","FCM"
1999,460.790375632326,"LE2-1231.011","FCM"
2000,469.888377795609,"LE2-1231.011","FCM"
2001,491.973077055591,"LE2-1231.011","FCM"
2002,490.432080654671,"LE2-1231.011","FCM"
2003,589.134192813538,"LE2-1231.011","FCM"
2004,592.961753490862,"LE2-1231.011","FCM"
2005,598.395651041162,"LE2-1231.011","FCM"
2006,570.646293976522,"LE2-1231.011","FCM"
2007,566.288371315898,"LE2-1231.011","FCM"
2008,550.643004435141,"LE2-1231.011","FCM"
2009,531.29265899895,"LE2-1231.011","FCM"
2010,546.610196549196,"LE2-1231.011","FCM"
2011,543.123773297213,"LE2-1231.011","FCM"
2012,530.584918109388,"LE2-1231.011","FCM"
2013,466.030272780135,"LE2-1231.011","FCM"
2014,456.084007436189,"LE2-1231.011","FCM"
1964,536.675218315012,"LE2-1231.012","FCM"
1965,557.217975432469,"LE2-1231.012","FCM"
1966,545.881806469775,"LE2-1231.012","FCM"
1967,523.444795511302,"LE2-1231.012","FCM"
1968,474.169898052844,"LE2-1231.012","FCM"
1969,470.744127392529,"LE2-1231.012","FCM"
1970,484.835483702728,"LE2-1231.012","FCM"
1971,483.938946005785,"LE2-1231.012","FCM"
1972,438.79575883318,"LE2-1231.012","FCM"
1973,454.016874227167,"LE2-1231.012","FCM"
1974,446.415153384855,"LE2-1231.012","FCM"
1975,405.878453599362,"LE2-1231.012","FCM"
1976,408.653261428801,"LE2-1231.012","FCM"
1977,388.006849800439,"LE2-1231.012","FCM"
1978,369.833258753505,"LE2-1231.012","FCM"
1979,348.652440586491,"LE2-1231.012","FCM"
1980,320.720536844962,"LE2-1231.012","FCM"
1981,358.977997759299,"LE2-1231.012","FCM"
1982,427.500109282105,"LE2-1231.012","FCM"
1983,442.32139009756,"LE2-1231.012","FCM"
1984,479.385948179754,"LE2-1231.012","FCM"
1985,464.687751880737,"LE2-1231.012","FCM"
1986,526.794375830062,"LE2-1231.012","FCM"
1987,555.902463143226,"LE2-1231.012","FCM"
1988,687.572068506407,"LE2-1231.012","FCM"
1989,657.888329341444,"LE2-1231.012","FCM"
1990,661.281165174644,"LE2-1231.012","FCM"
1991,655.21000521598,"LE2-1231.012","FCM"
1992,651.484465070113,"LE2-1231.012","FCM"
1993,703.740521911598,"LE2-1231.012","FCM"
1994,702.577792451111,"LE2-1231.012","FCM"
1995,737.746055895651,"LE2-1231.012","FCM"
1996,731.45988731966,"LE2-1231.012","FCM"
1997,711.538046687724,"LE2-1231.012","FCM"
1998,680.085481596978,"LE2-1231.012","FCM"
1999,636.713754543961,"LE2-1231.012","FCM"
2000,635.780025718935,"LE2-1231.012","FCM"
2001,615.018254480401,"LE2-1231.012","FCM"
2002,621.069010383175,"LE2-1231.012","FCM"
2003,446.103772243103,"LE2-1231.012","FCM"
2004,513.306805079287,"LE2-1231.012","FCM"
2005,539.079908053575,"LE2-1231.012","FCM"
2006,585.783426958026,"LE2-1231.012","FCM"
2007,587.807659485441,"LE2-1231.012","FCM"
2008,492.866619351154,"LE2-1231.012","FCM"
2009,488.054554822641,"LE2-1231.012","FCM"
2010,462.755572444962,"LE2-1231.012","FCM"
2011,540.973139712251,"LE2-1231.012","FCM"
2012,547.262035110842,"LE2-1231.012","FCM"
2013,562.849486505932,"LE2-1231.012","FCM"
2014,622.786014486744,"LE2-1231.012","FCM"
1964,465.75009174583,"LE2-1231.013","FCM"
1965,460.107168595021,"LE2-1231.013","FCM"
1966,436.621746989883,"LE2-1231.013","FCM"
1967,457.237502990474,"LE2-1231.013","FCM"
1968,469.783180398866,"LE2-1231.013","FCM"
1969,468.679715996885,"LE2-1231.013","FCM"
1970,463.587396577081,"LE2-1231.013","FCM"
1971,461.043672499861,"LE2-1231.013","FCM"
1972,515.479830126985,"LE2-1231.013","FCM"
1973,575.021866099993,"LE2-1231.013","FCM"
1974,558.878733998478,"LE2-1231.013","FCM"
1975,557.415103297282,"LE2-1231.013","FCM"
1976,574.728108011565,"LE2-1231.013","FCM"
1977,572.325242894474,"LE2-1231.013","FCM"
1978,564.066969226812,"LE2-1231.013","FCM"
1979,639.960198813017,"LE2-1231.013","FCM"
1980,627.524032980745,"LE2-1231.013","FCM"
1981,611.875794305326,"LE2-1231.013","FCM"
1982,583.306181938352,"LE2-1231.013","FCM"
1983,624.004721957474,"LE2-1231.013","FCM"
1984,643.712323516978,"LE2-1231.013","FCM"
1985,635.997130847992,"LE2-1231.013","FCM"
1986,639.220793860587,"LE2-1231.013","FCM"
1987,653.854839251818,"LE2-1231.013","FCM"
1988,633.328294593887,"LE2-1231.013","FCM"
1989,649.481359633239,"LE2-1231.013","FCM"
1990,646.076463148716,"LE2-1231.013","FCM"
1991,626.371845639496,"LE2-1231.013","FCM"
1992,634.171128381015,"LE2-1231.013","FCM"
1993,651.194927535722,"LE2-1231.013","FCM"
1994,600.998271519765,"LE2-1231.013","FCM"
1995,637.79646006799,"LE2-1231.013","FCM"
1996,634.020885967813,"LE2-1231.013","FCM"
1997,641.633438002309,"LE2-1231.013","FCM"
1998,617.828704679863,"LE2-1231.013","FCM"
1999,622.039191519588,"LE2-1231.013","FCM"
2000,536.760288386868,"LE2-1231.013","FCM"
2001,564.607354659357,"LE2-1231.013","FCM"
2002,506.261228131884,"LE2-1231.013","FCM"
2003,546.552138708853,"LE2-1231.013","FCM"
2004,525.752840555857,"LE2-1231.013","FCM"
2005,528.691793569051,"LE2-1231.013","FCM"
2006,539.804321637273,"LE2-1231.013","FCM"
2007,574.680285976438,"LE2-1231.013","FCM"
2008,633.208791555495,"LE2-1231.013","FCM"
2009,663.547955378493,"LE2-1231.013","FCM"
2010,652.247253745457,"LE2-1231.013","FCM"
2011,657.240477216746,"LE2-1231.013","FCM"
2012,630.898796436513,"LE2-1231.013","FCM"
2013,608.460079314234,"LE2-1231.013","FCM"
2014,593.806670223286,"LE2-1231.013","FCM"
1964,640.460480707766,"LE2-1231.014","FCM"
1965,669.621356572802,"LE2-1231.014","FCM"
1966,652.271534788543,"LE2-1231.014","FCM"
1967,625.659721719549,"LE2-1231.014","FCM"
1968,605.348987443608,"LE2-1231.014","FCM"
1969,544.747774125632,"LE2-1231.014","FCM"
1970,500.432275554762,"LE2-1231.014","FCM"
1971,491.817767116352,"LE2-1231.014","FCM"
1972,463.298554458607,"LE2-1231.014","FCM"
1973,467.356643539667,"LE2-1231.014","FCM"
1974,488.092581493379,"LE2-1231.014","FCM"
1975,486.375598713673,"LE2-1231.014","FCM"
1976,521.327151131596,"LE2-1231.014","FCM"
1977,463.424203471324,"LE2-1231.014","FCM"
1978,427.793052938352,"LE2-1231.014","FCM"
1979,470.142670270205,"LE2-1231.014","FCM"
1980,438.45770721905,"LE2-1231.014","FCM"
1981,446.398365661095,"LE2-1231.014","FCM"
1982,433.193536076036,"LE2-1231.014","FCM"
1983,435.028567978228,"LE2-1231.014","FCM"
1984,473.409543355712,"LE2-1231.014","FCM"
1985,477.706146764862,"LE2-1231.014","FCM"
1986,446.785454378754,"LE2-1231.014","FCM"
1987,446.596095224527,"LE2-1231.014","FCM"
1988,446.131447011759,"LE2-1231.014","FCM"
1989,417.600228385533,"LE2-1231.014","FCM"
1990,441.287339108049,"LE2-1231.014","FCM"
1991,418.075458638234,"LE2-1231.014","FCM"
1992,432.481409821083,"LE2-1231.014","FCM"
1993,487.189563880986,"LE2-1231.014","FCM"
1994,455.449445956769,"LE2-1231.014","FCM"
1995,458.444930627684,"LE2-1231.014","FCM"
1996,470.141739093714,"LE2-1231.014","FCM"
1997,512.204758380163,"LE2-1231.014","FCM"
1998,497.046983688069,"LE2-1231.014","FCM"
1999,527.728156769384,"LE2-1231.014","FCM"
2000,529.333550147336,"LE2-1231.014","FCM"
2001,558.082465164869,"LE2-1231.014","FCM"
2002,559.313582717106,"LE2-1231.014","FCM"
2003,603.476115001598,"LE2-1231.014","FCM"
2004,619.842268368707,"LE2-1231.014","FCM"
2005,627.248440288123,"LE2-1231.014","FCM"
2006,583.07805388838,"LE2-1231.014","FCM"
2007,582.632997406106,"LE2-1231.014","FCM"
2008,559.380777979434,"LE2-1231.014","FCM"
2009,556.286494890592,"LE2-1231.014","FCM"
2010,583.449699158788,"LE2-1231.014","FCM"
2011,595.054517408997,"LE2-1231.014","FCM"
2012,624.580822706789,"LE2-1231.014","FCM"
2013,621.630202210396,"LE2-1231.014","FCM"
2014,601.371147739902,"LE2-1231.014","FCM"
1964,482.390794919948,"LE2-1231.015","FCM"
1965,485.963948798677,"LE2-1231.015","FCM"
1966,485.440918772652,"LE2-1231.015","FCM"
1967,492.928350750471,"LE2-1231.015","FCM"
1968,506.570976714919,"LE2-1231.015","FCM"
1969,499.165909293403,"LE2-1231.015","FCM"
1970,492.928591134468,"LE2-1231.015","FCM"
1971,492.687898359891,"LE2-1231.015","FCM"
1972,538.242622922445,"LE2-1231.015","FCM"
1973,505.086326637203,"LE2-1231.015","FCM"
1974,479.023619659193,"LE2-1231.015","FCM"
1975,489.547089296861,"LE2-1231.015","FCM"
1976,484.212686104248,"LE2-1231.015","FCM"
1977,422.505999909729,"LE2-1231.015","FCM"
1978,416.498443023545,"LE2-1231.015","FCM"
1979,412.316750271005,"LE2-1231.015","FCM"
1980,396.134696821395,"LE2-1231.015","FCM"
1981,399.085723664141,"LE2-1231.015","FCM"
1982,410.156359030678,"LE2-1231.015","FCM"
1983,413.049449128392,"LE2-1231.015","FCM"
1984,436.172232317646,"LE2-1231.015","FCM"
1985,399.890148116943,"LE2-1231.015","FCM"
1986,391.949672979452,"LE2-1231.015","FCM"
1987,391.327983616123,"LE2-1231.015","FCM"
1988,448.687432876251,"LE2-1231.015","FCM"
1989,423.464476330637,"LE2-1231.015","FCM"
1990,410.668964210129,"LE2-1231.015","FCM"
1991,413.070697022971,"LE2-1231.015","FCM"
1992,465.467532739629,"LE2-1231.015","FCM"
1993,461.955335136795,"LE2-1231.015","FCM"
1994,478.055798148313,"LE2-1231.015","FCM"
1995,486.681616901081,"LE2-1231.015","FCM"
1996,547.250660884893,"LE2-1231.015","FCM"
1997,525.40466569791,"LE2-1231.015","FCM"
1998,532.554525347641,"LE2-1231.015","FCM"
1999,524.430037750156,"LE2-1231.015","FCM"
2000,519.157355919981,"LE2-1231.015","FCM"
2001,531.403383971346,"LE2-1231.015","FCM"
2002,502.43430786688,"LE2-1231.015","FCM"
2003,442.509710380837,"LE2-1231.015","FCM"
2004,436.380746449857,"LE2-1231.015","FCM"
2005,454.569605735267,"LE2-1231.015","FCM"
2006,464.490960150907,"LE2-1231.015","FCM"
2007,431.692909310675,"LE2-1231.015","FCM"
2008,433.024470004306,"LE2-1231.015","FCM"
2009,408.699171169724,"LE2-1231.015","FCM"
2010,511.156887400839,"LE2-1231.015","FCM"
2011,459.73265689753,"LE2-1231.015","FCM"
2012,503.517785448262,"LE2-1231.015","FCM"
2013,494.171571398589,"LE2-1231.015","FCM"
2014,590.159693565477,"LE2-1231.015","FCM"
1964,522.681663656394,"LE2-1231.016","FCM"
1965,526.697124502262,"LE2-1231.016","FCM"
1966,572.424017126723,"LE2-1231.016","FCM"
1967,512.384895119766,"LE2-1231.016","FCM"
1968,511.93409791218,"LE2-1231.016","FCM"
1969,551.939723279408,"LE2-1231.016","FCM"
1970,576.19967172866,"LE2-1231.016","FCM"
1971,479.445201561984,"LE2-1231.016","FCM"
1972,457.982372283164,"LE2-1231.016","FCM"
1973,491.8236956936,"LE2-1231.016","FCM"
1974,490.820369874929,"LE2-1231.016","FCM"
1975,479.093685177318,"LE2-1231.016","FCM"
1976,491.479315210128,"LE2-1231.016","FCM"
1977,471.64772851233,"LE2-1231.016","FCM"
1978,471.183757579116,"LE2-1231.016","FCM"
1979,475.117259678167,"LE2-1231.016","FCM"
1980,469.133498781677,"LE2-1231.016","FCM"
1981,421.597742019982,"LE2-1231.016","FCM"
1982,447.584793958222,"LE2-1231.016","FCM"
1983,452.244360924225,"LE2-1231.016","FCM"
1984,402.175265412493,"LE2-1231.016","FCM"
1985,404.137093232544,"LE2-1231.016","FCM"
1986,497.94823210653,"LE2-1231.016","FCM"
1987,494.037806019931,"LE2-1231.016","FCM"
1988,393.492407535964,"LE2-1231.016","FCM"
1989,372.520487450512,"LE2-1231.016","FCM"
1990,361.119499151798,"LE2-1231.016","FCM"
1991,377.516813417001,"LE2-1231.016","FCM"
1992,377.232617452729,"LE2-1231.016","FCM"
1993,370.608765355522,"LE2-1231.016","FCM"
1994,475.996629294206,"LE2-1231.016","FCM"
1995,508.876068022158,"LE2-1231.016","FCM"
1996,531.171128264393,"LE2-1231.016","FCM"
1997,525.252318315916,"LE2-1231.016","FCM"
1998,523.620134210351,"LE2-1231.016","FCM"
1999,524.076120735138,"LE2-1231.016","FCM"
2000,511.275018690651,"LE2-1231.016","FCM"
2001,419.962997983821,"LE2-1231.016","FCM"
2002,428.446897226896,"LE2-1231.016","FCM"
2003,434.248357164587,"LE2-1231.016","FCM"
2004,445.463501897925,"LE2-1231.016","FCM"
2005,453.806989476774,"LE2-1231.016","FCM"
2006,426.490859273141,"LE2-1231.016","FCM"
2007,443.498663572622,"LE2-1231.016","FCM"
2008,452.487833876113,"LE2-1231.016","FCM"
2009,395.298396926977,"LE2-1231.016","FCM"
2010,362.01574574209,"LE2-1231.016","FCM"
2011,331.267482061474,"LE2-1231.016","FCM"
2012,388.736361155569,"LE2-1231.016","FCM"
2013,425.599129458603,"LE2-1231.016","FCM"
2014,414.341993444875,"LE2-1231.016","FCM"
1964,531.65075477996,"LE2-1231.017","FCM"
1965,536.239092031065,"LE2-1231.017","FCM"
1966,511.874278122515,"LE2-1231.017","FCM"
1967,570.900427852509,"LE2-1231.017","FCM"
1968,588.963935391821,"LE2-1231.017","FCM"
1969,598.116977321373,"LE2-1231.017","FCM"
1970,646.443048594455,"LE2-1231.017","FCM"
1971,639.341641723523,"LE2-1231.017","FCM"
1972,631.82728727249,"LE2-1231.017","FCM"
1973,626.634974742672,"LE2-1231.017","FCM"
1974,677.573564040679,"LE2-1231.017","FCM"
1975,653.27845810469,"LE2-1231.017","FCM"
1976,651.413968722548,"LE2-1231.017","FCM"
1977,722.079747057418,"LE2-1231.017","FCM"
1978,696.471018527889,"LE2-1231.017","FCM"
1979,691.073775786794,"LE2-1231.017","FCM"
1980,705.095670188783,"LE2-1231.017","FCM"
1981,706.637548843932,"LE2-1231.017","FCM"
1982,662.796237820731,"LE2-1231.017","FCM"
1983,650.314288444625,"LE2-1231.017","FCM"
1984,652.725971218683,"LE2-1231.017","FCM"
1985,597.025087116298,"LE2-1231.017","FCM"
1986,598.173003990006,"LE2-1231.017","FCM"
1987,647.682787638047,"LE2-1231.017","FCM"
1988,645.116453691707,"LE2-1231.017","FCM"
1989,569.774194271918,"LE2-1231.017","FCM"
1990,591.056544894492,"LE2-1231.017","FCM"
1991,587.96229560905,"LE2-1231.017","FCM"
1992,532.455249418664,"LE2-1231.017","FCM"
1993,535.485776052453,"LE2-1231.017","FCM"
1994,544.482418851799,"LE2-1231.017","FCM"
1995,526.987611017413,"LE2-1231.017","FCM"
1996,539.914285842851,"LE2-1231.017","FCM"
1997,586.836423260918,"LE2-1231.017","FCM"
1998,604.0782154594,"LE2-1231.017","FCM"
1999,614.923683448744,"LE2-1231.017","FCM"
2000,615.281826525879,"LE2-1231.017","FCM"
2001,614.806211320428,"LE2-1231.017","FCM"
2002,595.505080257207,"LE2-1231.017","FCM"
2003,582.781158610081,"LE2-1231.017","FCM"
2004,587.771296511985,"LE2-1231.017","FCM"
2005,586.390624742464,"LE2-1231.017","FCM"
2006,556.645765217146,"LE2-1231.017","FCM"
2007,549.780679041392,"LE2-1231.017","FCM"
2008,544.883567751975,"LE2-1231.017","FCM"
2009,542.952477260572,"LE2-1231.017","FCM"
2010,540.635981767166,"LE2-1231.017","FCM"
2011,538.845344360418,"LE2-1231.017","FCM"
2012,513.295343100233,"LE2-1231.017","FCM"
2013,511.59853862943,"LE2-1231.017","FCM"
2014,512.944571430677,"LE2-1231.017","FCM"
1964,774.43531321912,"LE2-1231.018","FCM"
1965,782.422934501167,"LE2-1231.018","FCM"
1966,791.884598620298,"LE2-1231.018","FCM"
1967,791.323895735731,"LE2-1231.018","FCM"
1968,799.272953410684,"LE2-1231.018","FCM"
1969,743.332548406319,"LE2-1231.018","FCM"
1970,684.227635428664,"LE2-1231.018","FCM"
1971,625.17654322613,"LE2-1231.018","FCM"
1972,655.945204290614,"LE2-1231.018","FCM"
1973,659.864217281171,"LE2-1231.018","FCM"
1974,587.749923319527,"LE2-1231.018","FCM"
1975,628.260781421056,"LE2-1231.018","FCM"
1976,598.647882270096,"LE2-1231.018","FCM"
1977,534.806210984956,"LE2-1231.018","FCM"
1978,524.140412803781,"LE2-1231.018","FCM"
1979,503.145201969116,"LE2-1231.018","FCM"
1980,473.355786487175,"LE2-1231.018","FCM"
1981,465.686496180999,"LE2-1231.018","FCM"
1982,467.173388039401,"LE2-1231.018","FCM"
1983,384.942828335494,"LE2-1231.018","FCM"
1984,388.883657477377,"LE2-1231.018","FCM"
1985,398.519830731797,"LE2-1231.018","FCM"
1986,407.485244040078,"LE2-1231.018","FCM"
1987,400.498903748491,"LE2-1231.018","FCM"
1988,401.540594328088,"LE2-1231.018","FCM"
1989,402.436570072604,"LE2-1231.018","FCM"
1990,361.438536980324,"LE2-1231.018","FCM"
1991,371.320470187901,"LE2-1231.018","FCM"
1992,351.95024198166,"LE2-1231.018","FCM"
1993,367.819971551628,"LE2-1231.018","FCM"
1994,406.72786346529,"LE2-1231.018","FCM"
1995,457.017128413783,"LE2-1231.018","FCM"
1996,473.722363484652,"LE2-1231.018","FCM"
1997,470.841719758925,"LE2-1231.018","FCM"
1998,457.374210749071,"LE2-1231.018","FCM"
1999,467.317455287416,"LE2-1231.018","FCM"
2000,482.015196644769,"LE2-1231.018","FCM"
2001,524.710689011148,"LE2-1231.018","FCM"
2002,541.421768851621,"LE2-1231.018","FCM"
2003,547.18628823306,"LE2-1231.018","FCM"
2004,516.838009268066,"LE2-1231.018","FCM"
2005,572.389801291303,"LE2-1231.018","FCM"
2006,611.073535423029,"LE2-1231.018","FCM"
2007,607.564372197837,"LE2-1231.018","FCM"
2008,568.981790551893,"LE2-1231.018","FCM"
2009,595.964938270451,"LE2-1231.018","FCM"
2010,589.450582541468,"LE2-1231.018","FCM"
2011,564.487284930693,"LE2-1231.018","FCM"
2012,564.373272615831,"LE2-1231.018","FCM"
2013,549.744586602111,"LE2-1231.018","FCM"
2014,536.457784369926,"LE2-1231.018","FCM"
1964,540.155497887302,"LE2-1231.019","FCM"
1965,532.909356697772,"LE2-1231.019","FCM"
1966,549.524525618717,"LE2-1231.019","FCM"
1967,616.864940261943,"LE2-1231.019","FCM"
1968,584.154305564638,"LE2-1231.019","FCM"
1969,582.669111858183,"LE2-1231.019","FCM"
1970,581.360863142529,"LE2-1231.019","FCM"
1971,583.704941196304,"LE2-1231.019","FCM"
1972,565.779473420528,"LE2-1231.019","FCM"
1973,565.24889926555,"LE2-1231.019","FCM"
1974,522.211931412169,"LE2-1231.019","FCM"
1975,503.096788313797,"LE2-1231.019","FCM"
1976,509.875232678527,"LE2-1231.019","FCM"
1977,667.187812252043,"LE2-1231.019","FCM"
1978,684.797144808377,"LE2-1231.019","FCM"
1979,703.409003782916,"LE2-1231.019","FCM"
1980,747.222222125386,"LE2-1231.019","FCM"
1981,754.437745414013,"LE2-1231.019","FCM"
1982,641.786700267471,"LE2-1231.019","FCM"
1983,640.211737983872,"LE2-1231.019","FCM"
1984,651.304943513033,"LE2-1231.019","FCM"
1985,645.793028978793,"LE2-1231.019","FCM"
1986,656.070402543781,"LE2-1231.019","FCM"
1987,642.809989650444,"LE2-1231.019","FCM"
1988,642.153695255717,"LE2-1231.019","FCM"
1989,647.717075449495,"LE2-1231.019","FCM"
1990,620.053660760902,"LE2-1231.019","FCM"
1991,612.307906392797,"LE2-1231.019","FCM"
1992,442.791086210553,"LE2-1231.019","FCM"
1993,473.599555515039,"LE2-1231.019","FCM"
1994,451.472405353143,"LE2-1231.019","FCM"
1995,443.616105568476,"LE2-1231.019","FCM"
1996,409.802355146209,"LE2-1231.019","FCM"
1997,425.560867347282,"LE2-1231.019","FCM"
1998,413.65481113466,"LE2-1231.019","FCM"
1999,410.824947980598,"LE2-1231.019","FCM"
2000,408.417748301803,"LE2-1231.019","FCM"
2001,365.064675920133,"LE2-1231.019","FCM"
2002,344.061355274827,"LE2-1231.019","FCM"
2003,473.595228371828,"LE2-1231.019","FCM"
2004,474.479616460506,"LE2-1231.019","FCM"
2005,486.249520938232,"LE2-1231.019","FCM"
2006,498.289356523605,"LE2-1231.019","FCM"
2007,477.753028369995,"LE2-1231.019","FCM"
2008,477.216542244354,"LE2-1231.019","FCM"
2009,500.245352178238,"LE2-1231.019","FCM"
2010,492.223204480871,"LE2-1231.019","FCM"
2011,486.15215682493,"LE2-1231.019","FCM"
2012,497.042399218527,"LE2-1231.019","FCM"
2013,493.507133588157,"LE2-1231.019","FCM"
2014,508.220695550242,"LE2-1231.019","FCM"
1964,494.755342830407,"LE2-1231.020","FCM"
1965,479.469412836628,"LE2-1231.020","FCM"
1966,453.171292510949,"LE2-1231.020","FCM"
1967,442.330828749717,"LE2-1231.020","FCM"
1968,455.359715926716,"LE2-1231.020","FCM"
1969,440.95360998185,"LE2-1231.020","FCM"
1970,465.0038484951,"LE2-1231.020","FCM"
1971,450.923795142107,"LE2-1231.020","FCM"
1972,457.667991373532,"LE2-1231.020","FCM"
1973,526.01319666912,"LE2-1231.020","FCM"
1974,548.270056374987,"LE2-1231.020","FCM"
1975,543.217186013231,"LE2-1231.020","FCM"
1976,594.490619751305,"LE2-1231.020","FCM"
1977,580.04378567393,"LE2-1231.020","FCM"
1978,607.715918517511,"LE2-1231.020","FCM"
1979,603.71226732145,"LE2-1231.020","FCM"
1980,623.684643359608,"LE2-1231.020","FCM"
1981,663.586093973117,"LE2-1231.020","FCM"
1982,698.975948588514,"LE2-1231.020","FCM"
1983,682.174924204538,"LE2-1231.020","FCM"
1984,682.330467727537,"LE2-1231.020","FCM"
1985,666.045640513797,"LE2-1231.020","FCM"
1986,687.510816253184,"LE2-1231.020","FCM"
1987,693.33319680871,"LE2-1231.020","FCM"
1988,621.866788402799,"LE2-1231.020","FCM"
1989,612.64249528749,"LE2-1231.020","FCM"
1990,601.396060900625,"LE2-1231.020","FCM"
1991,529.309521528159,"LE2-1231.020","FCM"
1992,509.545699059476,"LE2-1231.020","FCM"
1993,481.542544951396,"LE2-1231.020","FCM"
1994,477.566939705491,"LE2-1231.020","FCM"
1995,532.598924346418,"LE2-1231.020","FCM"
1996,503.117742996191,"LE2-1231.020","FCM"
1997,512.952889698122,"LE2-1231.020","FCM"
1998,534.7016146677,"LE2-1231.020","FCM"
1999,544.761208733046,"LE2-1231.020","FCM"
2000,545.898576429917,"LE2-1231.020","FCM"
2001,540.578564633214,"LE2-1231.020","FCM"
2002,529.80243796547,"LE2-1231.020","FCM"
2003,542.697679148029,"LE2-1231.020","FCM"
2004,534.913033804689,"LE2-1231.020","FCM"
2005,535.88517916498,"LE2-1231.020","FCM"
2006,556.208864048499,"LE2-1231.020","FCM"
2007,556.1961797819,"LE2-1231.020","FCM"
2008,558.311599145531,"LE2-1231.020","FCM"
2009,554.420872354911,"LE2-1231.020","FCM"
2010,479.185412154574,"LE2-1231.020","FCM"
2011,476.568829948714,"LE2-1231.020","FCM"
2012,411.40518710979,"LE2-1231.020","FCM"
2013,372.940449644451,"LE2-1231.020","FCM"
2014,426.178697777367,"LE2-1231.020","FCM"
1964,454.296010611916,"LE2-1251.011","FCM"
1965,455.074981234376,"LE2-1251.011","FCM"
1966,472.229481182472,"LE2-1251.011","FCM"
1967,486.568707281913,"LE2-1251.011","FCM"
1968,493.498057879977,"LE2-1251.011","FCM"
1969,558.09064472876,"LE2-1251.011","FCM"
1970,582.647917086509,"LE2-1251.011","FCM"
1971,574.939499766912,"LE2-1251.011","FCM"
1972,567.40520363619,"LE2-1251.011","FCM"
1973,642.66357809899,"LE2-1251.011","FCM"
1974,642.073348055316,"LE2-1251.011","FCM"
1975,686.545426803836,"LE2-1251.011","FCM"
1976,719.542110888299,"LE2-1251.011","FCM"
1977,684.336856004887,"LE2-1251.011","FCM"
1978,658.366565996381,"LE2-1251.011","FCM"
1979,679.01357913732,"LE2-1251.011","FCM"
1980,674.046001704086,"LE2-1251.011","FCM"
1981,621.179601278345,"LE2-1251.011","FCM"
1982,613.336977411374,"LE2-1251.011","FCM"
1983,624.027527115603,"LE2-1251.011","FCM"
1984,564.179536778895,"LE2-1251.011","FCM"
1985,574.835450563202,"LE2-1251.011","FCM"
1986,628.830665744329,"LE2-1251.011","FCM"
1987,718.335664766049,"LE2-1251.011","FCM"
1988,677.59869081219,"LE2-1251.011","FCM"
1989,673.512710434944,"LE2-1251.011","FCM"
1990,621.253760893631,"LE2-1251.011","FCM"
1991,593.886464418056,"LE2-1251.011","FCM"
1992,590.168297057782,"LE2-1251.011","FCM"
1993,590.005612021221,"LE2-1251.011","FCM"
1994,592.149539985645,"LE2-1251.011","FCM"
1995,622.156606175695,"LE2-1251.011","FCM"
1996,628.17385559672,"LE2-1251.011","FCM"
1997,665.956349240886,"LE2-1251.011","FCM"
1998,679.039318014679,"LE2-1251.011","FCM"
1999,679.828334724265,"LE2-1251.011","FCM"
2000,640.880838881496,"LE2-1251.011","FCM"
2001,605.807214153313,"LE2-1251.011","FCM"
2002,497.858974083965,"LE2-1251.011","FCM"
2003,489.577353070709,"LE2-1251.011","FCM"
2004,490.964626963329,"LE2-1251.011","FCM"
2005,518.912886062478,"LE2-1251.011","FCM"
2006,535.468466012797,"LE2-1251.011","FCM"
2007,534.113503322973,"LE2-1251.011","FCM"
2008,533.449206130417,"LE2-1251.011","FCM"
2009,565.571825004886,"LE2-1251.011","FCM"
2010,515.518926411646,"LE2-1251.011","FCM"
2011,555.865524825713,"LE2-1251.011","FCM"
2012,530.61528508415,"LE2-1251.011","FCM"
2013,514.768972630996,"LE2-1251.011","FCM"
2014,487.814573983342,"LE2-1251.011","FCM"
1964,657.600808289267,"LE2-1251.012","FCM"
1965,657.274406254522,"LE2-1251.012","FCM"
1966,697.136757478421,"LE2-1251.012","FCM"
1967,700.211736871838,"LE2-1251.012","FCM"
1968,699.809519682944,"LE2-1251.012","FCM"
1969,711.56226386051,"LE2-1251.012","FCM"
1970,695.059438461306,"LE2-1251.012","FCM"
1971,679.367151724684,"LE2-1251.012","FCM"
1972,663.317889442598,"LE2-1251.012","FCM"
1973,684.425639227767,"LE2-1251.012","FCM"
1974,627.834209951786,"LE2-1251.012","FCM"
1975,614.436643112461,"LE2-1251.012","FCM"
1976,636.844117974168,"LE2-1251.012","FCM"
1977,598.531899726192,"LE2-1251.012","FCM"
1978,582.575679877242,"LE2-1251.012","FCM"
1979,536.292329193482,"LE2-1251.012","FCM"
1980,534.332041201373,"LE2-1251.012","FCM"
1981,517.804687212935,"LE2-1251.012","FCM"
1982,518.776382139386,"LE2-1251.012","FCM"
1983,603.56725097126,"LE2-1251.012","FCM"
1984,583.891174192566,"LE2-1251.012","FCM"
1985,529.757312231238,"LE2-1251.012","FCM"
1986,549.031460517371,"LE2-1251.012","FCM"
1987,570.018199406683,"LE2-1251.012","FCM"
1988,515.231329729788,"LE2-1251.012","FCM"
1989,497.299139017215,"LE2-1251.012","FCM"
1990,498.908506777441,"LE2-1251.012","FCM"
1991,523.133724501094,"LE2-1251.012","FCM"
1992,536.360635164266,"LE2-1251.012","FCM"
1993,608.377000744491,"LE2-1251.012","FCM"
1994,611.644520313237,"LE2-1251.012","FCM"
1995,615.323694314831,"LE2-1251.012","FCM"
1996,601.801328905257,"LE2-1251.012","FCM"
1997,624.866456375259,"LE2-1251.012","FCM"
1998,528.806720996243,"LE2-1251.012","FCM"
1999,531.464610993278,"LE2-1251.012","FCM"
2000,532.900361720822,"LE2-1251.012","FCM"
2001,531.215313268445,"LE2-1251.012","FCM"
2002,514.896159009789,"LE2-1251.012","FCM"
2003,511.989751595427,"LE2-1251.012","FCM"
2004,554.351666141435,"LE2-1251.012","FCM"
2005,536.461024453808,"LE2-1251.012","FCM"
2006,549.342524089978,"LE2-1251.012","FCM"
2007,562.00349182862,"LE2-1251.012","FCM"
2008,516.945362922783,"LE2-1251.012","FCM"
2009,501.251852272296,"LE2-1251.012","FCM"
2010,456.846657413328,"LE2-1251.012","FCM"
2011,456.233855001508,"LE2-1251.012","FCM"
2012,433.405210629824,"LE2-1251.012","FCM"
2013,533.090193965897,"LE2-1251.012","FCM"
2014,533.227770439488,"LE2-1251.012","FCM"
1964,687.955197952836,"LE2-1251.013","FCM"
1965,814.766394621426,"LE2-1251.013","FCM"
1966,793.738789544982,"LE2-1251.013","FCM"
1967,773.387501870252,"LE2-1251.013","FCM"
1968,675.623059559003,"LE2-1251.013","FCM"
1969,712.436037886607,"LE2-1251.013","FCM"
1970,672.890207069953,"LE2-1251.013","FCM"
1971,655.985151446337,"LE2-1251.013","FCM"
1972,657.41462047765,"LE2-1251.013","FCM"
1973,609.314449192981,"LE2-1251.013","FCM"
1974,582.132702332039,"LE2-1251.013","FCM"
1975,582.97786648596,"LE2-1251.013","FCM"
1976,580.5783858053,"LE2-1251.013","FCM"
1977,554.896939212607,"LE2-1251.013","FCM"
1978,558.429075753041,"LE2-1251.013","FCM"
1979,566.223209460453,"LE2-1251.013","FCM"
1980,391.978802374867,"LE2-1251.013","FCM"
1981,410.392040875752,"LE2-1251.013","FCM"
1982,426.2304393131,"LE2-1251.013","FCM"
1983,420.230138019437,"LE2-1251.013","FCM"
1984,369.336054843559,"LE2-1251.013","FCM"
1985,391.126442315731,"LE2-1251.013","FCM"
1986,442.593722604566,"LE2-1251.013","FCM"
1987,504.860839543269,"LE2-1251.013","FCM"
1988,517.582505375245,"LE2-1251.013","FCM"
1989,540.275976311014,"LE2-1251.013","FCM"
1990,525.225728376915,"LE2-1251.013","FCM"
1991,527.804439336195,"LE2-1251.013","FCM"
1992,536.865924154161,"LE2-1251.013","FCM"
1993,532.288844361737,"LE2-1251.013","FCM"
1994,497.577976005174,"LE2-1251.013","FCM"
1995,499.919079850698,"LE2-1251.013","FCM"
1996,463.23745467106,"LE2-1251.013","FCM"
1997,461.954629979042,"LE2-1251.013","FCM"
1998,450.804282991578,"LE2-1251.013","FCM"
1999,528.22474765341,"LE2-1251.013","FCM"
2000,473.191023192604,"LE2-1251.013","FCM"
2001,464.531635958385,"LE2-1251.013","FCM"
2002,484.057773798972,"LE2-1251.013","FCM"
2003,479.053266349745,"LE2-1251.013","FCM"
2004,431.422959160761,"LE2-1251.013","FCM"
2005,500.372550304187,"LE2-1251.013","FCM"
2006,506.63480247795,"LE2-1251.013","FCM"
2007,506.943889296754,"LE2-1251.013","FCM"
2008,520.870387049023,"LE2-1251.013","FCM"
2009,530.443503491168,"LE2-1251.013","FCM"
2010,550.767561558958,"LE2-1251.013","FCM"
2011,589.935615226856,"LE2-1251.013","FCM"
2012,649.058972542379,"LE2-1251.013","FCM"
2013,650.452852324579,"LE2-1251.013","FCM"
2014,566.236675058076,"LE2-1251.013","FCM"
1964,539.482392591804,"LE2-1251.014","FCM"
1965,539.55098088648,"LE2-1251.014","FCM"
1966,537.521253305114,"LE2-1251.014","FCM"
1967,476.586592063085,"LE2-1251.014","FCM"
1968,478.973362351348,"LE2-1251.014","FCM"
1969,491.499900357648,"LE2-1251.014","FCM"
1970,561.251754425738,"LE2-1251.014","FCM"
1971,539.371734743325,"LE2-1251.014","FCM"
1972,555.731959317809,"LE2-1251.014","FCM"
1973,527.298776358671,"LE2-1251.014","FCM"
1974,404.878107573277,"LE2-1251.014","FCM"
1975,403.870794779549,"LE2-1251.014","FCM"
1976,400.581235351737,"LE2-1251.014","FCM"
1977,411.790147518092,"LE2-1251.014","FCM"
1978,435.452138991352,"LE2-1251.014","FCM"
1979,465.686007567688,"LE2-1251.014","FCM"
1980,539.405010140656,"LE2-1251.014","FCM"
1981,537.542370446394,"LE2-1251.014","FCM"
1982,501.622752533563,"LE2-1251.014","FCM"
1983,516.187941749407,"LE2-1251.014","FCM"
1984,587.951748417616,"LE2-1251.014","FCM"
1985,529.497700533374,"LE2-1251.014","FCM"
1986,536.728690978758,"LE2-1251.014","FCM"
1987,512.431770932148,"LE2-1251.014","FCM"
1988,508.887612062705,"LE2-1251.014","FCM"
1989,512.283699534289,"LE2-1251.014","FCM"
1990,551.91987336493,"LE2-1251.014","FCM"
1991,592.207762276149,"LE2-1251.014","FCM"
1992,587.68928433764,"LE2-1251.014","FCM"
1993,571.339609839344,"LE2-1251.014","FCM"
1994,537.947696051888,"LE2-1251.014","FCM"
1995,483.655315543055,"LE2-1251.014","FCM"
1996,495.832673195341,"LE2-1251.014","FCM"
1997,503.832672047175,"LE2-1251.014","FCM"
1998,584.308921133921,"LE2-1251.014","FCM"
1999,513.775069765581,"LE2-1251.014","FCM"
2000,539.661597519879,"LE2-1251.014","FCM"
2001,545.941405791067,"LE2-1251.014","FCM"
2002,561.246129087927,"LE2-1251.014","FCM"
2003,569.35583913927,"LE2-1251.014","FCM"
2004,578.544812721812,"LE2-1251.014","FCM"
2005,611.220992557571,"LE2-1251.014","FCM"
2006,577.699210168666,"LE2-1251.014","FCM"
2007,591.070676921646,"LE2-1251.014","FCM"
2008,604.035196312585,"LE2-1251.014","FCM"
2009,600.63363561641,"LE2-1251.014","FCM"
2010,593.571631633894,"LE2-1251.014","FCM"
2011,618.07667004673,"LE2-1251.014","FCM"
2012,610.444042882785,"LE2-1251.014","FCM"
2013,505.328151674385,"LE2-1251.014","FCM"
2014,491.041947871833,"LE2-1251.014","FCM"
1964,466.548271208531,"LE2-1251.015","FCM"
1965,459.756091638782,"LE2-1251.015","FCM"
1966,430.608911751225,"LE2-1251.015","FCM"
1967,459.685724914978,"LE2-1251.015","FCM"
1968,447.903886021906,"LE2-1251.015","FCM"
1969,437.902873819086,"LE2-1251.015","FCM"
1970,434.917940777196,"LE2-1251.015","FCM"
1971,373.360155766299,"LE2-1251.015","FCM"
1972,414.905253966635,"LE2-1251.015","FCM"
1973,455.93563018266,"LE2-1251.015","FCM"
1974,452.117837235543,"LE2-1251.015","FCM"
1975,452.257849136464,"LE2-1251.015","FCM"
1976,416.648130118924,"LE2-1251.015","FCM"
1977,416.110121933258,"LE2-1251.015","FCM"
1978,489.977141599846,"LE2-1251.015","FCM"
1979,489.473757752872,"LE2-1251.015","FCM"
1980,489.729248122902,"LE2-1251.015","FCM"
1981,493.134635445301,"LE2-1251.015","FCM"
1982,464.920044662887,"LE2-1251.015","FCM"
1983,535.058524257078,"LE2-1251.015","FCM"
1984,537.940100742178,"LE2-1251.015","FCM"
1985,555.277392964858,"LE2-1251.015","FCM"
1986,555.533194953121,"LE2-1251.015","FCM"
1987,493.720350743265,"LE2-1251.015","FCM"
1988,599.738455180594,"LE2-1251.015","FCM"
1989,604.388068468954,"LE2-1251.015","FCM"
1990,597.68870127672,"LE2-1251.015","FCM"
1991,601.629946890557,"LE2-1251.015","FCM"
1992,620.858605353108,"LE2-1251.015","FCM"
1993,588.114145808196,"LE2-1251.015","FCM"
1994,610.430037876724,"LE2-1251.015","FCM"
1995,610.626068677013,"LE2-1251.015","FCM"
1996,632.476372994641,"LE2-1251.015","FCM"
1997,609.985083940254,"LE2-1251.015","FCM"
1998,645.832735432131,"LE2-1251.015","FCM"
1999,665.466449366382,"LE2-1251.015","FCM"
2000,674.687459795229,"LE2-1251.015","FCM"
2001,680.683152694202,"LE2-1251.015","FCM"
2002,665.53000794798,"LE2-1251.015","FCM"
2003,583.671314101516,"LE2-1251.015","FCM"
2004,631.96528103581,"LE2-1251.015","FCM"
2005,636.035518511884,"LE2-1251.015","FCM"
2006,646.867343924175,"LE2-1251.015","FCM"
2007,627.256382588566,"LE2-1251.015","FCM"
2008,572.320980178112,"LE2-1251.015","FCM"
2009,578.402600223065,"LE2-1251.015","FCM"
2010,565.794428095884,"LE2-1251.015","FCM"
2011,583.05631940293,"LE2-1251.015","FCM"
2012,556.996732919273,"LE2-1251.015","FCM"
2013,506.306447243447,"LE2-1251.015","FCM"
2014,496.854999542798,"LE2-1251.015","FCM"
1964,606.264776704232,"LE2-1251.016","FCM"
1965,636.677778692602,"LE2-1251.016","FCM"
1966,632.354918814442,"LE2-1251.016","FCM"
1967,544.08095897353,"LE2-1251.016","FCM"
1968,571.876582333132,"LE2-1251.016","FCM"
1969,536.296080129677,"LE2-1251.016","FCM"
1970,487.95410874495,"LE2-1251.016","FCM"
1971,486.383518825376,"LE2-1251.016","FCM"
1972,439.27275800617,"LE2-1251.016","FCM"
1973,433.977642229503,"LE2-1251.016","FCM"
1974,434.714570171217,"LE2-1251.016","FCM"
1975,435.345552810521,"LE2-1251.016","FCM"
1976,459.171964700025,"LE2-1251.016","FCM"
1977,452.394573177297,"LE2-1251.016","FCM"
1978,443.505346718689,"LE2-1251.016","FCM"
1979,440.411954936583,"LE2-1251.016","FCM"
1980,421.817772405708,"LE2-1251.016","FCM"
1981,446.933362335935,"LE2-1251.016","FCM"
1982,449.930902206386,"LE2-1251.016","FCM"
1983,431.582400977014,"LE2-1251.016","FCM"
1984,436.177433555239,"LE2-1251.016","FCM"
1985,572.575298490914,"LE2-1251.016","FCM"
1986,570.659212110049,"LE2-1251.016","FCM"
1987,576.90875064584,"LE2-1251.016","FCM"
1988,588.041130411011,"LE2-1251.016","FCM"
1989,657.449434382163,"LE2-1251.016","FCM"
1990,659.536147336377,"LE2-1251.016","FCM"
1991,670.38431072049,"LE2-1251.016","FCM"
1992,653.108175771616,"LE2-1251.016","FCM"
1993,667.623208745062,"LE2-1251.016","FCM"
1994,667.407520353286,"LE2-1251.016","FCM"
1995,664.764811270512,"LE2-1251.016","FCM"
1996,672.249202184707,"LE2-1251.016","FCM"
1997,749.413753843512,"LE2-1251.016","FCM"
1998,737.877112554517,"LE2-1251.016","FCM"
1999,739.211363318706,"LE2-1251.016","FCM"
2000,652.915655268129,"LE2-1251.016","FCM"
2001,688.01343391679,"LE2-1251.016","FCM"
2002,693.366695339904,"LE2-1251.016","FCM"
2003,667.588076555335,"LE2-1251.016","FCM"
2004,620.07506909519,"LE2-1251.016","FCM"
2005,617.571718585957,"LE2-1251.016","FCM"
2006,637.165983624427,"LE2-1251.016","FCM"
2007,635.341704960972,"LE2-1251.016","FCM"
2008,461.567411239078,"LE2-1251.016","FCM"
2009,484.942660257143,"LE2-1251.016","FCM"
2010,496.590942471891,"LE2-1251.016","FCM"
2011,540.269263439548,"LE2-1251.016","FCM"
2012,495.420028376533,"LE2-1251.016","FCM"
2013,497.9107568267,"LE2-1251.016","FCM"
2014,511.767414326236,"LE2-1251.016","FCM"
1964,574.576159463411,"LE2-1251.017","FCM"
1965,554.395729883503,"LE2-1251.017","FCM"
1966,571.853993087509,"LE2-1251.017","FCM"
1967,589.788473365923,"LE2-1251.017","FCM"
1968,587.937742335912,"LE2-1251.017","FCM"
1969,576.350093448511,"LE2-1251.017","FCM"
1970,575.082397765959,"LE2-1251.017","FCM"
1971,579.385507584261,"LE2-1251.017","FCM"
1972,647.934260660114,"LE2-1251.017","FCM"
1973,632.528813451234,"LE2-1251.017","FCM"
1974,629.243934766965,"LE2-1251.017","FCM"
1975,603.952078023631,"LE2-1251.017","FCM"
1976,565.532754215328,"LE2-1251.017","FCM"
1977,554.271783056477,"LE2-1251.017","FCM"
1978,555.120119409755,"LE2-1251.017","FCM"
1979,526.159620580551,"LE2-1251.017","FCM"
1980,587.526978052464,"LE2-1251.017","FCM"
1981,589.711722272988,"LE2-1251.017","FCM"
1982,551.007604146025,"LE2-1251.017","FCM"
1983,568.37885518825,"LE2-1251.017","FCM"
1984,590.275792506336,"LE2-1251.017","FCM"
1985,597.657878045054,"LE2-1251.017","FCM"
1986,587.238175959893,"LE2-1251.017","FCM"
1987,519.364972794836,"LE2-1251.017","FCM"
1988,521.643163262126,"LE2-1251.017","FCM"
1989,517.527120295107,"LE2-1251.017","FCM"
1990,512.280802540473,"LE2-1251.017","FCM"
1991,528.855794318585,"LE2-1251.017","FCM"
1992,498.073170811774,"LE2-1251.017","FCM"
1993,498.641040371104,"LE2-1251.017","FCM"
1994,531.738589206838,"LE2-1251.017","FCM"
1995,444.340032472869,"LE2-1251.017","FCM"
1996,426.356388302949,"LE2-1251.017","FCM"
1997,426.76208145128,"LE2-1251.017","FCM"
1998,437.381973824579,"LE2-1251.017","FCM"
1999,421.249056239942,"LE2-1251.017","FCM"
2000,579.526914060284,"LE2-1251.017","FCM"
2001,619.139684929174,"LE2-1251.017","FCM"
2002,576.600468278705,"LE2-1251.017","FCM"
2003,622.950432450174,"LE2-1251.017","FCM"
2004,666.498311883797,"LE2-1251.017","FCM"
2005,703.746713070527,"LE2-1251.017","FCM"
2006,703.267365455467,"LE2-1251.017","FCM"
2007,716.876138697899,"LE2-1251.017","FCM"
2008,725.805460935302,"LE2-1251.017","FCM"
2009,688.309470345259,"LE2-1251.017","FCM"
2010,685.436208171451,"LE2-1251.017","FCM"
2011,667.400756990693,"LE2-1251.017","FCM"
2012,650.488031660085,"LE2-1251.017","FCM"
2013,627.042121786631,"LE2-1251.017","FCM"
2014,596.387323332036,"LE2-1251.017","FCM"
1964,473.539736361051,"LE2-1251.018","FCM"
1965,494.843691632865,"LE2-1251.018","FCM"
1966,494.650944290596,"LE2-1251.018","FCM"
1967,501.687532045353,"LE2-1251.018","FCM"
1968,495.996804074232,"LE2-1251.018","FCM"
1969,525.576527547129,"LE2-1251.018","FCM"
1970,493.714383643728,"LE2-1251.018","FCM"
1971,507.765712045631,"LE2-1251.018","FCM"
1972,470.140898600793,"LE2-1251.018","FCM"
1973,484.775817690287,"LE2-1251.018","FCM"
1974,576.790641614908,"LE2-1251.018","FCM"
1975,584.964516912262,"LE2-1251.018","FCM"
1976,584.360113382828,"LE2-1251.018","FCM"
1977,589.509576539647,"LE2-1251.018","FCM"
1978,590.950956960128,"LE2-1251.018","FCM"
1979,607.303442547066,"LE2-1251.018","FCM"
1980,606.02493553972,"LE2-1251.018","FCM"
1981,620.019000689686,"LE2-1251.018","FCM"
1982,612.19127362481,"LE2-1251.018","FCM"
1983,599.003561636367,"LE2-1251.018","FCM"
1984,580.499014457816,"LE2-1251.018","FCM"
1985,593.899348111543,"LE2-1251.018","FCM"
1986,585.775397757504,"LE2-1251.018","FCM"
1987,589.262664133378,"LE2-1251.018","FCM"
1988,593.733164136845,"LE2-1251.018","FCM"
1989,527.398485833945,"LE2-1251.018","FCM"
1990,522.648238651054,"LE2-1251.018","FCM"
1991,526.646795502044,"LE2-1251.018","FCM"
1992,507.557344766088,"LE2-1251.018","FCM"
1993,494.095300941158,"LE2-1251.018","FCM"
1994,370.796134112197,"LE2-1251.018","FCM"
1995,420.45356749262,"LE2-1251.018","FCM"
1996,423.559898468208,"LE2-1251.018","FCM"
1997,471.319831518293,"LE2-1251.018","FCM"
1998,466.28879698633,"LE2-1251.018","FCM"
1999,495.463816442365,"LE2-1251.018","FCM"
2000,491.972210070002,"LE2-1251.018","FCM"
2001,502.676347165102,"LE2-1251.018","FCM"
2002,543.477357774359,"LE2-1251.018","FCM"
2003,541.638993278574,"LE2-1251.018","FCM"
2004,520.686543865456,"LE2-1251.018","FCM"
2005,557.049229245986,"LE2-1251.018","FCM"
2006,521.685797450145,"LE2-1251.018","FCM"
2007,525.975390774008,"LE2-1251.018","FCM"
2008,525.872554746242,"LE2-1251.018","FCM"
2009,545.095779990936,"LE2-1251.018","FCM"
2010,526.528263746242,"LE2-1251.018","FCM"
2011,520.071524733669,"LE2-1251.018","FCM"
2012,490.853824293356,"LE2-1251.018","FCM"
2013,497.738808973684,"LE2-1251.018","FCM"
2014,467.878791218628,"LE2-1251.018","FCM"
1964,460.202956267464,"LE2-1251.019","FCM"
1965,472.37620798812,"LE2-1251.019","FCM"
1966,473.842554667077,"LE2-1251.019","FCM"
1967,559.370368634463,"LE2-1251.019","FCM"
1968,602.945998064502,"LE2-1251.019","FCM"
1969,643.316557664048,"LE2-1251.019","FCM"
1970,653.242331383772,"LE2-1251.019","FCM"
1971,656.77464903807,"LE2-1251.019","FCM"
1972,652.373378864355,"LE2-1251.019","FCM"
1973,660.694570400157,"LE2-1251.019","FCM"
1974,579.968242989273,"LE2-1251.019","FCM"
1975,570.697136373788,"LE2-1251.019","FCM"
1976,575.619643035931,"LE2-1251.019","FCM"
1977,670.844908838163,"LE2-1251.019","FCM"
1978,673.565310791578,"LE2-1251.019","FCM"
1979,671.134817271317,"LE2-1251.019","FCM"
1980,663.469420601238,"LE2-1251.019","FCM"
1981,663.559122018515,"LE2-1251.019","FCM"
1982,583.460034932178,"LE2-1251.019","FCM"
1983,560.199493488442,"LE2-1251.019","FCM"
1984,575.066329586168,"LE2-1251.019","FCM"
1985,591.346689005942,"LE2-1251.019","FCM"
1986,590.382805894019,"LE2-1251.019","FCM"
1987,546.130020291965,"LE2-1251.019","FCM"
1988,542.134648338699,"LE2-1251.019","FCM"
1989,536.830203600022,"LE2-1251.019","FCM"
1990,533.60414436425,"LE2-1251.019","FCM"
1991,536.993486127558,"LE2-1251.019","FCM"
1992,463.332494209596,"LE2-1251.019","FCM"
1993,482.888620816979,"LE2-1251.019","FCM"
1994,482.885346536107,"LE2-1251.019","FCM"
1995,471.852919177674,"LE2-1251.019","FCM"
1996,488.487350965499,"LE2-1251.019","FCM"
1997,462.525465807719,"LE2-1251.019","FCM"
1998,569.069435718735,"LE2-1251.019","FCM"
1999,572.108438813933,"LE2-1251.019","FCM"
2000,552.541209085907,"LE2-1251.019","FCM"
2001,565.275972221209,"LE2-1251.019","FCM"
2002,560.158900376143,"LE2-1251.019","FCM"
2003,549.218569444324,"LE2-1251.019","FCM"
2004,547.647238905733,"LE2-1251.019","FCM"
2005,566.826007288173,"LE2-1251.019","FCM"
2006,575.244508915419,"LE2-1251.019","FCM"
2007,499.667675340375,"LE2-1251.019","FCM"
2008,509.502390838888,"LE2-1251.019","FCM"
2009,497.446467249528,"LE2-1251.019","FCM"
2010,535.446855409284,"LE2-1251.019","FCM"
2011,559.180662726861,"LE2-1251.019","FCM"
2012,589.8926332446,"LE2-1251.019","FCM"
2013,517.659633580911,"LE2-1251.019","FCM"
2014,489.444054245543,"LE2-1251.019","FCM"
1964,495.549448578893,"LE2-1251.020","FCM"
1965,487.550344694446,"LE2-1251.020","FCM"
1966,456.208098635518,"LE2-1251.020","FCM"
1967,476.376088528368,"LE2-1251.020","FCM"
1968,479.489102875705,"LE2-1251.020","FCM"
1969,487.145055540491,"LE2-1251.020","FCM"
1970,501.345457779873,"LE2-1251.020","FCM"
1971,451.94941537738,"LE2-1251.020","FCM"
1972,457.831112133733,"LE2-1251.020","FCM"
1973,458.434129359535,"LE2-1251.020","FCM"
1974,449.302925535874,"LE2-1251.020","FCM"
1975,462.199760195527,"LE2-1251.020","FCM"
1976,505.629885110929,"LE2-1251.020","FCM"
1977,524.594895002305,"LE2-1251.020","FCM"
1978,591.623761920078,"LE2-1251.020","FCM"
1979,592.049823687306,"LE2-1251.020","FCM"
1980,620.882257878373,"LE2-1251.020","FCM"
1981,586.475803709759,"LE2-1251.020","FCM"
1982,573.643668223429,"LE2-1251.020","FCM"
1983,576.577904441192,"LE2-1251.020","FCM"
1984,553.240829006517,"LE2-1251.020","FCM"
1985,591.010707211719,"LE2-1251.020","FCM"
1986,612.440520812603,"LE2-1251.020","FCM"
1987,622.005507598726,"LE2-1251.020","FCM"
1988,614.028841072424,"LE2-1251.020","FCM"
1989,612.321383922593,"LE2-1251.020","FCM"
1990,583.257804242807,"LE2-1251.020","FCM"
1991,566.731926655941,"LE2-1251.020","FCM"
1992,555.369981025953,"LE2-1251.020","FCM"
1993,509.755353077994,"LE2-1251.020","FCM"
1994,520.506022657068,"LE2-1251.020","FCM"
1995,683.09552219957,"LE2-1251.020","FCM"
1996,659.724521265163,"LE2-1251.020","FCM"
1997,686.890531786329,"LE2-1251.020","FCM"
1998,797.792826734316,"LE2-1251.020","FCM"
1999,795.60332603894,"LE2-1251.020","FCM"
2000,749.953968970766,"LE2-1251.020","FCM"
2001,735.502728828685,"LE2-1251.020","FCM"
2002,718.62264425046,"LE2-1251.020","FCM"
2003,715.699503678609,"LE2-1251.020","FCM"
2004,717.187121421198,"LE2-1251.020","FCM"
2005,713.153901501371,"LE2-1251.020","FCM"
2006,700.253441651895,"LE2-1251.020","FCM"
2007,691.751842663712,"LE2-1251.020","FCM"
2008,629.016357116433,"LE2-1251.020","FCM"
2009,563.883789908897,"LE2-1251.020","FCM"
2010,467.163795864303,"LE2-1251.020","FCM"
2011,510.284921940428,"LE2-1251.020","FCM"
2012,508.297174365467,"LE2-1251.020","FCM"
2013,340.82443346969,"LE2-1251.020","FCM"
2014,382.259544029171,"LE2-1251.020","FCM"
1964,586.218074508942,"LE2-1281.011","FCM"
1965,596.852429741989,"LE2-1281.011","FCM"
1966,584.360636636539,"LE2-1281.011","FCM"
1967,590.000712258449,"LE2-1281.011","FCM"
1968,577.386228986648,"LE2-1281.011","FCM"
1969,649.568144887478,"LE2-1281.011","FCM"
1970,660.309159633446,"LE2-1281.011","FCM"
1971,637.594582206474,"LE2-1281.011","FCM"
1972,637.133764872656,"LE2-1281.011","FCM"
1973,764.97097501495,"LE2-1281.011","FCM"
1974,755.098065074356,"LE2-1281.011","FCM"
1975,766.928978739897,"LE2-1281.011","FCM"
1976,761.299012691733,"LE2-1281.011","FCM"
1977,659.384979640469,"LE2-1281.011","FCM"
1978,677.935294525481,"LE2-1281.011","FCM"
1979,681.050027370568,"LE2-1281.011","FCM"
1980,692.915074974178,"LE2-1281.011","FCM"
1981,670.449459302106,"LE2-1281.011","FCM"
1982,613.871295770254,"LE2-1281.011","FCM"
1983,705.214305009712,"LE2-1281.011","FCM"
1984,685.144214050698,"LE2-1281.011","FCM"
1985,700.28594511356,"LE2-1281.011","FCM"
1986,713.794602998525,"LE2-1281.011","FCM"
1987,710.296246682907,"LE2-1281.011","FCM"
1988,632.653420409193,"LE2-1281.011","FCM"
1989,630.248913970549,"LE2-1281.011","FCM"
1990,613.232638151814,"LE2-1281.011","FCM"
1991,631.382551774329,"LE2-1281.011","FCM"
1992,635.307028803735,"LE2-1281.011","FCM"
1993,609.862105651379,"LE2-1281.011","FCM"
1994,608.299922807438,"LE2-1281.011","FCM"
1995,576.191966872057,"LE2-1281.011","FCM"
1996,705.00890255121,"LE2-1281.011","FCM"
1997,726.346453550364,"LE2-1281.011","FCM"
1998,634.214333159968,"LE2-1281.011","FCM"
1999,678.629871128256,"LE2-1281.011","FCM"
2000,638.740501793248,"LE2-1281.011","FCM"
2001,623.210967833145,"LE2-1281.011","FCM"
2002,634.986023328066,"LE2-1281.011","FCM"
2003,636.727469166079,"LE2-1281.011","FCM"
2004,631.94462263239,"LE2-1281.011","FCM"
2005,625.531312007143,"LE2-1281.011","FCM"
2006,616.323136133604,"LE2-1281.011","FCM"
2007,624.592189467136,"LE2-1281.011","FCM"
2008,640.733583950774,"LE2-1281.011","FCM"
2009,670.217800745544,"LE2-1281.011","FCM"
2010,681.233357025541,"LE2-1281.011","FCM"
2011,486.67933282981,"LE2-1281.011","FCM"
2012,513.374470653838,"LE2-1281.011","FCM"
2013,512.080597185245,"LE2-1281.011","FCM"
2014,453.70322228281,"LE2-1281.011","FCM"
1964,571.359031405371,"LE2-1281.012","FCM"
1965,568.885022023407,"LE2-1281.012","FCM"
1966,563.487112925763,"LE2-1281.012","FCM"
1967,532.173812325792,"LE2-1281.012","FCM"
1968,526.838737143068,"LE2-1281.012","FCM"
1969,491.526395995492,"LE2-1281.012","FCM"
1970,482.316190886576,"LE2-1281.012","FCM"
1971,485.461620803098,"LE2-1281.012","FCM"
1972,585.279696829339,"LE2-1281.012","FCM"
1973,551.96171006506,"LE2-1281.012","FCM"
1974,550.657575510551,"LE2-1281.012","FCM"
1975,498.244196983209,"LE2-1281.012","FCM"
1976,464.696159110732,"LE2-1281.012","FCM"
1977,622.975912206885,"LE2-1281.012","FCM"
1978,623.448432097621,"LE2-1281.012","FCM"
1979,649.996520415259,"LE2-1281.012","FCM"
1980,639.447045870568,"LE2-1281.012","FCM"
1981,646.439313236334,"LE2-1281.012","FCM"
1982,647.204540642483,"LE2-1281.012","FCM"
1983,668.434245878973,"LE2-1281.012","FCM"
1984,672.605534214425,"LE2-1281.012","FCM"
1985,671.873843352304,"LE2-1281.012","FCM"
1986,658.722858635353,"LE2-1281.012","FCM"
1987,607.515682582204,"LE2-1281.012","FCM"
1988,650.534987220927,"LE2-1281.012","FCM"
1989,650.181201060679,"LE2-1281.012","FCM"
1990,650.525706217221,"LE2-1281.012","FCM"
1991,651.129039116437,"LE2-1281.012","FCM"
1992,475.686549390319,"LE2-1281.012","FCM"
1993,532.94431699031,"LE2-1281.012","FCM"
1994,523.555045270911,"LE2-1281.012","FCM"
1995,522.182678526213,"LE2-1281.012","FCM"
1996,471.626189990057,"LE2-1281.012","FCM"
1997,477.212228865022,"LE2-1281.012","FCM"
1998,470.285729181163,"LE2-1281.012","FCM"
1999,485.982738956413,"LE2-1281.012","FCM"
2000,487.228690461024,"LE2-1281.012","FCM"
2001,475.334801870097,"LE2-1281.012","FCM"
2002,441.784278521968,"LE2-1281.012","FCM"
2003,369.781330876417,"LE2-1281.012","FCM"
2004,369.069817895003,"LE2-1281.012","FCM"
2005,377.303237598167,"LE2-1281.012","FCM"
2006,378.992872796586,"LE2-1281.012","FCM"
2007,358.176722257941,"LE2-1281.012","FCM"
2008,290.665222491993,"LE2-1281.012","FCM"
2009,294.376056367094,"LE2-1281.012","FCM"
2010,497.877819693094,"LE2-1281.012","FCM"
2011,503.817746371762,"LE2-1281.012","FCM"
2012,491.277707519056,"LE2-1281.012","FCM"
2013,502.629627692318,"LE2-1281.012","FCM"
2014,573.26360849004,"LE2-1281.012","FCM"
1964,573.266986945909,"LE2-1281.013","FCM"
1965,573.342025470217,"LE2-1281.013","FCM"
1966,591.360827899058,"LE2-1281.013","FCM"
1967,563.195233901153,"LE2-1281.013","FCM"
1968,567.377286904816,"LE2-1281.013","FCM"
1969,554.124963981714,"LE2-1281.013","FCM"
1970,543.387073022333,"LE2-1281.013","FCM"
1971,497.704108222488,"LE2-1281.013","FCM"
1972,508.449588396609,"LE2-1281.013","FCM"
1973,487.857492411992,"LE2-1281.013","FCM"
1974,474.645724652414,"LE2-1281.013","FCM"
1975,468.379408989341,"LE2-1281.013","FCM"
1976,551.478851346059,"LE2-1281.013","FCM"
1977,564.379915735867,"LE2-1281.013","FCM"
1978,549.869572846753,"LE2-1281.013","FCM"
1979,547.038258560551,"LE2-1281.013","FCM"
1980,559.571900623855,"LE2-1281.013","FCM"
1981,554.663307363669,"LE2-1281.013","FCM"
1982,556.781689472551,"LE2-1281.013","FCM"
1983,534.091953987505,"LE2-1281.013","FCM"
1984,534.189187592446,"LE2-1281.013","FCM"
1985,575.553447761594,"LE2-1281.013","FCM"
1986,551.200237683768,"LE2-1281.013","FCM"
1987,529.952367158315,"LE2-1281.013","FCM"
1988,546.990044555317,"LE2-1281.013","FCM"
1989,555.442174169556,"LE2-1281.013","FCM"
1990,556.689466504611,"LE2-1281.013","FCM"
1991,454.145070348187,"LE2-1281.013","FCM"
1992,493.200978257626,"LE2-1281.013","FCM"
1993,537.150311964408,"LE2-1281.013","FCM"
1994,549.409836196154,"LE2-1281.013","FCM"
1995,566.709358186179,"LE2-1281.013","FCM"
1996,528.549519358932,"LE2-1281.013","FCM"
1997,524.561892365439,"LE2-1281.013","FCM"
1998,594.435233109054,"LE2-1281.013","FCM"
1999,614.484647453025,"LE2-1281.013","FCM"
2000,568.397698986488,"LE2-1281.013","FCM"
2001,626.973092535341,"LE2-1281.013","FCM"
2002,640.44396298843,"LE2-1281.013","FCM"
2003,659.984777355485,"LE2-1281.013","FCM"
2004,742.483935175297,"LE2-1281.013","FCM"
2005,736.849385252055,"LE2-1281.013","FCM"
2006,782.890941270791,"LE2-1281.013","FCM"
2007,750.658266704217,"LE2-1281.013","FCM"
2008,724.088527369924,"LE2-1281.013","FCM"
2009,725.615651693514,"LE2-1281.013","FCM"
2010,699.325058783415,"LE2-1281.013","FCM"
2011,662.877847434762,"LE2-1281.013","FCM"
2012,664.5226214632,"LE2-1281.013","FCM"
2013,628.105546449718,"LE2-1281.013","FCM"
2014,618.458175041517,"LE2-1281.013","FCM"
1964,422.040633573559,"LE2-1281.014","FCM"
1965,385.305622787607,"LE2-1281.014","FCM"
1966,448.568019294237,"LE2-1281.014","FCM"
1967,434.84550304786,"LE2-1281.014","FCM"
1968,426.802917286684,"LE2-1281.014","FCM"
1969,427.759613107251,"LE2-1281.014","FCM"
1970,424.465194647642,"LE2-1281.014","FCM"
1971,479.314565297722,"LE2-1281.014","FCM"
1972,498.111346956029,"LE2-1281.014","FCM"
1973,485.195185425512,"LE2-1281.014","FCM"
1974,527.111734674385,"LE2-1281.014","FCM"
1975,552.870384972175,"LE2-1281.014","FCM"
1976,548.136810035706,"LE2-1281.014","FCM"
1977,551.126757462432,"LE2-1281.014","FCM"
1978,552.380193512807,"LE2-1281.014","FCM"
1979,562.344136852046,"LE2-1281.014","FCM"
1980,545.508496348195,"LE2-1281.014","FCM"
1981,489.491983272157,"LE2-1281.014","FCM"
1982,478.061488189341,"LE2-1281.014","FCM"
1983,517.191780054663,"LE2-1281.014","FCM"
1984,509.999747574804,"LE2-1281.014","FCM"
1985,528.394261793216,"LE2-1281.014","FCM"
1986,540.820982566673,"LE2-1281.014","FCM"
1987,504.166047297912,"LE2-1281.014","FCM"
1988,543.474242552732,"LE2-1281.014","FCM"
1989,483.446433005517,"LE2-1281.014","FCM"
1990,458.624525761371,"LE2-1281.014","FCM"
1991,469.718849835652,"LE2-1281.014","FCM"
1992,511.506000779343,"LE2-1281.014","FCM"
1993,512.265695474751,"LE2-1281.014","FCM"
1994,526.898033971948,"LE2-1281.014","FCM"
1995,582.589754483774,"LE2-1281.014","FCM"
1996,581.900648016085,"LE2-1281.014","FCM"
1997,581.958528478714,"LE2-1281.014","FCM"
1998,555.581000655164,"LE2-1281.014","FCM"
1999,556.984053313195,"LE2-1281.014","FCM"
2000,538.409207094162,"LE2-1281.014","FCM"
2001,498.579079709851,"LE2-1281.014","FCM"
2002,504.713129138836,"LE2-1281.014","FCM"
2003,523.48308326009,"LE2-1281.014","FCM"
2004,535.495513522221,"LE2-1281.014","FCM"
2005,536.637049159339,"LE2-1281.014","FCM"
2006,588.044793213256,"LE2-1281.014","FCM"
2007,561.333527200539,"LE2-1281.014","FCM"
2008,558.160025951782,"LE2-1281.014","FCM"
2009,538.127301564857,"LE2-1281.014","FCM"
2010,487.838154967895,"LE2-1281.014","FCM"
2011,492.266115038411,"LE2-1281.014","FCM"
2012,507.234236660703,"LE2-1281.014","FCM"
2013,528.607721313278,"LE2-1281.014","FCM"
2014,566.954237623624,"LE2-1281.014","FCM"
1964,508.700104314759,"LE2-1281.015","FCM"
1965,522.4242510827,"LE2-1281.015","FCM"
1966,526.902887580857,"LE2-1281.015","FCM"
1967,526.539116073307,"LE2-1281.015","FCM"
1968,543.432591552896,"LE2-1281.015","FCM"
1969,604.094301511059,"LE2-1281.015","FCM"
1970,615.393192482723,"LE2-1281.015","FCM"
1971,621.110120775933,"LE2-1281.015","FCM"
1972,634.643525612808,"LE2-1281.015","FCM"
1973,643.81581383819,"LE2-1281.015","FCM"
1974,639.944626136306,"LE2-1281.015","FCM"
1975,630.001013629817,"LE2-1281.015","FCM"
1976,530.284181568696,"LE2-1281.015","FCM"
1977,530.603022914329,"LE2-1281.015","FCM"
1978,572.416440761973,"LE2-1281.015","FCM"
1979,570.284566136399,"LE2-1281.015","FCM"
1980,553.27673867085,"LE2-1281.015","FCM"
1981,555.342840032093,"LE2-1281.015","FCM"
1982,563.438505043024,"LE2-1281.015","FCM"
1983,592.420091885128,"LE2-1281.015","FCM"
1984,543.034999348445,"LE2-1281.015","FCM"
1985,559.303358955918,"LE2-1281.015","FCM"
1986,563.641478893264,"LE2-1281.015","FCM"
1987,569.801425253695,"LE2-1281.015","FCM"
1988,610.854545204967,"LE2-1281.015","FCM"
1989,612.284443349539,"LE2-1281.015","FCM"
1990,611.870803160115,"LE2-1281.015","FCM"
1991,645.373701223837,"LE2-1281.015","FCM"
1992,647.48729206106,"LE2-1281.015","FCM"
1993,611.457374692049,"LE2-1281.015","FCM"
1994,616.269042642606,"LE2-1281.015","FCM"
1995,611.28826335822,"LE2-1281.015","FCM"
1996,632.195161105017,"LE2-1281.015","FCM"
1997,629.190708854834,"LE2-1281.015","FCM"
1998,554.165405713105,"LE2-1281.015","FCM"
1999,523.850414668605,"LE2-1281.015","FCM"
2000,492.997985033305,"LE2-1281.015","FCM"
2001,455.130999967796,"LE2-1281.015","FCM"
2002,514.987967717206,"LE2-1281.015","FCM"
2003,466.264785800667,"LE2-1281.015","FCM"
2004,476.61205798283,"LE2-1281.015","FCM"
2005,489.845012833578,"LE2-1281.015","FCM"
2006,418.877606961623,"LE2-1281.015","FCM"
2007,403.207833440266,"LE2-1281.015","FCM"
2008,469.289106596211,"LE2-1281.015","FCM"
2009,518.163858296602,"LE2-1281.015","FCM"
2010,560.095642494531,"LE2-1281.015","FCM"
2011,550.255723254284,"LE2-1281.015","FCM"
2012,572.532381267205,"LE2-1281.015","FCM"
2013,576.771263264087,"LE2-1281.015","FCM"
2014,586.401031860029,"LE2-1281.015","FCM"
1964,482.500716038093,"LE2-1281.016","FCM"
1965,401.106163884988,"LE2-1281.016","FCM"
1966,398.045500897041,"LE2-1281.016","FCM"
1967,370.115666994887,"LE2-1281.016","FCM"
1968,351.592964648361,"LE2-1281.016","FCM"
1969,338.189523617918,"LE2-1281.016","FCM"
1970,324.256040183031,"LE2-1281.016","FCM"
1971,439.629344119396,"LE2-1281.016","FCM"
1972,431.131981460077,"LE2-1281.016","FCM"
1973,438.385501792097,"LE2-1281.016","FCM"
1974,426.201966028048,"LE2-1281.016","FCM"
1975,418.733424804943,"LE2-1281.016","FCM"
1976,489.955904231937,"LE2-1281.016","FCM"
1977,474.349415480361,"LE2-1281.016","FCM"
1978,498.624221378606,"LE2-1281.016","FCM"
1979,511.045914431426,"LE2-1281.016","FCM"
1980,535.201716126238,"LE2-1281.016","FCM"
1981,528.745215073432,"LE2-1281.016","FCM"
1982,564.060133679138,"LE2-1281.016","FCM"
1983,605.076884752477,"LE2-1281.016","FCM"
1984,599.832527258848,"LE2-1281.016","FCM"
1985,628.90341299591,"LE2-1281.016","FCM"
1986,706.608655753876,"LE2-1281.016","FCM"
1987,697.721809943111,"LE2-1281.016","FCM"
1988,690.753999884972,"LE2-1281.016","FCM"
1989,691.033331716174,"LE2-1281.016","FCM"
1990,707.530388400915,"LE2-1281.016","FCM"
1991,655.35345307679,"LE2-1281.016","FCM"
1992,669.641576649928,"LE2-1281.016","FCM"
1993,702.762645668434,"LE2-1281.016","FCM"
1994,653.471843070579,"LE2-1281.016","FCM"
1995,595.540852258194,"LE2-1281.016","FCM"
1996,595.51307748482,"LE2-1281.016","FCM"
1997,596.463635764874,"LE2-1281.016","FCM"
1998,583.651002208864,"LE2-1281.016","FCM"
1999,579.467551598341,"LE2-1281.016","FCM"
2000,572.322551600229,"LE2-1281.016","FCM"
2001,597.423218461102,"LE2-1281.016","FCM"
2002,629.226193723224,"LE2-1281.016","FCM"
2003,637.634270944176,"LE2-1281.016","FCM"
2004,731.078172266209,"LE2-1281.016","FCM"
2005,690.161187716015,"LE2-1281.016","FCM"
2006,677.937751421872,"LE2-1281.016","FCM"
2007,646.698465911614,"LE2-1281.016","FCM"
2008,626.075989584279,"LE2-1281.016","FCM"
2009,690.38352569908,"LE2-1281.016","FCM"
2010,691.339587478814,"LE2-1281.016","FCM"
2011,698.199186070416,"LE2-1281.016","FCM"
2012,696.605921710189,"LE2-1281.016","FCM"
2013,699.39650427809,"LE2-1281.016","FCM"
2014,691.618622569433,"LE2-1281.016","FCM"
1964,574.369189918351,"LE2-1281.017","FCM"
1965,567.222884584631,"LE2-1281.017","FCM"
1966,512.966936169479,"LE2-1281.017","FCM"
1967,477.158063176677,"LE2-1281.017","FCM"
1968,474.608741339068,"LE2-1281.017","FCM"
1969,439.012407781117,"LE2-1281.017","FCM"
1970,462.25999080903,"LE2-1281.017","FCM"
1971,461.494722659307,"LE2-1281.017","FCM"
1972,413.709772798578,"LE2-1281.017","FCM"
1973,425.520972263828,"LE2-1281.017","FCM"
1974,403.028991432678,"LE2-1281.017","FCM"
1975,437.48696867112,"LE2-1281.017","FCM"
1976,379.44846947283,"LE2-1281.017","FCM"
1977,414.749644104006,"LE2-1281.017","FCM"
1978,412.178307418437,"LE2-1281.017","FCM"
1979,411.828806334726,"LE2-1281.017","FCM"
1980,412.678174878724,"LE2-1281.017","FCM"
1981,414.525392176555,"LE2-1281.017","FCM"
1982,415.807551539389,"LE2-1281.017","FCM"
1983,495.367767232343,"LE2-1281.017","FCM"
1984,552.888692364309,"LE2-1281.017","FCM"
1985,525.982768394691,"LE2-1281.017","FCM"
1986,528.479926585413,"LE2-1281.017","FCM"
1987,546.597547083941,"LE2-1281.017","FCM"
1988,550.351201349343,"LE2-1281.017","FCM"
1989,550.968616460432,"LE2-1281.017","FCM"
1990,609.893779926132,"LE2-1281.017","FCM"
1991,617.172526190419,"LE2-1281.017","FCM"
1992,667.311601470592,"LE2-1281.017","FCM"
1993,672.983538540841,"LE2-1281.017","FCM"
1994,682.630442342159,"LE2-1281.017","FCM"
1995,697.850292669926,"LE2-1281.017","FCM"
1996,696.856203762442,"LE2-1281.017","FCM"
1997,735.374086756834,"LE2-1281.017","FCM"
1998,675.280421968986,"LE2-1281.017","FCM"
1999,658.839795704354,"LE2-1281.017","FCM"
2000,669.683022217064,"LE2-1281.017","FCM"
2001,695.278147941588,"LE2-1281.017","FCM"
2002,671.224958501559,"LE2-1281.017","FCM"
2003,690.234916199177,"LE2-1281.017","FCM"
2004,688.192439888631,"LE2-1281.017","FCM"
2005,731.321359110889,"LE2-1281.017","FCM"
2006,763.094512743208,"LE2-1281.017","FCM"
2007,666.088635637086,"LE2-1281.017","FCM"
2008,664.04954459057,"LE2-1281.017","FCM"
2009,637.939135085181,"LE2-1281.017","FCM"
2010,641.605590285855,"LE2-1281.017","FCM"
2011,643.145131072234,"LE2-1281.017","FCM"
2012,630.117582196388,"LE2-1281.017","FCM"
2013,681.440463119126,"LE2-1281.017","FCM"
2014,640.885550407842,"LE2-1281.017","FCM"
1964,461.831161996796,"LE2-1281.018","FCM"
1965,518.26911004755,"LE2-1281.018","FCM"
1966,503.813352050892,"LE2-1281.018","FCM"
1967,569.252441349867,"LE2-1281.018","FCM"
1968,563.655362626053,"LE2-1281.018","FCM"
1969,618.935304433183,"LE2-1281.018","FCM"
1970,649.298629127834,"LE2-1281.018","FCM"
1971,646.344070049922,"LE2-1281.018","FCM"
1972,638.58715090415,"LE2-1281.018","FCM"
1973,624.090793491705,"LE2-1281.018","FCM"
1974,631.489648664893,"LE2-1281.018","FCM"
1975,623.321495803372,"LE2-1281.018","FCM"
1976,629.352763965116,"LE2-1281.018","FCM"
1977,632.978614606584,"LE2-1281.018","FCM"
1978,619.914760632783,"LE2-1281.018","FCM"
1979,661.488437566956,"LE2-1281.018","FCM"
1980,620.347832051481,"LE2-1281.018","FCM"
1981,622.111954104887,"LE2-1281.018","FCM"
1982,586.36542267681,"LE2-1281.018","FCM"
1983,589.838315232068,"LE2-1281.018","FCM"
1984,523.025951943821,"LE2-1281.018","FCM"
1985,474.298952210145,"LE2-1281.018","FCM"
1986,478.753337698113,"LE2-1281.018","FCM"
1987,491.385044880515,"LE2-1281.018","FCM"
1988,491.758715512743,"LE2-1281.018","FCM"
1989,459.295313070151,"LE2-1281.018","FCM"
1990,493.295276848616,"LE2-1281.018","FCM"
1991,495.712842117696,"LE2-1281.018","FCM"
1992,503.823310873458,"LE2-1281.018","FCM"
1993,480.701637873676,"LE2-1281.018","FCM"
1994,371.546810753507,"LE2-1281.018","FCM"
1995,320.565809990096,"LE2-1281.018","FCM"
1996,325.787437800999,"LE2-1281.018","FCM"
1997,327.308248859014,"LE2-1281.018","FCM"
1998,314.968670531268,"LE2-1281.018","FCM"
1999,312.272728301539,"LE2-1281.018","FCM"
2000,365.213981288399,"LE2-1281.018","FCM"
2001,382.0821363822,"LE2-1281.018","FCM"
2002,366.219317000324,"LE2-1281.018","FCM"
2003,386.458198342367,"LE2-1281.018","FCM"
2004,387.877888124246,"LE2-1281.018","FCM"
2005,394.763470661441,"LE2-1281.018","FCM"
2006,368.748826494665,"LE2-1281.018","FCM"
2007,337.508654593518,"LE2-1281.018","FCM"
2008,344.442052711955,"LE2-1281.018","FCM"
2009,359.433139570349,"LE2-1281.018","FCM"
2010,351.023505348212,"LE2-1281.018","FCM"
2011,387.367733590796,"LE2-1281.018","FCM"
2012,399.843151207554,"LE2-1281.018","FCM"
2013,397.686433564959,"LE2-1281.018","FCM"
2014,401.066010916647,"LE2-1281.018","FCM"
1964,515.43978664228,"LE2-1281.019","FCM"
1965,512.683712639339,"LE2-1281.019","FCM"
1966,509.267529437161,"LE2-1281.019","FCM"
1967,500.772921896203,"LE2-1281.019","FCM"
1968,525.805755216143,"LE2-1281.019","FCM"
1969,535.759913151242,"LE2-1281.019","FCM"
1970,531.995030959578,"LE2-1281.019","FCM"
1971,546.111457720657,"LE2-1281.019","FCM"
1972,538.939173913143,"LE2-1281.019","FCM"
1973,536.898787740815,"LE2-1281.019","FCM"
1974,541.745426733476,"LE2-1281.019","FCM"
1975,539.382226530155,"LE2-1281.019","FCM"
1976,461.101580413744,"LE2-1281.019","FCM"
1977,430.62527833733,"LE2-1281.019","FCM"
1978,451.471398223476,"LE2-1281.019","FCM"
1979,476.443089431692,"LE2-1281.019","FCM"
1980,480.277120676551,"LE2-1281.019","FCM"
1981,479.85324572683,"LE2-1281.019","FCM"
1982,479.797709231295,"LE2-1281.019","FCM"
1983,428.069402925306,"LE2-1281.019","FCM"
1984,381.306638290454,"LE2-1281.019","FCM"
1985,388.191231262232,"LE2-1281.019","FCM"
1986,341.764119309635,"LE2-1281.019","FCM"
1987,342.02288759159,"LE2-1281.019","FCM"
1988,340.248923866594,"LE2-1281.019","FCM"
1989,346.234011422194,"LE2-1281.019","FCM"
1990,356.35275880513,"LE2-1281.019","FCM"
1991,352.928993576903,"LE2-1281.019","FCM"
1992,387.987033850259,"LE2-1281.019","FCM"
1993,391.263232881382,"LE2-1281.019","FCM"
1994,386.86712295956,"LE2-1281.019","FCM"
1995,405.375116175673,"LE2-1281.019","FCM"
1996,411.374261746364,"LE2-1281.019","FCM"
1997,406.491984290752,"LE2-1281.019","FCM"
1998,403.791509466458,"LE2-1281.019","FCM"
1999,439.612971233087,"LE2-1281.019","FCM"
2000,426.372798208838,"LE2-1281.019","FCM"
2001,454.984476271927,"LE2-1281.019","FCM"
2002,450.992493818832,"LE2-1281.019","FCM"
2003,481.734037537276,"LE2-1281.019","FCM"
2004,483.264793050395,"LE2-1281.019","FCM"
2005,386.740971055756,"LE2-1281.019","FCM"
2006,364.22197899562,"LE2-1281.019","FCM"
2007,409.200581150831,"LE2-1281.019","FCM"
2008,491.998717147312,"LE2-1281.019","FCM"
2009,586.657006104875,"LE2-1281.019","FCM"
2010,583.85645549306,"LE2-1281.019","FCM"
2011,608.054163576679,"LE2-1281.019","FCM"
2012,610.648037221092,"LE2-1281.019","FCM"
2013,610.10322867744,"LE2-1281.019","FCM"
2014,570.310578309729,"LE2-1281.019","FCM"
1964,505.684344795821,"LE2-1281.020","FCM"
1965,457.242819638438,"LE2-1281.020","FCM"
1966,437.121158111238,"LE2-1281.020","FCM"
1967,438.225457216391,"LE2-1281.020","FCM"
1968,406.545677621023,"LE2-1281.020","FCM"
1969,428.957878021385,"LE2-1281.020","FCM"
1970,449.449541218013,"LE2-1281.020","FCM"
1971,526.778851389551,"LE2-1281.020","FCM"
1972,495.819032348869,"LE2-1281.020","FCM"
1973,500.420970880481,"LE2-1281.020","FCM"
1974,474.030635946586,"LE2-1281.020","FCM"
1975,503.112813485997,"LE2-1281.020","FCM"
1976,493.046793384683,"LE2-1281.020","FCM"
1977,533.586064957564,"LE2-1281.020","FCM"
1978,501.715815882217,"LE2-1281.020","FCM"
1979,508.528934210084,"LE2-1281.020","FCM"
1980,509.868471119034,"LE2-1281.020","FCM"
1981,529.611251657457,"LE2-1281.020","FCM"
1982,529.101157836582,"LE2-1281.020","FCM"
1983,569.920617246528,"LE2-1281.020","FCM"
1984,575.614635450924,"LE2-1281.020","FCM"
1985,589.805712082626,"LE2-1281.020","FCM"
1986,519.791478070582,"LE2-1281.020","FCM"
1987,569.734045839185,"LE2-1281.020","FCM"
1988,583.410343566695,"LE2-1281.020","FCM"
1989,599.554491712946,"LE2-1281.020","FCM"
1990,577.841830320153,"LE2-1281.020","FCM"
1991,562.316932388336,"LE2-1281.020","FCM"
1992,508.702232218977,"LE2-1281.020","FCM"
1993,522.117892190059,"LE2-1281.020","FCM"
1994,608.542393953449,"LE2-1281.020","FCM"
1995,616.428964882544,"LE2-1281.020","FCM"
1996,662.327146084805,"LE2-1281.020","FCM"
1997,668.688498526892,"LE2-1281.020","FCM"
1998,638.814547691857,"LE2-1281.020","FCM"
1999,651.878629650409,"LE2-1281.020","FCM"
2000,620.533363108147,"LE2-1281.020","FCM"
2001,588.470814364194,"LE2-1281.020","FCM"
2002,568.754962258549,"LE2-1281.020","FCM"
2003,574.457051438587,"LE2-1281.020","FCM"
2004,567.160857703914,"LE2-1281.020","FCM"
2005,597.323600983585,"LE2-1281.020","FCM"
2006,596.795414427284,"LE2-1281.020","FCM"
2007,596.886047289806,"LE2-1281.020","FCM"
2008,586.48767074152,"LE2-1281.020","FCM"
2009,536.818385641941,"LE2-1281.020","FCM"
2010,528.395709251215,"LE2-1281.020","FCM"
2011,402.140097373635,"LE2-1281.020","FCM"
2012,475.150940959986,"LE2-1281.020","FCM"
2013,486.486495102655,"LE2-1281.020","FCM"
2014,465.499516700651,"LE2-1281.020","FCM"
1964,453.072642747565,"LE2-1301.011","FCM"
1965,398.929541453909,"LE2-1301.011","FCM"
1966,374.546342890055,"LE2-1301.011","FCM"
1967,365.080847129835,"LE2-1301.011","FCM"
1968,369.732264930805,"LE2-1301.011","FCM"
1969,490.168735545332,"LE2-1301.011","FCM"
1970,474.960494647154,"LE2-1301.011","FCM"
1971,477.277795302895,"LE2-1301.011","FCM"
1972,474.772707740757,"LE2-1301.011","FCM"
1973,482.889860032851,"LE2-1301.011","FCM"
1974,688.455800826505,"LE2-1301.011","FCM"
1975,673.575377648486,"LE2-1301.011","FCM"
1976,649.476669839999,"LE2-1301.011","FCM"
1977,656.550051386343,"LE2-1301.011","FCM"
1978,651.681061320339,"LE2-1301.011","FCM"
1979,672.557023484808,"LE2-1301.011","FCM"
1980,713.193658472368,"LE2-1301.011","FCM"
1981,747.117552334269,"LE2-1301.011","FCM"
1982,753.370412664559,"LE2-1301.011","FCM"
1983,731.119887317189,"LE2-1301.011","FCM"
1984,701.88027910145,"LE2-1301.011","FCM"
1985,756.40110129258,"LE2-1301.011","FCM"
1986,775.220776001515,"LE2-1301.011","FCM"
1987,802.680322875122,"LE2-1301.011","FCM"
1988,793.335988770918,"LE2-1301.011","FCM"
1989,657.513250105493,"LE2-1301.011","FCM"
1990,672.171972353115,"LE2-1301.011","FCM"
1991,717.195798991077,"LE2-1301.011","FCM"
1992,703.779585018757,"LE2-1301.011","FCM"
1993,722.763857474999,"LE2-1301.011","FCM"
1994,707.130732671013,"LE2-1301.011","FCM"
1995,671.657666258583,"LE2-1301.011","FCM"
1996,633.566757667863,"LE2-1301.011","FCM"
1997,597.715543393358,"LE2-1301.011","FCM"
1998,609.59504425621,"LE2-1301.011","FCM"
1999,600.731150369766,"LE2-1301.011","FCM"
2000,561.746030519751,"LE2-1301.011","FCM"
2001,546.879580067836,"LE2-1301.011","FCM"
2002,485.235829793295,"LE2-1301.011","FCM"
2003,490.007917516904,"LE2-1301.011","FCM"
2004,498.519895364552,"LE2-1301.011","FCM"
2005,472.81855632526,"LE2-1301.011","FCM"
2006,415.061334580267,"LE2-1301.011","FCM"
2007,430.768942486812,"LE2-1301.011","FCM"
2008,384.675423775234,"LE2-1301.011","FCM"
2009,379.394801479942,"LE2-1301.011","FCM"
2010,343.967366990842,"LE2-1301.011","FCM"
2011,422.645302037206,"LE2-1301.011","FCM"
2012,406.527651004726,"LE2-1301.011","FCM"
2013,423.434896959644,"LE2-1301.011","FCM"
2014,419.98520777219,"LE2-1301.011","FCM"
1964,506.647877420455,"LE2-1301.012","FCM"
1965,529.884818732581,"LE2-1301.012","FCM"
1966,482.318587193978,"LE2-1301.012","FCM"
1967,514.924905022532,"LE2-1301.012","FCM"
1968,505.959268016952,"LE2-1301.012","FCM"
1969,433.761153836848,"LE2-1301.012","FCM"
1970,460.176733575886,"LE2-1301.012","FCM"
1971,448.514003529116,"LE2-1301.012","FCM"
1972,474.324831504111,"LE2-1301.012","FCM"
1973,473.275679365858,"LE2-1301.012","FCM"
1974,445.073861567589,"LE2-1301.012","FCM"
1975,442.812738528591,"LE2-1301.012","FCM"
1976,454.258225256673,"LE2-1301.012","FCM"
1977,454.697175456269,"LE2-1301.012","FCM"
1978,416.245928524083,"LE2-1301.012","FCM"
1979,362.542618801404,"LE2-1301.012","FCM"
1980,355.681013276933,"LE2-1301.012","FCM"
1981,389.948620867481,"LE2-1301.012","FCM"
1982,392.272407937263,"LE2-1301.012","FCM"
1983,391.69019414286,"LE2-1301.012","FCM"
1984,388.038398900286,"LE2-1301.012","FCM"
1985,359.280194528815,"LE2-1301.012","FCM"
1986,355.87756622792,"LE2-1301.012","FCM"
1987,320.881192468889,"LE2-1301.012","FCM"
1988,353.229224184306,"LE2-1301.012","FCM"
1989,362.150185604088,"LE2-1301.012","FCM"
1990,405.42277932946,"LE2-1301.012","FCM"
1991,352.412557853516,"LE2-1301.012","FCM"
1992,318.793911411517,"LE2-1301.012","FCM"
1993,315.910759088415,"LE2-1301.012","FCM"
1994,320.877260689501,"LE2-1301.012","FCM"
1995,317.545595247316,"LE2-1301.012","FCM"
1996,306.781993263454,"LE2-1301.012","FCM"
1997,310.442422326853,"LE2-1301.012","FCM"
1998,323.230297367072,"LE2-1301.012","FCM"
1999,305.413988321929,"LE2-1301.012","FCM"
2000,307.378518859979,"LE2-1301.012","FCM"
2001,361.67704900629,"LE2-1301.012","FCM"
2002,368.677177900521,"LE2-1301.012","FCM"
2003,428.387746257383,"LE2-1301.012","FCM"
2004,447.769989897843,"LE2-1301.012","FCM"
2005,407.057861457204,"LE2-1301.012","FCM"
2006,409.082531840771,"LE2-1301.012","FCM"
2007,424.442420610969,"LE2-1301.012","FCM"
2008,424.559077888066,"LE2-1301.012","FCM"
2009,426.049215020244,"LE2-1301.012","FCM"
2010,423.574642632044,"LE2-1301.012","FCM"
2011,426.23243319727,"LE2-1301.012","FCM"
2012,413.699153451519,"LE2-1301.012","FCM"
2013,427.018504991197,"LE2-1301.012","FCM"
2014,436.556419419298,"LE2-1301.012","FCM"
1964,504.764387971209,"LE2-1301.013","FCM"
1965,543.42043114759,"LE2-1301.013","FCM"
1966,538.347433801142,"LE2-1301.013","FCM"
1967,565.248172372074,"LE2-1301.013","FCM"
1968,568.694602255764,"LE2-1301.013","FCM"
1969,571.765330208362,"LE2-1301.013","FCM"
1970,561.979851610925,"LE2-1301.013","FCM"
1971,545.680423428392,"LE2-1301.013","FCM"
1972,488.117629662119,"LE2-1301.013","FCM"
1973,477.229907125653,"LE2-1301.013","FCM"
1974,475.653722346781,"LE2-1301.013","FCM"
1975,424.165170938654,"LE2-1301.013","FCM"
1976,437.771970241774,"LE2-1301.013","FCM"
1977,435.175432970794,"LE2-1301.013","FCM"
1978,436.189758253167,"LE2-1301.013","FCM"
1979,507.441058576847,"LE2-1301.013","FCM"
1980,567.588623377402,"LE2-1301.013","FCM"
1981,573.632047644672,"LE2-1301.013","FCM"
1982,526.587141876276,"LE2-1301.013","FCM"
1983,535.736642770865,"LE2-1301.013","FCM"
1984,536.197673770211,"LE2-1301.013","FCM"
1985,551.581408301996,"LE2-1301.013","FCM"
1986,547.918018444083,"LE2-1301.013","FCM"
1987,551.682563256497,"LE2-1301.013","FCM"
1988,636.472922621836,"LE2-1301.013","FCM"
1989,653.040541978746,"LE2-1301.013","FCM"
1990,651.030205007968,"LE2-1301.013","FCM"
1991,646.75307006287,"LE2-1301.013","FCM"
1992,658.390325401001,"LE2-1301.013","FCM"
1993,658.586489209707,"LE2-1301.013","FCM"
1994,604.973901561436,"LE2-1301.013","FCM"
1995,554.79831921532,"LE2-1301.013","FCM"
1996,601.364112014011,"LE2-1301.013","FCM"
1997,603.931928417002,"LE2-1301.013","FCM"
1998,602.446283690578,"LE2-1301.013","FCM"
1999,635.850958935878,"LE2-1301.013","FCM"
2000,664.650631393743,"LE2-1301.013","FCM"
2001,670.432420946301,"LE2-1301.013","FCM"
2002,674.618446119893,"LE2-1301.013","FCM"
2003,608.555467380593,"LE2-1301.013","FCM"
2004,596.68855278817,"LE2-1301.013","FCM"
2005,543.513271278262,"LE2-1301.013","FCM"
2006,549.020735587912,"LE2-1301.013","FCM"
2007,546.974874563466,"LE2-1301.013","FCM"
2008,545.965534548132,"LE2-1301.013","FCM"
2009,592.319114071027,"LE2-1301.013","FCM"
2010,564.157242993102,"LE2-1301.013","FCM"
2011,514.378445324309,"LE2-1301.013","FCM"
2012,527.830747470681,"LE2-1301.013","FCM"
2013,560.497911613042,"LE2-1301.013","FCM"
2014,579.681916962148,"LE2-1301.013","FCM"
1964,558.182644265091,"LE2-1301.014","FCM"
1965,555.288102594962,"LE2-1301.014","FCM"
1966,550.539379365684,"LE2-1301.014","FCM"
1967,558.121510949494,"LE2-1301.014","FCM"
1968,555.463263741239,"LE2-1301.014","FCM"
1969,557.699762802946,"LE2-1301.014","FCM"
1970,550.829005376913,"LE2-1301.014","FCM"
1971,562.36421292381,"LE2-1301.014","FCM"
1972,590.588345374905,"LE2-1301.014","FCM"
1973,610.155782041355,"LE2-1301.014","FCM"
1974,635.304997621308,"LE2-1301.014","FCM"
1975,641.31432228435,"LE2-1301.014","FCM"
1976,641.685524085834,"LE2-1301.014","FCM"
1977,635.66350393287,"LE2-1301.014","FCM"
1978,632.474829730157,"LE2-1301.014","FCM"
1979,607.085022245526,"LE2-1301.014","FCM"
1980,613.677277239115,"LE2-1301.014","FCM"
1981,604.976877156381,"LE2-1301.014","FCM"
1982,652.581963521162,"LE2-1301.014","FCM"
1983,651.659292018231,"LE2-1301.014","FCM"
1984,635.628876962614,"LE2-1301.014","FCM"
1985,681.33394785412,"LE2-1301.014","FCM"
1986,694.081734802386,"LE2-1301.014","FCM"
1987,664.504674543471,"LE2-1301.014","FCM"
1988,643.812066293877,"LE2-1301.014","FCM"
1989,632.784471166986,"LE2-1301.014","FCM"
1990,639.140406649673,"LE2-1301.014","FCM"
1991,584.633090263604,"LE2-1301.014","FCM"
1992,594.403181689755,"LE2-1301.014","FCM"
1993,552.740751051412,"LE2-1301.014","FCM"
1994,557.422511282247,"LE2-1301.014","FCM"
1995,530.607808075755,"LE2-1301.014","FCM"
1996,530.611379978804,"LE2-1301.014","FCM"
1997,544.278263987481,"LE2-1301.014","FCM"
1998,560.077964346957,"LE2-1301.014","FCM"
1999,581.367961976903,"LE2-1301.014","FCM"
2000,551.471047990739,"LE2-1301.014","FCM"
2001,530.146989801947,"LE2-1301.014","FCM"
2002,506.975699397201,"LE2-1301.014","FCM"
2003,485.352087460565,"LE2-1301.014","FCM"
2004,457.791204159131,"LE2-1301.014","FCM"
2005,456.145184585961,"LE2-1301.014","FCM"
2006,386.89790499431,"LE2-1301.014","FCM"
2007,493.881960153571,"LE2-1301.014","FCM"
2008,480.862373448129,"LE2-1301.014","FCM"
2009,479.033779685826,"LE2-1301.014","FCM"
2010,490.568639949967,"LE2-1301.014","FCM"
2011,482.04686710692,"LE2-1301.014","FCM"
2012,482.03665717783,"LE2-1301.014","FCM"
2013,524.091810683949,"LE2-1301.014","FCM"
2014,521.743261341792,"LE2-1301.014","FCM"
1964,668.476807191701,"LE2-1301.015","FCM"
1965,674.130775777849,"LE2-1301.015","FCM"
1966,662.480230562323,"LE2-1301.015","FCM"
1967,606.68602991281,"LE2-1301.015","FCM"
1968,609.15601064761,"LE2-1301.015","FCM"
1969,623.563313149667,"LE2-1301.015","FCM"
1970,615.46619874661,"LE2-1301.015","FCM"
1971,641.273474416653,"LE2-1301.015","FCM"
1972,629.736602810088,"LE2-1301.015","FCM"
1973,594.926740704312,"LE2-1301.015","FCM"
1974,593.269844680308,"LE2-1301.015","FCM"
1975,574.308604390596,"LE2-1301.015","FCM"
1976,555.578755878536,"LE2-1301.015","FCM"
1977,554.188437122596,"LE2-1301.015","FCM"
1978,597.899071875425,"LE2-1301.015","FCM"
1979,531.444840992104,"LE2-1301.015","FCM"
1980,518.076382238937,"LE2-1301.015","FCM"
1981,619.124860940016,"LE2-1301.015","FCM"
1982,609.821462149823,"LE2-1301.015","FCM"
1983,582.50545211152,"LE2-1301.015","FCM"
1984,628.860571467934,"LE2-1301.015","FCM"
1985,623.40467890121,"LE2-1301.015","FCM"
1986,601.828354139082,"LE2-1301.015","FCM"
1987,602.247908583984,"LE2-1301.015","FCM"
1988,558.984374123062,"LE2-1301.015","FCM"
1989,608.219994590965,"LE2-1301.015","FCM"
1990,607.380446189297,"LE2-1301.015","FCM"
1991,611.294534446264,"LE2-1301.015","FCM"
1992,601.318220741256,"LE2-1301.015","FCM"
1993,640.483959077458,"LE2-1301.015","FCM"
1994,640.281283305668,"LE2-1301.015","FCM"
1995,641.042808995463,"LE2-1301.015","FCM"
1996,543.67648833832,"LE2-1301.015","FCM"
1997,645.455847399528,"LE2-1301.015","FCM"
1998,641.906796995626,"LE2-1301.015","FCM"
1999,570.183593715575,"LE2-1301.015","FCM"
2000,554.425735793269,"LE2-1301.015","FCM"
2001,544.736155716824,"LE2-1301.015","FCM"
2002,505.430636091347,"LE2-1301.015","FCM"
2003,506.485761894397,"LE2-1301.015","FCM"
2004,483.164316482592,"LE2-1301.015","FCM"
2005,521.444453360502,"LE2-1301.015","FCM"
2006,510.463676649799,"LE2-1301.015","FCM"
2007,504.464423872544,"LE2-1301.015","FCM"
2008,485.485265144986,"LE2-1301.015","FCM"
2009,485.022288679692,"LE2-1301.015","FCM"
2010,488.942540121465,"LE2-1301.015","FCM"
2011,489.664110388117,"LE2-1301.015","FCM"
2012,395.297808163258,"LE2-1301.015","FCM"
2013,406.801370427023,"LE2-1301.015","FCM"
2014,439.562579478989,"LE2-1301.015","FCM"
1964,370.806049321082,"LE2-1301.016","FCM"
1965,350.869294987328,"LE2-1301.016","FCM"
1966,346.864999573404,"LE2-1301.016","FCM"
1967,367.405303458946,"LE2-1301.016","FCM"
1968,360.969035201139,"LE2-1301.016","FCM"
1969,473.171416349621,"LE2-1301.016","FCM"
1970,477.508129810054,"LE2-1301.016","FCM"
1971,455.115319793523,"LE2-1301.016","FCM"
1972,455.227286268995,"LE2-1301.016","FCM"
1973,453.208725145962,"LE2-1301.016","FCM"
1974,440.193336059445,"LE2-1301.016","FCM"
1975,420.188134606124,"LE2-1301.016","FCM"
1976,455.070798975022,"LE2-1301.016","FCM"
1977,454.304169676519,"LE2-1301.016","FCM"
1978,445.759730016594,"LE2-1301.016","FCM"
1979,440.595168277085,"LE2-1301.016","FCM"
1980,416.644101641516,"LE2-1301.016","FCM"
1981,482.812229235533,"LE2-1301.016","FCM"
1982,504.994673603825,"LE2-1301.016","FCM"
1983,582.478830591009,"LE2-1301.016","FCM"
1984,509.532841747147,"LE2-1301.016","FCM"
1985,527.323754911025,"LE2-1301.016","FCM"
1986,532.05365982533,"LE2-1301.016","FCM"
1987,535.057487195483,"LE2-1301.016","FCM"
1988,542.059412048084,"LE2-1301.016","FCM"
1989,551.860865209987,"LE2-1301.016","FCM"
1990,553.4319905281,"LE2-1301.016","FCM"
1991,514.2780932196,"LE2-1301.016","FCM"
1992,515.96910651808,"LE2-1301.016","FCM"
1993,567.640860795,"LE2-1301.016","FCM"
1994,655.374986963087,"LE2-1301.016","FCM"
1995,654.522387083448,"LE2-1301.016","FCM"
1996,624.277801596047,"LE2-1301.016","FCM"
1997,622.013408782285,"LE2-1301.016","FCM"
1998,563.343482148314,"LE2-1301.016","FCM"
1999,570.675078257091,"LE2-1301.016","FCM"
2000,555.938305409767,"LE2-1301.016","FCM"
2001,563.499972975007,"LE2-1301.016","FCM"
2002,575.450644404794,"LE2-1301.016","FCM"
2003,621.269630483207,"LE2-1301.016","FCM"
2004,630.043855281224,"LE2-1301.016","FCM"
2005,625.625425041796,"LE2-1301.016","FCM"
2006,681.076331014983,"LE2-1301.016","FCM"
2007,731.600374497148,"LE2-1301.016","FCM"
2008,670.56339865232,"LE2-1301.016","FCM"
2009,619.540660307037,"LE2-1301.016","FCM"
2010,620.534931606313,"LE2-1301.016","FCM"
2011,623.706420988703,"LE2-1301.016","FCM"
2012,615.859675138805,"LE2-1301.016","FCM"
2013,586.332617150412,"LE2-1301.016","FCM"
2014,589.433816308725,"LE2-1301.016","FCM"
1964,520.048134391539,"LE2-1301.017","FCM"
1965,513.554537834147,"LE2-1301.017","FCM"
1966,478.121717697782,"LE2-1301.017","FCM"
1967,463.018057870277,"LE2-1301.017","FCM"
1968,390.056845620235,"LE2-1301.017","FCM"
1969,389.626940495366,"LE2-1301.017","FCM"
1970,445.785612061029,"LE2-1301.017","FCM"
1971,516.444052902193,"LE2-1301.017","FCM"
1972,499.233412552058,"LE2-1301.017","FCM"
1973,500.091070691744,"LE2-1301.017","FCM"
1974,531.249755559877,"LE2-1301.017","FCM"
1975,530.584030884332,"LE2-1301.017","FCM"
1976,538.018409871024,"LE2-1301.017","FCM"
1977,541.747565853014,"LE2-1301.017","FCM"
1978,541.75734486761,"LE2-1301.017","FCM"
1979,553.537123485207,"LE2-1301.017","FCM"
1980,554.960193355841,"LE2-1301.017","FCM"
1981,590.232405907238,"LE2-1301.017","FCM"
1982,583.669637395886,"LE2-1301.017","FCM"
1983,609.647620035267,"LE2-1301.017","FCM"
1984,529.483863980322,"LE2-1301.017","FCM"
1985,511.46526102809,"LE2-1301.017","FCM"
1986,574.927459717719,"LE2-1301.017","FCM"
1987,604.848780122328,"LE2-1301.017","FCM"
1988,639.961681480646,"LE2-1301.017","FCM"
1989,639.637519686287,"LE2-1301.017","FCM"
1990,643.653524799869,"LE2-1301.017","FCM"
1991,625.231385304028,"LE2-1301.017","FCM"
1992,678.697350366695,"LE2-1301.017","FCM"
1993,684.80514590251,"LE2-1301.017","FCM"
1994,686.572365754745,"LE2-1301.017","FCM"
1995,687.001533177496,"LE2-1301.017","FCM"
1996,642.023392968777,"LE2-1301.017","FCM"
1997,686.326616818417,"LE2-1301.017","FCM"
1998,640.238749615555,"LE2-1301.017","FCM"
1999,633.541791637368,"LE2-1301.017","FCM"
2000,635.619502657066,"LE2-1301.017","FCM"
2001,572.113420700073,"LE2-1301.017","FCM"
2002,553.341309125947,"LE2-1301.017","FCM"
2003,524.53924374695,"LE2-1301.017","FCM"
2004,472.860245047774,"LE2-1301.017","FCM"
2005,481.889384968723,"LE2-1301.017","FCM"
2006,479.069610455957,"LE2-1301.017","FCM"
2007,536.452158649594,"LE2-1301.017","FCM"
2008,538.484107966699,"LE2-1301.017","FCM"
2009,565.910673429839,"LE2-1301.017","FCM"
2010,568.67668411941,"LE2-1301.017","FCM"
2011,574.487915725135,"LE2-1301.017","FCM"
2012,517.000424538045,"LE2-1301.017","FCM"
2013,517.879956571817,"LE2-1301.017","FCM"
2014,515.373558468628,"LE2-1301.017","FCM"
1964,569.366948099177,"LE2-1301.018","FCM"
1965,493.309093740055,"LE2-1301.018","FCM"
1966,580.054371091288,"LE2-1301.018","FCM"
1967,553.856928369375,"LE2-1301.018","FCM"
1968,549.240595808154,"LE2-1301.018","FCM"
1969,537.494080461433,"LE2-1301.018","FCM"
1970,534.436485859887,"LE2-1301.018","FCM"
1971,538.038991718829,"LE2-1301.018","FCM"
1972,579.926441691766,"LE2-1301.018","FCM"
1973,552.663763424541,"LE2-1301.018","FCM"
1974,570.506484008656,"LE2-1301.018","FCM"
1975,609.100731176727,"LE2-1301.018","FCM"
1976,599.025298892063,"LE2-1301.018","FCM"
1977,525.168732836546,"LE2-1301.018","FCM"
1978,489.161428964413,"LE2-1301.018","FCM"
1979,458.906261758254,"LE2-1301.018","FCM"
1980,491.596407645839,"LE2-1301.018","FCM"
1981,435.213839758074,"LE2-1301.018","FCM"
1982,418.236012822565,"LE2-1301.018","FCM"
1983,429.599676059657,"LE2-1301.018","FCM"
1984,437.27899297964,"LE2-1301.018","FCM"
1985,452.426780486881,"LE2-1301.018","FCM"
1986,529.454385603904,"LE2-1301.018","FCM"
1987,524.111328586463,"LE2-1301.018","FCM"
1988,528.191053248892,"LE2-1301.018","FCM"
1989,578.645223481341,"LE2-1301.018","FCM"
1990,579.767222377951,"LE2-1301.018","FCM"
1991,580.47559594548,"LE2-1301.018","FCM"
1992,591.830946623947,"LE2-1301.018","FCM"
1993,571.122759665977,"LE2-1301.018","FCM"
1994,595.494152085681,"LE2-1301.018","FCM"
1995,567.812551365325,"LE2-1301.018","FCM"
1996,544.737513197563,"LE2-1301.018","FCM"
1997,554.368069748567,"LE2-1301.018","FCM"
1998,541.865232128394,"LE2-1301.018","FCM"
1999,541.803551814529,"LE2-1301.018","FCM"
2000,528.051186137625,"LE2-1301.018","FCM"
2001,454.243447291208,"LE2-1301.018","FCM"
2002,454.380161334526,"LE2-1301.018","FCM"
2003,494.182472944163,"LE2-1301.018","FCM"
2004,433.075110542306,"LE2-1301.018","FCM"
2005,390.550092110476,"LE2-1301.018","FCM"
2006,393.756244712838,"LE2-1301.018","FCM"
2007,377.80766259641,"LE2-1301.018","FCM"
2008,385.746571134567,"LE2-1301.018","FCM"
2009,354.060410537749,"LE2-1301.018","FCM"
2010,357.443382246399,"LE2-1301.018","FCM"
2011,356.734865193087,"LE2-1301.018","FCM"
2012,342.23606911959,"LE2-1301.018","FCM"
2013,373.244217110446,"LE2-1301.018","FCM"
2014,449.196833948874,"LE2-1301.018","FCM"
1964,557.843007604162,"LE2-1301.019","FCM"
1965,536.375064044019,"LE2-1301.019","FCM"
1966,542.08559413843,"LE2-1301.019","FCM"
1967,565.894853712017,"LE2-1301.019","FCM"
1968,587.437065558692,"LE2-1301.019","FCM"
1969,541.117369726436,"LE2-1301.019","FCM"
1970,556.577850226337,"LE2-1301.019","FCM"
1971,539.543304532317,"LE2-1301.019","FCM"
1972,526.877275489183,"LE2-1301.019","FCM"
1973,525.87007558415,"LE2-1301.019","FCM"
1974,475.396913765729,"LE2-1301.019","FCM"
1975,543.280380725353,"LE2-1301.019","FCM"
1976,541.82076773589,"LE2-1301.019","FCM"
1977,560.813139637307,"LE2-1301.019","FCM"
1978,563.508524372227,"LE2-1301.019","FCM"
1979,566.095349672089,"LE2-1301.019","FCM"
1980,602.066742496523,"LE2-1301.019","FCM"
1981,567.137249398404,"LE2-1301.019","FCM"
1982,538.081702360156,"LE2-1301.019","FCM"
1983,536.761627615705,"LE2-1301.019","FCM"
1984,504.894232409412,"LE2-1301.019","FCM"
1985,501.970827958939,"LE2-1301.019","FCM"
1986,495.493845900107,"LE2-1301.019","FCM"
1987,514.075594114764,"LE2-1301.019","FCM"
1988,505.268544917018,"LE2-1301.019","FCM"
1989,509.443671399193,"LE2-1301.019","FCM"
1990,498.18330420233,"LE2-1301.019","FCM"
1991,541.633122402737,"LE2-1301.019","FCM"
1992,588.941294488198,"LE2-1301.019","FCM"
1993,597.998656748839,"LE2-1301.019","FCM"
1994,608.77810538937,"LE2-1301.019","FCM"
1995,576.658745636782,"LE2-1301.019","FCM"
1996,621.080645477147,"LE2-1301.019","FCM"
1997,632.579744098156,"LE2-1301.019","FCM"
1998,640.36172480274,"LE2-1301.019","FCM"
1999,691.028907662038,"LE2-1301.019","FCM"
2000,686.530513676403,"LE2-1301.019","FCM"
2001,690.142131997765,"LE2-1301.019","FCM"
2002,610.651178292732,"LE2-1301.019","FCM"
2003,579.449146023188,"LE2-1301.019","FCM"
2004,514.450486972601,"LE2-1301.019","FCM"
2005,533.582006355248,"LE2-1301.019","FCM"
2006,533.252198768513,"LE2-1301.019","FCM"
2007,547.184423029645,"LE2-1301.019","FCM"
2008,552.377356952631,"LE2-1301.019","FCM"
2009,611.128805345256,"LE2-1301.019","FCM"
2010,626.259534651549,"LE2-1301.019","FCM"
2011,607.980467862291,"LE2-1301.019","FCM"
2012,600.04865977673,"LE2-1301.019","FCM"
2013,690.504641911335,"LE2-1301.019","FCM"
2014,662.490801932803,"LE2-1301.019","FCM"
1964,519.152532077189,"LE2-1301.020","FCM"
1965,559.146024439452,"LE2-1301.020","FCM"
1966,486.048407629817,"LE2-1301.020","FCM"
1967,529.925179472255,"LE2-1301.020","FCM"
1968,551.061657265121,"LE2-1301.020","FCM"
1969,544.759754247246,"LE2-1301.020","FCM"
1970,521.87734298484,"LE2-1301.020","FCM"
1971,537.404642299166,"LE2-1301.020","FCM"
1972,501.040979362437,"LE2-1301.020","FCM"
1973,515.826788065077,"LE2-1301.020","FCM"
1974,536.759498146686,"LE2-1301.020","FCM"
1975,537.216337901745,"LE2-1301.020","FCM"
1976,538.17449767142,"LE2-1301.020","FCM"
1977,530.656613032696,"LE2-1301.020","FCM"
1978,530.74846201361,"LE2-1301.020","FCM"
1979,553.384860421814,"LE2-1301.020","FCM"
1980,506.355986767343,"LE2-1301.020","FCM"
1981,554.071132928942,"LE2-1301.020","FCM"
1982,528.469070430061,"LE2-1301.020","FCM"
1983,562.737998597699,"LE2-1301.020","FCM"
1984,570.55509372322,"LE2-1301.020","FCM"
1985,595.262279407325,"LE2-1301.020","FCM"
1986,569.201811903761,"LE2-1301.020","FCM"
1987,576.344089348518,"LE2-1301.020","FCM"
1988,528.41425420261,"LE2-1301.020","FCM"
1989,534.585211823057,"LE2-1301.020","FCM"
1990,565.142443539204,"LE2-1301.020","FCM"
1991,565.133270741024,"LE2-1301.020","FCM"
1992,526.581369790711,"LE2-1301.020","FCM"
1993,545.908784496327,"LE2-1301.020","FCM"
1994,520.051534682912,"LE2-1301.020","FCM"
1995,557.699876200941,"LE2-1301.020","FCM"
1996,493.111850874224,"LE2-1301.020","FCM"
1997,507.719464679697,"LE2-1301.020","FCM"
1998,465.760911109409,"LE2-1301.020","FCM"
1999,451.760442502367,"LE2-1301.020","FCM"
2000,385.915123682493,"LE2-1301.020","FCM"
2001,379.526051055716,"LE2-1301.020","FCM"
2002,375.310865805063,"LE2-1301.020","FCM"
2003,395.233969297921,"LE2-1301.020","FCM"
2004,404.67326517978,"LE2-1301.020","FCM"
2005,413.608667676368,"LE2-1301.020","FCM"
2006,415.969234464371,"LE2-1301.020","FCM"
2007,418.05245787848,"LE2-1301.020","FCM"
2008,403.287889205908,"LE2-1301.020","FCM"
2009,405.859500046773,"LE2-1301.020","FCM"
2010,331.920889406788,"LE2-1301.020","FCM"
2011,331.517796067162,"LE2-1301.020","FCM"
2012,359.765394043101,"LE2-1301.020","FCM"
2013,359.364026366157,"LE2-1301.020","FCM"
2014,352.504102655182,"LE2-1301.020","FCM"
1964,579.192452914465,"01","MDM"
1965,578.257051493353,"01","MDM"
1966,569.149820558936,"01","MDM"
1967,551.318196438083,"01","MDM"
1968,560.774527407305,"01","MDM"
1969,561.661764893198,"01","MDM"
1970,469.740337869652,"01","MDM"
1971,446.135422260885,"01","MDM"
1972,447.803068492122,"01","MDM"
1973,448.247556194886,"01","MDM"
1974,437.333695572847,"01","MDM"
1975,426.410417174679,"01","MDM"
1976,368.039956455115,"01","MDM"
1977,508.112186509815,"01","MDM"
1978,502.805391026215,"01","MDM"
1979,518.899629747405,"01","MDM"
1980,518.938115433951,"01","MDM"
1981,477.66055816589,"01","MDM"
1982,508.192813291745,"01","MDM"
1983,550.488482552139,"01","MDM"
1984,544.454177890025,"01","MDM"
1985,609.953497992092,"01","MDM"
1986,608.857518228796,"01","MDM"
1987,631.491423385895,"01","MDM"
1988,643.998011865368,"01","MDM"
1989,641.515462133975,"01","MDM"
1990,689.345872762712,"01","MDM"
1991,687.672216945832,"01","MDM"
1992,589.284704008038,"01","MDM"
1993,556.480734856617,"01","MDM"
1994,511.239506043993,"01","MDM"
1995,514.033789658608,"01","MDM"
1996,542.289917354499,"01","MDM"
1997,542.8999300848,"01","MDM"
1998,424.170175697485,"01","MDM"
1999,413.714842774851,"01","MDM"
2000,372.704122038575,"01","MDM"
2001,354.156997348501,"01","MDM"
2002,339.861487852529,"01","MDM"
2003,417.552825519099,"01","MDM"
2004,445.592551838625,"01","MDM"
2005,376.493702792619,"01","MDM"
2006,408.447153260177,"01","MDM"
2007,460.862726445396,"01","MDM"
2008,459.707723350551,"01","MDM"
2009,464.584664667361,"01","MDM"
2010,567.859360895351,"01","MDM"
2011,502.48617451125,"01","MDM"
2012,516.389191370676,"01","MDM"
2013,518.911891655207,"01","MDM"
2014,518.940689372128,"01","MDM"
1964,364.358670607951,"02","MDM"
1965,376.489063475734,"02","MDM"
1966,422.462193785956,"02","MDM"
1967,426.351807271972,"02","MDM"
1968,448.342206305405,"02","MDM"
1969,444.476501712041,"02","MDM"
1970,441.635346614194,"02","MDM"
1971,445.251698014302,"02","MDM"
1972,415.215961552089,"02","MDM"
1973,415.972610068708,"02","MDM"
1974,412.950927483316,"02","MDM"
1975,385.229879420385,"02","MDM"
1976,385.335218298402,"02","MDM"
1977,390.297624215847,"02","MDM"
1978,391.135780451389,"02","MDM"
1979,396.394617982322,"02","MDM"
1980,389.448005957105,"02","MDM"
1981,354.938317491309,"02","MDM"
1982,341.258821108251,"02","MDM"
1983,289.740211569928,"02","MDM"
1984,324.189690899677,"02","MDM"
1985,323.961422537963,"02","MDM"
1986,296.665540384347,"02","MDM"
1987,287.29414892065,"02","MDM"
1988,289.482216090697,"02","MDM"
1989,312.205224620515,"02","MDM"
1990,330.216906336081,"02","MDM"
1991,346.063868507442,"02","MDM"
1992,340.694854339466,"02","MDM"
1993,329.825459773197,"02","MDM"
1994,327.068343947949,"02","MDM"
1995,373.573874138299,"02","MDM"
1996,329.249780019579,"02","MDM"
1997,338.19271783696,"02","MDM"
1998,445.695377212881,"02","MDM"
1999,443.817676991931,"02","MDM"
2000,536.131038477475,"02","MDM"
2001,562.188880030983,"02","MDM"
2002,567.591016166388,"02","MDM"
2003,594.526209246596,"02","MDM"
2004,599.640481304367,"02","MDM"
2005,560.842278050921,"02","MDM"
2006,533.436234869551,"02","MDM"
2007,532.578273665253,"02","MDM"
2008,500.421217383062,"02","MDM"
2009,430.518137027708,"02","MDM"
2010,430.528534537277,"02","MDM"
2011,377.581533966509,"02","MDM"
2012,373.314772524085,"02","MDM"
2013,446.672100644837,"02","MDM"
2014,448.002078950381,"02","MDM"
1964,532.923649329499,"03","MDM"
1965,522.577884993541,"03","MDM"
1966,486.682935546506,"03","MDM"
1967,466.697166788138,"03","MDM"
1968,470.431862784378,"03","MDM"
1969,498.271078884312,"03","MDM"
1970,507.136528706185,"03","MDM"
1971,515.405582710524,"03","MDM"
1972,491.093999072892,"03","MDM"
1973,491.681800660595,"03","MDM"
1974,501.485054945828,"03","MDM"
1975,501.558307279253,"03","MDM"
1976,450.583049862879,"03","MDM"
1977,408.319620471935,"03","MDM"
1978,421.783695573355,"03","MDM"
1979,431.605508340944,"03","MDM"
1980,481.045101666202,"03","MDM"
1981,542.275193528252,"03","MDM"
1982,526.957546742734,"03","MDM"
1983,526.763341014154,"03","MDM"
1984,481.135504872876,"03","MDM"
1985,496.368183222716,"03","MDM"
1986,487.758230012064,"03","MDM"
1987,485.578658080557,"03","MDM"
1988,559.933938924635,"03","MDM"
1989,630.499674976673,"03","MDM"
1990,639.077224583669,"03","MDM"
1991,639.978193310189,"03","MDM"
1992,651.052579883163,"03","MDM"
1993,635.829564171619,"03","MDM"
1994,620.042135126882,"03","MDM"
1995,577.938281723722,"03","MDM"
1996,547.094963529018,"03","MDM"
1997,580.762475591311,"03","MDM"
1998,585.342778883136,"03","MDM"
1999,598.783077499358,"03","MDM"
2000,610.207205660469,"03","MDM"
2001,627.276704702552,"03","MDM"
2002,639.144960231137,"03","MDM"
2003,581.52727039137,"03","MDM"
2004,502.096343072842,"03","MDM"
2005,478.51020218282,"03","MDM"
2006,473.42662003334,"03","MDM"
2007,514.106981230697,"03","MDM"
2008,512.470129899528,"03","MDM"
2009,532.396208732549,"03","MDM"
2010,520.756328756802,"03","MDM"
2011,503.459784044287,"03","MDM"
2012,445.195357621411,"03","MDM"
2013,450.627038109875,"03","MDM"
2014,474.435759332195,"03","MDM"
1964,492.633274932384,"04","MDM"
1965,462.514411402901,"04","MDM"
1966,449.147496355938,"04","MDM"
1967,434.107590094359,"04","MDM"
1968,392.943701792293,"04","MDM"
1969,382.285221321981,"04","MDM"
1970,381.669662321164,"04","MDM"
1971,432.084479743575,"04","MDM"
1972,451.434820923295,"04","MDM"
1973,447.028203659858,"04","MDM"
1974,417.08782065751,"04","MDM"
1975,414.535576108294,"04","MDM"
1976,442.305202621568,"04","MDM"
1977,430.679620001123,"04","MDM"
1978,413.10560696841,"04","MDM"
1979,418.190103719814,"04","MDM"
1980,422.705668720075,"04","MDM"
1981,423.863891821939,"04","MDM"
1982,425.563596880588,"04","MDM"
1983,439.05268994197,"04","MDM"
1984,455.763861389622,"04","MDM"
1985,452.755799456843,"04","MDM"
1986,410.24763097587,"04","MDM"
1987,368.521441905675,"04","MDM"
1988,367.345352751905,"04","MDM"
1989,360.968672011171,"04","MDM"
1990,372.985663926678,"04","MDM"
1991,338.77828470658,"04","MDM"
1992,337.759165181772,"04","MDM"
1993,326.454171931217,"04","MDM"
1994,344.299526652386,"04","MDM"
1995,400.6494491124,"04","MDM"
1996,402.228470855938,"04","MDM"
1997,405.083903203246,"04","MDM"
1998,432.306163810617,"04","MDM"
1999,438.624392464853,"04","MDM"
2000,446.139079828378,"04","MDM"
2001,443.220481817099,"04","MDM"
2002,480.098792614062,"04","MDM"
2003,480.682743272552,"04","MDM"
2004,455.84958819996,"04","MDM"
2005,433.369338609577,"04","MDM"
2006,438.240112290686,"04","MDM"
2007,448.359860839284,"04","MDM"
2008,447.176816723173,"04","MDM"
2009,444.766675801607,"04","MDM"
2010,331.467475440466,"04","MDM"
2011,378.573154289705,"04","MDM"
2012,391.423206640425,"04","MDM"
2013,365.342891129536,"04","MDM"
2014,490.014119286719,"04","MDM"
1964,434.521776085902,"05","MDM"
1965,420.393434879438,"05","MDM"
1966,381.426141339543,"05","MDM"
1967,380.72919342455,"05","MDM"
1968,366.530390080389,"05","MDM"
1969,362.650371559432,"05","MDM"
1970,354.602649692324,"05","MDM"
1971,381.352639925142,"05","MDM"
1972,379.152217168825,"05","MDM"
1973,358.791632645137,"05","MDM"
1974,361.913779230464,"05","MDM"
1975,353.847927485722,"05","MDM"
1976,347.204837537253,"05","MDM"
1977,223.807722865426,"05","MDM"
1978,256.943279945656,"05","MDM"
1979,283.310360245605,"05","MDM"
1980,285.409846678376,"05","MDM"
1981,291.120605403091,"05","MDM"
1982,290.697479276743,"05","MDM"
1983,286.523374932319,"05","MDM"
1984,316.957027836579,"05","MDM"
1985,328.269069742354,"05","MDM"
1986,300.531203582067,"05","MDM"
1987,319.771550016032,"05","MDM"
1988,330.191933927849,"05","MDM"
1989,344.019277486973,"05","MDM"
1990,343.806044911593,"05","MDM"
1991,345.202696174936,"05","MDM"
1992,344.208317092787,"05","MDM"
1993,330.083349436838,"05","MDM"
1994,563.147790004601,"05","MDM"
1995,557.501698578661,"05","MDM"
1996,570.269852894434,"05","MDM"
1997,571.8938463693,"05","MDM"
1998,579.087991781513,"05","MDM"
1999,584.331488779789,"05","MDM"
2000,585.032390954975,"05","MDM"
2001,592.849039429606,"05","MDM"
2002,593.265722734529,"05","MDM"
2003,591.385488657399,"05","MDM"
2004,582.471420535241,"05","MDM"
2005,583.07110138211,"05","MDM"
2006,572.059674707855,"05","MDM"
2007,564.411724966893,"05","MDM"
2008,554.374921730692,"05","MDM"
2009,370.395308875329,"05","MDM"
2010,390.967125903122,"05","MDM"
2011,432.087771920774,"05","MDM"
2012,409.103166384072,"05","MDM"
2013,365.737751532379,"05","MDM"
2014,385.494494662593,"05","MDM"
1964,361.129344183543,"06","MDM"
1965,418.473077359984,"06","MDM"
1966,418.149889976005,"06","MDM"
1967,551.916049407632,"06","MDM"
1968,563.257305998479,"06","MDM"
1969,572.779528409033,"06","MDM"
1970,581.564449895987,"06","MDM"
1971,575.584419521524,"06","MDM"
1972,586.202382098028,"06","MDM"
1973,604.271648792314,"06","MDM"
1974,602.649132704663,"06","MDM"
1975,607.405416126117,"06","MDM"
1976,569.062855607506,"06","MDM"
1977,549.059684923514,"06","MDM"
1978,564.285440408634,"06","MDM"
1979,575.439381266134,"06","MDM"
1980,545.644226764709,"06","MDM"
1981,569.600995189857,"06","MDM"
1982,405.232099677382,"06","MDM"
1983,402.982898859742,"06","MDM"
1984,366.669690271388,"06","MDM"
1985,375.847264078968,"06","MDM"
1986,399.887864109327,"06","MDM"
1987,468.985989254062,"06","MDM"
1988,434.120051129835,"06","MDM"
1989,435.800056446567,"06","MDM"
1990,457.832497811642,"06","MDM"
1991,485.5524716666,"06","MDM"
1992,513.096311798457,"06","MDM"
1993,507.610542006427,"06","MDM"
1994,505.257838317172,"06","MDM"
1995,574.251346423521,"06","MDM"
1996,550.409743684992,"06","MDM"
1997,549.714717881996,"06","MDM"
1998,533.531617873326,"06","MDM"
1999,494.730601527354,"06","MDM"
2000,506.967132395699,"06","MDM"
2001,505.591034975022,"06","MDM"
2002,498.273425906217,"06","MDM"
2003,513.486291525931,"06","MDM"
2004,528.088611248006,"06","MDM"
2005,515.025948708151,"06","MDM"
2006,542.683051628796,"06","MDM"
2007,576.310820219043,"06","MDM"
2008,575.254572360325,"06","MDM"
2009,565.982144671014,"06","MDM"
2010,507.764660308979,"06","MDM"
2011,498.764471820923,"06","MDM"
2012,509.493172349418,"06","MDM"
2013,501.986313596276,"06","MDM"
2014,476.419595994548,"06","MDM"
1964,474.261887971703,"07","MDM"
1965,474.634807730253,"07","MDM"
1966,473.974843165111,"07","MDM"
1967,518.087257705663,"07","MDM"
1968,514.671465166812,"07","MDM"
1969,530.490127999499,"07","MDM"
1970,553.082468705262,"07","MDM"
1971,511.460677127553,"07","MDM"
1972,539.465786807043,"07","MDM"
1973,533.555396089823,"07","MDM"
1974,537.573043179776,"07","MDM"
1975,544.619550944618,"07","MDM"
1976,593.18867171336,"07","MDM"
1977,627.444931073136,"07","MDM"
1978,508.389591466195,"07","MDM"
1979,495.535379577149,"07","MDM"
1980,491.904337808154,"07","MDM"
1981,488.265576664839,"07","MDM"
1982,495.213542450666,"07","MDM"
1983,491.242275035637,"07","MDM"
1984,480.068663478301,"07","MDM"
1985,430.722034981169,"07","MDM"
1986,459.698297246952,"07","MDM"
1987,460.247242027154,"07","MDM"
1988,461.495886570357,"07","MDM"
1989,472.121688302116,"07","MDM"
1990,470.305028027685,"07","MDM"
1991,447.87049937646,"07","MDM"
1992,409.236020544296,"07","MDM"
1993,434.237846349846,"07","MDM"
1994,428.926017852507,"07","MDM"
1995,474.326688757479,"07","MDM"
1996,471.077245536758,"07","MDM"
1997,474.152524025826,"07","MDM"
1998,477.611416137536,"07","MDM"
1999,497.007947207588,"07","MDM"
2000,558.474614526878,"07","MDM"
2001,534.801509101119,"07","MDM"
2002,575.762743446773,"07","MDM"
2003,723.446162825693,"07","MDM"
2004,688.699185904389,"07","MDM"
2005,712.324144447234,"07","MDM"
2006,698.481613865334,"07","MDM"
2007,702.082920908383,"07","MDM"
2008,696.188418996913,"07","MDM"
2009,724.555848531714,"07","MDM"
2010,685.208283409263,"07","MDM"
2011,686.662119671346,"07","MDM"
2012,642.617866804794,"07","MDM"
2013,624.623784979138,"07","MDM"
2014,565.480555955654,"07","MDM"
1964,422.408173851913,"08","MDM"
1965,411.713346229347,"08","MDM"
1966,417.294259967686,"08","MDM"
1967,419.74320315772,"08","MDM"
1968,377.506732845193,"08","MDM"
1969,378.293424880139,"08","MDM"
1970,395.852066938604,"08","MDM"
1971,402.145450727244,"08","MDM"
1972,380.645869984745,"08","MDM"
1973,381.774810258762,"08","MDM"
1974,396.919721652309,"08","MDM"
1975,428.736028927941,"08","MDM"
1976,467.543362858691,"08","MDM"
1977,460.59695349024,"08","MDM"
1978,431.943521445995,"08","MDM"
1979,411.901784767847,"08","MDM"
1980,414.177277428418,"08","MDM"
1981,405.19641832184,"08","MDM"
1982,400.574451830611,"08","MDM"
1983,399.623451395258,"08","MDM"
1984,418.271296964782,"08","MDM"
1985,405.474358947218,"08","MDM"
1986,427.745146107637,"08","MDM"
1987,426.941446671606,"08","MDM"
1988,435.254241794576,"08","MDM"
1989,467.560418612476,"08","MDM"
1990,487.472397799721,"08","MDM"
1991,541.50950321208,"08","MDM"
1992,536.946930469125,"08","MDM"
1993,548.926664727178,"08","MDM"
1994,533.317827064943,"08","MDM"
1995,592.349133868235,"08","MDM"
1996,593.964483462689,"08","MDM"
1997,597.176963084933,"08","MDM"
1998,596.423041612465,"08","MDM"
1999,594.804761954925,"08","MDM"
2000,598.569664155946,"08","MDM"
2001,585.572165140603,"08","MDM"
2002,632.859589942103,"08","MDM"
2003,630.436343376771,"08","MDM"
2004,569.062639713896,"08","MDM"
2005,549.489627114821,"08","MDM"
2006,416.775968038858,"08","MDM"
2007,411.04613747499,"08","MDM"
2008,424.938087873475,"08","MDM"
2009,395.587593104236,"08","MDM"
2010,371.082699898748,"08","MDM"
2011,393.913996348834,"08","MDM"
2012,370.771853681009,"08","MDM"
2013,397.37527427752,"08","MDM"
2014,396.738873129711,"08","MDM"
1964,462.017389444449,"09","MDM"
1965,460.020995068253,"09","MDM"
1966,432.186970877058,"09","MDM"
1967,422.632554481744,"09","MDM"
1968,409.144343893364,"09","MDM"
1969,404.697432065724,"09","MDM"
1970,410.103551498031,"09","MDM"
1971,376.330114110198,"09","MDM"
1972,371.88851362232,"09","MDM"
1973,409.308870726626,"09","MDM"
1974,435.088059929843,"09","MDM"
1975,402.751160521703,"09","MDM"
1976,372.704864710672,"09","MDM"
1977,364.647067680778,"09","MDM"
1978,391.489090325899,"09","MDM"
1979,392.227177107813,"09","MDM"
1980,357.989376729159,"09","MDM"
1981,365.665463988239,"09","MDM"
1982,408.286011766638,"09","MDM"
1983,406.489350615759,"09","MDM"
1984,401.212892382386,"09","MDM"
1985,402.806279996284,"09","MDM"
1986,404.224354754981,"09","MDM"
1987,409.783588156327,"09","MDM"
1988,383.646658508606,"09","MDM"
1989,348.19109885119,"09","MDM"
1990,352.31541857482,"09","MDM"
1991,339.842223499549,"09","MDM"
1992,388.759002866405,"09","MDM"
1993,415.156424217671,"09","MDM"
1994,415.658426825829,"09","MDM"
1995,422.395092073771,"09","MDM"
1996,407.025956457979,"09","MDM"
1997,364.105801593418,"09","MDM"
1998,354.698665129935,"09","MDM"
1999,377.427828278673,"09","MDM"
2000,416.549972709897,"09","MDM"
2001,461.014393027162,"09","MDM"
2002,489.538667641903,"09","MDM"
2003,476.29592094886,"09","MDM"
2004,497.902047895189,"09","MDM"
2005,517.558841831438,"09","MDM"
2006,544.348441956532,"09","MDM"
2007,517.445168529179,"09","MDM"
2008,477.867129779655,"09","MDM"
2009,478.820701239687,"09","MDM"
2010,471.605383172278,"09","MDM"
2011,479.199340671463,"09","MDM"
2012,487.433527960144,"09","MDM"
2013,497.30964110811,"09","MDM"
2014,523.916857225864,"09","MDM"
1964,399.981999821751,"10","MDM"
1965,401.709063209791,"10","MDM"
1966,355.510978550446,"10","MDM"
1967,313.426044265969,"10","MDM"
1968,355.626401437075,"10","MDM"
1969,394.88082621554,"10","MDM"
1970,394.503911034974,"10","MDM"
1971,427.332095719445,"10","MDM"
1972,341.351164170663,"10","MDM"
1973,353.664605315479,"10","MDM"
1974,361.46829098198,"10","MDM"
1975,354.804788893373,"10","MDM"
1976,379.724583712805,"10","MDM"
1977,388.372599904458,"10","MDM"
1978,403.750518693266,"10","MDM"
1979,396.129614423208,"10","MDM"
1980,479.393925659961,"10","MDM"
1981,526.630226874657,"10","MDM"
1982,525.82867653193,"10","MDM"
1983,512.112598226949,"10","MDM"
1984,509.454959414745,"10","MDM"
1985,551.665119074328,"10","MDM"
1986,508.749511072189,"10","MDM"
1987,567.903725196639,"10","MDM"
1988,561.069455344172,"10","MDM"
1989,559.582962862992,"10","MDM"
1990,566.739279704427,"10","MDM"
1991,560.918810395509,"10","MDM"
1992,556.040167461701,"10","MDM"
1993,556.603631717509,"10","MDM"
1994,550.574001317077,"10","MDM"
1995,483.822465078985,"10","MDM"
1996,406.369480755352,"10","MDM"
1997,473.138656125289,"10","MDM"
1998,490.288192457436,"10","MDM"
1999,452.736950707456,"10","MDM"
2000,446.737119586542,"10","MDM"
2001,445.925577590679,"10","MDM"
2002,444.327930224838,"10","MDM"
2003,445.698942972243,"10","MDM"
2004,488.255387149268,"10","MDM"
2005,485.616221880941,"10","MDM"
2006,479.684970117362,"10","MDM"
2007,531.878832884716,"10","MDM"
2008,539.312549466248,"10","MDM"
2009,541.65580112797,"10","MDM"
2010,540.808479889694,"10","MDM"
2011,561.703091869639,"10","MDM"
2012,518.497863439937,"10","MDM"
2013,574.269770152116,"10","MDM"
2014,585.470130863352,"10","MDM"
1964,364.314399952054,"11","MDM"
1965,393.251907936352,"11","MDM"
1966,393.115777915692,"11","MDM"
1967,377.879212549064,"11","MDM"
1968,411.202826394512,"11","MDM"
1969,420.262970901691,"11","MDM"
1970,413.077305942946,"11","MDM"
1971,507.391991169554,"11","MDM"
1972,507.473301162292,"11","MDM"
1973,490.412470001294,"11","MDM"
1974,433.484028172502,"11","MDM"
1975,438.711200568883,"11","MDM"
1976,435.66417715598,"11","MDM"
1977,435.656943828385,"11","MDM"
1978,421.632791016093,"11","MDM"
1979,423.492720302407,"11","MDM"
1980,409.066320446199,"11","MDM"
1981,419.118932209225,"11","MDM"
1982,439.319551221567,"11","MDM"
1983,440.097979008883,"11","MDM"
1984,406.16652182784,"11","MDM"
1985,407.358253525823,"11","MDM"
1986,347.236304059789,"11","MDM"
1987,375.290545360689,"11","MDM"
1988,373.335780556872,"11","MDM"
1989,371.002132823041,"11","MDM"
1990,360.100217140255,"11","MDM"
1991,339.749806626221,"11","MDM"
1992,340.722944775006,"11","MDM"
1993,402.90343154703,"11","MDM"
1994,389.110599106139,"11","MDM"
1995,375.255836412314,"11","MDM"
1996,383.678104387559,"11","MDM"
1997,325.364950273591,"11","MDM"
1998,322.285873735381,"11","MDM"
1999,329.361301541307,"11","MDM"
2000,368.075363384258,"11","MDM"
2001,335.8868636825,"11","MDM"
2002,317.052217282465,"11","MDM"
2003,320.710430986563,"11","MDM"
2004,326.723901355855,"11","MDM"
2005,327.579066205297,"11","MDM"
2006,334.595307877307,"11","MDM"
2007,351.321052993475,"11","MDM"
2008,244.030108752974,"11","MDM"
2009,242.634545970552,"11","MDM"
2010,242.136931036308,"11","MDM"
2011,248.412506607277,"11","MDM"
2012,243.901926860276,"11","MDM"
2013,242.627253481244,"11","MDM"
2014,271.554176881039,"11","MDM"
1964,582.55133308542,"12","MDM"
1965,566.073054008478,"12","MDM"
1966,570.805128216605,"12","MDM"
1967,565.529297381883,"12","MDM"
1968,565.28309702168,"12","MDM"
1969,603.421960953355,"12","MDM"
1970,589.041571909284,"12","MDM"
1971,589.71306621285,"12","MDM"
1972,574.77081384244,"12","MDM"
1973,565.187516802521,"12","MDM"
1974,616.948274411711,"12","MDM"
1975,632.281126208752,"12","MDM"
1976,629.800847541276,"12","MDM"
1977,633.80325744646,"12","MDM"
1978,541.269569872669,"12","MDM"
1979,555.398483054181,"12","MDM"
1980,607.423096175111,"12","MDM"
1981,608.302776585955,"12","MDM"
1982,621.726635604161,"12","MDM"
1983,629.633907566155,"12","MDM"
1984,579.920778507002,"12","MDM"
1985,584.138979040987,"12","MDM"
1986,584.541021582784,"12","MDM"
1987,577.460237921853,"12","MDM"
1988,577.226883573022,"12","MDM"
1989,499.649291962147,"12","MDM"
1990,520.983691974684,"12","MDM"
1991,526.265187817843,"12","MDM"
1992,517.917116085276,"12","MDM"
1993,461.586966129697,"12","MDM"
1994,413.528117352278,"12","MDM"
1995,286.615239325565,"12","MDM"
1996,283.0570168923,"12","MDM"
1997,292.530169230729,"12","MDM"
1998,329.667374769984,"12","MDM"
1999,418.759968109403,"12","MDM"
2000,421.266976724599,"12","MDM"
2001,439.306696103961,"12","MDM"
2002,440.244086064289,"12","MDM"
2003,446.271579229779,"12","MDM"
2004,447.311232619803,"12","MDM"
2005,427.694704383606,"12","MDM"
2006,452.038389990478,"12","MDM"
2007,456.745633635679,"12","MDM"
2008,494.822116295503,"12","MDM"
2009,448.417674671654,"12","MDM"
2010,375.505092074349,"12","MDM"
2011,372.031092930481,"12","MDM"
2012,371.58497211531,"12","MDM"
2013,415.444081281374,"12","MDM"
2014,392.443258145393,"12","MDM"
1964,478.400963406035,"13","MDM"
1965,412.563636954995,"13","MDM"
1966,376.44402504412,"13","MDM"
1967,380.278315226006,"13","MDM"
1968,430.166841427818,"13","MDM"
1969,437.382955401593,"13","MDM"
1970,443.989234882488,"13","MDM"
1971,444.535616190247,"13","MDM"
1972,445.496252882931,"13","MDM"
1973,436.136521044891,"13","MDM"
1974,459.69551385015,"13","MDM"
1975,474.157212884885,"13","MDM"
1976,479.714326930841,"13","MDM"
1977,475.058963072227,"13","MDM"
1978,390.929389524979,"13","MDM"
1979,390.496445862098,"13","MDM"
1980,406.057076085798,"13","MDM"
1981,417.0051773105,"13","MDM"
1982,397.465780543387,"13","MDM"
1983,451.742844824429,"13","MDM"
1984,422.390622715463,"13","MDM"
1985,431.295419594024,"13","MDM"
1986,431.705590977218,"13","MDM"
1987,459.394639909932,"13","MDM"
1988,459.085427264591,"13","MDM"
1989,431.238604642389,"13","MDM"
1990,416.364399012093,"13","MDM"
1991,388.675515837248,"13","MDM"
1992,402.689121604958,"13","MDM"
1993,411.893730740163,"13","MDM"
1994,432.718130514778,"13","MDM"
1995,424.62722833477,"13","MDM"
1996,514.420355889607,"13","MDM"
1997,514.562150474158,"13","MDM"
1998,506.400478591447,"13","MDM"
1999,505.445451512468,"13","MDM"
2000,569.068679584706,"13","MDM"
2001,614.782412339426,"13","MDM"
2002,595.466142946681,"13","MDM"
2003,595.454415797938,"13","MDM"
2004,593.862001651869,"13","MDM"
2005,601.575578727549,"13","MDM"
2006,601.895025008687,"13","MDM"
2007,579.42249536951,"13","MDM"
2008,573.161469071913,"13","MDM"
2009,585.413933615467,"13","MDM"
2010,596.189105413076,"13","MDM"
2011,536.949518782732,"13","MDM"
2012,574.847136054817,"13","MDM"
2013,532.197672799088,"13","MDM"
2014,532.685449291297,"13","MDM"
1964,400.674487612311,"14","MDM"
1965,381.49874355225,"14","MDM"
1966,384.24917191741,"14","MDM"
1967,397.005589760797,"14","MDM"
1968,392.737561225154,"14","MDM"
1969,351.340871763713,"14","MDM"
1970,376.112049635628,"14","MDM"
1971,316.340937705381,"14","MDM"
1972,354.493272940802,"14","MDM"
1973,469.267711854335,"14","MDM"
1974,456.561590044584,"14","MDM"
1975,461.624838138485,"14","MDM"
1976,454.843565523383,"14","MDM"
1977,451.344283583523,"14","MDM"
1978,451.887358769389,"14","MDM"
1979,450.778735252789,"14","MDM"
1980,537.308044563268,"14","MDM"
1981,544.198067619575,"14","MDM"
1982,542.490380658963,"14","MDM"
1983,502.314715354884,"14","MDM"
1984,504.283995209146,"14","MDM"
1985,481.607735031905,"14","MDM"
1986,487.615109120704,"14","MDM"
1987,478.951344234672,"14","MDM"
1988,470.110821925674,"14","MDM"
1989,553.032338495897,"14","MDM"
1990,552.60562337516,"14","MDM"
1991,605.653906645873,"14","MDM"
1992,611.38463164783,"14","MDM"
1993,610.334836448434,"14","MDM"
1994,641.978494860537,"14","MDM"
1995,567.813709109053,"14","MDM"
1996,627.087868438011,"14","MDM"
1997,635.481942970244,"14","MDM"
1998,670.369739212724,"14","MDM"
1999,667.840667555172,"14","MDM"
2000,648.15179368655,"14","MDM"
2001,647.145087488631,"14","MDM"
2002,651.318221531708,"14","MDM"
2003,627.403076496978,"14","MDM"
2004,567.790098944241,"14","MDM"
2005,564.66809879042,"14","MDM"
2006,481.184351074154,"14","MDM"
2007,532.635922034119,"14","MDM"
2008,534.765710599489,"14","MDM"
2009,502.327656328361,"14","MDM"
2010,527.604879049312,"14","MDM"
2011,447.200616512884,"14","MDM"
2012,448.609870573304,"14","MDM"
2013,408.162879065698,"14","MDM"
2014,398.666038542708,"14","MDM"
1964,334.051263324862,"15","MDM"
1965,359.604036640947,"15","MDM"
1966,369.441565861989,"15","MDM"
1967,367.676951698389,"15","MDM"
1968,442.79409995141,"15","MDM"
1969,458.66744942873,"15","MDM"
1970,457.784004926783,"15","MDM"
1971,481.055552912168,"15","MDM"
1972,479.092309906059,"15","MDM"
1973,480.694881187324,"15","MDM"
1974,495.984504789338,"15","MDM"
1975,475.733860288869,"15","MDM"
1976,468.05111004036,"15","MDM"
1977,475.95332260321,"15","MDM"
1978,474.07699422904,"15","MDM"
1979,470.566841143817,"15","MDM"
1980,425.951205575093,"15","MDM"
1981,424.322450969906,"15","MDM"
1982,429.253454543842,"15","MDM"
1983,454.005995934622,"15","MDM"
1984,418.450322548927,"15","MDM"
1985,458.46587891729,"15","MDM"
1986,389.536493399098,"15","MDM"
1987,402.879449072476,"15","MDM"
1988,430.145973214633,"15","MDM"
1989,468.087353126056,"15","MDM"
1990,470.870187874854,"15","MDM"
1991,485.179135471703,"15","MDM"
1992,474.835502063215,"15","MDM"
1993,485.650927343701,"15","MDM"
1994,498.968046824901,"15","MDM"
1995,570.706306342429,"15","MDM"
1996,590.65059608193,"15","MDM"
1997,592.490601677616,"15","MDM"
1998,537.316567279473,"15","MDM"
1999,552.329616091061,"15","MDM"
2000,569.362765863592,"15","MDM"
2001,562.996198025257,"15","MDM"
2002,576.324952009041,"15","MDM"
2003,628.198691289731,"15","MDM"
2004,613.561385892032,"15","MDM"
2005,608.966129211051,"15","MDM"
2006,590.010447365792,"15","MDM"
2007,584.478726318563,"15","MDM"
2008,626.570941667267,"15","MDM"
2009,624.597847802453,"15","MDM"
2010,554.030110968875,"15","MDM"
2011,519.913783937268,"15","MDM"
2012,518.942510989696,"15","MDM"
2013,532.678066051292,"15","MDM"
2014,530.564392384872,"15","MDM"
1964,512.225250806117,"16","MDM"
1965,531.26679876294,"16","MDM"
1966,495.649589795556,"16","MDM"
1967,492.294224948085,"16","MDM"
1968,442.010767625249,"16","MDM"
1969,447.899163838529,"16","MDM"
1970,445.500588112178,"16","MDM"
1971,518.549593094802,"16","MDM"
1972,483.093727553016,"16","MDM"
1973,488.401998511628,"16","MDM"
1974,457.515816278011,"16","MDM"
1975,501.199669334429,"16","MDM"
1976,518.695934640418,"16","MDM"
1977,519.603307531991,"16","MDM"
1978,627.500925770809,"16","MDM"
1979,683.052766314971,"16","MDM"
1980,661.780851521129,"16","MDM"
1981,663.279461059636,"16","MDM"
1982,664.039322994544,"16","MDM"
1983,666.690250052056,"16","MDM"
1984,664.068260754958,"16","MDM"
1985,666.03409804239,"16","MDM"
1986,527.723191623091,"16","MDM"
1987,532.858414014345,"16","MDM"
1988,540.809054355644,"16","MDM"
1989,527.487250973815,"16","MDM"
1990,581.815043740298,"16","MDM"
1991,577.850036724728,"16","MDM"
1992,598.373766431231,"16","MDM"
1993,470.315036503538,"16","MDM"
1994,403.89377738563,"16","MDM"
1995,441.004714247873,"16","MDM"
1996,440.777785002322,"16","MDM"
1997,464.093089599029,"16","MDM"
1998,466.377262152488,"16","MDM"
1999,485.185887038341,"16","MDM"
2000,483.752319243162,"16","MDM"
2001,488.242119323188,"16","MDM"
2002,480.804895351965,"16","MDM"
2003,469.22876455169,"16","MDM"
2004,502.020145758136,"16","MDM"
2005,449.366692470366,"16","MDM"
2006,450.593080990755,"16","MDM"
2007,418.092895668747,"16","MDM"
2008,422.519203594186,"16","MDM"
2009,392.390138851356,"16","MDM"
2010,353.70070992905,"16","MDM"
2011,382.167589581685,"16","MDM"
2012,347.674900779664,"16","MDM"
2013,352.743565015604,"16","MDM"
2014,357.799248557481,"16","MDM"
1964,393.688053745319,"17","MDM"
1965,389.179294301281,"17","MDM"
1966,390.794568028703,"17","MDM"
1967,395.699444093149,"17","MDM"
1968,382.601594844936,"17","MDM"
1969,374.324621946106,"17","MDM"
1970,362.887436192361,"17","MDM"
1971,369.692957503491,"17","MDM"
1972,388.883817422951,"17","MDM"
1973,386.269001809564,"17","MDM"
1974,386.822166141299,"17","MDM"
1975,392.136037087598,"17","MDM"
1976,384.472149682424,"17","MDM"
1977,396.501778544975,"17","MDM"
1978,374.363808376096,"17","MDM"
1979,303.869239363336,"17","MDM"
1980,314.85818714747,"17","MDM"
1981,318.540903034564,"17","MDM"
1982,337.059619797261,"17","MDM"
1983,355.362223724159,"17","MDM"
1984,355.902712181972,"17","MDM"
1985,346.385389626918,"17","MDM"
1986,348.267440563649,"17","MDM"
1987,401.562480761266,"17","MDM"
1988,404.019032932721,"17","MDM"
1989,436.219436259714,"17","MDM"
1990,434.674820017935,"17","MDM"
1991,449.433443944314,"17","MDM"
1992,435.182149205014,"17","MDM"
1993,438.700259806256,"17","MDM"
1994,439.706575173805,"17","MDM"
1995,475.133367156681,"17","MDM"
1996,475.545417138355,"17","MDM"
1997,480.822235167947,"17","MDM"
1998,506.304159467061,"17","MDM"
1999,507.425658608604,"17","MDM"
2000,517.608120198829,"17","MDM"
2001,490.272909547599,"17","MDM"
2002,479.581596370064,"17","MDM"
2003,503.825321217588,"17","MDM"
2004,525.333737264042,"17","MDM"
2005,518.73485609733,"17","MDM"
2006,494.122005880085,"17","MDM"
2007,516.730371384333,"17","MDM"
2008,574.673104686887,"17","MDM"
2009,579.02460158434,"17","MDM"
2010,566.607944559001,"17","MDM"
2011,588.297143805926,"17","MDM"
2012,561.555644138402,"17","MDM"
2013,536.558546399106,"17","MDM"
2014,541.246943956618,"17","MDM"
1964,549.358220359245,"18","MDM"
1965,538.015857446522,"18","MDM"
1966,541.753008289547,"18","MDM"
1967,600.968502764081,"18","MDM"
1968,616.116771026453,"18","MDM"
1969,617.320281933629,"18","MDM"
1970,618.973935351825,"18","MDM"
1971,562.82196181652,"18","MDM"
1972,551.998327480292,"18","MDM"
1973,564.899685879163,"18","MDM"
1974,555.450057203915,"18","MDM"
1975,540.837381659707,"18","MDM"
1976,563.517224784535,"18","MDM"
1977,563.758951900097,"18","MDM"
1978,387.39325323327,"18","MDM"
1979,412.278922433593,"18","MDM"
1980,443.521903624666,"18","MDM"
1981,450.429304680353,"18","MDM"
1982,433.57799714481,"18","MDM"
1983,399.461658416427,"18","MDM"
1984,410.893864115521,"18","MDM"
1985,411.268469985632,"18","MDM"
1986,481.178392503866,"18","MDM"
1987,484.643213874338,"18","MDM"
1988,450.796224392576,"18","MDM"
1989,453.314592768512,"18","MDM"
1990,451.588606278721,"18","MDM"
1991,434.023809882203,"18","MDM"
1992,462.88373310577,"18","MDM"
1993,470.167016556856,"18","MDM"
1994,482.040508712543,"18","MDM"
1995,469.514359403597,"18","MDM"
1996,487.839412242261,"18","MDM"
1997,410.339136149452,"18","MDM"
1998,546.596000175832,"18","MDM"
1999,557.551092839738,"18","MDM"
2000,577.602020770712,"18","MDM"
2001,547.494511744823,"18","MDM"
2002,542.192865046049,"18","MDM"
2003,544.696646344486,"18","MDM"
2004,560.217467735158,"18","MDM"
2005,591.911868140779,"18","MDM"
2006,593.461609831702,"18","MDM"
2007,579.160332434135,"18","MDM"
2008,574.573424210883,"18","MDM"
2009,577.585587099977,"18","MDM"
2010,551.448879662541,"18","MDM"
2011,459.831295764831,"18","MDM"
2012,603.19372396217,"18","MDM"
2013,578.148857106821,"18","MDM"
2014,577.516814096105,"18","MDM"
1964,403.693549528264,"19","MDM"
1965,403.448157412113,"19","MDM"
1966,390.936657530397,"19","MDM"
1967,415.695141278995,"19","MDM"
1968,351.091243964584,"19","MDM"
1969,361.926820140152,"19","MDM"
1970,317.964821783749,"19","MDM"
1971,377.785518280147,"19","MDM"
1972,377.245848944303,"19","MDM"
1973,406.726100701343,"19","MDM"
1974,429.467271958766,"19","MDM"
1975,478.421312434763,"19","MDM"
1976,478.14175608444,"19","MDM"
1977,513.343824543826,"19","MDM"
1978,509.958693735573,"19","MDM"
1979,508.835727761874,"19","MDM"
1980,509.468978005062,"19","MDM"
1981,520.435677382945,"19","MDM"
1982,507.438841783766,"19","MDM"
1983,516.936022894131,"19","MDM"
1984,516.293793564042,"19","MDM"
1985,530.34347617794,"19","MDM"
1986,574.147504832485,"19","MDM"
1987,582.380696223449,"19","MDM"
1988,548.140265688115,"19","MDM"
1989,546.27641544195,"19","MDM"
1990,514.167049507145,"19","MDM"
1991,582.872943570612,"19","MDM"
1992,537.176119532959,"19","MDM"
1993,543.279223460242,"19","MDM"
1994,545.725713664281,"19","MDM"
1995,545.913708862485,"19","MDM"
1996,553.46912293063,"19","MDM"
1997,542.062932604656,"19","MDM"
1998,549.002155031151,"19","MDM"
1999,576.555558231287,"19","MDM"
2000,520.804859078259,"19","MDM"
2001,496.799665717396,"19","MDM"
2002,501.247830589129,"19","MDM"
2003,502.04431234736,"19","MDM"
2004,468.249202899874,"19","MDM"
2005,473.94470724619,"19","MDM"
2006,435.484367083259,"19","MDM"
2007,396.491001510676,"19","MDM"
2008,415.101668682431,"19","MDM"
2009,435.43994443194,"19","MDM"
2010,440.042042667253,"19","MDM"
2011,438.251411751764,"19","MDM"
2012,440.623468745666,"19","MDM"
2013,464.46710980225,"19","MDM"
2014,403.439511225153,"19","MDM"
1964,496.580825147622,"20","MDM"
1965,528.589784701835,"20","MDM"
1966,535.699932012016,"20","MDM"
1967,466.199299663229,"20","MDM"
1968,473.03731209315,"20","MDM"
1969,418.862529989235,"20","MDM"
1970,420.610118220586,"20","MDM"
1971,383.260233505334,"20","MDM"
1972,333.054047278708,"20","MDM"
1973,370.357891109458,"20","MDM"
1974,399.842813061035,"20","MDM"
1975,400.798662484182,"20","MDM"
1976,400.382119999141,"20","MDM"
1977,395.11065225587,"20","MDM"
1978,397.603209869227,"20","MDM"
1979,378.1987737519,"20","MDM"
1980,366.530100023285,"20","MDM"
1981,362.064563361394,"20","MDM"
1982,395.29729797021,"20","MDM"
1983,385.804016163421,"20","MDM"
1984,485.247544466441,"20","MDM"
1985,510.646860306884,"20","MDM"
1986,519.589951330208,"20","MDM"
1987,519.082170653364,"20","MDM"
1988,489.959430742891,"20","MDM"
1989,467.485357197486,"20","MDM"
1990,499.684854047989,"20","MDM"
1991,499.037321263096,"20","MDM"
1992,499.090292554008,"20","MDM"
1993,501.193319316008,"20","MDM"
1994,512.952953103612,"20","MDM"
1995,480.862201432137,"20","MDM"
1996,498.065902894117,"20","MDM"
1997,467.295664589899,"20","MDM"
1998,462.819789654894,"20","MDM"
1999,377.322044870861,"20","MDM"
2000,396.862358963066,"20","MDM"
2001,369.779206851314,"20","MDM"
2002,497.252675561783,"20","MDM"
2003,485.473852216206,"20","MDM"
2004,488.897537550214,"20","MDM"
2005,459.273111454472,"20","MDM"
2006,465.264227423301,"20","MDM"
2007,473.407338492404,"20","MDM"
2008,468.782723588659,"20","MDM"
2009,477.115332643326,"20","MDM"
2010,532.360583685437,"20","MDM"
2011,502.879708846961,"20","MDM"
2012,501.458503097558,"20","MDM"
2013,510.753458147995,"20","MDM"
2014,513.9586992111,"20","MDM"
