"lon","lat","beta"
160,20.2617797851562,-0.0288954726672166
161.25,20.2617797851562,-0.0287427837724283
162.5,20.2617797851562,-0.0281612538964578
163.75,20.2617797851562,-0.0273013821360536
165,20.2617797851562,-0.0263418070471044
166.25,20.2617797851562,-0.0251060208155848
167.5,20.2617797851562,-0.0233225719234238
168.75,20.2617797851562,-0.0217606399397199
170,20.2617797851562,-0.0212611810723014
171.25,20.2617797851562,-0.0212661457136903
172.5,20.2617797851562,-0.0216266983889205
173.75,20.2617797851562,-0.0216181740721354
175,20.2617797851562,-0.0210571050077582
176.25,20.2617797851562,-0.0203109589877756
177.5,20.2617797851562,-0.019735766349959
178.75,20.2617797851562,-0.019899761934904
180,20.2617797851562,-0.0207642609492071
181.25,20.2617797851562,-0.0205156419263428
182.5,20.2617797851562,-0.0189714807338823
183.75,20.2617797851562,-0.0165763703359122
185,20.2617797851562,-0.0141486438667886
186.25,20.2617797851562,-0.0121143466603123
187.5,20.2617797851562,-0.0104645251790206
188.75,20.2617797851562,-0.00927486141180185
190,20.2617797851562,-0.00856708389474256
191.25,20.2617797851562,-0.00905647454950637
192.5,20.2617797851562,-0.0103846876330432
193.75,20.2617797851562,-0.0110355401288704
195,20.2617797851562,-0.0110449167564243
196.25,20.2617797851562,-0.0116339309150856
197.5,20.2617797851562,-0.0126094392292203
198.75,20.2617797851562,-0.0128720433565048
200,20.2617797851562,-0.0122663379427549
201.25,20.2617797851562,-0.010522304467711
202.5,20.2617797851562,-0.0086605955474267
203.75,20.2617797851562,-0.00996302096336802
205,20.2617797851562,-0.0171644422833164
206.25,20.2617797851562,-0.0258557482481117
207.5,20.2617797851562,-0.0293505482062235
208.75,20.2617797851562,-0.0310690432277257
210,20.2617797851562,-0.0321035869693947
211.25,20.2617797851562,-0.0321956019880614
212.5,20.2617797851562,-0.0317459773153894
213.75,20.2617797851562,-0.031286440407128
215,20.2617797851562,-0.0314511806873704
216.25,20.2617797851562,-0.0317258826816961
217.5,20.2617797851562,-0.0315844224147372
218.75,20.2617797851562,-0.0303717973097071
220,20.2617797851562,-0.0283722324708195
221.25,20.2617797851562,-0.0264439361063696
222.5,20.2617797851562,-0.024348080062351
223.75,20.2617797851562,-0.0220440506089083
225,20.2617797851562,-0.0201025542726132
226.25,20.2617797851562,-0.0171787483810617
227.5,20.2617797851562,-0.0146433142905607
228.75,20.2617797851562,-0.0120129682427004
230,20.2617797851562,-0.00874625713041689
231.25,20.2617797851562,-0.00465222897940038
232.5,20.2617797851562,-0.00116709516445138
233.75,20.2617797851562,0.000246335973738895
235,20.2617797851562,0.000800187185618482
236.25,20.2617797851562,0.00164165153266569
237.5,20.2617797851562,0.00151754364230053
238.75,20.2617797851562,0.00179635238929874
240,20.2617797851562,0.00386306513472115
241.25,20.2617797851562,0.00357968014732575
242.5,20.2617797851562,-0.00387620044896835
243.75,20.2617797851562,-0.0144571616212029
245,20.2617797851562,-0.0233497209071892
246.25,20.2617797851562,-0.0287892536450526
247.5,20.2617797851562,-0.0290940354204069
248.75,20.2617797851562,-0.025533087022153
250,20.2617797851562,-0.023761954905434
160,21.2041854858398,-0.0263652928351296
161.25,21.2041854858398,-0.0265670230229998
162.5,21.2041854858398,-0.0265797925895174
163.75,21.2041854858398,-0.0261394680852213
165,21.2041854858398,-0.0250291406975772
166.25,21.2041854858398,-0.0233533904662317
167.5,21.2041854858398,-0.021281478950793
168.75,21.2041854858398,-0.019408045121854
170,21.2041854858398,-0.0189380501569461
171.25,21.2041854858398,-0.0191570660305955
172.5,21.2041854858398,-0.0197500067018183
173.75,21.2041854858398,-0.020224051515856
175,21.2041854858398,-0.0203237272741422
176.25,21.2041854858398,-0.0201709375014987
177.5,21.2041854858398,-0.0197642384689059
178.75,21.2041854858398,-0.0195695417848725
180,21.2041854858398,-0.0203239846497907
181.25,21.2041854858398,-0.0214266757477695
182.5,21.2041854858398,-0.0215706358264649
183.75,21.2041854858398,-0.0205636990336249
185,21.2041854858398,-0.0184444303217175
186.25,21.2041854858398,-0.0158931155602719
187.5,21.2041854858398,-0.0136428458256784
188.75,21.2041854858398,-0.0123879190748297
190,21.2041854858398,-0.0120634210569031
191.25,21.2041854858398,-0.0126539472192692
192.5,21.2041854858398,-0.0132621479689299
193.75,21.2041854858398,-0.0134927714656007
195,21.2041854858398,-0.0135104325467639
196.25,21.2041854858398,-0.0145657116943681
197.5,21.2041854858398,-0.0162256278765602
198.75,21.2041854858398,-0.0169654182852031
200,21.2041854858398,-0.0159398051596703
201.25,21.2041854858398,-0.0133323892751936
202.5,21.2041854858398,-0.01125558788752
203.75,21.2041854858398,-0.0126293107455512
205,21.2041854858398,-0.0187245147524078
206.25,21.2041854858398,-0.0250322527143252
207.5,21.2041854858398,-0.0291311633358649
208.75,21.2041854858398,-0.0316771846715242
210,21.2041854858398,-0.0331315017665458
211.25,21.2041854858398,-0.0334250020125662
212.5,21.2041854858398,-0.0326781482073265
213.75,21.2041854858398,-0.0314008858922853
215,21.2041854858398,-0.0305200573598119
216.25,21.2041854858398,-0.0304269900385678
217.5,21.2041854858398,-0.030832648440142
218.75,21.2041854858398,-0.0309766601541918
220,21.2041854858398,-0.0303743968792328
221.25,21.2041854858398,-0.029124506869975
222.5,21.2041854858398,-0.0274093520817231
223.75,21.2041854858398,-0.0255801088871358
225,21.2041854858398,-0.0242010213270502
226.25,21.2041854858398,-0.0223469256409613
227.5,21.2041854858398,-0.0203609004795352
228.75,21.2041854858398,-0.0176288379790051
230,21.2041854858398,-0.0142235561552455
231.25,21.2041854858398,-0.0102601571486149
232.5,21.2041854858398,-0.00661873836483539
233.75,21.2041854858398,-0.00461661743008566
235,21.2041854858398,-0.00444340204504214
236.25,21.2041854858398,-0.00454374025218657
237.5,21.2041854858398,-0.00408582720093837
238.75,21.2041854858398,-0.00129737475792896
240,21.2041854858398,0.00357639110462999
241.25,21.2041854858398,0.005392318541064
242.5,21.2041854858398,-0.000746983322613953
243.75,21.2041854858398,-0.0121901452096179
245,21.2041854858398,-0.0231009523565498
246.25,21.2041854858398,-0.0296553663520847
247.5,21.2041854858398,-0.0311853777186322
248.75,21.2041854858398,-0.0291436427993854
250,21.2041854858398,-0.0280214373566222
160,22.146598815918,-0.0236559503438326
161.25,22.146598815918,-0.024253772465908
162.5,22.146598815918,-0.0247434489836326
163.75,22.146598815918,-0.0246070667351124
165,22.146598815918,-0.0233574010846074
166.25,22.146598815918,-0.0214039789919013
167.5,22.146598815918,-0.0190672299414458
168.75,22.146598815918,-0.0168540595478605
170,22.146598815918,-0.015990983746755
171.25,22.146598815918,-0.0162558623006164
172.5,22.146598815918,-0.0170940112590537
173.75,22.146598815918,-0.0179225547188682
175,22.146598815918,-0.0184149868956077
176.25,22.146598815918,-0.0186742969378218
177.5,22.146598815918,-0.0187087995404996
178.75,22.146598815918,-0.0183682042064758
180,22.146598815918,-0.0183721691064113
181.25,22.146598815918,-0.019585331598506
182.5,22.146598815918,-0.0207120269212645
183.75,22.146598815918,-0.0210592957684713
185,22.146598815918,-0.0202494249268174
186.25,22.146598815918,-0.0182247620963129
187.5,22.146598815918,-0.0156810128758867
188.75,22.146598815918,-0.0139621950493794
190,22.146598815918,-0.0134789528476143
191.25,22.146598815918,-0.0142706884201808
192.5,22.146598815918,-0.0149908235568617
193.75,22.146598815918,-0.0149410914770565
195,22.146598815918,-0.0148176813112331
196.25,22.146598815918,-0.015917404516976
197.5,22.146598815918,-0.0176275108082289
198.75,22.146598815918,-0.0183660522940038
200,22.146598815918,-0.0177646177913134
201.25,22.146598815918,-0.0159537235736802
202.5,22.146598815918,-0.0148416750373969
203.75,22.146598815918,-0.0168089554885508
205,22.146598815918,-0.0210808681913591
206.25,22.146598815918,-0.0251310039687594
207.5,22.146598815918,-0.0286678808735268
208.75,22.146598815918,-0.031717828114544
210,22.146598815918,-0.0337769392182988
211.25,22.146598815918,-0.0342714821342514
212.5,22.146598815918,-0.0332223965177229
213.75,22.146598815918,-0.0309806207136554
215,22.146598815918,-0.0292645247676808
216.25,22.146598815918,-0.028278106839212
217.5,22.146598815918,-0.0283962962565687
218.75,22.146598815918,-0.0293892465405693
220,22.146598815918,-0.030276197594288
221.25,22.146598815918,-0.0302128060808464
222.5,22.146598815918,-0.0292382970528102
223.75,22.146598815918,-0.0278300876468404
225,22.146598815918,-0.0265903039378399
226.25,22.146598815918,-0.0253230383007909
227.5,22.146598815918,-0.0235913552472499
228.75,22.146598815918,-0.0211523817884588
230,22.146598815918,-0.0180729070193273
231.25,22.146598815918,-0.0149262335568234
232.5,22.146598815918,-0.0116571712608442
233.75,22.146598815918,-0.00911164917865666
235,22.146598815918,-0.00889718624084368
236.25,22.146598815918,-0.00965690322194806
237.5,22.146598815918,-0.00838756765330326
238.75,22.146598815918,-0.00262318307235211
240,22.146598815918,0.00490081042193624
241.25,22.146598815918,0.00862238316848184
242.5,22.146598815918,0.00280817706242696
243.75,22.146598815918,-0.0107415566461627
245,22.146598815918,-0.0239452295116727
246.25,22.146598815918,-0.0319506953351248
247.5,22.146598815918,-0.0343065986864063
248.75,22.146598815918,-0.0333883085544974
250,22.146598815918,-0.031577147841437
160,23.0890045166016,-0.0212155949339271
161.25,23.0890045166016,-0.0217960476505656
162.5,23.0890045166016,-0.0224303609339878
163.75,23.0890045166016,-0.0222803596141499
165,23.0890045166016,-0.0209300399426069
166.25,23.0890045166016,-0.0189183458924306
167.5,23.0890045166016,-0.0166346461531005
168.75,23.0890045166016,-0.0142700493982131
170,23.0890045166016,-0.0131825824560739
171.25,23.0890045166016,-0.0133665075086613
172.5,23.0890045166016,-0.0142307676217468
173.75,23.0890045166016,-0.0153465918897295
175,23.0890045166016,-0.0160206418476732
176.25,23.0890045166016,-0.0163092129811076
177.5,23.0890045166016,-0.0163619772043905
178.75,23.0890045166016,-0.016041664097907
180,23.0890045166016,-0.0159925196337407
181.25,23.0890045166016,-0.0169578280796205
182.5,23.0890045166016,-0.0180062713179545
183.75,23.0890045166016,-0.0186434235188683
185,23.0890045166016,-0.0185581931570483
186.25,23.0890045166016,-0.0175948266871919
187.5,23.0890045166016,-0.0159497244721309
188.75,23.0890045166016,-0.0141875646161025
190,23.0890045166016,-0.0131452934213499
191.25,23.0890045166016,-0.0134085722344291
192.5,23.0890045166016,-0.0142184045572784
193.75,23.0890045166016,-0.0143524795773548
195,23.0890045166016,-0.0145184311138579
196.25,23.0890045166016,-0.0149457935802836
197.5,23.0890045166016,-0.0156542768597258
198.75,23.0890045166016,-0.0159463175950052
200,23.0890045166016,-0.0155887855494162
201.25,23.0890045166016,-0.0157775941353295
202.5,23.0890045166016,-0.0167194101673339
203.75,23.0890045166016,-0.0192970012092509
205,23.0890045166016,-0.0223869576830688
206.25,23.0890045166016,-0.0247866207803975
207.5,23.0890045166016,-0.0276769796453851
208.75,23.0890045166016,-0.0310286528315838
210,23.0890045166016,-0.0337915501847761
211.25,23.0890045166016,-0.0347375608492066
212.5,23.0890045166016,-0.0337049735193615
213.75,23.0890045166016,-0.0309566385466248
215,23.0890045166016,-0.0282651478581418
216.25,23.0890045166016,-0.0267650466357097
217.5,23.0890045166016,-0.0267611782735301
218.75,23.0890045166016,-0.0277220753757661
220,23.0890045166016,-0.0291462483110123
221.25,23.0890045166016,-0.0301908687849906
222.5,23.0890045166016,-0.0303465609512947
223.75,23.0890045166016,-0.0297250171640752
225,23.0890045166016,-0.0287058300438528
226.25,23.0890045166016,-0.0275459125887013
227.5,23.0890045166016,-0.0257376335456504
228.75,23.0890045166016,-0.0232298338585979
230,23.0890045166016,-0.0201327778150421
231.25,23.0890045166016,-0.0173888513413034
232.5,23.0890045166016,-0.0147500959181963
233.75,23.0890045166016,-0.0122136664158068
235,23.0890045166016,-0.0119995674947859
236.25,23.0890045166016,-0.0129833715162033
237.5,23.0890045166016,-0.0109772121569237
238.75,23.0890045166016,-0.00296581699672911
240,23.0890045166016,0.0061432733252165
241.25,23.0890045166016,0.0102397074597047
242.5,23.0890045166016,0.00347852568146242
243.75,23.0890045166016,-0.0117476055434214
245,23.0890045166016,-0.0253457275046279
246.25,23.0890045166016,-0.0331661247508565
247.5,23.0890045166016,-0.0357313048913443
248.75,23.0890045166016,-0.0361799878705463
250,23.0890045166016,-0.0334873875252611
160,24.0314178466797,-0.0218209548304182
161.25,24.0314178466797,-0.0215551287427259
162.5,24.0314178466797,-0.0213778600274508
163.75,24.0314178466797,-0.0203958879387121
165,24.0314178466797,-0.0184296433613999
166.25,24.0314178466797,-0.0159744359497825
167.5,24.0314178466797,-0.0134840023679778
168.75,24.0314178466797,-0.0115098381417701
170,24.0314178466797,-0.0105843013609009
171.25,24.0314178466797,-0.010895491786235
172.5,24.0314178466797,-0.0120492992026058
173.75,24.0314178466797,-0.0133944408428697
175,24.0314178466797,-0.0139982488207086
176.25,24.0314178466797,-0.0140155516961224
177.5,24.0314178466797,-0.0140508420932346
178.75,24.0314178466797,-0.014027979707576
180,24.0314178466797,-0.014272615573001
181.25,24.0314178466797,-0.0149657388723958
182.5,24.0314178466797,-0.01561458079115
183.75,24.0314178466797,-0.0160658999308263
185,24.0314178466797,-0.0161714034388981
186.25,24.0314178466797,-0.0157123103408038
187.5,24.0314178466797,-0.0146012474965138
188.75,24.0314178466797,-0.0129613684956295
190,24.0314178466797,-0.0115207620976645
191.25,24.0314178466797,-0.0109664704627639
192.5,24.0314178466797,-0.0110829471952285
193.75,24.0314178466797,-0.0114841810619667
195,24.0314178466797,-0.0121231481801727
196.25,24.0314178466797,-0.0125443972948533
197.5,24.0314178466797,-0.0126531613673134
198.75,24.0314178466797,-0.0123286780285311
200,24.0314178466797,-0.0116795176106649
201.25,24.0314178466797,-0.012010072501892
202.5,24.0314178466797,-0.0141386434951554
203.75,24.0314178466797,-0.0181314163148914
205,24.0314178466797,-0.0218417821030708
206.25,24.0314178466797,-0.0234404342172225
207.5,24.0314178466797,-0.0256225551001923
208.75,24.0314178466797,-0.0292309624779546
210,24.0314178466797,-0.0327492891791177
211.25,24.0314178466797,-0.034646372127653
212.5,24.0314178466797,-0.0343371101934958
213.75,24.0314178466797,-0.0319974490036233
215,24.0314178466797,-0.0288172067687815
216.25,24.0314178466797,-0.027079539017652
217.5,24.0314178466797,-0.0267843153991549
218.75,24.0314178466797,-0.0271121360248964
220,24.0314178466797,-0.0282364462065673
221.25,24.0314178466797,-0.0299210814187396
222.5,24.0314178466797,-0.031318389020659
223.75,24.0314178466797,-0.0316157902237393
225,24.0314178466797,-0.0307169596467371
226.25,24.0314178466797,-0.0297321404939709
227.5,24.0314178466797,-0.0275991228443099
228.75,24.0314178466797,-0.0243174965415912
230,24.0314178466797,-0.0208225292331984
231.25,24.0314178466797,-0.0177906611292632
232.5,24.0314178466797,-0.0154270178334625
233.75,24.0314178466797,-0.013955383928309
235,24.0314178466797,-0.0144513002445145
236.25,24.0314178466797,-0.0151558659437782
237.5,24.0314178466797,-0.0128328981476324
238.75,24.0314178466797,-0.00348431006090293
240,24.0314178466797,0.00600783602718033
241.25,24.0314178466797,0.0079628100371199
242.5,24.0314178466797,-0.000501054249914428
243.75,24.0314178466797,-0.0145868110141567
245,24.0314178466797,-0.0268942745110031
246.25,24.0314178466797,-0.0337226651968936
247.5,24.0314178466797,-0.0361040698729517
248.75,24.0314178466797,-0.0376583602901482
250,24.0314178466797,-0.0369031319092234
160,24.9738235473633,-0.0253570533490655
161.25,24.9738235473633,-0.0239407141331975
162.5,24.9738235473633,-0.0226084197912468
163.75,24.9738235473633,-0.0206895523080677
165,24.9738235473633,-0.0179022177542146
166.25,24.9738235473633,-0.0145160262138162
167.5,24.9738235473633,-0.0112348105428057
168.75,24.9738235473633,-0.00914072047265859
170,24.9738235473633,-0.00830381362879458
171.25,24.9738235473633,-0.00882346120598075
172.5,24.9738235473633,-0.0102411244556914
173.75,24.9738235473633,-0.0117763673773872
175,24.9738235473633,-0.0124919367050846
176.25,24.9738235473633,-0.0124341524895837
177.5,24.9738235473633,-0.0124500021485898
178.75,24.9738235473633,-0.0127364254996017
180,24.9738235473633,-0.0129662014236317
181.25,24.9738235473633,-0.0131829217207036
182.5,24.9738235473633,-0.0136135220157015
183.75,24.9738235473633,-0.0139828614848964
185,24.9738235473633,-0.0142251457584285
186.25,24.9738235473633,-0.0140905477943576
187.5,24.9738235473633,-0.0133356414885606
188.75,24.9738235473633,-0.0120142555570266
190,24.9738235473633,-0.0103351580848176
191.25,24.9738235473633,-0.00885763036714868
192.5,24.9738235473633,-0.00826222532605993
193.75,24.9738235473633,-0.00823667323680463
195,24.9738235473633,-0.00861932552620577
196.25,24.9738235473633,-0.00938804454134797
197.5,24.9738235473633,-0.00985557986433454
198.75,24.9738235473633,-0.00948006118109504
200,24.9738235473633,-0.00862458508597441
201.25,24.9738235473633,-0.00842406740290943
202.5,24.9738235473633,-0.0105115379109224
203.75,24.9738235473633,-0.0144323417530513
205,24.9738235473633,-0.0180008114878679
206.25,24.9738235473633,-0.0198134306835544
207.5,24.9738235473633,-0.0217872663708408
208.75,24.9738235473633,-0.0254858637705352
210,24.9738235473633,-0.0298118337204345
211.25,24.9738235473633,-0.0328849961957535
212.5,24.9738235473633,-0.0339818617549522
213.75,24.9738235473633,-0.0329963423710514
215,24.9738235473633,-0.0307785369350675
216.25,24.9738235473633,-0.0288940628087019
217.5,24.9738235473633,-0.0281717112654365
218.75,24.9738235473633,-0.0278436593106886
220,24.9738235473633,-0.0282090752047402
221.25,24.9738235473633,-0.029530844050569
222.5,24.9738235473633,-0.0312358720171485
223.75,24.9738235473633,-0.0323061631050524
225,24.9738235473633,-0.0322234139595275
226.25,24.9738235473633,-0.0312298050486143
227.5,24.9738235473633,-0.0287120446029606
228.75,24.9738235473633,-0.025395877757087
230,24.9738235473633,-0.0216383313686875
231.25,24.9738235473633,-0.0182127530176392
232.5,24.9738235473633,-0.0157250325977152
233.75,24.9738235473633,-0.0150326163563007
235,24.9738235473633,-0.0161533045904958
236.25,24.9738235473633,-0.0164622160415826
237.5,24.9738235473633,-0.0135519313246397
238.75,24.9738235473633,-0.00455467279300468
240,24.9738235473633,0.00267292061861586
241.25,24.9738235473633,0.00233397099151477
242.5,24.9738235473633,-0.00606802916654222
243.75,24.9738235473633,-0.0177886092876957
245,24.9738235473633,-0.0281706547038113
246.25,24.9738235473633,-0.0332056346804922
247.5,24.9738235473633,-0.0350966333043849
248.75,24.9738235473633,-0.0377310167408557
250,24.9738235473633,-0.0381592686551716
160,25.9162292480469,-0.0305094662931396
161.25,25.9162292480469,-0.0282975028557006
162.5,25.9162292480469,-0.0257842105991912
163.75,25.9162292480469,-0.02278164774591
165,25.9162292480469,-0.0191064402258016
166.25,25.9162292480469,-0.0148734661821617
167.5,25.9162292480469,-0.0104811822156188
168.75,25.9162292480469,-0.00746398192817003
170,25.9162292480469,-0.00610625273190101
171.25,25.9162292480469,-0.00654326911133299
172.5,25.9162292480469,-0.00813815484521998
173.75,25.9162292480469,-0.00983136148308815
175,25.9162292480469,-0.0108787285955427
176.25,25.9162292480469,-0.0110642571286254
177.5,25.9162292480469,-0.0110344057491033
178.75,25.9162292480469,-0.0113257135927952
180,25.9162292480469,-0.0113522101805642
181.25,25.9162292480469,-0.0111087345006078
182.5,25.9162292480469,-0.0110311561149825
183.75,25.9162292480469,-0.0111777426794989
185,25.9162292480469,-0.0111994950540071
186.25,25.9162292480469,-0.0112805513571128
187.5,25.9162292480469,-0.0114365485004881
188.75,25.9162292480469,-0.011214077323559
190,25.9162292480469,-0.0100516245054779
191.25,25.9162292480469,-0.00839934581184511
192.5,25.9162292480469,-0.00738158499180565
193.75,25.9162292480469,-0.00686536654357118
195,25.9162292480469,-0.00688358680302341
196.25,25.9162292480469,-0.00738587247289855
197.5,25.9162292480469,-0.00815099693557586
198.75,25.9162292480469,-0.00841435118214815
200,25.9162292480469,-0.0074068674651014
201.25,25.9162292480469,-0.00603125706123756
202.5,25.9162292480469,-0.00650074645100569
203.75,25.9162292480469,-0.00922808770335747
205,25.9162292480469,-0.012499848112939
206.25,25.9162292480469,-0.0144196806066843
207.5,25.9162292480469,-0.0163065761672287
208.75,25.9162292480469,-0.0195630127847919
210,25.9162292480469,-0.0237781187588985
211.25,25.9162292480469,-0.0272447777909103
212.5,25.9162292480469,-0.029671566204149
213.75,25.9162292480469,-0.0308826114399451
215,25.9162292480469,-0.0310939066439938
216.25,25.9162292480469,-0.03075988749883
217.5,25.9162292480469,-0.0306527337151329
218.75,25.9162292480469,-0.0300354852247572
220,25.9162292480469,-0.029469515262999
221.25,25.9162292480469,-0.0295788392373223
222.5,25.9162292480469,-0.030541958524131
223.75,25.9162292480469,-0.0317662389658947
225,25.9162292480469,-0.0326060180489943
226.25,25.9162292480469,-0.0320554891919978
227.5,25.9162292480469,-0.0298201736773601
228.75,25.9162292480469,-0.0265901398064292
230,25.9162292480469,-0.0227576653056628
231.25,25.9162292480469,-0.0194850121790707
232.5,25.9162292480469,-0.016918153720358
233.75,25.9162292480469,-0.0160830813195144
235,25.9162292480469,-0.0169600094620786
236.25,25.9162292480469,-0.0170634161754224
237.5,25.9162292480469,-0.0138212585054624
238.75,25.9162292480469,-0.00581123585796865
240,25.9162292480469,-0.00163938748430709
241.25,25.9162292480469,-0.00418532690346644
242.5,25.9162292480469,-0.0113130354552647
243.75,25.9162292480469,-0.0203333357855869
245,25.9162292480469,-0.0281473980283713
246.25,25.9162292480469,-0.0317003651419129
247.5,25.9162292480469,-0.0334413737878954
248.75,25.9162292480469,-0.0398491046031515
250,25.9162292480469,-0.0387849531095451
160,26.858642578125,-0.0377784231821737
161.25,26.858642578125,-0.0350002575774195
162.5,26.858642578125,-0.0315788380274845
163.75,26.858642578125,-0.0277542408093751
165,26.858642578125,-0.0231265972299546
166.25,26.858642578125,-0.0178748322297325
167.5,26.858642578125,-0.0124304403809298
168.75,26.858642578125,-0.00774446822814008
170,26.858642578125,-0.00476091989172824
171.25,26.858642578125,-0.00423876208238499
172.5,26.858642578125,-0.00534858666285998
173.75,26.858642578125,-0.00709488410083809
175,26.858642578125,-0.00849392063870129
176.25,26.858642578125,-0.00911191675853276
177.5,26.858642578125,-0.00938326642747507
178.75,26.858642578125,-0.00957635500479946
180,26.858642578125,-0.00930710321586085
181.25,26.858642578125,-0.00832456206595532
182.5,26.858642578125,-0.0080473579881222
183.75,26.858642578125,-0.00817362447470521
185,26.858642578125,-0.00813246228686478
186.25,26.858642578125,-0.00808705603515833
187.5,26.858642578125,-0.0084556271431419
188.75,26.858642578125,-0.00897510145288691
190,26.858642578125,-0.00894613794015107
191.25,26.858642578125,-0.0082663192682944
192.5,26.858642578125,-0.00783430786215972
193.75,26.858642578125,-0.00776777116505145
195,26.858642578125,-0.00780184409553057
196.25,26.858642578125,-0.00789412701496922
197.5,26.858642578125,-0.00820033705776686
198.75,26.858642578125,-0.00833284777180465
200,26.858642578125,-0.00749695127420738
201.25,26.858642578125,-0.00583302425148653
202.5,26.858642578125,-0.00454104080845861
203.75,26.858642578125,-0.00459111229010687
205,26.858642578125,-0.00618110792486244
206.25,26.858642578125,-0.00835954730100055
207.5,26.858642578125,-0.0107555732030067
208.75,26.858642578125,-0.0133702430482008
210,26.858642578125,-0.0168212406421801
211.25,26.858642578125,-0.0203673484608895
212.5,26.858642578125,-0.0232556925034172
213.75,26.858642578125,-0.0255524587922493
215,26.858642578125,-0.0275417847759073
216.25,26.858642578125,-0.0293846724385368
217.5,26.858642578125,-0.0308797118969511
218.75,26.858642578125,-0.0315227344015367
220,26.858642578125,-0.0310323785531951
221.25,26.858642578125,-0.0304009418925779
222.5,26.858642578125,-0.0303290552091983
223.75,26.858642578125,-0.0310164383438574
225,26.858642578125,-0.0319265290381266
226.25,26.858642578125,-0.0321930142563289
227.5,26.858642578125,-0.0310686286590484
228.75,26.858642578125,-0.0281438872154974
230,26.858642578125,-0.0243697872346043
231.25,26.858642578125,-0.0209768735540571
232.5,26.858642578125,-0.0181645111464311
233.75,26.858642578125,-0.0167065287324602
235,26.858642578125,-0.0169607729096112
236.25,26.858642578125,-0.0171827622679483
237.5,26.858642578125,-0.0144502695205416
238.75,26.858642578125,-0.00803237009547969
240,26.858642578125,-0.00511863122562467
241.25,26.858642578125,-0.00831046830447305
242.5,26.858642578125,-0.0144666580124665
243.75,26.858642578125,-0.0207468623438708
245,26.858642578125,-0.0250705114434259
246.25,26.858642578125,-0.0282912620579533
247.5,26.858642578125,-0.0369253465274912
248.75,26.858642578125,-0.039312913129829
250,26.858642578125,-0.0378299640527267
160,27.8010482788086,-0.0447340795283653
161.25,27.8010482788086,-0.0426179302465065
162.5,27.8010482788086,-0.0390940696382015
163.75,27.8010482788086,-0.0346897953908689
165,27.8010482788086,-0.0297549153113824
166.25,27.8010482788086,-0.0242858893336
167.5,27.8010482788086,-0.0182398994854995
168.75,27.8010482788086,-0.0124314225263194
170,27.8010482788086,-0.0073913943514994
171.25,27.8010482788086,-0.00472230411180455
172.5,27.8010482788086,-0.00394230088094484
173.75,27.8010482788086,-0.0040929824860907
175,27.8010482788086,-0.00475732732198499
176.25,27.8010482788086,-0.00542883343801348
177.5,27.8010482788086,-0.00603746543658564
178.75,27.8010482788086,-0.00644850923437653
180,27.8010482788086,-0.00639887530525596
181.25,27.8010482788086,-0.00554832395882586
182.5,27.8010482788086,-0.00504365427257882
183.75,27.8010482788086,-0.00502165462721682
185,27.8010482788086,-0.00527857547333683
186.25,27.8010482788086,-0.00565727148920926
187.5,27.8010482788086,-0.00610656333973805
188.75,27.8010482788086,-0.00653446614064827
190,27.8010482788086,-0.00685493504910865
191.25,27.8010482788086,-0.00706435122473358
192.5,27.8010482788086,-0.00744188794376255
193.75,27.8010482788086,-0.00793523550740406
195,27.8010482788086,-0.00835962594800084
196.25,27.8010482788086,-0.00861999828936193
197.5,27.8010482788086,-0.00878160306580243
198.75,27.8010482788086,-0.00841958112332053
200,27.8010482788086,-0.007268627767157
201.25,27.8010482788086,-0.00568075891702464
202.5,27.8010482788086,-0.00409714441435815
203.75,27.8010482788086,-0.00277137799557987
205,27.8010482788086,-0.00235220854446413
206.25,27.8010482788086,-0.00327355602615825
207.5,27.8010482788086,-0.0054757556800667
208.75,27.8010482788086,-0.00835670805118545
210,27.8010482788086,-0.011569345992297
211.25,27.8010482788086,-0.0149347940672897
212.5,27.8010482788086,-0.0176610073331036
213.75,27.8010482788086,-0.0200123853411261
215,27.8010482788086,-0.0224515599413237
216.25,27.8010482788086,-0.0252207671244565
217.5,27.8010482788086,-0.0278487952530339
218.75,27.8010482788086,-0.0302506392703359
220,27.8010482788086,-0.0315462500680403
221.25,27.8010482788086,-0.0316826953530288
222.5,27.8010482788086,-0.0312908848079258
223.75,27.8010482788086,-0.0310344926763818
225,27.8010482788086,-0.0312173431592675
226.25,27.8010482788086,-0.0315127181336199
227.5,27.8010482788086,-0.03103404648205
228.75,27.8010482788086,-0.02906455415592
230,27.8010482788086,-0.0259682386219392
231.25,27.8010482788086,-0.022456823716831
232.5,27.8010482788086,-0.0194547687993562
233.75,27.8010482788086,-0.0175410864566451
235,27.8010482788086,-0.0174021205810886
236.25,27.8010482788086,-0.0178293363019497
237.5,27.8010482788086,-0.0161249583943767
238.75,27.8010482788086,-0.0108376251918135
240,27.8010482788086,-0.00796147432390962
241.25,27.8010482788086,-0.0104208794477987
242.5,27.8010482788086,-0.0153406656869047
243.75,27.8010482788086,-0.01840792500936
245,27.8010482788086,-0.0173374026518614
246.25,27.8010482788086,-0.0152711085294857
247.5,27.8010482788086,-0.038034865914656
248.75,27.8010482788086,-0.0380912768363961
250,27.8010482788086,-0.0360842572710366
160,28.7434539794922,-0.0479155395768337
161.25,28.7434539794922,-0.0474703758206237
162.5,28.7434539794922,-0.0447536838735063
163.75,28.7434539794922,-0.0404218070117468
165,28.7434539794922,-0.0355627044459538
166.25,28.7434539794922,-0.0305822912073517
167.5,28.7434539794922,-0.0250281873037767
168.75,28.7434539794922,-0.0192758339921395
170,28.7434539794922,-0.0135758728063335
171.25,28.7434539794922,-0.00921029298531434
172.5,28.7434539794922,-0.0063023569922246
173.75,28.7434539794922,-0.00392417209780228
175,28.7434539794922,-0.00245162100864668
176.25,28.7434539794922,-0.00195180024313123
177.5,28.7434539794922,-0.00212120484737853
178.75,28.7434539794922,-0.0024386119028222
180,28.7434539794922,-0.00222381198001746
181.25,28.7434539794922,-0.00133807864635737
182.5,28.7434539794922,-0.000295911394068161
183.75,28.7434539794922,-1.01844731910933e-05
185,28.7434539794922,-0.000607452733111481
186.25,28.7434539794922,-0.00170948354098246
187.5,28.7434539794922,-0.00265263867653959
188.75,28.7434539794922,-0.00338305428844292
190,28.7434539794922,-0.00413936046824457
191.25,28.7434539794922,-0.00487119329519394
192.5,28.7434539794922,-0.00582117324426856
193.75,28.7434539794922,-0.00716221731804834
195,28.7434539794922,-0.00806207867271043
196.25,28.7434539794922,-0.0084995471970344
197.5,28.7434539794922,-0.00835026187380915
198.75,28.7434539794922,-0.00734896955139184
200,28.7434539794922,-0.00556052890495344
201.25,28.7434539794922,-0.00405944173066476
202.5,28.7434539794922,-0.00300678947121178
203.75,28.7434539794922,-0.00196855013777233
205,28.7434539794922,-0.00142176055143689
206.25,28.7434539794922,-0.00160275758889479
207.5,28.7434539794922,-0.0024865877342287
208.75,28.7434539794922,-0.00408315193511046
210,28.7434539794922,-0.00684129305574425
211.25,28.7434539794922,-0.0103194670029385
212.5,28.7434539794922,-0.0126825168275416
213.75,28.7434539794922,-0.0144608091774317
215,28.7434539794922,-0.0171003665199691
216.25,28.7434539794922,-0.0206446265158991
217.5,28.7434539794922,-0.0244150276996306
218.75,28.7434539794922,-0.0280810970867177
220,28.7434539794922,-0.0310616716977708
221.25,28.7434539794922,-0.0325438835478678
222.5,28.7434539794922,-0.0327409557066394
223.75,28.7434539794922,-0.0323113207961542
225,28.7434539794922,-0.0316362044880339
226.25,28.7434539794922,-0.0310382248003042
227.5,28.7434539794922,-0.0298725668186731
228.75,28.7434539794922,-0.0284360468224601
230,28.7434539794922,-0.0267111756384632
231.25,28.7434539794922,-0.0242527454117203
232.5,28.7434539794922,-0.021496033960566
233.75,28.7434539794922,-0.0193137523755932
235,28.7434539794922,-0.0184781037451051
236.25,28.7434539794922,-0.0183305588756408
237.5,28.7434539794922,-0.016970322868299
238.75,28.7434539794922,-0.012074991396964
240,28.7434539794922,-0.00886673598776374
241.25,28.7434539794922,-0.00980837047854652
242.5,28.7434539794922,-0.0135970752188629
243.75,28.7434539794922,-0.0151906311557352
245,28.7434539794922,-0.0120576332347113
246.25,28.7434539794922,-0.00547944088966377
160,29.6858673095703,-0.0450640887094726
161.25,29.6858673095703,-0.0477526143842536
162.5,29.6858673095703,-0.0472354991605759
163.75,29.6858673095703,-0.0444179303239508
165,29.6858673095703,-0.0400176866779747
166.25,29.6858673095703,-0.0350518499448585
167.5,29.6858673095703,-0.0301800836888377
168.75,29.6858673095703,-0.02553820380871
170,29.6858673095703,-0.0205357020775874
171.25,29.6858673095703,-0.0156916111124133
172.5,29.6858673095703,-0.0115155958552344
173.75,29.6858673095703,-0.00715836560501557
175,29.6858673095703,-0.00326668638406986
176.25,29.6858673095703,-0.00104798751491333
177.5,29.6858673095703,-0.000127935443216471
178.75,29.6858673095703,0.000449704507215129
180,29.6858673095703,0.00151145846794791
181.25,29.6858673095703,0.00296204702745286
182.5,29.6858673095703,0.00422618037408798
183.75,29.6858673095703,0.00464530383306592
185,29.6858673095703,0.00427470560750588
186.25,29.6858673095703,0.00311098610191169
187.5,29.6858673095703,0.00150168613034744
188.75,29.6858673095703,0.000103532966824664
190,29.6858673095703,-0.00089186762388094
191.25,29.6858673095703,-0.00175859660233229
192.5,29.6858673095703,-0.00259138260413658
193.75,29.6858673095703,-0.0041629847405976
195,29.6858673095703,-0.00647165024059975
196.25,29.6858673095703,-0.00743762460706334
197.5,29.6858673095703,-0.00697070819440632
198.75,29.6858673095703,-0.0055216847638304
200,29.6858673095703,-0.00327456519041863
201.25,29.6858673095703,-0.00146253138765585
202.5,29.6858673095703,-0.000354351654738855
203.75,29.6858673095703,0.000462704126435167
205,29.6858673095703,0.000378855057401226
206.25,29.6858673095703,-0.000499793963622021
207.5,29.6858673095703,-0.00133323852723268
208.75,29.6858673095703,-0.0016262535922094
210,29.6858673095703,-0.00249872958973302
211.25,29.6858673095703,-0.00458986266183388
212.5,29.6858673095703,-0.00673156116828555
213.75,29.6858673095703,-0.00858249621592351
215,29.6858673095703,-0.0110156992425951
216.25,29.6858673095703,-0.0152192025016932
217.5,29.6858673095703,-0.020451262790969
218.75,29.6858673095703,-0.024798480680423
220,29.6858673095703,-0.0291014991509952
221.25,29.6858673095703,-0.0322135346086549
222.5,29.6858673095703,-0.0337506687059806
223.75,29.6858673095703,-0.0339329079905596
225,29.6858673095703,-0.0329287854249408
226.25,29.6858673095703,-0.0313189616809484
227.5,29.6858673095703,-0.0289115063130714
228.75,29.6858673095703,-0.026902170525553
230,29.6858673095703,-0.0258011614103792
231.25,29.6858673095703,-0.0250895360217873
232.5,29.6858673095703,-0.0237971399218765
233.75,29.6858673095703,-0.0218961016176755
235,29.6858673095703,-0.0202669880704659
236.25,29.6858673095703,-0.0189803432395416
237.5,29.6858673095703,-0.0173454970214941
238.75,29.6858673095703,-0.0127691411369869
240,29.6858673095703,-0.00930082719191479
241.25,29.6858673095703,-0.00872536694328923
242.5,29.6858673095703,-0.0105544564862966
243.75,29.6858673095703,-0.0115162004874301
245,29.6858673095703,-0.0122334139726931
160,30.6282730102539,-0.0363563756659672
161.25,30.6282730102539,-0.042052050132909
162.5,30.6282730102539,-0.0441394865849719
163.75,30.6282730102539,-0.043662747864163
165,30.6282730102539,-0.0410630709280154
166.25,30.6282730102539,-0.03691960387728
167.5,30.6282730102539,-0.0323672316576824
168.75,30.6282730102539,-0.0278109087370286
170,30.6282730102539,-0.0235103976347014
171.25,30.6282730102539,-0.0197160140257145
172.5,30.6282730102539,-0.0160403462401633
173.75,30.6282730102539,-0.0116610520049156
175,30.6282730102539,-0.00686138238865356
176.25,30.6282730102539,-0.00285722438800043
177.5,30.6282730102539,0.000105145107026809
178.75,30.6282730102539,0.00244508559462267
180,30.6282730102539,0.0045347996525062
181.25,30.6282730102539,0.00609400235564949
182.5,30.6282730102539,0.00689661068993513
183.75,30.6282730102539,0.00703206937327104
185,30.6282730102539,0.00689082011936801
186.25,30.6282730102539,0.0058738398167074
187.5,30.6282730102539,0.00417076183286234
188.75,30.6282730102539,0.0025096739222585
190,30.6282730102539,0.00131916356603131
191.25,30.6282730102539,0.000503497523779222
192.5,30.6282730102539,7.23563384503594e-05
193.75,30.6282730102539,-0.00111251313705012
195,30.6282730102539,-0.00349571931292317
196.25,30.6282730102539,-0.00508750145852912
197.5,30.6282730102539,-0.00482310502578174
198.75,30.6282730102539,-0.00349266175204612
200,30.6282730102539,-0.00124838103169519
201.25,30.6282730102539,0.0011864698921932
202.5,30.6282730102539,0.00304979316120953
203.75,30.6282730102539,0.0042132202950581
205,30.6282730102539,0.00409287923621014
206.25,30.6282730102539,0.00296491873374211
207.5,30.6282730102539,0.00153188094287122
208.75,30.6282730102539,0.00156063147173326
210,30.6282730102539,0.00192787966743861
211.25,30.6282730102539,0.00147343672236713
212.5,30.6282730102539,0.000193696422757286
213.75,30.6282730102539,-0.00207632113026413
215,30.6282730102539,-0.00523549893587003
216.25,30.6282730102539,-0.00959697104000966
217.5,30.6282730102539,-0.0152387052662849
218.75,30.6282730102539,-0.0196067841020157
220,30.6282730102539,-0.0242029337258792
221.25,30.6282730102539,-0.0290135980518749
222.5,30.6282730102539,-0.0326102391240949
223.75,30.6282730102539,-0.0342393488704889
225,30.6282730102539,-0.0337835025209637
226.25,30.6282730102539,-0.0315864508394413
227.5,30.6282730102539,-0.0283851351792767
228.75,30.6282730102539,-0.0258794053398457
230,30.6282730102539,-0.0246667597529802
231.25,30.6282730102539,-0.0250122401116615
232.5,30.6282730102539,-0.0252202479164103
233.75,30.6282730102539,-0.0242693090779968
235,30.6282730102539,-0.0233834974114687
236.25,30.6282730102539,-0.0227542572497384
237.5,30.6282730102539,-0.0204906623304071
238.75,30.6282730102539,-0.0153086323774475
240,30.6282730102539,-0.0108286726172694
241.25,30.6282730102539,-0.00815324107082359
242.5,30.6282730102539,-0.00730667249408587
243.75,30.6282730102539,-0.00661098052316724
160,31.5706787109375,-0.0226112650782779
161.25,31.5706787109375,-0.0303322786355981
162.5,31.5706787109375,-0.034830365330095
163.75,31.5706787109375,-0.0369365043198693
165,31.5706787109375,-0.0374869689388546
166.25,31.5706787109375,-0.0359427931371004
167.5,31.5706787109375,-0.0325352888096145
168.75,31.5706787109375,-0.0281883823719069
170,31.5706787109375,-0.0238927676724763
171.25,31.5706787109375,-0.0205083799303158
172.5,31.5706787109375,-0.0178784023922013
173.75,31.5706787109375,-0.0146146958471626
175,31.5706787109375,-0.0104084542918604
176.25,31.5706787109375,-0.00602252514124693
177.5,31.5706787109375,-0.00179351993568065
178.75,31.5706787109375,0.00193695045508673
180,31.5706787109375,0.00484071415306264
181.25,31.5706787109375,0.00622101425431684
182.5,31.5706787109375,0.00586407754625894
183.75,31.5706787109375,0.0051084220918945
185,31.5706787109375,0.00474168245935099
186.25,31.5706787109375,0.00423100471786956
187.5,31.5706787109375,0.00363150612329624
188.75,31.5706787109375,0.00320773608804896
190,31.5706787109375,0.00274256862414449
191.25,31.5706787109375,0.00216111946824912
192.5,31.5706787109375,0.00182121052803027
193.75,31.5706787109375,0.00083145398863941
195,31.5706787109375,-0.000765904558946307
196.25,31.5706787109375,-0.00215773245356251
197.5,31.5706787109375,-0.00227971732238061
198.75,31.5706787109375,-0.00162275182393087
200,31.5706787109375,2.31048287025309e-05
201.25,31.5706787109375,0.00257796741904192
202.5,31.5706787109375,0.00513427765759601
203.75,31.5706787109375,0.00702839846613154
205,31.5706787109375,0.00760608548715451
206.25,31.5706787109375,0.00697480561571488
207.5,31.5706787109375,0.00603170593499174
208.75,31.5706787109375,0.00620672648366153
210,31.5706787109375,0.00704255069577441
211.25,31.5706787109375,0.00758105937408431
212.5,31.5706787109375,0.00700474630068033
213.75,31.5706787109375,0.00498659761139986
215,31.5706787109375,0.00124925577821861
216.25,31.5706787109375,-0.0038721926705423
217.5,31.5706787109375,-0.00963209847196228
218.75,31.5706787109375,-0.0141965656592646
220,31.5706787109375,-0.0184326916534902
221.25,31.5706787109375,-0.0237094530002907
222.5,31.5706787109375,-0.0287836896181922
223.75,31.5706787109375,-0.0320754652439322
225,31.5706787109375,-0.0329155767221904
226.25,31.5706787109375,-0.0315252667187417
227.5,31.5706787109375,-0.0284355293406888
228.75,31.5706787109375,-0.0253580741577765
230,31.5706787109375,-0.0234225398017902
231.25,31.5706787109375,-0.0241637338384647
232.5,31.5706787109375,-0.0260383864871359
233.75,31.5706787109375,-0.0269160285800225
235,31.5706787109375,-0.0277122980359309
236.25,31.5706787109375,-0.0286746375238375
237.5,31.5706787109375,-0.0262069025345102
238.75,31.5706787109375,-0.0197920841766084
240,31.5706787109375,-0.0135990635829141
241.25,31.5706787109375,-0.00831181875669224
242.5,31.5706787109375,-0.00572198810938008
243.75,31.5706787109375,-0.00587898407903398
160,32.5130920410156,-0.00791029505213385
161.25,32.5130920410156,-0.015804315546811
162.5,32.5130920410156,-0.0219283804986781
163.75,32.5130920410156,-0.0257592755927132
165,32.5130920410156,-0.0288513169228669
166.25,32.5130920410156,-0.0305236637244262
167.5,32.5130920410156,-0.0295596337654518
168.75,32.5130920410156,-0.0266725411068381
170,32.5130920410156,-0.0232038882054308
171.25,32.5130920410156,-0.020159674703323
172.5,32.5130920410156,-0.0182928520098661
173.75,32.5130920410156,-0.0163124356811541
175,32.5130920410156,-0.0133778208748612
176.25,32.5130920410156,-0.00957932155410859
177.5,32.5130920410156,-0.00525476824418287
178.75,32.5130920410156,-0.00125818107354564
180,32.5130920410156,0.00158898748350584
181.25,32.5130920410156,0.00266166533362879
182.5,32.5130920410156,0.0022093876646925
183.75,32.5130920410156,0.000492985870478691
185,32.5130920410156,-0.000914171678639726
186.25,32.5130920410156,-0.0012242377622224
187.5,32.5130920410156,-0.000406275970044909
188.75,32.5130920410156,0.00104638223113526
190,32.5130920410156,0.00246056417987689
191.25,32.5130920410156,0.00311806736034682
192.5,32.5130920410156,0.0030244164454192
193.75,32.5130920410156,0.00239719490980437
195,32.5130920410156,0.00228093072928767
196.25,32.5130920410156,0.0023335626105315
197.5,32.5130920410156,0.0022711241174174
198.75,32.5130920410156,0.00204805941860336
200,32.5130920410156,0.00217398357750613
201.25,32.5130920410156,0.00317089332323198
202.5,32.5130920410156,0.00497969370192521
203.75,32.5130920410156,0.0068664567889871
205,32.5130920410156,0.00794129351277816
206.25,32.5130920410156,0.00821036110368883
207.5,32.5130920410156,0.00786358335185453
208.75,32.5130920410156,0.00873511027863159
210,32.5130920410156,0.0104900780292128
211.25,32.5130920410156,0.0121038097587379
212.5,32.5130920410156,0.0130273775023832
213.75,32.5130920410156,0.0122903290662194
215,32.5130920410156,0.00904632144570291
216.25,32.5130920410156,0.00365621397663801
217.5,32.5130920410156,-0.00221043490796583
218.75,32.5130920410156,-0.0071560799613892
220,32.5130920410156,-0.0114702041868203
221.25,32.5130920410156,-0.0173727884085653
222.5,32.5130920410156,-0.0237912417347406
223.75,32.5130920410156,-0.0288242083443385
225,32.5130920410156,-0.0308942024360441
226.25,32.5130920410156,-0.0307003801755032
227.5,32.5130920410156,-0.0287004875971453
228.75,32.5130920410156,-0.0253170375768469
230,32.5130920410156,-0.0227064761721507
231.25,32.5130920410156,-0.0240029469419734
232.5,32.5130920410156,-0.0276292136261223
233.75,32.5130920410156,-0.0306119662645634
235,32.5130920410156,-0.0328510292283379
236.25,32.5130920410156,-0.0341034854900995
237.5,32.5130920410156,-0.0300575955704207
238.75,32.5130920410156,-0.0219236034579314
240,32.5130920410156,-0.0148764983133286
241.25,32.5130920410156,-0.0090744442562473
242.5,32.5130920410156,-0.00485520512497967
160,33.4554977416992,0.00172998864649081
161.25,33.4554977416992,-0.00427050072482718
162.5,33.4554977416992,-0.0111438463377762
163.75,33.4554977416992,-0.0166735910828434
165,33.4554977416992,-0.0211131751550656
166.25,33.4554977416992,-0.0244717981598975
167.5,33.4554977416992,-0.0256195977976357
168.75,33.4554977416992,-0.0248399881730993
170,33.4554977416992,-0.0233233998314269
171.25,33.4554977416992,-0.0212778312118019
172.5,33.4554977416992,-0.0188505968008226
173.75,33.4554977416992,-0.0166732998772851
175,33.4554977416992,-0.0146660593625065
176.25,33.4554977416992,-0.0123004338337731
177.5,33.4554977416992,-0.00971567057221041
178.75,33.4554977416992,-0.00723419657675539
180,33.4554977416992,-0.00515636032451841
181.25,33.4554977416992,-0.00410581410585849
182.5,33.4554977416992,-0.00453088040588446
183.75,33.4554977416992,-0.00705537588414428
185,33.4554977416992,-0.00905214511134018
186.25,33.4554977416992,-0.00881123840909522
187.5,33.4554977416992,-0.00665488144577932
188.75,33.4554977416992,-0.00350483895542755
190,33.4554977416992,-0.000358665928291529
191.25,33.4554977416992,0.00193483962123484
192.5,33.4554977416992,0.00306296772517074
193.75,33.4554977416992,0.00345640765290525
195,33.4554977416992,0.00450001266095185
196.25,33.4554977416992,0.00586348752213461
197.5,33.4554977416992,0.00676025602328655
198.75,33.4554977416992,0.00669324088460012
200,33.4554977416992,0.00560207907824098
201.25,33.4554977416992,0.0042452248670833
202.5,33.4554977416992,0.00380991605118365
203.75,33.4554977416992,0.0042346746900548
205,33.4554977416992,0.00472684353639603
206.25,33.4554977416992,0.00568736089439797
207.5,33.4554977416992,0.00658525740189487
208.75,33.4554977416992,0.00855443544866678
210,33.4554977416992,0.0112115168112951
211.25,33.4554977416992,0.01388287455801
212.5,33.4554977416992,0.0164558033328984
213.75,33.4554977416992,0.0177355157166386
215,33.4554977416992,0.0165601716610572
216.25,33.4554977416992,0.0131234862796464
217.5,33.4554977416992,0.00858542385218948
218.75,33.4554977416992,0.00321889149418345
220,33.4554977416992,-0.00243065786720645
221.25,33.4554977416992,-0.00949348616883043
222.5,33.4554977416992,-0.017550957221826
223.75,33.4554977416992,-0.0246356682664607
225,33.4554977416992,-0.0282980518056508
226.25,33.4554977416992,-0.0289734269496776
227.5,33.4554977416992,-0.0280413404140395
228.75,33.4554977416992,-0.0257279331744132
230,33.4554977416992,-0.0237909039778215
231.25,33.4554977416992,-0.0253665638963078
232.5,33.4554977416992,-0.0299682201489575
233.75,33.4554977416992,-0.0347091198465507
235,33.4554977416992,-0.0382749172932147
236.25,33.4554977416992,-0.0379243289449554
237.5,33.4554977416992,-0.0304392454578446
238.75,33.4554977416992,-0.0205020435981846
240,33.4554977416992,-0.0129501277936263
241.25,33.4554977416992,-0.00811840060969077
242.5,33.4554977416992,-0.00380544238583755
160,34.3979034423828,0.00343936963342963
161.25,34.3979034423828,0.000298872761733652
162.5,34.3979034423828,-0.00547875537957518
163.75,34.3979034423828,-0.0119727308461882
165,34.3979034423828,-0.0175241318333846
166.25,34.3979034423828,-0.0216939083973735
167.5,34.3979034423828,-0.0242778872403045
168.75,34.3979034423828,-0.0258217317532702
170,34.3979034423828,-0.0266657727442749
171.25,34.3979034423828,-0.0257579483465436
172.5,34.3979034423828,-0.0223026770121705
173.75,34.3979034423828,-0.0191909861470732
175,34.3979034423828,-0.0168705106392454
176.25,34.3979034423828,-0.0147346630666166
177.5,34.3979034423828,-0.0130594598645397
178.75,34.3979034423828,-0.0118916782416668
180,34.3979034423828,-0.0109227765361785
181.25,34.3979034423828,-0.0104717759284946
182.5,34.3979034423828,-0.0112385294772238
183.75,34.3979034423828,-0.0141262079392294
185,34.3979034423828,-0.0167689886675909
186.25,34.3979034423828,-0.0166637529372555
187.5,34.3979034423828,-0.0141597290944336
188.75,34.3979034423828,-0.0100152342223171
190,34.3979034423828,-0.00566233795112482
191.25,34.3979034423828,-0.00175648405579258
192.5,34.3979034423828,0.000984043538266293
193.75,34.3979034423828,0.00258169425471893
195,34.3979034423828,0.00449628010393307
196.25,34.3979034423828,0.00688270720416332
197.5,34.3979034423828,0.00872342981739051
198.75,34.3979034423828,0.00935771502144547
200,34.3979034423828,0.00829993681725939
201.25,34.3979034423828,0.0058812063188217
202.5,34.3979034423828,0.00339403082498241
203.75,34.3979034423828,0.00138901252495738
205,34.3979034423828,0.000300757650310207
206.25,34.3979034423828,0.000810275052352359
207.5,34.3979034423828,0.00281042316498953
208.75,34.3979034423828,0.00610728746178139
210,34.3979034423828,0.00961255745262716
211.25,34.3979034423828,0.0131069449980622
212.5,34.3979034423828,0.0172513808230442
213.75,34.3979034423828,0.0209849782234044
215,34.3979034423828,0.022790532267359
216.25,34.3979034423828,0.0224688628461041
217.5,34.3979034423828,0.0202194015150791
218.75,34.3979034423828,0.0156577775931593
220,34.3979034423828,0.00836915533248877
221.25,34.3979034423828,8.05367262615732e-05
222.5,34.3979034423828,-0.00997179086007221
223.75,34.3979034423828,-0.0193754451298531
225,34.3979034423828,-0.0250571351791613
226.25,34.3979034423828,-0.0271759768670359
227.5,34.3979034423828,-0.0276388779543602
228.75,34.3979034423828,-0.0269809540968931
230,34.3979034423828,-0.0267625963495536
231.25,34.3979034423828,-0.0285486429711993
232.5,34.3979034423828,-0.0332491103708772
233.75,34.3979034423828,-0.0392560028908844
235,34.3979034423828,-0.0433902450413056
236.25,34.3979034423828,-0.040193650255705
237.5,34.3979034423828,-0.030584879069305
238.75,34.3979034423828,-0.0215951984552486
240,34.3979034423828,-0.01520255124693
241.25,34.3979034423828,-0.00813262844368858
160,35.3403167724609,-0.00202199481750442
161.25,35.3403167724609,-0.00324582234504402
162.5,35.3403167724609,-0.00695525646055308
163.75,35.3403167724609,-0.0123990318319316
165,35.3403167724609,-0.0175810451791321
166.25,35.3403167724609,-0.0217349453966089
167.5,35.3403167724609,-0.0247896937476858
168.75,35.3403167724609,-0.0273017275689593
170,35.3403167724609,-0.0298384787291537
171.25,35.3403167724609,-0.0310200856489754
172.5,35.3403167724609,-0.0284776766881542
173.75,35.3403167724609,-0.025003878137371
175,35.3403167724609,-0.0215685695395203
176.25,35.3403167724609,-0.0183874994467093
177.5,35.3403167724609,-0.0160848006504068
178.75,35.3403167724609,-0.0152062663479343
180,35.3403167724609,-0.0155360907905356
181.25,35.3403167724609,-0.0163918852633676
182.5,35.3403167724609,-0.0176190425343711
183.75,35.3403167724609,-0.0200974915864232
185,35.3403167724609,-0.0229054294231049
186.25,35.3403167724609,-0.023182528315182
187.5,35.3403167724609,-0.0204924044889931
188.75,35.3403167724609,-0.0154241670883896
190,35.3403167724609,-0.0103566346749427
191.25,35.3403167724609,-0.00575117951122788
192.5,35.3403167724609,-0.00225521735809367
193.75,35.3403167724609,-0.000250162759152403
195,35.3403167724609,0.00185912019465321
196.25,35.3403167724609,0.00468314445223372
197.5,35.3403167724609,0.00731773928864849
198.75,35.3403167724609,0.00914517636244375
200,35.3403167724609,0.0093305123289983
201.25,35.3403167724609,0.00734704112755011
202.5,35.3403167724609,0.00380408689044726
203.75,35.3403167724609,6.01478056214986e-05
205,35.3403167724609,-0.00253372851940296
206.25,35.3403167724609,-0.00306889819304903
207.5,35.3403167724609,-0.00130015456444653
208.75,35.3403167724609,0.00262770977776594
210,35.3403167724609,0.00658534780591347
211.25,35.3403167724609,0.0108820928543214
212.5,35.3403167724609,0.0164100958493373
213.75,35.3403167724609,0.0223859986795909
215,35.3403167724609,0.0274162843386933
216.25,35.3403167724609,0.030702538221873
217.5,35.3403167724609,0.0313518653228182
218.75,35.3403167724609,0.0278893902524741
220,35.3403167724609,0.0194088584141684
221.25,35.3403167724609,0.00853577683630434
222.5,35.3403167724609,-0.00249960225651072
223.75,35.3403167724609,-0.0132855998301133
225,35.3403167724609,-0.0211056975912128
226.25,35.3403167724609,-0.0256772069842303
227.5,35.3403167724609,-0.028189510206059
228.75,35.3403167724609,-0.0292462790952631
230,35.3403167724609,-0.0303979383019074
231.25,35.3403167724609,-0.032716345171635
232.5,35.3403167724609,-0.037782371923045
233.75,35.3403167724609,-0.0440897774914874
235,35.3403167724609,-0.0471056641897192
236.25,35.3403167724609,-0.0415040783980004
237.5,35.3403167724609,-0.0325004369532273
238.75,35.3403167724609,-0.0256069399781832
240,35.3403167724609,-0.0211610679122512
160,36.2827224731445,-0.0140758878086657
161.25,36.2827224731445,-0.0147580473555732
162.5,36.2827224731445,-0.015933774532934
163.75,36.2827224731445,-0.0175155870745636
165,36.2827224731445,-0.0188750856779671
166.25,36.2827224731445,-0.0204958657214976
167.5,36.2827224731445,-0.0229051011421623
168.75,36.2827224731445,-0.0259018235309793
170,36.2827224731445,-0.0290272656569741
171.25,36.2827224731445,-0.0315636268581101
172.5,36.2827224731445,-0.0315483213287164
173.75,36.2827224731445,-0.0293275196064315
175,36.2827224731445,-0.0255347010260309
176.25,36.2827224731445,-0.021656485029245
177.5,36.2827224731445,-0.0186175184069323
178.75,36.2827224731445,-0.0173920355039238
180,36.2827224731445,-0.0181260639436921
181.25,36.2827224731445,-0.0199378364797198
182.5,36.2827224731445,-0.0222029647701271
183.75,36.2827224731445,-0.0246261010715715
185,36.2827224731445,-0.0268076087283142
186.25,36.2827224731445,-0.026704869779951
187.5,36.2827224731445,-0.0236272159864732
188.75,36.2827224731445,-0.0178807812369109
190,36.2827224731445,-0.0132151708594827
191.25,36.2827224731445,-0.00939811233404034
192.5,36.2827224731445,-0.00597747665440913
193.75,36.2827224731445,-0.00370527069514644
195,36.2827224731445,-0.0018127792232829
196.25,36.2827224731445,0.00111051579238956
197.5,36.2827224731445,0.00458096010739224
198.75,36.2827224731445,0.00726855269765928
200,36.2827224731445,0.00877642860477444
201.25,36.2827224731445,0.00804744093372994
202.5,36.2827224731445,0.00490615158073248
203.75,36.2827224731445,0.00074880982062526
205,36.2827224731445,-0.00295950600489686
206.25,36.2827224731445,-0.00511649284505076
207.5,36.2827224731445,-0.00459964831321564
208.75,36.2827224731445,-0.00110661320803443
210,36.2827224731445,0.00347106539749482
211.25,36.2827224731445,0.00868050821346081
212.5,36.2827224731445,0.0151336485846823
213.75,36.2827224731445,0.0223416773819613
215,36.2827224731445,0.0296195409687699
216.25,36.2827224731445,0.0360567164081363
217.5,36.2827224731445,0.0396338460901692
218.75,36.2827224731445,0.0375857967378205
220,36.2827224731445,0.0291722986291247
221.25,36.2827224731445,0.0162835703484268
222.5,36.2827224731445,0.00381789979769521
223.75,36.2827224731445,-0.00815610375322423
225,36.2827224731445,-0.0179091430599796
226.25,36.2827224731445,-0.0248132483598441
227.5,36.2827224731445,-0.0295250562017981
228.75,36.2827224731445,-0.032069647814112
230,36.2827224731445,-0.0336886163653489
231.25,36.2827224731445,-0.0363686189554415
232.5,36.2827224731445,-0.0422835708685566
233.75,36.2827224731445,-0.0487675296138316
235,36.2827224731445,-0.0495222906819371
236.25,36.2827224731445,-0.0421135395218775
237.5,36.2827224731445,-0.0345164891905493
238.75,36.2827224731445,-0.0319369932076736
160,37.2251281738281,-0.0217082511044462
161.25,37.2251281738281,-0.0227360265896677
162.5,37.2251281738281,-0.023038814541993
163.75,37.2251281738281,-0.0217373111695895
165,37.2251281738281,-0.0197692361317179
166.25,37.2251281738281,-0.0192409142581241
167.5,37.2251281738281,-0.0205899379441077
168.75,37.2251281738281,-0.0228435201560414
170,37.2251281738281,-0.0246948064129315
171.25,37.2251281738281,-0.0266117471361675
172.5,37.2251281738281,-0.0285541317754525
173.75,37.2251281738281,-0.0285011013193099
175,37.2251281738281,-0.025600426115135
176.25,37.2251281738281,-0.0219777379857247
177.5,37.2251281738281,-0.0194543300676121
178.75,37.2251281738281,-0.0190442713529658
180,37.2251281738281,-0.020459569336336
181.25,37.2251281738281,-0.0229319898946423
182.5,37.2251281738281,-0.025836631109582
183.75,37.2251281738281,-0.0281610449896688
185,37.2251281738281,-0.0292681209127051
186.25,37.2251281738281,-0.0278814218935394
187.5,37.2251281738281,-0.0235652205843049
188.75,37.2251281738281,-0.0175989704769013
190,37.2251281738281,-0.014195479748182
191.25,37.2251281738281,-0.0124810001046291
192.5,37.2251281738281,-0.010538506985874
193.75,37.2251281738281,-0.00820304432366904
195,37.2251281738281,-0.00580344750863377
196.25,37.2251281738281,-0.00256101698951869
197.5,37.2251281738281,0.00124822065113976
198.75,37.2251281738281,0.00455002571802999
200,37.2251281738281,0.0067829162515951
201.25,37.2251281738281,0.00672180595591359
202.5,37.2251281738281,0.00409328867991979
203.75,37.2251281738281,0.000480426604387573
205,37.2251281738281,-0.00293623643504078
206.25,37.2251281738281,-0.00562788112634629
207.5,37.2251281738281,-0.00659626317444264
208.75,37.2251281738281,-0.00495627048487372
210,37.2251281738281,-0.000484412789682713
211.25,37.2251281738281,0.00569990856948876
212.5,37.2251281738281,0.0134759686702116
213.75,37.2251281738281,0.021835230192246
215,37.2251281738281,0.0302448580249405
216.25,37.2251281738281,0.0379249061018398
217.5,37.2251281738281,0.0426388247213229
218.75,37.2251281738281,0.0416191441066316
220,37.2251281738281,0.0343327819704799
221.25,37.2251281738281,0.0223043686412553
222.5,37.2251281738281,0.00845145315063647
223.75,37.2251281738281,-0.00454948181973206
225,37.2251281738281,-0.0157902338209166
226.25,37.2251281738281,-0.0242443861333806
227.5,37.2251281738281,-0.0304332504301436
228.75,37.2251281738281,-0.0340830710201712
230,37.2251281738281,-0.0361707679435483
231.25,37.2251281738281,-0.0385797828747576
232.5,37.2251281738281,-0.0444435098879515
233.75,37.2251281738281,-0.051697421738594
235,37.2251281738281,-0.0508576617213644
236.25,37.2251281738281,-0.0438108360249069
237.5,37.2251281738281,-0.0390460457630502
238.75,37.2251281738281,-0.0322334622003964
160,38.1675415039062,-0.0191267567633966
161.25,38.1675415039062,-0.020947485372648
162.5,38.1675415039062,-0.021724543910423
163.75,38.1675415039062,-0.0201342292577201
165,38.1675415039062,-0.018659845618433
166.25,38.1675415039062,-0.0193312204044855
167.5,38.1675415039062,-0.0207237609215797
168.75,38.1675415039062,-0.0216917104975033
170,38.1675415039062,-0.0217508976502006
171.25,38.1675415039062,-0.0223526080215379
172.5,38.1675415039062,-0.0240444760876078
173.75,38.1675415039062,-0.0245932948856161
175,38.1675415039062,-0.0224996957207883
176.25,38.1675415039062,-0.0195196010878567
177.5,38.1675415039062,-0.0184172426585715
178.75,38.1675415039062,-0.0198879341558148
180,38.1675415039062,-0.0227818671645079
181.25,38.1675415039062,-0.0262537698709484
182.5,38.1675415039062,-0.0297364627016937
183.75,38.1675415039062,-0.0315765508030244
185,38.1675415039062,-0.0309682054833372
186.25,38.1675415039062,-0.0276559888143434
187.5,38.1675415039062,-0.0225463073276261
188.75,38.1675415039062,-0.0175916200935394
190,38.1675415039062,-0.0151637066870215
191.25,38.1675415039062,-0.0146661404064772
192.5,38.1675415039062,-0.013865663244914
193.75,38.1675415039062,-0.011399483285845
195,38.1675415039062,-0.00826487266813962
196.25,38.1675415039062,-0.00492677491044216
197.5,38.1675415039062,-0.00187343696812975
198.75,38.1675415039062,0.000848827874097032
200,38.1675415039062,0.00263570925654099
201.25,38.1675415039062,0.00247576948846864
202.5,38.1675415039062,0.00046457180524516
203.75,38.1675415039062,-0.00181079656766238
205,38.1675415039062,-0.0038444270532771
206.25,38.1675415039062,-0.00564382167547679
207.5,38.1675415039062,-0.0068327444874329
208.75,38.1675415039062,-0.00672814005304332
210,38.1675415039062,-0.00372040091524288
211.25,38.1675415039062,0.00303070699180796
212.5,38.1675415039062,0.0117329640944328
213.75,38.1675415039062,0.0209835048438633
215,38.1675415039062,0.0298286299074748
216.25,38.1675415039062,0.0373133517010156
217.5,38.1675415039062,0.0415133156929007
218.75,38.1675415039062,0.0404552198863932
220,38.1675415039062,0.0339192917165989
221.25,38.1675415039062,0.0235148570940322
222.5,38.1675415039062,0.0103922625532055
223.75,38.1675415039062,-0.00273944962997971
225,38.1675415039062,-0.0145374862884074
226.25,38.1675415039062,-0.0234737861468202
227.5,38.1675415039062,-0.0296572667553674
228.75,38.1675415039062,-0.0335434266439128
230,38.1675415039062,-0.036480908703046
231.25,38.1675415039062,-0.0392695304832466
232.5,38.1675415039062,-0.0450699992191577
233.75,38.1675415039062,-0.0526355237980998
235,38.1675415039062,-0.0529263349028815
236.25,38.1675415039062,-0.048881933181873
237.5,38.1675415039062,-0.0408964353386525
160,39.1099548339844,-0.00831476947834085
161.25,39.1099548339844,-0.00920783698213315
162.5,39.1099548339844,-0.00981628645007451
163.75,39.1099548339844,-0.00971603364579365
165,39.1099548339844,-0.0124541291317699
166.25,39.1099548339844,-0.017137667456057
167.5,39.1099548339844,-0.0197115653152512
168.75,39.1099548339844,-0.0198857891767304
170,39.1099548339844,-0.0194631324435123
171.25,39.1099548339844,-0.0195612267825379
172.5,39.1099548339844,-0.0198280073551272
173.75,39.1099548339844,-0.0202772898582671
175,39.1099548339844,-0.01901670770846
176.25,39.1099548339844,-0.0171224765810314
177.5,39.1099548339844,-0.0177645611031119
178.75,39.1099548339844,-0.0206882550346674
180,39.1099548339844,-0.024215075887555
181.25,39.1099548339844,-0.0280270666942054
182.5,39.1099548339844,-0.0315632620672961
183.75,39.1099548339844,-0.0328864552490546
185,39.1099548339844,-0.0311717652367138
186.25,39.1099548339844,-0.0265735035183122
187.5,39.1099548339844,-0.0211800178331192
188.75,39.1099548339844,-0.0174129895308981
190,39.1099548339844,-0.0159454411504109
191.25,39.1099548339844,-0.0162204365170121
192.5,39.1099548339844,-0.0161593500110544
193.75,39.1099548339844,-0.0137626268385779
195,39.1099548339844,-0.010030467252045
196.25,39.1099548339844,-0.00679950161055962
197.5,39.1099548339844,-0.00471017425467372
198.75,39.1099548339844,-0.00323425114200414
200,39.1099548339844,-0.00252619181836043
201.25,39.1099548339844,-0.00328269359614151
202.5,39.1099548339844,-0.00470484837676867
203.75,39.1099548339844,-0.00554730844340759
205,39.1099548339844,-0.0060458524979404
206.25,39.1099548339844,-0.00650541621740476
207.5,39.1099548339844,-0.00682684818271017
208.75,39.1099548339844,-0.00679151890243903
210,39.1099548339844,-0.00458707457776196
211.25,39.1099548339844,0.00193856862603371
212.5,39.1099548339844,0.0108827624905237
213.75,39.1099548339844,0.0199657380461423
215,39.1099548339844,0.0280993756137405
216.25,39.1099548339844,0.034400100028131
217.5,39.1099548339844,0.0376151226627942
218.75,39.1099548339844,0.0360438701524863
220,39.1099548339844,0.0296117485339452
221.25,39.1099548339844,0.0203058749246588
222.5,39.1099548339844,0.00955428511587752
223.75,39.1099548339844,-0.00233228563233004
225,39.1099548339844,-0.0132603090368575
226.25,39.1099548339844,-0.0216897388818967
227.5,39.1099548339844,-0.0268516103406068
228.75,39.1099548339844,-0.0305449154419445
230,39.1099548339844,-0.0350485960448545
231.25,39.1099548339844,-0.0401315684783077
232.5,39.1099548339844,-0.0461441898529469
233.75,39.1099548339844,-0.0536227310579427
235,39.1099548339844,-0.0560445173599204
236.25,39.1099548339844,-0.0545352719369708
160,40.0523529052734,-0.00206712736341837
161.25,40.0523529052734,0.00097951964347533
162.5,40.0523529052734,0.00208038191000262
163.75,40.0523529052734,0.000159103128829625
165,40.0523529052734,-0.00719697491134698
166.25,40.0523529052734,-0.0147313749822141
167.5,40.0523529052734,-0.0166157075026332
168.75,40.0523529052734,-0.0157543508875822
170,40.0523529052734,-0.0157268358027667
171.25,40.0523529052734,-0.0161888771150819
172.5,40.0523529052734,-0.0155416857372209
173.75,40.0523529052734,-0.015605130721997
175,40.0523529052734,-0.0154598124001146
176.25,40.0523529052734,-0.015111121222786
177.5,40.0523529052734,-0.0163915414645682
178.75,40.0523529052734,-0.0189704288284972
180,40.0523529052734,-0.0219967901292105
181.25,40.0523529052734,-0.0253768107877801
182.5,40.0523529052734,-0.0288566810781173
183.75,40.0523529052734,-0.0306952795187724
185,40.0523529052734,-0.0294196044881296
186.25,40.0523529052734,-0.0248580705561001
187.5,40.0523529052734,-0.019394716077293
188.75,40.0523529052734,-0.0163394683191982
190,40.0523529052734,-0.0157635382111419
191.25,40.0523529052734,-0.0168569164928265
192.5,40.0523529052734,-0.0175026760288779
193.75,40.0523529052734,-0.0157640415821789
195,40.0523529052734,-0.012538624694944
196.25,40.0523529052734,-0.0101024120088411
197.5,40.0523529052734,-0.00890666342728786
198.75,40.0523529052734,-0.00801887309385146
200,40.0523529052734,-0.00768396343458954
201.25,40.0523529052734,-0.008530911513964
202.5,40.0523529052734,-0.00959861470487313
203.75,40.0523529052734,-0.00970743189269627
205,40.0523529052734,-0.00935011716868397
206.25,40.0523529052734,-0.00887587694893384
207.5,40.0523529052734,-0.00785186147660596
208.75,40.0523529052734,-0.00639286534608372
210,40.0523529052734,-0.00365379334767506
211.25,40.0523529052734,0.00210929663946047
212.5,40.0523529052734,0.0109171688447714
213.75,40.0523529052734,0.0193383590044845
215,40.0523529052734,0.0260237199619853
216.25,40.0523529052734,0.0308565730296629
217.5,40.0523529052734,0.0327159266739997
218.75,40.0523529052734,0.0303788370197683
220,40.0523529052734,0.0243839434825076
221.25,40.0523529052734,0.0164498637147073
222.5,40.0523529052734,0.00760312763988877
223.75,40.0523529052734,-0.00183210544870154
225,40.0523529052734,-0.0119670026028418
226.25,40.0523529052734,-0.0195842269305918
227.5,40.0523529052734,-0.0233767180064243
228.75,40.0523529052734,-0.0260696256617499
230,40.0523529052734,-0.0316257922301132
231.25,40.0523529052734,-0.0396084590139304
232.5,40.0523529052734,-0.046945301044722
233.75,40.0523529052734,-0.0541454385952694
235,40.0523529052734,-0.0596281666834236
236.25,40.0523529052734,-0.0573303342281288
160,40.9947662353516,-0.00270989899367991
161.25,40.9947662353516,0.00205296617879479
162.5,40.9947662353516,0.00491241595224845
163.75,40.9947662353516,0.00367757853853468
165,40.9947662353516,-0.00403654858190823
166.25,40.9947662353516,-0.0110772707799446
167.5,40.9947662353516,-0.0117523885943541
168.75,40.9947662353516,-0.0102047327499794
170,40.9947662353516,-0.00938855418867354
171.25,40.9947662353516,-0.00932477083231854
172.5,40.9947662353516,-0.00919787514028057
173.75,40.9947662353516,-0.00941087222596207
175,40.9947662353516,-0.00999677661504306
176.25,40.9947662353516,-0.0103096119406488
177.5,40.9947662353516,-0.0116121509627339
178.75,40.9947662353516,-0.0139957792078825
180,40.9947662353516,-0.0166753730021178
181.25,40.9947662353516,-0.0195425911227222
182.5,40.9947662353516,-0.0227097623524371
183.75,40.9947662353516,-0.0248853846371752
185,40.9947662353516,-0.0244974944858353
186.25,40.9947662353516,-0.0212588648527978
187.5,40.9947662353516,-0.0169236744258055
188.75,40.9947662353516,-0.0145328281067717
190,40.9947662353516,-0.0148456306539168
191.25,40.9947662353516,-0.0166612320189339
192.5,40.9947662353516,-0.0178533363010987
193.75,40.9947662353516,-0.0169175185934273
195,40.9947662353516,-0.0146783117752072
196.25,40.9947662353516,-0.0133446204010837
197.5,40.9947662353516,-0.0131166400545502
198.75,40.9947662353516,-0.0127745608300734
200,40.9947662353516,-0.0125833298838266
201.25,40.9947662353516,-0.0132162509912846
202.5,40.9947662353516,-0.0138289653974459
203.75,40.9947662353516,-0.0133926444164451
205,40.9947662353516,-0.012233410280045
206.25,40.9947662353516,-0.0109686758256471
207.5,40.9947662353516,-0.0088907069661231
208.75,40.9947662353516,-0.00583669939820568
210,40.9947662353516,-0.00202928814465748
211.25,40.9947662353516,0.0036152792095396
212.5,40.9947662353516,0.0110706523412472
213.75,40.9947662353516,0.0182105653736378
215,40.9947662353516,0.0234962785733935
216.25,40.9947662353516,0.0273670947658862
217.5,40.9947662353516,0.0287564764473752
218.75,40.9947662353516,0.0264741145356946
220,40.9947662353516,0.0209313948175625
221.25,40.9947662353516,0.0138336270313452
222.5,40.9947662353516,0.00620098650568089
223.75,40.9947662353516,-0.00185391816881886
225,40.9947662353516,-0.0107037114970703
226.25,40.9947662353516,-0.0184157014593753
227.5,40.9947662353516,-0.0220017309673112
228.75,40.9947662353516,-0.0227425766210727
230,40.9947662353516,-0.0263640362970708
231.25,40.9947662353516,-0.0356870898565775
232.5,40.9947662353516,-0.0457432642272037
233.75,40.9947662353516,-0.0535182764453744
235,40.9947662353516,-0.0593344870906461
236.25,40.9947662353516,-0.0600148552109422
160,41.9371795654297,-0.00550898333389458
161.25,41.9371795654297,-0.000553688429499627
162.5,41.9371795654297,0.00387600368456615
163.75,41.9371795654297,0.00488676767117657
165,41.9371795654297,0.000562759686261394
166.25,41.9371795654297,-0.00455384017802996
167.5,41.9371795654297,-0.00633792774116984
168.75,41.9371795654297,-0.00618955360936167
170,41.9371795654297,-0.00520596839490398
171.25,41.9371795654297,-0.00449698361129139
172.5,41.9371795654297,-0.00481067796881268
173.75,41.9371795654297,-0.00546221605153768
175,41.9371795654297,-0.005281590193352
176.25,41.9371795654297,-0.0040085652711757
177.5,41.9371795654297,-0.00428217075568587
178.75,41.9371795654297,-0.00625292233925379
180,41.9371795654297,-0.00872434773701494
181.25,41.9371795654297,-0.0115915570648467
182.5,41.9371795654297,-0.0148017541099479
183.75,41.9371795654297,-0.017466120476899
185,41.9371795654297,-0.0183428997313657
186.25,41.9371795654297,-0.0168950352252808
187.5,41.9371795654297,-0.0142358774221449
188.75,41.9371795654297,-0.0124841971623297
190,41.9371795654297,-0.0129929083165714
191.25,41.9371795654297,-0.0147949981763314
192.5,41.9371795654297,-0.0161840330500143
193.75,41.9371795654297,-0.0164454738715223
195,41.9371795654297,-0.0161343118461139
196.25,41.9371795654297,-0.0162887137772479
197.5,41.9371795654297,-0.0167056151965215
198.75,41.9371795654297,-0.0166552210255701
200,41.9371795654297,-0.0164327018205811
201.25,41.9371795654297,-0.0165090858416711
202.5,41.9371795654297,-0.0163785380959401
203.75,41.9371795654297,-0.0155777215179679
205,41.9371795654297,-0.0138430835269065
206.25,41.9371795654297,-0.0117201757641243
207.5,41.9371795654297,-0.00893017006797258
208.75,41.9371795654297,-0.00522306050234577
210,41.9371795654297,-0.000909502384494234
211.25,41.9371795654297,0.0043683513025757
212.5,41.9371795654297,0.0103907012005097
213.75,41.9371795654297,0.0157212513297994
215,41.9371795654297,0.0200500323124732
216.25,41.9371795654297,0.023498409609655
217.5,41.9371795654297,0.0250456809770007
218.75,41.9371795654297,0.0231822614955818
220,41.9371795654297,0.0182698155088063
221.25,41.9371795654297,0.0118715517606568
222.5,41.9371795654297,0.00456481780833808
223.75,41.9371795654297,-0.00289777692198547
225,41.9371795654297,-0.0102306655304585
226.25,41.9371795654297,-0.0177193039042245
227.5,41.9371795654297,-0.0226713927741398
228.75,41.9371795654297,-0.0222646529483607
230,41.9371795654297,-0.0227257942742387
231.25,41.9371795654297,-0.030704034644771
232.5,41.9371795654297,-0.0428148204170448
233.75,41.9371795654297,-0.0520391421741463
235,41.9371795654297,-0.0573807155785678
236.25,41.9371795654297,-0.0583520379671282
160,42.8795776367188,-0.00801335248076931
161.25,42.8795776367188,-0.00335130460649734
162.5,42.8795776367188,0.00272842916991263
163.75,42.8795776367188,0.00614969286596449
165,42.8795776367188,0.00608266966509646
166.25,42.8795776367188,0.00381534399913372
167.5,42.8795776367188,0.000919594703982049
168.75,42.8795776367188,-0.00212440546076677
170,42.8795776367188,-0.00371658676376903
171.25,42.8795776367188,-0.00420394355209716
172.5,42.8795776367188,-0.0047550426462018
173.75,42.8795776367188,-0.00497451072977797
175,42.8795776367188,-0.00321941675600856
176.25,42.8795776367188,0.00057209231542193
177.5,42.8795776367188,0.0018897837575222
178.75,42.8795776367188,0.000376686338060868
180,42.8795776367188,-0.00200716337200836
181.25,42.8795776367188,-0.00464588900833178
182.5,42.8795776367188,-0.00738458688224517
183.75,42.8795776367188,-0.0097692908596254
185,42.8795776367188,-0.0112590414183697
186.25,42.8795776367188,-0.0112343531544017
187.5,42.8795776367188,-0.0100789225658525
188.75,42.8795776367188,-0.009174953249497
190,42.8795776367188,-0.0100193337484983
191.25,42.8795776367188,-0.0117876973607792
192.5,42.8795776367188,-0.013393714394318
193.75,42.8795776367188,-0.0147429331768254
195,42.8795776367188,-0.0162690309090086
196.25,42.8795776367188,-0.017876387011912
197.5,42.8795776367188,-0.0191169423967219
198.75,42.8795776367188,-0.0197492088653205
200,42.8795776367188,-0.0196269318474999
201.25,42.8795776367188,-0.0191090411630888
202.5,42.8795776367188,-0.0180151625033823
203.75,42.8795776367188,-0.0164836071694553
205,42.8795776367188,-0.014194044209268
206.25,42.8795776367188,-0.011559532843843
207.5,42.8795776367188,-0.00870206056968212
208.75,42.8795776367188,-0.00528642301207459
210,42.8795776367188,-0.00120130261875159
211.25,42.8795776367188,0.00344477601973379
212.5,42.8795776367188,0.008112325598975
213.75,42.8795776367188,0.0118238636403961
215,42.8795776367188,0.0150149444477437
216.25,42.8795776367188,0.0180582593354712
217.5,42.8795776367188,0.0195891715658615
218.75,42.8795776367188,0.0182590512670558
220,42.8795776367188,0.0147685981884181
221.25,42.8795776367188,0.00953923571644536
222.5,42.8795776367188,0.00280959443669692
223.75,42.8795776367188,-0.00399509970066557
225,42.8795776367188,-0.0102854873385211
226.25,42.8795776367188,-0.0172266855485392
227.5,42.8795776367188,-0.0236009799866668
228.75,42.8795776367188,-0.0236836553750902
230,42.8795776367188,-0.0223367255756717
231.25,42.8795776367188,-0.0278916218502948
232.5,42.8795776367188,-0.0394343274749196
233.75,42.8795776367188,-0.0493345013210129
235,42.8795776367188,-0.0550131020325569
236.25,42.8795776367188,-0.0564110590403633
160,43.8219909667969,-0.00808997134732674
161.25,43.8219909667969,-0.00412170434658071
162.5,43.8219909667969,0.00185656691461395
163.75,43.8219909667969,0.00609007779072927
165,43.8219909667969,0.00792843355978814
166.25,43.8219909667969,0.00764637933061024
167.5,43.8219909667969,0.00547872845996848
168.75,43.8219909667969,0.00112309119825289
170,43.8219909667969,-0.00364715257281706
171.25,43.8219909667969,-0.00718422160470106
172.5,43.8219909667969,-0.00865725584552768
173.75,43.8219909667969,-0.00802015558809178
175,43.8219909667969,-0.004019966484253
176.25,43.8219909667969,0.00262496204661215
177.5,43.8219909667969,0.0062236131343206
178.75,43.8219909667969,0.00608581838486876
180,43.8219909667969,0.00418742150174365
181.25,43.8219909667969,0.00165452039962357
182.5,43.8219909667969,-0.00094464684987604
183.75,43.8219909667969,-0.00330602332724956
185,43.8219909667969,-0.00531374530125868
186.25,43.8219909667969,-0.00617075988166606
187.5,43.8219909667969,-0.00566511077775142
188.75,43.8219909667969,-0.00516165397383552
190,43.8219909667969,-0.00616438577252243
191.25,43.8219909667969,-0.00799245820192061
192.5,43.8219909667969,-0.00952687051895014
193.75,43.8219909667969,-0.0117062993440498
195,43.8219909667969,-0.0145652722954015
196.25,43.8219909667969,-0.0170858207378639
197.5,43.8219909667969,-0.0189529430046736
198.75,43.8219909667969,-0.0201954167433702
200,43.8219909667969,-0.0206388109445494
201.25,43.8219909667969,-0.0201037470494443
202.5,43.8219909667969,-0.0185449789666742
203.75,43.8219909667969,-0.016441168537455
205,43.8219909667969,-0.013832979502996
206.25,43.8219909667969,-0.0111449718414179
207.5,43.8219909667969,-0.00866060336470728
208.75,43.8219909667969,-0.00591238398700729
210,43.8219909667969,-0.00271335992097317
211.25,43.8219909667969,0.000541445967606841
212.5,43.8219909667969,0.00337863488518189
213.75,43.8219909667969,0.00590873568675361
215,43.8219909667969,0.00840042509029356
216.25,43.8219909667969,0.010937826338331
217.5,43.8219909667969,0.0126210613411709
218.75,43.8219909667969,0.0119040040473981
220,43.8219909667969,0.00938302240992625
221.25,43.8219909667969,0.00580232207046173
222.5,43.8219909667969,0.000888289969878094
223.75,43.8219909667969,-0.00458304729122875
225,43.8219909667969,-0.00991070406130894
226.25,43.8219909667969,-0.0160449009772158
227.5,43.8219909667969,-0.0222782374624534
228.75,43.8219909667969,-0.024434607866178
230,43.8219909667969,-0.0231277213428477
231.25,43.8219909667969,-0.0262234950634319
232.5,43.8219909667969,-0.0348962307100365
233.75,43.8219909667969,-0.0447706469856207
235,43.8219909667969,-0.0512868747609526
236.25,43.8219909667969,-0.0533084609514856
160,44.764404296875,-0.00685583652422815
161.25,44.764404296875,-0.00418257011418971
162.5,44.764404296875,-0.000817737139067423
163.75,44.764404296875,0.00203844763926907
165,44.764404296875,0.0041452735468941
166.25,44.764404296875,0.00586550874286056
167.5,44.764404296875,0.00595071138232877
168.75,44.764404296875,0.00243343389148455
170,44.764404296875,-0.0041311550917231
171.25,44.764404296875,-0.0101327700892448
172.5,44.764404296875,-0.0116987239535034
173.75,44.764404296875,-0.00928557948538103
175,44.764404296875,-0.00392446493044623
176.25,44.764404296875,0.00280425821933716
177.5,44.764404296875,0.00742167531680945
178.75,44.764404296875,0.00851077239663399
180,44.764404296875,0.00770211173279806
181.25,44.764404296875,0.00587456088929868
182.5,44.764404296875,0.00382820078279285
183.75,44.764404296875,0.00204939610039178
185,44.764404296875,0.000657137985686087
186.25,44.764404296875,-5.967379751453e-05
187.5,44.764404296875,4.04396712896499e-05
188.75,44.764404296875,-0.000294147632570062
190,44.764404296875,-0.00185612230139094
191.25,44.764404296875,-0.00395817368778378
192.5,44.764404296875,-0.00588550321945237
193.75,44.764404296875,-0.00829316106582582
195,44.764404296875,-0.0110672364805739
196.25,44.764404296875,-0.0134264012293458
197.5,44.764404296875,-0.0156811034375024
198.75,44.764404296875,-0.0177150304574536
200,44.764404296875,-0.0189163645363482
201.25,44.764404296875,-0.0188354180704816
202.5,44.764404296875,-0.0176249820220512
203.75,44.764404296875,-0.0156771943981775
205,44.764404296875,-0.013120037761484
206.25,44.764404296875,-0.0103957685346335
207.5,44.764404296875,-0.00819251898955539
208.75,44.764404296875,-0.00641506218701345
210,44.764404296875,-0.00466634706211696
211.25,44.764404296875,-0.00286035668033521
212.5,44.764404296875,-0.00113428661773861
213.75,44.764404296875,0.000416962962041621
215,44.764404296875,0.00212615128860317
216.25,44.764404296875,0.00447914545783447
217.5,44.764404296875,0.00647370256389469
218.75,44.764404296875,0.00670626621647855
220,44.764404296875,0.00517162572606452
221.25,44.764404296875,0.00273045142739343
222.5,44.764404296875,-0.00077220477558408
223.75,44.764404296875,-0.0048818718553274
225,44.764404296875,-0.00919935993454304
226.25,44.764404296875,-0.0141288262052355
227.5,44.764404296875,-0.0191453676277727
228.75,44.764404296875,-0.0218869674980045
230,44.764404296875,-0.0223859855453029
231.25,44.764404296875,-0.0244532850875514
232.5,44.764404296875,-0.030063167724563
233.75,44.764404296875,-0.038925994637788
235,44.764404296875,-0.0459618633363581
236.25,44.764404296875,-0.0487116840847019
160,45.7068023681641,-0.0035699656840036
161.25,45.7068023681641,-0.00301818424451765
162.5,45.7068023681641,-0.00274152507176073
163.75,45.7068023681641,-0.00224634622811283
165,45.7068023681641,-0.000510902588024133
166.25,45.7068023681641,0.00268202161646252
167.5,45.7068023681641,0.00446942206209132
168.75,45.7068023681641,0.00211105070923404
170,45.7068023681641,-0.00320523631605288
171.25,45.7068023681641,-0.00725897153077548
172.5,45.7068023681641,-0.00691879740805061
173.75,45.7068023681641,-0.0044039245243159
175,45.7068023681641,-0.000951113782181201
176.25,45.7068023681641,0.00420305957320327
177.5,45.7068023681641,0.0087450804816086
178.75,45.7068023681641,0.0107297340237319
180,45.7068023681641,0.0105844824044423
181.25,45.7068023681641,0.00910809973015394
182.5,45.7068023681641,0.00712094998127018
183.75,45.7068023681641,0.00561435013270725
185,45.7068023681641,0.00503885998537913
186.25,45.7068023681641,0.00519784206721607
187.5,45.7068023681641,0.00548546360580802
188.75,45.7068023681641,0.00492691615322683
190,45.7068023681641,0.00326181647815524
191.25,45.7068023681641,0.000720014799713974
192.5,45.7068023681641,-0.00231619021233341
193.75,45.7068023681641,-0.00541656177176547
195,45.7068023681641,-0.0079202087778723
196.25,45.7068023681641,-0.00962074485549799
197.5,45.7068023681641,-0.0110785809817611
198.75,45.7068023681641,-0.0126665319540149
200,45.7068023681641,-0.0139058384976814
201.25,45.7068023681641,-0.0145916178536086
202.5,45.7068023681641,-0.014707426844439
203.75,45.7068023681641,-0.0136958979199809
205,45.7068023681641,-0.0115809008409755
206.25,45.7068023681641,-0.00899520940868711
207.5,45.7068023681641,-0.00677469344500368
208.75,45.7068023681641,-0.00584465956413303
210,45.7068023681641,-0.00568868697416658
211.25,45.7068023681641,-0.00549395300640598
212.5,45.7068023681641,-0.00447163506234692
213.75,45.7068023681641,-0.00305775866167019
215,45.7068023681641,-0.00138273316165138
216.25,45.7068023681641,0.000606324883040043
217.5,45.7068023681641,0.00214501605354366
218.75,45.7068023681641,0.00284449126354508
220,45.7068023681641,0.00220194759788271
221.25,45.7068023681641,0.000562321784092374
222.5,45.7068023681641,-0.00190583408754893
223.75,45.7068023681641,-0.00514337404135972
225,45.7068023681641,-0.00862534237475511
226.25,45.7068023681641,-0.012315274346396
227.5,45.7068023681641,-0.0159376320765051
228.75,45.7068023681641,-0.0181881201011343
230,45.7068023681641,-0.0193386982975324
231.25,45.7068023681641,-0.0214697333361322
232.5,45.7068023681641,-0.0265749039178685
233.75,45.7068023681641,-0.0352190308192155
235,45.7068023681641,-0.0413926807157196
236.25,45.7068023681641,-0.0439625957929164
160,46.6492156982422,0.00153202845477413
161.25,46.6492156982422,0.000686618045840485
162.5,46.6492156982422,0.000136818885289604
163.75,46.6492156982422,3.17834671644475e-05
165,46.6492156982422,0.00139053776236681
166.25,46.6492156982422,0.00456742013908856
167.5,46.6492156982422,0.00633106318469373
168.75,46.6492156982422,0.00501762468425715
170,46.6492156982422,0.00267729025519623
171.25,46.6492156982422,0.00174458027604035
172.5,46.6492156982422,0.00230027089023051
173.75,46.6492156982422,0.00310776630199722
175,46.6492156982422,0.005094956889332
176.25,46.6492156982422,0.00912175502559246
177.5,46.6492156982422,0.0132621351624771
178.75,46.6492156982422,0.0150804152747242
180,46.6492156982422,0.0146020131161119
181.25,46.6492156982422,0.0127938447606534
182.5,46.6492156982422,0.0108233743195486
183.75,46.6492156982422,0.00964790029438384
185,46.6492156982422,0.00902236647948152
186.25,46.6492156982422,0.00861253756714342
187.5,46.6492156982422,0.00827009903076886
188.75,46.6492156982422,0.00756324983004689
190,46.6492156982422,0.00602837162375123
191.25,46.6492156982422,0.00339551135095744
192.5,46.6492156982422,0.00024208900606585
193.75,46.6492156982422,-0.00246948456291985
195,46.6492156982422,-0.00416840079052054
196.25,46.6492156982422,-0.0047972823017912
197.5,46.6492156982422,-0.00544325278201475
198.75,46.6492156982422,-0.00681016417461493
200,46.6492156982422,-0.00796482645817089
201.25,46.6492156982422,-0.00871170888581159
202.5,46.6492156982422,-0.00913481880860108
203.75,46.6492156982422,-0.00871480651072295
205,46.6492156982422,-0.00738612308812591
206.25,46.6492156982422,-0.00564366015728027
207.5,46.6492156982422,-0.00422207631550981
208.75,46.6492156982422,-0.00417564239687755
210,46.6492156982422,-0.00555763468753536
211.25,46.6492156982422,-0.00727056112394225
212.5,46.6492156982422,-0.00765334171446773
213.75,46.6492156982422,-0.00642036945238168
215,46.6492156982422,-0.00465066866182247
216.25,46.6492156982422,-0.00297488964501637
217.5,46.6492156982422,-0.00158054629380392
218.75,46.6492156982422,-0.000768852785192974
220,46.6492156982422,-0.000947646845783596
221.25,46.6492156982422,-0.00175840773442057
222.5,46.6492156982422,-0.00337967126280816
223.75,46.6492156982422,-0.00585503117347507
225,46.6492156982422,-0.00865844814646228
226.25,46.6492156982422,-0.0114358129257489
227.5,46.6492156982422,-0.01379410102931
228.75,46.6492156982422,-0.0151918874384777
230,46.6492156982422,-0.0163161583402207
231.25,46.6492156982422,-0.0190690206173839
232.5,46.6492156982422,-0.0247436635190981
233.75,46.6492156982422,-0.0331368044931326
235,46.6492156982422,-0.0391313673809286
236.25,46.6492156982422,-0.0423202385686479
160,47.5916290283203,0.0106071016614143
161.25,47.5916290283203,0.00987231532130353
162.5,47.5916290283203,0.0106227061377245
163.75,47.5916290283203,0.0115784320022548
165,47.5916290283203,0.0126157073183207
166.25,47.5916290283203,0.0138501136642048
167.5,47.5916290283203,0.0137984151236987
168.75,47.5916290283203,0.0128143232916478
170,47.5916290283203,0.0126433134779463
171.25,47.5916290283203,0.0131735945394383
172.5,47.5916290283203,0.0140065222442018
173.75,47.5916290283203,0.0156533714693739
175,47.5916290283203,0.0186198791279958
176.25,47.5916290283203,0.0220326019689514
177.5,47.5916290283203,0.0237272970863782
178.75,47.5916290283203,0.0229857123679046
180,47.5916290283203,0.0203102473193231
181.25,47.5916290283203,0.0165726717334244
182.5,47.5916290283203,0.0134391266018931
183.75,47.5916290283203,0.0113880106364701
185,47.5916290283203,0.00974314731908954
186.25,47.5916290283203,0.0084272968271473
187.5,47.5916290283203,0.00811240015495877
188.75,47.5916290283203,0.00838910050405764
190,47.5916290283203,0.00741066297722897
191.25,47.5916290283203,0.00486012137478779
192.5,47.5916290283203,0.00212807953456838
193.75,47.5916290283203,0.00012472986185199
195,47.5916290283203,-0.00077523358093567
196.25,47.5916290283203,-0.000301899786739895
197.5,47.5916290283203,1.69596824505823e-05
198.75,47.5916290283203,-0.000293284443325082
200,47.5916290283203,-0.000886532785400505
201.25,47.5916290283203,-0.00166855029686834
202.5,47.5916290283203,-0.00234085940749768
203.75,47.5916290283203,-0.00213280566541961
205,47.5916290283203,-0.00117902814494069
206.25,47.5916290283203,-0.000247478937161969
207.5,47.5916290283203,-0.000281165713595893
208.75,47.5916290283203,-0.00186293839660611
210,47.5916290283203,-0.00537093420340468
211.25,47.5916290283203,-0.00890063653984512
212.5,47.5916290283203,-0.010504091891842
213.75,47.5916290283203,-0.010242001651059
215,47.5916290283203,-0.00935593177590236
216.25,47.5916290283203,-0.00795259294501278
217.5,47.5916290283203,-0.00593357379038078
218.75,47.5916290283203,-0.00436470255494197
220,47.5916290283203,-0.00392155972258348
221.25,47.5916290283203,-0.00431384345469054
222.5,47.5916290283203,-0.00539405716044988
223.75,47.5916290283203,-0.00707683686100237
225,47.5916290283203,-0.00920475805556397
226.25,47.5916290283203,-0.0114019323631882
227.5,47.5916290283203,-0.0127687507322099
228.75,47.5916290283203,-0.0132413241594733
230,47.5916290283203,-0.0145540087788859
231.25,47.5916290283203,-0.0181482293921999
232.5,47.5916290283203,-0.0242096373928875
233.75,47.5916290283203,-0.030101754312689
235,47.5916290283203,-0.0323085361086891
236.25,47.5916290283203,-0.0294891685571028
160,48.5340270996094,0.0174789207477218
161.25,48.5340270996094,0.0193738202830321
162.5,48.5340270996094,0.0215943179141632
163.75,48.5340270996094,0.022898112548097
165,48.5340270996094,0.023782428308968
166.25,48.5340270996094,0.0245983204729469
167.5,48.5340270996094,0.025212376878667
168.75,48.5340270996094,0.025624003170219
170,48.5340270996094,0.0261516354909788
171.25,48.5340270996094,0.0262347675209189
172.5,48.5340270996094,0.0268374577670454
173.75,48.5340270996094,0.0285791654314876
175,48.5340270996094,0.0306997175667409
176.25,48.5340270996094,0.0317646863967511
177.5,48.5340270996094,0.0305546090512873
178.75,48.5340270996094,0.0271075792052441
180,48.5340270996094,0.0224639264781379
181.25,48.5340270996094,0.0177133592510548
182.5,48.5340270996094,0.0144081508680312
183.75,48.5340270996094,0.0127838029673875
185,48.5340270996094,0.0114437443350328
186.25,48.5340270996094,0.010331003984737
187.5,48.5340270996094,0.00999927498317773
188.75,48.5340270996094,0.00984287932665621
190,48.5340270996094,0.0083957953270273
191.25,48.5340270996094,0.00588371836418039
192.5,48.5340270996094,0.00325946496095312
193.75,48.5340270996094,0.00123693212531736
195,48.5340270996094,0.000781282130250563
196.25,48.5340270996094,0.00193323144652525
197.5,48.5340270996094,0.002973121241483
198.75,48.5340270996094,0.00351117155071138
200,48.5340270996094,0.00391171898349336
201.25,48.5340270996094,0.0043102783393277
202.5,48.5340270996094,0.00467228593434389
203.75,48.5340270996094,0.00465410243647609
205,48.5340270996094,0.00425829742277004
206.25,48.5340270996094,0.00302651636866273
207.5,48.5340270996094,0.000523892289252904
208.75,48.5340270996094,-0.00308695812383952
210,48.5340270996094,-0.00751160156708641
211.25,48.5340270996094,-0.011468968630822
212.5,48.5340270996094,-0.0136942329773463
213.75,48.5340270996094,-0.0141005922627078
215,48.5340270996094,-0.0134907039257525
216.25,48.5340270996094,-0.0118728195542438
217.5,48.5340270996094,-0.00941244498832736
218.75,48.5340270996094,-0.00720386894859316
220,48.5340270996094,-0.00612736113871411
221.25,48.5340270996094,-0.00628357998590655
222.5,48.5340270996094,-0.00729867887724175
223.75,48.5340270996094,-0.00865785543915713
225,48.5340270996094,-0.0100543400061933
226.25,48.5340270996094,-0.011474010710757
227.5,48.5340270996094,-0.0119770729695987
228.75,48.5340270996094,-0.0122851309145153
230,48.5340270996094,-0.0146727900046911
231.25,48.5340270996094,-0.0191853831412141
232.5,48.5340270996094,-0.0237448863508821
233.75,48.5340270996094,-0.0267210268668116
235,48.5340270996094,-0.0263756182197795
236.25,48.5340270996094,-0.0253959954717971
160,49.4764404296875,0.00540913931618865
161.25,49.4764404296875,0.0139216302717825
162.5,49.4764404296875,0.0185642555639954
163.75,49.4764404296875,0.0210865658135535
165,49.4764404296875,0.0242034549254919
166.25,49.4764404296875,0.0276555786720359
167.5,49.4764404296875,0.0304405118452596
168.75,49.4764404296875,0.0314796494522919
170,49.4764404296875,0.0309905707493413
171.25,49.4764404296875,0.0300822779678954
172.5,49.4764404296875,0.0299114968207502
173.75,49.4764404296875,0.0303151864511418
175,49.4764404296875,0.0300746062261782
176.25,49.4764404296875,0.0280392648250326
177.5,49.4764404296875,0.0247126641663339
178.75,49.4764404296875,0.0211500499508896
180,49.4764404296875,0.018306514144509
181.25,49.4764404296875,0.0167324673743177
182.5,49.4764404296875,0.0160822969312806
183.75,49.4764404296875,0.0153249180032513
185,49.4764404296875,0.0138397980128873
186.25,49.4764404296875,0.0119724209578261
187.5,49.4764404296875,0.00998415753352846
188.75,49.4764404296875,0.00821031146107752
190,49.4764404296875,0.00634923743199417
191.25,49.4764404296875,0.00416292116716593
192.5,49.4764404296875,0.00179546499594703
193.75,49.4764404296875,-0.000205806004513213
195,49.4764404296875,-0.000934416181975506
196.25,49.4764404296875,-0.000191117671399971
197.5,49.4764404296875,0.00104462881911356
198.75,49.4764404296875,0.0025133673207095
200,49.4764404296875,0.00392280258074964
201.25,49.4764404296875,0.00482992353481384
202.5,49.4764404296875,0.00492970627109847
203.75,49.4764404296875,0.00411049565435019
205,49.4764404296875,0.00210195979647263
206.25,49.4764404296875,-0.00107334055666904
207.5,49.4764404296875,-0.00469273118836376
208.75,49.4764404296875,-0.00835235380896431
210,49.4764404296875,-0.0120225988252443
211.25,49.4764404296875,-0.0149123892266394
212.5,49.4764404296875,-0.0165426277766214
213.75,49.4764404296875,-0.0165693875135642
215,49.4764404296875,-0.0151538152728638
216.25,49.4764404296875,-0.0128196296621708
217.5,49.4764404296875,-0.0102939406548036
218.75,49.4764404296875,-0.00843317364721104
220,49.4764404296875,-0.00749817170471066
221.25,49.4764404296875,-0.00769666096126437
222.5,49.4764404296875,-0.00870442608464901
223.75,49.4764404296875,-0.00966962016633406
225,49.4764404296875,-0.0101749570246484
226.25,49.4764404296875,-0.0105250255979006
227.5,49.4764404296875,-0.0106618805623439
228.75,49.4764404296875,-0.0117144321629944
230,49.4764404296875,-0.0153243663806217
231.25,49.4764404296875,-0.0193166382843227
232.5,49.4764404296875,-0.0205784635115254
233.75,49.4764404296875,-0.0222063119128151
235,49.4764404296875,-0.0279623814455169
160,50.4188537597656,-0.0088113305581427
161.25,50.4188537597656,0.00160299551773308
162.5,50.4188537597656,0.00974209883790819
163.75,50.4188537597656,0.0151686302429814
165,50.4188537597656,0.0211393605111121
166.25,50.4188537597656,0.0268407180184971
167.5,50.4188537597656,0.0304221222950799
168.75,50.4188537597656,0.030474173015335
170,50.4188537597656,0.0281705817978362
171.25,50.4188537597656,0.0257597854151258
172.5,50.4188537597656,0.0242405440036027
173.75,50.4188537597656,0.0233164699272948
175,50.4188537597656,0.0223568024950988
176.25,50.4188537597656,0.020796321363442
177.5,50.4188537597656,0.0191683787239022
178.75,50.4188537597656,0.0178182090074987
180,50.4188537597656,0.0166755672164188
181.25,50.4188537597656,0.0155435224278928
182.5,50.4188537597656,0.0138152118301707
183.75,50.4188537597656,0.0115698431545431
185,50.4188537597656,0.00925438174913698
186.25,50.4188537597656,0.00734069666695283
187.5,50.4188537597656,0.00614499132507756
188.75,50.4188537597656,0.00579208607897763
190,50.4188537597656,0.00579217556180494
191.25,50.4188537597656,0.00542447987254832
192.5,50.4188537597656,0.00407753018526456
193.75,50.4188537597656,0.0017771529209647
195,50.4188537597656,-0.000297010849038932
196.25,50.4188537597656,-0.00101998538536151
197.5,50.4188537597656,-0.000601697213743106
198.75,50.4188537597656,-0.000272786071781621
200,50.4188537597656,-0.000549926657326673
201.25,50.4188537597656,-0.00142274548537017
202.5,50.4188537597656,-0.0025466246505955
203.75,50.4188537597656,-0.00396191736976967
205,50.4188537597656,-0.00654763774620991
206.25,50.4188537597656,-0.00986490500495793
207.5,50.4188537597656,-0.0128433574324137
208.75,50.4188537597656,-0.0150411486367328
210,50.4188537597656,-0.0162863204437228
211.25,50.4188537597656,-0.0168477280082268
212.5,50.4188537597656,-0.0166479465333473
213.75,50.4188537597656,-0.015300566905028
215,50.4188537597656,-0.0131133629252614
216.25,50.4188537597656,-0.0109897112107385
217.5,50.4188537597656,-0.0094782925546256
218.75,50.4188537597656,-0.00872513075344143
220,50.4188537597656,-0.00850816357046075
221.25,50.4188537597656,-0.00880775160075731
222.5,50.4188537597656,-0.00922656852688018
223.75,50.4188537597656,-0.00926893339528921
225,50.4188537597656,-0.00896382788892725
226.25,50.4188537597656,-0.0088620915348622
227.5,50.4188537597656,-0.00902082659615089
228.75,50.4188537597656,-0.0104170270234639
230,50.4188537597656,-0.0134155743874725
231.25,50.4188537597656,-0.0147737256331804
232.5,50.4188537597656,-0.0191713573388415
233.75,50.4188537597656,-0.0179650283992181
160,51.3612518310547,-0.0121831984546381
161.25,51.3612518310547,-0.00814683723523112
162.5,51.3612518310547,-0.000881972670066141
163.75,51.3612518310547,0.00807254966437434
165,51.3612518310547,0.0163573731653012
166.25,51.3612518310547,0.0232198317574444
167.5,51.3612518310547,0.0269530546722156
168.75,51.3612518310547,0.0265837230096032
170,51.3612518310547,0.0236809883646795
171.25,51.3612518310547,0.0209335805798632
172.5,51.3612518310547,0.0188243255058707
173.75,51.3612518310547,0.0171898297483975
175,51.3612518310547,0.0160429708786453
176.25,51.3612518310547,0.0163270661096592
177.5,51.3612518310547,0.017879056511989
178.75,51.3612518310547,0.0182431568398766
180,51.3612518310547,0.0166172968893042
181.25,51.3612518310547,0.0138263339337238
182.5,51.3612518310547,0.0100515398473359
183.75,51.3612518310547,0.00585757218483781
185,51.3612518310547,0.00277941002758151
186.25,51.3612518310547,0.00160239855223609
187.5,51.3612518310547,0.00285877561897256
188.75,51.3612518310547,0.00513544998162749
190,51.3612518310547,0.00690929534656769
191.25,51.3612518310547,0.00748459721231323
192.5,51.3612518310547,0.00664047425198171
193.75,51.3612518310547,0.00478377444993833
195,51.3612518310547,0.00271436358917759
196.25,51.3612518310547,0.0012180711985401
197.5,51.3612518310547,0.000131131071109139
198.75,51.3612518310547,-0.00132271355078161
200,51.3612518310547,-0.00341230429321849
201.25,51.3612518310547,-0.00605451230467223
202.5,51.3612518310547,-0.00873305886788958
203.75,51.3612518310547,-0.0112443414632598
205,51.3612518310547,-0.0133848820348628
206.25,51.3612518310547,-0.0148951902299731
207.5,51.3612518310547,-0.0158251101692107
208.75,51.3612518310547,-0.0163475706230409
210,51.3612518310547,-0.0161050406560393
211.25,51.3612518310547,-0.0149660063160005
212.5,51.3612518310547,-0.0132655648460746
213.75,51.3612518310547,-0.011193410479692
215,51.3612518310547,-0.00913848332533445
216.25,51.3612518310547,-0.00774960067422982
217.5,51.3612518310547,-0.00731117935226108
218.75,51.3612518310547,-0.00760642513747824
220,51.3612518310547,-0.00806856631998719
221.25,51.3612518310547,-0.00836657512120969
222.5,51.3612518310547,-0.0081868414255823
223.75,51.3612518310547,-0.00753096936945854
225,51.3612518310547,-0.00723388404022209
226.25,51.3612518310547,-0.00760530610821883
227.5,51.3612518310547,-0.00818871043719447
228.75,51.3612518310547,-0.00886031867051771
230,51.3612518310547,-0.00985021388704755
231.25,51.3612518310547,-0.0102271374250032
232.5,51.3612518310547,-0.00982821334020096
160,52.3036651611328,-0.0107638222578191
161.25,52.3036651611328,-0.00710567081365725
162.5,52.3036651611328,-0.00528548095324544
163.75,52.3036651611328,-0.00180687251343391
165,52.3036651611328,0.00627882539640701
166.25,52.3036651611328,0.014284354732675
167.5,52.3036651611328,0.0191510127289588
168.75,52.3036651611328,0.0206929832042739
170,52.3036651611328,0.019679517617063
171.25,52.3036651611328,0.0174431042386894
172.5,52.3036651611328,0.0153532984494665
173.75,52.3036651611328,0.0140560186929163
175,52.3036651611328,0.0131658508613397
176.25,52.3036651611328,0.0144800454516943
177.5,52.3036651611328,0.0179657110748951
178.75,52.3036651611328,0.0193800568115915
180,52.3036651611328,0.0168080137616346
181.25,52.3036651611328,0.0116166521887129
182.5,52.3036651611328,0.00570952427418993
183.75,52.3036651611328,0.000447305818161258
185,52.3036651611328,-0.0030342034084407
186.25,52.3036651611328,-0.00374669445105025
187.5,52.3036651611328,-0.00174526263396991
188.75,52.3036651611328,0.00131437022591425
190,52.3036651611328,0.00457238870209737
191.25,52.3036651611328,0.0061125560049504
192.5,52.3036651611328,0.00541308475740613
193.75,52.3036651611328,0.00322291799077325
195,52.3036651611328,0.00068306046389129
196.25,52.3036651611328,-0.00121257113113626
197.5,52.3036651611328,-0.00238907087359757
198.75,52.3036651611328,-0.00366756413181072
200,52.3036651611328,-0.00553990697282697
201.25,52.3036651611328,-0.00737898516056548
202.5,52.3036651611328,-0.00907574043421268
203.75,52.3036651611328,-0.0105067864532969
205,52.3036651611328,-0.0114702691690026
206.25,52.3036651611328,-0.0120857362200067
207.5,52.3036651611328,-0.0124269234563191
208.75,52.3036651611328,-0.012774765667628
210,52.3036651611328,-0.0124851493958343
211.25,52.3036651611328,-0.0111547887211502
212.5,52.3036651611328,-0.00906327666026813
213.75,52.3036651611328,-0.00673146253038824
215,52.3036651611328,-0.00500774250342189
216.25,52.3036651611328,-0.00419569675221425
217.5,52.3036651611328,-0.00422286734141098
218.75,52.3036651611328,-0.00485046295445702
220,52.3036651611328,-0.00563570495662752
221.25,52.3036651611328,-0.00626385080977408
222.5,52.3036651611328,-0.00626704394114451
223.75,52.3036651611328,-0.00621693418697154
225,52.3036651611328,-0.00674380519993647
226.25,52.3036651611328,-0.00783085128037224
227.5,52.3036651611328,-0.00899124690535478
228.75,52.3036651611328,-0.00860043675537094
230,52.3036651611328,-0.00826022280950587
231.25,52.3036651611328,-0.00963591090628383
232.5,52.3036651611328,-0.0102897996902297
160,53.2460784912109,-0.00913740324641002
161.25,53.2460784912109,-0.00547332713247073
162.5,53.2460784912109,-0.00274369704101165
163.75,53.2460784912109,-0.000868478618448954
165,53.2460784912109,0.00258145606778831
166.25,53.2460784912109,0.00783018767058244
167.5,53.2460784912109,0.0125095231946908
168.75,53.2460784912109,0.0154016388306675
170,53.2460784912109,0.015735535057358
171.25,53.2460784912109,0.0141546198608089
172.5,53.2460784912109,0.0126110477841661
173.75,53.2460784912109,0.0118728930994322
175,53.2460784912109,0.0111656434451549
176.25,53.2460784912109,0.012496934039617
177.5,53.2460784912109,0.0157866718474693
178.75,53.2460784912109,0.0170407399084588
180,53.2460784912109,0.0137994219757447
181.25,53.2460784912109,0.00773747594447425
182.5,53.2460784912109,0.00130590171446557
183.75,53.2460784912109,-0.00359847384787919
185,53.2460784912109,-0.00647379946841543
186.25,53.2460784912109,-0.00725578188824373
187.5,53.2460784912109,-0.00584103735454841
188.75,53.2460784912109,-0.00282577619618179
190,53.2460784912109,0.00133350136219916
191.25,53.2460784912109,0.00435581069000148
192.5,53.2460784912109,0.00387903402389958
193.75,53.2460784912109,0.00193518571145945
195,53.2460784912109,-0.000533827705625909
196.25,53.2460784912109,-0.00192233449308697
197.5,53.2460784912109,-0.0021439802687438
198.75,53.2460784912109,-0.00227429266490321
200,53.2460784912109,-0.00300453075523522
201.25,53.2460784912109,-0.00338999523805271
202.5,53.2460784912109,-0.00349673733065441
203.75,53.2460784912109,-0.00394805364812017
205,53.2460784912109,-0.00466545938266637
206.25,53.2460784912109,-0.00556212072936595
207.5,53.2460784912109,-0.00620769878373448
208.75,53.2460784912109,-0.00667420995242659
210,53.2460784912109,-0.00659825500846078
211.25,53.2460784912109,-0.00624444716537719
212.5,53.2460784912109,-0.00526969122881274
213.75,53.2460784912109,-0.00361561195074443
215,53.2460784912109,-0.00189709550014833
216.25,53.2460784912109,-0.000792719704500694
217.5,53.2460784912109,-0.000832907078653414
218.75,53.2460784912109,-0.00163000088113415
220,53.2460784912109,-0.00259152177684514
221.25,53.2460784912109,-0.00344392724189004
222.5,53.2460784912109,-0.00442980521713265
223.75,53.2460784912109,-0.00579555698230062
225,53.2460784912109,-0.00714286770754149
226.25,53.2460784912109,-0.00828516369953248
227.5,53.2460784912109,-0.0107444252166932
228.75,53.2460784912109,-0.0129095860079477
230,53.2460784912109,-0.0112942377379854
231.25,53.2460784912109,-0.00957106873902458
160,54.1884765625,-0.00591147837247099
161.25,54.1884765625,-0.00425858662130519
162.5,54.1884765625,-0.00194323855178851
163.75,54.1884765625,-0.00152655323926622
165,54.1884765625,0.000607220897342512
166.25,54.1884765625,0.00386942301987249
167.5,54.1884765625,0.00702599132233426
168.75,54.1884765625,0.00949923797769469
170,54.1884765625,0.0104133327306244
171.25,54.1884765625,0.00976686830948806
172.5,54.1884765625,0.00910494931535885
173.75,54.1884765625,0.00838982368810437
175,54.1884765625,0.00718998681113911
176.25,54.1884765625,0.00690819454562033
177.5,54.1884765625,0.00795630311871718
178.75,54.1884765625,0.00800821082999068
180,54.1884765625,0.00531538531439979
181.25,54.1884765625,0.00127181100036345
182.5,54.1884765625,-0.00229356753165735
183.75,54.1884765625,-0.0047675696758394
185,54.1884765625,-0.00610388252459745
186.25,54.1884765625,-0.00655715772363899
187.5,54.1884765625,-0.00588535396159303
188.75,54.1884765625,-0.00357793845712759
190,54.1884765625,0.000261721331200283
191.25,54.1884765625,0.00335590138629928
192.5,54.1884765625,0.00404942738827097
193.75,54.1884765625,0.00216405391972988
195,54.1884765625,-0.000563083582514439
196.25,54.1884765625,-0.00195831967751837
197.5,54.1884765625,-0.00219711711351925
198.75,54.1884765625,-0.00124197119230804
200,54.1884765625,-0.000842039817333644
201.25,54.1884765625,-0.000540533725646635
202.5,54.1884765625,-0.000237041780638459
203.75,54.1884765625,0.000254737008620214
205,54.1884765625,0.00135983853949789
206.25,54.1884765625,0.00215188498362244
207.5,54.1884765625,0.00158049800210567
208.75,54.1884765625,0.000347329577509897
210,54.1884765625,-0.0005125376434032
211.25,54.1884765625,-0.000982743468120511
212.5,54.1884765625,-0.00107615819163208
213.75,54.1884765625,-0.000741427375044606
215,54.1884765625,0.000372173139414985
216.25,54.1884765625,0.00157489300456396
217.5,54.1884765625,0.00201259148497339
218.75,54.1884765625,0.00143629747003999
220,54.1884765625,0.000142260014232466
221.25,54.1884765625,-0.00146827641975121
222.5,54.1884765625,-0.00363685444490129
223.75,54.1884765625,-0.00594389911501372
225,54.1884765625,-0.00736523368205703
226.25,54.1884765625,-0.00798402032758387
227.5,54.1884765625,-0.00921204916607913
228.75,54.1884765625,-0.0123051207268484
230,54.1884765625,-0.0117843399163637
161.25,55.1308898925781,0.000639232977715301
162.5,55.1308898925781,0.000113564917509804
163.75,55.1308898925781,-0.00312557416607906
165,55.1308898925781,-0.00571410173150069
166.25,55.1308898925781,-0.00254082869138145
167.5,55.1308898925781,0.00148312008113408
168.75,55.1308898925781,0.00386542308379541
170,55.1308898925781,0.00463956328220278
171.25,55.1308898925781,0.00443121399019422
172.5,55.1308898925781,0.0035610137010576
173.75,55.1308898925781,0.00205635629249615
175,55.1308898925781,0.000189839530583976
176.25,55.1308898925781,-0.000983093286195241
177.5,55.1308898925781,-0.000698336114457507
178.75,55.1308898925781,-3.66187804288287e-05
180,55.1308898925781,-0.000254563947041168
181.25,55.1308898925781,-0.00105362784708241
182.5,55.1308898925781,-0.00211737191806234
183.75,55.1308898925781,-0.00307004318346419
185,55.1308898925781,-0.00374980545330932
186.25,55.1308898925781,-0.00407498794203177
187.5,55.1308898925781,-0.00350436600573168
188.75,55.1308898925781,-0.00155977797948301
190,55.1308898925781,0.00116617000248471
191.25,55.1308898925781,0.0031680322459493
192.5,55.1308898925781,0.00384007167997011
193.75,55.1308898925781,0.0028412790571846
195,55.1308898925781,0.00213192729385032
196.25,55.1308898925781,0.00254382440985125
197.5,55.1308898925781,0.000298593525805569
198.75,55.1308898925781,0.000782040102214263
200,55.1308898925781,0.000956351704697757
201.25,55.1308898925781,0.00128726280465321
202.5,55.1308898925781,0.00118966460857104
203.75,55.1308898925781,0.00154915165518002
205,55.1308898925781,0.0035847382787758
206.25,55.1308898925781,0.00620567722265074
207.5,55.1308898925781,0.00779550136250702
208.75,55.1308898925781,0.00763015573771239
210,55.1308898925781,0.00580391261146356
211.25,55.1308898925781,0.0038308426921903
212.5,55.1308898925781,0.00257591662361183
213.75,55.1308898925781,0.00210396298136274
215,55.1308898925781,0.0025948751302737
216.25,55.1308898925781,0.00359969849956882
217.5,55.1308898925781,0.0042288434932316
218.75,55.1308898925781,0.00369699325423472
220,55.1308898925781,0.00198103769609945
221.25,55.1308898925781,-0.000711513606914883
222.5,55.1308898925781,-0.00390501436010375
223.75,55.1308898925781,-0.00667111982720201
225,55.1308898925781,-0.00830105627491263
226.25,55.1308898925781,-0.0107361648918942
227.5,55.1308898925781,-0.0125456128077244
228.75,55.1308898925781,-0.0126736643782022
230,55.1308898925781,-0.0117843401857025
161.25,56.0733032226562,0.00141493429856706
162.5,56.0733032226562,0.000809343813827804
163.75,56.0733032226562,-0.00195569177241175
165,56.0733032226562,-0.00944552237458402
166.25,56.0733032226562,-0.0108292339530028
167.5,56.0733032226562,-0.00725403302941285
168.75,56.0733032226562,-0.00488164843217547
170,56.0733032226562,-0.00404445719450861
171.25,56.0733032226562,-0.00399379244999804
172.5,56.0733032226562,-0.00420920298526504
173.75,56.0733032226562,-0.00434254343430031
175,56.0733032226562,-0.00452294219252772
176.25,56.0733032226562,-0.00464637181471618
177.5,56.0733032226562,-0.00403396925835976
178.75,56.0733032226562,-0.00245049758177538
180,56.0733032226562,-0.000529114600781764
181.25,56.0733032226562,0.000360382656696211
182.5,56.0733032226562,-0.000462361048440193
183.75,56.0733032226562,-0.00179991392867099
185,56.0733032226562,-0.0029547257374288
186.25,56.0733032226562,-0.0034002922197414
187.5,56.0733032226562,-0.00260752614567794
188.75,56.0733032226562,-0.000883376186994638
190,56.0733032226562,0.00108052742781046
191.25,56.0733032226562,0.00260316878326731
192.5,56.0733032226562,0.00366901086125919
193.75,56.0733032226562,0.00431584680771895
195,56.0733032226562,0.00489870752855864
196.25,56.0733032226562,0.00414003989523182
197.5,56.0733032226562,0.00190229375263156
198.75,56.0733032226562,-0.000584611118234426
200,56.0733032226562,0.000505893625670709
201.25,56.0733032226562,0.0025327337367129
202.5,56.0733032226562,0.00194084840330156
203.75,56.0733032226562,0.00201849581359684
205,56.0733032226562,0.00361134563900946
206.25,56.0733032226562,0.00710554168981037
207.5,56.0733032226562,0.00939077139612712
208.75,56.0733032226562,0.0102156824504091
210,56.0733032226562,0.00953929798587497
211.25,56.0733032226562,0.00789227698153683
212.5,56.0733032226562,0.00607709182827669
213.75,56.0733032226562,0.00492660620077849
215,56.0733032226562,0.00499595737292902
216.25,56.0733032226562,0.00570571513685769
217.5,56.0733032226562,0.00589699939211405
218.75,56.0733032226562,0.00477430173820579
220,56.0733032226562,0.00208376140283034
221.25,56.0733032226562,-0.00170185381444841
222.5,56.0733032226562,-0.00538621959150738
223.75,56.0733032226562,-0.00765871859932144
225,56.0733032226562,-0.00854430454655778
226.25,56.0733032226562,-0.00872262481933175
227.5,56.0733032226562,-0.0152691965419978
162.5,57.0157012939453,0.00224483050301292
163.75,57.0157012939453,0.000562747701112184
165,57.0157012939453,-0.00742370229976304
166.25,57.0157012939453,-0.0142003745494841
167.5,57.0157012939453,-0.015209815945669
168.75,57.0157012939453,-0.01390774529803
170,57.0157012939453,-0.0130564064551911
171.25,57.0157012939453,-0.0123514316123617
172.5,57.0157012939453,-0.0110740063189348
173.75,57.0157012939453,-0.00920877257104489
175,57.0157012939453,-0.00728074432062192
176.25,57.0157012939453,-0.00551439069452591
177.5,57.0157012939453,-0.00334959095014339
178.75,57.0157012939453,-0.000587618075319471
180,57.0157012939453,0.00117049274436458
181.25,57.0157012939453,0.000719545304020126
182.5,57.0157012939453,-0.00104392237946645
183.75,57.0157012939453,-0.00255495255060036
185,57.0157012939453,-0.00323909609075699
186.25,57.0157012939453,-0.0031216013447135
187.5,57.0157012939453,-0.00200427486279392
188.75,57.0157012939453,0.000146569869439549
190,57.0157012939453,0.00339202896929244
191.25,57.0157012939453,0.00506476367726823
192.5,57.0157012939453,0.00559547884653535
193.75,57.0157012939453,0.00499656657987065
195,57.0157012939453,0.00440471144928372
196.25,57.0157012939453,0.00317136044717229
197.5,57.0157012939453,0.000879598351484071
198.75,57.0157012939453,-0.0022957515634617
200,57.0157012939453,-0.00488277229644895
201.25,57.0157012939453,-0.00671202535197467
202.5,57.0157012939453,-0.000694346944376776
203.75,57.0157012939453,0.00307901736816448
205,57.0157012939453,0.00373645105479911
206.25,57.0157012939453,0.00613559162861259
207.5,57.0157012939453,0.00855941026404163
208.75,57.0157012939453,0.00954443754899284
210,57.0157012939453,0.00984756780795104
211.25,57.0157012939453,0.00902340342167218
212.5,57.0157012939453,0.00828829456692944
213.75,57.0157012939453,0.00766153672216169
215,57.0157012939453,0.00709920457196868
216.25,57.0157012939453,0.00664100445971543
217.5,57.0157012939453,0.00553271796996257
218.75,57.0157012939453,0.00311777436675764
220,57.0157012939453,-0.000334453498340257
221.25,57.0157012939453,-0.00414599891482052
222.5,57.0157012939453,-0.00657985680919401
223.75,57.0157012939453,-0.00731188003386622
225,57.0157012939453,-0.00752429616520481
226.25,57.0157012939453,-0.00777142434229836
162.5,57.9581146240234,0.00410847414009834
163.75,57.9581146240234,0.00351652147851969
165,57.9581146240234,-0.00214333513991049
166.25,57.9581146240234,-0.00819791476001507
167.5,57.9581146240234,-0.0122708750368389
168.75,57.9581146240234,-0.0139957322095306
170,57.9581146240234,-0.0138498976552804
171.25,57.9581146240234,-0.0122558855570206
172.5,57.9581146240234,-0.00988968109185522
173.75,57.9581146240234,-0.00760023631920563
175,57.9581146240234,-0.00565475803618509
176.25,57.9581146240234,-0.00359233823710172
177.5,57.9581146240234,-0.00102695870291694
178.75,57.9581146240234,0.000683305322485805
180,57.9581146240234,0.000452336537331919
181.25,57.9581146240234,-0.000640991989980781
182.5,57.9581146240234,-0.00167764712394685
183.75,57.9581146240234,-0.00217034715685234
185,57.9581146240234,-0.00196497236097649
186.25,57.9581146240234,-0.00113182822569087
187.5,57.9581146240234,0.000722774519760313
188.75,57.9581146240234,0.0037448509389099
190,57.9581146240234,0.00491592741626666
191.25,57.9581146240234,0.00480387147132572
192.5,57.9581146240234,0.00223618169506217
193.75,57.9581146240234,-0.000121451051369705
195,57.9581146240234,-0.00158056046721402
196.25,57.9581146240234,-0.00309495329077432
197.5,57.9581146240234,-0.00475589867309874
198.75,57.9581146240234,-0.00606666320478827
200,57.9581146240234,-0.00693562149811361
201.25,57.9581146240234,-0.00751802509323068
202.5,57.9581146240234,-0.00772192428269477
203.75,57.9581146240234,0.00320301776177429
206.25,57.9581146240234,0.00515463051372418
207.5,57.9581146240234,0.00591780089124454
208.75,57.9581146240234,0.00659808816324949
210,57.9581146240234,0.00722388584518106
211.25,57.9581146240234,0.007016279891918
212.5,57.9581146240234,0.00669145730537745
213.75,57.9581146240234,0.006513198898278
215,57.9581146240234,0.00605277870705601
216.25,57.9581146240234,0.00498910937000888
217.5,57.9581146240234,0.00300907326874492
218.75,57.9581146240234,6.78048484891979e-05
220,57.9581146240234,-0.00306801728326331
221.25,57.9581146240234,-0.00483907276603128
222.5,57.9581146240234,-0.0050399922828442
223.75,57.9581146240234,-0.00464355726885362
225,57.9581146240234,-0.00674435391942597
160,58.9005279541016,-0.0164701419759371
161.25,58.9005279541016,-0.0164154705910734
162.5,58.9005279541016,0.00620166989662521
163.75,58.9005279541016,0.00672836591166065
165,58.9005279541016,0.0034921644544453
166.25,58.9005279541016,-0.000540081387848307
167.5,58.9005279541016,-0.00372646400889279
168.75,58.9005279541016,-0.00547810661410932
170,58.9005279541016,-0.00571224186677459
171.25,58.9005279541016,-0.00481703957393198
172.5,58.9005279541016,-0.0034146711494395
173.75,58.9005279541016,-0.00247120993919372
175,58.9005279541016,-0.00247012140431686
176.25,58.9005279541016,-0.00241540313823078
177.5,58.9005279541016,-0.00151245628372415
178.75,58.9005279541016,-0.000286340341984663
180,58.9005279541016,0.000489079501729148
181.25,58.9005279541016,0.000580084533886422
182.5,58.9005279541016,0.000504713809822053
183.75,58.9005279541016,0.000737804650996015
185,58.9005279541016,0.00194647772204789
186.25,58.9005279541016,0.00290558046511198
187.5,58.9005279541016,0.00310808516176074
188.75,58.9005279541016,0.0017048392661698
190,58.9005279541016,-0.000243881396892855
191.25,58.9005279541016,-0.00266919902636593
192.5,58.9005279541016,-0.00568329097504286
193.75,58.9005279541016,-0.0082179671579002
195,58.9005279541016,-0.00925401012318381
196.25,58.9005279541016,-0.0106766652103979
197.5,58.9005279541016,-0.0115669073852224
198.75,58.9005279541016,-0.00901386470912094
200,58.9005279541016,-0.00885904306909652
201.25,58.9005279541016,-0.00729439838018128
202.5,58.9005279541016,-0.00698051464295819
206.25,58.9005279541016,0.00390400578014158
207.5,58.9005279541016,0.00366165245214558
208.75,58.9005279541016,0.00351459734589702
210,58.9005279541016,0.00397582333781339
211.25,58.9005279541016,0.00330833367264276
212.5,58.9005279541016,0.00197399270719084
213.75,58.9005279541016,0.00177721292713949
215,58.9005279541016,0.00188640595325786
216.25,58.9005279541016,0.0022104701412747
217.5,58.9005279541016,0.00178457672793895
218.75,58.9005279541016,0.000348956160849426
220,58.9005279541016,-0.00142708323644274
221.25,58.9005279541016,-0.00160281877864877
222.5,58.9005279541016,-0.00273043348675032
160,59.8429260253906,-0.0156276443860324
161.25,59.8429260253906,-0.0159138680383222
162.5,59.8429260253906,-0.0159045457652698
163.75,59.8429260253906,0.00739715250733552
165,59.8429260253906,0.00589396310429996
166.25,59.8429260253906,0.00387830882438968
167.5,59.8429260253906,0.00346528452776682
168.75,59.8429260253906,0.00222752540479106
170,59.8429260253906,-0.00154229854106351
171.25,59.8429260253906,-0.00117400917793406
172.5,59.8429260253906,-0.000986503767933301
173.75,59.8429260253906,-0.00111692334579403
175,59.8429260253906,-0.00178288639080275
176.25,59.8429260253906,-0.0015155556731908
177.5,59.8429260253906,-0.000176587941071311
178.75,59.8429260253906,0.00131442826306412
180,59.8429260253906,0.00237491163111265
181.25,59.8429260253906,0.0029085162543903
182.5,59.8429260253906,0.00251009723659872
183.75,59.8429260253906,0.00130442479500849
185,59.8429260253906,0.000711489584475185
186.25,59.8429260253906,-0.00134320582006352
187.5,59.8429260253906,-0.00485697983908889
188.75,59.8429260253906,-0.00828502325846059
190,59.8429260253906,-0.0119344387825748
191.25,59.8429260253906,-0.0136576858330188
192.5,59.8429260253906,-0.0135973816218192
193.75,59.8429260253906,-0.0139130731431535
195,59.8429260253906,-0.0147045736439716
196.25,59.8429260253906,-0.0151165368165303
197.5,59.8429260253906,-0.0139449422526503
198.75,59.8429260253906,-0.0135954894569599
206.25,59.8429260253906,0.00309689226527126
207.5,59.8429260253906,0.00305723456787472
208.75,59.8429260253906,0.0027028217339885
210,59.8429260253906,0.00247945526378896
211.25,59.8429260253906,0.000833558671958727
212.5,59.8429260253906,-0.00296519740650274
213.75,59.8429260253906,-0.00336148165719691
215,59.8429260253906,-0.00387152986318861
216.25,59.8429260253906,-0.000256989068062913
217.5,59.8429260253906,0.00369716700679722
218.75,59.8429260253906,0.00446876709822244
220,59.8429260253906,0.00272288701551453
221.25,59.8429260253906,0.00126823647993763
160,60.7853393554688,-0.016529679008407
161.25,60.7853393554688,-0.016930602233847
162.5,60.7853393554688,-0.0171010627288659
167.5,60.7853393554688,0.00630471789420997
168.75,60.7853393554688,0.00578393870868527
170,60.7853393554688,0.00570951651002016
171.25,60.7853393554688,0.00016886035881205
172.5,60.7853393554688,0.0013845319308446
173.75,60.7853393554688,0.00264616690730432
175,60.7853393554688,0.00293122332444938
176.25,60.7853393554688,0.00354995277112509
177.5,60.7853393554688,0.00365923514229904
178.75,60.7853393554688,0.0031063359484802
180,60.7853393554688,0.00156221235864055
181.25,60.7853393554688,-0.00053462196077677
182.5,60.7853393554688,-0.00422109583271984
183.75,60.7853393554688,-0.00795445697182854
185,60.7853393554688,-0.0118031055845435
186.25,60.7853393554688,-0.0161311549141979
187.5,60.7853393554688,-0.0190293029700039
188.75,60.7853393554688,-0.0189169641843782
190,60.7853393554688,-0.0198916918952016
191.25,60.7853393554688,-0.0183177129543599
192.5,60.7853393554688,-0.0144615502529409
193.75,60.7853393554688,-0.0130972155907176
195,60.7853393554688,-0.0134101528629588
212.5,60.7853393554688,-0.00494583825117438
213.75,60.7853393554688,-0.00508979626906891
215,60.7853393554688,-0.00637388152138418
216.25,60.7853393554688,-0.0026889563868779
160,61.7277526855469,-0.0201894178864519
173.75,61.7277526855469,0.00551066697870032
175,61.7277526855469,0.00736262336106248
176.25,61.7277526855469,0.0084303771662799
177.5,61.7277526855469,0.00498296504006284
178.75,61.7277526855469,0.0015725778120189
180,61.7277526855469,-0.00245203831126331
181.25,61.7277526855469,-0.00939516061706227
182.5,61.7277526855469,-0.0126495828617303
183.75,61.7277526855469,-0.0146932411232862
185,61.7277526855469,-0.01712850704629
186.25,61.7277526855469,-0.0191642297568026
187.5,61.7277526855469,-0.0209346039762444
188.75,61.7277526855469,-0.0219362024731652
190,61.7277526855469,-0.0218873657682536
191.25,61.7277526855469,-0.0184325719880293
192.5,61.7277526855469,-0.0129206894365061
193.75,61.7277526855469,-0.0130031609344498
195,61.7277526855469,-0.0140041559485922
175,62.6701507568359,0.00880689730689102
176.25,62.6701507568359,0.00921959893213685
177.5,62.6701507568359,-0.019516187798464
178.75,62.6701507568359,-0.0175656922962271
180,62.6701507568359,-0.0155809127100831
181.25,62.6701507568359,-0.0172328639825185
182.5,62.6701507568359,-0.0199449109594462
183.75,62.6701507568359,-0.0197463598067015
185,62.6701507568359,-0.0207853553001752
186.25,62.6701507568359,-0.0219037102334981
187.5,62.6701507568359,-0.0223748754466236
188.75,62.6701507568359,-0.0226877359262274
190,62.6701507568359,-0.0216446324888899
191.25,62.6701507568359,-0.017377639446582
192.5,62.6701507568359,-0.0133245899451982
193.75,62.6701507568359,-0.0156981289621481
195,62.6701507568359,-0.0180261631441354
196.25,62.6701507568359,-0.0286938829079432
197.5,62.6701507568359,-0.0286938829925498
178.75,63.6125640869141,-0.0226446007815536
180,63.6125640869141,-0.022280284143379
181.25,63.6125640869141,-0.024405063184536
182.5,63.6125640869141,-0.0255842376667755
183.75,63.6125640869141,-0.0253595706929307
185,63.6125640869141,-0.0245446113126938
186.25,63.6125640869141,-0.023962173205201
187.5,63.6125640869141,-0.0234107973561286
188.75,63.6125640869141,-0.0217643185754654
190,63.6125640869141,-0.0183134639730181
191.25,63.6125640869141,-0.0149039435012822
192.5,63.6125640869141,-0.0152819115234549
193.75,63.6125640869141,-0.0203359171831588
195,63.6125640869141,-0.0266602472410792
196.25,63.6125640869141,-0.0291162452026187
197.5,63.6125640869141,-0.0290919639712607
178.75,64.5549774169922,-0.0187587637127299
180,64.5549774169922,-0.0173887864294281
181.25,64.5549774169922,-0.0204698717405496
182.5,64.5549774169922,-0.0233135820417736
183.75,64.5549774169922,-0.0244547858895318
185,64.5549774169922,-0.0249458998614098
186.25,64.5549774169922,-0.0261488450756513
187.5,64.5549774169922,-0.0266129105113051
188.75,64.5549774169922,-0.021765972626066
190,64.5549774169922,-0.016742275917201
191.25,64.5549774169922,-0.0152921006296524
192.5,64.5549774169922,-0.019135591949715
193.75,64.5549774169922,-0.0237953462624972
195,64.5549774169922,-0.0284530523299015
196.25,64.5549774169922,-0.0293754045687423
197.5,64.5549774169922,-0.0293732907410558
180,65.4973907470703,-0.0147965024478103
181.25,65.4973907470703,-0.0207290172988478
182.5,65.4973907470703,-0.0226606541701118
183.75,65.4973907470703,-0.0237323718659728
185,65.4973907470703,-0.0238603824493704
188.75,65.4973907470703,-0.0197424540500755
190,65.4973907470703,-0.0173821806562489
191.25,65.4973907470703,-0.0172679899788191
192.5,65.4973907470703,-0.0191843323278153
193.75,65.4973907470703,-0.0211656948760607
