"lon","lat","beta"
160,20.2617797851562,-0.0184508739920796
161.25,20.2617797851562,-0.0201195320917122
162.5,20.2617797851562,-0.0215492914666483
163.75,20.2617797851562,-0.0229812578101987
165,20.2617797851562,-0.0241021221933333
166.25,20.2617797851562,-0.0244508492193266
167.5,20.2617797851562,-0.0248194916831094
168.75,20.2617797851562,-0.0260484753702526
170,20.2617797851562,-0.0276773688362109
171.25,20.2617797851562,-0.0287859512763926
172.5,20.2617797851562,-0.028731141266734
173.75,20.2617797851562,-0.0275900348353087
175,20.2617797851562,-0.0259136008180201
176.25,20.2617797851562,-0.0237417687944247
177.5,20.2617797851562,-0.0206151387759183
178.75,20.2617797851562,-0.0168924088123001
180,20.2617797851562,-0.0123294457704968
181.25,20.2617797851562,-0.00739669478407081
182.5,20.2617797851562,-0.00241384954858742
183.75,20.2617797851562,0.00280247854466214
185,20.2617797851562,0.00803360158627373
186.25,20.2617797851562,0.0131130793139299
187.5,20.2617797851562,0.0173883640910415
188.75,20.2617797851562,0.0195722509561513
190,20.2617797851562,0.0187896842704827
191.25,20.2617797851562,0.0166213618530348
192.5,20.2617797851562,0.0144791534795181
193.75,20.2617797851562,0.0122637505380673
195,20.2617797851562,0.00899443625326211
196.25,20.2617797851562,0.00505882948908055
197.5,20.2617797851562,0.000857598074732594
198.75,20.2617797851562,-0.00342667685345535
200,20.2617797851562,-0.00716726112425563
201.25,20.2617797851562,-0.00927438682973961
202.5,20.2617797851562,-0.0101838653578027
203.75,20.2617797851562,-0.0126875216301664
205,20.2617797851562,-0.0119833825582179
206.25,20.2617797851562,-0.00977779961799306
207.5,20.2617797851562,-0.00960705139008341
208.75,20.2617797851562,-0.0097386072784729
210,20.2617797851562,-0.0101631299197449
211.25,20.2617797851562,-0.0111111393503576
212.5,20.2617797851562,-0.0127699710993164
213.75,20.2617797851562,-0.0146683460796614
215,20.2617797851562,-0.0168817421495508
216.25,20.2617797851562,-0.0186048814882862
217.5,20.2617797851562,-0.0201602057596865
218.75,20.2617797851562,-0.0213084975778442
220,20.2617797851562,-0.0213490155407881
221.25,20.2617797851562,-0.0204844837185359
222.5,20.2617797851562,-0.0193846027313758
223.75,20.2617797851562,-0.0180538967594467
225,20.2617797851562,-0.0176418780978234
226.25,20.2617797851562,-0.0181661137157821
227.5,20.2617797851562,-0.0182355139549046
228.75,20.2617797851562,-0.0183724594628635
230,20.2617797851562,-0.0193966073149588
231.25,20.2617797851562,-0.0209869173912565
232.5,20.2617797851562,-0.0232064051304021
233.75,20.2617797851562,-0.0270981570836058
235,20.2617797851562,-0.0319698276130418
236.25,20.2617797851562,-0.0384501312616935
237.5,20.2617797851562,-0.0479178167859402
238.75,20.2617797851562,-0.0521668770131009
240,20.2617797851562,-0.0516215989795633
241.25,20.2617797851562,-0.0479283052191229
242.5,20.2617797851562,-0.0403681078053025
243.75,20.2617797851562,-0.0296714960622325
245,20.2617797851562,-0.0195352083848396
246.25,20.2617797851562,-0.0124012641877346
247.5,20.2617797851562,-0.0112352334126473
248.75,20.2617797851562,-0.0176674578214016
250,20.2617797851562,-0.0273682299843692
160,21.2041854858398,-0.0227849819708381
161.25,21.2041854858398,-0.0235993469947315
162.5,21.2041854858398,-0.0239196913590055
163.75,21.2041854858398,-0.0244897167298249
165,21.2041854858398,-0.0255504129628998
166.25,21.2041854858398,-0.0264446824980016
167.5,21.2041854858398,-0.0267913771629576
168.75,21.2041854858398,-0.0277025780707703
170,21.2041854858398,-0.0287016055742092
171.25,21.2041854858398,-0.0290783652357239
172.5,21.2041854858398,-0.0288973622185747
173.75,21.2041854858398,-0.0282003293964103
175,21.2041854858398,-0.0273156573890889
176.25,21.2041854858398,-0.0262941471935292
177.5,21.2041854858398,-0.0247257057859821
178.75,21.2041854858398,-0.0219794830203273
180,21.2041854858398,-0.0180275443089333
181.25,21.2041854858398,-0.013887176611347
182.5,21.2041854858398,-0.00997404841351099
183.75,21.2041854858398,-0.0055460113086446
185,21.2041854858398,8.34309169614517e-05
186.25,21.2041854858398,0.00609191770941432
187.5,21.2041854858398,0.0117312899936843
188.75,21.2041854858398,0.0161942906680114
190,21.2041854858398,0.0177689876904605
191.25,21.2041854858398,0.0163362795259201
192.5,21.2041854858398,0.0137546146119366
193.75,21.2041854858398,0.0105460444759556
195,21.2041854858398,0.0064495551975244
196.25,21.2041854858398,0.00182999590117222
197.5,21.2041854858398,-0.00275749121200312
198.75,21.2041854858398,-0.00691519416596949
200,21.2041854858398,-0.0101112420985591
201.25,21.2041854858398,-0.0117672721824264
202.5,21.2041854858398,-0.0123873201690527
203.75,21.2041854858398,-0.0136917392479213
205,21.2041854858398,-0.0120143479845095
206.25,21.2041854858398,-0.00971683791585443
207.5,21.2041854858398,-0.00913525238160104
208.75,21.2041854858398,-0.00873290138980773
210,21.2041854858398,-0.00838011244950494
211.25,21.2041854858398,-0.00846865501916894
212.5,21.2041854858398,-0.00915769542246083
213.75,21.2041854858398,-0.0100703045107544
215,21.2041854858398,-0.0112211092977669
216.25,21.2041854858398,-0.0119335957277212
217.5,21.2041854858398,-0.0129017180586108
218.75,21.2041854858398,-0.0140479960570511
220,21.2041854858398,-0.014880247664314
221.25,21.2041854858398,-0.0152451865399508
222.5,21.2041854858398,-0.0155172930957184
223.75,21.2041854858398,-0.0153216867710959
225,21.2041854858398,-0.0146985249476487
226.25,21.2041854858398,-0.0150280798130649
227.5,21.2041854858398,-0.0158280549397328
228.75,21.2041854858398,-0.017299850729143
230,21.2041854858398,-0.0195017349734088
231.25,21.2041854858398,-0.0219626117998102
232.5,21.2041854858398,-0.0246477567804634
233.75,21.2041854858398,-0.028604403836235
235,21.2041854858398,-0.034093076875244
236.25,21.2041854858398,-0.0404360605600943
237.5,21.2041854858398,-0.0478777710559779
238.75,21.2041854858398,-0.0504011666557138
240,21.2041854858398,-0.0469481028861989
241.25,21.2041854858398,-0.0401300763985596
242.5,21.2041854858398,-0.0315070148900845
243.75,21.2041854858398,-0.0206986921750984
245,21.2041854858398,-0.00908104370180349
246.25,21.2041854858398,5.40037537299315e-05
247.5,21.2041854858398,0.00141213306505493
248.75,21.2041854858398,-0.0101885844827774
250,21.2041854858398,-0.0238742964651541
160,22.146598815918,-0.0257992912711529
161.25,22.146598815918,-0.0268524818040899
162.5,22.146598815918,-0.0268004495705617
163.75,22.146598815918,-0.0264736046650316
165,22.146598815918,-0.0268637921311829
166.25,22.146598815918,-0.0274272727912275
167.5,22.146598815918,-0.0270549059405018
168.75,22.146598815918,-0.0266947924745614
170,22.146598815918,-0.0268097342199718
171.25,22.146598815918,-0.0258473594840933
172.5,22.146598815918,-0.0251838364235894
173.75,22.146598815918,-0.0247466388871021
175,22.146598815918,-0.0241209602991113
176.25,22.146598815918,-0.0235670145387319
177.5,22.146598815918,-0.0230033989875419
178.75,22.146598815918,-0.0213693932539114
180,22.146598815918,-0.0184310020066675
181.25,22.146598815918,-0.0152440400149304
182.5,22.146598815918,-0.012201502228277
183.75,22.146598815918,-0.00841099229418206
185,22.146598815918,-0.00356594183517652
186.25,22.146598815918,0.00179449018894358
187.5,22.146598815918,0.00707253672991989
188.75,22.146598815918,0.0115172360997986
190,22.146598815918,0.0134447963701666
191.25,22.146598815918,0.0123812532692005
192.5,22.146598815918,0.00984094060254563
193.75,22.146598815918,0.00566729616159915
195,22.146598815918,0.000995626808179844
196.25,22.146598815918,-0.00374519137690565
197.5,22.146598815918,-0.00789693070090926
198.75,22.146598815918,-0.0108232483281267
200,22.146598815918,-0.0128149324726829
201.25,22.146598815918,-0.0146302488962639
202.5,22.146598815918,-0.0148309362436826
203.75,22.146598815918,-0.0133411238196119
205,22.146598815918,-0.0117807298585193
206.25,22.146598815918,-0.0105470099238437
207.5,22.146598815918,-0.00974085417752073
208.75,22.146598815918,-0.00869518584584793
210,22.146598815918,-0.00760709557207948
211.25,22.146598815918,-0.00679028251438785
212.5,22.146598815918,-0.00659009940895561
213.75,22.146598815918,-0.00659466521734322
215,22.146598815918,-0.00620648855242798
216.25,22.146598815918,-0.00583513133111768
217.5,22.146598815918,-0.00566305393673362
218.75,22.146598815918,-0.00594650024719383
220,22.146598815918,-0.00665750854233384
221.25,22.146598815918,-0.00760793198330284
222.5,22.146598815918,-0.00879997665268136
223.75,22.146598815918,-0.00987013231884032
225,22.146598815918,-0.00989828299033929
226.25,22.146598815918,-0.0105103860175517
227.5,22.146598815918,-0.0119384079420886
228.75,22.146598815918,-0.0146167406149472
230,22.146598815918,-0.0182127439125196
231.25,22.146598815918,-0.0220535512025721
232.5,22.146598815918,-0.0260838919017602
233.75,22.146598815918,-0.0305890395298717
235,22.146598815918,-0.0354413999719992
236.25,22.146598815918,-0.0399482183914046
237.5,22.146598815918,-0.0444361464213563
238.75,22.146598815918,-0.0448044214264606
240,22.146598815918,-0.0402319529559814
241.25,22.146598815918,-0.033100219147614
242.5,22.146598815918,-0.0242849705259335
243.75,22.146598815918,-0.0134460757017705
245,22.146598815918,-0.00176144669767444
246.25,22.146598815918,0.00739811449464182
247.5,22.146598815918,0.00605508959861854
248.75,22.146598815918,-0.00849703435710698
250,22.146598815918,-0.0213743089401936
160,23.0890045166016,-0.0235828956237592
161.25,23.0890045166016,-0.0247292681095119
162.5,23.0890045166016,-0.0254479866819466
163.75,23.0890045166016,-0.025733923564466
165,23.0890045166016,-0.0262405594203809
166.25,23.0890045166016,-0.026622365526559
167.5,23.0890045166016,-0.0256252504372331
168.75,23.0890045166016,-0.0243227637560706
170,23.0890045166016,-0.0228533855201951
171.25,23.0890045166016,-0.0204810343351884
172.5,23.0890045166016,-0.0185783078680443
173.75,23.0890045166016,-0.0172967661727278
175,23.0890045166016,-0.0158827670045207
176.25,23.0890045166016,-0.0146911079916777
177.5,23.0890045166016,-0.0140690302601109
178.75,23.0890045166016,-0.0134089686684619
180,23.0890045166016,-0.0120969227825077
181.25,23.0890045166016,-0.01053860760188
182.5,23.0890045166016,-0.00901157612240663
183.75,23.0890045166016,-0.00664783043062629
185,23.0890045166016,-0.00362423908581893
186.25,23.0890045166016,0.000154194183398162
187.5,23.0890045166016,0.00436474262535264
188.75,23.0890045166016,0.00818060500944459
190,23.0890045166016,0.0100628362797958
191.25,23.0890045166016,0.00967945721774678
192.5,23.0890045166016,0.00733923423764435
193.75,23.0890045166016,0.00273954070108288
195,23.0890045166016,-0.00215105319270332
196.25,23.0890045166016,-0.00672905953329713
197.5,23.0890045166016,-0.0107622968368563
198.75,23.0890045166016,-0.0139448195226499
200,23.0890045166016,-0.016096084636455
201.25,23.0890045166016,-0.0175749219742438
202.5,23.0890045166016,-0.0176380244782352
203.75,23.0890045166016,-0.0155052379774754
205,23.0890045166016,-0.0136755581856915
206.25,23.0890045166016,-0.0129105430434115
207.5,23.0890045166016,-0.0121732565677918
208.75,23.0890045166016,-0.0106233661868307
210,23.0890045166016,-0.00864008805662176
211.25,23.0890045166016,-0.00668688014018363
212.5,23.0890045166016,-0.00509737482846503
213.75,23.0890045166016,-0.00426730886751127
215,23.0890045166016,-0.00290594997362109
216.25,23.0890045166016,-0.00124644302583496
217.5,23.0890045166016,-0.000130545641235616
218.75,23.0890045166016,0.000394841510261495
220,23.0890045166016,0.000268723764086706
221.25,23.0890045166016,-0.00028491495927246
222.5,23.0890045166016,-0.00129069692781442
223.75,23.0890045166016,-0.00264401402580913
225,23.0890045166016,-0.00367504982440336
226.25,23.0890045166016,-0.00461811297696087
227.5,23.0890045166016,-0.00675184406641378
228.75,23.0890045166016,-0.0106814009953267
230,23.0890045166016,-0.015388170800733
231.25,23.0890045166016,-0.0201695937801171
232.5,23.0890045166016,-0.0251746230406101
233.75,23.0890045166016,-0.030033953797509
235,23.0890045166016,-0.034250191617394
236.25,23.0890045166016,-0.0369103454842633
237.5,23.0890045166016,-0.0386661584935915
238.75,23.0890045166016,-0.0377806765796211
240,23.0890045166016,-0.0342163366188332
241.25,23.0890045166016,-0.0284416407193627
242.5,23.0890045166016,-0.0195788920081792
243.75,23.0890045166016,-0.00822393352112865
245,23.0890045166016,0.00320670471829997
246.25,23.0890045166016,0.00973201880476005
247.5,23.0890045166016,0.00727715394783796
248.75,23.0890045166016,-0.00163661852104621
250,23.0890045166016,-0.0211051456985295
160,24.0314178466797,-0.0186744112564669
161.25,24.0314178466797,-0.0193702891461766
162.5,24.0314178466797,-0.0198074488836659
163.75,24.0314178466797,-0.0204167659300828
165,24.0314178466797,-0.0210446643376488
166.25,24.0314178466797,-0.0213465816730846
167.5,24.0314178466797,-0.0205250248055347
168.75,24.0314178466797,-0.0193566275199588
170,24.0314178466797,-0.0173876699214087
171.25,24.0314178466797,-0.0145083113271713
172.5,24.0314178466797,-0.0114210474210535
173.75,24.0314178466797,-0.00873650835975248
175,24.0314178466797,-0.00619578903118581
176.25,24.0314178466797,-0.00381908634709603
177.5,24.0314178466797,-0.00212364961831679
178.75,24.0314178466797,-0.00149215951691389
180,24.0314178466797,-0.00115905662065501
181.25,24.0314178466797,-0.00101714689955027
182.5,24.0314178466797,-0.00086339868858632
183.75,24.0314178466797,-0.000450621877909856
185,24.0314178466797,0.000289864757056854
186.25,24.0314178466797,0.00157811710697617
187.5,24.0314178466797,0.00385978325110185
188.75,24.0314178466797,0.00657341174591109
190,24.0314178466797,0.00838675336267368
191.25,24.0314178466797,0.00872760662252718
192.5,24.0314178466797,0.00749586859428596
193.75,24.0314178466797,0.004134546372097
195,24.0314178466797,-0.000117471050976209
196.25,24.0314178466797,-0.00486836667277112
197.5,24.0314178466797,-0.00914261771296795
198.75,24.0314178466797,-0.0133568586188603
200,24.0314178466797,-0.0173685733440669
201.25,24.0314178466797,-0.0203600627036492
202.5,24.0314178466797,-0.0214421605051275
203.75,24.0314178466797,-0.0207038370150018
205,24.0314178466797,-0.019179335894247
206.25,24.0314178466797,-0.0176772281644167
207.5,24.0314178466797,-0.0166213884532826
208.75,24.0314178466797,-0.01483851032857
210,24.0314178466797,-0.0119043708562038
211.25,24.0314178466797,-0.00874690774802852
212.5,24.0314178466797,-0.00592563883267122
213.75,24.0314178466797,-0.00375328304129515
215,24.0314178466797,-0.00139404839401951
216.25,24.0314178466797,0.00141967619319251
217.5,24.0314178466797,0.00322877817756571
218.75,24.0314178466797,0.00425449401697453
220,24.0314178466797,0.00475799597311264
221.25,24.0314178466797,0.00497728015460541
222.5,24.0314178466797,0.0046612847863761
223.75,24.0314178466797,0.00374602918457887
225,24.0314178466797,0.00273195123168158
226.25,24.0314178466797,0.00162518494423359
227.5,24.0314178466797,-0.00141887578704128
228.75,24.0314178466797,-0.0059926629948659
230,24.0314178466797,-0.0112086022739522
231.25,24.0314178466797,-0.016477607746903
232.5,24.0314178466797,-0.0215933087325283
233.75,24.0314178466797,-0.02615799945316
235,24.0314178466797,-0.0298662205124314
236.25,24.0314178466797,-0.0317000212276369
237.5,24.0314178466797,-0.032063171233197
238.75,24.0314178466797,-0.0311261755435967
240,24.0314178466797,-0.0293173411089531
241.25,24.0314178466797,-0.0254281940728663
242.5,24.0314178466797,-0.0171528279122853
243.75,24.0314178466797,-0.00625761591675244
245,24.0314178466797,0.00404614454290091
246.25,24.0314178466797,0.00934759709571551
247.5,24.0314178466797,0.010293326940272
248.75,24.0314178466797,0.00695048810707175
250,24.0314178466797,-0.0307427450678687
160,24.9738235473633,-0.0120197075891359
161.25,24.9738235473633,-0.0133404275969787
162.5,24.9738235473633,-0.0139858854148572
163.75,24.9738235473633,-0.0142169044084011
165,24.9738235473633,-0.0141919283914338
166.25,24.9738235473633,-0.0140961734389037
167.5,24.9738235473633,-0.0135581849102481
168.75,24.9738235473633,-0.0121768181506065
170,24.9738235473633,-0.010487784554558
171.25,24.9738235473633,-0.00857774951350106
172.5,24.9738235473633,-0.00557445242476666
173.75,24.9738235473633,-0.00237391616360402
175,24.9738235473633,0.000840611812334114
176.25,24.9738235473633,0.00412001594309766
177.5,24.9738235473633,0.00657063975237709
178.75,24.9738235473633,0.00797562119502486
180,24.9738235473633,0.00838505224836172
181.25,24.9738235473633,0.00794585914493042
182.5,24.9738235473633,0.00716346258844398
183.75,24.9738235473633,0.00672125327741755
185,24.9738235473633,0.00666054777022121
186.25,24.9738235473633,0.00658134140922502
187.5,24.9738235473633,0.00705841647633371
188.75,24.9738235473633,0.00801299162544727
190,24.9738235473633,0.00851347083090811
191.25,24.9738235473633,0.00840768433784012
192.5,24.9738235473633,0.00768640449446722
193.75,24.9738235473633,0.00586562516138732
195,24.9738235473633,0.00300058058096966
196.25,24.9738235473633,-0.00108659915338572
197.5,24.9738235473633,-0.00511873478337069
198.75,24.9738235473633,-0.00891697723589476
200,24.9738235473633,-0.0133116677593386
201.25,24.9738235473633,-0.0179248959709257
202.5,24.9738235473633,-0.0216037762992768
203.75,24.9738235473633,-0.0240660579356362
205,24.9738235473633,-0.0247835935564992
206.25,24.9738235473633,-0.0245646030775711
207.5,24.9738235473633,-0.0235794345616181
208.75,24.9738235473633,-0.0213304038361813
210,24.9738235473633,-0.0173818203060386
211.25,24.9738235473633,-0.0130145615230841
212.5,24.9738235473633,-0.00940906770172591
213.75,24.9738235473633,-0.00612699662178538
215,24.9738235473633,-0.00234491325819792
216.25,24.9738235473633,0.00174549390123771
217.5,24.9738235473633,0.00423105918795111
218.75,24.9738235473633,0.00559754913098917
220,24.9738235473633,0.00644662535850548
221.25,24.9738235473633,0.00728815247150611
222.5,24.9738235473633,0.00801733954392266
223.75,24.9738235473633,0.00822373938683709
225,24.9738235473633,0.00783351900592411
226.25,24.9738235473633,0.00709543159302848
227.5,24.9738235473633,0.00434943823398061
228.75,24.9738235473633,-0.000126772295020307
230,24.9738235473633,-0.00561164654786127
231.25,24.9738235473633,-0.0113227681198274
232.5,24.9738235473633,-0.0164596524936073
233.75,24.9738235473633,-0.0205563053480649
235,24.9738235473633,-0.0236333559722679
236.25,24.9738235473633,-0.0251240849043789
237.5,24.9738235473633,-0.0252740751052627
238.75,24.9738235473633,-0.0250217348575951
240,24.9738235473633,-0.0249823975386201
241.25,24.9738235473633,-0.0232354315856185
242.5,24.9738235473633,-0.0169174549112495
243.75,24.9738235473633,-0.00762658982995469
245,24.9738235473633,0.00139051874023388
246.25,24.9738235473633,0.00788913992757837
247.5,24.9738235473633,0.0113040853788607
248.75,24.9738235473633,0.00140547104966282
250,24.9738235473633,-0.0296809453347779
160,25.9162292480469,-0.00662543115978698
161.25,25.9162292480469,-0.00806823739676335
162.5,25.9162292480469,-0.00908307311095384
163.75,25.9162292480469,-0.00962948924495659
165,25.9162292480469,-0.00951384970487841
166.25,25.9162292480469,-0.00906972124629264
167.5,25.9162292480469,-0.00846715687845075
168.75,25.9162292480469,-0.00743392286288124
170,25.9162292480469,-0.00636044231096175
171.25,25.9162292480469,-0.00549361050745221
172.5,25.9162292480469,-0.0034515971647594
173.75,25.9162292480469,-0.000909523371704139
175,25.9162292480469,0.00192962680585515
176.25,25.9162292480469,0.00507321144027033
177.5,25.9162292480469,0.00815268016319094
178.75,25.9162292480469,0.0106501220212511
180,25.9162292480469,0.0121202957633205
181.25,25.9162292480469,0.0123695001381281
182.5,25.9162292480469,0.0121612173503707
183.75,25.9162292480469,0.0120815711113603
185,25.9162292480469,0.0121181080880419
186.25,25.9162292480469,0.0119478581870758
187.5,25.9162292480469,0.0118157123488724
188.75,25.9162292480469,0.0119049811912955
190,25.9162292480469,0.0115488096198182
191.25,25.9162292480469,0.0105845724962609
192.5,25.9162292480469,0.00936583391876574
193.75,25.9162292480469,0.00782860915774304
195,25.9162292480469,0.00486712324677573
196.25,25.9162292480469,0.00131268021987513
197.5,25.9162292480469,-0.0018111031573129
198.75,25.9162292480469,-0.00462004904348749
200,25.9162292480469,-0.00806426782080247
201.25,25.9162292480469,-0.0125219073659379
202.5,25.9162292480469,-0.0176121782271899
203.75,25.9162292480469,-0.0223964280330962
205,25.9162292480469,-0.0260926883866072
206.25,25.9162292480469,-0.029051212485108
207.5,25.9162292480469,-0.0308107322031064
208.75,25.9162292480469,-0.0297676280518145
210,25.9162292480469,-0.0254859905211785
211.25,25.9162292480469,-0.0196673830077785
212.5,25.9162292480469,-0.0144650453475089
213.75,25.9162292480469,-0.0100809158708131
215,25.9162292480469,-0.00580367071568596
216.25,25.9162292480469,-0.000973645768291778
217.5,25.9162292480469,0.00228872417587776
218.75,25.9162292480469,0.00409162912852597
220,25.9162292480469,0.00511295028203069
221.25,25.9162292480469,0.00645749168544491
222.5,25.9162292480469,0.00812797735461444
223.75,25.9162292480469,0.00963450109437564
225,25.9162292480469,0.0104099682470033
226.25,25.9162292480469,0.010184755734244
227.5,25.9162292480469,0.00842366484516708
228.75,25.9162292480469,0.00531291446661734
230,25.9162292480469,0.000709518370277228
231.25,25.9162292480469,-0.00507132585941515
232.5,25.9162292480469,-0.0106267977952235
233.75,25.9162292480469,-0.0146456406061437
235,25.9162292480469,-0.017164610963498
236.25,25.9162292480469,-0.0184277021557397
237.5,25.9162292480469,-0.0186877768758009
238.75,25.9162292480469,-0.0195128679940293
240,25.9162292480469,-0.0212182181760479
241.25,25.9162292480469,-0.0217110001178139
242.5,25.9162292480469,-0.0177844272436384
243.75,25.9162292480469,-0.00974326021244384
245,25.9162292480469,-0.00153445514043467
246.25,25.9162292480469,0.00597365915439462
247.5,25.9162292480469,0.00945743411568589
248.75,25.9162292480469,-0.0211192742843344
250,25.9162292480469,-0.0315193447129173
160,26.858642578125,-0.00514925419238365
161.25,26.858642578125,-0.00613414321819485
162.5,26.858642578125,-0.00736271982025255
163.75,26.858642578125,-0.00830537338682864
165,26.858642578125,-0.00851357768196418
166.25,26.858642578125,-0.00787787092045185
167.5,26.858642578125,-0.00692854058429183
168.75,26.858642578125,-0.00603887730070894
170,26.858642578125,-0.00501709558552204
171.25,26.858642578125,-0.00451944073128117
172.5,26.858642578125,-0.00333464912550426
173.75,26.858642578125,-0.00180238051195106
175,26.858642578125,-0.000106618994138399
176.25,26.858642578125,0.00199836697101585
177.5,26.858642578125,0.00454881552788458
178.75,26.858642578125,0.00715190623859313
180,26.858642578125,0.0094792470158326
181.25,26.858642578125,0.0111329260311214
182.5,26.858642578125,0.0120370236930281
183.75,26.858642578125,0.0125733665275368
185,26.858642578125,0.0128335918031852
186.25,26.858642578125,0.0129001059030731
187.5,26.858642578125,0.0126148305065806
188.75,26.858642578125,0.0123200534322495
190,26.858642578125,0.0120492228539903
191.25,26.858642578125,0.0118193829926792
192.5,26.858642578125,0.0119138568106192
193.75,26.858642578125,0.0113285331242136
195,26.858642578125,0.00870472413298108
196.25,26.858642578125,0.00517051556090316
197.5,26.858642578125,0.00280008154068348
198.75,26.858642578125,0.00144793696049158
200,26.858642578125,-0.00113591624887147
201.25,26.858642578125,-0.0052734251155329
202.5,26.858642578125,-0.00988917081454517
203.75,26.858642578125,-0.0148890200970655
205,26.858642578125,-0.0204815985335243
206.25,26.858642578125,-0.0265471585966004
207.5,26.858642578125,-0.0333460662803683
208.75,26.858642578125,-0.0375105757463013
210,26.858642578125,-0.0357035235772655
211.25,26.858642578125,-0.029281499186284
212.5,26.858642578125,-0.0218032693687238
213.75,26.858642578125,-0.0154657021356999
215,26.858642578125,-0.010422375391531
216.25,26.858642578125,-0.0059886279272271
217.5,26.858642578125,-0.00287642197475007
218.75,26.858642578125,-0.000843072288300771
220,26.858642578125,0.000699629025696481
221.25,26.858642578125,0.0026334978154941
222.5,26.858642578125,0.00496466391583498
223.75,26.858642578125,0.00736424018205545
225,26.858642578125,0.00907127182522987
226.25,26.858642578125,0.00989167262312428
227.5,26.858642578125,0.00971889310422843
228.75,26.858642578125,0.00858358410471267
230,26.858642578125,0.00604495850979972
231.25,26.858642578125,0.00159560213893617
232.5,26.858642578125,-0.00399849789523525
233.75,26.858642578125,-0.00875109465080627
235,26.858642578125,-0.0118892461454718
236.25,26.858642578125,-0.0135993711615589
237.5,26.858642578125,-0.0147021814541272
238.75,26.858642578125,-0.0161835436853182
240,26.858642578125,-0.0182676018346482
241.25,26.858642578125,-0.0200218897424906
242.5,26.858642578125,-0.0179567520335344
243.75,26.858642578125,-0.0113655369949387
245,26.858642578125,-0.00438588590320385
246.25,26.858642578125,0.00184185531145483
247.5,26.858642578125,-0.00953417694716787
248.75,26.858642578125,-0.022825373490116
250,26.858642578125,-0.031145742290415
160,27.8010482788086,-0.00841536194284565
161.25,27.8010482788086,-0.00902234426380918
162.5,27.8010482788086,-0.00983622898637557
163.75,27.8010482788086,-0.0107298414191252
165,27.8010482788086,-0.0111440809034162
166.25,27.8010482788086,-0.0105861098379795
167.5,27.8010482788086,-0.00964151742891721
168.75,27.8010482788086,-0.00856211970633734
170,27.8010482788086,-0.00711772396960709
171.25,27.8010482788086,-0.00581555556147521
172.5,27.8010482788086,-0.0043752234993737
173.75,27.8010482788086,-0.00318441923491202
175,27.8010482788086,-0.00256841880732961
176.25,27.8010482788086,-0.00224864152667179
177.5,27.8010482788086,-0.00152729534567524
178.75,27.8010482788086,8.68541089486863e-05
180,27.8010482788086,0.00225181797564229
181.25,27.8010482788086,0.00481935169897494
182.5,27.8010482788086,0.00698301972985541
183.75,27.8010482788086,0.00850523795998957
185,27.8010482788086,0.00949450987028694
186.25,27.8010482788086,0.00976221018666157
187.5,27.8010482788086,0.00925986530625318
188.75,27.8010482788086,0.00874200487758754
190,27.8010482788086,0.0088801570224441
191.25,27.8010482788086,0.0098237191222947
192.5,27.8010482788086,0.0111065340741281
193.75,27.8010482788086,0.0119809686806037
195,27.8010482788086,0.0116535339469745
196.25,27.8010482788086,0.0100553779859046
197.5,27.8010482788086,0.00857115732577455
198.75,27.8010482788086,0.00844091091785273
200,27.8010482788086,0.00867407610814883
201.25,27.8010482788086,0.00753447783197971
202.5,27.8010482788086,0.00434548903266327
203.75,27.8010482788086,-0.00020823094417331
205,27.8010482788086,-0.00595072273843276
206.25,27.8010482788086,-0.0130085541901473
207.5,27.8010482788086,-0.0227101824753387
208.75,27.8010482788086,-0.0329567414153468
210,27.8010482788086,-0.0379231241520183
211.25,27.8010482788086,-0.0354667050664202
212.5,27.8010482788086,-0.0287694226821988
213.75,27.8010482788086,-0.0213847563417883
215,27.8010482788086,-0.0152759373222437
216.25,27.8010482788086,-0.010653714368821
217.5,27.8010482788086,-0.00778669714008096
218.75,27.8010482788086,-0.00627288451778441
220,27.8010482788086,-0.00511162681885436
221.25,27.8010482788086,-0.00339291612844366
222.5,27.8010482788086,-0.000979070036786315
223.75,27.8010482788086,0.00187919547017049
225,27.8010482788086,0.00458341428486053
226.25,27.8010482788086,0.00649808573859053
227.5,27.8010482788086,0.00815596078569201
228.75,27.8010482788086,0.00935694272335217
230,27.8010482788086,0.0090928449574747
231.25,27.8010482788086,0.00695510675984283
232.5,27.8010482788086,0.00268646635341191
233.75,27.8010482788086,-0.00277610904221869
235,27.8010482788086,-0.00751224071557668
236.25,27.8010482788086,-0.0105214964566707
237.5,27.8010482788086,-0.0126023966442982
238.75,27.8010482788086,-0.0149461774980565
240,27.8010482788086,-0.0170537337658089
241.25,27.8010482788086,-0.0184714177609548
242.5,27.8010482788086,-0.0177284888113089
243.75,27.8010482788086,-0.0128221916820376
245,27.8010482788086,-0.00653393676406033
246.25,27.8010482788086,-0.00362130848638621
247.5,27.8010482788086,-0.0202849356668872
248.75,27.8010482788086,-0.0243271597334628
250,27.8010482788086,-0.0309636084526615
160,28.7434539794922,-0.0127016669278778
161.25,28.7434539794922,-0.0141136331617086
162.5,28.7434539794922,-0.0156036080437803
163.75,28.7434539794922,-0.0165375967819245
165,28.7434539794922,-0.0167229910755665
166.25,28.7434539794922,-0.0159559134180572
167.5,28.7434539794922,-0.014503051966237
168.75,28.7434539794922,-0.0129439895603223
170,28.7434539794922,-0.0110401362005747
171.25,28.7434539794922,-0.00864254742918298
172.5,28.7434539794922,-0.00617097376316949
173.75,28.7434539794922,-0.00412118295989794
175,28.7434539794922,-0.00328539002778159
176.25,28.7434539794922,-0.00357511728441841
177.5,28.7434539794922,-0.00428728620328555
178.75,28.7434539794922,-0.00444804958151412
180,28.7434539794922,-0.0036005635944408
181.25,28.7434539794922,-0.00191198598940774
182.5,28.7434539794922,0.000316332055287622
183.75,28.7434539794922,0.0021655649490907
185,28.7434539794922,0.00353400987972161
186.25,28.7434539794922,0.00401126640562827
187.5,28.7434539794922,0.00375122901777097
188.75,28.7434539794922,0.0034730725552998
190,28.7434539794922,0.00415210639715888
191.25,28.7434539794922,0.00593387525291756
192.5,28.7434539794922,0.0082617631156635
193.75,28.7434539794922,0.0107559573331036
195,28.7434539794922,0.0123936868473048
196.25,28.7434539794922,0.0127122940861208
197.5,28.7434539794922,0.0127944983431381
198.75,28.7434539794922,0.0134803956567225
200,28.7434539794922,0.0152373148067193
201.25,28.7434539794922,0.017449607627133
202.5,28.7434539794922,0.0186801659202707
203.75,28.7434539794922,0.0172946992510027
205,28.7434539794922,0.0133846945933232
206.25,28.7434539794922,0.00840887438656084
207.5,28.7434539794922,0.00227368381894509
208.75,28.7434539794922,-0.00704242398298179
210,28.7434539794922,-0.0178081648238993
211.25,28.7434539794922,-0.0245197574472352
212.5,28.7434539794922,-0.0250755717001718
213.75,28.7434539794922,-0.0221041093739323
215,28.7434539794922,-0.0178400159268665
216.25,28.7434539794922,-0.0134087085976564
217.5,28.7434539794922,-0.0105683454492804
218.75,28.7434539794922,-0.00950546818145079
220,28.7434539794922,-0.00934854355791418
221.25,28.7434539794922,-0.00872843596521458
222.5,28.7434539794922,-0.00694588736160914
223.75,28.7434539794922,-0.00437098126242487
225,28.7434539794922,-0.00166418522905471
226.25,28.7434539794922,0.00104582327610013
227.5,28.7434539794922,0.00450535807095725
228.75,28.7434539794922,0.00844379975669638
230,28.7434539794922,0.0104005629515257
231.25,28.7434539794922,0.0100333459588078
232.5,28.7434539794922,0.00743455267449832
233.75,28.7434539794922,0.00266349390262406
235,28.7434539794922,-0.00283962273502646
236.25,28.7434539794922,-0.00741962966640038
237.5,28.7434539794922,-0.0108029706118092
238.75,28.7434539794922,-0.0144597420941923
240,28.7434539794922,-0.0173356830827108
241.25,28.7434539794922,-0.0180257596694092
242.5,28.7434539794922,-0.0176360569731762
243.75,28.7434539794922,-0.014841092883348
245,28.7434539794922,-0.0100608295346272
246.25,28.7434539794922,-0.00405861070679459
160,29.6858673095703,-0.0159036712048659
161.25,29.6858673095703,-0.0185561108091017
162.5,29.6858673095703,-0.0212915188757143
163.75,29.6858673095703,-0.0232136645125215
165,29.6858673095703,-0.0237798045202185
166.25,29.6858673095703,-0.0230187836935849
167.5,29.6858673095703,-0.0212144539664384
168.75,29.6858673095703,-0.0189652613720654
170,29.6858673095703,-0.0162270485838783
171.25,29.6858673095703,-0.0130327741436518
172.5,29.6858673095703,-0.00935702503599654
173.75,29.6858673095703,-0.00572029342517467
175,29.6858673095703,-0.00359548342570026
176.25,29.6858673095703,-0.00331962699286774
177.5,29.6858673095703,-0.00410393673828262
178.75,29.6858673095703,-0.00480768227509935
180,29.6858673095703,-0.00500495023836583
181.25,29.6858673095703,-0.00444178860339715
182.5,29.6858673095703,-0.00293401976920468
183.75,29.6858673095703,-0.001785299136418
185,29.6858673095703,-0.00133546935488847
186.25,29.6858673095703,-0.00141722642747669
187.5,29.6858673095703,-0.00160409723341119
188.75,29.6858673095703,-0.00153250596393835
190,29.6858673095703,-0.000565545817272706
191.25,29.6858673095703,0.00169336546901955
192.5,29.6858673095703,0.00489254855399804
193.75,29.6858673095703,0.00880536699333051
195,29.6858673095703,0.0120987375705662
196.25,29.6858673095703,0.0138499623999386
197.5,29.6858673095703,0.0149797056586165
198.75,29.6858673095703,0.0161128200713333
200,29.6858673095703,0.0183313164188784
201.25,29.6858673095703,0.0219027633797825
202.5,29.6858673095703,0.0257375562949044
203.75,29.6858673095703,0.0280481820070195
205,29.6858673095703,0.0278552657848958
206.25,29.6858673095703,0.0261789622101876
207.5,29.6858673095703,0.0245108526912328
208.75,29.6858673095703,0.0210724205958202
210,29.6858673095703,0.0145721159474829
211.25,29.6858673095703,0.00554640243455298
212.5,29.6858673095703,-0.00325860913211562
213.75,29.6858673095703,-0.00829465909748515
215,29.6858673095703,-0.00999049197400057
216.25,29.6858673095703,-0.0101170011637764
217.5,29.6858673095703,-0.00948426920627222
218.75,29.6858673095703,-0.00931122692547259
220,29.6858673095703,-0.0101609063297584
221.25,29.6858673095703,-0.0107685484107231
222.5,29.6858673095703,-0.0102048331743481
223.75,29.6858673095703,-0.00882954654188724
225,29.6858673095703,-0.00680549117688915
226.25,29.6858673095703,-0.00381875207303568
227.5,29.6858673095703,0.000470115562507561
228.75,29.6858673095703,0.00597866338620417
230,29.6858673095703,0.00946762721793346
231.25,29.6858673095703,0.0105580028464469
232.5,29.6858673095703,0.00943890158545084
233.75,29.6858673095703,0.00607340100119361
235,29.6858673095703,0.000995366855512236
236.25,29.6858673095703,-0.0046619703418404
237.5,29.6858673095703,-0.00909765735569825
238.75,29.6858673095703,-0.013676971417361
240,29.6858673095703,-0.0172197812644597
241.25,29.6858673095703,-0.0176540428989078
242.5,29.6858673095703,-0.0175811205694229
243.75,29.6858673095703,-0.0165084876090539
245,29.6858673095703,-0.0152906488666579
160,30.6282730102539,-0.0143242157741372
161.25,30.6282730102539,-0.0180175877397953
162.5,30.6282730102539,-0.0218367203982408
163.75,30.6282730102539,-0.0251773848599319
165,30.6282730102539,-0.0269586303161297
166.25,30.6282730102539,-0.027140530578171
167.5,30.6282730102539,-0.0259869142857649
168.75,30.6282730102539,-0.0237117550665127
170,30.6282730102539,-0.0209055341173101
171.25,30.6282730102539,-0.0181477043082265
172.5,30.6282730102539,-0.0142691494666383
173.75,30.6282730102539,-0.00945909267447713
175,30.6282730102539,-0.00588951934430714
176.25,30.6282730102539,-0.00439901418332206
177.5,30.6282730102539,-0.00394022699769519
178.75,30.6282730102539,-0.00390031421432772
180,30.6282730102539,-0.00395584071478232
181.25,30.6282730102539,-0.00364914490508478
182.5,30.6282730102539,-0.00352043915726756
183.75,30.6282730102539,-0.00386735619983542
185,30.6282730102539,-0.00440600753418972
186.25,30.6282730102539,-0.00537332287761171
187.5,30.6282730102539,-0.00607110691736047
188.75,30.6282730102539,-0.00572298945544561
190,30.6282730102539,-0.00412888038534834
191.25,30.6282730102539,-0.0013473199537331
192.5,30.6282730102539,0.00240860144501226
193.75,30.6282730102539,0.0070347029058067
195,30.6282730102539,0.0114916481000709
196.25,30.6282730102539,0.0142538610652128
197.5,30.6282730102539,0.0160998720130834
198.75,30.6282730102539,0.0178108885238642
200,30.6282730102539,0.0202296763025104
201.25,30.6282730102539,0.0238603136915142
202.5,30.6282730102539,0.0282655313586409
203.75,30.6282730102539,0.0319533691630057
205,30.6282730102539,0.0343502081074155
206.25,30.6282730102539,0.0371928824069835
207.5,30.6282730102539,0.0401970426379155
208.75,30.6282730102539,0.0419164365500509
210,30.6282730102539,0.0415518745288717
211.25,30.6282730102539,0.0374831689981555
212.5,30.6282730102539,0.0277864031499731
213.75,30.6282730102539,0.0163803916843965
215,30.6282730102539,0.00817406117378787
216.25,30.6282730102539,0.00289646309939087
217.5,30.6282730102539,-0.00137119798944068
218.75,30.6282730102539,-0.00433879724855472
220,30.6282730102539,-0.00691341415330907
221.25,30.6282730102539,-0.00912044490232433
222.5,30.6282730102539,-0.0104733574350019
223.75,30.6282730102539,-0.0107989163828966
225,30.6282730102539,-0.00982944721555887
226.25,30.6282730102539,-0.00717912228473974
227.5,30.6282730102539,-0.00291350836242688
228.75,30.6282730102539,0.00263204086721449
230,30.6282730102539,0.00699069021063599
231.25,30.6282730102539,0.00937031724227843
232.5,30.6282730102539,0.00911964100336532
233.75,30.6282730102539,0.00633318656407231
235,30.6282730102539,0.00168094108199583
236.25,30.6282730102539,-0.00358256089197666
237.5,30.6282730102539,-0.00803313151710854
238.75,30.6282730102539,-0.012545335609131
240,30.6282730102539,-0.0162640896281976
241.25,30.6282730102539,-0.017341148513733
242.5,30.6282730102539,-0.0171959224658494
243.75,30.6282730102539,-0.0169818044277293
160,31.5706787109375,-0.00489436732192776
161.25,31.5706787109375,-0.0108440299701932
162.5,31.5706787109375,-0.0167160150748109
163.75,31.5706787109375,-0.0217920957697737
165,31.5706787109375,-0.0251746823512448
166.25,31.5706787109375,-0.0268167126110474
167.5,31.5706787109375,-0.0268108190340551
168.75,31.5706787109375,-0.0253258206689416
170,31.5706787109375,-0.0235328680846109
171.25,31.5706787109375,-0.0217437899650487
172.5,31.5706787109375,-0.0182373749827176
173.75,31.5706787109375,-0.0135625971507183
175,31.5706787109375,-0.00966085282177999
176.25,31.5706787109375,-0.00728756108260135
177.5,31.5706787109375,-0.00554703667094008
178.75,31.5706787109375,-0.00448470290402514
180,31.5706787109375,-0.00366216537875603
181.25,31.5706787109375,-0.00272369319043741
182.5,31.5706787109375,-0.00304790411067833
183.75,31.5706787109375,-0.00404815458282835
185,31.5706787109375,-0.00517120492515278
186.25,31.5706787109375,-0.00710932397235262
187.5,31.5706787109375,-0.00878502106824538
188.75,31.5706787109375,-0.00868916750414354
190,31.5706787109375,-0.00693241681885155
191.25,31.5706787109375,-0.00416688155047422
192.5,31.5706787109375,-0.000406619470755183
193.75,31.5706787109375,0.00471362495882769
195,31.5706787109375,0.0103653951793633
196.25,31.5706787109375,0.0142938621351167
197.5,31.5706787109375,0.0171251629503055
198.75,31.5706787109375,0.019581220649388
200,31.5706787109375,0.0225301977354337
201.25,31.5706787109375,0.0258036821793067
202.5,31.5706787109375,0.029385148512875
203.75,31.5706787109375,0.0331828498961573
205,31.5706787109375,0.0364833626572917
206.25,31.5706787109375,0.0421268416491829
207.5,31.5706787109375,0.0506962370196461
208.75,31.5706787109375,0.0580321990601452
210,31.5706787109375,0.0620815819778726
211.25,31.5706787109375,0.062149858648686
212.5,31.5706787109375,0.0555382855424135
213.75,31.5706787109375,0.0429073036166064
215,31.5706787109375,0.0303062301611242
216.25,31.5706787109375,0.0207130975677892
217.5,31.5706787109375,0.0123473705913516
218.75,31.5706787109375,0.00524050338142421
220,31.5706787109375,-0.000860683594631099
221.25,31.5706787109375,-0.00560280208750797
222.5,31.5706787109375,-0.00868755057252281
223.75,31.5706787109375,-0.0105365366814605
225,31.5706787109375,-0.0108813120312579
226.25,31.5706787109375,-0.00900586901147431
227.5,31.5706787109375,-0.00503498774814032
228.75,31.5706787109375,0.000241201419365764
230,31.5706787109375,0.00497415711258148
231.25,31.5706787109375,0.00789367004091959
232.5,31.5706787109375,0.00756810188001838
233.75,31.5706787109375,0.00431052862460528
235,31.5706787109375,-0.000213272506926577
236.25,31.5706787109375,-0.00415781904154065
237.5,31.5706787109375,-0.0075906847640184
238.75,31.5706787109375,-0.0115928713718505
240,31.5706787109375,-0.0150474571553705
241.25,31.5706787109375,-0.0164887209048039
242.5,31.5706787109375,-0.0164635417474467
243.75,31.5706787109375,-0.016335412717438
160,32.5130920410156,0.0109928960183036
161.25,32.5130920410156,0.00373298698768263
162.5,32.5130920410156,-0.00422750721294752
163.75,32.5130920410156,-0.0116528954259033
165,32.5130920410156,-0.0171466917198943
166.25,32.5130920410156,-0.0207871350092975
167.5,32.5130920410156,-0.0228069587234715
168.75,32.5130920410156,-0.0233206539503169
170,32.5130920410156,-0.0233353708337019
171.25,32.5130920410156,-0.0228552395524938
172.5,32.5130920410156,-0.0206306403666454
173.75,32.5130920410156,-0.0170981396669637
175,32.5130920410156,-0.0138088908592921
176.25,32.5130920410156,-0.0108813426912449
177.5,32.5130920410156,-0.00801376498976577
178.75,32.5130920410156,-0.00575176510488235
180,32.5130920410156,-0.00405136169535848
181.25,32.5130920410156,-0.00312291879181471
182.5,32.5130920410156,-0.00385975703946307
183.75,32.5130920410156,-0.00414263532419737
185,32.5130920410156,-0.00429018688108161
186.25,32.5130920410156,-0.00631501031297824
187.5,32.5130920410156,-0.00860391039861791
188.75,32.5130920410156,-0.00906365356894883
190,32.5130920410156,-0.00808337937775087
191.25,32.5130920410156,-0.00614985441441298
192.5,32.5130920410156,-0.00265384005074251
193.75,32.5130920410156,0.00252512342806952
195,32.5130920410156,0.0088708780626566
196.25,32.5130920410156,0.0140277842196761
197.5,32.5130920410156,0.0179775413952193
198.75,32.5130920410156,0.0213305376617778
200,32.5130920410156,0.0251059876582018
201.25,32.5130920410156,0.0284914281656949
202.5,32.5130920410156,0.0312813955714408
203.75,32.5130920410156,0.0347374612670353
205,32.5130920410156,0.0388546857682417
206.25,32.5130920410156,0.0457847645430065
207.5,32.5130920410156,0.0567523457453966
208.75,32.5130920410156,0.0692257010934746
210,32.5130920410156,0.0783325375870993
211.25,32.5130920410156,0.0806300445664403
212.5,32.5130920410156,0.0760161472377332
213.75,32.5130920410156,0.064753841912211
215,32.5130920410156,0.0511195484077027
216.25,32.5130920410156,0.0387671187038312
217.5,32.5130920410156,0.0280648869108901
218.75,32.5130920410156,0.0174790834013065
220,32.5130920410156,0.00739531273784919
221.25,32.5130920410156,-0.000822172645520852
222.5,32.5130920410156,-0.00579858696030254
223.75,32.5130920410156,-0.00831710345627718
225,32.5130920410156,-0.00908643723720474
226.25,32.5130920410156,-0.00806238378060035
227.5,32.5130920410156,-0.00513107834727848
228.75,32.5130920410156,-0.000398479232884213
230,32.5130920410156,0.00413909103870824
231.25,32.5130920410156,0.00635169315239627
232.5,32.5130920410156,0.0052843700658288
233.75,32.5130920410156,0.00129464120695789
235,32.5130920410156,-0.00296400253047067
236.25,32.5130920410156,-0.00554601507864515
237.5,32.5130920410156,-0.00816780271159879
238.75,32.5130920410156,-0.0114795235190324
240,32.5130920410156,-0.0137405812609405
241.25,32.5130920410156,-0.0149680666120451
242.5,32.5130920410156,-0.0160076446110804
160,33.4554977416992,0.0266065745608815
161.25,33.4554977416992,0.0213667949330238
162.5,33.4554977416992,0.0133138686752458
163.75,33.4554977416992,0.00428038954343721
165,33.4554977416992,-0.00366353535970337
166.25,33.4554977416992,-0.00966726049591402
167.5,33.4554977416992,-0.0140164750568201
168.75,33.4554977416992,-0.0172779660204878
170,33.4554977416992,-0.0197696775194946
171.25,33.4554977416992,-0.0211738336946711
172.5,33.4554977416992,-0.020396860223999
173.75,33.4554977416992,-0.0184244818018795
175,33.4554977416992,-0.0161088680770278
176.25,33.4554977416992,-0.0133305426943957
177.5,33.4554977416992,-0.00994971720546361
178.75,33.4554977416992,-0.00670551248816567
180,33.4554977416992,-0.00465971357920173
181.25,33.4554977416992,-0.00425010761474987
182.5,33.4554977416992,-0.00503715904678001
183.75,33.4554977416992,-0.00396454393607746
185,33.4554977416992,-0.0024507090230091
186.25,33.4554977416992,-0.00353026495874085
187.5,33.4554977416992,-0.00581911956185691
188.75,33.4554977416992,-0.00717304889963043
190,33.4554977416992,-0.00740444065984269
191.25,33.4554977416992,-0.00647945765841938
192.5,33.4554977416992,-0.00348192027502899
193.75,33.4554977416992,0.00148095907179356
195,33.4554977416992,0.00769712852322322
196.25,33.4554977416992,0.0133667279736681
197.5,33.4554977416992,0.0180071405194157
198.75,33.4554977416992,0.0224855707726275
200,33.4554977416992,0.0271382216105034
201.25,33.4554977416992,0.031562333183534
202.5,33.4554977416992,0.0353538310412681
203.75,33.4554977416992,0.0389895698903205
205,33.4554977416992,0.0432578662849852
206.25,33.4554977416992,0.0497639501364255
207.5,33.4554977416992,0.0611361938699748
208.75,33.4554977416992,0.0755841291709168
210,33.4554977416992,0.0883179212671696
211.25,33.4554977416992,0.0923093337564074
212.5,33.4554977416992,0.0875391200157529
213.75,33.4554977416992,0.0774968568794555
215,33.4554977416992,0.065549100821908
216.25,33.4554977416992,0.0534934483359829
217.5,33.4554977416992,0.0425510670291955
218.75,33.4554977416992,0.0303785253857077
220,33.4554977416992,0.016598289715476
221.25,33.4554977416992,0.00475452559928764
222.5,33.4554977416992,-0.00217096629865776
223.75,33.4554977416992,-0.00508881928053967
225,33.4554977416992,-0.00576690616167019
226.25,33.4554977416992,-0.00523597103959787
227.5,33.4554977416992,-0.00330431496688784
228.75,33.4554977416992,8.64588212896007e-05
230,33.4554977416992,0.00289510413212414
231.25,33.4554977416992,0.0039062440241899
232.5,33.4554977416992,0.00216731262736311
233.75,33.4554977416992,-0.00153909804872948
235,33.4554977416992,-0.00468231330774372
236.25,33.4554977416992,-0.00677204852246212
237.5,33.4554977416992,-0.00978773288652498
238.75,33.4554977416992,-0.012131901228823
240,33.4554977416992,-0.0136482877072307
241.25,33.4554977416992,-0.014705040587618
242.5,33.4554977416992,-0.0151823025277718
160,34.3979034423828,0.0366904810283385
161.25,34.3979034423828,0.0360999457905311
162.5,34.3979034423828,0.0318363526994258
163.75,34.3979034423828,0.0242934332447076
165,34.3979034423828,0.0161453789851361
166.25,34.3979034423828,0.00909432956727502
167.5,34.3979034423828,0.00250968668802877
168.75,34.3979034423828,-0.00437835992714083
170,34.3979034423828,-0.0107418257802759
171.25,34.3979034423828,-0.0151800552412642
172.5,34.3979034423828,-0.016784092355611
173.75,34.3979034423828,-0.0167212404511811
175,34.3979034423828,-0.0157253565921224
176.25,34.3979034423828,-0.013807470623192
177.5,34.3979034423828,-0.0107960672738962
178.75,34.3979034423828,-0.00740295740702092
180,34.3979034423828,-0.00514443032345438
181.25,34.3979034423828,-0.00458186063114178
182.5,34.3979034423828,-0.00466120404241732
183.75,34.3979034423828,-0.00318092716765353
185,34.3979034423828,-0.000711099750943072
186.25,34.3979034423828,-0.000302286387435414
187.5,34.3979034423828,-0.0016761199798049
188.75,34.3979034423828,-0.00276724895510726
190,34.3979034423828,-0.00300087791513245
191.25,34.3979034423828,-0.00247122863860765
192.5,34.3979034423828,-0.000548586425650539
193.75,34.3979034423828,0.00337743713435533
195,34.3979034423828,0.00869432712180008
196.25,34.3979034423828,0.0142682584918174
197.5,34.3979034423828,0.0189769674448531
198.75,34.3979034423828,0.023995527291637
200,34.3979034423828,0.0291451395797968
201.25,34.3979034423828,0.0344393689709705
202.5,34.3979034423828,0.0397855389018656
203.75,34.3979034423828,0.0447343991825441
205,34.3979034423828,0.0494618512793026
206.25,34.3979034423828,0.055506956906519
207.5,34.3979034423828,0.065277123775439
208.75,34.3979034423828,0.0784361451158212
210,34.3979034423828,0.0909330898232727
211.25,34.3979034423828,0.0965656135215684
212.5,34.3979034423828,0.0923350977045006
213.75,34.3979034423828,0.083596876500404
215,34.3979034423828,0.073404861397539
216.25,34.3979034423828,0.0617175920510198
217.5,34.3979034423828,0.0508253057192117
218.75,34.3979034423828,0.0395256004987185
220,34.3979034423828,0.0245377810777578
221.25,34.3979034423828,0.0111542821108563
222.5,34.3979034423828,0.00259024721726958
223.75,34.3979034423828,-0.00124694331426145
225,34.3979034423828,-0.0020822285962225
226.25,34.3979034423828,-0.00170069856750005
227.5,34.3979034423828,-0.000589886252473219
228.75,34.3979034423828,0.00121838300032942
230,34.3979034423828,0.0026905397140809
231.25,34.3979034423828,0.00267302264755404
232.5,34.3979034423828,0.000441859282406875
233.75,34.3979034423828,-0.00291555519684795
235,34.3979034423828,-0.00517636659336188
236.25,34.3979034423828,-0.00778781221035892
237.5,34.3979034423828,-0.0117696379846032
238.75,34.3979034423828,-0.0136908295103256
240,34.3979034423828,-0.014253948028228
241.25,34.3979034423828,-0.0145328211003205
160,35.3403167724609,0.0399632342482167
161.25,35.3403167724609,0.0423873033597983
162.5,35.3403167724609,0.0421613819524277
163.75,35.3403167724609,0.0376629431200733
165,35.3403167724609,0.0310242546321106
166.25,35.3403167724609,0.0243100367094194
167.5,35.3403167724609,0.0174845229378861
168.75,35.3403167724609,0.00985830742866793
170,35.3403167724609,0.00198373960773229
171.25,35.3403167724609,-0.00487958958740842
172.5,35.3403167724609,-0.0093502645820791
173.75,35.3403167724609,-0.0111757698440149
175,35.3403167724609,-0.0117976028075427
176.25,35.3403167724609,-0.0113856217343625
177.5,35.3403167724609,-0.00973050537615142
178.75,35.3403167724609,-0.00739652023244728
180,35.3403167724609,-0.00509628716668564
181.25,35.3403167724609,-0.00389359894234396
182.5,35.3403167724609,-0.00319598478210317
183.75,35.3403167724609,-0.00146637320005312
185,35.3403167724609,0.00141835040520982
186.25,35.3403167724609,0.00333907337548879
187.5,35.3403167724609,0.00282773263584472
188.75,35.3403167724609,0.00229163792490745
190,35.3403167724609,0.00302517418523147
191.25,35.3403167724609,0.00415319172549822
192.5,35.3403167724609,0.00558678444160077
193.75,35.3403167724609,0.00832193756034838
195,35.3403167724609,0.0126877437833376
196.25,35.3403167724609,0.0178921292507361
197.5,35.3403167724609,0.0228567581981611
198.75,35.3403167724609,0.0278408711369833
200,35.3403167724609,0.0328775187239161
201.25,35.3403167724609,0.0383426593196618
202.5,35.3403167724609,0.044263085660971
203.75,35.3403167724609,0.0500635128272863
205,35.3403167724609,0.0553492164519229
206.25,35.3403167724609,0.0607695462360119
207.5,35.3403167724609,0.068243916395685
208.75,35.3403167724609,0.0788235434230439
210,35.3403167724609,0.089207021126767
211.25,35.3403167724609,0.0947554629544853
212.5,35.3403167724609,0.092052080630665
213.75,35.3403167724609,0.0841028890813545
215,35.3403167724609,0.0746267552546241
216.25,35.3403167724609,0.0640885091417925
217.5,35.3403167724609,0.0539232635407109
218.75,35.3403167724609,0.0436912486752997
220,35.3403167724609,0.0303199879420181
221.25,35.3403167724609,0.0166689910141968
222.5,35.3403167724609,0.00733564421789094
223.75,35.3403167724609,0.00300574717863899
225,35.3403167724609,0.00192393714804933
226.25,35.3403167724609,0.00188327271698658
227.5,35.3403167724609,0.00199134963124108
228.75,35.3403167724609,0.00271969839420967
230,35.3403167724609,0.00383764707769726
231.25,35.3403167724609,0.00335475058953447
232.5,35.3403167724609,0.000338248639998991
233.75,35.3403167724609,-0.00278956238204937
235,35.3403167724609,-0.00463492748033323
236.25,35.3403167724609,-0.00807160614150749
237.5,35.3403167724609,-0.0133374701929212
238.75,35.3403167724609,-0.0149652668026566
240,35.3403167724609,-0.0146872209404104
160,36.2827224731445,0.0435871756432677
161.25,36.2827224731445,0.0487278280143064
162.5,36.2827224731445,0.051606312103127
163.75,36.2827224731445,0.0507074091757491
165,36.2827224731445,0.0470105967680828
166.25,36.2827224731445,0.0414376608632464
167.5,36.2827224731445,0.0348714967039595
168.75,36.2827224731445,0.0271558158996958
170,36.2827224731445,0.0183045335494656
171.25,36.2827224731445,0.00934882439243786
172.5,36.2827224731445,0.00212239276171041
173.75,36.2827224731445,-0.00195870137692946
175,36.2827224731445,-0.00496449067027349
176.25,36.2827224731445,-0.00639052340531526
177.5,36.2827224731445,-0.00622636534113587
178.75,36.2827224731445,-0.00519693336245024
180,36.2827224731445,-0.00338390285340278
181.25,36.2827224731445,-0.00178942917915769
182.5,36.2827224731445,-0.000582179364214203
183.75,36.2827224731445,0.00127600323016239
185,36.2827224731445,0.00468504508781973
186.25,36.2827224731445,0.00797844716397222
187.5,36.2827224731445,0.00894047384626953
188.75,36.2827224731445,0.00851542933993001
190,36.2827224731445,0.00983647036684707
191.25,36.2827224731445,0.0117197356123859
192.5,36.2827224731445,0.0126972038785809
193.75,36.2827224731445,0.0143649509964825
195,36.2827224731445,0.0181654761514516
196.25,36.2827224731445,0.0231788483400461
197.5,36.2827224731445,0.0285600278732458
198.75,36.2827224731445,0.0335267950641785
200,36.2827224731445,0.0385155306738082
201.25,36.2827224731445,0.0439575834677022
202.5,36.2827224731445,0.0499756825244297
203.75,36.2827224731445,0.0559770142004279
205,36.2827224731445,0.0612319745361661
206.25,36.2827224731445,0.0658831545428266
207.5,36.2827224731445,0.0714291522524858
208.75,36.2827224731445,0.0786701320847605
210,36.2827224731445,0.0869620351414261
211.25,36.2827224731445,0.0920001458222791
212.5,36.2827224731445,0.090129027639802
213.75,36.2827224731445,0.0819938281884357
215,36.2827224731445,0.0712340154752569
216.25,36.2827224731445,0.0611671218598072
217.5,36.2827224731445,0.0529119954074837
218.75,36.2827224731445,0.04426178958414
220,36.2827224731445,0.0333373412873271
221.25,36.2827224731445,0.0206084652001244
222.5,36.2827224731445,0.0114530330214804
223.75,36.2827224731445,0.00694731996044451
225,36.2827224731445,0.00572978996162921
226.25,36.2827224731445,0.00536101479221132
227.5,36.2827224731445,0.00447663826690058
228.75,36.2827224731445,0.00478064141186921
230,36.2827224731445,0.00637377501552024
231.25,36.2827224731445,0.00594461891075056
232.5,36.2827224731445,0.00198960701498917
233.75,36.2827224731445,-0.00181321183337427
235,36.2827224731445,-0.00441008345914285
236.25,36.2827224731445,-0.00941967454661479
237.5,36.2827224731445,-0.0145222837511911
238.75,36.2827224731445,-0.0159710390813414
160,37.2251281738281,0.0502278865549528
161.25,37.2251281738281,0.0573312861955248
162.5,37.2251281738281,0.0614458918592435
163.75,37.2251281738281,0.0617634289753212
165,37.2251281738281,0.0601975725911453
166.25,37.2251281738281,0.0567776884655639
167.5,37.2251281738281,0.0516241492849359
168.75,37.2251281738281,0.0442588220384149
170,37.2251281738281,0.0353275432056779
171.25,37.2251281738281,0.0271481264092922
172.5,37.2251281738281,0.0199262058455224
173.75,37.2251281738281,0.0137500460117569
175,37.2251281738281,0.0078841344784688
176.25,37.2251281738281,0.00374348781591334
177.5,37.2251281738281,0.00159578560434722
178.75,37.2251281738281,0.000745860253560522
180,37.2251281738281,0.00130292248158904
181.25,37.2251281738281,0.00259823221591643
182.5,37.2251281738281,0.00358207164382887
183.75,37.2251281738281,0.00504290633425157
185,37.2251281738281,0.00855361043498363
186.25,37.2251281738281,0.0125950308515004
187.5,37.2251281738281,0.0143104005349522
188.75,37.2251281738281,0.014259957649976
190,37.2251281738281,0.0159267833276523
191.25,37.2251281738281,0.0182551143985657
192.5,37.2251281738281,0.0195202893380024
193.75,37.2251281738281,0.0217086158471307
195,37.2251281738281,0.0256110390433888
196.25,37.2251281738281,0.0304773162830474
197.5,37.2251281738281,0.0358220444401808
198.75,37.2251281738281,0.0403169525642782
200,37.2251281738281,0.0447186305755857
201.25,37.2251281738281,0.0497992027525493
202.5,37.2251281738281,0.055424066618194
203.75,37.2251281738281,0.0611959118255943
205,37.2251281738281,0.0665295356001238
206.25,37.2251281738281,0.0711103976411021
207.5,37.2251281738281,0.0754658422841878
208.75,37.2251281738281,0.0802679552758541
210,37.2251281738281,0.0862493919868408
211.25,37.2251281738281,0.0897788867008901
212.5,37.2251281738281,0.0876715402874209
213.75,37.2251281738281,0.0791700351135328
215,37.2251281738281,0.0674211372614012
216.25,37.2251281738281,0.0574474392875817
217.5,37.2251281738281,0.0506550292972862
218.75,37.2251281738281,0.0433422787599547
220,37.2251281738281,0.0336989620586334
221.25,37.2251281738281,0.0229536588250166
222.5,37.2251281738281,0.014382870605983
223.75,37.2251281738281,0.0100712835602244
225,37.2251281738281,0.00877119599980682
226.25,37.2251281738281,0.00788018722985737
227.5,37.2251281738281,0.00615985350777746
228.75,37.2251281738281,0.00672969216672691
230,37.2251281738281,0.00955597439436799
231.25,37.2251281738281,0.00966719666813955
232.5,37.2251281738281,0.00516391911001031
233.75,37.2251281738281,-0.00050945709596939
235,37.2251281738281,-0.005197377548921
236.25,37.2251281738281,-0.0110534667831734
237.5,37.2251281738281,-0.0146448723440885
238.75,37.2251281738281,-0.0160856198381288
160,38.1675415039062,0.0597795667244808
161.25,38.1675415039062,0.0668844961640035
162.5,38.1675415039062,0.0713696366486288
163.75,38.1675415039062,0.0714764256916687
165,38.1675415039062,0.0698944396127135
166.25,38.1675415039062,0.0668603076921819
167.5,38.1675415039062,0.0622742785329951
168.75,38.1675415039062,0.0552453735239153
170,38.1675415039062,0.0470092635547473
171.25,38.1675415039062,0.0406421010042451
172.5,38.1675415039062,0.035039100450096
173.75,38.1675415039062,0.0281090072256166
175,38.1675415039062,0.0204977741514816
176.25,38.1675415039062,0.0146393976303994
177.5,38.1675415039062,0.0112288272910324
178.75,38.1675415039062,0.009862315238137
180,38.1675415039062,0.0100064610708353
181.25,38.1675415039062,0.0107258907034205
182.5,38.1675415039062,0.0112465818396703
183.75,38.1675415039062,0.0121765099262337
185,38.1675415039062,0.014753193743432
186.25,38.1675415039062,0.0181400162749741
187.5,38.1675415039062,0.0198522123506377
188.75,38.1675415039062,0.0201161103388567
190,38.1675415039062,0.0212926349856755
191.25,38.1675415039062,0.0228184539019875
192.5,38.1675415039062,0.0239451659125563
193.75,38.1675415039062,0.0267899686896933
195,38.1675415039062,0.0316176230428961
196.25,38.1675415039062,0.0369249747027272
197.5,38.1675415039062,0.0422232717506956
198.75,38.1675415039062,0.0473253715752127
200,38.1675415039062,0.0516363465049388
201.25,38.1675415039062,0.0557517521572327
202.5,38.1675415039062,0.060404111944366
203.75,38.1675415039062,0.0653739636991683
205,38.1675415039062,0.0704498547044967
206.25,38.1675415039062,0.0753005482590534
207.5,38.1675415039062,0.0795827079243941
208.75,38.1675415039062,0.0834938174368334
210,38.1675415039062,0.0868998134866335
211.25,38.1675415039062,0.0878125555685568
212.5,38.1675415039062,0.0839147982206033
213.75,38.1675415039062,0.0748685783068749
215,38.1675415039062,0.0635701606833146
216.25,38.1675415039062,0.054297742118099
217.5,38.1675415039062,0.048200239717563
218.75,38.1675415039062,0.0414254593692754
220,38.1675415039062,0.0324037220340138
221.25,38.1675415039062,0.0232593621709457
222.5,38.1675415039062,0.0159680247019526
223.75,38.1675415039062,0.0123324204198894
225,38.1675415039062,0.0110534837511464
226.25,38.1675415039062,0.00943037198230677
227.5,38.1675415039062,0.00701417910950842
228.75,38.1675415039062,0.00762364271240429
230,38.1675415039062,0.0116052033545674
231.25,38.1675415039062,0.0124325628674035
232.5,38.1675415039062,0.00782311816063921
233.75,38.1675415039062,0.000125827648741237
235,38.1675415039062,-0.00696295797966233
236.25,38.1675415039062,-0.0116832536307531
237.5,38.1675415039062,-0.0145711383084575
160,39.1099548339844,0.0682216443660351
161.25,39.1099548339844,0.0706124616513833
162.5,39.1099548339844,0.0724910954688105
163.75,39.1099548339844,0.0714708583148182
165,39.1099548339844,0.0695125699139141
166.25,39.1099548339844,0.0664109334334588
167.5,39.1099548339844,0.061811319083613
168.75,39.1099548339844,0.0553331355272503
170,39.1099548339844,0.0485050368428274
171.25,39.1099548339844,0.0445614053454786
172.5,39.1099548339844,0.0420319783285788
173.75,39.1099548339844,0.0370303202977057
175,39.1099548339844,0.0304380903791943
176.25,39.1099548339844,0.0241385958786236
177.5,39.1099548339844,0.0205476080449682
178.75,39.1099548339844,0.0197834736879775
180,39.1099548339844,0.0199451277788321
181.25,39.1099548339844,0.0199251022938085
182.5,39.1099548339844,0.019919937053653
183.75,39.1099548339844,0.0204164557957189
185,39.1099548339844,0.021826821527376
186.25,39.1099548339844,0.023771930388629
187.5,39.1099548339844,0.0251556996746192
188.75,39.1099548339844,0.025930186377131
190,39.1099548339844,0.0266020317485758
191.25,39.1099548339844,0.0270436385556404
192.5,39.1099548339844,0.027792736497991
193.75,39.1099548339844,0.031251081062698
195,39.1099548339844,0.0364510821860023
196.25,39.1099548339844,0.0415532374840098
197.5,39.1099548339844,0.0464266235857646
198.75,39.1099548339844,0.0515338568967435
200,39.1099548339844,0.0561073569299338
201.25,39.1099548339844,0.0599160843870586
202.5,39.1099548339844,0.0642312634385771
203.75,39.1099548339844,0.0691885743356126
205,39.1099548339844,0.074304949046646
206.25,39.1099548339844,0.079242790671974
207.5,39.1099548339844,0.0833540178469162
208.75,39.1099548339844,0.0861701256103434
210,39.1099548339844,0.0871816960904999
211.25,39.1099548339844,0.0858997074347145
212.5,39.1099548339844,0.0806281821930249
213.75,39.1099548339844,0.0709288814161716
215,39.1099548339844,0.0599579929899443
216.25,39.1099548339844,0.0512700614032031
217.5,39.1099548339844,0.0450567801304844
218.75,39.1099548339844,0.0384485215713309
220,39.1099548339844,0.0304344613251014
221.25,39.1099548339844,0.0228726525915674
222.5,39.1099548339844,0.0171806988903516
223.75,39.1099548339844,0.0142195600417437
225,39.1099548339844,0.0132187521421031
226.25,39.1099548339844,0.0112746695661869
227.5,39.1099548339844,0.00821240415537317
228.75,39.1099548339844,0.00785570413895229
230,39.1099548339844,0.011695215916455
231.25,39.1099548339844,0.0127814519347457
232.5,39.1099548339844,0.00806094272738956
233.75,39.1099548339844,-0.000203153475286849
235,39.1099548339844,-0.00813590635780967
236.25,39.1099548339844,-0.0114945983579769
160,40.0523529052734,0.0639109733857391
161.25,40.0523529052734,0.0657684694781662
162.5,40.0523529052734,0.0641660473233914
163.75,40.0523529052734,0.0606223537126859
165,40.0523529052734,0.0589896514579536
166.25,40.0523529052734,0.0576649372821051
167.5,40.0523529052734,0.0540802292391458
168.75,40.0523529052734,0.0474511491586488
170,40.0523529052734,0.040678232070256
171.25,40.0523529052734,0.037575551846962
172.5,40.0523529052734,0.036010576878917
173.75,40.0523529052734,0.0325399387520568
175,40.0523529052734,0.0280853601241006
176.25,40.0523529052734,0.0241870214024023
177.5,40.0523529052734,0.0233320544769953
178.75,40.0523529052734,0.0250213931478028
180,40.0523529052734,0.0266776178348377
181.25,40.0523529052734,0.0278766463455025
182.5,40.0523529052734,0.0285896057305004
183.75,40.0523529052734,0.0289890367620355
185,40.0523529052734,0.0294739567616862
186.25,40.0523529052734,0.0298969877934598
187.5,40.0523529052734,0.0302622753750466
188.75,40.0523529052734,0.0306615911358973
190,40.0523529052734,0.0306881728496305
191.25,40.0523529052734,0.0306070672169181
192.5,40.0523529052734,0.0318927388502628
193.75,40.0523529052734,0.0361546272224706
195,40.0523529052734,0.0417678118364202
196.25,40.0523529052734,0.0467435062222788
197.5,40.0523529052734,0.0505166823821773
198.75,40.0523529052734,0.0543279870989917
200,40.0523529052734,0.0585865468346363
201.25,40.0523529052734,0.0621978652017573
202.5,40.0523529052734,0.0666057389680944
203.75,40.0523529052734,0.0719616955333408
205,40.0523529052734,0.0771969556295456
206.25,40.0523529052734,0.0817303850597524
207.5,40.0523529052734,0.0850843004994165
208.75,40.0523529052734,0.0863877348483423
210,40.0523529052734,0.0851692579425582
211.25,40.0523529052734,0.0821966894718657
212.5,40.0523529052734,0.0763833373795172
213.75,40.0523529052734,0.0672426100331723
215,40.0523529052734,0.0573184884438318
216.25,40.0523529052734,0.0488338901334331
217.5,40.0523529052734,0.0416549152042574
218.75,40.0523529052734,0.0347786353572994
220,40.0523529052734,0.0282219300715593
221.25,40.0523529052734,0.0224810705349043
222.5,40.0523529052734,0.0180050299870068
223.75,40.0523529052734,0.0154679949947328
225,40.0523529052734,0.0143535452845891
226.25,40.0523529052734,0.0125923353714637
227.5,40.0523529052734,0.00999630004313896
228.75,40.0523529052734,0.00857841506528469
230,40.0523529052734,0.0104434797187619
231.25,40.0523529052734,0.01146310123071
232.5,40.0523529052734,0.00748144614195415
233.75,40.0523529052734,0.00111941602054474
235,40.0523529052734,-0.00453030203565871
236.25,40.0523529052734,-0.00908049114406219
160,40.9947662353516,0.0477583608401977
161.25,40.9947662353516,0.0523277008009577
162.5,40.9947662353516,0.0511582115800604
163.75,40.9947662353516,0.046227320312392
165,40.9947662353516,0.0441999975570728
166.25,40.9947662353516,0.0442035329100585
167.5,40.9947662353516,0.0420747702269732
168.75,40.9947662353516,0.0349977353167658
170,40.9947662353516,0.0277059441514177
171.25,40.9947662353516,0.0251506881534737
172.5,40.9947662353516,0.0230785746409106
173.75,40.9947662353516,0.0194917244942759
175,40.9947662353516,0.017281546772595
176.25,40.9947662353516,0.0166213841844583
177.5,40.9947662353516,0.0193255601709451
178.75,40.9947662353516,0.0230736310851662
180,40.9947662353516,0.025936824125596
181.25,40.9947662353516,0.0286369270246749
182.5,40.9947662353516,0.0311229826983929
183.75,40.9947662353516,0.0331919686292165
185,40.9947662353516,0.034999675078598
186.25,40.9947662353516,0.0360051291660574
187.5,40.9947662353516,0.0362389106098042
188.75,40.9947662353516,0.0360810400694656
190,40.9947662353516,0.0357239224118885
191.25,40.9947662353516,0.0359287300774404
192.5,40.9947662353516,0.0378936658885352
193.75,40.9947662353516,0.0421756955737901
195,40.9947662353516,0.047620059015916
196.25,40.9947662353516,0.0520620197106605
197.5,40.9947662353516,0.0544799821742697
198.75,40.9947662353516,0.0563001836996506
200,40.9947662353516,0.0590479413546449
201.25,40.9947662353516,0.0625007902564612
202.5,40.9947662353516,0.0669817233713345
203.75,40.9947662353516,0.0721515804785893
205,40.9947662353516,0.0765544813941875
206.25,40.9947662353516,0.079572059287843
207.5,40.9947662353516,0.0814665704853447
208.75,40.9947662353516,0.0815127774524952
210,40.9947662353516,0.0788618490160703
211.25,40.9947662353516,0.0745245471202838
212.5,40.9947662353516,0.069341611692422
213.75,40.9947662353516,0.0619596473164845
215,40.9947662353516,0.0538584264655366
216.25,40.9947662353516,0.0458641057217592
217.5,40.9947662353516,0.0383556379266442
218.75,40.9947662353516,0.0315455784314043
220,40.9947662353516,0.0258436224031484
221.25,40.9947662353516,0.0210540859093381
222.5,40.9947662353516,0.0173022333137939
223.75,40.9947662353516,0.0149758815880135
225,40.9947662353516,0.0136135227166313
226.25,40.9947662353516,0.012032807054855
227.5,40.9947662353516,0.0102695297196091
228.75,40.9947662353516,0.0086944841116766
230,40.9947662353516,0.00859702091228919
231.25,40.9947662353516,0.00902774216460973
232.5,40.9947662353516,0.00651895768267422
233.75,40.9947662353516,0.00301274996782324
235,40.9947662353516,7.4383508865831e-05
236.25,40.9947662353516,0.000329148680405495
160,41.9371795654297,0.0362166328309422
161.25,41.9371795654297,0.0414755219468797
162.5,41.9371795654297,0.0421319872903983
163.75,41.9371795654297,0.037432707696576
165,41.9371795654297,0.0340258643644699
166.25,41.9371795654297,0.0328340872980102
167.5,41.9371795654297,0.0305309303026772
168.75,41.9371795654297,0.0243343661945397
170,41.9371795654297,0.0169540798458852
171.25,41.9371795654297,0.01239782400226
172.5,41.9371795654297,0.0115627421640106
173.75,41.9371795654297,0.009982587792211
175,41.9371795654297,0.00834351543479381
176.25,41.9371795654297,0.00995241528155421
177.5,41.9371795654297,0.0151113102345076
178.75,41.9371795654297,0.0191870182943722
180,41.9371795654297,0.0228181199121572
181.25,41.9371795654297,0.0268820110609035
182.5,41.9371795654297,0.0307219749121031
183.75,41.9371795654297,0.0341585794225506
185,41.9371795654297,0.0373433520984124
186.25,41.9371795654297,0.0396560040501905
187.5,41.9371795654297,0.0408613540315142
188.75,41.9371795654297,0.041287491738721
190,41.9371795654297,0.0418893945301319
191.25,41.9371795654297,0.0428920475163307
192.5,41.9371795654297,0.0449954947464049
193.75,41.9371795654297,0.0488309387993701
195,41.9371795654297,0.0533304778339117
196.25,41.9371795654297,0.0565188889568923
197.5,41.9371795654297,0.0570286442873726
198.75,41.9371795654297,0.0561885510250284
200,41.9371795654297,0.0565332164213637
201.25,41.9371795654297,0.0586024983571648
202.5,41.9371795654297,0.0619018781241506
203.75,41.9371795654297,0.0651177073814757
205,41.9371795654297,0.0674422353930123
206.25,41.9371795654297,0.0691518963563133
207.5,41.9371795654297,0.0707177476383312
208.75,41.9371795654297,0.0713484077593018
210,41.9371795654297,0.0695339496202011
211.25,41.9371795654297,0.0658362236036515
212.5,41.9371795654297,0.0612300950802064
213.75,41.9371795654297,0.0554050232318335
215,41.9371795654297,0.0485226681704579
216.25,41.9371795654297,0.0418533932745553
217.5,41.9371795654297,0.0350335799620039
218.75,41.9371795654297,0.0286508522710716
220,41.9371795654297,0.0233896856123467
221.25,41.9371795654297,0.0189490418513338
222.5,41.9371795654297,0.0151844851704138
223.75,41.9371795654297,0.0124473365954095
225,41.9371795654297,0.0108855912701753
226.25,41.9371795654297,0.0097124923661698
227.5,41.9371795654297,0.0086543953280557
228.75,41.9371795654297,0.00735897171580872
230,41.9371795654297,0.0063660536611847
231.25,41.9371795654297,0.00568718297330323
232.5,41.9371795654297,0.00396032518138039
233.75,41.9371795654297,0.00370934059999134
235,41.9371795654297,0.00479296800506044
236.25,41.9371795654297,0.00558582809785262
160,42.8795776367188,0.0312551206844977
161.25,42.8795776367188,0.0359308228792555
162.5,42.8795776367188,0.0381610992689738
163.75,42.8795776367188,0.0351307478965271
165,42.8795776367188,0.0307408090681653
166.25,42.8795776367188,0.0266890656701684
167.5,42.8795776367188,0.0220501120455363
168.75,42.8795776367188,0.0155720354002157
170,42.8795776367188,0.00800896265631461
171.25,42.8795776367188,0.00144458152526002
172.5,42.8795776367188,-0.000111172978430168
173.75,42.8795776367188,0.000768145305854608
175,42.8795776367188,0.00204944795524092
176.25,42.8795776367188,0.00665409708169766
177.5,42.8795776367188,0.0121584794699598
178.75,42.8795776367188,0.0166558556365645
180,42.8795776367188,0.021359637958925
181.25,42.8795776367188,0.0263738560339485
182.5,42.8795776367188,0.0308947441047479
183.75,42.8795776367188,0.0346719930398144
185,42.8795776367188,0.038186945973572
186.25,42.8795776367188,0.0416205979791367
187.5,42.8795776367188,0.0446687207635045
188.75,42.8795776367188,0.0468605413740125
190,42.8795776367188,0.0480153426001209
191.25,42.8795776367188,0.0481347830082059
192.5,42.8795776367188,0.0485911745681523
193.75,42.8795776367188,0.0505621726417239
195,42.8795776367188,0.0531143549918226
196.25,42.8795776367188,0.0542893678500527
197.5,42.8795776367188,0.052529686007232
198.75,42.8795776367188,0.0488304807283597
200,42.8795776367188,0.046724668277437
201.25,42.8795776367188,0.047470558880844
202.5,42.8795776367188,0.0496532525042
203.75,42.8795776367188,0.0516885472311395
205,42.8795776367188,0.0531823974095319
206.25,42.8795776367188,0.0544574925307788
207.5,42.8795776367188,0.0560111416983662
208.75,42.8795776367188,0.0576252641870495
210,42.8795776367188,0.0584695577555956
211.25,42.8795776367188,0.0571742873204118
212.5,42.8795776367188,0.0538186116320489
213.75,42.8795776367188,0.0490088994906556
215,42.8795776367188,0.0436100418181607
216.25,42.8795776367188,0.0376810166906564
217.5,42.8795776367188,0.0316828674111319
218.75,42.8795776367188,0.0258968627709205
220,42.8795776367188,0.0208585742249934
221.25,42.8795776367188,0.0165494888697487
222.5,42.8795776367188,0.0126563296565717
223.75,42.8795776367188,0.0093909445055371
225,42.8795776367188,0.00732224609053924
226.25,42.8795776367188,0.00626843844343854
227.5,42.8795776367188,0.00587961884788429
228.75,42.8795776367188,0.00489657384376977
230,42.8795776367188,0.00376616974438142
231.25,42.8795776367188,0.00261062970797049
232.5,42.8795776367188,0.00097289421988764
233.75,42.8795776367188,0.0024879110377848
235,42.8795776367188,0.00750551034713679
236.25,42.8795776367188,0.00962623879645278
160,43.8219909667969,0.0285253026453634
161.25,43.8219909667969,0.0343153563638063
162.5,43.8219909667969,0.0362671683869185
163.75,43.8219909667969,0.033670858563712
165,43.8219909667969,0.0298783463954039
166.25,43.8219909667969,0.0251966559889748
167.5,43.8219909667969,0.0200270733522745
168.75,43.8219909667969,0.0139496759044046
170,43.8219909667969,0.00589636221758182
171.25,43.8219909667969,-0.00290548874675215
172.5,43.8219909667969,-0.00844179918325197
173.75,43.8219909667969,-0.00803208817040454
175,43.8219909667969,-0.0037629474590044
176.25,43.8219909667969,0.00198869997655941
177.5,43.8219909667969,0.0068101795467017
178.75,43.8219909667969,0.0120194063614487
180,43.8219909667969,0.0185160275886869
181.25,43.8219909667969,0.0255608840173264
182.5,43.8219909667969,0.0317990249483732
183.75,43.8219909667969,0.036308215158568
185,43.8219909667969,0.0397360102603914
186.25,43.8219909667969,0.0435587740768315
187.5,43.8219909667969,0.0474264403541308
188.75,43.8219909667969,0.0500441443547547
190,43.8219909667969,0.0506570134924597
191.25,43.8219909667969,0.0488911153263252
192.5,43.8219909667969,0.0468225355957565
193.75,43.8219909667969,0.0464808280749722
195,43.8219909667969,0.0471432974419357
196.25,43.8219909667969,0.0466203323441655
197.5,43.8219909667969,0.0430235826808591
198.75,43.8219909667969,0.037515082559844
200,43.8219909667969,0.033122779422854
201.25,43.8219909667969,0.031806443141185
202.5,43.8219909667969,0.0324789989829413
203.75,43.8219909667969,0.0345804748473557
205,43.8219909667969,0.0373835055378894
206.25,43.8219909667969,0.0404853514104991
207.5,43.8219909667969,0.0437463400370889
208.75,43.8219909667969,0.0473147107950456
210,43.8219909667969,0.049972845592859
211.25,43.8219909667969,0.0500810744454235
212.5,43.8219909667969,0.0475434569389621
213.75,43.8219909667969,0.0435869634887204
215,43.8219909667969,0.0392471568573219
216.25,43.8219909667969,0.0345144738254511
217.5,43.8219909667969,0.0294408551892499
218.75,43.8219909667969,0.0241051926861993
220,43.8219909667969,0.0187861611750264
221.25,43.8219909667969,0.0142537156581987
222.5,43.8219909667969,0.0101360765835578
223.75,43.8219909667969,0.00640723107110188
225,43.8219909667969,0.00399722833436663
226.25,43.8219909667969,0.00302250935986925
227.5,43.8219909667969,0.00256498217006445
228.75,43.8219909667969,0.00154519778670413
230,43.8219909667969,0.000485000213177239
231.25,43.8219909667969,-0.000355206100380169
232.5,43.8219909667969,-0.00145296899548259
233.75,43.8219909667969,-2.66315559335402e-05
235,43.8219909667969,0.0062759077517198
236.25,43.8219909667969,0.0102334454445368
160,44.764404296875,0.0314646508299778
161.25,44.764404296875,0.0373886186602015
162.5,44.764404296875,0.0360771788122748
163.75,44.764404296875,0.0312976360153354
165,44.764404296875,0.0273462227165452
166.25,44.764404296875,0.0238641548236955
167.5,44.764404296875,0.020552408276403
168.75,44.764404296875,0.0162870431485665
170,44.764404296875,0.0083086807360014
171.25,44.764404296875,-0.00246112885889413
172.5,44.764404296875,-0.010324737506234
173.75,44.764404296875,-0.0103151934020282
175,44.764404296875,-0.00595262795650506
176.25,44.764404296875,-0.000860271452337501
177.5,44.764404296875,0.00378543943434304
178.75,44.764404296875,0.00916093270850272
180,44.764404296875,0.0163769776106077
181.25,44.764404296875,0.0249485859696891
182.5,44.764404296875,0.0330636509113264
183.75,44.764404296875,0.0393655085801938
185,44.764404296875,0.0438265648289774
186.25,44.764404296875,0.047436718633724
187.5,44.764404296875,0.0502043442789698
188.75,44.764404296875,0.0512048403611753
190,44.764404296875,0.049828618280012
191.25,44.764404296875,0.0458124805342225
192.5,44.764404296875,0.0411422678685077
193.75,44.764404296875,0.0387909585371867
195,44.764404296875,0.0378222498733008
196.25,44.764404296875,0.0353349508013186
197.5,44.764404296875,0.0303986942357373
198.75,44.764404296875,0.0246993528628137
200,44.764404296875,0.0205443661026852
201.25,44.764404296875,0.0193886913111734
202.5,44.764404296875,0.020430979828223
203.75,44.764404296875,0.0225389621324571
205,44.764404296875,0.0255338005042724
206.25,44.764404296875,0.029407168193429
207.5,44.764404296875,0.0345339016211165
208.75,44.764404296875,0.0401722778228502
210,44.764404296875,0.0444981105427256
211.25,44.764404296875,0.0457309503148068
212.5,44.764404296875,0.0437765832366718
213.75,44.764404296875,0.0398672870570473
215,44.764404296875,0.035596208560362
216.25,44.764404296875,0.0317754959110532
217.5,44.764404296875,0.0278494762743793
218.75,44.764404296875,0.0228403026996291
220,44.764404296875,0.0175252997561075
221.25,44.764404296875,0.0126099117063634
222.5,44.764404296875,0.00782227330663776
223.75,44.764404296875,0.00355514380269501
225,44.764404296875,0.000847803643750589
226.25,44.764404296875,-0.000521073749435849
227.5,44.764404296875,-0.00147733611269747
228.75,44.764404296875,-0.00276433244380795
230,44.764404296875,-0.00385897840619985
231.25,44.764404296875,-0.00382865665262046
232.5,44.764404296875,-0.00364510695339216
233.75,44.764404296875,-0.00232382832162474
235,44.764404296875,0.00223551438537474
236.25,44.764404296875,0.00559746136088166
160,45.7068023681641,0.0322305139259376
161.25,45.7068023681641,0.031219232984669
162.5,45.7068023681641,0.0260014695774055
163.75,45.7068023681641,0.0229479695787896
165,45.7068023681641,0.022783236422954
166.25,45.7068023681641,0.022709628312754
167.5,45.7068023681641,0.0217779677709582
168.75,45.7068023681641,0.0187217654517229
170,45.7068023681641,0.0114296101886844
171.25,45.7068023681641,0.00120112660563786
172.5,45.7068023681641,-0.00678897686808142
173.75,45.7068023681641,-0.00896195401253217
175,45.7068023681641,-0.0066899399170627
176.25,45.7068023681641,-0.00237673037160944
177.5,45.7068023681641,0.00263445836086466
178.75,45.7068023681641,0.0092734167819626
180,45.7068023681641,0.0174449879767325
181.25,45.7068023681641,0.026751495668933
182.5,45.7068023681641,0.0354932225235298
183.75,45.7068023681641,0.0427450939092854
185,45.7068023681641,0.0480235022165392
186.25,45.7068023681641,0.0512511438176447
187.5,45.7068023681641,0.0523498893144445
188.75,45.7068023681641,0.0511350924415496
190,45.7068023681641,0.0471431605769813
191.25,45.7068023681641,0.0409444154404898
192.5,45.7068023681641,0.0347311620896589
193.75,45.7068023681641,0.0312994175569661
195,45.7068023681641,0.0294170248297321
196.25,45.7068023681641,0.0255327454142568
197.5,45.7068023681641,0.0197158444590945
198.75,45.7068023681641,0.0144396044537847
200,45.7068023681641,0.011482348459096
201.25,45.7068023681641,0.0113978656058972
202.5,45.7068023681641,0.0133685061000309
203.75,45.7068023681641,0.0163490403631648
205,45.7068023681641,0.0199511110028979
206.25,45.7068023681641,0.0243688668819349
207.5,45.7068023681641,0.0302921459994495
208.75,45.7068023681641,0.0363488684274695
210,45.7068023681641,0.0408751635129461
211.25,45.7068023681641,0.0424986067854109
212.5,45.7068023681641,0.041041865546636
213.75,45.7068023681641,0.0373439019941493
215,45.7068023681641,0.0330061135801685
216.25,45.7068023681641,0.0289756031948578
217.5,45.7068023681641,0.0251619211326851
218.75,45.7068023681641,0.0210023738733532
220,45.7068023681641,0.0158861872082713
221.25,45.7068023681641,0.0105418391889295
222.5,45.7068023681641,0.00548743275323293
223.75,45.7068023681641,0.000869661879712934
225,45.7068023681641,-0.00257275538427478
226.25,45.7068023681641,-0.00483303267379124
227.5,45.7068023681641,-0.00663862857254164
228.75,45.7068023681641,-0.00820283825297924
230,45.7068023681641,-0.00868249833720909
231.25,45.7068023681641,-0.0077500740307108
232.5,45.7068023681641,-0.00567476884475245
233.75,45.7068023681641,-0.00306262569243244
235,45.7068023681641,-0.000691441041060695
236.25,45.7068023681641,0.000722550061437447
160,46.6492156982422,0.02979239391866
161.25,46.6492156982422,0.0256386924236549
162.5,46.6492156982422,0.0193725726746903
163.75,46.6492156982422,0.0164128560339189
165,46.6492156982422,0.0186872400833956
166.25,46.6492156982422,0.0201952885641755
167.5,46.6492156982422,0.0187398393082154
168.75,46.6492156982422,0.0149334331708117
170,46.6492156982422,0.00875744866655442
171.25,46.6492156982422,0.0011028387860494
172.5,46.6492156982422,-0.00589808085792212
173.75,46.6492156982422,-0.0095399738061567
175,46.6492156982422,-0.00865807492370094
176.25,46.6492156982422,-0.00468682830432899
177.5,46.6492156982422,0.00124147335485177
178.75,46.6492156982422,0.00939290182592094
180,46.6492156982422,0.0196729589424624
181.25,46.6492156982422,0.0297483635001937
182.5,46.6492156982422,0.0384328543357906
183.75,46.6492156982422,0.0452697074645889
185,46.6492156982422,0.0500429436756961
186.25,46.6492156982422,0.0522231665839469
187.5,46.6492156982422,0.0516402973064966
188.75,46.6492156982422,0.048776370748106
190,46.6492156982422,0.0432281625331205
191.25,46.6492156982422,0.0354461443759622
192.5,46.6492156982422,0.0282837811000514
193.75,46.6492156982422,0.023504350463215
195,46.6492156982422,0.0197227054476797
196.25,46.6492156982422,0.015598429126182
197.5,46.6492156982422,0.0118286527966311
198.75,46.6492156982422,0.0100734033489654
200,46.6492156982422,0.00972159793012335
201.25,46.6492156982422,0.0105772850411169
202.5,46.6492156982422,0.0125465193331172
203.75,46.6492156982422,0.0153804498955184
205,46.6492156982422,0.018888987363646
206.25,46.6492156982422,0.0229194706435756
207.5,46.6492156982422,0.0280055024554287
208.75,46.6492156982422,0.0338222773106649
210,46.6492156982422,0.0380495633294076
211.25,46.6492156982422,0.0396184679209431
212.5,46.6492156982422,0.038363379596832
213.75,46.6492156982422,0.0350003596340417
215,46.6492156982422,0.030565718688688
216.25,46.6492156982422,0.0260570499821472
217.5,46.6492156982422,0.0218359080064306
218.75,46.6492156982422,0.0173828956517139
220,46.6492156982422,0.0123109998387401
221.25,46.6492156982422,0.0071453412536952
222.5,46.6492156982422,0.00243713702416624
223.75,46.6492156982422,-0.00202106808884641
225,46.6492156982422,-0.00593032085511585
226.25,46.6492156982422,-0.00958559364553058
227.5,46.6492156982422,-0.0127433066342917
228.75,46.6492156982422,-0.0143486406751012
230,46.6492156982422,-0.0139332090111194
231.25,46.6492156982422,-0.011349634489693
232.5,46.6492156982422,-0.00708714916855647
233.75,46.6492156982422,-0.00266959574665514
235,46.6492156982422,-0.000123131181193429
236.25,46.6492156982422,0.00258684944485124
160,47.5916290283203,0.0410694567188416
161.25,47.5916290283203,0.0361735714564308
162.5,47.5916290283203,0.0288242965562204
163.75,47.5916290283203,0.0223681706912111
165,47.5916290283203,0.0207427176689514
166.25,47.5916290283203,0.0189578034560773
167.5,47.5916290283203,0.0144005089263414
168.75,47.5916290283203,0.00914401237040556
170,47.5916290283203,0.00367202103195352
171.25,47.5916290283203,-0.00229397678639174
172.5,47.5916290283203,-0.00781111632319263
173.75,47.5916290283203,-0.0108165797286872
175,47.5916290283203,-0.0102386892404138
176.25,47.5916290283203,-0.00635460315117804
177.5,47.5916290283203,0.000653074528892689
178.75,47.5916290283203,0.0101673162157002
180,47.5916290283203,0.0211473098889568
181.25,47.5916290283203,0.0316072611950915
182.5,47.5916290283203,0.0389872885905157
183.75,47.5916290283203,0.0438266419175987
185,47.5916290283203,0.0464370948862972
186.25,47.5916290283203,0.046831338252153
187.5,47.5916290283203,0.0451461199276964
188.75,47.5916290283203,0.0416436768471249
190,47.5916290283203,0.0360179255156194
191.25,47.5916290283203,0.0285699417320443
192.5,47.5916290283203,0.0221515946173514
193.75,47.5916290283203,0.0181521753009622
195,47.5916290283203,0.0146668399855675
196.25,47.5916290283203,0.0108820712674634
197.5,47.5916290283203,0.0093700385264165
198.75,47.5916290283203,0.0106731653744368
200,47.5916290283203,0.0122114737044624
201.25,47.5916290283203,0.0133749046244608
202.5,47.5916290283203,0.0147916516251003
203.75,47.5916290283203,0.0168570210052638
205,47.5916290283203,0.0195172742732326
206.25,47.5916290283203,0.0228103424539829
207.5,47.5916290283203,0.0266186485787793
208.75,47.5916290283203,0.0307992307617099
210,47.5916290283203,0.034557916390136
211.25,47.5916290283203,0.0364557178656487
212.5,47.5916290283203,0.0354520218227735
213.75,47.5916290283203,0.0320139776195014
215,47.5916290283203,0.0271471434686824
216.25,47.5916290283203,0.0222546618296179
217.5,47.5916290283203,0.0177186549738374
218.75,47.5916290283203,0.0128736926589186
220,47.5916290283203,0.00770778382747406
221.25,47.5916290283203,0.00287989730720313
222.5,47.5916290283203,-0.0012613839847381
223.75,47.5916290283203,-0.00517113754682072
225,47.5916290283203,-0.00931267991393176
226.25,47.5916290283203,-0.0139205987769822
227.5,47.5916290283203,-0.0178976743609694
228.75,47.5916290283203,-0.0196206547661267
230,47.5916290283203,-0.017766157774235
231.25,47.5916290283203,-0.0128812258384081
232.5,47.5916290283203,-0.00673853061182334
233.75,47.5916290283203,-0.00210254724190036
235,47.5916290283203,0.000331931293482289
236.25,47.5916290283203,0.000410718477518035
160,48.5340270996094,0.0408787148501057
161.25,48.5340270996094,0.0364647023826418
162.5,48.5340270996094,0.0304578531852682
163.75,48.5340270996094,0.0246961551249035
165,48.5340270996094,0.0215504309563577
166.25,48.5340270996094,0.0186509604068739
167.5,48.5340270996094,0.0151600550989995
168.75,48.5340270996094,0.0117849404328935
170,48.5340270996094,0.00754657819108123
171.25,48.5340270996094,0.00214052354122247
172.5,48.5340270996094,-0.0025826884765759
173.75,48.5340270996094,-0.00523157049132362
175,48.5340270996094,-0.004979496890728
176.25,48.5340270996094,-0.00107357029615134
177.5,48.5340270996094,0.00679371160246748
178.75,48.5340270996094,0.017343079316929
180,48.5340270996094,0.028285615434547
181.25,48.5340270996094,0.0365685391351029
182.5,48.5340270996094,0.0403152929600464
183.75,48.5340270996094,0.0408320808088302
185,48.5340270996094,0.0404073348986251
186.25,48.5340270996094,0.0398069313898533
187.5,48.5340270996094,0.0389022954729136
188.75,48.5340270996094,0.0362581072627577
190,48.5340270996094,0.0309966855357072
191.25,48.5340270996094,0.024712787488068
192.5,48.5340270996094,0.0198981898045883
193.75,48.5340270996094,0.0162434153456471
195,48.5340270996094,0.0120505898055521
196.25,48.5340270996094,0.00800523050610337
197.5,48.5340270996094,0.00696068234495893
198.75,48.5340270996094,0.00888058658984302
200,48.5340270996094,0.0110563216357052
201.25,48.5340270996094,0.0124611971444717
202.5,48.5340270996094,0.0135428837962287
203.75,48.5340270996094,0.0151700737912405
205,48.5340270996094,0.0177377269345361
206.25,48.5340270996094,0.0211485573845526
207.5,48.5340270996094,0.0246474963459763
208.75,48.5340270996094,0.0277384349173461
210,48.5340270996094,0.0302085633009033
211.25,48.5340270996094,0.0316491708438388
212.5,48.5340270996094,0.0307365805383303
213.75,48.5340270996094,0.027163754505189
215,48.5340270996094,0.022237604424329
216.25,48.5340270996094,0.0172574499011232
217.5,48.5340270996094,0.0123365423957466
218.75,48.5340270996094,0.00746967798294631
220,48.5340270996094,0.00283192985668776
221.25,48.5340270996094,-0.00137670558287376
222.5,48.5340270996094,-0.00503500004275734
223.75,48.5340270996094,-0.00870644836188375
225,48.5340270996094,-0.0128337223354089
226.25,48.5340270996094,-0.0175475914641527
227.5,48.5340270996094,-0.0211149974007486
228.75,48.5340270996094,-0.0214671673566203
230,48.5340270996094,-0.0174549246903179
231.25,48.5340270996094,-0.0106305733596976
232.5,48.5340270996094,-0.00434487036557803
233.75,48.5340270996094,0.000406004264541653
235,48.5340270996094,0.0024686964950018
236.25,48.5340270996094,0.00274308131336224
160,49.4764404296875,0.0400517956480707
161.25,49.4764404296875,0.0332840018708727
162.5,49.4764404296875,0.0288592388222283
163.75,49.4764404296875,0.0267257874895503
165,49.4764404296875,0.025540151730418
166.25,49.4764404296875,0.0231979183043344
167.5,49.4764404296875,0.0195925473099918
168.75,49.4764404296875,0.0159407639350644
170,49.4764404296875,0.0118458343924001
171.25,49.4764404296875,0.00755964800206926
172.5,49.4764404296875,0.00455676803571135
173.75,49.4764404296875,0.00362500842736264
175,49.4764404296875,0.00577144954835301
176.25,49.4764404296875,0.0116282853666098
177.5,49.4764404296875,0.0205560225157388
178.75,49.4764404296875,0.0304093313112548
180,49.4764404296875,0.03789704113539
181.25,49.4764404296875,0.0410312126510235
182.5,49.4764404296875,0.0413335710262782
183.75,49.4764404296875,0.0405155431230957
185,49.4764404296875,0.0391584590746765
186.25,49.4764404296875,0.0378115903907025
187.5,49.4764404296875,0.0359726743540958
188.75,49.4764404296875,0.0326209192311499
190,49.4764404296875,0.0278173722231394
191.25,49.4764404296875,0.0229302254588973
192.5,49.4764404296875,0.0183900226352477
193.75,49.4764404296875,0.0131260614588773
195,49.4764404296875,0.00762018547289541
196.25,49.4764404296875,0.00376969307916609
197.5,49.4764404296875,0.00252997970498183
198.75,49.4764404296875,0.00336233853929433
200,49.4764404296875,0.00482142619355365
201.25,49.4764404296875,0.00597275016317004
202.5,49.4764404296875,0.0071162912461043
203.75,49.4764404296875,0.00938356940901631
205,49.4764404296875,0.0128647974396241
206.25,49.4764404296875,0.0171319446428825
207.5,49.4764404296875,0.0211644013188025
208.75,49.4764404296875,0.0238938423454424
210,49.4764404296875,0.025002418084991
211.25,49.4764404296875,0.0243982696317493
212.5,49.4764404296875,0.0218383607396528
213.75,49.4764404296875,0.0183000550813695
215,49.4764404296875,0.0147777510624165
216.25,49.4764404296875,0.010973376448911
217.5,49.4764404296875,0.00646909259911126
218.75,49.4764404296875,0.00158737630966712
220,49.4764404296875,-0.00269598889057102
221.25,49.4764404296875,-0.00576675787685595
222.5,49.4764404296875,-0.00864450325036717
223.75,49.4764404296875,-0.0119877325370495
225,49.4764404296875,-0.0157189802426364
226.25,49.4764404296875,-0.0193399873895246
227.5,49.4764404296875,-0.0216831444258746
228.75,49.4764404296875,-0.0200002893499894
230,49.4764404296875,-0.01382309045082
231.25,49.4764404296875,-0.00670227288962992
232.5,49.4764404296875,-0.00246030540742324
233.75,49.4764404296875,0.000759751714723326
235,49.4764404296875,0.00554547338826606
160,50.4188537597656,0.0451566353376542
161.25,50.4188537597656,0.0378274718944493
162.5,50.4188537597656,0.0319549520717541
163.75,50.4188537597656,0.0300551037375287
165,50.4188537597656,0.0289271156612092
166.25,50.4188537597656,0.0260106617833515
167.5,50.4188537597656,0.0213619523856104
168.75,50.4188537597656,0.0164869324099487
170,50.4188537597656,0.0127169032583899
171.25,50.4188537597656,0.00985331412420221
172.5,50.4188537597656,0.00826747810221897
173.75,50.4188537597656,0.00842307172059371
175,50.4188537597656,0.0115137051587079
176.25,50.4188537597656,0.0181625209872052
177.5,50.4188537597656,0.0260345921541919
178.75,50.4188537597656,0.0321847356202604
180,50.4188537597656,0.0357571430977979
181.25,50.4188537597656,0.0391776774699265
182.5,50.4188537597656,0.042541625995565
183.75,50.4188537597656,0.0430330611095715
185,50.4188537597656,0.0408692370391561
186.25,50.4188537597656,0.0376968006107571
187.5,50.4188537597656,0.0340225902953583
188.75,50.4188537597656,0.029728060879391
190,50.4188537597656,0.0248861742410802
191.25,50.4188537597656,0.0197525864227301
192.5,50.4188537597656,0.0146491592214275
193.75,50.4188537597656,0.00987393373386821
195,50.4188537597656,0.00571660653147084
196.25,50.4188537597656,0.0028897429591991
197.5,50.4188537597656,0.00144413961415939
198.75,50.4188537597656,0.000706840654997945
200,50.4188537597656,0.000184328529325946
201.25,50.4188537597656,-0.000102962717213064
202.5,50.4188537597656,0.00135122899475145
203.75,50.4188537597656,0.00460635020958553
205,50.4188537597656,0.00876379952542836
206.25,50.4188537597656,0.0129195160833447
207.5,50.4188537597656,0.0159490814295915
208.75,50.4188537597656,0.0168564455810008
210,50.4188537597656,0.0160903127147828
211.25,50.4188537597656,0.014032630738718
212.5,50.4188537597656,0.0108362877349371
213.75,50.4188537597656,0.00774806169691009
215,50.4188537597656,0.00510501020021794
216.25,50.4188537597656,0.00250983125742389
217.5,50.4188537597656,-0.00064327146153607
218.75,50.4188537597656,-0.00438568486817571
220,50.4188537597656,-0.00755909279166935
221.25,50.4188537597656,-0.00984537407380368
222.5,50.4188537597656,-0.0118652985450276
223.75,50.4188537597656,-0.0143498443655447
225,50.4188537597656,-0.0171308356682328
226.25,50.4188537597656,-0.0190246830913638
227.5,50.4188537597656,-0.0190691840578852
228.75,50.4188537597656,-0.01617414157925
230,50.4188537597656,-0.0103865800248052
231.25,50.4188537597656,-0.00442388468729769
232.5,50.4188537597656,-0.0026699462245134
233.75,50.4188537597656,-0.000811311696130174
160,51.3612518310547,0.0454678903408838
161.25,51.3612518310547,0.0394090753456206
162.5,51.3612518310547,0.0349155327451567
163.75,51.3612518310547,0.0329565062083325
165,51.3612518310547,0.0320813336852673
166.25,51.3612518310547,0.0295232939966763
167.5,51.3612518310547,0.0249173230024377
168.75,51.3612518310547,0.0198246306179253
170,51.3612518310547,0.0159207216981212
171.25,51.3612518310547,0.0137624304317094
172.5,51.3612518310547,0.0131668198926422
173.75,51.3612518310547,0.0136883230842652
175,51.3612518310547,0.015935326846607
176.25,51.3612518310547,0.0212097191603534
177.5,51.3612518310547,0.027240606866172
178.75,51.3612518310547,0.0306403726797258
180,51.3612518310547,0.0325531727382591
181.25,51.3612518310547,0.0366095059725728
182.5,51.3612518310547,0.0415494733565184
183.75,51.3612518310547,0.0431271979265784
185,51.3612518310547,0.0400381012080782
186.25,51.3612518310547,0.0345952017195535
187.5,51.3612518310547,0.0285551592274542
188.75,51.3612518310547,0.0236147202907907
190,51.3612518310547,0.0194129298506619
191.25,51.3612518310547,0.0154216809016242
192.5,51.3612518310547,0.0116854098348348
193.75,51.3612518310547,0.00831612114425949
195,51.3612518310547,0.00565171174122556
196.25,51.3612518310547,0.00405149379234246
197.5,51.3612518310547,0.0030411872017398
198.75,51.3612518310547,0.00167181496279305
200,51.3612518310547,9.67328294638298e-05
201.25,51.3612518310547,-0.000926345702863587
202.5,51.3612518310547,-0.000461617282046063
203.75,51.3612518310547,0.00170513398480442
205,51.3612518310547,0.00493584357794428
206.25,51.3612518310547,0.00805168198052557
207.5,51.3612518310547,0.00979930921799714
208.75,51.3612518310547,0.00890094460113643
210,51.3612518310547,0.00584664798175914
211.25,51.3612518310547,0.00213586512255069
212.5,51.3612518310547,-0.000455376213500021
213.75,51.3612518310547,-0.00207148908472788
215,51.3612518310547,-0.00384186601219722
216.25,51.3612518310547,-0.00592413679322787
217.5,51.3612518310547,-0.00828924531801369
218.75,51.3612518310547,-0.010171395490852
220,51.3612518310547,-0.011467411890205
221.25,51.3612518310547,-0.0125508287902281
222.5,51.3612518310547,-0.0137993350015345
223.75,51.3612518310547,-0.0153191108228565
225,51.3612518310547,-0.0164375171997689
226.25,51.3612518310547,-0.0162070972971069
227.5,51.3612518310547,-0.0143985994995861
228.75,51.3612518310547,-0.0111695112820625
230,51.3612518310547,-0.00658556336259114
231.25,51.3612518310547,-0.00150355145512251
232.5,51.3612518310547,-1.46377872251191e-05
160,52.3036651611328,0.0444138330968443
161.25,52.3036651611328,0.0369273882316367
162.5,52.3036651611328,0.0323201570687597
163.75,52.3036651611328,0.0315492247433857
165,52.3036651611328,0.0321660193363965
166.25,52.3036651611328,0.031292902963679
167.5,52.3036651611328,0.0280253503059387
168.75,52.3036651611328,0.0242958776784999
170,52.3036651611328,0.0213292106273868
171.25,52.3036651611328,0.0197914631503788
172.5,52.3036651611328,0.0197928194516965
173.75,52.3036651611328,0.0203903282660947
175,52.3036651611328,0.0212926305624363
176.25,52.3036651611328,0.0253494240426668
177.5,52.3036651611328,0.0302121072941581
178.75,52.3036651611328,0.0304190345930024
180,52.3036651611328,0.0289199888098424
181.25,52.3036651611328,0.031303953529532
182.5,52.3036651611328,0.0370084895931493
183.75,52.3036651611328,0.0397790353684801
185,52.3036651611328,0.0367850628003594
186.25,52.3036651611328,0.0312786364474991
187.5,52.3036651611328,0.0251396604751731
188.75,52.3036651611328,0.019900791067709
190,52.3036651611328,0.0155960411783154
191.25,52.3036651611328,0.0120905683486327
192.5,52.3036651611328,0.00932788585575208
193.75,52.3036651611328,0.00743682852850977
195,52.3036651611328,0.00602619735048928
196.25,52.3036651611328,0.00505030151117698
197.5,52.3036651611328,0.00436609614756017
198.75,52.3036651611328,0.003097086092282
200,52.3036651611328,0.00114783022737433
201.25,52.3036651611328,-0.000631532221488623
202.5,52.3036651611328,-0.00137897662113724
203.75,52.3036651611328,-0.000811639151399779
205,52.3036651611328,0.000760630653169459
206.25,52.3036651611328,0.00262238681450352
207.5,52.3036651611328,0.00354369342806267
208.75,52.3036651611328,0.00210521852723143
210,52.3036651611328,-0.0013268539096011
211.25,52.3036651611328,-0.00521405716218596
212.5,52.3036651611328,-0.00812950614317186
213.75,52.3036651611328,-0.0100380257358867
215,52.3036651611328,-0.0111663452096554
216.25,52.3036651611328,-0.0121942366947232
217.5,52.3036651611328,-0.013300406654927
218.75,52.3036651611328,-0.0139431698872434
220,52.3036651611328,-0.0137805940974928
221.25,52.3036651611328,-0.0133738338269446
222.5,52.3036651611328,-0.0135645306403621
223.75,52.3036651611328,-0.0136846209465779
225,52.3036651611328,-0.0126924361288171
226.25,52.3036651611328,-0.0108410115900802
227.5,52.3036651611328,-0.00919296349945909
228.75,52.3036651611328,-0.00654276121555964
230,52.3036651611328,-0.00156180845372412
231.25,52.3036651611328,0.000802390304796958
232.5,52.3036651611328,0.000674732417010856
160,53.2460784912109,0.0438000752638159
161.25,53.2460784912109,0.0368149842013415
162.5,53.2460784912109,0.0289129939315093
163.75,53.2460784912109,0.0248729614238503
165,53.2460784912109,0.0261579468439197
166.25,53.2460784912109,0.0279289939181065
167.5,53.2460784912109,0.0275300282315349
168.75,53.2460784912109,0.0263278522186446
170,53.2460784912109,0.0257556446427735
171.25,53.2460784912109,0.0261858028896383
172.5,53.2460784912109,0.027690132899674
173.75,53.2460784912109,0.0291771535730633
175,53.2460784912109,0.0300196206441891
176.25,53.2460784912109,0.0324106248387728
177.5,53.2460784912109,0.0337470660113466
178.75,53.2460784912109,0.0303043682548411
180,53.2460784912109,0.0259939368905265
181.25,53.2460784912109,0.0270966561923617
182.5,53.2460784912109,0.032249891583144
183.75,53.2460784912109,0.0345324357992299
185,53.2460784912109,0.0321644737623442
186.25,53.2460784912109,0.0276610620896195
187.5,53.2460784912109,0.0227727424920226
188.75,53.2460784912109,0.0180195796473512
190,53.2460784912109,0.0140999683446525
191.25,53.2460784912109,0.0110540496076563
192.5,53.2460784912109,0.00860657273114138
193.75,53.2460784912109,0.00765964511562768
195,53.2460784912109,0.00641100154838908
196.25,53.2460784912109,0.00564205454491198
197.5,53.2460784912109,0.00581292770707747
198.75,53.2460784912109,0.00552836464587471
200,53.2460784912109,0.00390104225737119
201.25,53.2460784912109,0.00191182925706235
202.5,53.2460784912109,0.000475520191001889
203.75,53.2460784912109,0.000161453401120617
205,53.2460784912109,0.000828637560456807
206.25,53.2460784912109,0.00152803373635123
207.5,53.2460784912109,0.00126509958503167
208.75,53.2460784912109,-0.000846496314350011
210,53.2460784912109,-0.00459790590020413
211.25,53.2460784912109,-0.00836849991675706
212.5,53.2460784912109,-0.0111317006235298
213.75,53.2460784912109,-0.0129223003941483
215,53.2460784912109,-0.0140381563147643
216.25,53.2460784912109,-0.0147584309442189
217.5,53.2460784912109,-0.0150741519103911
218.75,53.2460784912109,-0.0146606950990114
220,53.2460784912109,-0.0131581192259779
221.25,53.2460784912109,-0.0114013859158251
222.5,53.2460784912109,-0.0103452890679238
223.75,53.2460784912109,-0.00949562828753544
225,53.2460784912109,-0.00729627464195175
226.25,53.2460784912109,-0.00497173446262684
227.5,53.2460784912109,-0.00559174858483887
228.75,53.2460784912109,-0.00812393515622847
230,53.2460784912109,-0.00578233680505477
231.25,53.2460784912109,0.00347674223702231
160,54.1884765625,0.039738377247874
161.25,54.1884765625,0.0369399900407925
162.5,54.1884765625,0.0299012699192177
163.75,54.1884765625,0.0243739784047751
165,54.1884765625,0.0204747203767696
166.25,54.1884765625,0.0207854621036834
167.5,54.1884765625,0.0235085255072356
168.75,54.1884765625,0.0261439459462903
170,54.1884765625,0.0282663747875207
171.25,54.1884765625,0.0299366563445107
172.5,54.1884765625,0.0312007587725015
173.75,54.1884765625,0.0319151027587397
175,54.1884765625,0.0326482497643272
176.25,54.1884765625,0.0338945622813714
177.5,54.1884765625,0.0328368825910237
178.75,54.1884765625,0.0285798236908819
180,54.1884765625,0.0253252368083647
181.25,54.1884765625,0.026343904858363
182.5,54.1884765625,0.0298411761633892
183.75,54.1884765625,0.0313401414823726
185,54.1884765625,0.0295455538794884
186.25,54.1884765625,0.025777982965311
187.5,54.1884765625,0.0211464894607974
188.75,54.1884765625,0.0167592347899257
190,54.1884765625,0.0132653630953947
191.25,54.1884765625,0.0103307384318473
192.5,54.1884765625,0.00798200040787767
193.75,54.1884765625,0.00702412641028515
195,54.1884765625,0.00498952212537097
196.25,54.1884765625,0.00194433315629943
197.5,54.1884765625,0.00305746779152522
198.75,54.1884765625,0.00596129311729233
200,54.1884765625,0.00658447966302363
201.25,54.1884765625,0.00594423809156344
202.5,54.1884765625,0.00465656998660176
203.75,54.1884765625,0.00393545861425784
205,54.1884765625,0.00432529379578185
206.25,54.1884765625,0.00427856507327527
207.5,54.1884765625,0.00279462474953666
208.75,54.1884765625,9.59512497395793e-05
210,54.1884765625,-0.00327409201328328
211.25,54.1884765625,-0.00653591284167905
212.5,54.1884765625,-0.0091933547903183
213.75,54.1884765625,-0.0113225855288678
215,54.1884765625,-0.0125112429159512
216.25,54.1884765625,-0.0129562253894849
217.5,54.1884765625,-0.0128114287810063
218.75,54.1884765625,-0.0116253595801145
220,54.1884765625,-0.00958012474596121
221.25,54.1884765625,-0.00713218956389911
222.5,54.1884765625,-0.00497778513851654
223.75,54.1884765625,-0.00260795464957174
225,54.1884765625,0.000121306132168688
226.25,54.1884765625,0.00287107491319422
227.5,54.1884765625,0.00461844367655968
228.75,54.1884765625,-0.00337234982222748
230,54.1884765625,-0.00241739186500279
161.25,55.1308898925781,0.0301300659180487
162.5,55.1308898925781,0.0288692628946538
163.75,55.1308898925781,0.025844107999993
165,55.1308898925781,0.023428804149473
166.25,55.1308898925781,0.0196829421545432
167.5,55.1308898925781,0.0192038362322509
168.75,55.1308898925781,0.0218911834100784
170,55.1308898925781,0.0243930579650366
171.25,55.1308898925781,0.0262833180102252
172.5,55.1308898925781,0.0278252817695957
173.75,55.1308898925781,0.0291586128726399
175,55.1308898925781,0.0311803683136182
176.25,55.1308898925781,0.0334260074587036
177.5,55.1308898925781,0.0327734948077169
178.75,55.1308898925781,0.0296828015535841
180,55.1308898925781,0.027989027527436
181.25,55.1308898925781,0.0293753442187273
182.5,55.1308898925781,0.0316025210568186
183.75,55.1308898925781,0.0310701228097348
185,55.1308898925781,0.0280962491235539
186.25,55.1308898925781,0.0241650270181693
187.5,55.1308898925781,0.0202575468629232
188.75,55.1308898925781,0.0167749137675055
190,55.1308898925781,0.0139948243834507
191.25,55.1308898925781,0.0117887518330945
192.5,55.1308898925781,0.00970560325814854
193.75,55.1308898925781,0.00694641821580604
195,55.1308898925781,0.00268533750316009
196.25,55.1308898925781,0.000773252738620531
197.5,55.1308898925781,0.000607365885229359
198.75,55.1308898925781,0.00698537395030033
200,55.1308898925781,0.00721174671745324
201.25,55.1308898925781,0.00802293517773063
202.5,55.1308898925781,0.00749587538984982
203.75,55.1308898925781,0.00607664732712424
205,55.1308898925781,0.00622398806254282
206.25,55.1308898925781,0.00694729188789815
207.5,55.1308898925781,0.00712586802898594
208.75,55.1308898925781,0.00558198210050494
210,55.1308898925781,0.00169534822436102
211.25,55.1308898925781,-0.00213553986229959
212.5,55.1308898925781,-0.00490074129556217
213.75,55.1308898925781,-0.00678188590689784
215,55.1308898925781,-0.00792039029308655
216.25,55.1308898925781,-0.00856359048214363
217.5,55.1308898925781,-0.00804751817723668
218.75,55.1308898925781,-0.00602888704190283
220,55.1308898925781,-0.0033886101319354
221.25,55.1308898925781,-0.000960365989606815
222.5,55.1308898925781,0.0019913163415626
223.75,55.1308898925781,0.00611592380470963
225,55.1308898925781,0.0100613503032495
226.25,55.1308898925781,0.00841318613752347
227.5,55.1308898925781,0.00417533828806148
228.75,55.1308898925781,0.000780531378337784
230,55.1308898925781,-0.00241738834071281
161.25,56.0733032226562,0.0296969512163177
162.5,56.0733032226562,0.0283487033151901
163.75,56.0733032226562,0.0270430486944041
165,56.0733032226562,0.0248796993509993
166.25,56.0733032226562,0.0229624594144656
167.5,56.0733032226562,0.0212782238065634
168.75,56.0733032226562,0.0202478776744254
170,56.0733032226562,0.0210730634742903
171.25,56.0733032226562,0.0236069046987726
172.5,56.0733032226562,0.0273498803510175
173.75,56.0733032226562,0.0316216774890129
175,56.0733032226562,0.0357328120297611
176.25,56.0733032226562,0.0369336671822722
177.5,56.0733032226562,0.03454813672604
178.75,56.0733032226562,0.0327565249966176
180,56.0733032226562,0.0330965380814355
181.25,56.0733032226562,0.0337071571749473
182.5,56.0733032226562,0.0325205024402607
183.75,56.0733032226562,0.0296380241606079
185,56.0733032226562,0.0263293304329826
186.25,56.0733032226562,0.0232977505891086
187.5,56.0733032226562,0.0206222523060728
188.75,56.0733032226562,0.0181817115609758
190,56.0733032226562,0.0159636830441357
191.25,56.0733032226562,0.0140761787440763
192.5,56.0733032226562,0.01182144270143
193.75,56.0733032226562,0.00912375898743918
195,56.0733032226562,0.00590459207666142
196.25,56.0733032226562,0.00513181387306678
197.5,56.0733032226562,0.00613355984386889
198.75,56.0733032226562,0.00597229983447276
200,56.0733032226562,0.00594668403677032
201.25,56.0733032226562,0.00686335923678013
202.5,56.0733032226562,0.00568355557673817
203.75,56.0733032226562,0.00319440158864257
205,56.0733032226562,0.00330737733953885
206.25,56.0733032226562,0.00776752573436722
207.5,56.0733032226562,0.0101883898116468
208.75,56.0733032226562,0.0121008468387006
210,56.0733032226562,0.00981612518144348
211.25,56.0733032226562,0.0054184934441071
212.5,56.0733032226562,0.00172416810715712
213.75,56.0733032226562,-0.000617049747401174
215,56.0733032226562,-0.00148768424771906
216.25,56.0733032226562,-0.0013411830092766
217.5,56.0733032226562,-0.000567919494540244
218.75,56.0733032226562,0.000872655604112766
220,56.0733032226562,0.00369523501016798
221.25,56.0733032226562,0.00768082742190135
222.5,56.0733032226562,0.0124856209554434
223.75,56.0733032226562,0.0173532200626654
225,56.0733032226562,0.0216867401126504
226.25,56.0733032226562,0.024245602144939
227.5,56.0733032226562,0.00264595706106435
162.5,57.0157012939453,0.028432740397822
163.75,57.0157012939453,0.0282520446088002
165,57.0157012939453,0.0269952619119859
166.25,57.0157012939453,0.0239671177425658
167.5,57.0157012939453,0.0226868351115828
168.75,57.0157012939453,0.0236738555366093
170,57.0157012939453,0.0250872959512241
171.25,57.0157012939453,0.0274223453037421
172.5,57.0157012939453,0.0305239780975406
173.75,57.0157012939453,0.0330153282534732
175,57.0157012939453,0.0340976698611205
176.25,57.0157012939453,0.0349394729918264
177.5,57.0157012939453,0.036158342626719
178.75,57.0157012939453,0.037223292655516
180,57.0157012939453,0.0367784000969429
181.25,57.0157012939453,0.0346051517122799
182.5,57.0157012939453,0.0312653960361252
183.75,57.0157012939453,0.0275147356217743
185,57.0157012939453,0.0246244663983684
186.25,57.0157012939453,0.0227915090548305
187.5,57.0157012939453,0.0211435122025139
188.75,57.0157012939453,0.01893458753881
190,57.0157012939453,0.0161201912187054
191.25,57.0157012939453,0.0145515179868813
192.5,57.0157012939453,0.0134050852211152
193.75,57.0157012939453,0.0137155300179877
195,57.0157012939453,0.0133002984398933
196.25,57.0157012939453,0.0116687599645447
197.5,57.0157012939453,0.00960277607373767
198.75,57.0157012939453,0.00799876638777371
200,57.0157012939453,0.00701639446430795
201.25,57.0157012939453,0.00638162147272429
202.5,57.0157012939453,0.00206610448763867
203.75,57.0157012939453,9.01147914656184e-05
205,57.0157012939453,-0.000293821002748789
206.25,57.0157012939453,0.00344845100536344
207.5,57.0157012939453,0.0111552872331924
208.75,57.0157012939453,0.0168459715111288
210,57.0157012939453,0.0178947978961267
211.25,57.0157012939453,0.0153929267870998
212.5,57.0157012939453,0.0129655381644825
213.75,57.0157012939453,0.0105079943052257
215,57.0157012939453,0.00835974518973817
216.25,57.0157012939453,0.00797775572966544
217.5,57.0157012939453,0.00909171891601548
218.75,57.0157012939453,0.0110532803824913
220,57.0157012939453,0.013555768653877
221.25,57.0157012939453,0.0183508976027068
222.5,57.0157012939453,0.0250947913772973
223.75,57.0157012939453,0.0307484944707637
225,57.0157012939453,0.0307559952933392
226.25,57.0157012939453,0.0290439212350925
162.5,57.9581146240234,0.0282540588108246
163.75,57.9581146240234,0.0279678934348524
165,57.9581146240234,0.0270560704990391
166.25,57.9581146240234,0.025726259901472
167.5,57.9581146240234,0.0235749169822461
168.75,57.9581146240234,0.0217944092790108
170,57.9581146240234,0.0215064275557762
171.25,57.9581146240234,0.0227025782689407
172.5,57.9581146240234,0.0249337566781423
173.75,57.9581146240234,0.0278541793351081
175,57.9581146240234,0.0310996785400857
176.25,57.9581146240234,0.0346014879791832
177.5,57.9581146240234,0.0379619367720441
178.75,57.9581146240234,0.0391287322564448
180,57.9581146240234,0.0371186897924794
181.25,57.9581146240234,0.033388313917161
182.5,57.9581146240234,0.0294632031798061
183.75,57.9581146240234,0.025890503278668
185,57.9581146240234,0.0232067509335227
186.25,57.9581146240234,0.0210600362443153
187.5,57.9581146240234,0.0190820209557613
188.75,57.9581146240234,0.017461988743191
190,57.9581146240234,0.0170784605980096
191.25,57.9581146240234,0.0177086585922785
192.5,57.9581146240234,0.0183590154454857
193.75,57.9581146240234,0.019371166434562
195,57.9581146240234,0.0187852673634646
196.25,57.9581146240234,0.0171780964755499
197.5,57.9581146240234,0.0141651615533534
198.75,57.9581146240234,0.0119795680281837
200,57.9581146240234,0.00879325661143069
201.25,57.9581146240234,0.00433322175318319
202.5,57.9581146240234,0.000272397107540805
203.75,57.9581146240234,-0.000745500741334687
206.25,57.9581146240234,0.011301874853266
207.5,57.9581146240234,0.0134203077861477
208.75,57.9581146240234,0.0189411558932911
210,57.9581146240234,0.0243406208756575
211.25,57.9581146240234,0.0254027896970178
212.5,57.9581146240234,0.0239901461693841
213.75,57.9581146240234,0.0222360885325801
215,57.9581146240234,0.0209909482568076
216.25,57.9581146240234,0.0201528791516986
217.5,57.9581146240234,0.0201984489453939
218.75,57.9581146240234,0.0223492584834713
220,57.9581146240234,0.0257186314638885
221.25,57.9581146240234,0.0305829707553632
222.5,57.9581146240234,0.0355780894945267
223.75,57.9581146240234,0.0380469503907429
225,57.9581146240234,0.0353442138053585
160,58.9005279541016,0.0367036542989315
161.25,58.9005279541016,0.0363266491406545
162.5,58.9005279541016,0.0257814088428444
163.75,58.9005279541016,0.0224497052555652
165,58.9005279541016,0.0245005153740799
166.25,58.9005279541016,0.023417427783712
167.5,58.9005279541016,0.0214634392065092
168.75,58.9005279541016,0.0193342624604156
170,58.9005279541016,0.019014435685185
171.25,58.9005279541016,0.0199705495252203
172.5,58.9005279541016,0.0212673116983486
173.75,58.9005279541016,0.0233369931466225
175,58.9005279541016,0.0261408196822367
176.25,58.9005279541016,0.0298168397011944
177.5,58.9005279541016,0.034026287837467
178.75,58.9005279541016,0.0360798026221325
180,58.9005279541016,0.0348408361250993
181.25,58.9005279541016,0.0314911895683873
182.5,58.9005279541016,0.0270128675492305
183.75,58.9005279541016,0.021747067201887
185,58.9005279541016,0.0159580754401129
186.25,58.9005279541016,0.0123693935647073
187.5,58.9005279541016,0.0127637770567495
188.75,58.9005279541016,0.015257619268152
190,58.9005279541016,0.0166840042727757
191.25,58.9005279541016,0.0183431641963562
192.5,58.9005279541016,0.0204924806072492
193.75,58.9005279541016,0.0218976295155194
195,58.9005279541016,0.020924285133263
196.25,58.9005279541016,0.0188169600024524
197.5,58.9005279541016,0.0135973835226074
198.75,58.9005279541016,0.0116031595438762
200,58.9005279541016,0.00284733286322643
201.25,58.9005279541016,-0.00181833146274978
202.5,58.9005279541016,-0.00487358471496683
206.25,58.9005279541016,0.0125428149322875
207.5,58.9005279541016,0.0139638322891167
208.75,58.9005279541016,0.019405969338698
210,58.9005279541016,0.0269303778729289
211.25,58.9005279541016,0.0314213832859857
212.5,58.9005279541016,0.0320499738019733
213.75,58.9005279541016,0.0309792596327086
215,58.9005279541016,0.0305694202286324
216.25,58.9005279541016,0.032012295016179
217.5,58.9005279541016,0.0338934593645415
218.75,58.9005279541016,0.0344062891820281
220,58.9005279541016,0.0345794725334796
221.25,58.9005279541016,0.0374177701986816
222.5,58.9005279541016,0.0378246313474294
160,59.8429260253906,0.0355204805938336
161.25,59.8429260253906,0.0323188251173359
162.5,59.8429260253906,0.0315372382329855
163.75,59.8429260253906,0.0167192410762384
165,59.8429260253906,0.0222792854897573
166.25,59.8429260253906,0.0214600628454075
167.5,59.8429260253906,0.020240757884045
168.75,59.8429260253906,0.0182597334978819
170,59.8429260253906,0.0173281331272552
171.25,59.8429260253906,0.0161526488291436
172.5,59.8429260253906,0.0146804304015479
173.75,59.8429260253906,0.0141585490726338
175,59.8429260253906,0.0161895434924524
176.25,59.8429260253906,0.0198893914291944
177.5,59.8429260253906,0.0243035818262196
178.75,59.8429260253906,0.0277235318406491
180,59.8429260253906,0.0277989979831366
181.25,59.8429260253906,0.0249608654086658
182.5,59.8429260253906,0.0203483084482878
183.75,59.8429260253906,0.0122943200074928
185,59.8429260253906,0.00411496603100425
186.25,59.8429260253906,0.0014862960441903
187.5,59.8429260253906,0.00543543345507811
188.75,59.8429260253906,0.00980674757509394
190,59.8429260253906,0.0109195462809917
191.25,59.8429260253906,0.0150150324361151
192.5,59.8429260253906,0.0190842949830436
193.75,59.8429260253906,0.0174378103910212
195,59.8429260253906,0.0117585467610777
196.25,59.8429260253906,0.00571400438917717
197.5,59.8429260253906,0.00118155244265546
198.75,59.8429260253906,0.000563071648536131
206.25,59.8429260253906,0.0129775684713801
207.5,59.8429260253906,0.0134107598908527
208.75,59.8429260253906,0.0228536011580065
210,59.8429260253906,0.0275701586312324
211.25,59.8429260253906,0.0323115560331175
212.5,59.8429260253906,0.0312421014113813
213.75,59.8429260253906,0.0325730032397626
215,59.8429260253906,0.0327573502816915
216.25,59.8429260253906,0.0366527593607567
217.5,59.8429260253906,0.0418703063840756
218.75,59.8429260253906,0.0431868352485953
220,59.8429260253906,0.0396633358734808
221.25,59.8429260253906,0.0370323584788097
160,60.7853393554688,0.0310348425632974
161.25,60.7853393554688,0.0273507525353038
162.5,60.7853393554688,0.0263900246067258
167.5,60.7853393554688,0.0181811377685786
168.75,60.7853393554688,0.0174863118203645
170,60.7853393554688,0.0174026827362038
171.25,60.7853393554688,0.0145829267495952
172.5,60.7853393554688,0.00954518248011813
173.75,60.7853393554688,0.00480837849200909
175,60.7853393554688,0.0027438043620806
176.25,60.7853393554688,0.00390763376621993
177.5,60.7853393554688,0.00763597270394208
178.75,60.7853393554688,0.0122109459863104
180,60.7853393554688,0.0144911387540105
181.25,60.7853393554688,0.0156954962913995
182.5,60.7853393554688,0.0128955932492139
183.75,60.7853393554688,0.00538712604539553
185,60.7853393554688,-0.00129549850593111
186.25,60.7853393554688,-0.00287537254427554
187.5,60.7853393554688,-1.25629079517822e-05
188.75,60.7853393554688,0.00337398044288703
190,60.7853393554688,0.0035847594985076
191.25,60.7853393554688,0.00645155990025
192.5,60.7853393554688,0.00999063052542746
193.75,60.7853393554688,0.0082338687440411
195,60.7853393554688,0.00468046723036335
212.5,60.7853393554688,0.0305127158066435
213.75,60.7853393554688,0.031314853759717
215,60.7853393554688,0.0307738932384737
216.25,60.7853393554688,0.0342976851355459
160,61.7277526855469,0.0285930953828476
173.75,61.7277526855469,-0.00111817586095677
175,61.7277526855469,-0.00516737132282257
176.25,61.7277526855469,-0.00519526074393262
177.5,61.7277526855469,-0.00494600788097867
178.75,61.7277526855469,-5.70403355452168e-05
180,61.7277526855469,0.00540804140940755
181.25,61.7277526855469,0.0179186270791586
182.5,61.7277526855469,0.0210882077254811
183.75,61.7277526855469,0.0142438210251067
185,61.7277526855469,0.00827214031267843
186.25,61.7277526855469,0.00535451059078208
187.5,61.7277526855469,0.00351492027896234
188.75,61.7277526855469,0.0019012748411055
190,61.7277526855469,-0.000617212294431079
191.25,61.7277526855469,-0.00179400280713362
192.5,61.7277526855469,0.000227193385455187
193.75,61.7277526855469,-1.31561855809957e-06
195,61.7277526855469,0.00125621074007363
175,62.6701507568359,-0.00734411703092818
176.25,62.6701507568359,-0.00706524314974352
177.5,62.6701507568359,-0.00903982950130557
178.75,62.6701507568359,0.00406430183907617
180,62.6701507568359,0.00806120017377392
181.25,62.6701507568359,0.0169570333116318
182.5,62.6701507568359,0.0254674357819254
183.75,62.6701507568359,0.0201837350943777
185,62.6701507568359,0.0128106628395836
186.25,62.6701507568359,0.0060742800937166
187.5,62.6701507568359,0.00204044227617342
188.75,62.6701507568359,0.000856232534295411
190,62.6701507568359,0.000131932568083785
191.25,62.6701507568359,-0.0008815956032612
192.5,62.6701507568359,-0.00148212299223123
193.75,62.6701507568359,-0.000982396424627337
195,62.6701507568359,-7.31035389464979e-06
196.25,62.6701507568359,0.000801072191148631
197.5,62.6701507568359,0.000801074442747813
178.75,63.6125640869141,-0.00522832970547641
180,63.6125640869141,-0.00393371802351255
181.25,63.6125640869141,0.00368658718346632
182.5,63.6125640869141,0.00949197385228749
183.75,63.6125640869141,0.00810529795114961
185,63.6125640869141,0.00292293495432286
186.25,63.6125640869141,-0.00353216392192739
187.5,63.6125640869141,-0.00924809033691465
188.75,63.6125640869141,-0.0136108444649215
190,63.6125640869141,-0.0112602432393776
191.25,63.6125640869141,-0.00319673078799702
192.5,63.6125640869141,0.000648300676644532
193.75,63.6125640869141,0.00278912488231986
195,63.6125640869141,0.00283679807168104
196.25,63.6125640869141,0.000237767583387948
197.5,63.6125640869141,0.00157972512076848
178.75,64.5549774169922,-0.011682993759817
180,64.5549774169922,-0.015030357204677
181.25,64.5549774169922,-0.00928584403347029
182.5,64.5549774169922,-0.00610191575220226
183.75,64.5549774169922,-0.0106941488343738
185,64.5549774169922,-0.0135926986829373
186.25,64.5549774169922,-0.0186982503951943
187.5,64.5549774169922,-0.0222355529573866
188.75,64.5549774169922,-0.0259978817364209
190,64.5549774169922,-0.0204810261386663
191.25,64.5549774169922,-0.00762447308048379
192.5,64.5549774169922,0.000585376966409954
193.75,64.5549774169922,0.00269248227321214
195,64.5549774169922,0.00136234452466538
196.25,64.5549774169922,0.000941735009566319
197.5,64.5549774169922,0.00237225300903897
180,65.4973907470703,-0.0199579764328686
181.25,65.4973907470703,-0.0216043959853882
182.5,65.4973907470703,-0.0263618486373849
183.75,65.4973907470703,-0.0305571323221421
185,65.4973907470703,-0.0313735288673824
188.75,65.4973907470703,-0.0201757452626635
190,65.4973907470703,-0.015493169617743
191.25,65.4973907470703,-0.00881035179541682
192.5,65.4973907470703,-0.00404603037966343
193.75,65.4973907470703,-0.00253688714192641
