"lon","lat","beta"
160,20.2617797851562,-0.00622005780599659
161.25,20.2617797851562,-0.00410401674203345
162.5,20.2617797851562,-0.0018235868132721
163.75,20.2617797851562,0.00035191772257331
165,20.2617797851562,0.00243541095764841
166.25,20.2617797851562,0.00460204374336195
167.5,20.2617797851562,0.00680692167090906
168.75,20.2617797851562,0.00880652600534767
170,20.2617797851562,0.00976066453439236
171.25,20.2617797851562,0.00982883280435256
172.5,20.2617797851562,0.00956887189154029
173.75,20.2617797851562,0.00876673289352673
175,20.2617797851562,0.00734764020023715
176.25,20.2617797851562,0.00570403774612936
177.5,20.2617797851562,0.00408857971847627
178.75,20.2617797851562,0.0028064871650822
180,20.2617797851562,0.00224369651514699
181.25,20.2617797851562,0.00242491741076354
182.5,20.2617797851562,0.00282999025033337
183.75,20.2617797851562,0.00340923455749266
185,20.2617797851562,0.00487354854138197
186.25,20.2617797851562,0.00710208160595844
187.5,20.2617797851562,0.00901099284395919
188.75,20.2617797851562,0.00996688499154947
190,20.2617797851562,0.0103459501475236
191.25,20.2617797851562,0.0111485561004863
192.5,20.2617797851562,0.0123554269206199
193.75,20.2617797851562,0.0129731428190299
195,20.2617797851562,0.013299170612153
196.25,20.2617797851562,0.0149268270208691
197.5,20.2617797851562,0.0177624315611483
198.75,20.2617797851562,0.0202792493446407
200,20.2617797851562,0.0213187018330794
201.25,20.2617797851562,0.0213793394035909
202.5,20.2617797851562,0.0202033863278392
203.75,20.2617797851562,0.0181502466576228
205,20.2617797851562,0.0175539806639896
206.25,20.2617797851562,0.0115859964639883
207.5,20.2617797851562,0.00682505608738882
208.75,20.2617797851562,0.00234045572722796
210,20.2617797851562,-0.0022676818833408
211.25,20.2617797851562,-0.00662673849307644
212.5,20.2617797851562,-0.0106733042397381
213.75,20.2617797851562,-0.0143757367300038
215,20.2617797851562,-0.0168455217566094
216.25,20.2617797851562,-0.0177861038864179
217.5,20.2617797851562,-0.017968394491772
218.75,20.2617797851562,-0.0180601250649828
220,20.2617797851562,-0.0180373719117513
221.25,20.2617797851562,-0.0177509734256716
222.5,20.2617797851562,-0.0168442371671712
223.75,20.2617797851562,-0.0151412813550704
225,20.2617797851562,-0.0125666269149014
226.25,20.2617797851562,-0.00853718065749033
227.5,20.2617797851562,-0.00474187261487616
228.75,20.2617797851562,-0.00127574108188515
230,20.2617797851562,0.00210200604549821
231.25,20.2617797851562,0.00512377872295941
232.5,20.2617797851562,0.00708523291113609
233.75,20.2617797851562,0.0077576139190252
235,20.2617797851562,0.00705038945554649
236.25,20.2617797851562,0.00482702704511345
237.5,20.2617797851562,0.00200941702438338
238.75,20.2617797851562,0.000909563883097278
240,20.2617797851562,0.00171199786768433
241.25,20.2617797851562,0.00388342373668792
242.5,20.2617797851562,0.00638962463363928
243.75,20.2617797851562,0.00766025950004859
245,20.2617797851562,0.00692917138417265
246.25,20.2617797851562,0.00451088781049295
247.5,20.2617797851562,0.00246554105304282
248.75,20.2617797851562,0.00161109857702594
250,20.2617797851562,0.00180415144144222
160,21.2041854858398,-0.00982602086036715
161.25,21.2041854858398,-0.00798440000633067
162.5,21.2041854858398,-0.00578563178757046
163.75,21.2041854858398,-0.0035205648075598
165,21.2041854858398,-0.00111558300222549
166.25,21.2041854858398,0.0016499157816592
167.5,21.2041854858398,0.00464090846790344
168.75,21.2041854858398,0.00765266700916979
170,21.2041854858398,0.00964674617145363
171.25,21.2041854858398,0.0108422809443716
172.5,21.2041854858398,0.011644866893237
173.75,21.2041854858398,0.0118106977177596
175,21.2041854858398,0.0113391786665671
176.25,21.2041854858398,0.0103221058991734
177.5,21.2041854858398,0.00886641520906265
178.75,21.2041854858398,0.0071373424005021
180,21.2041854858398,0.00545985602861262
181.25,21.2041854858398,0.00465736694425009
182.5,21.2041854858398,0.00442675338985972
183.75,21.2041854858398,0.00452757181070618
185,21.2041854858398,0.00571960552208356
186.25,21.2041854858398,0.00788026039305101
187.5,21.2041854858398,0.0100917006338169
188.75,21.2041854858398,0.0117223185802823
190,21.2041854858398,0.0127269749117721
191.25,21.2041854858398,0.0137733827167934
192.5,21.2041854858398,0.0150088018484584
193.75,21.2041854858398,0.0152858021479138
195,21.2041854858398,0.0152133864480411
196.25,21.2041854858398,0.0166193211225245
197.5,21.2041854858398,0.0193220014293047
198.75,21.2041854858398,0.0215937456900058
200,21.2041854858398,0.0226804873343393
201.25,21.2041854858398,0.0236294985354223
202.5,21.2041854858398,0.0238800981631866
203.75,21.2041854858398,0.0230583915655438
205,21.2041854858398,0.0212834403517041
206.25,21.2041854858398,0.0171916725865636
207.5,21.2041854858398,0.0131395376934333
208.75,21.2041854858398,0.00917380094539346
210,21.2041854858398,0.00467173152887758
211.25,21.2041854858398,-0.000289548259034284
212.5,21.2041854858398,-0.00521869011538473
213.75,21.2041854858398,-0.00963474673585413
215,21.2041854858398,-0.0131767814915685
216.25,21.2041854858398,-0.0149139455357199
217.5,21.2041854858398,-0.0154988281146207
218.75,21.2041854858398,-0.0157136943213096
220,21.2041854858398,-0.0158995648303341
221.25,21.2041854858398,-0.0160498744835539
222.5,21.2041854858398,-0.0160056648390274
223.75,21.2041854858398,-0.0152392862126815
225,21.2041854858398,-0.0137001494025295
226.25,21.2041854858398,-0.0108985615290705
227.5,21.2041854858398,-0.00792484281692247
228.75,21.2041854858398,-0.0050475693984535
230,21.2041854858398,-0.00164226491197041
231.25,21.2041854858398,0.00211932196448423
232.5,21.2041854858398,0.00493883734721893
233.75,21.2041854858398,0.00603869325883575
235,21.2041854858398,0.00555448131940003
236.25,21.2041854858398,0.00390703345106117
237.5,21.2041854858398,0.00211763949463237
238.75,21.2041854858398,0.00218726073446698
240,21.2041854858398,0.00375809972700088
241.25,21.2041854858398,0.00586854948383445
242.5,21.2041854858398,0.00743308427794527
243.75,21.2041854858398,0.00627991550388939
245,21.2041854858398,0.00350989374612335
246.25,21.2041854858398,6.00719124364855e-05
247.5,21.2041854858398,-0.00335149061290914
248.75,21.2041854858398,-0.00498024237158842
250,21.2041854858398,-0.00477324255809304
160,22.146598815918,-0.0131705019676568
161.25,22.146598815918,-0.011579485487099
162.5,22.146598815918,-0.00950697836345477
163.75,22.146598815918,-0.00705601389734194
165,22.146598815918,-0.00445787400128111
166.25,22.146598815918,-0.00161599306886123
167.5,22.146598815918,0.00167129948020235
168.75,22.146598815918,0.00518208794055812
170,22.146598815918,0.00793933103287527
171.25,22.146598815918,0.0102273115556066
172.5,22.146598815918,0.011953302507138
173.75,22.146598815918,0.0129610761842608
175,22.146598815918,0.0133269831016283
176.25,22.146598815918,0.0129832575394636
177.5,22.146598815918,0.0119674496290198
178.75,22.146598815918,0.0102542118261536
180,22.146598815918,0.00806744926273011
181.25,22.146598815918,0.00603654933792015
182.5,22.146598815918,0.00477976999559015
183.75,22.146598815918,0.00425345300735897
185,22.146598815918,0.00500111720294242
186.25,22.146598815918,0.00677717038880318
187.5,22.146598815918,0.0088301800833562
188.75,22.146598815918,0.0107826742415951
190,22.146598815918,0.0126539784800891
191.25,22.146598815918,0.0143152416279472
192.5,22.146598815918,0.0159108611041447
193.75,22.146598815918,0.0164588694869154
195,22.146598815918,0.0167183660142084
196.25,22.146598815918,0.0184130697919366
197.5,22.146598815918,0.0212567389306044
198.75,22.146598815918,0.0238315594210566
200,22.146598815918,0.0253886073209485
201.25,22.146598815918,0.0263283725258813
202.5,22.146598815918,0.0266131308818361
203.75,22.146598815918,0.0257069969917635
205,22.146598815918,0.0235205168270343
206.25,22.146598815918,0.0211016051233963
207.5,22.146598815918,0.0187173181898483
208.75,22.146598815918,0.0160557265248916
210,22.146598815918,0.0125989526140602
211.25,22.146598815918,0.00803824253435851
212.5,22.146598815918,0.00266755815668742
213.75,22.146598815918,-0.00244253570792674
215,22.146598815918,-0.00665162600962197
216.25,22.146598815918,-0.00935457073167415
217.5,22.146598815918,-0.0109269974293638
218.75,22.146598815918,-0.0117791390869352
220,22.146598815918,-0.0124851049871037
221.25,22.146598815918,-0.0132223906455289
222.5,22.146598815918,-0.0137141290944443
223.75,22.146598815918,-0.013532708354807
225,22.146598815918,-0.0126099185646019
226.25,22.146598815918,-0.0111472103275159
227.5,22.146598815918,-0.00972514726511082
228.75,22.146598815918,-0.0078432371366266
230,22.146598815918,-0.00508483456515471
231.25,22.146598815918,-0.00189751554735271
232.5,22.146598815918,0.000784453824132606
233.75,22.146598815918,0.00219913633692824
235,22.146598815918,0.00192744321011262
236.25,22.146598815918,0.000862946526858589
237.5,22.146598815918,0.000523588918642237
238.75,22.146598815918,0.00196669396368205
240,22.146598815918,0.00452734046598827
241.25,22.146598815918,0.00670935603170863
242.5,22.146598815918,0.00710181283613885
243.75,22.146598815918,0.00434317871740721
245,22.146598815918,0.000568916765168759
246.25,22.146598815918,-0.00470004439234015
247.5,22.146598815918,-0.00950089389616653
248.75,22.146598815918,-0.0114922211189402
250,22.146598815918,-0.010142214614364
160,23.0890045166016,-0.0167078710725343
161.25,23.0890045166016,-0.0154991610068175
162.5,23.0890045166016,-0.0135431704665468
163.75,23.0890045166016,-0.0111352769611121
165,23.0890045166016,-0.00835479708185588
166.25,23.0890045166016,-0.00517350623270399
167.5,23.0890045166016,-0.00159659984775538
168.75,23.0890045166016,0.00205160587506299
170,23.0890045166016,0.00491659506570904
171.25,23.0890045166016,0.00753338894296483
172.5,23.0890045166016,0.00969456687494487
173.75,23.0890045166016,0.0112437634067657
175,23.0890045166016,0.0122156894049243
176.25,23.0890045166016,0.0125648535416454
177.5,23.0890045166016,0.0122643414223074
178.75,23.0890045166016,0.0110598033664336
180,23.0890045166016,0.00925006162185787
181.25,23.0890045166016,0.00690338217167727
182.5,23.0890045166016,0.00460669211857575
183.75,23.0890045166016,0.00289715474113591
185,23.0890045166016,0.00256189707390388
186.25,23.0890045166016,0.00370264918302843
187.5,23.0890045166016,0.0054285259483392
188.75,23.0890045166016,0.00746048405356518
190,23.0890045166016,0.00984009889179073
191.25,23.0890045166016,0.0121259931889646
192.5,23.0890045166016,0.0145275410670112
193.75,23.0890045166016,0.0156962052016871
195,23.0890045166016,0.0163105591023032
196.25,23.0890045166016,0.0178077191058503
197.5,23.0890045166016,0.0206349601130651
198.75,23.0890045166016,0.0241492857437618
200,23.0890045166016,0.0271274116704415
201.25,23.0890045166016,0.0286881482128547
202.5,23.0890045166016,0.0285002146575793
203.75,23.0890045166016,0.0269508134299412
205,23.0890045166016,0.0250299834259486
206.25,23.0890045166016,0.0235463262843859
207.5,23.0890045166016,0.022276261053488
208.75,23.0890045166016,0.0210715480181651
210,23.0890045166016,0.0193196108612636
211.25,23.0890045166016,0.0163552396352936
212.5,23.0890045166016,0.0117795104192118
213.75,23.0890045166016,0.00646372922956283
215,23.0890045166016,0.00176133117157936
216.25,23.0890045166016,-0.0017627619662335
217.5,23.0890045166016,-0.00456542898183886
218.75,23.0890045166016,-0.00661281633581765
220,23.0890045166016,-0.00828459828318195
221.25,23.0890045166016,-0.00979538863211197
222.5,23.0890045166016,-0.0108032447080592
223.75,23.0890045166016,-0.0110732404271489
225,23.0890045166016,-0.0107647521460634
226.25,23.0890045166016,-0.0105120101372909
227.5,23.0890045166016,-0.0103180979434416
228.75,23.0890045166016,-0.00964861586731745
230,23.0890045166016,-0.00827538587433549
231.25,23.0890045166016,-0.00648319929051318
232.5,23.0890045166016,-0.00473281018758733
233.75,23.0890045166016,-0.00350990418574251
235,23.0890045166016,-0.0033910650704989
236.25,23.0890045166016,-0.0034822429277338
237.5,23.0890045166016,-0.00200807258227913
238.75,23.0890045166016,0.00126881903510259
240,23.0890045166016,0.00483384756292865
241.25,23.0890045166016,0.00627728379663446
242.5,23.0890045166016,0.00439318648208352
243.75,23.0890045166016,0.00116660737772044
245,23.0890045166016,-0.00291400016361481
246.25,23.0890045166016,-0.00877228745572123
247.5,23.0890045166016,-0.0131187459917181
248.75,23.0890045166016,-0.0145578008398594
250,23.0890045166016,-0.0123095290206168
160,24.0314178466797,-0.0193655444686652
161.25,24.0314178466797,-0.018964137697737
162.5,24.0314178466797,-0.0180746398278688
163.75,24.0314178466797,-0.0166004036246645
165,24.0314178466797,-0.0141749832710429
166.25,24.0314178466797,-0.0108179435698273
167.5,24.0314178466797,-0.00698128756136555
168.75,24.0314178466797,-0.00315531568998743
170,24.0314178466797,0.000337300666619369
171.25,24.0314178466797,0.00313692597184964
172.5,24.0314178466797,0.00534767144269362
173.75,24.0314178466797,0.0070932252810901
175,24.0314178466797,0.00842986198330915
176.25,24.0314178466797,0.00923795337287029
177.5,24.0314178466797,0.00948995238298136
178.75,24.0314178466797,0.00897241678231005
180,24.0314178466797,0.00788915539705366
181.25,24.0314178466797,0.00642564718491282
182.5,24.0314178466797,0.00447948029611601
183.75,24.0314178466797,0.00222116713690732
185,24.0314178466797,0.0002217501698366
186.25,24.0314178466797,-0.000521602605044149
187.5,24.0314178466797,-4.37470236790934e-05
188.75,24.0314178466797,0.00146382709398539
190,24.0314178466797,0.00377868764805553
191.25,24.0314178466797,0.00651223863641199
192.5,24.0314178466797,0.00983707111911055
193.75,24.0314178466797,0.012112761189107
195,24.0314178466797,0.0135508839810268
196.25,24.0314178466797,0.0149477410247647
197.5,24.0314178466797,0.0173699456876807
198.75,24.0314178466797,0.0211266938661825
200,24.0314178466797,0.0248859458742369
201.25,24.0314178466797,0.0273611896879582
202.5,24.0314178466797,0.0281033664334734
203.75,24.0314178466797,0.0271831465936818
205,24.0314178466797,0.0261455804228805
206.25,24.0314178466797,0.025126710373709
207.5,24.0314178466797,0.0242363258595818
208.75,24.0314178466797,0.0239331642186526
210,24.0314178466797,0.0238341911564691
211.25,24.0314178466797,0.0226475756326859
212.5,24.0314178466797,0.0196753214903282
213.75,24.0314178466797,0.0150698972121471
215,24.0314178466797,0.0102963444303694
216.25,24.0314178466797,0.00617117827170931
217.5,24.0314178466797,0.00236807304583075
218.75,24.0314178466797,-0.000881538544306384
220,24.0314178466797,-0.00358916407813469
221.25,24.0314178466797,-0.00584679555915435
222.5,24.0314178466797,-0.0074642359525625
223.75,24.0314178466797,-0.00832940732936952
225,24.0314178466797,-0.0087357262501965
226.25,24.0314178466797,-0.00898635724915981
227.5,24.0314178466797,-0.00973805438371058
228.75,24.0314178466797,-0.0103407415855362
230,24.0314178466797,-0.0101986333842582
231.25,24.0314178466797,-0.00976105300899317
232.5,24.0314178466797,-0.00932104165385866
233.75,24.0314178466797,-0.00888880120684284
235,24.0314178466797,-0.00836006010500549
236.25,24.0314178466797,-0.0073925738673007
237.5,24.0314178466797,-0.00500151802268382
238.75,24.0314178466797,-0.000859563041156463
240,24.0314178466797,0.0031532210207096
241.25,24.0314178466797,0.00336944042882425
242.5,24.0314178466797,0.00051714740362961
243.75,24.0314178466797,-0.00245232086217961
245,24.0314178466797,-0.00640586123016351
246.25,24.0314178466797,-0.0109849250103335
247.5,24.0314178466797,-0.0138724033832405
248.75,24.0314178466797,-0.0142328154905116
250,24.0314178466797,-0.013760180208575
160,24.9738235473633,-0.0217099763950752
161.25,24.9738235473633,-0.0217730765445889
162.5,24.9738235473633,-0.0212864726126266
163.75,24.9738235473633,-0.0201380766759777
165,24.9738235473633,-0.0182169454040593
166.25,24.9738235473633,-0.0154137089476049
167.5,24.9738235473633,-0.0121287310763866
168.75,24.9738235473633,-0.00873746565972075
170,24.9738235473633,-0.00530142290649592
171.25,24.9738235473633,-0.00221746265517228
172.5,24.9738235473633,0.000156564724149047
173.75,24.9738235473633,0.00195443768298594
175,24.9738235473633,0.00321336205443217
176.25,24.9738235473633,0.00405673362858694
177.5,24.9738235473633,0.00452473856238069
178.75,24.9738235473633,0.00462765823720505
180,24.9738235473633,0.00445593117239634
181.25,24.9738235473633,0.00386988654652076
182.5,24.9738235473633,0.00295855256667852
183.75,24.9738235473633,0.00161720943099548
185,24.9738235473633,-4.81841404588477e-05
186.25,24.9738235473633,-0.00173987694814251
187.5,24.9738235473633,-0.00338715734830478
188.75,24.9738235473633,-0.00428457268048768
190,24.9738235473633,-0.0036881820069614
191.25,24.9738235473633,-0.00198039728943008
192.5,24.9738235473633,0.000909980509623555
193.75,24.9738235473633,0.00414655070718516
195,24.9738235473633,0.00688848344613743
196.25,24.9738235473633,0.00983658469162377
197.5,24.9738235473633,0.0130111394149763
198.75,24.9738235473633,0.0166403272940256
200,24.9738235473633,0.0202164699477317
201.25,24.9738235473633,0.0230972675433943
202.5,24.9738235473633,0.0248682112106481
203.75,24.9738235473633,0.0253726312287135
205,24.9738235473633,0.0255743686579099
206.25,24.9738235473633,0.025661125020229
207.5,24.9738235473633,0.0255740283556391
208.75,24.9738235473633,0.0250996599659288
210,24.9738235473633,0.0247951545763033
211.25,24.9738235473633,0.024898355174272
212.5,24.9738235473633,0.0243685710590967
213.75,24.9738235473633,0.0216048505622388
215,24.9738235473633,0.0174188569565637
216.25,24.9738235473633,0.0131560910470927
217.5,24.9738235473633,0.00881202577137755
218.75,24.9738235473633,0.00479910980781748
220,24.9738235473633,0.0013686360396324
221.25,24.9738235473633,-0.00146853175662841
222.5,24.9738235473633,-0.00356760865110012
223.75,24.9738235473633,-0.00483864666852973
225,24.9738235473633,-0.00582398980418337
226.25,24.9738235473633,-0.00683274182597744
227.5,24.9738235473633,-0.00828442349217591
228.75,24.9738235473633,-0.0097259505554206
230,24.9738235473633,-0.0106599841995512
231.25,24.9738235473633,-0.011333987845236
232.5,24.9738235473633,-0.0119379951245991
233.75,24.9738235473633,-0.0122561382339199
235,24.9738235473633,-0.0118641407762689
236.25,24.9738235473633,-0.0103874164970365
237.5,24.9738235473633,-0.00766028187676063
238.75,24.9738235473633,-0.00340174816021
240,24.9738235473633,0.000486147897206565
241.25,24.9738235473633,1.06796215476297e-05
242.5,24.9738235473633,-0.00272175056503851
243.75,24.9738235473633,-0.00574482762661589
245,24.9738235473633,-0.00922597886475558
246.25,24.9738235473633,-0.0118512816986191
247.5,24.9738235473633,-0.0125082381831004
248.75,24.9738235473633,-0.0142982391311601
250,24.9738235473633,-0.0153601005831832
160,25.9162292480469,-0.0248975066519371
161.25,25.9162292480469,-0.0248820526460828
162.5,25.9162292480469,-0.0244207560522945
163.75,25.9162292480469,-0.0231343390235404
165,25.9162292480469,-0.0208919342096789
166.25,25.9162292480469,-0.017893419372794
167.5,25.9162292480469,-0.0147494105287994
168.75,25.9162292480469,-0.0120902576911958
170,25.9162292480469,-0.00946930582215119
171.25,25.9162292480469,-0.00717913742525266
172.5,25.9162292480469,-0.00497094493378436
173.75,25.9162292480469,-0.00292299939380456
175,25.9162292480469,-0.00151162882872704
176.25,25.9162292480469,-0.000738606210219403
177.5,25.9162292480469,-0.000499263480443568
178.75,25.9162292480469,-0.000437370807069711
180,25.9162292480469,-0.000175559956324832
181.25,25.9162292480469,0.000154357385061229
182.5,25.9162292480469,0.000400587832403142
183.75,25.9162292480469,0.000494760002235247
185,25.9162292480469,0.000211459249418476
186.25,25.9162292480469,-0.000589015936405223
187.5,25.9162292480469,-0.00211461968034793
188.75,25.9162292480469,-0.00387471469413816
190,25.9162292480469,-0.00499849671599854
191.25,25.9162292480469,-0.00544271089722033
192.5,25.9162292480469,-0.00515705995868964
193.75,25.9162292480469,-0.00372795810534441
195,25.9162292480469,-0.00116532270623838
196.25,25.9162292480469,0.00241724349955956
197.5,25.9162292480469,0.00660174496326227
198.75,25.9162292480469,0.0114955889665866
200,25.9162292480469,0.0159655096021615
201.25,25.9162292480469,0.019011523929073
202.5,25.9162292480469,0.0210699858368365
203.75,25.9162292480469,0.0225345083324336
205,25.9162292480469,0.0241582169569906
206.25,25.9162292480469,0.025562801548027
207.5,25.9162292480469,0.0263860275358147
208.75,25.9162292480469,0.0263194863410227
210,25.9162292480469,0.0251741896382809
211.25,25.9162292480469,0.0239663715477699
212.5,25.9162292480469,0.024098667031048
213.75,25.9162292480469,0.0241782779985284
215,25.9162292480469,0.0223187173898044
216.25,25.9162292480469,0.0188873966799658
217.5,25.9162292480469,0.0146488404218688
218.75,25.9162292480469,0.0103064666931093
220,25.9162292480469,0.00652138458148088
221.25,25.9162292480469,0.00332085203444855
222.5,25.9162292480469,0.000791013779966798
223.75,25.9162292480469,-0.00104169348327255
225,25.9162292480469,-0.0024200809744613
226.25,25.9162292480469,-0.00383980434104547
227.5,25.9162292480469,-0.00580449825936552
228.75,25.9162292480469,-0.00781627153955703
230,25.9162292480469,-0.00952951121637944
231.25,25.9162292480469,-0.0109498454307865
232.5,25.9162292480469,-0.0121302807293639
233.75,25.9162292480469,-0.0132465971125369
235,25.9162292480469,-0.013669305638597
236.25,25.9162292480469,-0.0125606834175764
237.5,25.9162292480469,-0.00970251426863671
238.75,25.9162292480469,-0.0050689667436487
240,25.9162292480469,-0.00133333620396817
241.25,25.9162292480469,-0.00213721180203645
242.5,25.9162292480469,-0.00470770521512033
243.75,25.9162292480469,-0.0078048493890951
245,25.9162292480469,-0.0106495552903735
246.25,25.9162292480469,-0.011487020227601
247.5,25.9162292480469,-0.0116879715302059
248.75,25.9162292480469,-0.0181695660004463
250,25.9162292480469,-0.0177522095190674
160,26.858642578125,-0.0291707270187158
161.25,26.858642578125,-0.0293203940402963
162.5,26.858642578125,-0.0290372131952219
163.75,26.858642578125,-0.0282068427511334
165,26.858642578125,-0.0264088472090147
166.25,26.858642578125,-0.023327515235471
167.5,26.858642578125,-0.019504532751645
168.75,26.858642578125,-0.0159075859270775
170,26.858642578125,-0.0128906749626866
171.25,26.858642578125,-0.0115210411285703
172.5,26.858642578125,-0.0100846802654858
173.75,26.858642578125,-0.00834636267734117
175,26.858642578125,-0.00674820221709547
176.25,26.858642578125,-0.00572702725896604
177.5,26.858642578125,-0.00525052288161934
178.75,26.858642578125,-0.0049760213558136
180,26.858642578125,-0.0042233514542763
181.25,26.858642578125,-0.00296105011458908
182.5,26.858642578125,-0.00172223953930491
183.75,26.858642578125,-0.000666815777869158
185,26.858642578125,0.000118821248689852
186.25,26.858642578125,0.000570705347476909
187.5,26.858642578125,0.000414262742544224
188.75,26.858642578125,-0.000175799833532399
190,26.858642578125,-0.000840602523337593
191.25,26.858642578125,-0.00151377327531307
192.5,26.858642578125,-0.00244701818499201
193.75,26.858642578125,-0.00321953879636982
195,26.858642578125,-0.00297174676257898
196.25,26.858642578125,-0.00138456962990955
197.5,26.858642578125,0.00125537847878169
198.75,26.858642578125,0.00553194571190482
200,26.858642578125,0.0108922212666762
201.25,26.858642578125,0.0153741451686431
202.5,26.858642578125,0.0179246342940794
203.75,26.858642578125,0.0192132286357312
205,26.858642578125,0.0214518344520823
206.25,26.858642578125,0.0245284543153634
207.5,26.858642578125,0.0271002485216133
208.75,26.858642578125,0.0281476272874081
210,26.858642578125,0.027631091984486
211.25,26.858642578125,0.025957499575026
212.5,26.858642578125,0.0242035145478345
213.75,26.858642578125,0.0239966024317704
215,26.858642578125,0.024318782101147
216.25,26.858642578125,0.0230612973221509
217.5,26.858642578125,0.0196873594860013
218.75,26.858642578125,0.0156939400126996
220,26.858642578125,0.0117902157257537
221.25,26.858642578125,0.00825632455416331
222.5,26.858642578125,0.00533657801883798
223.75,26.858642578125,0.00299601851907148
225,26.858642578125,0.00114828545620217
226.25,26.858642578125,-0.000545001378178849
227.5,26.858642578125,-0.00292553432108997
228.75,26.858642578125,-0.00530813739737291
230,26.858642578125,-0.00730324446053217
231.25,26.858642578125,-0.00899389175482871
232.5,26.858642578125,-0.0105071879360517
233.75,26.858642578125,-0.0121594554139403
235,26.858642578125,-0.0137168921165653
236.25,26.858642578125,-0.0137145846293089
237.5,26.858642578125,-0.0108606460718572
238.75,26.858642578125,-0.00555266812081362
240,26.858642578125,-0.0020852026373798
241.25,26.858642578125,-0.0031346870842285
242.5,26.858642578125,-0.00590024986010575
243.75,26.858642578125,-0.00891923397826513
245,26.858642578125,-0.0106339701364018
246.25,26.858642578125,-0.0108825924781341
247.5,26.858642578125,-0.0186472387978754
248.75,26.858642578125,-0.0192567953276481
250,26.858642578125,-0.0194113931351965
160,27.8010482788086,-0.0301809527176687
161.25,27.8010482788086,-0.0318523169509335
162.5,27.8010482788086,-0.0325324485377056
163.75,27.8010482788086,-0.0327155404785182
165,27.8010482788086,-0.0324190140170984
166.25,27.8010482788086,-0.0311074888501129
167.5,27.8010482788086,-0.0283898889099621
168.75,27.8010482788086,-0.0239574838872319
170,27.8010482788086,-0.0189674521566088
171.25,27.8010482788086,-0.016349348627585
172.5,27.8010482788086,-0.0151902890667649
173.75,27.8010482788086,-0.014084153329974
175,27.8010482788086,-0.0126570954897102
176.25,27.8010482788086,-0.0113315713901848
177.5,27.8010482788086,-0.0103242697343449
178.75,27.8010482788086,-0.00933799774076713
180,27.8010482788086,-0.00788937066686937
181.25,27.8010482788086,-0.00599418610580978
182.5,27.8010482788086,-0.00408196076607394
183.75,27.8010482788086,-0.00238201820194366
185,27.8010482788086,-0.000752192253839843
186.25,27.8010482788086,0.00085405138268726
187.5,27.8010482788086,0.00217694747181167
188.75,27.8010482788086,0.00311013356393261
190,27.8010482788086,0.00362582679390661
191.25,27.8010482788086,0.00354181359634043
192.5,27.8010482788086,0.00273774912464395
193.75,27.8010482788086,0.00170282857338694
195,27.8010482788086,0.00096033259160144
196.25,27.8010482788086,0.000979085547436518
197.5,27.8010482788086,0.00189898669201511
198.75,27.8010482788086,0.00414694470076903
200,27.8010482788086,0.00791491349665074
201.25,27.8010482788086,0.0120540496084871
202.5,27.8010482788086,0.0149899058921343
203.75,27.8010482788086,0.0163792976916508
205,27.8010482788086,0.0177184793129442
206.25,27.8010482788086,0.0211245376960782
207.5,27.8010482788086,0.0257201372159422
208.75,27.8010482788086,0.0292714595160331
210,27.8010482788086,0.0308238711156314
211.25,27.8010482788086,0.0308235319137698
212.5,27.8010482788086,0.0293347533761791
213.75,27.8010482788086,0.0270329050755324
215,27.8010482788086,0.0253347538006873
216.25,27.8010482788086,0.0247679421083512
217.5,27.8010482788086,0.0229623037793206
218.75,27.8010482788086,0.0198523129816635
220,27.8010482788086,0.0165896840086906
221.25,27.8010482788086,0.0133360565531896
222.5,27.8010482788086,0.0102510090681419
223.75,27.8010482788086,0.00738074175653157
225,27.8010482788086,0.0049438764362066
226.25,27.8010482788086,0.00283756555042158
227.5,27.8010482788086,2.58292808339925e-05
228.75,27.8010482788086,-0.00261167736168553
230,27.8010482788086,-0.00468289697499218
231.25,27.8010482788086,-0.00648812216627802
232.5,27.8010482788086,-0.00814456368528653
233.75,27.8010482788086,-0.0100477164846601
235,27.8010482788086,-0.0121862813791614
236.25,27.8010482788086,-0.0129838377913906
237.5,27.8010482788086,-0.0101182575848962
238.75,27.8010482788086,-0.00445093115613285
240,27.8010482788086,-0.00140265404845904
241.25,27.8010482788086,-0.00309263726358809
242.5,27.8010482788086,-0.0063265478219419
243.75,27.8010482788086,-0.00896809196182305
245,27.8010482788086,-0.00835746335128658
246.25,27.8010482788086,-0.00695648631017048
247.5,27.8010482788086,-0.0208906097423932
248.75,27.8010482788086,-0.0205456535388219
250,27.8010482788086,-0.0196890657820537
160,28.7434539794922,-0.0255530680065185
161.25,28.7434539794922,-0.0292243365133092
162.5,28.7434539794922,-0.0313599694624193
163.75,28.7434539794922,-0.0327043129710062
165,28.7434539794922,-0.0337222178916896
166.25,28.7434539794922,-0.0342769147015924
167.5,28.7434539794922,-0.0333803218321004
168.75,28.7434539794922,-0.0304471725959042
170,28.7434539794922,-0.0262056279274219
171.25,28.7434539794922,-0.0228364228936953
172.5,28.7434539794922,-0.0205626776125571
173.75,28.7434539794922,-0.0189707815455667
175,28.7434539794922,-0.0175280121940988
176.25,28.7434539794922,-0.0161789727835755
177.5,28.7434539794922,-0.014773351085746
178.75,28.7434539794922,-0.0131632557271143
180,28.7434539794922,-0.0110325416448822
181.25,28.7434539794922,-0.00880190135141229
182.5,28.7434539794922,-0.00661400265573602
183.75,28.7434539794922,-0.00438445269689359
185,28.7434539794922,-0.00206812911707384
186.25,28.7434539794922,0.000210555315597379
187.5,28.7434539794922,0.00239363828623465
188.75,28.7434539794922,0.00428480116595454
190,28.7434539794922,0.00576052463235215
191.25,28.7434539794922,0.00664056051814426
192.5,28.7434539794922,0.00656097885452292
193.75,28.7434539794922,0.00578187963235179
195,28.7434539794922,0.00479921266265956
196.25,28.7434539794922,0.00430367396018576
197.5,28.7434539794922,0.00467721216836481
198.75,28.7434539794922,0.00616503157236406
200,28.7434539794922,0.0088713487891557
201.25,28.7434539794922,0.0121751254771223
202.5,28.7434539794922,0.0147542570555111
203.75,28.7434539794922,0.0160260739413787
205,28.7434539794922,0.0167952922455697
206.25,28.7434539794922,0.0183208587549401
207.5,28.7434539794922,0.0218708606715788
208.75,28.7434539794922,0.0268529252930534
210,28.7434539794922,0.0315045576386974
211.25,28.7434539794922,0.0345863520968793
212.5,28.7434539794922,0.0352199167343186
213.75,28.7434539794922,0.0333966293341977
215,28.7434539794922,0.0299905644545598
216.25,28.7434539794922,0.0266132764825511
217.5,28.7434539794922,0.0246697296690839
218.75,28.7434539794922,0.0230653656689521
220,28.7434539794922,0.0209417976107583
221.25,28.7434539794922,0.0182995399515066
222.5,28.7434539794922,0.0151843479400437
223.75,28.7434539794922,0.0119107247513945
225,28.7434539794922,0.00897618555438924
226.25,28.7434539794922,0.00650269287586893
227.5,28.7434539794922,0.00344712327281227
228.75,28.7434539794922,0.000328793792853619
230,28.7434539794922,-0.00211599129130751
231.25,28.7434539794922,-0.00422301561733407
232.5,28.7434539794922,-0.00601257825482501
233.75,28.7434539794922,-0.00795798324713167
235,28.7434539794922,-0.0100884419892667
236.25,28.7434539794922,-0.0111991207966824
237.5,28.7434539794922,-0.00869508172387214
238.75,28.7434539794922,-0.00312476985225697
240,28.7434539794922,-0.000593931007981569
241.25,28.7434539794922,-0.00302248995995032
242.5,28.7434539794922,-0.00673814210555442
243.75,28.7434539794922,-0.00913676255291926
245,28.7434539794922,-0.00737769915799762
246.25,28.7434539794922,-0.003079056762959
160,29.6858673095703,-0.0141007072536255
161.25,29.6858673095703,-0.0198039807614399
162.5,29.6858673095703,-0.0238239606484552
163.75,29.6858673095703,-0.0261177365397924
165,29.6858673095703,-0.0276201782282194
166.25,29.6858673095703,-0.0294466384620182
167.5,29.6858673095703,-0.0310114069035883
168.75,29.6858673095703,-0.0310216080768005
170,29.6858673095703,-0.0297504089194399
171.25,29.6858673095703,-0.0279382051445083
172.5,29.6858673095703,-0.0254259921762236
173.75,29.6858673095703,-0.0225394067141824
175,29.6858673095703,-0.0202119410810958
176.25,29.6858673095703,-0.0181724195531276
177.5,29.6858673095703,-0.0162449788663668
178.75,29.6858673095703,-0.0143131414688965
180,29.6858673095703,-0.0119299507705316
181.25,29.6858673095703,-0.00956086431305771
182.5,29.6858673095703,-0.00731873613969405
183.75,29.6858673095703,-0.00521065186525463
185,29.6858673095703,-0.00304053718795886
186.25,29.6858673095703,-0.000558000775491619
187.5,29.6858673095703,0.00197636922830017
188.75,29.6858673095703,0.00403314840722306
190,29.6858673095703,0.00542270617510621
191.25,29.6858673095703,0.00630435648811574
192.5,29.6858673095703,0.0066839617328405
193.75,29.6858673095703,0.00660008488218115
195,29.6858673095703,0.00566956276422376
196.25,29.6858673095703,0.0051775087567646
197.5,29.6858673095703,0.0057244980878551
198.75,29.6858673095703,0.00781232867686427
200,29.6858673095703,0.0108457956141393
201.25,29.6858673095703,0.0138906754290507
202.5,29.6858673095703,0.0159954954550183
203.75,29.6858673095703,0.0171247479915729
205,29.6858673095703,0.018299029662615
206.25,29.6858673095703,0.0193328600736429
207.5,29.6858673095703,0.0211125149594832
208.75,29.6858673095703,0.0244522561361273
210,29.6858673095703,0.0291317853490797
211.25,29.6858673095703,0.0340319489586205
212.5,29.6858673095703,0.0374365139002056
213.75,29.6858673095703,0.0385193821157519
215,29.6858673095703,0.0370199101885287
216.25,29.6858673095703,0.0327723914323094
217.5,29.6858673095703,0.0280703486392605
218.75,29.6858673095703,0.0257110602220855
220,29.6858673095703,0.0244880476436471
221.25,29.6858673095703,0.0225988435668728
222.5,29.6858673095703,0.0199070662419535
223.75,29.6858673095703,0.0166642132142624
225,29.6858673095703,0.0133948921024259
226.25,29.6858673095703,0.010425281237286
227.5,29.6858673095703,0.00708966084700091
228.75,29.6858673095703,0.003419734518315
230,29.6858673095703,0.000514387200684368
231.25,29.6858673095703,-0.00178847496073392
232.5,29.6858673095703,-0.00406466993827403
233.75,29.6858673095703,-0.00628809344566979
235,29.6858673095703,-0.00827413013841473
236.25,29.6858673095703,-0.00925169005075073
237.5,29.6858673095703,-0.00692953358667926
238.75,29.6858673095703,-0.00198918612056266
240,29.6858673095703,-8.92658989256621e-05
241.25,29.6858673095703,-0.00304006973203735
242.5,29.6858673095703,-0.00721884995968148
243.75,29.6858673095703,-0.00948332403943724
245,29.6858673095703,-0.00964175025377229
160,30.6282730102539,-0.00356876149089103
161.25,30.6282730102539,-0.00884851912274037
162.5,30.6282730102539,-0.0136522091862697
163.75,30.6282730102539,-0.0166318035370633
165,30.6282730102539,-0.0180377109908482
166.25,30.6282730102539,-0.0196889327583598
167.5,30.6282730102539,-0.021791013697606
168.75,30.6282730102539,-0.0233855046534762
170,30.6282730102539,-0.0248965973582096
171.25,30.6282730102539,-0.0255646278516816
172.5,30.6282730102539,-0.0240392787500402
173.75,30.6282730102539,-0.0212213269898104
175,30.6282730102539,-0.018819033480088
176.25,30.6282730102539,-0.0162368831617399
177.5,30.6282730102539,-0.0133809132985155
178.75,30.6282730102539,-0.0111506293669505
180,30.6282730102539,-0.00926235424645277
181.25,30.6282730102539,-0.00768795479774645
182.5,30.6282730102539,-0.0060934634962037
183.75,30.6282730102539,-0.00466733790730085
185,30.6282730102539,-0.00297881552438051
186.25,30.6282730102539,-0.000666530508865085
187.5,30.6282730102539,0.0017974623794708
188.75,30.6282730102539,0.00326858520595019
190,30.6282730102539,0.00357169790886428
191.25,30.6282730102539,0.00366043682813754
192.5,30.6282730102539,0.00386058076482827
193.75,30.6282730102539,0.00414209731402544
195,30.6282730102539,0.0038997047702346
196.25,30.6282730102539,0.00354673936911811
197.5,30.6282730102539,0.00416506550204103
198.75,30.6282730102539,0.00697944103502026
200,30.6282730102539,0.0109666993667897
201.25,30.6282730102539,0.014671574136386
202.5,30.6282730102539,0.0170550144595333
203.75,30.6282730102539,0.0181868453825485
205,30.6282730102539,0.0191526221243939
206.25,30.6282730102539,0.0207027050746022
207.5,30.6282730102539,0.0223539347510256
208.75,30.6282730102539,0.0245002663322186
210,30.6282730102539,0.0276527322997562
211.25,30.6282730102539,0.0317719541958034
212.5,30.6282730102539,0.0360734855771761
213.75,30.6282730102539,0.0396728794949386
215,30.6282730102539,0.0412372864905171
216.25,30.6282730102539,0.0390706031069955
217.5,30.6282730102539,0.0344031434520931
218.75,30.6282730102539,0.0304673819235227
220,30.6282730102539,0.0279452471237347
221.25,30.6282730102539,0.026254711591035
222.5,30.6282730102539,0.0237851183956396
223.75,30.6282730102539,0.0205300181261384
225,30.6282730102539,0.0171285631282132
226.25,30.6282730102539,0.0138308341482851
227.5,30.6282730102539,0.0104380706483192
228.75,30.6282730102539,0.00660012874936686
230,30.6282730102539,0.0033375129301712
231.25,30.6282730102539,0.000892309336349587
232.5,30.6282730102539,-0.00177870211130669
233.75,30.6282730102539,-0.00444490054983361
235,30.6282730102539,-0.00644221030324468
236.25,30.6282730102539,-0.00697421459929103
237.5,30.6282730102539,-0.0046015232144282
238.75,30.6282730102539,-0.000819620193816897
240,30.6282730102539,0.000159313910829697
241.25,30.6282730102539,-0.00325740879195553
242.5,30.6282730102539,-0.00700265674742008
243.75,30.6282730102539,-0.00868404638889743
160,31.5706787109375,0.00416137002913755
161.25,31.5706787109375,-3.55576836518414e-05
162.5,31.5706787109375,-0.00414273584639168
163.75,31.5706787109375,-0.00689286102266728
165,31.5706787109375,-0.00775478990516983
166.25,31.5706787109375,-0.00839330752075014
167.5,31.5706787109375,-0.00978380195784236
168.75,31.5706787109375,-0.0115159721155953
170,31.5706787109375,-0.0140060483103232
171.25,31.5706787109375,-0.0165753318402326
172.5,31.5706787109375,-0.0160550653449295
173.75,31.5706787109375,-0.0145487181887159
175,31.5706787109375,-0.0134046216373847
176.25,31.5706787109375,-0.0114109807517916
177.5,31.5706787109375,-0.00854971503064668
178.75,31.5706787109375,-0.00604196284246406
180,31.5706787109375,-0.00423420467126993
181.25,31.5706787109375,-0.00371623845605076
182.5,31.5706787109375,-0.00372122064692144
183.75,31.5706787109375,-0.0027095044284703
185,31.5706787109375,-0.000804571822935493
186.25,31.5706787109375,0.00128133664279825
187.5,31.5706787109375,0.00262824845139643
188.75,31.5706787109375,0.00252996739367975
190,31.5706787109375,0.00125930878918544
191.25,31.5706787109375,-6.56007851291227e-05
192.5,31.5706787109375,-0.000602347121558388
193.75,31.5706787109375,-6.30129250369892e-05
195,31.5706787109375,0.000722198319161784
196.25,31.5706787109375,0.00119809869251129
197.5,31.5706787109375,0.00189210801306237
198.75,31.5706787109375,0.00447848933243149
200,31.5706787109375,0.00849103895827922
201.25,31.5706787109375,0.0124674719406208
202.5,31.5706787109375,0.0153891976376875
203.75,31.5706787109375,0.0172006998482049
205,31.5706787109375,0.0187655378910299
206.25,31.5706787109375,0.0209427040713508
207.5,31.5706787109375,0.0229096441103948
208.75,31.5706787109375,0.0249907805678282
210,31.5706787109375,0.0275549002467649
211.25,31.5706787109375,0.0306850475492498
212.5,31.5706787109375,0.0344425393239204
213.75,31.5706787109375,0.0386237085436375
215,31.5706787109375,0.042002358652746
216.25,31.5706787109375,0.0424087297061482
217.5,31.5706787109375,0.0396935423173541
218.75,31.5706787109375,0.0359041153600369
220,31.5706787109375,0.0321941851535779
221.25,31.5706787109375,0.0297502565078635
222.5,31.5706787109375,0.0274303029738284
223.75,31.5706787109375,0.0238202656493674
225,31.5706787109375,0.0197270576407053
226.25,31.5706787109375,0.0159316462144304
227.5,31.5706787109375,0.0123635138601655
228.75,31.5706787109375,0.00868137498698479
230,31.5706787109375,0.00570946603412896
231.25,31.5706787109375,0.003646840504721
232.5,31.5706787109375,0.00122156283785381
233.75,31.5706787109375,-0.00160513168898605
235,31.5706787109375,-0.00377777958386214
236.25,31.5706787109375,-0.00407563632676294
237.5,31.5706787109375,-0.00168913423887427
238.75,31.5706787109375,0.000833532459906952
240,31.5706787109375,0.00100499414923042
241.25,31.5706787109375,-0.00240956179509462
242.5,31.5706787109375,-0.0057774255602452
243.75,31.5706787109375,-0.00799770321446912
160,32.5130920410156,0.00822358180280716
161.25,32.5130920410156,0.00438839728832568
162.5,32.5130920410156,0.00128988038457602
163.75,32.5130920410156,-0.000458124303547233
165,32.5130920410156,-0.000480938147988035
166.25,32.5130920410156,0.000493974285221478
167.5,32.5130920410156,0.000761584715137257
168.75,32.5130920410156,-0.000263914750467166
170,32.5130920410156,-0.00215254232590316
171.25,32.5130920410156,-0.00429612732669648
172.5,32.5130920410156,-0.00415460656050118
173.75,32.5130920410156,-0.00376526067490793
175,32.5130920410156,-0.00436989076533155
176.25,32.5130920410156,-0.00400844028548779
177.5,32.5130920410156,-0.00248447396266941
178.75,32.5130920410156,-0.00056359327941688
180,32.5130920410156,0.000818138027826358
181.25,32.5130920410156,0.000138695446330269
182.5,32.5130920410156,-0.00148212402427226
183.75,32.5130920410156,-0.000339212892593575
185,32.5130920410156,0.00199959338230876
186.25,32.5130920410156,0.00345277422279207
187.5,32.5130920410156,0.0033623312117285
188.75,32.5130920410156,0.00186238139295899
190,32.5130920410156,-0.000333662407057789
191.25,32.5130920410156,-0.00261808903529627
192.5,32.5130920410156,-0.00414500178091249
193.75,32.5130920410156,-0.00441281355555626
195,32.5130920410156,-0.00347678850560833
196.25,32.5130920410156,-0.00231045893996123
197.5,32.5130920410156,-0.0013533709277153
198.75,32.5130920410156,0.000939511416407548
200,32.5130920410156,0.00452157837064445
201.25,32.5130920410156,0.00829228871291746
202.5,32.5130920410156,0.0115283904325863
203.75,32.5130920410156,0.0141663814197762
205,32.5130920410156,0.0168056043594073
206.25,32.5130920410156,0.0199273472991956
207.5,32.5130920410156,0.0229507056478211
208.75,32.5130920410156,0.0256388746315768
210,32.5130920410156,0.0284679961680109
211.25,32.5130920410156,0.0313553654366038
212.5,32.5130920410156,0.034429621341678
213.75,32.5130920410156,0.03788314073667
215,32.5130920410156,0.0412772645941535
216.25,32.5130920410156,0.0432525827590194
217.5,32.5130920410156,0.0429512922321965
218.75,32.5130920410156,0.0406238688497885
220,32.5130920410156,0.0367068956243017
221.25,32.5130920410156,0.0334971830086507
222.5,32.5130920410156,0.0306930084256216
223.75,32.5130920410156,0.0265371240878479
225,32.5130920410156,0.0215496012432107
226.25,32.5130920410156,0.0170626886987638
227.5,32.5130920410156,0.0129087916131475
228.75,32.5130920410156,0.00920230347274272
230,32.5130920410156,0.00669575651691445
231.25,32.5130920410156,0.00520720984188594
232.5,32.5130920410156,0.00346949276435745
233.75,32.5130920410156,0.00119756427815128
235,32.5130920410156,-0.000824803373460195
236.25,32.5130920410156,-0.0010646826249113
237.5,32.5130920410156,0.000495756865298347
238.75,32.5130920410156,0.00152845086407045
240,32.5130920410156,0.00107674103709698
241.25,32.5130920410156,-0.00145092615163174
242.5,32.5130920410156,-0.00414764049090795
160,33.4554977416992,0.0123394556013587
161.25,33.4554977416992,0.00876659819341455
162.5,33.4554977416992,0.00557671746658926
163.75,33.4554977416992,0.00391252769484277
165,33.4554977416992,0.00366941974579129
166.25,33.4554977416992,0.00451029387383614
167.5,33.4554977416992,0.00510014127924874
168.75,33.4554977416992,0.00476426957068323
170,33.4554977416992,0.0040757668681796
171.25,33.4554977416992,0.00339406002584402
172.5,33.4554977416992,0.0041994975291814
173.75,33.4554977416992,0.00455679667149224
175,33.4554977416992,0.003442404998237
176.25,33.4554977416992,0.00273171922538427
177.5,33.4554977416992,0.0033522193210916
178.75,33.4554977416992,0.00477970285523581
180,33.4554977416992,0.00545304226637179
181.25,33.4554977416992,0.00404052730528252
182.5,33.4554977416992,0.002272981277599
183.75,33.4554977416992,0.00334151961986449
185,33.4554977416992,0.00534055347922656
186.25,33.4554977416992,0.00599305291702994
187.5,33.4554977416992,0.00480775130931569
188.75,33.4554977416992,0.00223925923352814
190,33.4554977416992,-0.0004078823872437
191.25,33.4554977416992,-0.00303613417603356
192.5,33.4554977416992,-0.0053870013104445
193.75,33.4554977416992,-0.00655616988699672
195,33.4554977416992,-0.00629797544791575
196.25,33.4554977416992,-0.00533996572525982
197.5,33.4554977416992,-0.00433827741754167
198.75,33.4554977416992,-0.00231454155631481
200,33.4554977416992,0.000546226415990666
201.25,33.4554977416992,0.00350679240777231
202.5,33.4554977416992,0.0065011048986611
203.75,33.4554977416992,0.00973299656339181
205,33.4554977416992,0.0132030416255665
206.25,33.4554977416992,0.0170492745055879
207.5,33.4554977416992,0.0213959611080555
208.75,33.4554977416992,0.0250782432270168
210,33.4554977416992,0.028478210116149
211.25,33.4554977416992,0.0316883855803941
212.5,33.4554977416992,0.0348574102349795
213.75,33.4554977416992,0.0379821871095752
215,33.4554977416992,0.0409658433915056
216.25,33.4554977416992,0.0433833979691873
217.5,33.4554977416992,0.0447007784194066
218.75,33.4554977416992,0.0438355173490923
220,33.4554977416992,0.0404536439068545
221.25,33.4554977416992,0.0368550460452157
222.5,33.4554977416992,0.03357983531252
223.75,33.4554977416992,0.0294215090562805
225,33.4554977416992,0.023941606693965
226.25,33.4554977416992,0.0183503884790283
227.5,33.4554977416992,0.0131360168858765
228.75,33.4554977416992,0.00896499499259589
230,33.4554977416992,0.00661414348847039
231.25,33.4554977416992,0.00543857936548272
232.5,33.4554977416992,0.00453205063082069
233.75,33.4554977416992,0.00307039603863618
235,33.4554977416992,0.00146678930093136
236.25,33.4554977416992,0.000741223615753365
237.5,33.4554977416992,0.000496353248834155
238.75,33.4554977416992,8.5167020939316e-05
240,33.4554977416992,-0.000291009991415798
241.25,33.4554977416992,-0.00119547689665392
242.5,33.4554977416992,-0.00362387411291235
160,34.3979034423828,0.0165142580309154
161.25,34.3979034423828,0.0146278311892568
162.5,34.3979034423828,0.0118307018142507
163.75,34.3979034423828,0.00983929339161193
165,34.3979034423828,0.00851752222091674
166.25,34.3979034423828,0.00760753559876327
167.5,34.3979034423828,0.00718614642877241
168.75,34.3979034423828,0.00698087945993614
170,34.3979034423828,0.00741910548411281
171.25,34.3979034423828,0.0083261409919373
172.5,34.3979034423828,0.0091277544926658
173.75,34.3979034423828,0.0095232113230493
175,34.3979034423828,0.00879021434247131
176.25,34.3979034423828,0.00783155494248768
177.5,34.3979034423828,0.00813752206048134
178.75,34.3979034423828,0.00924752303863415
180,34.3979034423828,0.00931040682037937
181.25,34.3979034423828,0.00767653907375798
182.5,34.3979034423828,0.00632951885155181
183.75,34.3979034423828,0.00673983260109196
185,34.3979034423828,0.00808317798889601
186.25,34.3979034423828,0.00849080926758717
187.5,34.3979034423828,0.00698826154465363
188.75,34.3979034423828,0.0041472425353972
190,34.3979034423828,0.00116715516333958
191.25,34.3979034423828,-0.00155721452099056
192.5,34.3979034423828,-0.00417675583770811
193.75,34.3979034423828,-0.00620426647551983
195,34.3979034423828,-0.00716118333033303
196.25,34.3979034423828,-0.00696926961622484
197.5,34.3979034423828,-0.00604919397987052
198.75,34.3979034423828,-0.00425769584005813
200,34.3979034423828,-0.00188850465101608
201.25,34.3979034423828,0.000508008679268994
202.5,34.3979034423828,0.00295923791030441
203.75,34.3979034423828,0.00581561603671824
205,34.3979034423828,0.00919183526713672
206.25,34.3979034423828,0.0130255231671428
207.5,34.3979034423828,0.0174631077987549
208.75,34.3979034423828,0.0224138840280118
210,34.3979034423828,0.0268007662147258
211.25,34.3979034423828,0.0308314007418492
212.5,34.3979034423828,0.0344778340358562
213.75,34.3979034423828,0.0374883011694966
215,34.3979034423828,0.0401330559215455
216.25,34.3979034423828,0.0427013111524074
217.5,34.3979034423828,0.0448044603935637
218.75,34.3979034423828,0.0451654376121604
220,34.3979034423828,0.0429640262667281
221.25,34.3979034423828,0.0399482183230349
222.5,34.3979034423828,0.0362227912110249
223.75,34.3979034423828,0.0320175310313991
225,34.3979034423828,0.0267533223154266
226.25,34.3979034423828,0.0205283189462888
227.5,34.3979034423828,0.0142523543639754
228.75,34.3979034423828,0.00923563573041445
230,34.3979034423828,0.00651489003655871
231.25,34.3979034423828,0.00547928728110754
232.5,34.3979034423828,0.0049454377077658
233.75,34.3979034423828,0.00377747914268679
235,34.3979034423828,0.00241827671515057
236.25,34.3979034423828,0.000906395655659947
237.5,34.3979034423828,-0.000676264835570724
238.75,34.3979034423828,-0.00108696914309795
240,34.3979034423828,-0.00101264561251017
241.25,34.3979034423828,-0.000694512480146775
160,35.3403167724609,0.020333820500639
161.25,35.3403167724609,0.0198788900323378
162.5,35.3403167724609,0.0184659585571106
163.75,35.3403167724609,0.0172711879491563
165,35.3403167724609,0.0157146740795005
166.25,35.3403167724609,0.0132957165899155
167.5,35.3403167724609,0.0112764145778594
168.75,35.3403167724609,0.010461154111796
170,35.3403167724609,0.0108611063852152
171.25,35.3403167724609,0.011660131439871
172.5,35.3403167724609,0.0121318576883457
173.75,35.3403167724609,0.0125342997923379
175,35.3403167724609,0.0122315964864534
176.25,35.3403167724609,0.0116651921028359
177.5,35.3403167724609,0.012058001841063
178.75,35.3403167724609,0.0129732796479305
180,35.3403167724609,0.0128835099371374
181.25,35.3403167724609,0.0115981918403022
182.5,35.3403167724609,0.0101453223690136
183.75,35.3403167724609,0.00951966226570542
185,35.3403167724609,0.0101202347406198
186.25,35.3403167724609,0.0106483002405342
187.5,35.3403167724609,0.00910812041218458
188.75,35.3403167724609,0.00580801777996872
190,35.3403167724609,0.00232539376912562
191.25,35.3403167724609,-0.000471607018358407
192.5,35.3403167724609,-0.00279933335668492
193.75,35.3403167724609,-0.00466494517865846
195,35.3403167724609,-0.00573524555340819
196.25,35.3403167724609,-0.00589144695878868
197.5,35.3403167724609,-0.00516836060504826
198.75,35.3403167724609,-0.00394857345876315
200,35.3403167724609,-0.00249066945439367
201.25,35.3403167724609,-0.00108390006383968
202.5,35.3403167724609,0.000508233010841999
203.75,35.3403167724609,0.00271655076673902
205,35.3403167724609,0.00575082772595733
206.25,35.3403167724609,0.00937080460278882
207.5,35.3403167724609,0.013517030280517
208.75,35.3403167724609,0.018593970694831
210,35.3403167724609,0.0236242283062085
211.25,35.3403167724609,0.0285609056787763
212.5,35.3403167724609,0.0331212611782418
213.75,35.3403167724609,0.0365655278894914
215,35.3403167724609,0.0390559372843959
216.25,35.3403167724609,0.0414407856005487
217.5,35.3403167724609,0.0436986986054296
218.75,35.3403167724609,0.04479793136408
220,35.3403167724609,0.0439156645538682
221.25,35.3403167724609,0.041155407365936
222.5,35.3403167724609,0.0373704392253379
223.75,35.3403167724609,0.0332034723035105
225,35.3403167724609,0.0287279677938044
226.25,35.3403167724609,0.0228507692375183
227.5,35.3403167724609,0.0160395847948538
228.75,35.3403167724609,0.0101900651778879
230,35.3403167724609,0.00684458557400838
231.25,35.3403167724609,0.00546080663356063
232.5,35.3403167724609,0.00477605203684212
233.75,35.3403167724609,0.00355231779078953
235,35.3403167724609,0.00201182429633091
236.25,35.3403167724609,0.000383544178929508
237.5,35.3403167724609,-0.00116193593631326
238.75,35.3403167724609,-0.00112743876729067
240,35.3403167724609,-0.000604849877659733
160,36.2827224731445,0.025620056957676
161.25,36.2827224731445,0.0260040899172713
162.5,36.2827224731445,0.0265955770684126
163.75,36.2827224731445,0.0273429963921037
165,36.2827224731445,0.026762615131398
166.25,36.2827224731445,0.0240208111473927
167.5,36.2827224731445,0.0205837675068774
168.75,36.2827224731445,0.0182452598126533
170,36.2827224731445,0.0173280762801724
171.25,36.2827224731445,0.01705739108851
172.5,36.2827224731445,0.0167697087961809
173.75,36.2827224731445,0.0162885682360538
175,36.2827224731445,0.0151422906269311
176.25,36.2827224731445,0.0141368980011685
177.5,36.2827224731445,0.0141425568006921
178.75,36.2827224731445,0.0148616774621937
180,36.2827224731445,0.0153390313126221
181.25,36.2827224731445,0.0149370182682329
182.5,36.2827224731445,0.0136653455779979
183.75,36.2827224731445,0.0123237871217889
185,36.2827224731445,0.0122238274310675
186.25,36.2827224731445,0.0126869657774509
187.5,36.2827224731445,0.0110881279598325
188.75,36.2827224731445,0.00692878376965971
190,36.2827224731445,0.00267571180977033
191.25,36.2827224731445,-0.000274572981464701
192.5,36.2827224731445,-0.00223490731311309
193.75,36.2827224731445,-0.00335774743236959
195,36.2827224731445,-0.00359364682095059
196.25,36.2827224731445,-0.00319054410555033
197.5,36.2827224731445,-0.00239650881888247
198.75,36.2827224731445,-0.0016696800622502
200,36.2827224731445,-0.00129659985509848
201.25,36.2827224731445,-0.00111663054167424
202.5,36.2827224731445,-0.000657375905071276
203.75,36.2827224731445,0.000554862966460335
205,36.2827224731445,0.00290292142066507
206.25,36.2827224731445,0.00609894489061909
207.5,36.2827224731445,0.0100965841186322
208.75,36.2827224731445,0.0150622697671033
210,36.2827224731445,0.0207765954228952
211.25,36.2827224731445,0.0266810360966312
212.5,36.2827224731445,0.0324337233984768
213.75,36.2827224731445,0.0366466667594566
215,36.2827224731445,0.0392480081518907
216.25,36.2827224731445,0.0410045003812319
217.5,36.2827224731445,0.0424182256408754
218.75,36.2827224731445,0.0432838354345229
220,36.2827224731445,0.0430607704444489
221.25,36.2827224731445,0.0407401724164604
222.5,36.2827224731445,0.036989950948954
223.75,36.2827224731445,0.0328950038207521
225,36.2827224731445,0.0291824412865347
226.25,36.2827224731445,0.0244321994306306
227.5,36.2827224731445,0.0179339514160379
228.75,36.2827224731445,0.0114429310233369
230,36.2827224731445,0.00711847905610949
231.25,36.2827224731445,0.00483795906827258
232.5,36.2827224731445,0.00374360515089256
233.75,36.2827224731445,0.00220760596880559
235,36.2827224731445,0.000560021210885867
236.25,36.2827224731445,-0.000704066473992269
237.5,36.2827224731445,-0.00120101382991462
238.75,36.2827224731445,-0.00114706249470854
160,37.2251281738281,0.0304731559112512
161.25,37.2251281738281,0.0312106021169102
162.5,37.2251281738281,0.0326822347137019
163.75,37.2251281738281,0.0343289446419483
165,37.2251281738281,0.0341820163736846
166.25,37.2251281738281,0.0320921242834295
167.5,37.2251281738281,0.0294655130165301
168.75,37.2251281738281,0.0272931717274494
170,37.2251281738281,0.0257723682154535
171.25,37.2251281738281,0.0249599525782037
172.5,37.2251281738281,0.0242468870740996
173.75,37.2251281738281,0.0226554209183203
175,37.2251281738281,0.0201202480811629
176.25,37.2251281738281,0.0179039372647412
177.5,37.2251281738281,0.0167422309872294
178.75,37.2251281738281,0.0170774868057543
180,37.2251281738281,0.0181525172478209
181.25,37.2251281738281,0.0183888005832874
182.5,37.2251281738281,0.0173436534380458
183.75,37.2251281738281,0.0157053750221474
185,37.2251281738281,0.0148904656763054
186.25,37.2251281738281,0.0148148396623679
187.5,37.2251281738281,0.0127778217067408
188.75,37.2251281738281,0.00782886395149063
190,37.2251281738281,0.00308738614423002
191.25,37.2251281738281,8.41518527537772e-05
192.5,37.2251281738281,-0.00163065014515091
193.75,37.2251281738281,-0.00211971213053111
195,37.2251281738281,-0.00144046122159628
196.25,37.2251281738281,-0.000128605962329631
197.5,37.2251281738281,0.00117856767964835
198.75,37.2251281738281,0.00162445335427534
200,37.2251281738281,0.00135917943430331
201.25,37.2251281738281,0.000789591462194108
202.5,37.2251281738281,0.000250228385045124
203.75,37.2251281738281,0.000552964063903825
205,37.2251281738281,0.00223190879164748
206.25,37.2251281738281,0.00503859333253366
207.5,37.2251281738281,0.00900782126867557
208.75,37.2251281738281,0.0140862006101045
210,37.2251281738281,0.0203405701037883
211.25,37.2251281738281,0.027113135237416
212.5,37.2251281738281,0.0337519880074014
213.75,37.2251281738281,0.0385800985558364
215,37.2251281738281,0.0411690766192899
216.25,37.2251281738281,0.0421425768425831
217.5,37.2251281738281,0.0420308939436155
218.75,37.2251281738281,0.041515256769389
220,37.2251281738281,0.0407606807506532
221.25,37.2251281738281,0.0387199140444676
222.5,37.2251281738281,0.0350127426030297
223.75,37.2251281738281,0.0314458045551266
225,37.2251281738281,0.0285764091637866
226.25,37.2251281738281,0.024671210249993
227.5,37.2251281738281,0.0187693025067074
228.75,37.2251281738281,0.0119583605207201
230,37.2251281738281,0.00609543600692175
231.25,37.2251281738281,0.00253802509606504
232.5,37.2251281738281,0.00143516567067728
233.75,37.2251281738281,-0.000231637328339944
235,37.2251281738281,-0.00130472542622486
236.25,37.2251281738281,-0.00120954721829028
237.5,37.2251281738281,-0.000507999308902271
238.75,37.2251281738281,-0.000923632781223445
160,38.1675415039062,0.0307977926506781
161.25,38.1675415039062,0.0325211233084262
162.5,38.1675415039062,0.0350771067346669
163.75,38.1675415039062,0.0363490852404009
165,38.1675415039062,0.0352418322128449
166.25,38.1675415039062,0.0336577724616173
167.5,38.1675415039062,0.0332280628257791
168.75,38.1675415039062,0.0327028602492054
170,38.1675415039062,0.0312449765188439
171.25,38.1675415039062,0.0301206684719781
172.5,38.1675415039062,0.0295254569186165
173.75,38.1675415039062,0.0278601003779063
175,38.1675415039062,0.024915002827823
176.25,38.1675415039062,0.0220306281207976
177.5,38.1675415039062,0.0202705682643163
178.75,38.1675415039062,0.0205131630217157
180,38.1675415039062,0.0214534476961345
181.25,38.1675415039062,0.0214975061224773
182.5,38.1675415039062,0.020632925271588
183.75,38.1675415039062,0.0193962559152571
185,38.1675415039062,0.018032961783415
186.25,38.1675415039062,0.0165176561024112
187.5,38.1675415039062,0.0137190703373223
188.75,38.1675415039062,0.0087343023428489
190,38.1675415039062,0.00385140408645495
191.25,38.1675415039062,0.000672144083284236
192.5,38.1675415039062,-0.000995347720782644
193.75,38.1675415039062,-0.00129442720684031
195,38.1675415039062,-0.000225087247862706
196.25,38.1675415039062,0.00181352978271275
197.5,38.1675415039062,0.00366168621245404
198.75,38.1675415039062,0.00484892919419406
200,38.1675415039062,0.00526095201540446
201.25,38.1675415039062,0.00479330064680248
202.5,38.1675415039062,0.00352998630566256
203.75,38.1675415039062,0.00263422636955112
205,38.1675415039062,0.00358396196733759
206.25,38.1675415039062,0.00633009289118596
207.5,38.1675415039062,0.0105553953144506
208.75,38.1675415039062,0.0158634766959053
210,38.1675415039062,0.0221136218407908
211.25,38.1675415039062,0.0296539915414792
212.5,38.1675415039062,0.036759254645821
213.75,38.1675415039062,0.0417046387186308
215,38.1675415039062,0.0438247243114534
216.25,38.1675415039062,0.0437528301033634
217.5,38.1675415039062,0.0419907855588145
218.75,38.1675415039062,0.0396769244705378
220,38.1675415039062,0.0376419901126299
221.25,38.1675415039062,0.0351813009974266
222.5,38.1675415039062,0.0318711969948599
223.75,38.1675415039062,0.0292378764056799
225,38.1675415039062,0.0273605502710365
226.25,38.1675415039062,0.0240833710620704
227.5,38.1675415039062,0.0187247810342494
228.75,38.1675415039062,0.0117192565944167
230,38.1675415039062,0.00431360319282828
231.25,38.1675415039062,-0.000592403655710865
232.5,38.1675415039062,-0.00191253292041182
233.75,38.1675415039062,-0.00250026601117336
235,38.1675415039062,-0.00252196237255829
236.25,38.1675415039062,-0.00150425858675608
237.5,38.1675415039062,0.000259264056651436
160,39.1099548339844,0.0252678992623422
161.25,39.1099548339844,0.0269440036014493
162.5,39.1099548339844,0.0299801797239942
163.75,39.1099548339844,0.0316691832917174
165,39.1099548339844,0.0313823310702262
166.25,39.1099548339844,0.0315819582520589
167.5,39.1099548339844,0.0329328476849789
168.75,39.1099548339844,0.0332525254365651
170,39.1099548339844,0.0320147889305745
171.25,39.1099548339844,0.0311535154003668
172.5,39.1099548339844,0.0310178175923742
173.75,39.1099548339844,0.0290972398616213
175,39.1099548339844,0.0261240471235452
176.25,39.1099548339844,0.023613906003193
177.5,39.1099548339844,0.0228369997737435
178.75,39.1099548339844,0.0236261794621139
180,39.1099548339844,0.0237646435645504
181.25,39.1099548339844,0.0229739399458336
182.5,39.1099548339844,0.0220099017837911
183.75,39.1099548339844,0.0208000618973206
185,39.1099548339844,0.0189788122324456
186.25,39.1099548339844,0.0162910687899237
187.5,39.1099548339844,0.0130137032090098
188.75,39.1099548339844,0.0088261516885963
190,39.1099548339844,0.0046771938483272
191.25,39.1099548339844,0.00150187326848141
192.5,39.1099548339844,-0.00048843006463768
193.75,39.1099548339844,-0.00104305113456936
195,39.1099548339844,-0.000134905372892809
196.25,39.1099548339844,0.00185338187020631
197.5,39.1099548339844,0.00392877502094756
198.75,39.1099548339844,0.00584789661404991
200,39.1099548339844,0.00747267644590643
201.25,39.1099548339844,0.0083333291607266
202.5,39.1099548339844,0.00782963596699705
203.75,39.1099548339844,0.00667476253697158
205,39.1099548339844,0.00691846982980377
206.25,39.1099548339844,0.00929690669546469
207.5,39.1099548339844,0.0134814172720555
208.75,39.1099548339844,0.0187056106410932
210,39.1099548339844,0.0247418767821149
211.25,39.1099548339844,0.0320927681749757
212.5,39.1099548339844,0.0390342249234715
213.75,39.1099548339844,0.0435222796080928
215,39.1099548339844,0.0449937522041445
216.25,39.1099548339844,0.0438168602919404
217.5,39.1099548339844,0.0406900126795137
218.75,39.1099548339844,0.0369580578438925
220,39.1099548339844,0.0337865737271149
221.25,39.1099548339844,0.0311554940726046
222.5,39.1099548339844,0.0287945783643641
223.75,39.1099548339844,0.0270744784191683
225,39.1099548339844,0.0258726673176947
226.25,39.1099548339844,0.0232336576170551
227.5,39.1099548339844,0.0184120232414193
228.75,39.1099548339844,0.0115177269354369
230,39.1099548339844,0.00344383866080048
231.25,39.1099548339844,-0.00268832192385306
232.5,39.1099548339844,-0.00468411467410948
233.75,39.1099548339844,-0.00459036200823694
235,39.1099548339844,-0.00304145257595311
236.25,39.1099548339844,-0.000203301740494703
160,40.0523529052734,0.0188328922170118
161.25,40.0523529052734,0.0197765595582153
162.5,40.0523529052734,0.0221793525086867
163.75,40.0523529052734,0.0242915451722527
165,40.0523529052734,0.0262382515191691
166.25,40.0523529052734,0.0289664651307544
167.5,40.0523529052734,0.0310132948584753
168.75,40.0523529052734,0.0307039235734743
170,40.0523529052734,0.0294405119072864
171.25,40.0523529052734,0.0292115130071022
172.5,40.0523529052734,0.0293269395341038
173.75,40.0523529052734,0.0260738934472602
175,40.0523529052734,0.0216268644186821
176.25,40.0523529052734,0.0205326500520018
177.5,40.0523529052734,0.0226685963377876
178.75,40.0523529052734,0.0242247769357229
180,40.0523529052734,0.0233765161082587
181.25,40.0523529052734,0.0219332464861315
182.5,40.0523529052734,0.021087515304899
183.75,40.0523529052734,0.020007217290137
185,40.0523529052734,0.0180702345807257
186.25,40.0523529052734,0.0151950102910756
187.5,40.0523529052734,0.0119215844857877
188.75,40.0523529052734,0.00862055678927054
190,40.0523529052734,0.00536417880438222
191.25,40.0523529052734,0.00243318749474477
192.5,40.0523529052734,9.98312656155674e-05
193.75,40.0523529052734,-0.00106744160499737
195,40.0523529052734,-0.00074547462565095
196.25,40.0523529052734,0.000595004512851609
197.5,40.0523529052734,0.00244073514321575
198.75,40.0523529052734,0.00479302463828941
200,40.0523529052734,0.00745246907644449
201.25,40.0523529052734,0.00954763696062293
202.5,40.0523529052734,0.0102973160287157
203.75,40.0523529052734,0.0100612346004337
205,40.0523529052734,0.0105493831950031
206.25,40.0523529052734,0.0130046640360655
207.5,40.0523529052734,0.0173022105369615
208.75,40.0523529052734,0.022344689649106
210,40.0523529052734,0.0276452470388123
211.25,40.0523529052734,0.0334133166932092
212.5,40.0523529052734,0.0390748088144393
213.75,40.0523529052734,0.0421519257229119
215,40.0523529052734,0.0425977573926625
216.25,40.0523529052734,0.0407784619974133
217.5,40.0523529052734,0.0370605070565787
218.75,40.0523529052734,0.032589297193255
220,40.0523529052734,0.0290907076747608
221.25,40.0523529052734,0.0267878350666816
222.5,40.0523529052734,0.0253279017296383
223.75,40.0523529052734,0.0246192366064028
225,40.0523529052734,0.024009591272602
226.25,40.0523529052734,0.0220619193203165
227.5,40.0523529052734,0.0180336354115263
228.75,40.0523529052734,0.0118290675735023
230,40.0523529052734,0.00387969289007362
231.25,40.0523529052734,-0.0032950503165687
232.5,40.0523529052734,-0.00657698125588178
233.75,40.0523529052734,-0.00648021721941475
235,40.0523529052734,-0.00476585514655857
236.25,40.0523529052734,-0.00119547714096684
160,40.9947662353516,0.0156334537547982
161.25,40.9947662353516,0.0156669866441309
162.5,40.9947662353516,0.0173090730099264
163.75,40.9947662353516,0.0194127773837501
165,40.9947662353516,0.0218073140488903
166.25,40.9947662353516,0.024775980167961
167.5,40.9947662353516,0.026264128168244
168.75,40.9947662353516,0.0250546030891131
170,40.9947662353516,0.0241035014977501
171.25,40.9947662353516,0.0245901947872343
172.5,40.9947662353516,0.0236948538958672
173.75,40.9947662353516,0.0200480188816835
175,40.9947662353516,0.0158757838916162
176.25,40.9947662353516,0.0167633938339253
177.5,40.9947662353516,0.0208986845341266
178.75,40.9947662353516,0.0224657761913167
180,40.9947662353516,0.0211924668443045
181.25,40.9947662353516,0.0195391308065335
182.5,40.9947662353516,0.0184736452286647
183.75,40.9947662353516,0.0174256509337428
185,40.9947662353516,0.0158120587733521
186.25,40.9947662353516,0.0135027803159238
187.5,40.9947662353516,0.0109725258766517
188.75,40.9947662353516,0.0083908606637583
190,40.9947662353516,0.00587192737403754
191.25,40.9947662353516,0.00327730001574872
192.5,40.9947662353516,0.000778301647112261
193.75,40.9947662353516,-0.000927444137258994
195,40.9947662353516,-0.00118014852438249
196.25,40.9947662353516,-0.000433977983835565
197.5,40.9947662353516,0.000932244488317845
198.75,40.9947662353516,0.00307957278581158
200,40.9947662353516,0.00586189571377645
201.25,40.9947662353516,0.00866545898057642
202.5,40.9947662353516,0.0106427998247383
203.75,40.9947662353516,0.0119556084996207
205,40.9947662353516,0.0133353767420022
206.25,40.9947662353516,0.0158566658787613
207.5,40.9947662353516,0.019737238823097
208.75,40.9947662353516,0.0238758613131615
210,40.9947662353516,0.0278021533443473
211.25,40.9947662353516,0.0317837271482065
212.5,40.9947662353516,0.0354996006504784
213.75,40.9947662353516,0.0375366886649609
215,40.9947662353516,0.0374197965959827
216.25,40.9947662353516,0.0354763376281471
217.5,40.9947662353516,0.0317171771995568
218.75,40.9947662353516,0.0272849411810525
220,40.9947662353516,0.023801546295007
221.25,40.9947662353516,0.021779106411069
222.5,40.9947662353516,0.0211192950139183
223.75,40.9947662353516,0.0211750894217782
225,40.9947662353516,0.0210964013281758
226.25,40.9947662353516,0.0198009783296564
227.5,40.9947662353516,0.0165306301038688
228.75,40.9947662353516,0.0113655009012384
230,40.9947662353516,0.00430049084597529
231.25,40.9947662353516,-0.00297579454372564
232.5,40.9947662353516,-0.00733210392794563
233.75,40.9947662353516,-0.00766338707965199
235,40.9947662353516,-0.00541607176010516
236.25,40.9947662353516,-0.00494304228322262
160,41.9371795654297,0.0131443749309005
161.25,41.9371795654297,0.0134242839959363
162.5,41.9371795654297,0.0148945470928214
163.75,41.9371795654297,0.0163194319749065
165,41.9371795654297,0.0171600761627392
166.25,41.9371795654297,0.0189028943019914
167.5,41.9371795654297,0.0201649968386367
168.75,41.9371795654297,0.019811753277883
170,41.9371795654297,0.0199088896512848
171.25,41.9371795654297,0.0202352182771875
172.5,41.9371795654297,0.0169739237568839
173.75,41.9371795654297,0.0120832268757472
175,41.9371795654297,0.00973748850522636
176.25,41.9371795654297,0.0122973587763783
177.5,41.9371795654297,0.0159772256742125
178.75,41.9371795654297,0.0170872516220929
180,41.9371795654297,0.0164152636747864
181.25,41.9371795654297,0.0155316104895067
182.5,41.9371795654297,0.014686360607014
183.75,41.9371795654297,0.0137593152414557
185,41.9371795654297,0.0126127094295075
186.25,41.9371795654297,0.0111288915451507
187.5,41.9371795654297,0.00944705143076157
188.75,41.9371795654297,0.00765205924274243
190,41.9371795654297,0.0058759333199943
191.25,41.9371795654297,0.00380986922496717
192.5,41.9371795654297,0.00159833238914084
193.75,41.9371795654297,-0.000233895618268977
195,41.9371795654297,-0.000923001865249496
196.25,41.9371795654297,-0.000675745530417081
197.5,41.9371795654297,0.000224607570379969
198.75,41.9371795654297,0.00191109860468306
200,41.9371795654297,0.00413446701341902
201.25,41.9371795654297,0.00664839376273838
202.5,41.9371795654297,0.00939058184956834
203.75,41.9371795654297,0.0117941513673267
205,41.9371795654297,0.0142262142517459
206.25,41.9371795654297,0.0168758485414906
207.5,41.9371795654297,0.0199122118012711
208.75,41.9371795654297,0.0228083113654082
210,41.9371795654297,0.0253992483637762
211.25,41.9371795654297,0.0281581796035716
212.5,41.9371795654297,0.0306620624075306
213.75,41.9371795654297,0.0316621656567309
215,41.9371795654297,0.0306577237581793
216.25,41.9371795654297,0.0283055903921685
217.5,41.9371795654297,0.0247555500999658
218.75,41.9371795654297,0.0207332990714782
220,41.9371795654297,0.0176466672410923
221.25,41.9371795654297,0.0162543081228972
222.5,41.9371795654297,0.0159715282259585
223.75,41.9371795654297,0.0162244584511545
225,41.9371795654297,0.0166427162550263
226.25,41.9371795654297,0.0159519358315127
227.5,41.9371795654297,0.0131968589654234
228.75,41.9371795654297,0.00898223394954599
230,41.9371795654297,0.00301951580563065
231.25,41.9371795654297,-0.00348730125109743
232.5,41.9371795654297,-0.00812464940571957
233.75,41.9371795654297,-0.00876768590322029
235,41.9371795654297,-0.00639574596958813
236.25,41.9371795654297,-0.00574669153547115
160,42.8795776367188,0.00999245444872587
161.25,42.8795776367188,0.010540915886061
162.5,42.8795776367188,0.0115759878320439
163.75,42.8795776367188,0.0114613953252809
165,42.8795776367188,0.0102776080855083
166.25,42.8795776367188,0.0104319875071438
167.5,42.8795776367188,0.0116704077428856
168.75,42.8795776367188,0.0124394173821413
170,42.8795776367188,0.0137609378226688
171.25,42.8795776367188,0.014916119148666
172.5,42.8795776367188,0.010750825285975
173.75,42.8795776367188,0.00427627215977761
175,42.8795776367188,0.00227139267995909
176.25,42.8795776367188,0.00498619760695528
177.5,42.8795776367188,0.00832080038973889
178.75,42.8795776367188,0.00994346786031417
180,42.8795776367188,0.0104355242321055
181.25,42.8795776367188,0.0104877870178235
182.5,42.8795776367188,0.00999383079910978
183.75,42.8795776367188,0.00902622335634586
185,42.8795776367188,0.00788079509609861
186.25,42.8795776367188,0.00684295745750762
187.5,42.8795776367188,0.00614619828729263
188.75,42.8795776367188,0.00563070805430894
190,42.8795776367188,0.00497429515268232
191.25,42.8795776367188,0.00383846272677298
192.5,42.8795776367188,0.0022062464263103
193.75,42.8795776367188,0.00061931587085773
195,42.8795776367188,-0.000276175958904765
196.25,42.8795776367188,-0.000454923578487956
197.5,42.8795776367188,-0.000130996805555701
198.75,42.8795776367188,0.000706610896749601
200,42.8795776367188,0.00215066021157311
201.25,42.8795776367188,0.0044294059254544
202.5,42.8795776367188,0.00748960896542449
203.75,42.8795776367188,0.0106633498479485
205,42.8795776367188,0.0135141545535456
206.25,42.8795776367188,0.0160461409580582
207.5,42.8795776367188,0.018254027452501
208.75,42.8795776367188,0.020036665605359
210,42.8795776367188,0.0217108941404537
211.25,42.8795776367188,0.0235886785493358
212.5,42.8795776367188,0.0251147229595363
213.75,42.8795776367188,0.0252079583886935
215,42.8795776367188,0.0235563152502471
216.25,42.8795776367188,0.0202489179943571
217.5,42.8795776367188,0.0160812807945465
218.75,42.8795776367188,0.0124296183747963
220,42.8795776367188,0.0105903950873216
221.25,42.8795776367188,0.0100695018867908
222.5,42.8795776367188,0.0102129967648094
223.75,42.8795776367188,0.010825674629443
225,42.8795776367188,0.011214095834529
226.25,42.8795776367188,0.0103633133413421
227.5,42.8795776367188,0.00821577588307099
228.75,42.8795776367188,0.00480033678411106
230,42.8795776367188,-5.70797071472604e-05
231.25,42.8795776367188,-0.00528689771249862
232.5,42.8795776367188,-0.00930352423802346
233.75,42.8795776367188,-0.010340541829056
235,42.8795776367188,-0.00859229330841101
236.25,42.8795776367188,-0.00777477040765697
160,43.8219909667969,0.0039384622559403
161.25,43.8219909667969,0.00496357655808862
162.5,43.8219909667969,0.00624296578595602
163.75,43.8219909667969,0.00605495339743798
165,43.8219909667969,0.00488249363846332
166.25,43.8219909667969,0.00452228240451867
167.5,43.8219909667969,0.00561468802210057
168.75,43.8219909667969,0.00649725008034593
170,43.8219909667969,0.00688565069315596
171.25,43.8219909667969,0.00732480702086378
172.5,43.8219909667969,0.00398488727626399
173.75,43.8219909667969,-0.00199591293157137
175,43.8219909667969,-0.0045803639005869
176.25,43.8219909667969,-0.00305356501774968
177.5,43.8219909667969,-0.000483301087486531
178.75,43.8219909667969,0.00155746159907991
180,43.8219909667969,0.00322025182700716
181.25,43.8219909667969,0.00425239975397568
182.5,43.8219909667969,0.00437853078904718
183.75,43.8219909667969,0.00372097377196403
185,43.8219909667969,0.00273912691790705
186.25,43.8219909667969,0.00183530067913626
187.5,43.8219909667969,0.00148283893006089
188.75,43.8219909667969,0.00165426115341137
190,43.8219909667969,0.00196293553133882
191.25,43.8219909667969,0.00198499888747979
192.5,43.8219909667969,0.00161916091619967
193.75,43.8219909667969,0.000852183324160731
195,43.8219909667969,-2.56805387796747e-05
196.25,43.8219909667969,-0.000653851181314661
197.5,43.8219909667969,-0.000882812650079812
198.75,43.8219909667969,-0.000562199381334235
200,43.8219909667969,0.000636226849704895
201.25,43.8219909667969,0.00297505899296548
202.5,43.8219909667969,0.00624748436632914
203.75,43.8219909667969,0.00990760435313106
205,43.8219909667969,0.0131055669595703
206.25,43.8219909667969,0.0154530470424672
207.5,43.8219909667969,0.0170948785155968
208.75,43.8219909667969,0.0180379767114241
210,43.8219909667969,0.0184028558015438
211.25,43.8219909667969,0.0184371325456417
212.5,43.8219909667969,0.018059994829292
213.75,43.8219909667969,0.0173487849733048
215,43.8219909667969,0.0157178810658013
216.25,43.8219909667969,0.012497374074433
217.5,43.8219909667969,0.00835224977295057
218.75,43.8219909667969,0.00519670485314082
220,43.8219909667969,0.00386338086735114
221.25,43.8219909667969,0.00384957186627353
222.5,43.8219909667969,0.00451197575161329
223.75,43.8219909667969,0.00531074350747492
225,43.8219909667969,0.00564464382811935
226.25,43.8219909667969,0.00474215760905739
227.5,43.8219909667969,0.00256951098250436
228.75,43.8219909667969,-0.00032140566585946
230,43.8219909667969,-0.00398244201151031
231.25,43.8219909667969,-0.00775125406500211
232.5,43.8219909667969,-0.0103749417290493
233.75,43.8219909667969,-0.0113601786450518
235,43.8219909667969,-0.010424705919567
236.25,43.8219909667969,-0.00962165954205405
160,44.764404296875,-0.00357731616016685
161.25,44.764404296875,-0.00218907489389983
162.5,44.764404296875,-0.000936799739962988
163.75,44.764404296875,-0.000751917875496801
165,44.764404296875,-0.00114025919945726
166.25,44.764404296875,-0.00080965821498176
167.5,44.764404296875,0.000423165978009502
168.75,44.764404296875,0.00043299081874447
170,44.764404296875,-0.00102985267010535
171.25,44.764404296875,-0.00191369781824867
172.5,44.764404296875,-0.00430619409433761
173.75,44.764404296875,-0.00841519155961458
175,44.764404296875,-0.00941255256542364
176.25,44.764404296875,-0.00768563933616124
177.5,44.764404296875,-0.00535664889242177
178.75,44.764404296875,-0.00362614410322114
180,44.764404296875,-0.00227478973848328
181.25,44.764404296875,-0.00139201707371328
182.5,44.764404296875,-0.00126137961263762
183.75,44.764404296875,-0.00181951296701696
185,44.764404296875,-0.00253999028115779
186.25,44.764404296875,-0.00292321756451224
187.5,44.764404296875,-0.00288938528988916
188.75,44.764404296875,-0.00249648189305706
190,44.764404296875,-0.0018916722311583
191.25,44.764404296875,-0.00124244579585388
192.5,44.764404296875,-0.000595976892669317
193.75,44.764404296875,-0.00047330102420418
195,44.764404296875,-0.00101697691631835
196.25,44.764404296875,-0.00170237379988066
197.5,44.764404296875,-0.00203085082623018
198.75,44.764404296875,-0.0015519212693487
200,44.764404296875,0.000130980515435584
201.25,44.764404296875,0.00301743552137985
202.5,44.764404296875,0.00679257485663596
203.75,44.764404296875,0.010615564213592
205,44.764404296875,0.0138516854290384
206.25,44.764404296875,0.0158708983516547
207.5,44.764404296875,0.016777548365785
208.75,44.764404296875,0.0166203692080719
210,44.764404296875,0.015457455630948
211.25,44.764404296875,0.0136461409074416
212.5,44.764404296875,0.0115952798292297
213.75,44.764404296875,0.00961784019991618
215,44.764404296875,0.00746482910970354
216.25,44.764404296875,0.00492637549136736
217.5,44.764404296875,0.00197650645889076
218.75,44.764404296875,-0.000387901400005199
220,44.764404296875,-0.00128652371872507
221.25,44.764404296875,-0.00128530346282061
222.5,44.764404296875,-0.000942602107917156
223.75,44.764404296875,-0.000231662431454438
225,44.764404296875,0.000250682593906793
226.25,44.764404296875,-0.00053600543705286
227.5,44.764404296875,-0.00243672801523085
228.75,44.764404296875,-0.00477371385540241
230,44.764404296875,-0.00750608815276709
231.25,44.764404296875,-0.0100391020125829
232.5,44.764404296875,-0.0112367667027275
233.75,44.764404296875,-0.011532499886285
235,44.764404296875,-0.0109592917116228
236.25,44.764404296875,-0.0100928968864122
160,45.7068023681641,-0.0106403009143075
161.25,45.7068023681641,-0.00866787560345306
162.5,45.7068023681641,-0.00745023772895016
163.75,45.7068023681641,-0.0070942817272924
165,45.7068023681641,-0.00697695858678521
166.25,45.7068023681641,-0.0062108086092485
167.5,45.7068023681641,-0.00476901723693941
168.75,45.7068023681641,-0.00499848840141796
170,45.7068023681641,-0.00687093018257335
171.25,45.7068023681641,-0.00825710699751709
172.5,45.7068023681641,-0.0103544279515596
173.75,45.7068023681641,-0.0125247725905787
175,45.7068023681641,-0.0122295473549362
176.25,45.7068023681641,-0.0105110580736873
177.5,45.7068023681641,-0.00887150558123254
178.75,45.7068023681641,-0.00755081578773933
180,45.7068023681641,-0.00640540506963718
181.25,45.7068023681641,-0.00538869349559468
182.5,45.7068023681641,-0.00486847262662518
183.75,45.7068023681641,-0.00502499386103058
185,45.7068023681641,-0.00542664883024297
186.25,45.7068023681641,-0.00565918034554679
187.5,45.7068023681641,-0.00584355896287906
188.75,45.7068023681641,-0.00615311287822921
190,45.7068023681641,-0.0063023250942252
191.25,45.7068023681641,-0.00553422360911201
192.5,45.7068023681641,-0.00389177681591551
193.75,45.7068023681641,-0.00268729747870363
195,45.7068023681641,-0.00246197371700899
196.25,45.7068023681641,-0.0026359305285278
197.5,45.7068023681641,-0.00239133111265143
198.75,45.7068023681641,-0.00109519573805902
200,45.7068023681641,0.00153601261683069
201.25,45.7068023681641,0.00520604789377752
202.5,45.7068023681641,0.00923383142630539
203.75,45.7068023681641,0.0127902322529974
205,45.7068023681641,0.0153197351366553
206.25,45.7068023681641,0.0165525648709498
207.5,45.7068023681641,0.0163251053676768
208.75,45.7068023681641,0.014766786100831
210,45.7068023681641,0.0119865594985508
211.25,45.7068023681641,0.00880170602984949
212.5,45.7068023681641,0.00583978249846208
213.75,45.7068023681641,0.00340987646657235
215,45.7068023681641,0.00124282129521848
216.25,45.7068023681641,-0.00119161823131233
217.5,45.7068023681641,-0.00363594930185422
218.75,45.7068023681641,-0.00504853710397423
220,45.7068023681641,-0.00554090702978401
221.25,45.7068023681641,-0.00550443505446051
222.5,45.7068023681641,-0.00522023338542961
223.75,45.7068023681641,-0.004843049237548
225,45.7068023681641,-0.00476942668699564
226.25,45.7068023681641,-0.00539918765255645
227.5,45.7068023681641,-0.00682811887421961
228.75,45.7068023681641,-0.00850401784953169
230,45.7068023681641,-0.0101854447088698
231.25,45.7068023681641,-0.0115493353062318
232.5,45.7068023681641,-0.0114315505002579
233.75,45.7068023681641,-0.0103969759327766
235,45.7068023681641,-0.00862252847377613
236.25,45.7068023681641,-0.00641305627383092
160,46.6492156982422,-0.0129039652072273
161.25,46.6492156982422,-0.0112236608247205
162.5,46.6492156982422,-0.00978803260617061
163.75,46.6492156982422,-0.00959254847072571
165,46.6492156982422,-0.0102347845511625
166.25,46.6492156982422,-0.0108066683440204
167.5,46.6492156982422,-0.0110206971794097
168.75,46.6492156982422,-0.0116953162012135
170,46.6492156982422,-0.0126070414272402
171.25,46.6492156982422,-0.0128459280196645
172.5,46.6492156982422,-0.0126886445583538
173.75,46.6492156982422,-0.0122163864186853
175,46.6492156982422,-0.0112133603556507
176.25,46.6492156982422,-0.00996805793675997
177.5,46.6492156982422,-0.00893922167623181
178.75,46.6492156982422,-0.00821924316316358
180,46.6492156982422,-0.00754381795015181
181.25,46.6492156982422,-0.00709315601451794
182.5,46.6492156982422,-0.00713805629227681
183.75,46.6492156982422,-0.00766117669318028
185,46.6492156982422,-0.0080630127674409
186.25,46.6492156982422,-0.00825069344910753
187.5,46.6492156982422,-0.0084586329679072
188.75,46.6492156982422,-0.00883961401129229
190,46.6492156982422,-0.00905927548183877
191.25,46.6492156982422,-0.00811769987834056
192.5,46.6492156982422,-0.00596545878399088
193.75,46.6492156982422,-0.00363809542764757
195,46.6492156982422,-0.00212005152704389
196.25,46.6492156982422,-0.00158098602726723
197.5,46.6492156982422,-0.000624664631396761
198.75,46.6492156982422,0.00140578704636303
200,46.6492156982422,0.00457647424812943
201.25,46.6492156982422,0.00860033155628481
202.5,46.6492156982422,0.0127039572140191
203.75,46.6492156982422,0.0156236695880977
205,46.6492156982422,0.0168224173692739
206.25,46.6492156982422,0.0165835363877013
207.5,46.6492156982422,0.0150828021841953
208.75,46.6492156982422,0.0124397381649315
210,46.6492156982422,0.00894021751230469
211.25,46.6492156982422,0.00504698883537579
212.5,46.6492156982422,0.0014088659749467
213.75,46.6492156982422,-0.00136291040817565
215,46.6492156982422,-0.00352811680264827
216.25,46.6492156982422,-0.00557426810205902
217.5,46.6492156982422,-0.00722240829181723
218.75,46.6492156982422,-0.00811020400626652
220,46.6492156982422,-0.00840776865284383
221.25,46.6492156982422,-0.00831272948197805
222.5,46.6492156982422,-0.00821670592415604
223.75,46.6492156982422,-0.00818697799017546
225,46.6492156982422,-0.00841474587681445
226.25,46.6492156982422,-0.00924720959183182
227.5,46.6492156982422,-0.0103430182988709
228.75,46.6492156982422,-0.0111813988642261
230,46.6492156982422,-0.0118905333181157
231.25,46.6492156982422,-0.011722331629992
232.5,46.6492156982422,-0.00998492857051133
233.75,46.6492156982422,-0.00738408414549115
235,46.6492156982422,-0.00438747220593042
236.25,46.6492156982422,-0.0018137120762255
160,47.5916290283203,-0.0117601086178496
161.25,47.5916290283203,-0.0105290690940676
162.5,47.5916290283203,-0.00888471678327143
163.75,47.5916290283203,-0.00848461559418096
165,47.5916290283203,-0.00965559862280918
166.25,47.5916290283203,-0.0111191230158382
167.5,47.5916290283203,-0.0122104090996541
168.75,47.5916290283203,-0.0125879651161497
170,47.5916290283203,-0.0116206957797656
171.25,47.5916290283203,-0.00925975606449395
172.5,47.5916290283203,-0.00652106160010448
173.75,47.5916290283203,-0.00435206159822834
175,47.5916290283203,-0.00318358697205064
176.25,47.5916290283203,-0.00298621853488742
177.5,47.5916290283203,-0.00367378430142556
178.75,47.5916290283203,-0.00456108629412252
180,47.5916290283203,-0.00541810170733925
181.25,47.5916290283203,-0.00632858622759168
182.5,47.5916290283203,-0.00749760280325882
183.75,47.5916290283203,-0.00880969878063512
185,47.5916290283203,-0.00965263167886176
186.25,47.5916290283203,-0.00988154964539144
187.5,47.5916290283203,-0.00968465942518372
188.75,47.5916290283203,-0.00926901773760202
190,47.5916290283203,-0.00863264363035091
191.25,47.5916290283203,-0.00690563873415784
192.5,47.5916290283203,-0.00383953461654827
193.75,47.5916290283203,-0.000258508029287206
195,47.5916290283203,0.00255196945761459
196.25,47.5916290283203,0.00371412759554293
197.5,47.5916290283203,0.00506676928188753
198.75,47.5916290283203,0.00736657380924346
200,47.5916290283203,0.00989819686960883
201.25,47.5916290283203,0.012895069195751
202.5,47.5916290283203,0.0157557557408989
203.75,47.5916290283203,0.0173830415199443
205,47.5916290283203,0.0172790224798217
206.25,47.5916290283203,0.0157222420154615
207.5,47.5916290283203,0.0131178834896703
208.75,47.5916290283203,0.010096637285062
210,47.5916290283203,0.00667855437636055
211.25,47.5916290283203,0.00288868922709521
212.5,47.5916290283203,-0.000893308388256949
213.75,47.5916290283203,-0.00431922575497715
215,47.5916290283203,-0.00696213740028944
216.25,47.5916290283203,-0.00850912766049475
217.5,47.5916290283203,-0.00917386254420058
218.75,47.5916290283203,-0.00930427673147405
220,47.5916290283203,-0.00919247580948053
221.25,47.5916290283203,-0.00926053220678849
222.5,47.5916290283203,-0.00983666620171437
223.75,47.5916290283203,-0.0104401913106877
225,47.5916290283203,-0.0110065748213659
226.25,47.5916290283203,-0.0117458304612491
227.5,47.5916290283203,-0.0124525751021205
228.75,47.5916290283203,-0.0126502816172962
230,47.5916290283203,-0.0120519226146284
231.25,47.5916290283203,-0.0102453901830243
232.5,47.5916290283203,-0.0071919662775035
233.75,47.5916290283203,-0.00393694358767475
235,47.5916290283203,-0.000590650131110634
236.25,47.5916290283203,0.00118957535091172
160,48.5340270996094,-0.00800408344187715
161.25,48.5340270996094,-0.00791302390541799
162.5,48.5340270996094,-0.00691797642180917
163.75,48.5340270996094,-0.00644888847309433
165,48.5340270996094,-0.00677165638207702
166.25,48.5340270996094,-0.00695428767483172
167.5,48.5340270996094,-0.00637581651893227
168.75,48.5340270996094,-0.00480983164043009
170,48.5340270996094,-0.00216841344607183
171.25,48.5340270996094,0.000727858978455951
172.5,48.5340270996094,0.00329064563058704
173.75,48.5340270996094,0.0049754522267269
175,48.5340270996094,0.00519963286818181
176.25,48.5340270996094,0.00399824131895915
177.5,48.5340270996094,0.00206566041370187
178.75,48.5340270996094,0.000102872553779116
180,48.5340270996094,-0.00163873437345177
181.25,48.5340270996094,-0.00320812477888855
182.5,48.5340270996094,-0.00496483357563958
183.75,48.5340270996094,-0.00651930211293073
185,48.5340270996094,-0.00685196251810626
186.25,48.5340270996094,-0.00616326917952236
187.5,48.5340270996094,-0.00509858735071431
188.75,48.5340270996094,-0.0037680712522883
190,48.5340270996094,-0.0022586665992273
191.25,48.5340270996094,0.000397023146171281
192.5,48.5340270996094,0.00486574411090087
193.75,48.5340270996094,0.00961083366808832
195,48.5340270996094,0.0121435193839336
196.25,48.5340270996094,0.0125105586213406
197.5,48.5340270996094,0.0126083698376713
198.75,48.5340270996094,0.0134425415921327
200,48.5340270996094,0.0145960552536904
201.25,48.5340270996094,0.0161726607732851
202.5,48.5340270996094,0.0173528472996185
203.75,48.5340270996094,0.0174453171711223
205,48.5340270996094,0.016522357130708
206.25,48.5340270996094,0.0146781357664911
207.5,48.5340270996094,0.0121252728521941
208.75,48.5340270996094,0.00918780547103542
210,48.5340270996094,0.00590006854540753
211.25,48.5340270996094,0.00211633953313857
212.5,48.5340270996094,-0.00214591324010205
213.75,48.5340270996094,-0.00598229204524414
215,48.5340270996094,-0.00854829310659446
216.25,48.5340270996094,-0.00961265231700734
217.5,48.5340270996094,-0.00962200418940398
218.75,48.5340270996094,-0.00926871604303276
220,48.5340270996094,-0.00905678679977518
221.25,48.5340270996094,-0.00935695142767846
222.5,48.5340270996094,-0.0103664053088255
223.75,48.5340270996094,-0.0116278603929001
225,48.5340270996094,-0.0126283300427556
226.25,48.5340270996094,-0.0132354090177467
227.5,48.5340270996094,-0.0133931409091184
228.75,48.5340270996094,-0.0125557253395117
230,48.5340270996094,-0.010304105438437
231.25,48.5340270996094,-0.00699008540986374
232.5,48.5340270996094,-0.00344976952520211
233.75,48.5340270996094,-0.000400073166555626
235,48.5340270996094,0.00233746381392977
236.25,48.5340270996094,0.00344647982816736
160,49.4764404296875,-0.00636521146264557
161.25,49.4764404296875,-0.00503634741451327
162.5,49.4764404296875,-0.0041497153740231
163.75,49.4764404296875,-0.00360758259613216
165,49.4764404296875,-0.0032426228887059
166.25,49.4764404296875,-0.00253272426000992
167.5,49.4764404296875,-0.0011352212449057
168.75,49.4764404296875,0.0011100256625361
170,49.4764404296875,0.00364554927415216
171.25,49.4764404296875,0.00579701023132668
172.5,49.4764404296875,0.00743819828418425
173.75,49.4764404296875,0.00817095661451359
175,49.4764404296875,0.00764723901093339
176.25,49.4764404296875,0.00616882084503423
177.5,49.4764404296875,0.00456204512623045
178.75,49.4764404296875,0.0035263976383512
180,49.4764404296875,0.00288663817584014
181.25,49.4764404296875,0.00204897754480061
182.5,49.4764404296875,0.00102795428746449
183.75,49.4764404296875,0.000752469125078287
185,49.4764404296875,0.00197627451735415
186.25,49.4764404296875,0.00397936198327478
187.5,49.4764404296875,0.00574591707418313
188.75,49.4764404296875,0.00683076876986169
190,49.4764404296875,0.00796031633427288
191.25,49.4764404296875,0.010225429422297
192.5,49.4764404296875,0.0138248737538407
193.75,49.4764404296875,0.0176101941020664
195,49.4764404296875,0.0196073427900922
196.25,49.4764404296875,0.0197289366108708
197.5,49.4764404296875,0.0186145906623698
198.75,49.4764404296875,0.0171147015278521
200,49.4764404296875,0.0164505500749133
201.25,49.4764404296875,0.0166353722964506
202.5,49.4764404296875,0.0165699171445389
203.75,49.4764404296875,0.0160636718977694
205,49.4764404296875,0.0153151227072988
206.25,49.4764404296875,0.0141249422686853
207.5,49.4764404296875,0.0122045004319135
208.75,49.4764404296875,0.00946656912335306
210,49.4764404296875,0.00587015018341312
211.25,49.4764404296875,0.00164713478521315
212.5,49.4764404296875,-0.00282766516137244
213.75,49.4764404296875,-0.00669602629068249
215,49.4764404296875,-0.00892542622790625
216.25,49.4764404296875,-0.0095846013179863
217.5,49.4764404296875,-0.00934589449773322
218.75,49.4764404296875,-0.00891916770245369
220,49.4764404296875,-0.00876665703190249
221.25,49.4764404296875,-0.00931881515323212
222.5,49.4764404296875,-0.0106462826559223
223.75,49.4764404296875,-0.0122270594946603
225,49.4764404296875,-0.013411416344889
226.25,49.4764404296875,-0.013962725947355
227.5,49.4764404296875,-0.0133990611288292
228.75,49.4764404296875,-0.0113472047299083
230,49.4764404296875,-0.00805843236238153
231.25,49.4764404296875,-0.00390804766354916
232.5,49.4764404296875,-0.000157317286483371
233.75,49.4764404296875,0.00138630021262783
235,49.4764404296875,0.00159933242619546
160,50.4188537597656,-0.00669285880288447
161.25,50.4188537597656,-0.00406157570084835
162.5,50.4188537597656,-0.00222993762192194
163.75,50.4188537597656,-0.00120702589227664
165,50.4188537597656,-0.000666415753744638
166.25,50.4188537597656,0.00015394301730368
167.5,50.4188537597656,0.00158174106370913
168.75,50.4188537597656,0.00331881616525739
170,50.4188537597656,0.00475689903067639
171.25,50.4188537597656,0.00574196810566253
172.5,50.4188537597656,0.00638233091309844
173.75,50.4188537597656,0.00636120316527046
175,50.4188537597656,0.00549162339830262
176.25,50.4188537597656,0.00443914230577047
177.5,50.4188537597656,0.0043351232378468
178.75,50.4188537597656,0.00587730303756917
180,50.4188537597656,0.00798240261784827
181.25,50.4188537597656,0.00885238557221201
182.5,50.4188537597656,0.00905903541812958
183.75,50.4188537597656,0.0101483645903709
185,50.4188537597656,0.0118451938284225
186.25,50.4188537597656,0.0126174293829959
187.5,50.4188537597656,0.0125630739566062
188.75,50.4188537597656,0.0122962807632703
190,50.4188537597656,0.0125060701971667
191.25,50.4188537597656,0.013787297019821
192.5,50.4188537597656,0.0156811310215406
193.75,50.4188537597656,0.0175939801840875
195,50.4188537597656,0.0186878226699459
196.25,50.4188537597656,0.0186270077254178
197.5,50.4188537597656,0.0175188268569902
198.75,50.4188537597656,0.0163653059170979
200,50.4188537597656,0.0157325028956156
201.25,50.4188537597656,0.0155129529444999
202.5,50.4188537597656,0.0153701872595074
203.75,50.4188537597656,0.0151570692535013
205,50.4188537597656,0.0148259594696945
206.25,50.4188537597656,0.0139315676906611
207.5,50.4188537597656,0.0121051620542917
208.75,50.4188537597656,0.0092662745698448
210,50.4188537597656,0.00553771600810021
211.25,50.4188537597656,0.0012813925518605
212.5,50.4188537597656,-0.00290566420911515
213.75,50.4188537597656,-0.00609465054744111
215,50.4188537597656,-0.00785530719393723
216.25,50.4188537597656,-0.00859888971388005
217.5,50.4188537597656,-0.00878416253571111
218.75,50.4188537597656,-0.00865285026928471
220,50.4188537597656,-0.00856428215708798
221.25,50.4188537597656,-0.00918140289656873
222.5,50.4188537597656,-0.0106400601239472
223.75,50.4188537597656,-0.0123258225408233
225,50.4188537597656,-0.0135496101023359
226.25,50.4188537597656,-0.013698517582775
227.5,50.4188537597656,-0.0122713546326067
228.75,50.4188537597656,-0.00969831976499813
230,50.4188537597656,-0.00661554228296381
231.25,50.4188537597656,-0.00349077072981631
232.5,50.4188537597656,0.00013019225555732
233.75,50.4188537597656,0.00162776014977805
160,51.3612518310547,-0.00570273607498557
161.25,51.3612518310547,-0.00202458697544284
162.5,51.3612518310547,-0.000435785110076161
163.75,51.3612518310547,-0.000460497183736385
165,51.3612518310547,-0.000811216675540467
166.25,51.3612518310547,-0.00059806141020094
167.5,51.3612518310547,0.000335301129470508
168.75,51.3612518310547,0.00147590475579416
170,51.3612518310547,0.00232178635927537
171.25,51.3612518310547,0.00290923146523627
172.5,51.3612518310547,0.00344301055832046
173.75,51.3612518310547,0.00336772144418835
175,51.3612518310547,0.00240264287970278
176.25,51.3612518310547,0.00170704632185693
177.5,51.3612518310547,0.00255577032633382
178.75,51.3612518310547,0.00565570926512246
180,51.3612518310547,0.00983191429222637
181.25,51.3612518310547,0.0122335404258056
182.5,51.3612518310547,0.0136078287396517
183.75,51.3612518310547,0.0162690631007566
185,51.3612518310547,0.0185663095021534
186.25,51.3612518310547,0.0181998124533012
187.5,51.3612518310547,0.016002634118549
188.75,51.3612518310547,0.0135083086087039
190,51.3612518310547,0.0118073962047711
191.25,51.3612518310547,0.0111190675029721
192.5,51.3612518310547,0.0109325643814855
193.75,51.3612518310547,0.0111106016066976
195,51.3612518310547,0.0117555547188501
196.25,51.3612518310547,0.0124117119661544
197.5,51.3612518310547,0.0128289064482839
198.75,51.3612518310547,0.0130542923963154
200,51.3612518310547,0.0133127272543567
201.25,51.3612518310547,0.0134531409645492
202.5,51.3612518310547,0.0136222969682651
203.75,51.3612518310547,0.0136830663558951
205,51.3612518310547,0.0135222907412524
206.25,51.3612518310547,0.0126828796237754
207.5,51.3612518310547,0.0108349354989148
208.75,51.3612518310547,0.00791807662325055
210,51.3612518310547,0.00444754753001506
211.25,51.3612518310547,0.000898177646243931
212.5,51.3612518310547,-0.00230200526541146
213.75,51.3612518310547,-0.00477012324294184
215,51.3612518310547,-0.00629923289020134
216.25,51.3612518310547,-0.0073524953871073
217.5,51.3612518310547,-0.00810460098744903
218.75,51.3612518310547,-0.0083451127776415
220,51.3612518310547,-0.00819779796601726
221.25,51.3612518310547,-0.0086560362884768
222.5,51.3612518310547,-0.00998689658569618
223.75,51.3612518310547,-0.0116748588898124
225,51.3612518310547,-0.0128262200638902
226.25,51.3612518310547,-0.0123016525906924
227.5,51.3612518310547,-0.00992751367841025
228.75,51.3612518310547,-0.00674679883417898
230,51.3612518310547,-0.00407754535545676
231.25,51.3612518310547,-0.00196818948547909
232.5,51.3612518310547,-0.000833096169717532
160,52.3036651611328,-0.00458261885921854
161.25,52.3036651611328,-0.000772981570213692
162.5,52.3036651611328,0.001248357153742
163.75,52.3036651611328,0.000749949245897912
165,52.3036651611328,-0.000532752842775784
166.25,52.3036651611328,-0.00148197561605877
167.5,52.3036651611328,-0.00184514448592535
168.75,52.3036651611328,-0.00149805566260933
170,52.3036651611328,-0.000528975032660883
171.25,52.3036651611328,0.000894727284138632
172.5,52.3036651611328,0.0022279636765032
173.75,52.3036651611328,0.00263099340682239
175,52.3036651611328,0.00159992702632404
176.25,52.3036651611328,0.000772564151455494
177.5,52.3036651611328,0.00189076755574314
178.75,52.3036651611328,0.00569712045782444
180,52.3036651611328,0.0113092552050236
181.25,52.3036651611328,0.0160737550350999
182.5,52.3036651611328,0.0188664077800781
183.75,52.3036651611328,0.0214565416793842
185,52.3036651611328,0.0235685347072696
186.25,52.3036651611328,0.0233299864063059
187.5,52.3036651611328,0.021393202388385
188.75,52.3036651611328,0.0186151195697548
190,52.3036651611328,0.0153564611294918
191.25,52.3036651611328,0.0118450261733783
192.5,52.3036651611328,0.00912847015830841
193.75,52.3036651611328,0.00767815308545444
195,52.3036651611328,0.00749352686715242
196.25,52.3036651611328,0.00802048586361554
197.5,52.3036651611328,0.00825296257287035
198.75,52.3036651611328,0.00819461581868389
200,52.3036651611328,0.00850339666175058
201.25,52.3036651611328,0.00926771497561408
202.5,52.3036651611328,0.00994586590508811
203.75,52.3036651611328,0.0101934035867802
205,52.3036651611328,0.00995012346241217
206.25,52.3036651611328,0.00917452243838051
207.5,52.3036651611328,0.00770686385299765
208.75,52.3036651611328,0.00563666987078358
210,52.3036651611328,0.00325206887143228
211.25,52.3036651611328,0.000911543374687955
212.5,52.3036651611328,-0.00119851560017335
213.75,52.3036651611328,-0.00307295023786774
215,52.3036651611328,-0.00480230880607305
216.25,52.3036651611328,-0.0063719319773869
217.5,52.3036651611328,-0.00749524977457715
218.75,52.3036651611328,-0.00779230316248967
220,52.3036651611328,-0.00748007416416858
221.25,52.3036651611328,-0.00764696180252901
222.5,52.3036651611328,-0.00879440356985483
223.75,52.3036651611328,-0.010435818909451
225,52.3036651611328,-0.0111582225051572
226.25,52.3036651611328,-0.00994220781204046
227.5,52.3036651611328,-0.0071260694928755
228.75,52.3036651611328,-0.00248834104070035
230,52.3036651611328,0.00152751435730161
231.25,52.3036651611328,0.00193813313285029
232.5,52.3036651611328,0.00112229852264175
160,53.2460784912109,-0.0034223966148257
161.25,53.2460784912109,-0.000238101522962979
162.5,53.2460784912109,0.0011473793380937
163.75,53.2460784912109,0.0010627695590415
165,53.2460784912109,0.000708556406388408
166.25,53.2460784912109,-0.000322426238859369
167.5,53.2460784912109,-0.00181818918285121
168.75,53.2460784912109,-0.00229087483371338
170,53.2460784912109,-0.00122042943241755
171.25,53.2460784912109,0.000793985178618369
172.5,53.2460784912109,0.00319359612046319
173.75,53.2460784912109,0.0045457016136046
175,53.2460784912109,0.00383736576592789
176.25,53.2460784912109,0.0034221142019924
177.5,53.2460784912109,0.00524695898434205
178.75,53.2460784912109,0.00976519825357724
180,53.2460784912109,0.0160193432784151
181.25,53.2460784912109,0.0216906749250737
182.5,53.2460784912109,0.0253637948115664
183.75,53.2460784912109,0.027239276321446
185,53.2460784912109,0.0281766450626902
186.25,53.2460784912109,0.0279096666917976
187.5,53.2460784912109,0.0263937453588788
188.75,53.2460784912109,0.0236713932363566
190,53.2460784912109,0.0197622902073882
191.25,53.2460784912109,0.0146414624165858
192.5,53.2460784912109,0.0100146784777146
193.75,53.2460784912109,0.00789498144738876
195,53.2460784912109,0.00659858126061902
196.25,53.2460784912109,0.00618727423640805
197.5,53.2460784912109,0.00606784583835286
198.75,53.2460784912109,0.00563855287086242
200,53.2460784912109,0.00536119772175474
201.25,53.2460784912109,0.00554952850926145
202.5,53.2460784912109,0.00553741657308379
203.75,53.2460784912109,0.00548472354556182
205,53.2460784912109,0.00553358162951011
206.25,53.2460784912109,0.0053322157607051
207.5,53.2460784912109,0.00457839987694032
208.75,53.2460784912109,0.00344368802231398
210,53.2460784912109,0.00223658867761757
211.25,53.2460784912109,0.00123009700391725
212.5,53.2460784912109,-8.89057626304747e-05
213.75,53.2460784912109,-0.00181741293597703
215,53.2460784912109,-0.00378034688842617
216.25,53.2460784912109,-0.00557277915367403
217.5,53.2460784912109,-0.00673966677171374
218.75,53.2460784912109,-0.0069746769341245
220,53.2460784912109,-0.0066033645113121
221.25,53.2460784912109,-0.00648262516686157
222.5,53.2460784912109,-0.00724939571446952
223.75,53.2460784912109,-0.0084147503610069
225,53.2460784912109,-0.0083581041604034
226.25,53.2460784912109,-0.00636669009172746
227.5,53.2460784912109,-0.00304605138548468
228.75,53.2460784912109,0.00247128172733024
230,53.2460784912109,0.00704473166630593
231.25,53.2460784912109,0.00401200967197398
160,54.1884765625,-0.000859291720360372
161.25,54.1884765625,-8.72114072466609e-06
162.5,54.1884765625,0.00208798616562717
163.75,54.1884765625,0.00345048577498531
165,54.1884765625,0.00427938796168123
166.25,54.1884765625,0.00440629554324117
167.5,54.1884765625,0.00355326737376591
168.75,54.1884765625,0.00293396614932176
170,54.1884765625,0.00360989442910573
171.25,54.1884765625,0.00567605172987682
172.5,54.1884765625,0.00856875970524221
173.75,54.1884765625,0.010644339346299
175,54.1884765625,0.0106994638631279
176.25,54.1884765625,0.0110466945463154
177.5,54.1884765625,0.0138287808492206
178.75,54.1884765625,0.0194795911503766
180,54.1884765625,0.0262406316465002
181.25,54.1884765625,0.0306462739641322
182.5,54.1884765625,0.0314828203450388
183.75,54.1884765625,0.0310138687139519
185,54.1884765625,0.0301374769053632
186.25,54.1884765625,0.0284783079759423
187.5,54.1884765625,0.0261552642609511
188.75,54.1884765625,0.0234798383691756
190,54.1884765625,0.0197317008041603
191.25,54.1884765625,0.014813006587367
192.5,54.1884765625,0.0100917283929493
193.75,54.1884765625,0.00746494310415019
195,54.1884765625,0.00673676688293434
196.25,54.1884765625,0.00610573108427103
197.5,54.1884765625,0.00682353628798025
198.75,54.1884765625,0.00664670624231943
200,54.1884765625,0.00508285698275887
201.25,54.1884765625,0.0046835867899262
202.5,54.1884765625,0.00422200316352777
203.75,54.1884765625,0.00362748460067178
205,54.1884765625,0.00357290914666276
206.25,54.1884765625,0.00372740110913641
207.5,54.1884765625,0.00358695864049406
208.75,54.1884765625,0.00311521424579459
210,54.1884765625,0.00258475934878315
211.25,54.1884765625,0.00199289753929565
212.5,54.1884765625,0.000929289662629771
213.75,54.1884765625,-0.000878049572622268
215,54.1884765625,-0.00297985602967838
216.25,54.1884765625,-0.00480216604441183
217.5,54.1884765625,-0.00579858944339576
218.75,54.1884765625,-0.00591771482891457
220,54.1884765625,-0.00559172074787657
221.25,54.1884765625,-0.00535785638306781
222.5,54.1884765625,-0.00555765920226983
223.75,54.1884765625,-0.00539750724111528
225,54.1884765625,-0.00405102090331953
226.25,54.1884765625,-0.00100921055666819
227.5,54.1884765625,0.00318562026339447
228.75,54.1884765625,0.00661055135774645
230,54.1884765625,0.00856796619736261
161.25,55.1308898925781,0.00110674480110945
162.5,55.1308898925781,0.00227788195516819
163.75,55.1308898925781,0.00622410677275078
165,55.1308898925781,0.0102337722272976
166.25,55.1308898925781,0.0120588040313
167.5,55.1308898925781,0.0125344743874603
168.75,55.1308898925781,0.0130133918280801
170,55.1308898925781,0.0147079573915503
171.25,55.1308898925781,0.0174503207871013
172.5,55.1308898925781,0.0202390788526903
173.75,55.1308898925781,0.0221553209945446
175,55.1308898925781,0.0231432178739634
176.25,55.1308898925781,0.0240244653356988
177.5,55.1308898925781,0.0264443483121922
178.75,55.1308898925781,0.0304287686620371
180,55.1308898925781,0.0336132230429501
181.25,55.1308898925781,0.0342269636352449
182.5,55.1308898925781,0.0327035284213794
183.75,55.1308898925781,0.0302901689264153
185,55.1308898925781,0.0271914082304878
186.25,55.1308898925781,0.0240586079151185
187.5,55.1308898925781,0.0216124310773191
188.75,55.1308898925781,0.0193500030776712
190,55.1308898925781,0.016454328144089
191.25,55.1308898925781,0.0126607109725074
192.5,55.1308898925781,0.0090063756578235
193.75,55.1308898925781,0.00683642254968044
195,55.1308898925781,0.00594360620988585
196.25,55.1308898925781,0.00640194354416471
197.5,55.1308898925781,0.00749402528185682
198.75,55.1308898925781,0.00871315130266046
200,55.1308898925781,0.0069123376044298
201.25,55.1308898925781,0.00619992098679629
202.5,55.1308898925781,0.0052173728873102
203.75,55.1308898925781,0.00403353336543311
205,55.1308898925781,0.00395031250542067
206.25,55.1308898925781,0.00479948613930393
207.5,55.1308898925781,0.00548530310148136
208.75,55.1308898925781,0.00540283173494296
210,55.1308898925781,0.00448923774024407
211.25,55.1308898925781,0.00331998511545149
212.5,55.1308898925781,0.00195097053858793
213.75,55.1308898925781,0.000127348900328268
215,55.1308898925781,-0.00183973365821499
216.25,55.1308898925781,-0.00352901988995509
217.5,55.1308898925781,-0.00443360911412972
218.75,55.1308898925781,-0.00445218722365177
220,55.1308898925781,-0.0040121221103613
221.25,55.1308898925781,-0.00368657550923464
222.5,55.1308898925781,-0.00329889393937126
223.75,55.1308898925781,-0.00194001271729115
225,55.1308898925781,0.000491423622924484
226.25,55.1308898925781,0.00319491356887154
227.5,55.1308898925781,0.00629351245308232
228.75,55.1308898925781,0.007981943720863
230,55.1308898925781,0.00856796988565269
161.25,56.0733032226562,0.000723611946918841
162.5,56.0733032226562,0.00324158944035852
163.75,56.0733032226562,0.00699003022701432
165,56.0733032226562,0.0133745095733809
166.25,56.0733032226562,0.0188965071401174
167.5,56.0733032226562,0.0221196200751458
168.75,56.0733032226562,0.024827335084628
170,56.0733032226562,0.0271164857398657
171.25,56.0733032226562,0.0289476176783347
172.5,56.0733032226562,0.0302988129425279
173.75,56.0733032226562,0.0312259971883785
175,56.0733032226562,0.0319140635824717
176.25,56.0733032226562,0.0329489641984844
177.5,56.0733032226562,0.0348531672309486
178.75,56.0733032226562,0.0366048254640232
180,56.0733032226562,0.0361948320028904
181.25,56.0733032226562,0.0335132270688181
182.5,56.0733032226562,0.0294782103254247
183.75,56.0733032226562,0.0249761633627527
185,56.0733032226562,0.0211437711043628
186.25,56.0733032226562,0.0182790387282792
187.5,56.0733032226562,0.0160897682046781
188.75,56.0733032226562,0.0142131187558614
190,56.0733032226562,0.0118997835125006
191.25,56.0733032226562,0.0093341344198823
192.5,56.0733032226562,0.00751460073533271
193.75,56.0733032226562,0.00696311785760624
195,56.0733032226562,0.00605052637605175
196.25,56.0733032226562,0.00484807546846261
197.5,56.0733032226562,0.00347436466535994
198.75,56.0733032226562,0.00322834750924745
200,56.0733032226562,0.00584300273028102
201.25,56.0733032226562,0.00633311809867304
202.5,56.0733032226562,0.00556363497623465
203.75,56.0733032226562,0.00439608566959977
205,56.0733032226562,0.00381093771124156
206.25,56.0733032226562,0.00529509108722349
207.5,56.0733032226562,0.00665463082548119
208.75,56.0733032226562,0.0072719732162469
210,56.0733032226562,0.00660242490720132
211.25,56.0733032226562,0.00509441635608647
212.5,56.0733032226562,0.00331412621385136
213.75,56.0733032226562,0.00140121975559424
215,56.0733032226562,-0.000356005182741671
216.25,56.0733032226562,-0.00159691384076601
217.5,56.0733032226562,-0.00222208423606187
218.75,56.0733032226562,-0.00228096295501813
220,56.0733032226562,-0.00166846303423146
221.25,56.0733032226562,-0.000784969449643796
222.5,56.0733032226562,0.000344982775146696
223.75,56.0733032226562,0.00193341925040729
225,56.0733032226562,0.00426417128401343
226.25,56.0733032226562,0.00655793901948087
227.5,56.0733032226562,0.0048757838434019
162.5,57.0157012939453,0.00578232892687634
163.75,57.0157012939453,0.00722733271020568
165,57.0157012939453,0.0139977743935782
166.25,57.0157012939453,0.0213256390996547
167.5,57.0157012939453,0.0262928319102469
168.75,57.0157012939453,0.0296322766335282
170,57.0157012939453,0.0322523717223973
171.25,57.0157012939453,0.0347361992309378
172.5,57.0157012939453,0.037002054896983
173.75,57.0157012939453,0.038536589692007
175,57.0157012939453,0.03872174164128
176.25,57.0157012939453,0.037931528042936
177.5,57.0157012939453,0.0372900419375254
178.75,57.0157012939453,0.0360148146289925
180,57.0157012939453,0.0330324208782922
181.25,57.0157012939453,0.0286953134393436
182.5,57.0157012939453,0.0233035049269582
183.75,57.0157012939453,0.0182503985354417
185,57.0157012939453,0.0146817757855196
186.25,57.0157012939453,0.0128735730893129
187.5,57.0157012939453,0.012386302516581
188.75,57.0157012939453,0.0121996001088689
190,57.0157012939453,0.011373440704356
191.25,57.0157012939453,0.00901777583894846
192.5,57.0157012939453,0.00753398571289404
193.75,57.0157012939453,0.00715411189996472
195,57.0157012939453,0.00588042387018935
196.25,57.0157012939453,0.00424915316134177
197.5,57.0157012939453,0.00344574297711353
198.75,57.0157012939453,0.00420086466630884
200,57.0157012939453,0.00570618722087865
201.25,57.0157012939453,0.00766142371031832
202.5,57.0157012939453,0.00530881421870215
203.75,57.0157012939453,0.00455575813524041
205,57.0157012939453,0.00409940429457039
206.25,57.0157012939453,0.00523928310773604
207.5,57.0157012939453,0.00718014470016372
208.75,57.0157012939453,0.00807684180571101
210,57.0157012939453,0.00757494469705314
211.25,57.0157012939453,0.00606630952394152
212.5,57.0157012939453,0.00448750250142141
213.75,57.0157012939453,0.00294341565879268
215,57.0157012939453,0.00149721644382196
216.25,57.0157012939453,0.000628231830421137
217.5,57.0157012939453,0.000529516833970755
218.75,57.0157012939453,0.000907070452928726
220,57.0157012939453,0.00140447763085604
221.25,57.0157012939453,0.00243684665773095
222.5,57.0157012939453,0.00403927505528612
223.75,57.0157012939453,0.00572625841588125
225,57.0157012939453,0.00647221746493269
226.25,57.0157012939453,0.00827399895840234
162.5,57.9581146240234,0.00559760941607996
163.75,57.9581146240234,0.00646168452925943
165,57.9581146240234,0.0131226574965654
166.25,57.9581146240234,0.0199891814162178
167.5,57.9581146240234,0.0253078916094565
168.75,57.9581146240234,0.0297311094789204
170,57.9581146240234,0.0336410324794056
171.25,57.9581146240234,0.0371244769412563
172.5,57.9581146240234,0.0392584011407936
173.75,57.9581146240234,0.0393506535252211
175,57.9581146240234,0.0377165221477691
176.25,57.9581146240234,0.0355885617296101
177.5,57.9581146240234,0.0329910543419783
178.75,57.9581146240234,0.0291427041386739
180,57.9581146240234,0.0244917796214257
181.25,57.9581146240234,0.0202467645939347
182.5,57.9581146240234,0.0169268211944538
183.75,57.9581146240234,0.0141124089908985
185,57.9581146240234,0.0120112388062697
186.25,57.9581146240234,0.0109511330686934
187.5,57.9581146240234,0.0111862136234206
188.75,57.9581146240234,0.0102737886199485
190,57.9581146240234,0.00786092169033744
191.25,57.9581146240234,0.0066394556708075
192.5,57.9581146240234,0.00772321450235875
193.75,57.9581146240234,0.00829996061762485
195,57.9581146240234,0.00653964571510792
196.25,57.9581146240234,0.00400963091020217
197.5,57.9581146240234,0.00452426960320721
198.75,57.9581146240234,0.00704506656019411
200,57.9581146240234,0.00925367511674349
201.25,57.9581146240234,0.0108302249941496
202.5,57.9581146240234,0.0118385686039038
203.75,57.9581146240234,0.00452961993914587
206.25,57.9581146240234,0.00657143094399477
207.5,57.9581146240234,0.00735389949776474
208.75,57.9581146240234,0.00792804017737562
210,57.9581146240234,0.00762346652772267
211.25,57.9581146240234,0.00663476484898286
212.5,57.9581146240234,0.00545140679987945
213.75,57.9581146240234,0.00434868684183484
215,57.9581146240234,0.0035292166822225
216.25,57.9581146240234,0.00309905199118991
217.5,57.9581146240234,0.00308227198660291
218.75,57.9581146240234,0.00353988685154419
220,57.9581146240234,0.00424450924791525
221.25,57.9581146240234,0.00541771553547742
222.5,57.9581146240234,0.00687675974756628
223.75,57.9581146240234,0.00770067211718782
225,57.9581146240234,0.00700830562726152
160,58.9005279541016,-0.00299996198492082
161.25,58.9005279541016,-0.00363795032077962
162.5,58.9005279541016,0.00434766300427507
163.75,58.9005279541016,0.00371594406641836
165,58.9005279541016,0.0116836201744897
166.25,58.9005279541016,0.017832197348266
167.5,58.9005279541016,0.0221428912826635
168.75,58.9005279541016,0.0257231749137711
170,58.9005279541016,0.0288161505578416
171.25,58.9005279541016,0.0312249534009746
172.5,58.9005279541016,0.0330766840148776
173.75,58.9005279541016,0.0336586741246769
175,58.9005279541016,0.0322306081564062
176.25,58.9005279541016,0.0295615235426439
177.5,58.9005279541016,0.0260704129627737
178.75,58.9005279541016,0.0220445986903509
180,58.9005279541016,0.0186415810973795
181.25,58.9005279541016,0.0163882897103719
182.5,58.9005279541016,0.0145961932640337
183.75,58.9005279541016,0.0124123200697419
185,58.9005279541016,0.00982188428746128
186.25,58.9005279541016,0.00825507122307643
187.5,58.9005279541016,0.00798099449245208
188.75,58.9005279541016,0.00750054142348355
190,58.9005279541016,0.00796788451071186
191.25,58.9005279541016,0.00988485956552353
192.5,58.9005279541016,0.0123711972913008
193.75,58.9005279541016,0.0140428026490633
195,58.9005279541016,0.0124031835276327
196.25,58.9005279541016,0.00913251238322497
197.5,58.9005279541016,0.00931659505293414
198.75,58.9005279541016,0.00958411953999228
200,58.9005279541016,0.0133848268626974
201.25,58.9005279541016,0.0134161732992311
202.5,58.9005279541016,0.01319230878011
206.25,58.9005279541016,0.00658738623490353
207.5,58.9005279541016,0.00681335996842804
208.75,58.9005279541016,0.00754228594980173
210,58.9005279541016,0.00780255403373904
211.25,58.9005279541016,0.0069566217456153
212.5,58.9005279541016,0.00595901390004433
213.75,58.9005279541016,0.00518496368172821
215,58.9005279541016,0.00462272712708465
216.25,58.9005279541016,0.00468616206076387
217.5,58.9005279541016,0.00517216672142333
218.75,58.9005279541016,0.00558457897075246
220,58.9005279541016,0.00585743015940397
221.25,58.9005279541016,0.00709884173069948
222.5,58.9005279541016,0.00737022584820409
160,59.8429260253906,-0.00438499955642542
161.25,59.8429260253906,-0.00616574935758455
162.5,59.8429260253906,-0.00643964687910351
163.75,59.8429260253906,0.00162256998319187
165,59.8429260253906,0.0113854581808727
166.25,59.8429260253906,0.0155573288918301
167.5,59.8429260253906,0.0192006723689938
168.75,59.8429260253906,0.0216638768156239
170,59.8429260253906,0.0249636750958085
171.25,59.8429260253906,0.0258409869235438
172.5,59.8429260253906,0.0273010238688157
173.75,59.8429260253906,0.0293470656877619
175,59.8429260253906,0.0296106990387582
176.25,59.8429260253906,0.0270899612133255
177.5,59.8429260253906,0.0230867969489298
178.75,59.8429260253906,0.019240130212371
180,59.8429260253906,0.0164267488268325
181.25,59.8429260253906,0.0141496017147721
182.5,59.8429260253906,0.0121586502004543
183.75,59.8429260253906,0.0105264393375898
185,59.8429260253906,0.00902009558328629
186.25,59.8429260253906,0.00858874792804438
187.5,59.8429260253906,0.00895747653684534
188.75,59.8429260253906,0.00948401950251148
190,59.8429260253906,0.0114408815047009
191.25,59.8429260253906,0.0134381996657519
192.5,59.8429260253906,0.0147695645255846
193.75,59.8429260253906,0.015676571735704
195,59.8429260253906,0.0159321006898988
196.25,59.8429260253906,0.0154659391700957
197.5,59.8429260253906,0.0145068405146973
198.75,59.8429260253906,0.014187583300409
206.25,59.8429260253906,0.00665323917368189
207.5,59.8429260253906,0.006738049720372
208.75,59.8429260253906,0.00797705629254857
210,59.8429260253906,0.00809594620329027
211.25,59.8429260253906,0.00682161997206055
212.5,59.8429260253906,0.00612061116647637
213.75,59.8429260253906,0.00566938577568114
215,59.8429260253906,0.00476642403785122
216.25,59.8429260253906,0.00529967996386544
217.5,59.8429260253906,0.00643944269544569
218.75,59.8429260253906,0.007601022392367
220,59.8429260253906,0.00770261020073365
221.25,59.8429260253906,0.00738174178088135
160,60.7853393554688,-0.0072453306045369
161.25,60.7853393554688,-0.00848234926168039
162.5,60.7853393554688,-0.00875350519218459
167.5,60.7853393554688,0.0181602751821333
168.75,60.7853393554688,0.0194335940044216
170,60.7853393554688,0.0195781947481087
171.25,60.7853393554688,0.0248024740114244
172.5,60.7853393554688,0.0247985576981205
173.75,60.7853393554688,0.0262083121522091
175,60.7853393554688,0.0271605646362845
176.25,60.7853393554688,0.0263166124024355
177.5,60.7853393554688,0.0234680318910104
178.75,60.7853393554688,0.0199163995317575
180,60.7853393554688,0.0157336699525787
181.25,60.7853393554688,0.0116611892689924
182.5,60.7853393554688,0.0100146797866222
183.75,60.7853393554688,0.0104161369477715
185,60.7853393554688,0.0115526594237921
186.25,60.7853393554688,0.0127979054201959
187.5,60.7853393554688,0.0123590407416113
188.75,60.7853393554688,0.0106849144791563
190,60.7853393554688,0.0114741634425958
191.25,60.7853393554688,0.0121745346199125
192.5,60.7853393554688,0.0112813186063917
193.75,60.7853393554688,0.0102167827370233
195,60.7853393554688,0.00915832863854709
212.5,60.7853393554688,0.00749283212139604
213.75,60.7853393554688,0.00650396549247977
215,60.7853393554688,0.00476296033437615
216.25,60.7853393554688,0.00506932480194582
160,61.7277526855469,-0.00702645244622986
173.75,61.7277526855469,0.0257127666542238
175,61.7277526855469,0.0256114101141958
176.25,61.7277526855469,0.0249109732152442
177.5,61.7277526855469,0.0223469215389908
178.75,61.7277526855469,0.0197803409597035
180,61.7277526855469,0.0133636408865082
181.25,61.7277526855469,0.0106161659606714
182.5,61.7277526855469,0.0110562937467252
183.75,61.7277526855469,0.0120433602814747
185,61.7277526855469,0.0135519811584802
186.25,61.7277526855469,0.0137248614299191
187.5,61.7277526855469,0.0113957761916749
188.75,61.7277526855469,0.00908348210816276
190,61.7277526855469,0.00871588211485136
191.25,61.7277526855469,0.00781345982798946
192.5,61.7277526855469,0.00637299461529836
193.75,61.7277526855469,0.00554665230516872
195,61.7277526855469,0.00637718341884698
175,62.6701507568359,0.0251229357448367
176.25,62.6701507568359,0.0248428368171028
177.5,62.6701507568359,0.0180618421264327
178.75,62.6701507568359,0.018136310165832
180,62.6701507568359,0.0174304992925971
181.25,62.6701507568359,0.0151414590359183
182.5,62.6701507568359,0.0132572235010917
183.75,62.6701507568359,0.0118804494396951
185,62.6701507568359,0.0110734410128564
186.25,62.6701507568359,0.00891491861599548
187.5,62.6701507568359,0.0061956963828858
188.75,62.6701507568359,0.00407550386538986
190,62.6701507568359,0.00281062049413752
191.25,62.6701507568359,0.00211620779598264
192.5,62.6701507568359,0.00131904873291107
193.75,62.6701507568359,0.000413126095600678
195,62.6701507568359,-0.000801147531018203
196.25,62.6701507568359,-0.0107165572816638
197.5,62.6701507568359,-0.0107165581715641
178.75,63.6125640869141,0.00530426480670704
180,63.6125640869141,0.00506582607496289
181.25,63.6125640869141,0.00810409528298565
182.5,63.6125640869141,0.00847387246358764
183.75,63.6125640869141,0.00601089972293974
185,63.6125640869141,0.00306872913704621
186.25,63.6125640869141,-0.00045056717381339
187.5,63.6125640869141,-0.0042188461655255
188.75,63.6125640869141,-0.00781959680047859
190,63.6125640869141,-0.00865720145870431
191.25,63.6125640869141,-0.00601535303986546
192.5,63.6125640869141,-0.00473766738975723
193.75,63.6125640869141,-0.006581797781692
195,63.6125640869141,-0.011265285686196
196.25,63.6125640869141,-0.0118090630933789
197.5,63.6125640869141,-0.0105455409321033
178.75,64.5549774169922,-0.0013707607641151
180,64.5549774169922,-0.00284370851451852
181.25,64.5549774169922,-0.00278730960720192
182.5,64.5549774169922,-0.00116065916688003
183.75,64.5549774169922,-0.00229219406881885
185,64.5549774169922,-0.0038062909486098
186.25,64.5549774169922,-0.00641395651357669
187.5,64.5549774169922,-0.0091762280309932
188.75,64.5549774169922,-0.0135891053349449
190,64.5549774169922,-0.0159640777144606
191.25,64.5549774169922,-0.0133770654022702
192.5,64.5549774169922,-0.0118357914638893
193.75,64.5549774169922,-0.0135398081681691
195,64.5549774169922,-0.0144438361798238
196.25,64.5549774169922,-0.0123306528537337
197.5,64.5549774169922,-0.0103136772298221
180,65.4973907470703,-0.00491245104249601
181.25,65.4973907470703,-0.00852614781213366
182.5,65.4973907470703,-0.00906552862045026
183.75,65.4973907470703,-0.00888960074826542
185,65.4973907470703,-0.00883736919402992
188.75,65.4973907470703,-0.0151751991476243
190,65.4973907470703,-0.0168499962623398
191.25,65.4973907470703,-0.0149745458616024
192.5,65.4973907470703,-0.0134286271190808
193.75,65.4973907470703,-0.0128694863384215
