"lon","lat","beta"
160,20.2617797851562,-0.0496515612578174
161.25,20.2617797851562,-0.0458365148454457
162.5,20.2617797851562,-0.0419247607907218
163.75,20.2617797851562,-0.0376476369044597
165,20.2617797851562,-0.0333851768592678
166.25,20.2617797851562,-0.0296549457328254
167.5,20.2617797851562,-0.0260988022457128
168.75,20.2617797851562,-0.0217313301077661
170,20.2617797851562,-0.0165770157659445
171.25,20.2617797851562,-0.0113679975287101
172.5,20.2617797851562,-0.00660634316509579
173.75,20.2617797851562,-0.00203013491536697
175,20.2617797851562,0.00226974411327438
176.25,20.2617797851562,0.0062338900343344
177.5,20.2617797851562,0.010090331963918
178.75,20.2617797851562,0.0134210181168634
180,20.2617797851562,0.0162735837298707
181.25,20.2617797851562,0.0173012254396931
182.5,20.2617797851562,0.0181541319365227
183.75,20.2617797851562,0.01928181253037
185,20.2617797851562,0.0205409446874961
186.25,20.2617797851562,0.0224318503563133
187.5,20.2617797851562,0.0254045874633758
188.75,20.2617797851562,0.0297636731205604
190,20.2617797851562,0.0341989721341922
191.25,20.2617797851562,0.0369147098486495
192.5,20.2617797851562,0.0357536019887247
193.75,20.2617797851562,0.0333797333090174
195,20.2617797851562,0.0325702288435365
196.25,20.2617797851562,0.0324851886015576
197.5,20.2617797851562,0.0322143960238786
198.75,20.2617797851562,0.0314356245993695
200,20.2617797851562,0.0305099613144706
201.25,20.2617797851562,0.0295790918050381
202.5,20.2617797851562,0.0265484659442697
203.75,20.2617797851562,0.0240823854027949
205,20.2617797851562,0.0284504871992363
206.25,20.2617797851562,0.0257289024469616
207.5,20.2617797851562,0.0202321068638165
208.75,20.2617797851562,0.0178193982421994
210,20.2617797851562,0.0175049806625138
211.25,20.2617797851562,0.0179122761059236
212.5,20.2617797851562,0.0181345726423855
213.75,20.2617797851562,0.0172438786160447
215,20.2617797851562,0.01516680557833
216.25,20.2617797851562,0.0131552049710989
217.5,20.2617797851562,0.0115494704818162
218.75,20.2617797851562,0.0102347000243316
220,20.2617797851562,0.00871655039321081
221.25,20.2617797851562,0.00691662155999621
222.5,20.2617797851562,0.00525968772033884
223.75,20.2617797851562,0.00408913564711367
225,20.2617797851562,0.00452265595875241
226.25,20.2617797851562,0.00553931767386334
227.5,20.2617797851562,0.00591250721442373
228.75,20.2617797851562,0.00576142492607599
230,20.2617797851562,0.00553957796622319
231.25,20.2617797851562,0.00557337769229848
232.5,20.2617797851562,0.00672565004127014
233.75,20.2617797851562,0.00904470815180205
235,20.2617797851562,0.0103688413740045
236.25,20.2617797851562,0.00651201072460014
237.5,20.2617797851562,-0.0040166560933741
238.75,20.2617797851562,-0.0157247820507071
240,20.2617797851562,-0.0250790745324918
241.25,20.2617797851562,-0.0304436071599819
242.5,20.2617797851562,-0.0309618714471991
243.75,20.2617797851562,-0.0263638158077551
245,20.2617797851562,-0.0165236570016887
246.25,20.2617797851562,-0.00412014833412052
247.5,20.2617797851562,0.00969692144388928
248.75,20.2617797851562,0.0248265924559066
250,20.2617797851562,0.0375929707668598
160,21.2041854858398,-0.051369317610395
161.25,21.2041854858398,-0.0496278128252967
162.5,21.2041854858398,-0.0475558267696906
163.75,21.2041854858398,-0.0446739924647323
165,21.2041854858398,-0.0412019172101059
166.25,21.2041854858398,-0.0379242596392456
167.5,21.2041854858398,-0.0350354965452571
168.75,21.2041854858398,-0.0315367466646421
170,21.2041854858398,-0.0274011261848928
171.25,21.2041854858398,-0.0224530571522799
172.5,21.2041854858398,-0.0175772827037912
173.75,21.2041854858398,-0.012852420374224
175,21.2041854858398,-0.00835263358219333
176.25,21.2041854858398,-0.00430680281314599
177.5,21.2041854858398,-0.000318059680283959
178.75,21.2041854858398,0.00379082583337879
180,21.2041854858398,0.00826651820714158
181.25,21.2041854858398,0.0115732784174853
182.5,21.2041854858398,0.0136029900206319
183.75,21.2041854858398,0.0147728660558938
185,21.2041854858398,0.0156736604576355
186.25,21.2041854858398,0.0175346240153422
187.5,21.2041854858398,0.0205650938938799
188.75,21.2041854858398,0.024622826727786
190,21.2041854858398,0.0292730373881917
191.25,21.2041854858398,0.0347676084102893
192.5,21.2041854858398,0.0385890981339547
193.75,21.2041854858398,0.0379620803937307
195,21.2041854858398,0.0373613342975475
196.25,21.2041854858398,0.0375188743477993
197.5,21.2041854858398,0.0372091326980725
198.75,21.2041854858398,0.0359634586404994
200,21.2041854858398,0.0345859809239295
201.25,21.2041854858398,0.0328219219014687
202.5,21.2041854858398,0.0303115469037024
203.75,21.2041854858398,0.0284872684326688
205,21.2041854858398,0.0318704778119671
206.25,21.2041854858398,0.0337720770673772
207.5,21.2041854858398,0.0301127548847795
208.75,21.2041854858398,0.0265348436494132
210,21.2041854858398,0.0249865480140614
211.25,21.2041854858398,0.0248142699256708
212.5,21.2041854858398,0.0251111613843283
213.75,21.2041854858398,0.0238824100700061
215,21.2041854858398,0.0208313121873823
216.25,21.2041854858398,0.0182774911915614
217.5,21.2041854858398,0.0162916936369241
218.75,21.2041854858398,0.0144221584681153
220,21.2041854858398,0.0119813455113342
221.25,21.2041854858398,0.00870812539868237
222.5,21.2041854858398,0.00541984299129473
223.75,21.2041854858398,0.00349693099611642
225,21.2041854858398,0.00435325744924177
226.25,21.2041854858398,0.00672327979968337
227.5,21.2041854858398,0.00898712634422006
228.75,21.2041854858398,0.00893518294537659
230,21.2041854858398,0.00781700143412689
231.25,21.2041854858398,0.00580752759434466
232.5,21.2041854858398,0.0044504466247023
233.75,21.2041854858398,0.00446535800807702
235,21.2041854858398,0.00421793033825629
236.25,21.2041854858398,0.00187342021717143
237.5,21.2041854858398,-0.00566366721509425
238.75,21.2041854858398,-0.0158012785600215
240,21.2041854858398,-0.0250214376296355
241.25,21.2041854858398,-0.0294987229896495
242.5,21.2041854858398,-0.0284109181553379
243.75,21.2041854858398,-0.0222193619797054
245,21.2041854858398,-0.00985809907738847
246.25,21.2041854858398,0.0070416573408902
247.5,21.2041854858398,0.023836833829132
248.75,21.2041854858398,0.0346324020831022
250,21.2041854858398,0.0375687179684523
160,22.146598815918,-0.0495986632359072
161.25,22.146598815918,-0.0501673103092613
162.5,22.146598815918,-0.0499933665677646
163.75,22.146598815918,-0.0488560375495497
165,22.146598815918,-0.0467938595704863
166.25,22.146598815918,-0.0445621742370747
167.5,22.146598815918,-0.042600421830614
168.75,22.146598815918,-0.040063767989039
170,22.146598815918,-0.0365371306016176
171.25,22.146598815918,-0.0321617236551171
172.5,22.146598815918,-0.0275840376045442
173.75,22.146598815918,-0.0232783010098244
175,22.146598815918,-0.0193244541039411
176.25,22.146598815918,-0.0155940411235987
177.5,22.146598815918,-0.0119432877587011
178.75,22.146598815918,-0.00796114788089103
180,22.146598815918,-0.00296796920217872
181.25,22.146598815918,0.00222317244070933
182.5,22.146598815918,0.00606650217274655
183.75,22.146598815918,0.00831889630273663
185,22.146598815918,0.00942457211043967
186.25,22.146598815918,0.0109705113820603
187.5,22.146598815918,0.0138317159279797
188.75,22.146598815918,0.0177920775926631
190,22.146598815918,0.0221141636962653
191.25,22.146598815918,0.0267473855662932
192.5,22.146598815918,0.0329680630401048
193.75,22.146598815918,0.0353830484819359
195,22.146598815918,0.0375945225600613
196.25,22.146598815918,0.0395096007740915
197.5,22.146598815918,0.0396182536665948
198.75,22.146598815918,0.0382803412558633
200,22.146598815918,0.0372224635339798
201.25,22.146598815918,0.035810743169151
202.5,22.146598815918,0.0342795983096796
203.75,22.146598815918,0.0337792379710437
205,22.146598815918,0.0361225537066347
206.25,22.146598815918,0.0397657216607866
207.5,22.146598815918,0.0402795038158091
208.75,22.146598815918,0.0379743676218877
210,22.146598815918,0.0356770091038175
211.25,22.146598815918,0.0345632494794602
212.5,22.146598815918,0.0342430011015861
213.75,22.146598815918,0.0331385059420118
215,22.146598815918,0.0298017400159852
216.25,22.146598815918,0.0260769579201993
217.5,22.146598815918,0.0233196128753891
218.75,22.146598815918,0.0211250479263175
220,22.146598815918,0.0183878176789474
221.25,22.146598815918,0.0145391244212229
222.5,22.146598815918,0.01024777940367
223.75,22.146598815918,0.00681741770719164
225,22.146598815918,0.00604371542449203
226.25,22.146598815918,0.00862928594253472
227.5,22.146598815918,0.011958065680768
228.75,22.146598815918,0.0128797442998921
230,22.146598815918,0.0116479771586504
231.25,22.146598815918,0.00794011993780041
232.5,22.146598815918,0.00359362493987674
233.75,22.146598815918,0.000764257357290447
235,22.146598815918,-0.00112094276898487
236.25,22.146598815918,-0.00326241439817673
237.5,22.146598815918,-0.00763605461138944
238.75,22.146598815918,-0.0145696139966576
240,22.146598815918,-0.0220307429008259
241.25,22.146598815918,-0.0254737890867499
242.5,22.146598815918,-0.0234392388969953
243.75,22.146598815918,-0.015597087924949
245,22.146598815918,-0.000873635517938467
246.25,22.146598815918,0.0163258400092694
247.5,22.146598815918,0.0287489697862001
248.75,22.146598815918,0.030736520036962
250,22.146598815918,0.0267768834118816
160,23.0890045166016,-0.043110340180016
161.25,23.0890045166016,-0.0456664584556237
162.5,23.0890045166016,-0.047625402593718
163.75,23.0890045166016,-0.0483429456465105
165,23.0890045166016,-0.0481077279782614
166.25,23.0890045166016,-0.0475191032900301
167.5,23.0890045166016,-0.0467532682759209
168.75,23.0890045166016,-0.045543695636604
170,23.0890045166016,-0.0434075033325339
171.25,23.0890045166016,-0.0401423550005592
172.5,23.0890045166016,-0.0362825849818586
173.75,23.0890045166016,-0.0326332763522704
175,23.0890045166016,-0.0292907625958392
176.25,23.0890045166016,-0.0262064333736825
177.5,23.0890045166016,-0.023172223360092
178.75,23.0890045166016,-0.0196921964411277
180,23.0890045166016,-0.0151029843406948
181.25,23.0890045166016,-0.0096036624017786
182.5,23.0890045166016,-0.00418077896939048
183.75,23.0890045166016,-5.61260384558411e-05
185,23.0890045166016,0.0021587923228156
186.25,23.0890045166016,0.00356090721848427
187.5,23.0890045166016,0.00563899060915948
188.75,23.0890045166016,0.00898892131291937
190,23.0890045166016,0.0129715055080672
191.25,23.0890045166016,0.0171184251011951
192.5,23.0890045166016,0.0228162326463042
193.75,23.0890045166016,0.0272815268188527
195,23.0890045166016,0.0322487912039167
196.25,23.0890045166016,0.0367514951306369
197.5,23.0890045166016,0.0384607835740433
198.75,23.0890045166016,0.0379520960751223
200,23.0890045166016,0.0370180799365143
201.25,23.0890045166016,0.0357612096373675
202.5,23.0890045166016,0.0342315396110202
203.75,23.0890045166016,0.0346927930695562
205,23.0890045166016,0.0371424658358704
206.25,23.0890045166016,0.0414132691348571
207.5,23.0890045166016,0.0451735064559879
208.75,23.0890045166016,0.0466587114575151
210,23.0890045166016,0.0464010287060035
211.25,23.0890045166016,0.0457643538908539
212.5,23.0890045166016,0.0449038104402607
213.75,23.0890045166016,0.0432458331776166
215,23.0890045166016,0.0393245075107674
216.25,23.0890045166016,0.0348038565904889
217.5,23.0890045166016,0.0310265375230624
218.75,23.0890045166016,0.0284275890533537
220,23.0890045166016,0.0257322563207296
221.25,23.0890045166016,0.0222012843591277
222.5,23.0890045166016,0.01818837694879
223.75,23.0890045166016,0.014225011458049
225,23.0890045166016,0.0120449235999657
226.25,23.0890045166016,0.0129878569789038
227.5,23.0890045166016,0.0152695095063141
228.75,23.0890045166016,0.0163614180187905
230,23.0890045166016,0.0144592365694489
231.25,23.0890045166016,0.0105607138381219
232.5,23.0890045166016,0.00552618567362966
233.75,23.0890045166016,0.000724086480914261
235,23.0890045166016,-0.00220207340521427
236.25,23.0890045166016,-0.00435259319587931
237.5,23.0890045166016,-0.00726051578531255
238.75,23.0890045166016,-0.0121092279141017
240,23.0890045166016,-0.0186754588038541
241.25,23.0890045166016,-0.0216636301249647
242.5,23.0890045166016,-0.0184027665215778
243.75,23.0890045166016,-0.00835372366551494
245,23.0890045166016,0.00652113581548759
246.25,23.0890045166016,0.019237340612336
247.5,23.0890045166016,0.0261650921678432
248.75,23.0890045166016,0.0276949245775424
250,23.0890045166016,0.0211503659180278
160,24.0314178466797,-0.0337596012148201
161.25,24.0314178466797,-0.0375447580271077
162.5,24.0314178466797,-0.0409791404019108
163.75,24.0314178466797,-0.0436913410932154
165,24.0314178466797,-0.0456627412189116
166.25,24.0314178466797,-0.0470408922883034
167.5,24.0314178466797,-0.0478703802513643
168.75,24.0314178466797,-0.0484149627316522
170,24.0314178466797,-0.0480995964943741
171.25,24.0314178466797,-0.0464382398749236
172.5,24.0314178466797,-0.0437528295025059
173.75,24.0314178466797,-0.0407573747802942
175,24.0314178466797,-0.0377828062732074
176.25,24.0314178466797,-0.0351263466984652
177.5,24.0314178466797,-0.0326470796831858
178.75,24.0314178466797,-0.0297325620972017
180,24.0314178466797,-0.0258008278791689
181.25,24.0314178466797,-0.02097882511122
182.5,24.0314178466797,-0.0155293368220178
183.75,24.0314178466797,-0.00986077361215057
185,24.0314178466797,-0.00552841606574033
186.25,24.0314178466797,-0.00309783218941365
187.5,24.0314178466797,-0.00117615851630408
188.75,24.0314178466797,0.000957207263658438
190,24.0314178466797,0.00354114523888076
191.25,24.0314178466797,0.00719327358067241
192.5,24.0314178466797,0.0123111455945647
193.75,24.0314178466797,0.0170223307135782
195,24.0314178466797,0.0223064038271176
196.25,24.0314178466797,0.0277087167463699
197.5,24.0314178466797,0.0321166298198788
198.75,24.0314178466797,0.0349377057586277
200,24.0314178466797,0.0355797684941257
201.25,24.0314178466797,0.0340542388014046
202.5,24.0314178466797,0.0318180039585772
203.75,24.0314178466797,0.030922858813068
205,24.0314178466797,0.0331554745239257
206.25,24.0314178466797,0.0379432535415319
207.5,24.0314178466797,0.0435956983277163
208.75,24.0314178466797,0.0483323840855233
210,24.0314178466797,0.0513701779452216
211.25,24.0314178466797,0.0527233107054799
212.5,24.0314178466797,0.0526583518023417
213.75,24.0314178466797,0.0509101826733727
215,24.0314178466797,0.0464382458934354
216.25,24.0314178466797,0.0412723788787828
217.5,24.0314178466797,0.0369014234287192
218.75,24.0314178466797,0.034018887655403
220,24.0314178466797,0.0317177871812054
221.25,24.0314178466797,0.0292207740199454
222.5,24.0314178466797,0.0260195717051528
223.75,24.0314178466797,0.0224705899303336
225,24.0314178466797,0.0201967825278781
226.25,24.0314178466797,0.0196982758367963
227.5,24.0314178466797,0.0199504961450177
228.75,24.0314178466797,0.0194549301112208
230,24.0314178466797,0.0163699018038135
231.25,24.0314178466797,0.0115761202262658
232.5,24.0314178466797,0.00665343301260633
233.75,24.0314178466797,0.00304505116052476
235,24.0314178466797,0.0013728254179577
236.25,24.0314178466797,-0.000320084157465315
237.5,24.0314178466797,-0.00382972574304751
238.75,24.0314178466797,-0.00974797381273893
240,24.0314178466797,-0.0162491705893123
241.25,24.0314178466797,-0.0190784815803001
242.5,24.0314178466797,-0.0141985884783198
243.75,24.0314178466797,-0.0028781947340024
245,24.0314178466797,0.00946021154416515
246.25,24.0314178466797,0.0181966899688242
247.5,24.0314178466797,0.0237797972361007
248.75,24.0314178466797,0.0275206887765979
250,24.0314178466797,0.0191668741552543
160,24.9738235473633,-0.0245156783531595
161.25,24.9738235473633,-0.0280110391214195
162.5,24.9738235473633,-0.0320491350692945
163.75,24.9738235473633,-0.0360628193292347
165,24.9738235473633,-0.0397018656000339
166.25,24.9738235473633,-0.0428862094130927
167.5,24.9738235473633,-0.0455614324746415
168.75,24.9738235473633,-0.0480653887304658
170,24.9738235473633,-0.0498233269634893
171.25,24.9738235473633,-0.0501972320664712
172.5,24.9738235473633,-0.0491182586526875
173.75,24.9738235473633,-0.046964730779253
175,24.9738235473633,-0.0445274630244831
176.25,24.9738235473633,-0.0422108448151594
177.5,24.9738235473633,-0.0398996518206198
178.75,24.9738235473633,-0.0372336730163946
180,24.9738235473633,-0.0337970482385238
181.25,24.9738235473633,-0.0295698615896369
182.5,24.9738235473633,-0.0244181926827636
183.75,24.9738235473633,-0.0186208333806158
185,24.9738235473633,-0.0129368667685565
186.25,24.9738235473633,-0.00880077703385641
187.5,24.9738235473633,-0.00584032458377588
188.75,24.9738235473633,-0.00354816489126774
190,24.9738235473633,-0.00152816843427485
191.25,24.9738235473633,0.00100543102855575
192.5,24.9738235473633,0.00439780111089207
193.75,24.9738235473633,0.00776086865201295
195,24.9738235473633,0.011691380373199
196.25,24.9738235473633,0.017061864570854
197.5,24.9738235473633,0.0223402729290098
198.75,24.9738235473633,0.0269303738761677
200,24.9738235473633,0.0306547218317829
201.25,24.9738235473633,0.0317640695397103
202.5,24.9738235473633,0.029727344655069
203.75,24.9738235473633,0.0269663561033472
205,24.9738235473633,0.027159745056817
206.25,24.9738235473633,0.0306289797045459
207.5,24.9738235473633,0.0365290451858411
208.75,24.9738235473633,0.0435301276961497
210,24.9738235473633,0.0499674483778075
211.25,24.9738235473633,0.0546571580783202
212.5,24.9738235473633,0.0561965278834312
213.75,24.9738235473633,0.0547072004749658
215,24.9738235473633,0.0504595145743256
216.25,24.9738235473633,0.04484854420222
217.5,24.9738235473633,0.0402257877040571
218.75,24.9738235473633,0.0371214945573639
220,24.9738235473633,0.0351513463458681
221.25,24.9738235473633,0.0335258952436673
222.5,24.9738235473633,0.031467310472992
223.75,24.9738235473633,0.0288072152704758
225,24.9738235473633,0.0267040062866762
226.25,24.9738235473633,0.0251035351598681
227.5,24.9738235473633,0.0233826956754335
228.75,24.9738235473633,0.0215947431214014
230,24.9738235473633,0.0176494532473408
231.25,24.9738235473633,0.0120410427882434
232.5,24.9738235473633,0.00682547340752311
233.75,24.9738235473633,0.00437345965758732
235,24.9738235473633,0.00426922677699676
236.25,24.9738235473633,0.00301837613829771
237.5,24.9738235473633,-0.00012152224650394
238.75,24.9738235473633,-0.00696821411814536
240,24.9738235473633,-0.0138865960336803
241.25,24.9738235473633,-0.0160576723885875
242.5,24.9738235473633,-0.010380915121801
243.75,24.9738235473633,-0.000107717908521783
245,24.9738235473633,0.00901693683752484
246.25,24.9738235473633,0.0153772817875851
247.5,24.9738235473633,0.0197804903879431
248.75,24.9738235473633,0.0203378015952239
250,24.9738235473633,0.0128817195759221
160,25.9162292480469,-0.0175913057615728
161.25,25.9162292480469,-0.0201997794210523
162.5,25.9162292480469,-0.0236724837440293
163.75,25.9162292480469,-0.0277160156848009
165,25.9162292480469,-0.0318748827479489
166.25,25.9162292480469,-0.0362328764987653
167.5,25.9162292480469,-0.0404711283385994
168.75,25.9162292480469,-0.0443424537283
170,25.9162292480469,-0.0474774741724298
171.25,25.9162292480469,-0.0493018132300438
172.5,25.9162292480469,-0.0496284321450466
173.75,25.9162292480469,-0.048777358362878
175,25.9162292480469,-0.0471193564896224
176.25,25.9162292480469,-0.0451824305049621
177.5,25.9162292480469,-0.0431664373613611
178.75,25.9162292480469,-0.0411551202968948
180,25.9162292480469,-0.0386005196704799
181.25,25.9162292480469,-0.0348063229263431
182.5,25.9162292480469,-0.0303007576399626
183.75,25.9162292480469,-0.0253728769062382
185,25.9162292480469,-0.0199340822146164
186.25,25.9162292480469,-0.01475239915366
187.5,25.9162292480469,-0.0104308231418607
188.75,25.9162292480469,-0.00708960347445555
190,25.9162292480469,-0.00428718732196724
191.25,25.9162292480469,-0.00141467385117465
192.5,25.9162292480469,0.0018316945094263
193.75,25.9162292480469,0.00502180891762447
195,25.9162292480469,0.00771910763843518
196.25,25.9162292480469,0.0108154491911754
197.5,25.9162292480469,0.0135355469239181
198.75,25.9162292480469,0.0162561349400952
200,25.9162292480469,0.019945529954163
201.25,25.9162292480469,0.0241918906035208
202.5,25.9162292480469,0.0265472515114817
203.75,25.9162292480469,0.0259423195577863
205,25.9162292480469,0.0245698784336588
206.25,25.9162292480469,0.0248568295168591
207.5,25.9162292480469,0.0280040260441928
208.75,25.9162292480469,0.0350634903399335
210,25.9162292480469,0.0434181300320479
211.25,25.9162292480469,0.0507186860162269
212.5,25.9162292480469,0.0553252893068089
213.75,25.9162292480469,0.0562760640129193
215,25.9162292480469,0.0538268527415652
216.25,25.9162292480469,0.0489967777363126
217.5,25.9162292480469,0.0438679580424439
218.75,25.9162292480469,0.0395331864414315
220,25.9162292480469,0.0366438554555488
221.25,25.9162292480469,0.0353206682934185
222.5,25.9162292480469,0.0343620310062371
223.75,25.9162292480469,0.0325325783085497
225,25.9162292480469,0.03022202084779
226.25,25.9162292480469,0.0276096299558064
227.5,25.9162292480469,0.0241979489759775
228.75,25.9162292480469,0.0214730745878638
230,25.9162292480469,0.0171924270040697
231.25,25.9162292480469,0.0112648082239201
232.5,25.9162292480469,0.00564966928340763
233.75,25.9162292480469,0.002673668417673
235,25.9162292480469,0.00251480584289932
236.25,25.9162292480469,0.00214561657013941
237.5,25.9162292480469,-0.000234792765081322
238.75,25.9162292480469,-0.00569741410210275
240,25.9162292480469,-0.0116237370781613
241.25,25.9162292480469,-0.0131461993584823
242.5,25.9162292480469,-0.00797056277898427
243.75,25.9162292480469,0.000216299456356701
245,25.9162292480469,0.00713955064523017
246.25,25.9162292480469,0.0122957472497386
247.5,25.9162292480469,0.0159873824769558
248.75,25.9162292480469,0.0092876306182489
250,25.9162292480469,0.00814455382120655
160,26.858642578125,-0.00974608531522913
161.25,26.858642578125,-0.0125623054972067
162.5,26.858642578125,-0.0159850331658242
163.75,26.858642578125,-0.0200431567274431
165,26.858642578125,-0.0243846021073398
166.25,26.858642578125,-0.0289731992264161
167.5,26.858642578125,-0.0335240221899937
168.75,26.858642578125,-0.0376973348365848
170,26.858642578125,-0.0412058899843089
171.25,26.858642578125,-0.0437505130330147
172.5,26.858642578125,-0.0452260874208099
173.75,26.858642578125,-0.0459089023325541
175,26.858642578125,-0.0456269922362777
176.25,26.858642578125,-0.0446230735767627
177.5,26.858642578125,-0.0433460623427302
178.75,26.858642578125,-0.0419072717789012
180,26.858642578125,-0.0400116631108686
181.25,26.858642578125,-0.0372138154848455
182.5,26.858642578125,-0.0333388776351828
183.75,26.858642578125,-0.0291811661123321
185,26.858642578125,-0.024500976534736
186.25,26.858642578125,-0.0194264707243682
187.5,26.858642578125,-0.0147994387281444
188.75,26.858642578125,-0.0112042269738766
190,26.858642578125,-0.00810254731934645
191.25,26.858642578125,-0.00538872784215612
192.5,26.858642578125,-0.00343452392908085
193.75,26.858642578125,-0.00137371947810616
195,26.858642578125,0.00193384474532052
196.25,26.858642578125,0.00661894335206308
197.5,26.858642578125,0.0108338672016715
198.75,26.858642578125,0.0126225145338826
200,26.858642578125,0.0129537074129516
201.25,26.858642578125,0.0146073739003707
202.5,26.858642578125,0.0179863540688923
203.75,26.858642578125,0.0215770668257909
205,26.858642578125,0.0231545362263017
206.25,26.858642578125,0.0236885677528441
207.5,26.858642578125,0.0242296836902147
208.75,26.858642578125,0.0275753526770283
210,26.858642578125,0.0346413157058943
211.25,26.858642578125,0.0428865308829959
212.5,26.858642578125,0.0499476162221478
213.75,26.858642578125,0.0539245486411348
215,26.858642578125,0.0545370203417046
216.25,26.858642578125,0.0522290359796095
217.5,26.858642578125,0.0483840072946718
218.75,26.858642578125,0.0436780668300896
220,26.858642578125,0.0389025444093291
221.25,26.858642578125,0.0360119390692245
222.5,26.858642578125,0.0346392275480687
223.75,26.858642578125,0.0331049030052203
225,26.858642578125,0.031075690737603
226.25,26.858642578125,0.0283266997290121
227.5,26.858642578125,0.0242548460809011
228.75,26.858642578125,0.020614142737724
230,26.858642578125,0.0156351876115023
231.25,26.858642578125,0.00925022619782092
232.5,26.858642578125,0.0030594574265258
233.75,26.858642578125,-0.00103601110202795
235,26.858642578125,-0.00209058711315789
236.25,26.858642578125,-0.00254609915904135
237.5,26.858642578125,-0.00419133307134216
238.75,26.858642578125,-0.00706128107450533
240,26.858642578125,-0.0103095629763822
241.25,26.858642578125,-0.0109644833775775
242.5,26.858642578125,-0.00690672410933463
243.75,26.858642578125,-0.000911451903178579
245,26.858642578125,0.00475821522246909
246.25,26.858642578125,0.00916624186564611
247.5,26.858642578125,0.0108494400429652
248.75,26.858642578125,0.0079914110780819
250,26.858642578125,0.00755150226945261
160,27.8010482788086,-0.000933518393247189
161.25,27.8010482788086,-0.00356636257383212
162.5,27.8010482788086,-0.00738633681541378
163.75,27.8010482788086,-0.011859011289906
165,27.8010482788086,-0.0163896706880473
166.25,27.8010482788086,-0.020991339991294
167.5,27.8010482788086,-0.0253845072046124
168.75,27.8010482788086,-0.0292036244551754
170,27.8010482788086,-0.0327892852705845
171.25,27.8010482788086,-0.0357540393289442
172.5,27.8010482788086,-0.0376750028831287
173.75,27.8010482788086,-0.0389010320989023
175,27.8010482788086,-0.0400365573395333
176.25,27.8010482788086,-0.0410395715122834
177.5,27.8010482788086,-0.0415769490546773
178.75,27.8010482788086,-0.0412184197676837
180,27.8010482788086,-0.0396451635289687
181.25,27.8010482788086,-0.0376227147151763
182.5,27.8010482788086,-0.0346113578744599
183.75,27.8010482788086,-0.0311218983062378
185,27.8010482788086,-0.0273252676370613
186.25,27.8010482788086,-0.0229668930087947
187.5,27.8010482788086,-0.0184042513680179
188.75,27.8010482788086,-0.0145825634284498
190,27.8010482788086,-0.0115313160081004
191.25,27.8010482788086,-0.00906171597861723
192.5,27.8010482788086,-0.00744709081479674
193.75,27.8010482788086,-0.00598513390755949
195,27.8010482788086,-0.00373513152725574
196.25,27.8010482788086,-0.000374659219524493
197.5,27.8010482788086,0.00325013859742889
198.75,27.8010482788086,0.00739672092542672
200,27.8010482788086,0.011025436476247
201.25,27.8010482788086,0.0128433558227656
202.5,27.8010482788086,0.0140309760438993
203.75,27.8010482788086,0.0154611051866783
205,27.8010482788086,0.017787436756874
206.25,27.8010482788086,0.0206063603390164
207.5,27.8010482788086,0.0230463051848067
208.75,27.8010482788086,0.0252507110899882
210,27.8010482788086,0.0289698503287565
211.25,27.8010482788086,0.0350476842250092
212.5,27.8010482788086,0.0423158454421754
213.75,27.8010482788086,0.0476823297829549
215,27.8010482788086,0.0499017837851359
216.25,27.8010482788086,0.0495639212345726
217.5,27.8010482788086,0.0478371667051634
218.75,27.8010482788086,0.0454425973622496
220,27.8010482788086,0.0425421634286426
221.25,27.8010482788086,0.039499750504971
222.5,27.8010482788086,0.0359079620103529
223.75,27.8010482788086,0.0328425535376825
225,27.8010482788086,0.0307812837698011
226.25,27.8010482788086,0.0286813931960837
227.5,27.8010482788086,0.0246140637382891
228.75,27.8010482788086,0.0202743387083539
230,27.8010482788086,0.0147263237554619
231.25,27.8010482788086,0.00784390348541072
232.5,27.8010482788086,0.0012189248871951
233.75,27.8010482788086,-0.00388118140594055
235,27.8010482788086,-0.00674809933750203
236.25,27.8010482788086,-0.00834688487857954
237.5,27.8010482788086,-0.00949391351088393
238.75,27.8010482788086,-0.0103301057105019
240,27.8010482788086,-0.0117930449231837
241.25,27.8010482788086,-0.00982621254563329
242.5,27.8010482788086,-0.00580379091367154
243.75,27.8010482788086,-0.0012322895577552
245,27.8010482788086,0.00599620190024313
246.25,27.8010482788086,0.0095388060077436
247.5,27.8010482788086,0.00723221753213995
248.75,27.8010482788086,0.0084401092465896
250,27.8010482788086,0.00933037309040791
160,28.7434539794922,0.00249070139706801
161.25,28.7434539794922,0.00295831064393214
162.5,28.7434539794922,0.0005152570096274
163.75,28.7434539794922,-0.00347397794331715
165,28.7434539794922,-0.00780701600362639
166.25,28.7434539794922,-0.0123321323716367
167.5,28.7434539794922,-0.0166045323626982
168.75,28.7434539794922,-0.0206088214977211
170,28.7434539794922,-0.0251295426212097
171.25,28.7434539794922,-0.0293278789794108
172.5,28.7434539794922,-0.0316902895558636
173.75,28.7434539794922,-0.032677056813463
175,28.7434539794922,-0.034141426557439
176.25,28.7434539794922,-0.0365589552115643
177.5,28.7434539794922,-0.0386938236573023
178.75,28.7434539794922,-0.0393454032816968
180,28.7434539794922,-0.0382142185162984
181.25,28.7434539794922,-0.0361817500391458
182.5,28.7434539794922,-0.0336072484653701
183.75,28.7434539794922,-0.0313386376285059
185,28.7434539794922,-0.0291731798790963
186.25,28.7434539794922,-0.0260714578339823
187.5,28.7434539794922,-0.0215243019396838
188.75,28.7434539794922,-0.0166994634156988
190,28.7434539794922,-0.0127238284206798
191.25,28.7434539794922,-0.00980443832564685
192.5,28.7434539794922,-0.0079608813415046
193.75,28.7434539794922,-0.00663138317753662
195,28.7434539794922,-0.00508662745239992
196.25,28.7434539794922,-0.00282995092205905
197.5,28.7434539794922,-0.000685120803698502
198.75,28.7434539794922,0.00184550490023055
200,28.7434539794922,0.00488969199030968
201.25,28.7434539794922,0.00824334001422857
202.5,28.7434539794922,0.0121866634846369
203.75,28.7434539794922,0.0149094904873405
205,28.7434539794922,0.0153769984439032
206.25,28.7434539794922,0.0161831365067207
207.5,28.7434539794922,0.0180800349049998
208.75,28.7434539794922,0.0209742931836421
210,28.7434539794922,0.0244976766701921
211.25,28.7434539794922,0.0289065918829952
212.5,28.7434539794922,0.0346583642236954
213.75,28.7434539794922,0.0400412670568471
215,28.7434539794922,0.0431186163267169
216.25,28.7434539794922,0.0434177356732912
217.5,28.7434539794922,0.0427182107986206
218.75,28.7434539794922,0.0419040822870512
220,28.7434539794922,0.0417162254000342
221.25,28.7434539794922,0.041701907588654
222.5,28.7434539794922,0.0398636634947097
223.75,28.7434539794922,0.0355404959158468
225,28.7434539794922,0.0313856871132467
226.25,28.7434539794922,0.0288880651076033
227.5,28.7434539794922,0.0259525930346668
228.75,28.7434539794922,0.021931972549714
230,28.7434539794922,0.0157822541156324
231.25,28.7434539794922,0.00845084931844523
232.5,28.7434539794922,0.00151106594502458
233.75,28.7434539794922,-0.00463688483895757
235,28.7434539794922,-0.00982971249492011
236.25,28.7434539794922,-0.0134465981708588
237.5,28.7434539794922,-0.0151693903084006
238.75,28.7434539794922,-0.0147490411275512
240,28.7434539794922,-0.0147342914391568
241.25,28.7434539794922,-0.0095281659347109
242.5,28.7434539794922,-0.00465764213224318
243.75,28.7434539794922,-4.97524852768411e-05
245,28.7434539794922,0.00841535808322623
246.25,28.7434539794922,0.0157430754720209
160,29.6858673095703,-0.00220923162226853
161.25,29.6858673095703,0.00301509379854291
162.5,29.6858673095703,0.00523655069121703
163.75,29.6858673095703,0.00369108895602807
165,29.6858673095703,0.000538895044317373
166.25,29.6858673095703,-0.00308948575067094
167.5,29.6858673095703,-0.00706898453553583
168.75,29.6858673095703,-0.0113610139497946
170,29.6858673095703,-0.0167021493296598
171.25,29.6858673095703,-0.0223581129129644
172.5,29.6858673095703,-0.0258981727064289
173.75,29.6858673095703,-0.0270998900480215
175,29.6858673095703,-0.0290457886253611
176.25,29.6858673095703,-0.0328924884440314
177.5,29.6858673095703,-0.0363942206595561
178.75,29.6858673095703,-0.0377045928157485
180,29.6858673095703,-0.0365213294656721
181.25,29.6858673095703,-0.0340231139602716
182.5,29.6858673095703,-0.0315915767067331
183.75,29.6858673095703,-0.0305910836414213
185,29.6858673095703,-0.02985507284586
186.25,29.6858673095703,-0.0275179402352742
187.5,29.6858673095703,-0.0231066780931081
188.75,29.6858673095703,-0.0177686527320305
190,29.6858673095703,-0.0124428466740903
191.25,29.6858673095703,-0.00796266070035313
192.5,29.6858673095703,-0.00502570815133812
193.75,29.6858673095703,-0.00342009532968448
195,29.6858673095703,-0.0025645429086114
196.25,29.6858673095703,-0.0010243866138052
197.5,29.6858673095703,0.00071730127984361
198.75,29.6858673095703,0.00183075151477769
200,29.6858673095703,0.00202962743040775
201.25,29.6858673095703,0.0027595323134678
202.5,29.6858673095703,0.00591635506291624
203.75,29.6858673095703,0.0110597941214247
205,29.6858673095703,0.0145527599279703
206.25,29.6858673095703,0.0157415604468275
207.5,29.6858673095703,0.0157905452685288
208.75,29.6858673095703,0.0169644873726421
210,29.6858673095703,0.0196278853958861
211.25,29.6858673095703,0.0228744067659613
212.5,29.6858673095703,0.0272647662782947
213.75,29.6858673095703,0.0323677403021849
215,29.6858673095703,0.0364213620261104
216.25,29.6858673095703,0.0380921947857641
217.5,29.6858673095703,0.0377336362421118
218.75,29.6858673095703,0.0371527908077908
220,29.6858673095703,0.0377893644613451
221.25,29.6858673095703,0.0396424688653011
222.5,29.6858673095703,0.0408731057269167
223.75,29.6858673095703,0.0391663272542148
225,29.6858673095703,0.0349036008881055
226.25,29.6858673095703,0.0302845474251204
227.5,29.6858673095703,0.0268355497270694
228.75,29.6858673095703,0.0232592516122772
230,29.6858673095703,0.0174999931090261
231.25,29.6858673095703,0.0106245117448465
232.5,29.6858673095703,0.00352930900072615
233.75,29.6858673095703,-0.00403154746996371
235,29.6858673095703,-0.0117215176145667
236.25,29.6858673095703,-0.01800784241355
237.5,29.6858673095703,-0.0211640044604132
238.75,29.6858673095703,-0.0206181685583577
240,29.6858673095703,-0.0180868971914097
241.25,29.6858673095703,-0.00970730965131982
242.5,29.6858673095703,-0.00363805650076743
243.75,29.6858673095703,0.000821232214593536
245,29.6858673095703,0.0049660906239371
160,30.6282730102539,-0.00115513701566125
161.25,30.6282730102539,0.00400944572735026
162.5,30.6282730102539,0.00775745285607089
163.75,30.6282730102539,0.00694412062125537
165,30.6282730102539,0.00472154304414332
166.25,30.6282730102539,0.00254163283304852
167.5,30.6282730102539,-0.000241942542346828
168.75,30.6282730102539,-0.00403929127467096
170,30.6282730102539,-0.00968434440687707
171.25,30.6282730102539,-0.0158659163419554
172.5,30.6282730102539,-0.0197195800787248
173.75,30.6282730102539,-0.0212545359620912
175,30.6282730102539,-0.0241498603879249
176.25,30.6282730102539,-0.0286529187086499
177.5,30.6282730102539,-0.0326450329668371
178.75,30.6282730102539,-0.0351573792930571
180,30.6282730102539,-0.0348624154036155
181.25,30.6282730102539,-0.0325590880498148
182.5,30.6282730102539,-0.030600637510816
183.75,30.6282730102539,-0.0309471984748549
185,30.6282730102539,-0.0307133019019211
186.25,30.6282730102539,-0.0279873950653148
187.5,30.6282730102539,-0.023744412927043
188.75,30.6282730102539,-0.0184384183020317
190,30.6282730102539,-0.0126185726972344
191.25,30.6282730102539,-0.00720511925206996
192.5,30.6282730102539,-0.00269293706542753
193.75,30.6282730102539,-5.6034956108717e-05
195,30.6282730102539,0.00101683617812484
196.25,30.6282730102539,0.00254023637883408
197.5,30.6282730102539,0.00483231141018086
198.75,30.6282730102539,0.00602889285944856
200,30.6282730102539,0.00445436581391397
201.25,30.6282730102539,0.00177829147924247
202.5,30.6282730102539,0.00179454411767211
203.75,30.6282730102539,0.00515099761215992
205,30.6282730102539,0.00978878833371789
206.25,30.6282730102539,0.0139268408791649
207.5,30.6282730102539,0.0151004174403681
208.75,30.6282730102539,0.0156241222733725
210,30.6282730102539,0.0172491278517421
211.25,30.6282730102539,0.0195269502950492
212.5,30.6282730102539,0.0223999536508559
213.75,30.6282730102539,0.0264060587718226
215,30.6282730102539,0.0312460994849924
216.25,30.6282730102539,0.0351732214322193
217.5,30.6282730102539,0.035396199940032
218.75,30.6282730102539,0.0343541789544988
220,30.6282730102539,0.0342326579832374
221.25,30.6282730102539,0.0360895490501536
222.5,30.6282730102539,0.0387956893492888
223.75,30.6282730102539,0.0397492595649746
225,30.6282730102539,0.0378117377719375
226.25,30.6282730102539,0.0328448344551076
227.5,30.6282730102539,0.0270291859177624
228.75,30.6282730102539,0.023175449317586
230,30.6282730102539,0.018488596480929
231.25,30.6282730102539,0.0120551389783052
232.5,30.6282730102539,0.00484490606856796
233.75,30.6282730102539,-0.00354768231707381
235,30.6282730102539,-0.0128365441245747
236.25,30.6282730102539,-0.020958624901535
237.5,30.6282730102539,-0.0259926271407425
238.75,30.6282730102539,-0.0255840454464688
240,30.6282730102539,-0.0205978054999279
241.25,30.6282730102539,-0.010126810013633
242.5,30.6282730102539,-0.00187881694295801
243.75,30.6282730102539,0.00168977613574667
160,31.5706787109375,0.00670274890467309
161.25,31.5706787109375,0.0104337841466514
162.5,31.5706787109375,0.0139102672974965
163.75,31.5706787109375,0.0132313473871002
165,31.5706787109375,0.0101490355640097
166.25,31.5706787109375,0.00699339287418526
167.5,31.5706787109375,0.00422130974826548
168.75,31.5706787109375,0.000931811315971466
170,31.5706787109375,-0.00425125717500763
171.25,31.5706787109375,-0.0107296319289119
172.5,31.5706787109375,-0.0142994401293789
173.75,31.5706787109375,-0.0163495435428688
175,31.5706787109375,-0.0199411122279415
176.25,31.5706787109375,-0.024395808173331
177.5,31.5706787109375,-0.0281332861170811
178.75,31.5706787109375,-0.0309492530519016
180,31.5706787109375,-0.0314213844661549
181.25,31.5706787109375,-0.0298360863158068
182.5,31.5706787109375,-0.0295932868925393
183.75,31.5706787109375,-0.0312616813459351
185,31.5706787109375,-0.0307402658913676
186.25,31.5706787109375,-0.0273542768057077
187.5,31.5706787109375,-0.0239610306060677
188.75,31.5706787109375,-0.020067485328891
190,31.5706787109375,-0.0149211031971659
191.25,31.5706787109375,-0.00893219010388783
192.5,31.5706787109375,-0.00299699246542599
193.75,31.5706787109375,0.00114519267774204
195,31.5706787109375,0.00329778928369865
196.25,31.5706787109375,0.00550212569888208
197.5,31.5706787109375,0.0083266931524728
198.75,31.5706787109375,0.00989761272590249
200,31.5706787109375,0.00814369957503966
201.25,31.5706787109375,0.00477929523197568
202.5,31.5706787109375,0.00337033689141057
203.75,31.5706787109375,0.00428098519616982
205,31.5706787109375,0.00717628218592244
206.25,31.5706787109375,0.0116603211293987
207.5,31.5706787109375,0.0144900727709277
208.75,31.5706787109375,0.0164654651799808
210,31.5706787109375,0.0184208417414469
211.25,31.5706787109375,0.0203287776212937
212.5,31.5706787109375,0.0228979994100095
213.75,31.5706787109375,0.0260746195635318
215,31.5706787109375,0.0296302538139392
216.25,31.5706787109375,0.0331724308471955
217.5,31.5706787109375,0.03534468516382
218.75,31.5706787109375,0.0345426914585006
220,31.5706787109375,0.0324462986861681
221.25,31.5706787109375,0.0327784830419608
222.5,31.5706787109375,0.0354759385939668
223.75,31.5706787109375,0.0377659902714101
225,31.5706787109375,0.037689458740429
226.25,31.5706787109375,0.0342052093814664
227.5,31.5706787109375,0.0273634558565276
228.75,31.5706787109375,0.0214170621493074
230,31.5706787109375,0.0172967830009482
231.25,31.5706787109375,0.0121773763361937
232.5,31.5706787109375,0.0052598095037465
233.75,31.5706787109375,-0.00331174340971626
235,31.5706787109375,-0.013062808104793
236.25,31.5706787109375,-0.0222474257708103
237.5,31.5706787109375,-0.0288961223482043
238.75,31.5706787109375,-0.0288385938864733
240,31.5706787109375,-0.0222946382323802
241.25,31.5706787109375,-0.0112424635637105
242.5,31.5706787109375,-0.00257496057301515
243.75,31.5706787109375,0.00277124768459927
160,32.5130920410156,0.0118386972825588
161.25,32.5130920410156,0.0153790955411021
162.5,32.5130920410156,0.0188512764426416
163.75,32.5130920410156,0.0200348900749733
165,32.5130920410156,0.0180194514129255
166.25,32.5130920410156,0.0141603754439736
167.5,32.5130920410156,0.00999766559189843
168.75,32.5130920410156,0.00620481023627921
170,32.5130920410156,0.00183446838800222
171.25,32.5130920410156,-0.00407999247003779
172.5,32.5130920410156,-0.00828559189522766
173.75,32.5130920410156,-0.011182910276156
175,32.5130920410156,-0.0150066586143056
176.25,32.5130920410156,-0.0188802727430992
177.5,32.5130920410156,-0.0217252435189969
178.75,32.5130920410156,-0.0241670551943202
180,32.5130920410156,-0.025404900187623
181.25,32.5130920410156,-0.0259804828212506
182.5,32.5130920410156,-0.0280021162230072
183.75,32.5130920410156,-0.0301691196135718
185,32.5130920410156,-0.0290254246444294
186.25,32.5130920410156,-0.0255055356206134
187.5,32.5130920410156,-0.0231853455577361
188.75,32.5130920410156,-0.0212801813285621
190,32.5130920410156,-0.0178462471347809
191.25,32.5130920410156,-0.0124373752153061
192.5,32.5130920410156,-0.00625879939491789
193.75,32.5130920410156,-0.0010510219743569
195,32.5130920410156,0.00330079852309856
196.25,32.5130920410156,0.00711041436379623
197.5,32.5130920410156,0.0102959040074419
198.75,32.5130920410156,0.0120004777599223
200,32.5130920410156,0.011056443061755
201.25,32.5130920410156,0.00887258086404306
202.5,32.5130920410156,0.00767634500443649
203.75,32.5130920410156,0.00758744752222371
205,32.5130920410156,0.00874106003181451
206.25,32.5130920410156,0.0124091166664219
207.5,32.5130920410156,0.0158450501464332
208.75,32.5130920410156,0.0185276975214002
210,32.5130920410156,0.0215684427326176
211.25,32.5130920410156,0.0241693644697926
212.5,32.5130920410156,0.0271737295405116
213.75,32.5130920410156,0.0304474710624033
215,32.5130920410156,0.0323430654591592
216.25,32.5130920410156,0.0332313829226961
217.5,32.5130920410156,0.034638849847565
218.75,32.5130920410156,0.0361048827124024
220,32.5130920410156,0.0339583720995075
221.25,32.5130920410156,0.0315457555766553
222.5,32.5130920410156,0.0325447302466707
223.75,32.5130920410156,0.0351897244299061
225,32.5130920410156,0.0358324745281419
226.25,32.5130920410156,0.0327039795091117
227.5,32.5130920410156,0.0266634132874043
228.75,32.5130920410156,0.0196279472979914
230,32.5130920410156,0.0149078776305402
231.25,32.5130920410156,0.0112365597791995
232.5,32.5130920410156,0.00505008140528988
233.75,32.5130920410156,-0.00302230265967133
235,32.5130920410156,-0.0125105323595305
236.25,32.5130920410156,-0.0225269381342824
237.5,32.5130920410156,-0.030363759024976
238.75,32.5130920410156,-0.0300070902289717
240,32.5130920410156,-0.0218874462938767
241.25,32.5130920410156,-0.012065455625289
242.5,32.5130920410156,-0.00541057539025151
160,33.4554977416992,0.00935186856039232
161.25,33.4554977416992,0.0144975648278411
162.5,33.4554977416992,0.019182843227385
163.75,33.4554977416992,0.0216789653235195
165,33.4554977416992,0.0217224539308448
166.25,33.4554977416992,0.0198510601434172
167.5,33.4554977416992,0.0158715554466203
168.75,33.4554977416992,0.0108828353700204
170,33.4554977416992,0.00620258828597673
171.25,33.4554977416992,0.00126813430058063
172.5,33.4554977416992,-0.00257838972713106
173.75,33.4554977416992,-0.00593945409491492
175,33.4554977416992,-0.00981276351656861
176.25,33.4554977416992,-0.0138596133844669
177.5,33.4554977416992,-0.0168870266223411
178.75,33.4554977416992,-0.0188922331072829
180,33.4554977416992,-0.0201854715456494
181.25,33.4554977416992,-0.0220898050769313
182.5,33.4554977416992,-0.0251753876639883
183.75,33.4554977416992,-0.027197544848181
185,33.4554977416992,-0.0255172078266285
186.25,33.4554977416992,-0.0218460102175537
187.5,33.4554977416992,-0.0203538925384577
188.75,33.4554977416992,-0.0206159521997495
190,33.4554977416992,-0.0194205540723991
191.25,33.4554977416992,-0.0154304821373356
192.5,33.4554977416992,-0.00968736208917517
193.75,33.4554977416992,-0.00408460509362593
195,33.4554977416992,0.00159863731092191
196.25,33.4554977416992,0.00687080168840339
197.5,33.4554977416992,0.0106945945292546
198.75,33.4554977416992,0.012742923994467
200,33.4554977416992,0.0127725330742185
201.25,33.4554977416992,0.0123294226873307
202.5,33.4554977416992,0.0124805739101602
203.75,33.4554977416992,0.0128472311545298
205,33.4554977416992,0.0138707084605214
206.25,33.4554977416992,0.0166144003416868
207.5,33.4554977416992,0.0197679036441834
208.75,33.4554977416992,0.0224042890518621
210,33.4554977416992,0.0254125418036381
211.25,33.4554977416992,0.028497811285863
212.5,33.4554977416992,0.0316518510947202
213.75,33.4554977416992,0.0346576170574685
215,33.4554977416992,0.0350563304972765
216.25,33.4554977416992,0.0334937851308743
217.5,33.4554977416992,0.0335439327743293
218.75,33.4554977416992,0.0367463217120415
220,33.4554977416992,0.0378064827946204
221.25,33.4554977416992,0.0333000549110838
222.5,33.4554977416992,0.0306817936437179
223.75,33.4554977416992,0.0322896175456794
225,33.4554977416992,0.0330510934241312
226.25,33.4554977416992,0.0296651522555253
227.5,33.4554977416992,0.0243084664927775
228.75,33.4554977416992,0.0179915826965054
230,33.4554977416992,0.012776368667921
231.25,33.4554977416992,0.00993524301583163
232.5,33.4554977416992,0.00485089258427718
233.75,33.4554977416992,-0.00250295420798509
235,33.4554977416992,-0.0114380746719867
236.25,33.4554977416992,-0.0225372045674408
237.5,33.4554977416992,-0.0315819705218173
238.75,33.4554977416992,-0.0299057374448349
240,33.4554977416992,-0.0195021904435287
241.25,33.4554977416992,-0.0108111029325233
242.5,33.4554977416992,-0.00525494963282982
160,34.3979034423828,-0.00492641229383298
161.25,34.3979034423828,0.00210555253611119
162.5,34.3979034423828,0.00958372085811463
163.75,34.3979034423828,0.0143355116284952
165,34.3979034423828,0.0150105184211478
166.25,34.3979034423828,0.0154440872111939
167.5,34.3979034423828,0.0148729956087199
168.75,34.3979034423828,0.0108193985342543
170,34.3979034423828,0.0056554976117916
171.25,34.3979034423828,0.00223714733584626
172.5,34.3979034423828,0.000248519197917574
173.75,34.3979034423828,-0.002885358123934
175,34.3979034423828,-0.0071556659720548
176.25,34.3979034423828,-0.0119548897796396
177.5,34.3979034423828,-0.0159906436149607
178.75,34.3979034423828,-0.018052375645127
180,34.3979034423828,-0.0188238002513334
181.25,34.3979034423828,-0.020070898769962
182.5,34.3979034423828,-0.0216879522354959
183.75,34.3979034423828,-0.0226577592168851
185,34.3979034423828,-0.0207468013707947
186.25,34.3979034423828,-0.0173088435800535
187.5,34.3979034423828,-0.0157325488104547
188.75,34.3979034423828,-0.0168301644809032
190,34.3979034423828,-0.0174870558653367
191.25,34.3979034423828,-0.0154647275687778
192.5,34.3979034423828,-0.0109712005233227
193.75,34.3979034423828,-0.00572454017894737
195,34.3979034423828,-6.53463779351616e-05
196.25,34.3979034423828,0.00599623003017948
197.5,34.3979034423828,0.0103076882133471
198.75,34.3979034423828,0.0127609154295777
200,34.3979034423828,0.0139551563488196
201.25,34.3979034423828,0.0150006801295928
202.5,34.3979034423828,0.0161875667166524
203.75,34.3979034423828,0.0176482894524278
205,34.3979034423828,0.0197675808510577
206.25,34.3979034423828,0.0229085660503646
207.5,34.3979034423828,0.0258282225651607
208.75,34.3979034423828,0.0277924747361785
210,34.3979034423828,0.0299550186765372
211.25,34.3979034423828,0.0321326106584376
212.5,34.3979034423828,0.0339574841315652
213.75,34.3979034423828,0.0355477510360382
215,34.3979034423828,0.0348774344853946
216.25,34.3979034423828,0.0323595094892626
217.5,34.3979034423828,0.031749421224115
218.75,34.3979034423828,0.0355396001611236
220,34.3979034423828,0.0404646714609529
221.25,34.3979034423828,0.0383902684299344
222.5,34.3979034423828,0.0317798272284634
223.75,34.3979034423828,0.0300123967617488
225,34.3979034423828,0.0301994564772051
226.25,34.3979034423828,0.0271133769732903
227.5,34.3979034423828,0.0220116025733152
228.75,34.3979034423828,0.016875929281875
230,34.3979034423828,0.01234942548529
231.25,34.3979034423828,0.00887457078702257
232.5,34.3979034423828,0.00376536133623922
233.75,34.3979034423828,-0.00286666414270846
235,34.3979034423828,-0.0108071592648728
236.25,34.3979034423828,-0.022136325788621
237.5,34.3979034423828,-0.030690716691601
238.75,34.3979034423828,-0.0291249643076906
240,34.3979034423828,-0.0222225332229472
241.25,34.3979034423828,-0.0106932916295876
160,35.3403167724609,-0.0232986904099752
161.25,35.3403167724609,-0.0164477303440013
162.5,35.3403167724609,-0.00763167084526637
163.75,35.3403167724609,-0.00027498015395661
165,35.3403167724609,0.00225857893813343
166.25,35.3403167724609,0.00259116309849934
167.5,35.3403167724609,0.00342638804291325
168.75,35.3403167724609,0.00197771133959801
170,35.3403167724609,-0.00174481710603412
171.25,35.3403167724609,-0.00387325636892945
172.5,35.3403167724609,-0.00443649761162006
173.75,35.3403167724609,-0.00616399315214721
175,35.3403167724609,-0.00953167730965181
176.25,35.3403167724609,-0.0141205387959099
177.5,35.3403167724609,-0.0184528349208971
178.75,35.3403167724609,-0.0201746662290069
180,35.3403167724609,-0.0195870999299172
181.25,35.3403167724609,-0.0187752211836992
182.5,35.3403167724609,-0.0182960521053437
183.75,35.3403167724609,-0.0180710634517689
185,35.3403167724609,-0.0166477669595206
186.25,35.3403167724609,-0.0137544088083869
187.5,35.3403167724609,-0.0114667757883883
188.75,35.3403167724609,-0.0117311293166175
190,35.3403167724609,-0.0128800692898047
191.25,35.3403167724609,-0.0120189307526737
192.5,35.3403167724609,-0.00867587263129979
193.75,35.3403167724609,-0.00418206146682793
195,35.3403167724609,0.000557438240119596
196.25,35.3403167724609,0.00552593885595355
197.5,35.3403167724609,0.00944184094137026
198.75,35.3403167724609,0.0124600125574171
200,35.3403167724609,0.015206709311693
201.25,35.3403167724609,0.0176343869655713
202.5,35.3403167724609,0.019543876990595
203.75,35.3403167724609,0.0216368734167422
205,35.3403167724609,0.0247267674501107
206.25,35.3403167724609,0.0285633937595622
207.5,35.3403167724609,0.031706471231933
208.75,35.3403167724609,0.0336278987353554
210,35.3403167724609,0.0349775512956668
211.25,35.3403167724609,0.0352389851660508
212.5,35.3403167724609,0.0343162285670251
213.75,35.3403167724609,0.0334154745879561
215,35.3403167724609,0.0322162158799878
216.25,35.3403167724609,0.0305031402111603
217.5,35.3403167724609,0.0301126319088433
218.75,35.3403167724609,0.0337630912472635
220,35.3403167724609,0.039377940712727
221.25,35.3403167724609,0.0412405558936805
222.5,35.3403167724609,0.0351961782643092
223.75,35.3403167724609,0.0292450656609256
225,35.3403167724609,0.0274581422352852
226.25,35.3403167724609,0.0251436497761901
227.5,35.3403167724609,0.0205075403995549
228.75,35.3403167724609,0.0154354804546929
230,35.3403167724609,0.0115396209012989
231.25,35.3403167724609,0.00820250632074327
232.5,35.3403167724609,0.00203997538316545
233.75,35.3403167724609,-0.00471610319194619
235,35.3403167724609,-0.0114825040688936
236.25,35.3403167724609,-0.020283252071742
237.5,35.3403167724609,-0.0264353091270952
238.75,35.3403167724609,-0.0267993851742037
240,35.3403167724609,-0.0257951851010513
160,36.2827224731445,-0.0343773552683235
161.25,36.2827224731445,-0.02926213526853
162.5,36.2827224731445,-0.022063532312056
163.75,36.2827224731445,-0.0145791772150992
165,36.2827224731445,-0.00955488198180796
166.25,36.2827224731445,-0.00785003565166631
167.5,36.2827224731445,-0.00767514940158585
168.75,36.2827224731445,-0.00849065421229323
170,36.2827224731445,-0.0104849544643668
171.25,36.2827224731445,-0.0114293297192905
172.5,36.2827224731445,-0.0107786989365797
173.75,36.2827224731445,-0.0104006405411491
175,36.2827224731445,-0.0110309076858794
176.25,36.2827224731445,-0.0133211596713923
177.5,36.2827224731445,-0.0164917609221312
178.75,36.2827224731445,-0.0186034019350487
180,36.2827224731445,-0.0185630352400069
181.25,36.2827224731445,-0.0172131830680237
182.5,36.2827224731445,-0.0154031380713722
183.75,36.2827224731445,-0.0140409918621341
185,36.2827224731445,-0.0125333900645783
186.25,36.2827224731445,-0.00996678624729917
187.5,36.2827224731445,-0.00722677370443287
188.75,36.2827224731445,-0.00673467375621632
190,36.2827224731445,-0.00777854505401218
191.25,36.2827224731445,-0.00758333354273349
192.5,36.2827224731445,-0.0053050402714118
193.75,36.2827224731445,-0.00189916430670159
195,36.2827224731445,0.00189841178569555
196.25,36.2827224731445,0.0057749909892546
197.5,36.2827224731445,0.00931069437949111
198.75,36.2827224731445,0.0123742046187821
200,36.2827224731445,0.0158480809810663
201.25,36.2827224731445,0.0193616882999127
202.5,36.2827224731445,0.0223166960509347
203.75,36.2827224731445,0.0253582458381553
205,36.2827224731445,0.0292520027478668
206.25,36.2827224731445,0.0336386638321362
207.5,36.2827224731445,0.0372909076907351
208.75,36.2827224731445,0.03961689991892
210,36.2827224731445,0.0405504063460295
211.25,36.2827224731445,0.0396279567636576
212.5,36.2827224731445,0.0364158965042632
213.75,36.2827224731445,0.0331113747879031
215,36.2827224731445,0.0313520850917571
216.25,36.2827224731445,0.0306798684587575
217.5,36.2827224731445,0.0309263089856526
218.75,36.2827224731445,0.0334073856760763
220,36.2827224731445,0.0365779180008657
221.25,36.2827224731445,0.0387548582048232
222.5,36.2827224731445,0.0352176556085944
223.75,36.2827224731445,0.0283471278536223
225,36.2827224731445,0.0245366624869041
226.25,36.2827224731445,0.0222359205006687
227.5,36.2827224731445,0.0177720997549404
228.75,36.2827224731445,0.0124857273159329
230,36.2827224731445,0.00899499813332017
231.25,36.2827224731445,0.00650924274935638
232.5,36.2827224731445,6.58208623935503e-05
233.75,36.2827224731445,-0.00703736799288034
235,36.2827224731445,-0.0130208665413917
236.25,36.2827224731445,-0.0184976324585918
237.5,36.2827224731445,-0.0202171007815256
238.75,36.2827224731445,-0.0194554449925338
160,37.2251281738281,-0.0302874172812234
161.25,37.2251281738281,-0.0265914198190207
162.5,37.2251281738281,-0.0202910736690865
163.75,37.2251281738281,-0.0139273084811286
165,37.2251281738281,-0.0101328387590962
166.25,37.2251281738281,-0.00933039742123796
167.5,37.2251281738281,-0.0104670912567209
168.75,37.2251281738281,-0.0127898713418862
170,37.2251281738281,-0.015385633260054
171.25,37.2251281738281,-0.0159981756298614
172.5,37.2251281738281,-0.015299026272669
173.75,37.2251281738281,-0.0142011178336585
175,37.2251281738281,-0.0121839805190453
176.25,37.2251281738281,-0.0101687696138113
177.5,37.2251281738281,-0.00983840956471464
178.75,37.2251281738281,-0.011144469650921
180,37.2251281738281,-0.0125545451087421
181.25,37.2251281738281,-0.0127231978355523
182.5,37.2251281738281,-0.0118287681717491
183.75,37.2251281738281,-0.010600512983299
185,37.2251281738281,-0.00908596111573164
186.25,37.2251281738281,-0.00682978655625682
187.5,37.2251281738281,-0.00487485849707427
188.75,37.2251281738281,-0.004745012786004
190,37.2251281738281,-0.00520625356534024
191.25,37.2251281738281,-0.00429785586684589
192.5,37.2251281738281,-0.00209345040702427
193.75,37.2251281738281,0.000510689887085044
195,37.2251281738281,0.00360182752114637
196.25,37.2251281738281,0.00707581568513618
197.5,37.2251281738281,0.0104197382138087
198.75,37.2251281738281,0.0132429070931204
200,37.2251281738281,0.0164947407293243
201.25,37.2251281738281,0.0203441349084368
202.5,37.2251281738281,0.0241320462844074
203.75,37.2251281738281,0.0281743240939408
205,37.2251281738281,0.0331233698673645
206.25,37.2251281738281,0.0386713066993803
207.5,37.2251281738281,0.0436162497356483
208.75,37.2251281738281,0.0469885811477976
210,37.2251281738281,0.0483725290683
211.25,37.2251281738281,0.0470062706112137
212.5,37.2251281738281,0.043168587013245
213.75,37.2251281738281,0.0387511911203676
215,37.2251281738281,0.0361275253068343
216.25,37.2251281738281,0.0355302226291784
217.5,37.2251281738281,0.0359632745763239
218.75,37.2251281738281,0.036918741235187
220,37.2251281738281,0.0370265847251154
221.25,37.2251281738281,0.0360269861821177
222.5,37.2251281738281,0.032133090877716
223.75,37.2251281738281,0.0257591131037301
225,37.2251281738281,0.0203016830021623
226.25,37.2251281738281,0.0173269132739277
227.5,37.2251281738281,0.0130834031668716
228.75,37.2251281738281,0.00724235770320053
230,37.2251281738281,0.00340229818622538
231.25,37.2251281738281,0.00203669706827433
232.5,37.2251281738281,-0.00265035446108092
233.75,37.2251281738281,-0.00905298923692385
235,37.2251281738281,-0.0134197818477088
236.25,37.2251281738281,-0.0154224987741661
237.5,37.2251281738281,-0.0151699031553394
238.75,37.2251281738281,-0.0175875532013152
160,38.1675415039062,-0.0197178376401024
161.25,38.1675415039062,-0.0227417332078666
162.5,38.1675415039062,-0.0206196266739715
163.75,38.1675415039062,-0.0157664317544225
165,38.1675415039062,-0.0135084242029362
166.25,38.1675415039062,-0.0143319717435908
167.5,38.1675415039062,-0.0153536859383989
168.75,38.1675415039062,-0.0166375777768205
170,38.1675415039062,-0.0189414148644639
171.25,38.1675415039062,-0.0190458231124644
172.5,38.1675415039062,-0.0174363540761579
173.75,38.1675415039062,-0.0158331652568736
175,38.1675415039062,-0.0133518226962216
176.25,38.1675415039062,-0.00990098545432982
177.5,38.1675415039062,-0.00695438101374307
178.75,38.1675415039062,-0.0058540587352701
180,38.1675415039062,-0.00623012319577994
181.25,38.1675415039062,-0.00684511948553314
182.5,38.1675415039062,-0.00706057496927492
183.75,38.1675415039062,-0.00676161350520751
185,38.1675415039062,-0.00604385654061459
186.25,38.1675415039062,-0.00458488314808071
187.5,38.1675415039062,-0.0033918003591386
188.75,38.1675415039062,-0.00334375702979665
190,38.1675415039062,-0.00319470640281643
191.25,38.1675415039062,-0.00156492487785543
192.5,38.1675415039062,0.000831208271119455
193.75,38.1675415039062,0.00319424421497681
195,38.1675415039062,0.0062848472589578
196.25,38.1675415039062,0.0102007234151834
197.5,38.1675415039062,0.0137425245281268
198.75,38.1675415039062,0.0163997105624946
200,38.1675415039062,0.0190856132099406
201.25,38.1675415039062,0.0225040389798311
202.5,38.1675415039062,0.0265774839815672
203.75,38.1675415039062,0.0312811842146789
205,38.1675415039062,0.0370244343565495
206.25,38.1675415039062,0.0434937826669176
207.5,38.1675415039062,0.0495987971122138
208.75,38.1675415039062,0.054742830324501
210,38.1675415039062,0.0580350015391329
211.25,38.1675415039062,0.0578875947351326
212.5,38.1675415039062,0.0553301812792983
213.75,38.1675415039062,0.0513423474753721
215,38.1675415039062,0.0476162563024332
216.25,38.1675415039062,0.0458168741567726
217.5,38.1675415039062,0.0455740338488611
218.75,38.1675415039062,0.0448737629843459
220,38.1675415039062,0.0425277924722066
221.25,38.1675415039062,0.0382234296213469
222.5,38.1675415039062,0.0308262700125095
223.75,38.1675415039062,0.0228793059132196
225,38.1675415039062,0.0156921622512317
226.25,38.1675415039062,0.0111129231463677
227.5,38.1675415039062,0.0073103245816263
228.75,38.1675415039062,0.00235187763946515
230,38.1675415039062,-0.00125769773571137
231.25,38.1675415039062,-0.00276145450396845
232.5,38.1675415039062,-0.00552313152486832
233.75,38.1675415039062,-0.00929801598962375
235,38.1675415039062,-0.0115917106238454
236.25,38.1675415039062,-0.0116238078901458
237.5,38.1675415039062,-0.0131244251777657
160,39.1099548339844,-0.00327283831902823
161.25,39.1099548339844,-0.0105262283317856
162.5,39.1099548339844,-0.0152818605641218
163.75,39.1099548339844,-0.0174801843317271
165,39.1099548339844,-0.0200878908385224
166.25,39.1099548339844,-0.0224759507439304
167.5,39.1099548339844,-0.0228096591717962
168.75,39.1099548339844,-0.0215587684078277
170,39.1099548339844,-0.0212581055297094
171.25,39.1099548339844,-0.0214267400552212
172.5,39.1099548339844,-0.0203985706164075
173.75,39.1099548339844,-0.0170553785670869
175,39.1099548339844,-0.0133317122609895
176.25,39.1099548339844,-0.0107754871235147
177.5,39.1099548339844,-0.00792112642625718
178.75,39.1099548339844,-0.00550314625046065
180,39.1099548339844,-0.00427766494364604
181.25,39.1099548339844,-0.00384351334550307
182.5,39.1099548339844,-0.00363166505937065
183.75,39.1099548339844,-0.00338511315191867
185,39.1099548339844,-0.00338256695520352
186.25,39.1099548339844,-0.00303650614896198
187.5,39.1099548339844,-0.00245681870523901
188.75,39.1099548339844,-0.00171054677086187
190,39.1099548339844,-0.000156018910668781
191.25,39.1099548339844,0.00236547074992587
192.5,39.1099548339844,0.00487598184632892
193.75,39.1099548339844,0.00739163011966136
195,39.1099548339844,0.0107592706939921
196.25,39.1099548339844,0.0148817832255456
197.5,39.1099548339844,0.0186235435149155
198.75,39.1099548339844,0.0211082888620542
200,39.1099548339844,0.0235453279795052
201.25,39.1099548339844,0.0265775501592585
202.5,39.1099548339844,0.0305320288966919
203.75,39.1099548339844,0.0356976722666181
205,39.1099548339844,0.0419590776260428
206.25,39.1099548339844,0.0488688272904217
207.5,39.1099548339844,0.0558062810024767
208.75,39.1099548339844,0.0622413974464828
210,39.1099548339844,0.0667659559323311
211.25,39.1099548339844,0.0679531280011847
212.5,39.1099548339844,0.0672456357048197
213.75,39.1099548339844,0.0660533742169225
215,39.1099548339844,0.0641593273549348
216.25,39.1099548339844,0.0618185085145075
217.5,39.1099548339844,0.0593320292441313
218.75,39.1099548339844,0.0556405503104812
220,39.1099548339844,0.0503508421523401
221.25,39.1099548339844,0.0428393755046364
222.5,39.1099548339844,0.0325594018543973
223.75,39.1099548339844,0.0219059667098766
225,39.1099548339844,0.0124509078524834
226.25,39.1099548339844,0.00528828277020081
227.5,39.1099548339844,0.00156893744343003
228.75,39.1099548339844,-0.00107941773710895
230,39.1099548339844,-0.00317406001489847
231.25,39.1099548339844,-0.00423938638939967
232.5,39.1099548339844,-0.00572281973406233
233.75,39.1099548339844,-0.00819711157026496
235,39.1099548339844,-0.00806266400285526
236.25,39.1099548339844,-0.00621063285562647
160,40.0523529052734,0.00543573599718061
161.25,40.0523529052734,-0.000566377305819549
162.5,40.0523529052734,-0.0101148662850768
163.75,40.0523529052734,-0.0200984784117984
165,40.0523529052734,-0.0259255707010256
166.25,40.0523529052734,-0.0283337066922461
167.5,40.0523529052734,-0.0281705011855353
168.75,40.0523529052734,-0.0258682360615522
170,40.0523529052734,-0.0241601177877169
171.25,40.0523529052734,-0.0237813852027028
172.5,40.0523529052734,-0.023191957270683
173.75,40.0523529052734,-0.0195332614783418
175,40.0523529052734,-0.0152410264564172
176.25,40.0523529052734,-0.0138035262278318
177.5,40.0523529052734,-0.0125860070023624
178.75,40.0523529052734,-0.00936002030729478
180,40.0523529052734,-0.005710906775164
181.25,40.0523529052734,-0.00284636417286084
182.5,40.0523529052734,-0.000591177751856582
183.75,40.0523529052734,0.000904492426532519
185,40.0523529052734,0.00115337822034611
186.25,40.0523529052734,0.000606152622759745
187.5,40.0523529052734,0.00036179980889567
188.75,40.0523529052734,0.0015396105559077
190,40.0523529052734,0.00398510257643949
191.25,40.0523529052734,0.00663925940787137
192.5,40.0523529052734,0.00950578065320183
193.75,40.0523529052734,0.0131814403251431
195,40.0523529052734,0.0176120044998861
196.25,40.0523529052734,0.0221145418643345
197.5,40.0523529052734,0.0255985840623947
198.75,40.0523529052734,0.0274707772075071
200,40.0523529052734,0.0291905859692425
201.25,40.0523529052734,0.0316132793806867
202.5,40.0523529052734,0.0353058862017418
203.75,40.0523529052734,0.0403881685348168
205,40.0523529052734,0.0466745889837181
206.25,40.0523529052734,0.0538667268347563
207.5,40.0523529052734,0.0615284095211726
208.75,40.0523529052734,0.0689970659825844
210,40.0523529052734,0.0746746366425539
211.25,40.0523529052734,0.0773493664650525
212.5,40.0523529052734,0.0781748939202584
213.75,40.0523529052734,0.0793278810995446
215,40.0523529052734,0.0794330819108956
216.25,40.0523529052734,0.0771441751202129
217.5,40.0523529052734,0.0728990642598214
218.75,40.0523529052734,0.0662719474974439
220,40.0523529052734,0.0575555177746952
221.25,40.0523529052734,0.0474565438820919
222.5,40.0523529052734,0.0358543233290042
223.75,40.0523529052734,0.0241009408107059
225,40.0523529052734,0.0121024547236793
226.25,40.0523529052734,0.00200812124644278
227.5,40.0523529052734,-0.00348000681103792
228.75,40.0523529052734,-0.00426091707480553
230,40.0523529052734,-0.00372674191023136
231.25,40.0523529052734,-0.00316711634367064
232.5,40.0523529052734,-0.00332842696449681
233.75,40.0523529052734,-0.00532862838595295
235,40.0523529052734,-0.00501446985532657
236.25,40.0523529052734,-0.00500223224353213
160,40.9947662353516,-0.00516177621010279
161.25,40.9947662353516,-0.0113229183629252
162.5,40.9947662353516,-0.0226119899772272
163.75,40.9947662353516,-0.0329898114389066
165,40.9947662353516,-0.0346033199434889
166.25,40.9947662353516,-0.0346452449431879
167.5,40.9947662353516,-0.0352586279169934
168.75,40.9947662353516,-0.03382817602235
170,40.9947662353516,-0.0321952254757033
171.25,40.9947662353516,-0.0324666585829733
172.5,40.9947662353516,-0.0316325997777221
173.75,40.9947662353516,-0.0270702211853675
175,40.9947662353516,-0.0224279924009876
176.25,40.9947662353516,-0.0211745182520758
177.5,40.9947662353516,-0.0195423904946167
178.75,40.9947662353516,-0.0146917211708673
180,40.9947662353516,-0.00887780429908441
181.25,40.9947662353516,-0.00383312923790811
182.5,40.9947662353516,0.000742320818699926
183.75,40.9947662353516,0.00451841490086478
185,40.9947662353516,0.00677822266605081
186.25,40.9947662353516,0.00747452122390149
187.5,40.9947662353516,0.00773413885109226
188.75,40.9947662353516,0.00912483534081837
190,40.9947662353516,0.0111789364947766
191.25,40.9947662353516,0.0130432692426737
192.5,40.9947662353516,0.0157074801493193
193.75,40.9947662353516,0.0197597027891916
195,40.9947662353516,0.0244376243868327
196.25,40.9947662353516,0.0286547740570075
197.5,40.9947662353516,0.0320131923094642
198.75,40.9947662353516,0.0342134731622125
200,40.9947662353516,0.0356847613843022
201.25,40.9947662353516,0.0379571480734958
202.5,40.9947662353516,0.0413815262087322
203.75,40.9947662353516,0.0457610202798048
205,40.9947662353516,0.051092342919192
206.25,40.9947662353516,0.0577017960311185
207.5,40.9947662353516,0.0652504302455966
208.75,40.9947662353516,0.073173213566807
210,40.9947662353516,0.0806638822025534
211.25,40.9947662353516,0.086029159324031
212.5,40.9947662353516,0.0884490449245415
213.75,40.9947662353516,0.0896711695550321
215,40.9947662353516,0.0895604583169742
216.25,40.9947662353516,0.0859773587154607
217.5,40.9947662353516,0.0794492411953905
218.75,40.9947662353516,0.0709342914176671
220,40.9947662353516,0.0613702607380523
221.25,40.9947662353516,0.0515453980130342
222.5,40.9947662353516,0.040788896819978
223.75,40.9947662353516,0.0286268081028151
225,40.9947662353516,0.0144654413897793
226.25,40.9947662353516,0.000124744058259945
227.5,40.9947662353516,-0.00852320713242217
228.75,40.9947662353516,-0.0094571186340219
230,40.9947662353516,-0.0057924644033583
231.25,40.9947662353516,-0.00186348653883154
232.5,40.9947662353516,-9.19524330962132e-05
233.75,40.9947662353516,-0.00148210171463296
235,40.9947662353516,-0.00205587278658972
236.25,40.9947662353516,-0.00165888006997002
160,41.9371795654297,-0.0223511294046132
161.25,41.9371795654297,-0.0290180996549352
162.5,41.9371795654297,-0.0391728916044428
163.75,41.9371795654297,-0.0440941048762964
165,41.9371795654297,-0.0403542885935143
166.25,41.9371795654297,-0.0381767951424821
167.5,41.9371795654297,-0.0394786539596964
168.75,41.9371795654297,-0.0398569417326784
170,41.9371795654297,-0.039423489811643
171.25,41.9371795654297,-0.0397632156012933
172.5,41.9371795654297,-0.0392619120648646
173.75,41.9371795654297,-0.0367126182619589
175,41.9371795654297,-0.0342294392796782
176.25,41.9371795654297,-0.034084583186669
177.5,41.9371795654297,-0.0305386402343561
178.75,41.9371795654297,-0.0230234131738897
180,41.9371795654297,-0.0152114681174148
181.25,41.9371795654297,-0.00778737738742317
182.5,41.9371795654297,-0.000790692398824968
183.75,41.9371795654297,0.0055251559848036
185,41.9371795654297,0.0105848161339043
186.25,41.9371795654297,0.0138200252017448
187.5,41.9371795654297,0.0160673664156019
188.75,41.9371795654297,0.0182561696848239
190,41.9371795654297,0.0200868833104927
191.25,41.9371795654297,0.0215292928919814
192.5,41.9371795654297,0.0240929701647558
193.75,41.9371795654297,0.0281851545438
195,41.9371795654297,0.0323023702054414
196.25,41.9371795654297,0.0358343145022473
197.5,41.9371795654297,0.0387688059277369
198.75,41.9371795654297,0.0408843949889024
200,41.9371795654297,0.04258168694944
201.25,41.9371795654297,0.0448105920685386
202.5,41.9371795654297,0.0480029766748296
203.75,41.9371795654297,0.0517431615801674
205,41.9371795654297,0.0561841956840627
206.25,41.9371795654297,0.0615076848228028
207.5,41.9371795654297,0.0681285273642787
208.75,41.9371795654297,0.0758768769444776
210,41.9371795654297,0.084222919515575
211.25,41.9371795654297,0.09075841719269
212.5,41.9371795654297,0.0933925410222925
213.75,41.9371795654297,0.0926085240071697
215,41.9371795654297,0.0894329884374255
216.25,41.9371795654297,0.0846374603223999
217.5,41.9371795654297,0.0783572945982854
218.75,41.9371795654297,0.0706027939250061
220,41.9371795654297,0.0623369722826184
221.25,41.9371795654297,0.0542619134192429
222.5,41.9371795654297,0.0453926817231465
223.75,41.9371795654297,0.0338193717661283
225,41.9371795654297,0.0186299549223989
226.25,41.9371795654297,0.000966656188495306
227.5,41.9371795654297,-0.0129685848167426
228.75,41.9371795654297,-0.0153046565365659
230,41.9371795654297,-0.00887718003533536
231.25,41.9371795654297,-0.000829730635330575
232.5,41.9371795654297,0.00318463789235693
233.75,41.9371795654297,0.00281089503980985
235,41.9371795654297,0.00238732016034054
236.25,41.9371795654297,0.0028622018752271
160,42.8795776367188,-0.0341298969783988
161.25,42.8795776367188,-0.0394892014526114
162.5,42.8795776367188,-0.0454578454109278
163.75,42.8795776367188,-0.0461161045650367
165,42.8795776367188,-0.0422039864873984
166.25,42.8795776367188,-0.0397211942908174
167.5,42.8795776367188,-0.0399639789091117
168.75,42.8795776367188,-0.0400105292332495
170,42.8795776367188,-0.0387199193365071
171.25,42.8795776367188,-0.0372336808724233
172.5,42.8795776367188,-0.0381325278841871
173.75,42.8795776367188,-0.0390740113916009
175,42.8795776367188,-0.0389733341738433
176.25,42.8795776367188,-0.0398961554621113
177.5,42.8795776367188,-0.0366478100115435
178.75,42.8795776367188,-0.0292831126583887
180,42.8795776367188,-0.0211583754952938
181.25,42.8795776367188,-0.0126987140702491
182.5,42.8795776367188,-0.00411283355556312
183.75,42.8795776367188,0.00409961184780705
185,42.8795776367188,0.0117356335459269
186.25,42.8795776367188,0.0183073680612324
187.5,42.8795776367188,0.0232929569324378
188.75,42.8795776367188,0.0264425098801464
190,42.8795776367188,0.0275352343493638
191.25,42.8795776367188,0.0278613024652608
192.5,42.8795776367188,0.029929106719648
193.75,42.8795776367188,0.0337035682075024
195,42.8795776367188,0.0374493929722491
196.25,42.8795776367188,0.0410737770197669
197.5,42.8795776367188,0.0446710807829354
198.75,42.8795776367188,0.047615736667438
200,42.8795776367188,0.050000732320898
201.25,42.8795776367188,0.052665038044865
202.5,42.8795776367188,0.0551450590203802
203.75,42.8795776367188,0.0579176283493746
205,42.8795776367188,0.0614494127635044
206.25,42.8795776367188,0.065992207930279
207.5,42.8795776367188,0.0715994710670109
208.75,42.8795776367188,0.0780871809873073
210,42.8795776367188,0.085277246370571
211.25,42.8795776367188,0.0908208224103269
212.5,42.8795776367188,0.0918263114801988
213.75,42.8795776367188,0.0883221166554131
215,42.8795776367188,0.083064191514516
216.25,42.8795776367188,0.0778099474954524
217.5,42.8795776367188,0.0729737751899944
218.75,42.8795776367188,0.0680994533706912
220,42.8795776367188,0.0628933888937471
221.25,42.8795776367188,0.0569002221706741
222.5,42.8795776367188,0.0492876455160468
223.75,42.8795776367188,0.0382453676230809
225,42.8795776367188,0.0232284161874095
226.25,42.8795776367188,0.0047959558039336
227.5,42.8795776367188,-0.0131536371860652
228.75,42.8795776367188,-0.0187953791784311
230,42.8795776367188,-0.011648094258346
231.25,42.8795776367188,-0.000474626779567894
232.5,42.8795776367188,0.00627345257548455
233.75,42.8795776367188,0.00786227712536606
235,42.8795776367188,0.00823564762072692
236.25,42.8795776367188,0.00872247562691585
160,43.8219909667969,-0.0352705332413391
161.25,43.8219909667969,-0.0408724066586957
162.5,43.8219909667969,-0.0455267804773231
163.75,43.8219909667969,-0.0440567297533254
165,43.8219909667969,-0.0410120834066059
166.25,43.8219909667969,-0.0396802502805417
167.5,43.8219909667969,-0.0393543731535204
168.75,43.8219909667969,-0.0373559700215371
170,43.8219909667969,-0.0341796129962395
171.25,43.8219909667969,-0.0305524747084937
172.5,43.8219909667969,-0.0308718489354084
173.75,43.8219909667969,-0.0340691441555584
175,43.8219909667969,-0.0363940638566407
176.25,43.8219909667969,-0.0385120310016462
177.5,43.8219909667969,-0.0371554773991432
178.75,43.8219909667969,-0.0318473537798763
180,43.8219909667969,-0.024550020244709
181.25,43.8219909667969,-0.0159285949072727
182.5,43.8219909667969,-0.00677407176533648
183.75,43.8219909667969,0.00205437915508879
185,43.8219909667969,0.0103605442852412
186.25,43.8219909667969,0.0176761447312796
187.5,43.8219909667969,0.023576105198456
188.75,43.8219909667969,0.0272214619124432
190,43.8219909667969,0.0280597295959943
191.25,43.8219909667969,0.0279130067721526
192.5,43.8219909667969,0.0300371947160787
193.75,43.8219909667969,0.0336654966455676
195,43.8219909667969,0.0372161190744394
196.25,43.8219909667969,0.0411939881172046
197.5,43.8219909667969,0.0457806328435956
198.75,43.8219909667969,0.0500451475405351
200,43.8219909667969,0.0540916341654158
201.25,43.8219909667969,0.0586915560016755
202.5,43.8219909667969,0.0624530064033348
203.75,43.8219909667969,0.064606457005588
205,43.8219909667969,0.0668528147404948
206.25,43.8219909667969,0.069974243960717
207.5,43.8219909667969,0.073803121815836
208.75,43.8219909667969,0.0777972784348624
210,43.8219909667969,0.0820356109019695
211.25,43.8219909667969,0.0847111429166068
212.5,43.8219909667969,0.0841102453341793
213.75,43.8219909667969,0.08072247329447
215,43.8219909667969,0.0762144362986036
216.25,43.8219909667969,0.072118333125084
217.5,43.8219909667969,0.0687722720227117
218.75,43.8219909667969,0.066463196116812
220,43.8219909667969,0.0642354706563973
221.25,43.8219909667969,0.0601807628119485
222.5,43.8219909667969,0.052816421324238
223.75,43.8219909667969,0.0414988863479748
225,43.8219909667969,0.0266136439396385
226.25,43.8219909667969,0.00889799518000701
227.5,43.8219909667969,-0.00888598648303659
228.75,43.8219909667969,-0.0182837055696199
230,43.8219909667969,-0.0129874663035058
231.25,43.8219909667969,-0.00107650195142198
232.5,43.8219909667969,0.00802638648433467
233.75,43.8219909667969,0.0122390406495273
235,43.8219909667969,0.0144051670981998
236.25,43.8219909667969,0.0156124751932268
160,44.764404296875,-0.0321680521593823
161.25,44.764404296875,-0.0392968418406636
162.5,44.764404296875,-0.0457613910360824
163.75,44.764404296875,-0.0451748311318463
165,44.764404296875,-0.0424729561928766
166.25,44.764404296875,-0.0412063785253874
167.5,44.764404296875,-0.0392694981026783
168.75,44.764404296875,-0.034291431318446
170,44.764404296875,-0.0296618509056217
171.25,44.764404296875,-0.0248348216740914
172.5,44.764404296875,-0.0249314666302427
173.75,44.764404296875,-0.0308400377872097
175,44.764404296875,-0.0353692805427389
176.25,44.764404296875,-0.0375393333928122
177.5,44.764404296875,-0.0366296700571864
178.75,44.764404296875,-0.0326498023428159
180,44.764404296875,-0.0260897460698203
181.25,44.764404296875,-0.0175085942923464
182.5,44.764404296875,-0.00823479180808423
183.75,44.764404296875,0.000342204496400801
185,44.764404296875,0.0076815846808923
186.25,44.764404296875,0.0136697078115823
187.5,44.764404296875,0.0185247820740213
188.75,44.764404296875,0.0216094586353908
190,44.764404296875,0.0222668605477338
191.25,44.764404296875,0.0221216812746824
192.5,44.764404296875,0.0241415704683403
193.75,44.764404296875,0.0275217725255772
195,44.764404296875,0.0315965494663748
196.25,44.764404296875,0.0370399968805808
197.5,44.764404296875,0.0436812022239478
198.75,44.764404296875,0.0499643559498746
200,44.764404296875,0.0556892319467037
201.25,44.764404296875,0.0613655835230752
202.5,44.764404296875,0.0658839847847384
203.75,44.764404296875,0.0682397046683175
205,44.764404296875,0.0692813649573856
206.25,44.764404296875,0.070435518785386
207.5,44.764404296875,0.0719949368461751
208.75,44.764404296875,0.0736746755533283
210,44.764404296875,0.0754006971376501
211.25,44.764404296875,0.0762261495742898
212.5,44.764404296875,0.0752973418060609
213.75,44.764404296875,0.0724822119968073
215,44.764404296875,0.0692232635552423
216.25,44.764404296875,0.0672382375010099
217.5,44.764404296875,0.0661719844915768
218.75,44.764404296875,0.0655787477259808
220,44.764404296875,0.0644813718668557
221.25,44.764404296875,0.0607552880697675
222.5,44.764404296875,0.0526684151507816
223.75,44.764404296875,0.040564654622504
225,44.764404296875,0.0262323474676748
226.25,44.764404296875,0.0100923447885547
227.5,44.764404296875,-0.00573198388465581
228.75,44.764404296875,-0.0149710421965631
230,44.764404296875,-0.0121069467510606
231.25,44.764404296875,-0.00141863734440245
232.5,44.764404296875,0.00898891663976956
233.75,44.764404296875,0.0161856083035557
235,44.764404296875,0.0196716505523913
236.25,44.764404296875,0.0211982970791173
160,45.7068023681641,-0.0352752224619708
161.25,45.7068023681641,-0.0427750209855617
162.5,45.7068023681641,-0.0504086975955832
163.75,45.7068023681641,-0.0525203230063753
165,45.7068023681641,-0.0506489810695965
166.25,45.7068023681641,-0.0481472925781824
167.5,45.7068023681641,-0.0437897148132777
168.75,45.7068023681641,-0.0371057101767948
170,45.7068023681641,-0.0313118864153218
171.25,45.7068023681641,-0.0269745656575437
172.5,45.7068023681641,-0.0277685599488624
173.75,45.7068023681641,-0.0335048316702295
175,45.7068023681641,-0.0367702685993147
176.25,45.7068023681641,-0.0366705389887222
177.5,45.7068023681641,-0.0346338718715031
178.75,45.7068023681641,-0.0314303118203572
180,45.7068023681641,-0.026258666167832
181.25,45.7068023681641,-0.0185900070376697
182.5,45.7068023681641,-0.00954438422106843
183.75,45.7068023681641,-0.00120048946070905
185,45.7068023681641,0.00526105675605314
186.25,45.7068023681641,0.00946123808297573
187.5,45.7068023681641,0.0118385905719834
188.75,45.7068023681641,0.0124522545814558
190,45.7068023681641,0.0114383759607197
191.25,45.7068023681641,0.0110903265885318
192.5,45.7068023681641,0.0134285337934746
193.75,45.7068023681641,0.0181831427652937
195,45.7068023681641,0.0244055468504191
196.25,45.7068023681641,0.0322608228251294
197.5,45.7068023681641,0.0408673033200527
198.75,45.7068023681641,0.048703780600677
200,45.7068023681641,0.055294328077823
201.25,45.7068023681641,0.0609111533052542
202.5,45.7068023681641,0.0651175560749414
203.75,45.7068023681641,0.0672581425889612
205,45.7068023681641,0.0673653685579625
206.25,45.7068023681641,0.0667813851772352
207.5,45.7068023681641,0.0668010605797728
208.75,45.7068023681641,0.0671539764843953
210,45.7068023681641,0.0672400626184689
211.25,45.7068023681641,0.0672443798652307
212.5,45.7068023681641,0.0665809781910474
213.75,45.7068023681641,0.0648403141318686
215,45.7068023681641,0.063152824107609
216.25,45.7068023681641,0.0624918983235627
217.5,45.7068023681641,0.0625616776933524
218.75,45.7068023681641,0.0620807199062307
220,45.7068023681641,0.0598847652150863
221.25,45.7068023681641,0.054328121237173
222.5,45.7068023681641,0.0450923820362919
223.75,45.7068023681641,0.0333999775585577
225,45.7068023681641,0.0209068735902992
226.25,45.7068023681641,0.00764908704928971
227.5,45.7068023681641,-0.00481128148107365
228.75,45.7068023681641,-0.0119195322593894
230,45.7068023681641,-0.00989760311841241
231.25,45.7068023681641,-0.00124897287220795
232.5,45.7068023681641,0.00997982299604714
233.75,45.7068023681641,0.019211205163165
235,45.7068023681641,0.0229080388707442
236.25,45.7068023681641,0.023101329987743
160,46.6492156982422,-0.0487411323727711
161.25,46.6492156982422,-0.0537454839776445
162.5,46.6492156982422,-0.059221159728586
163.75,46.6492156982422,-0.061789092906391
165,46.6492156982422,-0.0603091536251571
166.25,46.6492156982422,-0.0564675268403866
167.5,46.6492156982422,-0.050901419896695
168.75,46.6492156982422,-0.0437602916159184
170,46.6492156982422,-0.0365843587198506
171.25,46.6492156982422,-0.0318033609610575
172.5,46.6492156982422,-0.031839449345327
173.75,46.6492156982422,-0.0342430693310428
175,46.6492156982422,-0.0344637243225615
176.25,46.6492156982422,-0.0328836901431593
177.5,46.6492156982422,-0.0306952029230188
178.75,46.6492156982422,-0.0282375795772357
180,46.6492156982422,-0.0239216315292477
181.25,46.6492156982422,-0.0174405707569434
182.5,46.6492156982422,-0.0100393002094503
183.75,46.6492156982422,-0.00334256153758575
185,46.6492156982422,0.00189905065644644
186.25,46.6492156982422,0.00469503810735984
187.5,46.6492156982422,0.00495668671129335
188.75,46.6492156982422,0.00343090256129847
190,46.6492156982422,0.00112376532034141
191.25,46.6492156982422,0.000596847102709919
192.5,46.6492156982422,0.00328254316673105
193.75,46.6492156982422,0.00866086664456627
195,46.6492156982422,0.0160087262121404
196.25,46.6492156982422,0.0249328386880398
197.5,46.6492156982422,0.0348066996233438
198.75,46.6492156982422,0.0444578338015605
200,46.6492156982422,0.0521708915476868
201.25,46.6492156982422,0.0577042539538039
202.5,46.6492156982422,0.0608935987021406
203.75,46.6492156982422,0.0615203973118934
205,46.6492156982422,0.0605676589745512
206.25,46.6492156982422,0.0596681212145994
207.5,46.6492156982422,0.0597714498979777
208.75,46.6492156982422,0.0603766768734806
210,46.6492156982422,0.0602685719317742
211.25,46.6492156982422,0.0594598369274701
212.5,46.6492156982422,0.0582679282881454
213.75,46.6492156982422,0.057493038448969
215,46.6492156982422,0.0572230415527532
216.25,46.6492156982422,0.0569754642574371
217.5,46.6492156982422,0.0560441012862743
218.75,46.6492156982422,0.0532800211854766
220,46.6492156982422,0.0480270434394967
221.25,46.6492156982422,0.0410509722714778
222.5,46.6492156982422,0.03278767477052
223.75,46.6492156982422,0.0235716926822666
225,46.6492156982422,0.0136576415025309
226.25,46.6492156982422,0.00293306923887977
227.5,46.6492156982422,-0.0056751092413318
228.75,46.6492156982422,-0.00984276576340647
230,46.6492156982422,-0.00754766455720574
231.25,46.6492156982422,0.000342166759665123
232.5,46.6492156982422,0.0116847501122281
233.75,46.6492156982422,0.0215355209514999
235,46.6492156982422,0.0245820055521534
236.25,46.6492156982422,0.0233373949565007
160,47.5916290283203,-0.059476672810067
161.25,47.5916290283203,-0.0596995665479023
162.5,47.5916290283203,-0.0608387994371002
163.75,47.5916290283203,-0.0615579084459076
165,47.5916290283203,-0.0598681690313404
166.25,47.5916290283203,-0.055889166678076
167.5,47.5916290283203,-0.050307100609154
168.75,47.5916290283203,-0.0420925230396745
170,47.5916290283203,-0.0340543219515696
171.25,47.5916290283203,-0.0300004380653394
172.5,47.5916290283203,-0.0292350397109108
173.75,47.5916290283203,-0.0287145893804611
175,47.5916290283203,-0.027393001900108
176.25,47.5916290283203,-0.026205531015413
177.5,47.5916290283203,-0.0252903545758012
178.75,47.5916290283203,-0.0235696416806652
180,47.5916290283203,-0.0203628002750316
181.25,47.5916290283203,-0.0156880270848528
182.5,47.5916290283203,-0.0109120080838225
183.75,47.5916290283203,-0.00643723553203394
185,47.5916290283203,-0.00230153417218125
186.25,47.5916290283203,-0.000598514656137269
187.5,47.5916290283203,-0.00211514559552847
188.75,47.5916290283203,-0.00547742808883228
190,47.5916290283203,-0.00798662876168334
191.25,47.5916290283203,-0.00703755643709972
192.5,47.5916290283203,-0.00285281764688219
193.75,47.5916290283203,0.00288673809970622
195,47.5916290283203,0.00986774110805617
196.25,47.5916290283203,0.0182992823334599
197.5,47.5916290283203,0.0284505452552315
198.75,47.5916290283203,0.0391193594873672
200,47.5916290283203,0.0472628410019153
201.25,47.5916290283203,0.0520310581585557
202.5,47.5916290283203,0.0539186596398098
203.75,47.5916290283203,0.0530783844141011
205,47.5916290283203,0.050992791643047
206.25,47.5916290283203,0.0495349236014231
207.5,47.5916290283203,0.0498751683826774
208.75,47.5916290283203,0.0518677861885741
210,47.5916290283203,0.0532991063114474
211.25,47.5916290283203,0.0530492904615871
212.5,47.5916290283203,0.0520522833081574
213.75,47.5916290283203,0.0513857347669409
215,47.5916290283203,0.0509407761611073
216.25,47.5916290283203,0.0497989799450253
217.5,47.5916290283203,0.0471141127194618
218.75,47.5916290283203,0.0419363295697211
220,47.5916290283203,0.0345799243410277
221.25,47.5916290283203,0.0266163937593865
222.5,47.5916290283203,0.0197014613500075
223.75,47.5916290283203,0.0137434502700526
225,47.5916290283203,0.00638499038877086
226.25,47.5916290283203,-0.00184001209137409
227.5,47.5916290283203,-0.00708260993028017
228.75,47.5916290283203,-0.00863299177276414
230,47.5916290283203,-0.00527324687303291
231.25,47.5916290283203,0.00347208134146974
232.5,47.5916290283203,0.0144614510522487
233.75,47.5916290283203,0.0223340071869823
235,47.5916290283203,0.0252701773180496
236.25,47.5916290283203,0.0248871391471523
160,48.5340270996094,-0.0489803732020698
161.25,48.5340270996094,-0.0504458601190495
162.5,48.5340270996094,-0.0510839938098215
163.75,48.5340270996094,-0.0507481739820446
165,48.5340270996094,-0.0492717144231709
166.25,48.5340270996094,-0.0468760499364137
167.5,48.5340270996094,-0.042521564729573
168.75,48.5340270996094,-0.0357496769378681
170,48.5340270996094,-0.0295969826218809
171.25,48.5340270996094,-0.0253771736172451
172.5,48.5340270996094,-0.0225293329176091
173.75,48.5340270996094,-0.0207569785406896
175,48.5340270996094,-0.0200160028260407
176.25,48.5340270996094,-0.020012924983713
177.5,48.5340270996094,-0.0198449108922767
178.75,48.5340270996094,-0.0186472110411043
180,48.5340270996094,-0.0166919139046488
181.25,48.5340270996094,-0.0146396006391866
182.5,48.5340270996094,-0.0124029106695667
183.75,48.5340270996094,-0.010040099290145
185,48.5340270996094,-0.00735863111725861
186.25,48.5340270996094,-0.00702647991982117
187.5,48.5340270996094,-0.0097239511785663
188.75,48.5340270996094,-0.0136479327637777
190,48.5340270996094,-0.0161120929005119
191.25,48.5340270996094,-0.0145485821365864
192.5,48.5340270996094,-0.00902759006926639
193.75,48.5340270996094,-0.00119297404091985
195,48.5340270996094,0.00709266765463414
196.25,48.5340270996094,0.0155667024638459
197.5,48.5340270996094,0.026157304536937
198.75,48.5340270996094,0.0360608726742387
200,48.5340270996094,0.041366429999147
201.25,48.5340270996094,0.0426205592629973
202.5,48.5340270996094,0.0415481472445908
203.75,48.5340270996094,0.0402188624014841
205,48.5340270996094,0.0393807982215502
206.25,48.5340270996094,0.0395008216274994
207.5,48.5340270996094,0.0409657226856712
208.75,48.5340270996094,0.0435415277211035
210,48.5340270996094,0.0453463447992102
211.25,48.5340270996094,0.0457573442214489
212.5,48.5340270996094,0.0456979984457822
213.75,48.5340270996094,0.0456027712656859
215,48.5340270996094,0.0448357419353627
216.25,48.5340270996094,0.0418618129440626
217.5,48.5340270996094,0.0361695874011684
218.75,48.5340270996094,0.0292192149399567
220,48.5340270996094,0.0219011802733543
221.25,48.5340270996094,0.0150049294804513
222.5,48.5340270996094,0.00993563728635061
223.75,48.5340270996094,0.00581778938885659
225,48.5340270996094,0.000568538581800325
226.25,48.5340270996094,-0.00554745734487749
227.5,48.5340270996094,-0.00856886948554995
228.75,48.5340270996094,-0.0080030993733879
230,48.5340270996094,-0.00141232141599106
231.25,48.5340270996094,0.00864224221542902
232.5,48.5340270996094,0.0165728182593277
233.75,48.5340270996094,0.0211582968312918
235,48.5340270996094,0.0221010228668934
236.25,48.5340270996094,0.0214845508044078
160,49.4764404296875,-0.0273151692629285
161.25,49.4764404296875,-0.0292085402166235
162.5,49.4764404296875,-0.0317529002900452
163.75,49.4764404296875,-0.0325423464697457
165,49.4764404296875,-0.0327505068672279
166.25,49.4764404296875,-0.0329009974850136
167.5,49.4764404296875,-0.0306312668069038
168.75,49.4764404296875,-0.0252873073185599
170,49.4764404296875,-0.0201340182297906
171.25,49.4764404296875,-0.0158873776915283
172.5,49.4764404296875,-0.0124385462725764
173.75,49.4764404296875,-0.0102792098343917
175,49.4764404296875,-0.00960675722711381
176.25,49.4764404296875,-0.0102247738014347
177.5,49.4764404296875,-0.0111125268290759
178.75,49.4764404296875,-0.0111850562195106
180,49.4764404296875,-0.0111748076358582
181.25,49.4764404296875,-0.0114498542999853
182.5,49.4764404296875,-0.0116444572520246
183.75,49.4764404296875,-0.0132631951650334
185,49.4764404296875,-0.0161545187340504
186.25,49.4764404296875,-0.01988830101135
187.5,49.4764404296875,-0.0240642149081938
188.75,49.4764404296875,-0.0266437476215313
190,49.4764404296875,-0.02600120506721
191.25,49.4764404296875,-0.0207105530331744
192.5,49.4764404296875,-0.011245759171541
193.75,49.4764404296875,-0.000123528336369353
195,49.4764404296875,0.00969081077464582
196.25,49.4764404296875,0.0181445794749658
197.5,49.4764404296875,0.0253948956091727
198.75,49.4764404296875,0.0298990421962956
200,49.4764404296875,0.031130739184247
201.25,49.4764404296875,0.0301932594790466
202.5,49.4764404296875,0.0282797621363652
203.75,49.4764404296875,0.0270498714583143
205,49.4764404296875,0.0270110988899028
206.25,49.4764404296875,0.0286732218449215
207.5,49.4764404296875,0.0319924199793542
208.75,49.4764404296875,0.0355426145757778
210,49.4764404296875,0.0374895995245773
211.25,49.4764404296875,0.0378352382704778
212.5,49.4764404296875,0.0373786022091583
213.75,49.4764404296875,0.036926384819291
215,49.4764404296875,0.0359697770938745
216.25,49.4764404296875,0.0323399232289682
217.5,49.4764404296875,0.0256750885366281
218.75,49.4764404296875,0.0177426697674353
220,49.4764404296875,0.0107074851967899
221.25,49.4764404296875,0.00616814697512152
222.5,49.4764404296875,0.00328236586317543
223.75,49.4764404296875,0.00027626116320188
225,49.4764404296875,-0.00430129105656956
226.25,49.4764404296875,-0.00871614359178534
227.5,49.4764404296875,-0.0103708907045835
228.75,49.4764404296875,-0.00656964045501827
230,49.4764404296875,0.00353783217247402
231.25,49.4764404296875,0.0122243063468429
232.5,49.4764404296875,0.0163775970226328
233.75,49.4764404296875,0.0192415385506143
235,49.4764404296875,0.022513802956534
160,50.4188537597656,-0.0200878802183033
161.25,50.4188537597656,-0.0169412784162845
162.5,50.4188537597656,-0.0163699324791904
163.75,50.4188537597656,-0.0169587712009377
165,50.4188537597656,-0.018590064502256
166.25,50.4188537597656,-0.0198227962674451
167.5,50.4188537597656,-0.017638818173149
168.75,50.4188537597656,-0.0134023775490433
170,50.4188537597656,-0.0100374300156093
171.25,50.4188537597656,-0.00722093333742207
172.5,50.4188537597656,-0.00457634253647434
173.75,50.4188537597656,-0.0027387196306402
175,50.4188537597656,-0.00203959562756201
176.25,50.4188537597656,-0.00219093535488453
177.5,50.4188537597656,-0.00248717612761989
178.75,50.4188537597656,-0.0031160082235429
180,50.4188537597656,-0.00474304278598709
181.25,50.4188537597656,-0.00797502651269953
182.5,50.4188537597656,-0.0135399356047892
183.75,50.4188537597656,-0.0207189861327591
185,50.4188537597656,-0.0266342098134667
186.25,50.4188537597656,-0.0300390427293172
187.5,50.4188537597656,-0.0314227571455557
188.75,50.4188537597656,-0.0303877859230389
190,50.4188537597656,-0.0258151404787725
191.25,50.4188537597656,-0.0178727729334509
192.5,50.4188537597656,-0.00852312288425444
193.75,50.4188537597656,0.000569677719021254
195,50.4188537597656,0.00842110224401075
196.25,50.4188537597656,0.0146692591467468
197.5,50.4188537597656,0.0182301728884272
198.75,50.4188537597656,0.0185423651381724
200,50.4188537597656,0.016149636887896
201.25,50.4188537597656,0.0137075981288038
202.5,50.4188537597656,0.0137190882673412
203.75,50.4188537597656,0.0150101700923777
205,50.4188537597656,0.0165643514800856
206.25,50.4188537597656,0.0187059681334572
207.5,50.4188537597656,0.0215482517395617
208.75,50.4188537597656,0.0245464057151618
210,50.4188537597656,0.0272405409439614
211.25,50.4188537597656,0.0284662507064649
212.5,50.4188537597656,0.0278033112969273
213.75,50.4188537597656,0.0262264566346452
215,50.4188537597656,0.0240357245126319
216.25,50.4188537597656,0.0209469668012745
217.5,50.4188537597656,0.0159302082804137
218.75,50.4188537597656,0.00950742976902615
220,50.4188537597656,0.00409843911729903
221.25,50.4188537597656,0.000517596129827589
222.5,50.4188537597656,-0.00203784974240991
223.75,50.4188537597656,-0.0049008324856801
225,50.4188537597656,-0.00869783687313242
226.25,50.4188537597656,-0.0118420116715954
227.5,50.4188537597656,-0.0116868431857994
228.75,50.4188537597656,-0.0045438830547617
230,50.4188537597656,0.00639023337142484
231.25,50.4188537597656,0.0125510245340488
232.5,50.4188537597656,0.0156069284165295
233.75,50.4188537597656,0.0173876913689688
160,51.3612518310547,-0.0168589944137226
161.25,51.3612518310547,-0.0115343840902234
162.5,51.3612518310547,-0.00880665541986884
163.75,51.3612518310547,-0.00982526405460613
165,51.3612518310547,-0.0128191461867213
166.25,51.3612518310547,-0.0150706909416337
167.5,51.3612518310547,-0.0146907895920023
168.75,51.3612518310547,-0.0123518911753634
170,51.3612518310547,-0.00939900183944103
171.25,51.3612518310547,-0.00624794148122643
172.5,51.3612518310547,-0.00297273156458717
173.75,51.3612518310547,0.000109637688720665
175,51.3612518310547,0.00300166952756182
176.25,51.3612518310547,0.0048965012538666
177.5,51.3612518310547,0.00496296436845384
178.75,51.3612518310547,0.00277463209487547
180,51.3612518310547,-0.00122830484673932
181.25,51.3612518310547,-0.00726085952825554
182.5,51.3612518310547,-0.0158147945529057
183.75,51.3612518310547,-0.0245181052873161
185,51.3612518310547,-0.0298215020495436
186.25,51.3612518310547,-0.0332136694723207
187.5,51.3612518310547,-0.0334764703543718
188.75,51.3612518310547,-0.0299354512281096
190,51.3612518310547,-0.0244558344812174
191.25,51.3612518310547,-0.018348462230831
192.5,51.3612518310547,-0.0129576540618451
193.75,51.3612518310547,-0.00796525174977069
195,51.3612518310547,-0.00295944639299196
196.25,51.3612518310547,0.00142138897819832
197.5,51.3612518310547,0.00374884324173671
198.75,51.3612518310547,0.0037441697106336
200,51.3612518310547,0.00247752436575774
201.25,51.3612518310547,0.00141546518948016
202.5,51.3612518310547,0.00210225006983963
203.75,51.3612518310547,0.00379826081336418
205,51.3612518310547,0.00572244567848767
206.25,51.3612518310547,0.0082564221691211
207.5,51.3612518310547,0.0110776620041594
208.75,51.3612518310547,0.0139144899142378
210,51.3612518310547,0.0165352669908197
211.25,51.3612518310547,0.017926775755187
212.5,51.3612518310547,0.0181114918888976
213.75,51.3612518310547,0.0171148657266348
215,51.3612518310547,0.0151545842331475
216.25,51.3612518310547,0.012709362015706
217.5,51.3612518310547,0.00907220353084947
218.75,51.3612518310547,0.00469060301503965
220,51.3612518310547,0.000967665445079613
221.25,51.3612518310547,-0.0022820821464946
222.5,51.3612518310547,-0.00574158007834428
223.75,51.3612518310547,-0.00955929269203093
225,51.3612518310547,-0.0125017302935842
226.25,51.3612518310547,-0.0135225828471016
227.5,51.3612518310547,-0.010045764761484
228.75,51.3612518310547,-0.00177455131694734
230,51.3612518310547,0.00692813727294452
231.25,51.3612518310547,0.0123709087289973
232.5,51.3612518310547,0.0135302212406913
160,52.3036651611328,-0.0166026445251701
161.25,52.3036651611328,-0.0130369733736698
162.5,52.3036651611328,-0.00742933984689719
163.75,52.3036651611328,-0.00616911423684862
165,52.3036651611328,-0.00877431048932917
166.25,52.3036651611328,-0.0113193664262985
167.5,52.3036651611328,-0.0126364858357409
168.75,52.3036651611328,-0.0124835453019043
170,52.3036651611328,-0.0109145776779968
171.25,52.3036651611328,-0.00823455603845289
172.5,52.3036651611328,-0.00434182547371767
173.75,52.3036651611328,0.000829838584812216
175,52.3036651611328,0.00554071431940573
176.25,52.3036651611328,0.00841547037241658
177.5,52.3036651611328,0.00879006763824348
178.75,52.3036651611328,0.00574918895389492
180,52.3036651611328,-0.000355047748999049
181.25,52.3036651611328,-0.00840165762378795
182.5,52.3036651611328,-0.0168883752606172
183.75,52.3036651611328,-0.0235589301233185
185,52.3036651611328,-0.0276710887939865
186.25,52.3036651611328,-0.03160929452507
187.5,52.3036651611328,-0.0319994255172675
188.75,52.3036651611328,-0.0297155275811366
190,52.3036651611328,-0.0242915452318328
191.25,52.3036651611328,-0.0178217367217307
192.5,52.3036651611328,-0.0133018323354467
193.75,52.3036651611328,-0.00916006695923897
195,52.3036651611328,-0.00560884134891545
196.25,52.3036651611328,-0.00318421180709393
197.5,52.3036651611328,-0.00276194073833321
198.75,52.3036651611328,-0.00381078513388568
200,52.3036651611328,-0.00486827857256753
201.25,52.3036651611328,-0.00499912917713959
202.5,52.3036651611328,-0.00414143725732584
203.75,52.3036651611328,-0.00289210461321636
205,52.3036651611328,-0.00184942882964041
206.25,52.3036651611328,-0.000359654338331888
207.5,52.3036651611328,0.00199893509021311
208.75,52.3036651611328,0.00544062771389581
210,52.3036651611328,0.00892274164595356
211.25,52.3036651611328,0.0110719882623494
212.5,52.3036651611328,0.0117242540529652
213.75,52.3036651611328,0.010978060177997
215,52.3036651611328,0.00969919660364838
216.25,52.3036651611328,0.00824940912901922
217.5,52.3036651611328,0.00601317332174295
218.75,52.3036651611328,0.00333835446768812
220,52.3036651611328,0.000758771005824102
221.25,52.3036651611328,-0.00265881114430466
222.5,52.3036651611328,-0.00736778385585104
223.75,52.3036651611328,-0.0122935094185726
225,52.3036651611328,-0.0140445847242506
226.25,52.3036651611328,-0.0111623547440487
227.5,52.3036651611328,-0.00505064752570627
228.75,52.3036651611328,0.00185071068003525
230,52.3036651611328,0.00858868095610406
231.25,52.3036651611328,0.0127426499536032
232.5,52.3036651611328,0.0140234722080953
160,53.2460784912109,-0.018540543819951
161.25,53.2460784912109,-0.0199344201869242
162.5,53.2460784912109,-0.0163408486920478
163.75,53.2460784912109,-0.0099599153923946
165,53.2460784912109,-0.00803574324751783
166.25,53.2460784912109,-0.00951782063184561
167.5,53.2460784912109,-0.011295462370278
168.75,53.2460784912109,-0.0120293940859911
170,53.2460784912109,-0.0112146124045201
171.25,53.2460784912109,-0.00951738241244885
172.5,53.2460784912109,-0.00566953635986176
173.75,53.2460784912109,0.000176582888009773
175,53.2460784912109,0.00449558519086644
176.25,53.2460784912109,0.00702206791454622
177.5,53.2460784912109,0.00773486589727268
178.75,53.2460784912109,0.00487548241139226
180,53.2460784912109,-0.00187891928750932
181.25,53.2460784912109,-0.00889262887073261
182.5,53.2460784912109,-0.0144991761177665
183.75,53.2460784912109,-0.0189987020997893
185,53.2460784912109,-0.0223575288629962
186.25,53.2460784912109,-0.0256119480544956
187.5,53.2460784912109,-0.027413993027246
188.75,53.2460784912109,-0.0266148563580247
190,53.2460784912109,-0.0217703449796478
191.25,53.2460784912109,-0.0159332104255172
192.5,53.2460784912109,-0.011091553584508
193.75,53.2460784912109,-0.00804002574002491
195,53.2460784912109,-0.00427782668806799
196.25,53.2460784912109,-0.00198333798890879
197.5,53.2460784912109,-0.002306230298712
198.75,53.2460784912109,-0.00374042873149593
200,53.2460784912109,-0.00537163839904326
201.25,53.2460784912109,-0.00685490678454681
202.5,53.2460784912109,-0.0076904283285231
203.75,53.2460784912109,-0.00728920599429417
205,53.2460784912109,-0.00600773410704272
206.25,53.2460784912109,-0.00426710057736988
207.5,53.2460784912109,-0.00205557252080935
208.75,53.2460784912109,0.000779597822049004
210,53.2460784912109,0.00410269295338931
211.25,53.2460784912109,0.00678882185754797
212.5,53.2460784912109,0.00805543664221265
213.75,53.2460784912109,0.00779379144438434
215,53.2460784912109,0.00703305208552801
216.25,53.2460784912109,0.00649134355291269
217.5,53.2460784912109,0.00575901424792954
218.75,53.2460784912109,0.00458886609640508
220,53.2460784912109,0.00261033070954929
221.25,53.2460784912109,-0.00157598586876336
222.5,53.2460784912109,-0.00778875601966963
223.75,53.2460784912109,-0.0126577687872403
225,53.2460784912109,-0.0119904435487132
226.25,53.2460784912109,-0.00603926948700953
227.5,53.2460784912109,0.00140309630265681
228.75,53.2460784912109,0.0093503695563049
230,53.2460784912109,0.0110941210006608
231.25,53.2460784912109,0.0133752626174348
160,54.1884765625,-0.0223597851045204
161.25,54.1884765625,-0.0231398813745841
162.5,54.1884765625,-0.0237015991733278
163.75,54.1884765625,-0.0206987210812131
165,54.1884765625,-0.0151711867369154
166.25,54.1884765625,-0.0114114931317415
167.5,54.1884765625,-0.0108989733078581
168.75,54.1884765625,-0.0112632962488809
170,54.1884765625,-0.0113475008434793
171.25,54.1884765625,-0.0114448330285568
172.5,54.1884765625,-0.00989952365581444
173.75,54.1884765625,-0.00654214912900591
175,54.1884765625,-0.00322537586726815
176.25,54.1884765625,-0.000352809783365815
177.5,54.1884765625,0.00179450445482629
178.75,54.1884765625,0.00128846938033378
180,54.1884765625,-0.00188481103136772
181.25,54.1884765625,-0.00493000851115893
182.5,54.1884765625,-0.00795575063656111
183.75,54.1884765625,-0.0113635493074324
185,54.1884765625,-0.0149392988390129
186.25,54.1884765625,-0.0184299907479597
187.5,54.1884765625,-0.0203591783156871
188.75,54.1884765625,-0.0200673391418469
190,54.1884765625,-0.0175062901959288
191.25,54.1884765625,-0.014087960913081
192.5,54.1884765625,-0.0105092811673064
193.75,54.1884765625,-0.00730538212544248
195,54.1884765625,-0.00387765240796824
196.25,54.1884765625,0.000161268434232436
197.5,54.1884765625,2.80403741659003e-05
198.75,54.1884765625,-0.00184786131916132
200,54.1884765625,-0.00442938711230925
201.25,54.1884765625,-0.00669611023529925
202.5,54.1884765625,-0.00860412449330137
203.75,54.1884765625,-0.00894346515745676
205,54.1884765625,-0.00746320783820929
206.25,54.1884765625,-0.00571060387512829
207.5,54.1884765625,-0.00395122762866957
208.75,54.1884765625,-0.00185273420421261
210,54.1884765625,0.000780369475599945
211.25,54.1884765625,0.00330120145636559
212.5,54.1884765625,0.00509635575482112
213.75,54.1884765625,0.00622576096106068
215,54.1884765625,0.00714735438675608
216.25,54.1884765625,0.0080807939588107
217.5,54.1884765625,0.00839334815991824
218.75,54.1884765625,0.00761110651110744
220,54.1884765625,0.00482979962539508
221.25,54.1884765625,-0.000894099528888069
222.5,54.1884765625,-0.00753544632867228
223.75,54.1884765625,-0.0100550456839326
225,54.1884765625,-0.00707877166899248
226.25,54.1884765625,-0.0011615707683087
227.5,54.1884765625,0.00575267900054365
228.75,54.1884765625,0.0169321330238072
230,54.1884765625,0.0191753820164668
161.25,55.1308898925781,-0.0255479309264557
162.5,55.1308898925781,-0.0251492782852598
163.75,55.1308898925781,-0.0247816660612887
165,55.1308898925781,-0.0235180805607346
166.25,55.1308898925781,-0.0181672856901956
167.5,55.1308898925781,-0.0131273555848893
168.75,55.1308898925781,-0.0116199655058813
170,55.1308898925781,-0.0122160676675974
171.25,55.1308898925781,-0.0141164236096801
172.5,55.1308898925781,-0.0160003177921809
173.75,55.1308898925781,-0.0166881480990365
175,55.1308898925781,-0.0160334373092111
176.25,55.1308898925781,-0.0134089010168296
177.5,55.1308898925781,-0.00939552071138377
178.75,55.1308898925781,-0.00664006543023241
180,55.1308898925781,-0.00591854879780645
181.25,55.1308898925781,-0.00631164672661083
182.5,55.1308898925781,-0.00733332497839592
183.75,55.1308898925781,-0.0086573273216164
185,55.1308898925781,-0.010802430039501
186.25,55.1308898925781,-0.0134897672002802
187.5,55.1308898925781,-0.0157035687777898
188.75,55.1308898925781,-0.0163129804061247
190,55.1308898925781,-0.015143774914311
191.25,55.1308898925781,-0.0127707871914622
192.5,55.1308898925781,-0.00985087028509375
193.75,55.1308898925781,-0.0071545965913941
195,55.1308898925781,-0.00566884274566538
196.25,55.1308898925781,-0.00601992895720247
197.5,55.1308898925781,-0.00380126139727153
198.75,55.1308898925781,-0.00504583446338045
200,55.1308898925781,-0.0054044132758086
201.25,55.1308898925781,-0.00583822594468436
202.5,55.1308898925781,-0.00740560236825827
203.75,55.1308898925781,-0.00856237178623036
205,55.1308898925781,-0.00765852967007554
206.25,55.1308898925781,-0.00636333017192354
207.5,55.1308898925781,-0.00525379710847865
208.75,55.1308898925781,-0.00359340972552277
210,55.1308898925781,-0.00106199448014568
211.25,55.1308898925781,0.0018740143464106
212.5,55.1308898925781,0.00487619663961192
213.75,55.1308898925781,0.00771588930748707
215,55.1308898925781,0.0101505183501085
216.25,55.1308898925781,0.0115320009108792
217.5,55.1308898925781,0.0115350400144947
218.75,55.1308898925781,0.00969912592318555
220,55.1308898925781,0.00504246172007555
221.25,55.1308898925781,-0.00204334805701322
222.5,55.1308898925781,-0.00718384844214168
223.75,55.1308898925781,-0.00632922814640181
225,55.1308898925781,-0.0016124652413291
226.25,55.1308898925781,0.00409068981425746
227.5,55.1308898925781,0.0117438169119995
228.75,55.1308898925781,0.0164525255023369
230,55.1308898925781,0.0191753873268231
161.25,56.0733032226562,-0.0253276664756558
162.5,56.0733032226562,-0.0222904290397651
163.75,56.0733032226562,-0.0214168930694792
165,56.0733032226562,-0.0252191890880286
166.25,56.0733032226562,-0.0269667620888316
167.5,56.0733032226562,-0.023584179651817
168.75,56.0733032226562,-0.0199497883441488
170,56.0733032226562,-0.0186490466786148
171.25,56.0733032226562,-0.0198547840566832
172.5,56.0733032226562,-0.0224967646515264
173.75,56.0733032226562,-0.0250391945756121
175,56.0733032226562,-0.0261455341789892
176.25,56.0733032226562,-0.025051286083282
177.5,56.0733032226562,-0.0222066712032862
178.75,56.0733032226562,-0.0192695054622607
180,56.0733032226562,-0.0169309623356093
181.25,56.0733032226562,-0.0141578063898345
182.5,56.0733032226562,-0.0116980691156376
183.75,56.0733032226562,-0.0110155704199735
185,56.0733032226562,-0.0124749144095776
186.25,56.0733032226562,-0.0151491811943137
187.5,56.0733032226562,-0.0175611425862011
188.75,56.0733032226562,-0.0181646791819597
190,56.0733032226562,-0.0166942545218725
191.25,56.0733032226562,-0.0143790565039532
192.5,56.0733032226562,-0.0123460458219611
193.75,56.0733032226562,-0.00991577133415926
195,56.0733032226562,-0.00771163586300123
196.25,56.0733032226562,-0.00652640072833996
197.5,56.0733032226562,-0.00655637569020516
198.75,56.0733032226562,-0.00848491051751184
200,56.0733032226562,-0.00536757680418366
201.25,56.0733032226562,-0.00601420597501226
202.5,56.0733032226562,-0.00810447195797678
203.75,56.0733032226562,-0.0100327730273113
205,56.0733032226562,-0.00888318579339343
206.25,56.0733032226562,-0.00692154443159987
207.5,56.0733032226562,-0.00701161424908798
208.75,56.0733032226562,-0.00594329468071823
210,56.0733032226562,-0.00290626139832449
211.25,56.0733032226562,0.00148485037833411
212.5,56.0733032226562,0.00579377796934785
213.75,56.0733032226562,0.00944426491530994
215,56.0733032226562,0.0121969032129179
216.25,56.0733032226562,0.0132986716515096
217.5,56.0733032226562,0.0122977936429606
218.75,56.0733032226562,0.00884023626390967
220,56.0733032226562,0.00234766021838502
221.25,56.0733032226562,-0.00426657656768373
222.5,56.0733032226562,-0.00587445123865461
223.75,56.0733032226562,-0.00273903195427431
225,56.0733032226562,0.00131007522482913
226.25,56.0733032226562,0.00333435523078403
227.5,56.0733032226562,0.0108760246370484
162.5,57.0157012939453,-0.0146998171732173
163.75,57.0157012939453,-0.0153786827248401
165,57.0157012939453,-0.0203759523933244
166.25,57.0157012939453,-0.0280162507050934
167.5,57.0157012939453,-0.0324012911404134
168.75,57.0157012939453,-0.0325873660813439
170,57.0157012939453,-0.0317540469469965
171.25,57.0157012939453,-0.032022818061815
172.5,57.0157012939453,-0.034010099097785
173.75,57.0157012939453,-0.0370911879035618
175,57.0157012939453,-0.0390449034174313
176.25,57.0157012939453,-0.0374998421456228
177.5,57.0157012939453,-0.0331225752787435
178.75,57.0157012939453,-0.0277695092356402
180,57.0157012939453,-0.0223697353930913
181.25,57.0157012939453,-0.0177932319373021
182.5,57.0157012939453,-0.0150367777503714
183.75,57.0157012939453,-0.0147962059175984
185,57.0157012939453,-0.0168035243894629
186.25,57.0157012939453,-0.0198612604299775
187.5,57.0157012939453,-0.0222985647308476
188.75,57.0157012939453,-0.0232190455782075
190,57.0157012939453,-0.0223818536189095
191.25,57.0157012939453,-0.0189076797151411
192.5,57.0157012939453,-0.0163578379912165
193.75,57.0157012939453,-0.0126977259731938
195,57.0157012939453,-0.00988154005574789
196.25,57.0157012939453,-0.00715476016707682
197.5,57.0157012939453,-0.00650444783643786
198.75,57.0157012939453,-0.00919928872320041
200,57.0157012939453,-0.0133156712134685
201.25,57.0157012939453,-0.014500741361126
202.5,57.0157012939453,-0.00878965068292983
203.75,57.0157012939453,-0.0102882889070573
205,57.0157012939453,-0.00985830806818282
206.25,57.0157012939453,-0.00832731619299405
207.5,57.0157012939453,-0.00874998166128475
208.75,57.0157012939453,-0.00843089723593951
210,57.0157012939453,-0.00540994708176998
211.25,57.0157012939453,-0.00112377511645635
212.5,57.0157012939453,0.00341249277752159
213.75,57.0157012939453,0.00745770622314474
215,57.0157012939453,0.0103001940023776
216.25,57.0157012939453,0.0105845332065436
217.5,57.0157012939453,0.00789130834361737
218.75,57.0157012939453,0.00250523107385155
220,57.0157012939453,-0.00325320040910243
221.25,57.0157012939453,-0.00650605198192607
222.5,57.0157012939453,-0.00565458110243012
223.75,57.0157012939453,-0.0025853886635977
225,57.0157012939453,0.000969818934653774
226.25,57.0157012939453,0.0037482026034466
162.5,57.9581146240234,-0.00988287065666953
163.75,57.9581146240234,-0.0098283673122727
165,57.9581146240234,-0.0132421693966588
166.25,57.9581146240234,-0.0202810600964047
167.5,57.9581146240234,-0.0279952715944956
168.75,57.9581146240234,-0.0336961413107483
170,57.9581146240234,-0.0368581773697883
171.25,57.9581146240234,-0.0384368866348973
172.5,57.9581146240234,-0.0392452709253752
173.75,57.9581146240234,-0.039472926806828
175,57.9581146240234,-0.038357509310129
176.25,57.9581146240234,-0.0348648385468506
177.5,57.9581146240234,-0.0295117817545594
178.75,57.9581146240234,-0.0245837030800606
180,57.9581146240234,-0.0209036207731405
181.25,57.9581146240234,-0.0185971291256745
182.5,57.9581146240234,-0.0180402286697096
183.75,57.9581146240234,-0.0191914087828926
185,57.9581146240234,-0.0216340607958354
186.25,57.9581146240234,-0.0246829273173426
187.5,57.9581146240234,-0.0255088873009586
188.75,57.9581146240234,-0.021085594092511
190,57.9581146240234,-0.0176654420401792
191.25,57.9581146240234,-0.0158555240788651
192.5,57.9581146240234,-0.0129924517467049
193.75,57.9581146240234,-0.00961583441307246
195,57.9581146240234,-0.00800544626455931
196.25,57.9581146240234,-0.00663028518250551
197.5,57.9581146240234,-0.00773932072176103
198.75,57.9581146240234,-0.00874543084438149
200,57.9581146240234,-0.0130528496146011
201.25,57.9581146240234,-0.0160283909851548
202.5,57.9581146240234,-0.0173849773888698
203.75,57.9581146240234,-0.00999353615555959
206.25,57.9581146240234,-0.0111318909078671
207.5,57.9581146240234,-0.0110369916761997
208.75,57.9581146240234,-0.0107130053862632
210,57.9581146240234,-0.00757011526635594
211.25,57.9581146240234,-0.00429583014796817
212.5,57.9581146240234,-0.0014504625076183
213.75,57.9581146240234,0.000967423213035894
215,57.9581146240234,0.0024656478197498
216.25,57.9581146240234,0.00233336719578014
217.5,57.9581146240234,-0.00039365729512612
218.75,57.9581146240234,-0.00573931200614155
220,57.9581146240234,-0.00962324452536471
221.25,57.9581146240234,-0.00992808468748467
222.5,57.9581146240234,-0.00812804152356402
223.75,57.9581146240234,-0.00646419760762796
225,57.9581146240234,-0.0026561947490193
160,58.9005279541016,-0.00504801920028348
161.25,58.9005279541016,-0.00647701636400518
162.5,58.9005279541016,-0.00645869598130664
163.75,58.9005279541016,-0.00658333718987792
165,58.9005279541016,-0.00652084950576799
166.25,58.9005279541016,-0.0110248667859888
167.5,58.9005279541016,-0.0169005406365238
168.75,58.9005279541016,-0.0228260888330189
170,58.9005279541016,-0.0281216997671049
171.25,58.9005279541016,-0.0311265019198662
172.5,58.9005279541016,-0.0310513015899633
173.75,58.9005279541016,-0.0284371733461383
175,58.9005279541016,-0.024869758393403
176.25,58.9005279541016,-0.021796580240932
177.5,58.9005279541016,-0.0199006502517684
178.75,58.9005279541016,-0.0188553860748913
180,58.9005279541016,-0.0185618856172159
181.25,58.9005279541016,-0.019086890291633
182.5,58.9005279541016,-0.0205848123165762
183.75,58.9005279541016,-0.0224021137797788
185,58.9005279541016,-0.0234873692764038
186.25,58.9005279541016,-0.024528839230534
187.5,58.9005279541016,-0.0218888724915216
188.75,58.9005279541016,-0.0162870422269241
190,58.9005279541016,-0.0145046807489554
191.25,58.9005279541016,-0.0133676459675822
192.5,58.9005279541016,-0.0108196285580308
193.75,58.9005279541016,-0.00795090830003243
195,58.9005279541016,-0.00709374284610286
196.25,58.9005279541016,-0.00868758019543707
197.5,58.9005279541016,-0.0149424995054708
198.75,58.9005279541016,-0.0116488521660707
200,58.9005279541016,-0.0188667779867353
201.25,58.9005279541016,-0.0211311307258157
202.5,58.9005279541016,-0.0225747089141569
206.25,58.9005279541016,-0.0113126837616593
207.5,58.9005279541016,-0.0114293873512735
208.75,58.9005279541016,-0.0112037397835878
210,58.9005279541016,-0.00927728038610998
211.25,58.9005279541016,-0.00730082713719619
212.5,58.9005279541016,-0.0063330513947595
213.75,58.9005279541016,-0.00601736301001577
215,58.9005279541016,-0.0062249219578618
216.25,58.9005279541016,-0.00776660102499276
217.5,58.9005279541016,-0.0104790118905666
218.75,58.9005279541016,-0.0130140431604722
220,58.9005279541016,-0.0149586472037891
221.25,58.9005279541016,-0.0154493766708168
222.5,58.9005279541016,-0.0132001615349576
160,59.8429260253906,-0.00390844726051473
161.25,59.8429260253906,-0.0059580291935984
162.5,59.8429260253906,-0.00627203327470647
163.75,59.8429260253906,-0.00595187271344864
165,59.8429260253906,-0.00256122876820314
166.25,59.8429260253906,-0.00535915043746451
167.5,59.8429260253906,-0.00920767796604543
168.75,59.8429260253906,-0.0138992240202188
170,59.8429260253906,-0.0237171012440113
171.25,59.8429260253906,-0.0287749679918098
172.5,59.8429260253906,-0.0294741397153329
173.75,59.8429260253906,-0.0270897915606275
175,59.8429260253906,-0.0226319962824059
176.25,59.8429260253906,-0.018178490991731
177.5,59.8429260253906,-0.0155025339620052
178.75,59.8429260253906,-0.014946004510743
180,59.8429260253906,-0.015915373190503
181.25,59.8429260253906,-0.0178480386985647
182.5,59.8429260253906,-0.0203527824702732
183.75,59.8429260253906,-0.021269256644253
185,59.8429260253906,-0.0221243967281292
186.25,59.8429260253906,-0.0243475121266185
187.5,59.8429260253906,-0.0223600996802362
188.75,59.8429260253906,-0.0169245488606645
190,59.8429260253906,-0.0136995725603612
191.25,59.8429260253906,-0.0110475206831659
192.5,59.8429260253906,-0.00831910443987617
193.75,59.8429260253906,-0.00815695729984918
195,59.8429260253906,-0.0109290513447807
196.25,59.8429260253906,-0.01633997166459
197.5,59.8429260253906,-0.0233246700088885
198.75,59.8429260253906,-0.0249868635940338
206.25,59.8429260253906,-0.0109503095097899
207.5,59.8429260253906,-0.0110033661534274
208.75,59.8429260253906,-0.0104076708259539
210,59.8429260253906,-0.00957346202015435
211.25,59.8429260253906,-0.00832301471720777
212.5,59.8429260253906,-0.00701914047752401
213.75,59.8429260253906,-0.00893683615511844
215,59.8429260253906,-0.0120243963968273
216.25,59.8429260253906,-0.0148190733233826
217.5,59.8429260253906,-0.016817770203689
218.75,59.8429260253906,-0.0182409636934001
220,59.8429260253906,-0.0186147864001378
221.25,59.8429260253906,-0.0183831260196945
160,60.7853393554688,0.00429948695690384
161.25,60.7853393554688,-0.0026461222548595
162.5,60.7853393554688,-0.00379844015828488
167.5,60.7853393554688,-0.00556258276507944
168.75,60.7853393554688,-0.00742758175867939
170,60.7853393554688,-0.00763603468328013
171.25,60.7853393554688,-0.0292144270381133
172.5,60.7853393554688,-0.0314103616356234
173.75,60.7853393554688,-0.0316205564530489
175,60.7853393554688,-0.0298253926155327
176.25,60.7853393554688,-0.0265992143003724
177.5,60.7853393554688,-0.024528460401241
178.75,60.7853393554688,-0.0234893362426545
180,60.7853393554688,-0.0231993398977699
181.25,60.7853393554688,-0.021784763933843
182.5,60.7853393554688,-0.0227368053586997
183.75,60.7853393554688,-0.0252090109530069
185,60.7853393554688,-0.0279905055955745
186.25,60.7853393554688,-0.028038580394909
187.5,60.7853393554688,-0.0225878647314487
188.75,60.7853393554688,-0.0146045155099981
190,60.7853393554688,-0.010399102899771
191.25,60.7853393554688,-0.0107659366166936
192.5,60.7853393554688,-0.0132536807387788
193.75,60.7853393554688,-0.0138573290492222
195,60.7853393554688,-0.0125017993541822
212.5,60.7853393554688,-0.0050957813964953
213.75,60.7853393554688,-0.00712043420724861
215,60.7853393554688,-0.0117373471611622
216.25,60.7853393554688,-0.0153283978829986
160,61.7277526855469,0.0138300553297445
173.75,61.7277526855469,-0.0333156039447913
175,61.7277526855469,-0.0365835385885366
176.25,61.7277526855469,-0.0396336855848077
177.5,61.7277526855469,-0.0446115515702244
178.75,61.7277526855469,-0.0456100281997655
180,61.7277526855469,-0.0470092782910598
181.25,61.7277526855469,-0.0384697443114052
182.5,61.7277526855469,-0.0306132679890252
183.75,61.7277526855469,-0.03034754225792
185,61.7277526855469,-0.0283770593730392
186.25,61.7277526855469,-0.0244075262159297
187.5,61.7277526855469,-0.0164417106120843
188.75,61.7277526855469,-0.00873569599754205
190,61.7277526855469,-0.00663692920287161
191.25,61.7277526855469,-0.01113123762816
192.5,61.7277526855469,-0.0159327631597928
193.75,61.7277526855469,-0.0139360092691237
195,61.7277526855469,-0.0107751104067486
175,62.6701507568359,-0.0391651566309295
176.25,62.6701507568359,-0.0407121574223419
177.5,62.6701507568359,-0.038962418127027
178.75,62.6701507568359,-0.0339520047654684
180,62.6701507568359,-0.0417477266720342
181.25,62.6701507568359,-0.0429007414072845
182.5,62.6701507568359,-0.0323580826130365
183.75,62.6701507568359,-0.0241646745858724
185,62.6701507568359,-0.0183806050284348
186.25,62.6701507568359,-0.0133745334414973
187.5,62.6701507568359,-0.00873977618406922
188.75,62.6701507568359,-0.00509752876351442
190,62.6701507568359,-0.00387953732643801
191.25,62.6701507568359,-0.00737261917845502
192.5,62.6701507568359,-0.0123783889101151
193.75,62.6701507568359,-0.00916665750131732
195,62.6701507568359,-0.00575096780009624
196.25,62.6701507568359,0.0144715304696067
197.5,62.6701507568359,0.0144715355741725
178.75,63.6125640869141,-0.0153705186854205
180,63.6125640869141,-0.0169808876454745
181.25,63.6125640869141,-0.0201569919208993
182.5,63.6125640869141,-0.0189113715596903
183.75,63.6125640869141,-0.0115367103706915
185,63.6125640869141,-0.00781701163149055
186.25,63.6125640869141,-0.00683957915900813
187.5,63.6125640869141,-0.00559358865471006
188.75,63.6125640869141,-0.00276522868349603
190,63.6125640869141,0.00270552775358995
191.25,63.6125640869141,0.0023206689364937
192.5,63.6125640869141,-0.00366144527679791
193.75,63.6125640869141,3.6382997132264e-05
195,63.6125640869141,0.00917552736810779
196.25,63.6125640869141,0.0125518294050936
197.5,63.6125640869141,0.0140333358868714
178.75,64.5549774169922,-0.0169733593659433
180,64.5549774169922,-0.0176748630226203
181.25,64.5549774169922,-0.0180438002353056
182.5,64.5549774169922,-0.0181338322938069
183.75,64.5549774169922,-0.0152518357385439
185,64.5549774169922,-0.0080740839041586
186.25,64.5549774169922,-0.00474913531752737
187.5,64.5549774169922,-0.00374355802655383
188.75,64.5549774169922,0.000594116317526941
190,64.5549774169922,0.00621232028032828
191.25,64.5549774169922,0.00872881555935681
192.5,64.5549774169922,0.00544025935933541
193.75,64.5549774169922,0.0074849695503629
195,64.5549774169922,0.0112325585459041
196.25,64.5549774169922,0.0125636847196806
197.5,64.5549774169922,0.0135738943692713
180,65.4973907470703,-0.0170245926935669
181.25,65.4973907470703,-0.0194686412843206
182.5,65.4973907470703,-0.0216609943612826
183.75,65.4973907470703,-0.0234700782677614
185,65.4973907470703,-0.0237884928385887
188.75,65.4973907470703,0.00437654086752998
190,65.4973907470703,0.00933768605070044
191.25,65.4973907470703,0.0119424517356199
192.5,65.4973907470703,0.0109317283298682
193.75,65.4973907470703,0.0107254988600164
