"lon","lat","beta"
160,20.2617797851562,0.031546160736953
161.25,20.2617797851562,0.0317086775122644
162.5,20.2617797851562,0.0309072666962628
163.75,20.2617797851562,0.0292384299245698
165,20.2617797851562,0.0270390024379839
166.25,20.2617797851562,0.0243484354644817
167.5,20.2617797851562,0.0210135219638869
168.75,20.2617797851562,0.0178151810611793
170,20.2617797851562,0.0154954813033323
171.25,20.2617797851562,0.0141323979022923
172.5,20.2617797851562,0.0141130983144746
173.75,20.2617797851562,0.0152582790050915
175,20.2617797851562,0.0160261029661927
176.25,20.2617797851562,0.0155246446551884
177.5,20.2617797851562,0.0146539945672436
178.75,20.2617797851562,0.0139955906218645
180,20.2617797851562,0.0136028258419486
181.25,20.2617797851562,0.0122369212734305
182.5,20.2617797851562,0.0107229695602319
183.75,20.2617797851562,0.00799872472918977
185,20.2617797851562,0.00422575177927217
186.25,20.2617797851562,0.000613014553241072
187.5,20.2617797851562,-0.00182126756064212
188.75,20.2617797851562,-0.00286537122955822
190,20.2617797851562,-0.00244999088277315
191.25,20.2617797851562,-0.00143657357805871
192.5,20.2617797851562,-0.00223910565692712
193.75,20.2617797851562,-0.00350757876026731
195,20.2617797851562,-0.00339588437205091
196.25,20.2617797851562,-0.00167733407252728
197.5,20.2617797851562,0.00147363485869152
198.75,20.2617797851562,0.00533475613720683
200,20.2617797851562,0.00957422855819712
201.25,20.2617797851562,0.0129270339575223
202.5,20.2617797851562,0.0132745566391391
203.75,20.2617797851562,0.0148374898657415
205,20.2617797851562,0.0223981399199102
206.25,20.2617797851562,0.039344343817061
207.5,20.2617797851562,0.0478679602509575
208.75,20.2617797851562,0.0497535967738258
210,20.2617797851562,0.0476429579348003
211.25,20.2617797851562,0.0429740086585664
212.5,20.2617797851562,0.0371165872578102
213.75,20.2617797851562,0.0320093559818307
215,20.2617797851562,0.0282204856883015
216.25,20.2617797851562,0.0251851816917775
217.5,20.2617797851562,0.0225405463456602
218.75,20.2617797851562,0.0199901378025097
220,20.2617797851562,0.0173988172285001
221.25,20.2617797851562,0.0140021326974629
222.5,20.2617797851562,0.0100103575717466
223.75,20.2617797851562,0.0064328421352333
225,20.2617797851562,0.00406589405241752
226.25,20.2617797851562,0.00399268022326055
227.5,20.2617797851562,0.00648684158645505
228.75,20.2617797851562,0.0122400064780212
230,20.2617797851562,0.0189785070703813
231.25,20.2617797851562,0.0250254565643098
232.5,20.2617797851562,0.0294008318245395
233.75,20.2617797851562,0.0323463891276705
235,20.2617797851562,0.0348065345767377
236.25,20.2617797851562,0.0353782082017043
237.5,20.2617797851562,0.0310745967319352
238.75,20.2617797851562,0.0240926967686021
240,20.2617797851562,0.0161803255183438
241.25,20.2617797851562,0.00875898265411257
242.5,20.2617797851562,0.00317940095685295
243.75,20.2617797851562,0.000903876802607479
245,20.2617797851562,0.00459316259310432
246.25,20.2617797851562,0.0131954494860557
247.5,20.2617797851562,0.0203582665215288
248.75,20.2617797851562,0.0256030158065398
250,20.2617797851562,0.0298024360773178
160,21.2041854858398,0.0281596004837431
161.25,21.2041854858398,0.0288302983718922
162.5,21.2041854858398,0.0294468340071841
163.75,21.2041854858398,0.0292526699433992
165,21.2041854858398,0.0280585914193658
166.25,21.2041854858398,0.0259110614560132
167.5,21.2041854858398,0.0230411407631432
168.75,21.2041854858398,0.0198553552155035
170,21.2041854858398,0.0169179815350567
171.25,21.2041854858398,0.014972891005222
172.5,21.2041854858398,0.0141711261889867
173.75,21.2041854858398,0.0144183539801015
175,21.2041854858398,0.0147872489903203
176.25,21.2041854858398,0.0146752947420562
177.5,21.2041854858398,0.014751262537496
178.75,21.2041854858398,0.0147834193954489
180,21.2041854858398,0.0151878965220703
181.25,21.2041854858398,0.0153606104222194
182.5,21.2041854858398,0.0147440105007821
183.75,21.2041854858398,0.0125398274769127
185,21.2041854858398,0.00820173999658689
186.25,21.2041854858398,0.0031067528992071
187.5,21.2041854858398,-0.00134781040156888
188.75,21.2041854858398,-0.00388583814919636
190,21.2041854858398,-0.0041065400038381
191.25,21.2041854858398,-0.00299863942050435
192.5,21.2041854858398,-0.00342902256925826
193.75,21.2041854858398,-0.00565781564226138
195,21.2041854858398,-0.00708348187159939
196.25,21.2041854858398,-0.00602583041386729
197.5,21.2041854858398,-0.00277450118619911
198.75,21.2041854858398,0.00125578363717457
200,21.2041854858398,0.00546782607183405
201.25,21.2041854858398,0.00841729460457743
202.5,21.2041854858398,0.0092586467500516
203.75,21.2041854858398,0.012376569624536
205,21.2041854858398,0.0208339004176298
206.25,21.2041854858398,0.0325554300611284
207.5,21.2041854858398,0.0414290775791848
208.75,21.2041854858398,0.0458252722918753
210,21.2041854858398,0.0465524414914255
211.25,21.2041854858398,0.0447724668989428
212.5,21.2041854858398,0.0408859231434135
213.75,21.2041854858398,0.0359923718559536
215,21.2041854858398,0.0312040666265075
216.25,21.2041854858398,0.0276089382561336
217.5,21.2041854858398,0.023821026076591
218.75,21.2041854858398,0.0198639140868993
220,21.2041854858398,0.0166256417655531
221.25,21.2041854858398,0.0136966782497584
222.5,21.2041854858398,0.0106145657466366
223.75,21.2041854858398,0.00740493872860189
225,21.2041854858398,0.00465708679052497
226.25,21.2041854858398,0.00379305131166664
227.5,21.2041854858398,0.00516437144607559
228.75,21.2041854858398,0.00986237950550397
230,21.2041854858398,0.0165164428094163
231.25,21.2041854858398,0.0231078482273975
232.5,21.2041854858398,0.0281039645346269
233.75,21.2041854858398,0.0322269426180905
235,21.2041854858398,0.0363039100316827
236.25,21.2041854858398,0.0385512526912276
237.5,21.2041854858398,0.0345644565756997
238.75,21.2041854858398,0.0266495509785521
240,21.2041854858398,0.0182092769498322
241.25,21.2041854858398,0.0112952284763784
242.5,21.2041854858398,0.00576671960267768
243.75,21.2041854858398,0.00247748068512908
245,21.2041854858398,0.00645519144028708
246.25,21.2041854858398,0.0144022281455851
247.5,21.2041854858398,0.0198705379409503
248.75,21.2041854858398,0.0237000664240066
250,21.2041854858398,0.0289479434093608
160,22.146598815918,0.0248143633750969
161.25,22.146598815918,0.0250481050229999
162.5,22.146598815918,0.025806545386351
163.75,22.146598815918,0.0265850824292501
165,22.146598815918,0.0265402486512425
166.25,22.146598815918,0.0254962903834399
167.5,22.146598815918,0.0238138211716005
168.75,22.146598815918,0.0216178525815819
170,22.146598815918,0.0189371281347348
171.25,22.146598815918,0.0170846501644361
172.5,22.146598815918,0.0158395554290654
173.75,22.146598815918,0.015177909013343
175,22.146598815918,0.0149193088637637
176.25,22.146598815918,0.0149247441131281
177.5,22.146598815918,0.0153172709122733
178.75,22.146598815918,0.0158046972334065
180,22.146598815918,0.016788848661801
181.25,22.146598815918,0.0178465368982282
182.5,22.146598815918,0.0178719612415729
183.75,22.146598815918,0.016038706937109
185,22.146598815918,0.0118701458093381
186.25,22.146598815918,0.0063568058558675
187.5,22.146598815918,0.000883305457861574
188.75,22.146598815918,-0.00288202278476744
190,22.146598815918,-0.00418540500479663
191.25,22.146598815918,-0.00329163951253238
192.5,22.146598815918,-0.00277397194219309
193.75,22.146598815918,-0.00505096220615615
195,22.146598815918,-0.00765892458032149
196.25,22.146598815918,-0.00756906075486964
197.5,22.146598815918,-0.00448673605207635
198.75,22.146598815918,-0.00037485536362358
200,22.146598815918,0.00353895186288778
201.25,22.146598815918,0.00656041373734465
202.5,22.146598815918,0.00902286648726232
203.75,22.146598815918,0.0134042468152688
205,22.146598815918,0.0199413200622491
206.25,22.146598815918,0.0273240910758883
207.5,22.146598815918,0.0346207056880758
208.75,22.146598815918,0.0403140843109859
210,22.146598815918,0.0433535872573833
211.25,22.146598815918,0.04374741205837
212.5,22.146598815918,0.0417553626103916
213.75,22.146598815918,0.0376678969531758
215,22.146598815918,0.0322407882209073
216.25,22.146598815918,0.0280881784207598
217.5,22.146598815918,0.0236920851261652
218.75,22.146598815918,0.0191446896304953
220,22.146598815918,0.0152308563318239
221.25,22.146598815918,0.011944480807286
222.5,22.146598815918,0.00917276772683713
223.75,22.146598815918,0.00680058157750401
225,22.146598815918,0.00468602187972539
226.25,22.146598815918,0.00333987852405647
227.5,22.146598815918,0.00411029073961341
228.75,22.146598815918,0.00743159517083425
230,22.146598815918,0.0121521100026405
231.25,22.146598815918,0.0176794231161467
232.5,22.146598815918,0.0226504899731905
233.75,22.146598815918,0.0276865250740123
235,22.146598815918,0.0333039223301101
236.25,22.146598815918,0.036397485296536
237.5,22.146598815918,0.0321160163656704
238.75,22.146598815918,0.0228279731160166
240,22.146598815918,0.0132357567691391
241.25,22.146598815918,0.00601697060359339
242.5,22.146598815918,0.000393139229199817
243.75,22.146598815918,-0.00265602206098048
245,22.146598815918,0.00116674165178069
246.25,22.146598815918,0.00873893129225997
247.5,22.146598815918,0.0147279800015448
248.75,22.146598815918,0.0180620516065176
250,22.146598815918,0.0251680258277608
160,23.0890045166016,0.0214228918372035
161.25,23.0890045166016,0.0214284144820586
162.5,23.0890045166016,0.0218625365780953
163.75,23.0890045166016,0.0227051768719027
165,23.0890045166016,0.0229542178617275
166.25,23.0890045166016,0.0226258682890719
167.5,23.0890045166016,0.0221806538508551
168.75,23.0890045166016,0.0211391977698
170,23.0890045166016,0.0193085821237729
171.25,23.0890045166016,0.0177890576916798
172.5,23.0890045166016,0.0166416989381355
173.75,23.0890045166016,0.0157843710341384
175,23.0890045166016,0.0152247207596606
176.25,23.0890045166016,0.0148852610557377
177.5,23.0890045166016,0.0147614691656831
178.75,23.0890045166016,0.0151486900426074
180,23.0890045166016,0.0158672661453191
181.25,23.0890045166016,0.0169342956127322
182.5,23.0890045166016,0.0179850446502802
183.75,23.0890045166016,0.0174128009066405
185,23.0890045166016,0.0147069920660967
186.25,23.0890045166016,0.0100281728014153
187.5,23.0890045166016,0.00464679535583603
188.75,23.0890045166016,0.000130197042203342
190,23.0890045166016,-0.00222766225719307
191.25,23.0890045166016,-0.00232130025776562
192.5,23.0890045166016,-0.00155438951423028
193.75,23.0890045166016,-0.00267088623035357
195,23.0890045166016,-0.00521065250872034
196.25,23.0890045166016,-0.00668452873061208
197.5,23.0890045166016,-0.00540484820452233
198.75,23.0890045166016,-0.00211058348270075
200,23.0890045166016,0.00124984500721894
201.25,23.0890045166016,0.0042274337827634
202.5,23.0890045166016,0.00676187109861391
203.75,23.0890045166016,0.0103926224493536
205,23.0890045166016,0.0149436605127073
206.25,23.0890045166016,0.0206341712871208
207.5,23.0890045166016,0.0270967835133178
208.75,23.0890045166016,0.0330934260447682
210,23.0890045166016,0.0372502360048077
211.25,23.0890045166016,0.0392209688082662
212.5,23.0890045166016,0.0389707103864504
213.75,23.0890045166016,0.0367968954690278
215,23.0890045166016,0.0324512394914787
216.25,23.0890045166016,0.0278320646781293
217.5,23.0890045166016,0.0230421615487897
218.75,23.0890045166016,0.0183995734302139
220,23.0890045166016,0.0143163640895954
221.25,23.0890045166016,0.0107622780197128
222.5,23.0890045166016,0.00783758082500634
223.75,23.0890045166016,0.00583313811871449
225,23.0890045166016,0.00431794008061413
226.25,23.0890045166016,0.00361616625254259
227.5,23.0890045166016,0.00424780594711713
228.75,23.0890045166016,0.00619615912026618
230,23.0890045166016,0.00897441783593593
231.25,23.0890045166016,0.0125043046719635
232.5,23.0890045166016,0.0165200708227127
233.75,23.0890045166016,0.021257848075919
235,23.0890045166016,0.0266573748208541
236.25,23.0890045166016,0.029590374705048
237.5,23.0890045166016,0.0259981291468717
238.75,23.0890045166016,0.0166525825098331
240,23.0890045166016,0.00669387914815967
241.25,23.0890045166016,-0.000692216708038215
242.5,23.0890045166016,-0.00563491511820133
243.75,23.0890045166016,-0.00800780850178672
245,23.0890045166016,-0.00388178981484474
246.25,23.0890045166016,0.0053882228377853
247.5,23.0890045166016,0.0122253270344959
248.75,23.0890045166016,0.0164246071314434
250,23.0890045166016,0.0253227441011231
160,24.0314178466797,0.0178401596923349
161.25,24.0314178466797,0.018055989797745
162.5,24.0314178466797,0.0182101623629999
163.75,24.0314178466797,0.0185542477336045
165,24.0314178466797,0.018439276017032
166.25,24.0314178466797,0.018006678774662
167.5,24.0314178466797,0.0180569891326172
168.75,24.0314178466797,0.0180567727751825
170,24.0314178466797,0.0174166905462443
171.25,24.0314178466797,0.0166307793459535
172.5,24.0314178466797,0.0158057000552305
173.75,24.0314178466797,0.0149279480995183
175,24.0314178466797,0.014072475620655
176.25,24.0314178466797,0.0134146655890072
177.5,24.0314178466797,0.0129262319406401
178.75,24.0314178466797,0.0127635933620034
180,24.0314178466797,0.0126165861234545
181.25,24.0314178466797,0.0130098082992799
182.5,24.0314178466797,0.0141891361518843
183.75,24.0314178466797,0.0149633833463409
185,24.0314178466797,0.0142853059797301
186.25,24.0314178466797,0.011820443843706
187.5,24.0314178466797,0.00833017979677515
188.75,24.0314178466797,0.00453168660871538
190,24.0314178466797,0.00143720861629774
191.25,24.0314178466797,-0.000200400464104568
192.5,24.0314178466797,-0.000468808808870981
193.75,24.0314178466797,-0.000228909638975772
195,24.0314178466797,-0.000943381090921679
196.25,24.0314178466797,-0.00220522493540082
197.5,24.0314178466797,-0.00288275368703895
198.75,24.0314178466797,-0.00225139969363665
200,24.0314178466797,-0.000688616691616901
201.25,24.0314178466797,0.000908354110953641
202.5,24.0314178466797,0.0023435409264401
203.75,24.0314178466797,0.00432433485315588
205,24.0314178466797,0.00768688214938352
206.25,24.0314178466797,0.0126226304151462
207.5,24.0314178466797,0.0188959695533171
208.75,24.0314178466797,0.0249167189747031
210,24.0314178466797,0.0294785771443719
211.25,24.0314178466797,0.0325467039786616
212.5,24.0314178466797,0.0337629463666585
213.75,24.0314178466797,0.033497952862962
215,24.0314178466797,0.0311338028117767
216.25,24.0314178466797,0.0268957274843298
217.5,24.0314178466797,0.0223307390695034
218.75,24.0314178466797,0.0177960991518573
220,24.0314178466797,0.0139579387402198
221.25,24.0314178466797,0.010792110113224
222.5,24.0314178466797,0.00802931936837098
223.75,24.0314178466797,0.00587492248954263
225,24.0314178466797,0.00461268522457196
226.25,24.0314178466797,0.00439530563866452
227.5,24.0314178466797,0.00525672879703905
228.75,24.0314178466797,0.00674712270355791
230,24.0314178466797,0.00779149891363004
231.25,24.0314178466797,0.0093626418570841
232.5,24.0314178466797,0.0120008049420502
233.75,24.0314178466797,0.0160754250347411
235,24.0314178466797,0.0207799394473202
236.25,24.0314178466797,0.0231071965434694
237.5,24.0314178466797,0.0204826523242414
238.75,24.0314178466797,0.0126377693938795
240,24.0314178466797,0.00325306449252604
241.25,24.0314178466797,-0.00365050198931815
242.5,24.0314178466797,-0.00768481942338083
243.75,24.0314178466797,-0.0095411517410139
245,24.0314178466797,-0.00461771193607425
246.25,24.0314178466797,0.00416208008453692
247.5,24.0314178466797,0.00977742062259642
248.75,24.0314178466797,0.0159352118840617
250,24.0314178466797,0.0357536990200488
160,24.9738235473633,0.0170515690686946
161.25,24.9738235473633,0.0171216746745319
162.5,24.9738235473633,0.0167472713284732
163.75,24.9738235473633,0.0162740591786432
165,24.9738235473633,0.0155943054680496
166.25,24.9738235473633,0.0147119955493895
167.5,24.9738235473633,0.0141046816773121
168.75,24.9738235473633,0.0139893586344548
170,24.9738235473633,0.0136779280814498
171.25,24.9738235473633,0.0129277995075292
172.5,24.9738235473633,0.0122133255555043
173.75,24.9738235473633,0.0117048071348845
175,24.9738235473633,0.0112275419318252
176.25,24.9738235473633,0.010687741185825
177.5,24.9738235473633,0.00991826743448036
178.75,24.9738235473633,0.00932590294533105
180,24.9738235473633,0.00882424832271221
181.25,24.9738235473633,0.0087131953838849
182.5,24.9738235473633,0.00920666983433118
183.75,24.9738235473633,0.00992999403840939
185,24.9738235473633,0.0102966355804842
186.25,24.9738235473633,0.0095943380946295
187.5,24.9738235473633,0.00815527057132671
188.75,24.9738235473633,0.00608184540873285
190,24.9738235473633,0.00338707463763593
191.25,24.9738235473633,0.00128089080668254
192.5,24.9738235473633,0.00050838405917845
193.75,24.9738235473633,0.00114451667400971
195,24.9738235473633,0.00181170587871247
196.25,24.9738235473633,0.00236338222185737
197.5,24.9738235473633,0.00308026253793345
198.75,24.9738235473633,0.00349922068704725
200,24.9738235473633,0.00316101484437364
201.25,24.9738235473633,0.00212668046533261
202.5,24.9738235473633,0.0012631071496507
203.75,24.9738235473633,0.000463088636394473
205,24.9738235473633,0.00159025211701361
206.25,24.9738235473633,0.00553397872978981
207.5,24.9738235473633,0.0113661514539984
208.75,24.9738235473633,0.0172523035705504
210,24.9738235473633,0.0222303733397216
211.25,24.9738235473633,0.0259501298454918
212.5,24.9738235473633,0.0282227323135537
213.75,24.9738235473633,0.0291877001363011
215,24.9738235473633,0.0282818210835516
216.25,24.9738235473633,0.0249837342672284
217.5,24.9738235473633,0.0209988313757249
218.75,24.9738235473633,0.0169823062112429
220,24.9738235473633,0.0137495428612836
221.25,24.9738235473633,0.0113218015990945
222.5,24.9738235473633,0.00922190076781306
223.75,24.9738235473633,0.00738930058418418
225,24.9738235473633,0.0063226927343059
226.25,24.9738235473633,0.0058683655980721
227.5,24.9738235473633,0.00646712310300481
228.75,24.9738235473633,0.00717997545897747
230,24.9738235473633,0.00692022760828262
231.25,24.9738235473633,0.0070283326388807
232.5,24.9738235473633,0.00848499817618148
233.75,24.9738235473633,0.0115242562698733
235,24.9738235473633,0.015063444457551
236.25,24.9738235473633,0.0168401974693254
237.5,24.9738235473633,0.0157020486220701
238.75,24.9738235473633,0.00961246215216463
240,24.9738235473633,0.00151765384656647
241.25,24.9738235473633,-0.00518194556185188
242.5,24.9738235473633,-0.00879521731733244
243.75,24.9738235473633,-0.00934114537473805
245,24.9738235473633,-0.00463247366362259
246.25,24.9738235473633,0.00225203830517654
247.5,24.9738235473633,0.00661599493960714
248.75,24.9738235473633,0.0170338373185964
250,24.9738235473633,0.0356024750614621
160,25.9162292480469,0.0194467445369696
161.25,25.9162292480469,0.0199386610339036
162.5,25.9162292480469,0.0197418345213926
163.75,25.9162292480469,0.0188569574196606
165,25.9162292480469,0.0172700619566142
166.25,25.9162292480469,0.0152175669893959
167.5,25.9162292480469,0.0133650636820665
168.75,25.9162292480469,0.0120611842647645
170,25.9162292480469,0.0108490446959592
171.25,25.9162292480469,0.00943516171053272
172.5,25.9162292480469,0.00812278093022714
173.75,25.9162292480469,0.00732253706405003
175,25.9162292480469,0.00697648544704256
176.25,25.9162292480469,0.00682516146151768
177.5,25.9162292480469,0.00642777714229784
178.75,25.9162292480469,0.00584406863223141
180,25.9162292480469,0.00511785129203713
181.25,25.9162292480469,0.00459653594801613
182.5,25.9162292480469,0.00477686259524155
183.75,25.9162292480469,0.00534376540454046
185,25.9162292480469,0.00578060864784453
186.25,25.9162292480469,0.00599213634647315
187.5,25.9162292480469,0.0055004189521103
188.75,25.9162292480469,0.00410720155201382
190,25.9162292480469,0.00196673515854674
191.25,25.9162292480469,0.000299062244072444
192.5,25.9162292480469,0.000114890952751784
193.75,25.9162292480469,0.00119374268261093
195,25.9162292480469,0.00266066762545755
196.25,25.9162292480469,0.0041255823198497
197.5,25.9162292480469,0.00562467394824795
198.75,25.9162292480469,0.0071036650474786
200,25.9162292480469,0.00835493826968512
201.25,25.9162292480469,0.00843542721960852
202.5,25.9162292480469,0.00696288535469176
203.75,25.9162292480469,0.00416253536958739
205,25.9162292480469,0.00287152622607352
206.25,25.9162292480469,0.00335798920889605
207.5,25.9162292480469,0.00694798135824789
208.75,25.9162292480469,0.0123132355353977
210,25.9162292480469,0.0173823671726466
211.25,25.9162292480469,0.0214352828540867
212.5,25.9162292480469,0.0241160214300193
213.75,25.9162292480469,0.0253641329125628
215,25.9162292480469,0.0250991085902746
216.25,25.9162292480469,0.0232424541934729
217.5,25.9162292480469,0.0198875734904965
218.75,25.9162292480469,0.0163154690562215
220,25.9162292480469,0.0136668375998477
221.25,25.9162292480469,0.0118899083304964
222.5,25.9162292480469,0.0103350075006458
223.75,25.9162292480469,0.00896928788646492
225,25.9162292480469,0.00795100434778999
226.25,25.9162292480469,0.00700188809299269
227.5,25.9162292480469,0.00678581835637412
228.75,25.9162292480469,0.00634491303690231
230,25.9162292480469,0.00531623349159068
231.25,25.9162292480469,0.00462754151499713
232.5,25.9162292480469,0.00519882766771455
233.75,25.9162292480469,0.0070505753311472
235,25.9162292480469,0.00931382823000215
236.25,25.9162292480469,0.0106290304593476
237.5,25.9162292480469,0.0099827925096832
238.75,25.9162292480469,0.00569466024915365
240,25.9162292480469,-0.00122582591904025
241.25,25.9162292480469,-0.00785459687452185
242.5,25.9162292480469,-0.0110514897153023
243.75,25.9162292480469,-0.0101442371969269
245,25.9162292480469,-0.00606735294462787
246.25,25.9162292480469,-0.00111371604005465
247.5,25.9162292480469,0.00295941096071541
248.75,25.9162292480469,0.0348358053433102
250,25.9162292480469,0.0337653901779395
160,26.858642578125,0.0202806366571655
161.25,26.858642578125,0.0210104816911707
162.5,26.858642578125,0.0223598201967339
163.75,26.858642578125,0.0232095297880311
165,26.858642578125,0.0225508483544243
166.25,26.858642578125,0.0200912030142297
167.5,26.858642578125,0.016858465918857
168.75,26.858642578125,0.0140980438542224
170,26.858642578125,0.0115820905276552
171.25,26.858642578125,0.0094896356447756
172.5,26.858642578125,0.00733113718111836
173.75,26.858642578125,0.00576860188517122
175,26.858642578125,0.00500694588710626
176.25,26.858642578125,0.00463050969160553
177.5,26.858642578125,0.0040568028318366
178.75,26.858642578125,0.00304703316013716
180,26.858642578125,0.00169946141466015
181.25,26.858642578125,0.000723366638715122
182.5,26.858642578125,0.000593748451888527
183.75,26.858642578125,0.00128000833992791
185,26.858642578125,0.00180064016200141
186.25,26.858642578125,0.00217686976584111
187.5,26.858642578125,0.00179375890681
188.75,26.858642578125,0.00027764306456896
190,26.858642578125,-0.00182932725318797
191.25,26.858642578125,-0.00296684722656868
192.5,26.858642578125,-0.00206295316056939
193.75,26.858642578125,0.000474855884330982
195,26.858642578125,0.00278348107640283
196.25,26.858642578125,0.0049377275387866
197.5,26.858642578125,0.00668210837663358
198.75,26.858642578125,0.00799168094283536
200,26.858642578125,0.00976491480116993
201.25,26.858642578125,0.0115777082453959
202.5,26.858642578125,0.0122128060787292
203.75,26.858642578125,0.01099516028281
205,26.858642578125,0.00867000947096312
206.25,26.858642578125,0.00663055572140395
207.5,26.858642578125,0.00665940913951716
208.75,26.858642578125,0.00958473345632569
210,26.858642578125,0.013852108683301
211.25,26.858642578125,0.0181488115284753
212.5,26.858642578125,0.0212644304524684
213.75,26.858642578125,0.0223010823195984
215,26.858642578125,0.0218846272638172
216.25,26.858642578125,0.0209128389775905
217.5,26.858642578125,0.0189675147095786
218.75,26.858642578125,0.0164308446738391
220,26.858642578125,0.0142371744600967
221.25,26.858642578125,0.0125137872636753
222.5,26.858642578125,0.0108028655356461
223.75,26.858642578125,0.00950583290882849
225,26.858642578125,0.00867250635170994
226.25,26.858642578125,0.00753113595433044
227.5,26.858642578125,0.00664286800354553
228.75,26.858642578125,0.00541811183462385
230,26.858642578125,0.00390396186535864
231.25,26.858642578125,0.00282677941496428
232.5,26.858642578125,0.00288423184594187
233.75,26.858642578125,0.00382158945278249
235,26.858642578125,0.00514345205849357
236.25,26.858642578125,0.00588312364692705
237.5,26.858642578125,0.00507604670928894
238.75,26.858642578125,0.00115062469437436
240,26.858642578125,-0.00541205816057516
241.25,26.858642578125,-0.0120913538109104
242.5,26.858642578125,-0.0153254049628483
243.75,26.858642578125,-0.0137394189175969
245,26.858642578125,-0.0103274810362028
246.25,26.858642578125,-0.00610895039603866
247.5,26.858642578125,0.0151649808366174
248.75,26.858642578125,0.0321238395488693
250,26.858642578125,0.0312420325731813
160,27.8010482788086,0.017936649233798
161.25,27.8010482788086,0.0180705857747215
162.5,27.8010482788086,0.0189091355060397
163.75,27.8010482788086,0.0208066750380086
165,27.8010482788086,0.0226131326386367
166.25,27.8010482788086,0.0230391865558347
167.5,27.8010482788086,0.0214989333846925
168.75,27.8010482788086,0.0187538706360825
170,27.8010482788086,0.0152139613730505
171.25,27.8010482788086,0.0122478651833652
172.5,27.8010482788086,0.00951905620412871
173.75,27.8010482788086,0.00723822886134156
175,27.8010482788086,0.00598728831839504
176.25,27.8010482788086,0.0052585595568278
177.5,27.8010482788086,0.00406398078133783
178.75,27.8010482788086,0.00186880059484914
180,27.8010482788086,-0.000488311993421631
181.25,27.8010482788086,-0.00219778098982554
182.5,27.8010482788086,-0.00295162823309701
183.75,27.8010482788086,-0.00280551169197917
185,27.8010482788086,-0.00270434959927626
186.25,27.8010482788086,-0.00250644189681544
187.5,27.8010482788086,-0.00294244251543828
188.75,27.8010482788086,-0.00435775313167749
190,27.8010482788086,-0.00605007020601845
191.25,27.8010482788086,-0.00676770883266903
192.5,27.8010482788086,-0.005617302604503
193.75,27.8010482788086,-0.00165740056678289
195,27.8010482788086,0.00198201442736305
196.25,27.8010482788086,0.00476747042888074
197.5,27.8010482788086,0.00696886225482184
198.75,27.8010482788086,0.00862388906450302
200,27.8010482788086,0.010220997299664
201.25,27.8010482788086,0.012274062324557
202.5,27.8010482788086,0.014106446747068
203.75,27.8010482788086,0.0147896936440411
205,27.8010482788086,0.0133109837988953
206.25,27.8010482788086,0.0104960458385989
207.5,27.8010482788086,0.00809617881248918
208.75,27.8010482788086,0.00804799308090193
210,27.8010482788086,0.0105047221559261
211.25,27.8010482788086,0.0139441511461877
212.5,27.8010482788086,0.0171205309420289
213.75,27.8010482788086,0.018867165396997
215,27.8010482788086,0.0187668363372635
216.25,27.8010482788086,0.0184317616002476
217.5,27.8010482788086,0.0177603473307439
218.75,27.8010482788086,0.016567775494996
220,27.8010482788086,0.0150590484510121
221.25,27.8010482788086,0.0134378320645076
222.5,27.8010482788086,0.0116172008923772
223.75,27.8010482788086,0.0100422251153776
225,27.8010482788086,0.00912289656317171
226.25,27.8010482788086,0.00798220586856651
227.5,27.8010482788086,0.00670804899975159
228.75,27.8010482788086,0.00493337175723482
230,27.8010482788086,0.00316347742483635
231.25,27.8010482788086,0.0019724179239094
232.5,27.8010482788086,0.00177661537178145
233.75,27.8010482788086,0.00213221584420592
235,27.8010482788086,0.00277541923676869
236.25,27.8010482788086,0.00278620426789549
237.5,27.8010482788086,0.00132403898772589
238.75,27.8010482788086,-0.00262289513387156
240,27.8010482788086,-0.00944936789337585
241.25,27.8010482788086,-0.0160843728263427
242.5,27.8010482788086,-0.0196750849001897
243.75,27.8010482788086,-0.0189180475426756
245,27.8010482788086,-0.0162739123003078
246.25,27.8010482788086,-0.0144897646074069
247.5,27.8010482788086,0.0240534442932769
248.75,27.8010482788086,0.027247079521616
250,27.8010482788086,0.0280281374940202
160,28.7434539794922,0.0151967163671251
161.25,28.7434539794922,0.0160193161163633
162.5,28.7434539794922,0.0163216896672458
163.75,28.7434539794922,0.0174538149807433
165,28.7434539794922,0.0188563800412438
166.25,28.7434539794922,0.0197641863468989
167.5,28.7434539794922,0.0200057719010891
168.75,28.7434539794922,0.0190964322870423
170,28.7434539794922,0.0168269905184054
171.25,28.7434539794922,0.0139136110482578
172.5,28.7434539794922,0.0107105287192008
173.75,28.7434539794922,0.00799859651753649
175,28.7434539794922,0.00664776118518197
176.25,28.7434539794922,0.00599258055751587
177.5,28.7434539794922,0.00454108725992364
178.75,28.7434539794922,0.00221532279258992
180,28.7434539794922,-0.00017726441524726
181.25,28.7434539794922,-0.00242746066296341
182.5,28.7434539794922,-0.00414545677690704
183.75,28.7434539794922,-0.00546486205209896
185,28.7434539794922,-0.00648545619516031
186.25,28.7434539794922,-0.00680143121072289
187.5,28.7434539794922,-0.00690387769473786
188.75,28.7434539794922,-0.0076701879477956
190,28.7434539794922,-0.00868005881487092
191.25,28.7434539794922,-0.00907694603672187
192.5,28.7434539794922,-0.00824907967497795
193.75,28.7434539794922,-0.0040894764993467
195,28.7434539794922,0.000664017261599709
196.25,28.7434539794922,0.004173422407031
197.5,28.7434539794922,0.00719558204387846
198.75,28.7434539794922,0.00976431053923029
200,28.7434539794922,0.0115234480467438
201.25,28.7434539794922,0.0128607433704211
202.5,28.7434539794922,0.0141255301551868
203.75,28.7434539794922,0.0153149197731095
205,28.7434539794922,0.0150234719134668
206.25,28.7434539794922,0.0124214310616636
207.5,28.7434539794922,0.00936602517483998
208.75,28.7434539794922,0.00717804652093746
210,28.7434539794922,0.00701056482344499
211.25,28.7434539794922,0.00866834459029433
212.5,28.7434539794922,0.0113623229805416
213.75,28.7434539794922,0.013790799376272
215,28.7434539794922,0.0148044262291338
216.25,28.7434539794922,0.0151952493066649
217.5,28.7434539794922,0.0156915623645408
218.75,28.7434539794922,0.0159555168969817
220,28.7434539794922,0.0155102834350001
221.25,28.7434539794922,0.0142907010044365
222.5,28.7434539794922,0.0126857205192025
223.75,28.7434539794922,0.0109677854391967
225,28.7434539794922,0.00967835894511545
226.25,28.7434539794922,0.00822481996880312
227.5,28.7434539794922,0.00699460377735364
228.75,28.7434539794922,0.00469530320626842
230,28.7434539794922,0.00247180807354555
231.25,28.7434539794922,0.000749950813506217
232.5,28.7434539794922,-0.000126001219563694
233.75,28.7434539794922,-0.000267916882446757
235,28.7434539794922,0.000360208943693395
236.25,28.7434539794922,0.00044949324049109
237.5,28.7434539794922,-0.0012884969188542
238.75,28.7434539794922,-0.00523947818844845
240,28.7434539794922,-0.0125139922170998
241.25,28.7434539794922,-0.0188287058966777
242.5,28.7434539794922,-0.0220580760110858
243.75,28.7434539794922,-0.0223691963473487
245,28.7434539794922,-0.0199848016158375
246.25,28.7434539794922,-0.0146032965285665
160,29.6858673095703,0.013867486187398
161.25,29.6858673095703,0.0148518642519547
162.5,29.6858673095703,0.0155094934831025
163.75,29.6858673095703,0.0161606851798129
165,29.6858673095703,0.0161781926401005
166.25,29.6858673095703,0.0155858192737115
167.5,29.6858673095703,0.0150670052743368
168.75,29.6858673095703,0.0147552752512313
170,29.6858673095703,0.014276727488124
171.25,29.6858673095703,0.0125172457303671
172.5,29.6858673095703,0.00967630321486979
173.75,29.6858673095703,0.00681792076116507
175,29.6858673095703,0.00496707768645641
176.25,29.6858673095703,0.00440952433050064
177.5,29.6858673095703,0.00360078920829814
178.75,29.6858673095703,0.00199955871890441
180,29.6858673095703,0.000383857854372547
181.25,29.6858673095703,-0.0014061457120387
182.5,29.6858673095703,-0.00345966478690759
183.75,29.6858673095703,-0.00576592793122957
185,29.6858673095703,-0.00750130339844604
186.25,29.6858673095703,-0.00810548364810368
187.5,29.6858673095703,-0.00822861038832702
188.75,29.6858673095703,-0.00899943754737509
190,29.6858673095703,-0.0100840904951589
191.25,29.6858673095703,-0.0104471435925126
192.5,29.6858673095703,-0.00942710916241907
193.75,29.6858673095703,-0.00615322380355845
195,29.6858673095703,-0.00163673588601241
196.25,29.6858673095703,0.0028631393224116
197.5,29.6858673095703,0.0073007729507624
198.75,29.6858673095703,0.0111535138408821
200,29.6858673095703,0.0136116639231392
201.25,29.6858673095703,0.014405870932597
202.5,29.6858673095703,0.014452942488542
203.75,29.6858673095703,0.0147184128200641
205,29.6858673095703,0.0144916478631397
206.25,29.6858673095703,0.0124901826478085
207.5,29.6858673095703,0.00961205506839749
208.75,29.6858673095703,0.00653613642358114
210,29.6858673095703,0.00440522515953188
211.25,29.6858673095703,0.00382546564749472
212.5,29.6858673095703,0.00494494848804499
213.75,29.6858673095703,0.00712043919133483
215,29.6858673095703,0.00900205433731761
216.25,29.6858673095703,0.0103747371496296
217.5,29.6858673095703,0.0117582991523174
218.75,29.6858673095703,0.0132212493868225
220,29.6858673095703,0.0142521545007756
221.25,29.6858673095703,0.0140355530359442
222.5,29.6858673095703,0.0130365170660667
223.75,29.6858673095703,0.0115439645084656
225,29.6858673095703,0.0100942293494526
226.25,29.6858673095703,0.00879437178144715
227.5,29.6858673095703,0.00758080958207773
228.75,29.6858673095703,0.00536564503359866
230,29.6858673095703,0.00269409122079697
231.25,29.6858673095703,-0.000126784906372513
232.5,29.6858673095703,-0.00253142045798154
233.75,29.6858673095703,-0.00375096388728795
235,29.6858673095703,-0.00324844502465486
236.25,29.6858673095703,-0.00267469287076597
237.5,29.6858673095703,-0.00403343817879222
238.75,29.6858673095703,-0.00746273534373311
240,29.6858673095703,-0.0146861359104
241.25,29.6858673095703,-0.0206248131499827
242.5,29.6858673095703,-0.0237160040716529
243.75,29.6858673095703,-0.024313064632219
245,29.6858673095703,-0.023414698959179
160,30.6282730102539,0.0129594331474872
161.25,30.6282730102539,0.0130187380255885
162.5,30.6282730102539,0.013694220792594
163.75,30.6282730102539,0.0148203387258091
165,30.6282730102539,0.0149417928579099
166.25,30.6282730102539,0.0135213122249703
167.5,30.6282730102539,0.0115093549960091
168.75,30.6282730102539,0.0101954660528284
170,30.6282730102539,0.0100039527654326
171.25,30.6282730102539,0.00914591335106186
172.5,30.6282730102539,0.00709487275690255
173.75,30.6282730102539,0.00431070307962452
175,30.6282730102539,0.0016761519900733
176.25,30.6282730102539,0.000812276526857321
177.5,30.6282730102539,0.000653066004147514
178.75,30.6282730102539,0.000157301024429455
180,30.6282730102539,-0.000337425745028693
181.25,30.6282730102539,-0.00115904719960728
182.5,30.6282730102539,-0.00323206656224612
183.75,30.6282730102539,-0.00603803542939159
185,30.6282730102539,-0.00849126503676817
186.25,30.6282730102539,-0.00953281768425232
187.5,30.6282730102539,-0.0100182326733289
188.75,30.6282730102539,-0.0109607654851862
190,30.6282730102539,-0.012193969433854
191.25,30.6282730102539,-0.0128197601910293
192.5,30.6282730102539,-0.0117200723601622
193.75,30.6282730102539,-0.00877903812603207
195,30.6282730102539,-0.00452989602521607
196.25,30.6282730102539,0.000500439936342768
197.5,30.6282730102539,0.00623414836669445
198.75,30.6282730102539,0.0114558785715266
200,30.6282730102539,0.0150209553416946
201.25,30.6282730102539,0.0161423219173833
202.5,30.6282730102539,0.0153612061576537
203.75,30.6282730102539,0.0141790560287296
205,30.6282730102539,0.0129498112963473
206.25,30.6282730102539,0.0111960448514411
207.5,30.6282730102539,0.00848017912069544
208.75,30.6282730102539,0.00503356714149932
210,30.6282730102539,0.00219880841376181
211.25,30.6282730102539,0.000533353952025783
212.5,30.6282730102539,0.000640064336816198
213.75,30.6282730102539,0.00242274059239381
215,30.6282730102539,0.00465882230790779
216.25,30.6282730102539,0.00667565014734901
217.5,30.6282730102539,0.00818708261573079
218.75,30.6282730102539,0.00952827297470163
220,30.6282730102539,0.0110422416986128
221.25,30.6282730102539,0.0118536189520117
222.5,30.6282730102539,0.0116095228202878
223.75,30.6282730102539,0.0107000300768523
225,30.6282730102539,0.00981875633760389
226.25,30.6282730102539,0.00932049092864722
227.5,30.6282730102539,0.00870521318501911
228.75,30.6282730102539,0.00672595973443582
230,30.6282730102539,0.00376963416989358
231.25,30.6282730102539,0.000347956254594778
232.5,30.6282730102539,-0.00380751654669628
233.75,30.6282730102539,-0.0068662105980101
235,30.6282730102539,-0.00726408145395202
236.25,30.6282730102539,-0.00695786488626973
237.5,30.6282730102539,-0.00779148979164867
238.75,30.6282730102539,-0.0103559909765475
240,30.6282730102539,-0.0164257647265442
241.25,30.6282730102539,-0.0222533477490414
242.5,30.6282730102539,-0.0252849070218874
243.75,30.6282730102539,-0.0264623566846206
160,31.5706787109375,0.0134919448833718
161.25,31.5706787109375,0.00960985512899498
162.5,31.5706787109375,0.00854765645750496
163.75,31.5706787109375,0.00965019291248418
165,31.5706787109375,0.0109741622673509
166.25,31.5706787109375,0.0108925245248904
167.5,31.5706787109375,0.00913139701805001
168.75,31.5706787109375,0.00685372415540821
170,31.5706787109375,0.00535168843169128
171.25,31.5706787109375,0.00457848397250161
172.5,31.5706787109375,0.00373985812994899
173.75,31.5706787109375,0.00186366845131828
175,31.5706787109375,-0.000609488585885282
176.25,31.5706787109375,-0.00177812255380173
177.5,31.5706787109375,-0.00193834160244855
178.75,31.5706787109375,-0.00202776924225307
180,31.5706787109375,-0.0019634548988359
181.25,31.5706787109375,-0.00271836032985266
182.5,31.5706787109375,-0.00462418769988097
183.75,31.5706787109375,-0.00680120891744126
185,31.5706787109375,-0.00935867096453532
186.25,31.5706787109375,-0.0109606772489022
187.5,31.5706787109375,-0.012294362648025
188.75,31.5706787109375,-0.0138503343521512
190,31.5706787109375,-0.0152604231659136
191.25,31.5706787109375,-0.0160439381502653
192.5,31.5706787109375,-0.0151654223886048
193.75,31.5706787109375,-0.0122823866730505
195,31.5706787109375,-0.00765844417215902
196.25,31.5706787109375,-0.00225913070803488
197.5,31.5706787109375,0.00402142897225581
198.75,31.5706787109375,0.00995448495228192
200,31.5706787109375,0.0140684413881991
201.25,31.5706787109375,0.0153993834532523
202.5,31.5706787109375,0.0144903657895713
203.75,31.5706787109375,0.0129124897023065
205,31.5706787109375,0.0112737923216648
206.25,31.5706787109375,0.0094242365090315
207.5,31.5706787109375,0.00647499580198425
208.75,31.5706787109375,0.00273578439562246
210,31.5706787109375,-0.000290806238186467
211.25,31.5706787109375,-0.00200680684988248
212.5,31.5706787109375,-0.00193717295145405
213.75,31.5706787109375,-9.52857110001881e-05
215,31.5706787109375,0.00255539489991301
216.25,31.5706787109375,0.00511855553606002
217.5,31.5706787109375,0.00698505941345423
218.75,31.5706787109375,0.00806775668176306
220,31.5706787109375,0.00929349641529126
221.25,31.5706787109375,0.0101385557401158
222.5,31.5706787109375,0.00978866999130355
223.75,31.5706787109375,0.00885063815395715
225,31.5706787109375,0.00856273899174288
226.25,31.5706787109375,0.00932986852423612
227.5,31.5706787109375,0.00970333269908952
228.75,31.5706787109375,0.00814855181622134
230,31.5706787109375,0.00503503071470338
231.25,31.5706787109375,0.00136105145319064
232.5,31.5706787109375,-0.00395908334898187
233.75,31.5706787109375,-0.00897475770382542
235,31.5706787109375,-0.0110023942976759
236.25,31.5706787109375,-0.0114965100977609
237.5,31.5706787109375,-0.0123476164074942
238.75,31.5706787109375,-0.0138373681393944
240,31.5706787109375,-0.0180625611336852
241.25,31.5706787109375,-0.023136638308089
242.5,31.5706787109375,-0.0256368231236154
243.75,31.5706787109375,-0.0272274241644344
160,32.5130920410156,0.0193179174927863
161.25,32.5130920410156,0.0120264640022748
162.5,32.5130920410156,0.00692040332734298
163.75,32.5130920410156,0.00523744609914986
165,32.5130920410156,0.00544970879987111
166.25,32.5130920410156,0.00605118993795636
167.5,32.5130920410156,0.00582314723130364
168.75,32.5130920410156,0.00443982793442507
170,32.5130920410156,0.00276600026839788
171.25,32.5130920410156,0.0012237403912968
172.5,32.5130920410156,-0.000111574489342664
173.75,32.5130920410156,-0.00143034697645993
175,32.5130920410156,-0.00278878951103356
176.25,32.5130920410156,-0.00366101489810211
177.5,32.5130920410156,-0.00398003900531122
178.75,32.5130920410156,-0.0043349797216627
180,32.5130920410156,-0.00505436632140032
181.25,32.5130920410156,-0.00618711007426079
182.5,32.5130920410156,-0.00730249583507701
183.75,32.5130920410156,-0.0083864879378492
185,32.5130920410156,-0.010143620142255
186.25,32.5130920410156,-0.0116174954780786
187.5,32.5130920410156,-0.0131880372000868
188.75,32.5130920410156,-0.015086608492852
190,32.5130920410156,-0.0169994426575061
191.25,32.5130920410156,-0.0183099572710693
192.5,32.5130920410156,-0.0178909340064499
193.75,32.5130920410156,-0.0153674891041355
195,32.5130920410156,-0.0103640582064753
196.25,32.5130920410156,-0.00454471540163266
197.5,32.5130920410156,0.00197812329348062
198.75,32.5130920410156,0.00789704854916898
200,32.5130920410156,0.0115872231690145
201.25,32.5130920410156,0.0126024192134635
202.5,32.5130920410156,0.0118403449919015
203.75,32.5130920410156,0.0107038083708749
205,32.5130920410156,0.00928461579711608
206.25,32.5130920410156,0.00735868794880928
207.5,32.5130920410156,0.0043251124844432
208.75,32.5130920410156,0.000569526427927497
210,32.5130920410156,-0.00278383933311665
211.25,32.5130920410156,-0.00422116176062572
212.5,32.5130920410156,-0.00355634979167691
213.75,32.5130920410156,-0.0013629824707952
215,32.5130920410156,0.00171681391406819
216.25,32.5130920410156,0.0047260436203577
217.5,32.5130920410156,0.00695147594754779
218.75,32.5130920410156,0.00817217716373825
220,32.5130920410156,0.0091992603104971
221.25,32.5130920410156,0.00994530585312227
222.5,32.5130920410156,0.00953773450053694
223.75,32.5130920410156,0.00839929903900063
225,32.5130920410156,0.00789346409645306
226.25,32.5130920410156,0.00870061256777732
227.5,32.5130920410156,0.00946039766245283
228.75,32.5130920410156,0.00843698586077889
230,32.5130920410156,0.00529461507730618
231.25,32.5130920410156,0.00168188412545098
232.5,32.5130920410156,-0.00386551507946775
233.75,32.5130920410156,-0.00992768946963478
235,32.5130920410156,-0.0134756610954096
236.25,32.5130920410156,-0.0148844773231587
237.5,32.5130920410156,-0.0154263531517402
238.75,32.5130920410156,-0.016457959264339
240,32.5130920410156,-0.0202052579313127
241.25,32.5130920410156,-0.0239961844393355
242.5,32.5130920410156,-0.0255721036063026
160,33.4554977416992,0.0267966172466408
161.25,33.4554977416992,0.019496261390202
162.5,33.4554977416992,0.0123760625510792
163.75,33.4554977416992,0.00735052278896985
165,33.4554977416992,0.00493245719580372
166.25,33.4554977416992,0.00469430850010928
167.5,33.4554977416992,0.0047631198588883
168.75,33.4554977416992,0.00374228443469319
170,33.4554977416992,0.00225343675605633
171.25,33.4554977416992,0.000676048411251388
172.5,33.4554977416992,-0.0011308253814175
173.75,33.4554977416992,-0.00341855331434568
175,33.4554977416992,-0.00523820379062448
176.25,33.4554977416992,-0.00632440879544644
177.5,33.4554977416992,-0.00700334248141982
178.75,33.4554977416992,-0.00819074536156122
180,33.4554977416992,-0.0101608199533919
181.25,33.4554977416992,-0.0118382300526246
182.5,33.4554977416992,-0.0119653639612887
183.75,33.4554977416992,-0.0112845214016256
185,33.4554977416992,-0.0111508396496343
186.25,33.4554977416992,-0.0119921559540878
187.5,33.4554977416992,-0.013767912532654
188.75,33.4554977416992,-0.016027167455281
190,33.4554977416992,-0.0181849724185417
191.25,33.4554977416992,-0.019775109244574
192.5,33.4554977416992,-0.0198048685797743
193.75,33.4554977416992,-0.0174769822910133
195,33.4554977416992,-0.0124943836745702
196.25,33.4554977416992,-0.00614204593912329
197.5,33.4554977416992,0.000100984625988272
198.75,33.4554977416992,0.00509520575288436
200,33.4554977416992,0.00770135991173646
201.25,33.4554977416992,0.0081622004499309
202.5,33.4554977416992,0.00765386487360348
203.75,33.4554977416992,0.00722893103504121
205,33.4554977416992,0.0065578815656895
206.25,33.4554977416992,0.00498907344529795
207.5,33.4554977416992,0.00216906627010533
208.75,33.4554977416992,-0.00143579468402085
210,33.4554977416992,-0.00497700368968252
211.25,33.4554977416992,-0.0061698447621381
212.5,33.4554977416992,-0.00483034789350134
213.75,33.4554977416992,-0.00219207045567118
215,33.4554977416992,0.000992624802338675
216.25,33.4554977416992,0.00389242768946579
217.5,33.4554977416992,0.00617259368947057
218.75,33.4554977416992,0.00785058440528051
220,33.4554977416992,0.0093319547204116
221.25,33.4554977416992,0.0103827273226046
222.5,33.4554977416992,0.0103463036599332
223.75,33.4554977416992,0.00922580107097252
225,33.4554977416992,0.00842012242497759
226.25,33.4554977416992,0.00875364987280753
227.5,33.4554977416992,0.00914593073984806
228.75,33.4554977416992,0.00805169050367489
230,33.4554977416992,0.00515064982347307
231.25,33.4554977416992,0.000766546846698797
232.5,33.4554977416992,-0.00476728097527962
233.75,33.4554977416992,-0.0103991184852098
235,33.4554977416992,-0.0144189919474196
236.25,33.4554977416992,-0.0163197891339005
237.5,33.4554977416992,-0.016211299952761
238.75,33.4554977416992,-0.01735087328204
240,33.4554977416992,-0.0217529560503557
241.25,33.4554977416992,-0.0248693015446198
242.5,33.4554977416992,-0.0259206446068709
160,34.3979034423828,0.0301632955925604
161.25,34.3979034423828,0.0261061367420568
162.5,34.3979034423828,0.020063117096145
163.75,34.3979034423828,0.0134131216983144
165,34.3979034423828,0.0086659470813139
166.25,34.3979034423828,0.00642939716514318
167.5,34.3979034423828,0.0053931136708388
168.75,34.3979034423828,0.00362796400285552
170,34.3979034423828,0.00145621142885629
171.25,34.3979034423828,0.000121794979346859
172.5,34.3979034423828,-0.00139331891781044
173.75,34.3979034423828,-0.00468007617255948
175,34.3979034423828,-0.00791348874392345
176.25,34.3979034423828,-0.00988219178333321
177.5,34.3979034423828,-0.0112351672385786
178.75,34.3979034423828,-0.0129698027483863
180,34.3979034423828,-0.0153230785480632
181.25,34.3979034423828,-0.0170636469596673
182.5,34.3979034423828,-0.0167127921857295
183.75,34.3979034423828,-0.0147492414831461
185,34.3979034423828,-0.0129936097496481
186.25,34.3979034423828,-0.0128333533390056
187.5,34.3979034423828,-0.0145028223308942
188.75,34.3979034423828,-0.0169280212039954
190,34.3979034423828,-0.0190604672577254
191.25,34.3979034423828,-0.0205348077105714
192.5,34.3979034423828,-0.0208475933875379
193.75,34.3979034423828,-0.018990830468308
195,34.3979034423828,-0.0144162237716757
196.25,34.3979034423828,-0.00776392188579223
197.5,34.3979034423828,-0.00182702296573603
198.75,34.3979034423828,0.00238258560844552
200,34.3979034423828,0.00429112260244745
201.25,34.3979034423828,0.00449931343924243
202.5,34.3979034423828,0.00416874494244244
203.75,34.3979034423828,0.00390133959724724
205,34.3979034423828,0.00343916901401494
206.25,34.3979034423828,0.00237891200719982
207.5,34.3979034423828,0.000292681346229397
208.75,34.3979034423828,-0.00298271830496475
210,34.3979034423828,-0.00635418761775464
211.25,34.3979034423828,-0.00738620553941298
212.5,34.3979034423828,-0.00593210262994102
213.75,34.3979034423828,-0.00320795121674708
215,34.3979034423828,-8.74527314191357e-05
216.25,34.3979034423828,0.0023632794480139
217.5,34.3979034423828,0.00423387662200907
218.75,34.3979034423828,0.00621280880697637
220,34.3979034423828,0.00815005598615707
221.25,34.3979034423828,0.00980213571686607
222.5,34.3979034423828,0.0107583264650334
223.75,34.3979034423828,0.0102141455909529
225,34.3979034423828,0.00932821559058973
226.25,34.3979034423828,0.00929360896852192
227.5,34.3979034423828,0.0092533130126659
228.75,34.3979034423828,0.008091434105851
230,34.3979034423828,0.0053133337388365
231.25,34.3979034423828,0.000103221419954589
232.5,34.3979034423828,-0.00605949146583236
233.75,34.3979034423828,-0.0118165422385341
235,34.3979034423828,-0.0157132921608501
236.25,34.3979034423828,-0.0166118452448524
237.5,34.3979034423828,-0.0147798039744125
238.75,34.3979034423828,-0.015120850833788
240,34.3979034423828,-0.0193223964213167
241.25,34.3979034423828,-0.0247770146449189
160,35.3403167724609,0.0262322199121441
161.25,35.3403167724609,0.0253719961453209
162.5,35.3403167724609,0.0223325843683834
163.75,35.3403167724609,0.0168382100793689
165,35.3403167724609,0.0120891379218028
166.25,35.3403167724609,0.00874958925345273
167.5,35.3403167724609,0.00602616208941765
168.75,35.3403167724609,0.00298967513775686
170,35.3403167724609,-8.85062868842883e-05
171.25,35.3403167724609,-0.00162435518515291
172.5,35.3403167724609,-0.00294143241816414
173.75,35.3403167724609,-0.00628880977595911
175,35.3403167724609,-0.0100617995563196
176.25,35.3403167724609,-0.0128752281494705
177.5,35.3403167724609,-0.0151521109202714
178.75,35.3403167724609,-0.0178561188040335
180,35.3403167724609,-0.0205134588503592
181.25,35.3403167724609,-0.0221714806278725
182.5,35.3403167724609,-0.0220313496346062
183.75,35.3403167724609,-0.0196759955702096
185,35.3403167724609,-0.0164198053983857
186.25,35.3403167724609,-0.0144283092004784
187.5,35.3403167724609,-0.0149454494488444
188.75,35.3403167724609,-0.017173892675788
190,35.3403167724609,-0.0194967806304518
191.25,35.3403167724609,-0.0211064195805723
192.5,35.3403167724609,-0.0215201069909335
193.75,35.3403167724609,-0.0201018710907447
195,35.3403167724609,-0.0164509397778044
196.25,35.3403167724609,-0.0105391582056214
197.5,35.3403167724609,-0.00432664693753433
198.75,35.3403167724609,4.33717869137546e-05
200,35.3403167724609,0.00191223018220185
201.25,35.3403167724609,0.00204722795174438
202.5,35.3403167724609,0.00167550254515367
203.75,35.3403167724609,0.0014022200370182
205,35.3403167724609,0.0008344062971787
206.25,35.3403167724609,9.97914140854655e-06
207.5,35.3403167724609,-0.00152274423464983
208.75,35.3403167724609,-0.00381714508475401
210,35.3403167724609,-0.00635567217668473
211.25,35.3403167724609,-0.00742968521196986
212.5,35.3403167724609,-0.00656095978267308
213.75,35.3403167724609,-0.00431778257013714
215,35.3403167724609,-0.0016247561400258
216.25,35.3403167724609,0.000568197427848767
217.5,35.3403167724609,0.00216141936118842
218.75,35.3403167724609,0.00377817878627896
220,35.3403167724609,0.00541122010740395
221.25,35.3403167724609,0.0075449311731369
222.5,35.3403167724609,0.00947226032455367
223.75,35.3403167724609,0.0101109748355707
225,35.3403167724609,0.00998196191422655
226.25,35.3403167724609,0.00978047671492355
227.5,35.3403167724609,0.00945865001478432
228.75,35.3403167724609,0.00828545201086203
230,35.3403167724609,0.005853720579917
231.25,35.3403167724609,0.000601674226064414
232.5,35.3403167724609,-0.00727017258076501
233.75,35.3403167724609,-0.0140626480338213
235,35.3403167724609,-0.0176590122954423
236.25,35.3403167724609,-0.0167447846238011
237.5,35.3403167724609,-0.0133985947944688
238.75,35.3403167724609,-0.0128772229286983
240,35.3403167724609,-0.0138977530559838
160,36.2827224731445,0.0164831481280762
161.25,36.2827224731445,0.0178461330555685
162.5,36.2827224731445,0.0177339240895188
163.75,36.2827224731445,0.0156890395559161
165,36.2827224731445,0.013330936974365
166.25,36.2827224731445,0.0104607883358953
167.5,36.2827224731445,0.00617562461102968
168.75,36.2827224731445,0.00126629664668553
170,36.2827224731445,-0.00247781862172127
171.25,36.2827224731445,-0.00371177436507767
172.5,36.2827224731445,-0.00484688108779134
173.75,36.2827224731445,-0.00761138154917705
175,36.2827224731445,-0.0108256502776806
176.25,36.2827224731445,-0.0136118013034093
177.5,36.2827224731445,-0.0165891150011483
178.75,36.2827224731445,-0.0199224029993454
180,36.2827224731445,-0.02267240480001
181.25,36.2827224731445,-0.0246440156879386
182.5,36.2827224731445,-0.0257680647103184
183.75,36.2827224731445,-0.0248851436467322
185,36.2827224731445,-0.021136191756004
186.25,36.2827224731445,-0.0171320857379877
187.5,36.2827224731445,-0.0153809184839486
188.75,36.2827224731445,-0.0162602397110121
190,36.2827224731445,-0.0182444903125737
191.25,36.2827224731445,-0.0200585125638533
192.5,36.2827224731445,-0.020744501387961
193.75,36.2827224731445,-0.0200045483488396
195,36.2827224731445,-0.0176696919011187
196.25,36.2827224731445,-0.0129662440623491
197.5,36.2827224731445,-0.00633410209602499
198.75,36.2827224731445,-0.00115225641913141
200,36.2827224731445,0.00128735209601113
201.25,36.2827224731445,0.00149736242603362
202.5,36.2827224731445,0.000781464886976575
203.75,36.2827224731445,-4.11547847135698e-05
205,36.2827224731445,-0.000948460188222786
206.25,36.2827224731445,-0.00178351152280222
207.5,36.2827224731445,-0.00277047561212261
208.75,36.2827224731445,-0.00420844138119901
210,36.2827224731445,-0.00576383131766098
211.25,36.2827224731445,-0.00667824843899012
212.5,36.2827224731445,-0.00638294958354857
213.75,36.2827224731445,-0.00484037939214133
215,36.2827224731445,-0.00303797200279758
216.25,36.2827224731445,-0.00140714758637961
217.5,36.2827224731445,-0.000134868614121146
218.75,36.2827224731445,0.000686301520707213
220,36.2827224731445,0.00147667383265317
221.25,36.2827224731445,0.00331572579100835
222.5,36.2827224731445,0.00609644731097175
223.75,36.2827224731445,0.00827753742833717
225,36.2827224731445,0.00930633963016486
226.25,36.2827224731445,0.00923129975774134
227.5,36.2827224731445,0.00854672471484161
228.75,36.2827224731445,0.00742177118861956
230,36.2827224731445,0.00579590525207732
231.25,36.2827224731445,0.00104605930946527
232.5,36.2827224731445,-0.00816993824491228
233.75,36.2827224731445,-0.0159904574265543
235,36.2827224731445,-0.0186743624227596
236.25,36.2827224731445,-0.0165028849752461
237.5,36.2827224731445,-0.0139418476949492
238.75,36.2827224731445,-0.013174016428374
160,37.2251281738281,0.0102091699275719
161.25,37.2251281738281,0.0116458355915294
162.5,37.2251281738281,0.012116510701989
163.75,37.2251281738281,0.0112074763355491
165,37.2251281738281,0.0105143080307262
166.25,37.2251281738281,0.00893126579192768
167.5,37.2251281738281,0.00434567618474086
168.75,37.2251281738281,-0.00162396043240505
170,37.2251281738281,-0.00529453131340373
171.25,37.2251281738281,-0.00593392963250065
172.5,37.2251281738281,-0.00673777999807846
173.75,37.2251281738281,-0.00849314552242974
175,37.2251281738281,-0.0101184169278112
176.25,37.2251281738281,-0.012024366316334
177.5,37.2251281738281,-0.0152593315141881
178.75,37.2251281738281,-0.0189203350453716
180,37.2251281738281,-0.0217049001937775
181.25,37.2251281738281,-0.0242591774597818
182.5,37.2251281738281,-0.0265836360643329
183.75,37.2251281738281,-0.027091460462102
185,37.2251281738281,-0.0239175216179417
186.25,37.2251281738281,-0.0188860643812192
187.5,37.2251281738281,-0.0156558098374925
188.75,37.2251281738281,-0.0147331121479098
190,37.2251281738281,-0.0151308982374809
191.25,37.2251281738281,-0.0163890172203441
192.5,37.2251281738281,-0.0174050372706887
193.75,37.2251281738281,-0.0174947340890178
195,37.2251281738281,-0.0163181636312536
196.25,37.2251281738281,-0.0130995720354851
197.5,37.2251281738281,-0.00682424646132054
198.75,37.2251281738281,-0.00111699657905988
200,37.2251281738281,0.00194295457598983
201.25,37.2251281738281,0.00227957555211151
202.5,37.2251281738281,0.00124929646997719
203.75,37.2251281738281,4.92252316104847e-06
205,37.2251281738281,-0.000932063802748615
206.25,37.2251281738281,-0.00147171909109593
207.5,37.2251281738281,-0.00201712437503695
208.75,37.2251281738281,-0.00298657668397795
210,37.2251281738281,-0.00403285434561741
211.25,37.2251281738281,-0.00496413510080989
212.5,37.2251281738281,-0.00536523073633705
213.75,37.2251281738281,-0.0048576273717245
215,37.2251281738281,-0.00405222797335843
216.25,37.2251281738281,-0.00320331324384278
217.5,37.2251281738281,-0.00279916786265246
218.75,37.2251281738281,-0.00319555503447573
220,37.2251281738281,-0.00346199991403201
221.25,37.2251281738281,-0.00192816131478207
222.5,37.2251281738281,0.00189776421685948
223.75,37.2251281738281,0.00580062246207633
225,37.2251281738281,0.00826561503411842
226.25,37.2251281738281,0.00849958078904788
227.5,37.2251281738281,0.00738660584780421
228.75,37.2251281738281,0.00624649010542796
230,37.2251281738281,0.00486626211165599
231.25,37.2251281738281,0.000309028425251373
232.5,37.2251281738281,-0.00868746968494294
233.75,37.2251281738281,-0.0173547708917658
235,37.2251281738281,-0.0187703105474507
236.25,37.2251281738281,-0.0168628455282189
237.5,37.2251281738281,-0.0162922216736608
238.75,37.2251281738281,-0.0134924563676409
160,38.1675415039062,0.00755425120228914
161.25,38.1675415039062,0.00712220856429834
162.5,38.1675415039062,0.00704450584640121
163.75,38.1675415039062,0.00622093945509154
165,38.1675415039062,0.00574155191297343
166.25,38.1675415039062,0.00464441526031436
167.5,38.1675415039062,0.000515561124098014
168.75,38.1675415039062,-0.00473797544105625
170,38.1675415039062,-0.00734221185098346
171.25,38.1675415039062,-0.00774348823450712
172.5,38.1675415039062,-0.00856753248918115
173.75,38.1675415039062,-0.00946176654858433
175,38.1675415039062,-0.00969244767502032
176.25,38.1675415039062,-0.0108442616913898
177.5,38.1675415039062,-0.0134246700189218
178.75,38.1675415039062,-0.0156946599469771
180,38.1675415039062,-0.0175358357552645
181.25,38.1675415039062,-0.0203710264992205
182.5,38.1675415039062,-0.0234133648519528
183.75,38.1675415039062,-0.0247706608922113
185,38.1675415039062,-0.0230289875213568
186.25,38.1675415039062,-0.018767630027666
187.5,38.1675415039062,-0.0150444673494275
188.75,38.1675415039062,-0.0124858893530046
190,38.1675415039062,-0.0111423614045243
191.25,38.1675415039062,-0.0114387261179816
192.5,38.1675415039062,-0.0124133839787946
193.75,38.1675415039062,-0.0127260044555044
195,38.1675415039062,-0.0117774142420589
196.25,38.1675415039062,-0.00942260020980628
197.5,38.1675415039062,-0.00502104982764293
198.75,38.1675415039062,-0.000378947582696173
200,38.1675415039062,0.00201635095584083
201.25,38.1675415039062,0.00199303978139813
202.5,38.1675415039062,0.00108730120238735
203.75,38.1675415039062,0.000275947232921844
205,38.1675415039062,6.18605856586946e-05
206.25,38.1675415039062,0.000267903000634343
207.5,38.1675415039062,6.2001863188131e-05
208.75,38.1675415039062,-0.000607352582075897
210,38.1675415039062,-0.00155711956396986
211.25,38.1675415039062,-0.00254529653347482
212.5,38.1675415039062,-0.00371745731100428
213.75,38.1675415039062,-0.00469194636680757
215,38.1675415039062,-0.00505214925980237
216.25,38.1675415039062,-0.00502050678099954
217.5,38.1675415039062,-0.00542627682540854
218.75,38.1675415039062,-0.0065866727880576
220,38.1675415039062,-0.00738015180926586
221.25,38.1675415039062,-0.00627899500077296
222.5,38.1675415039062,-0.0022171379753317
223.75,38.1675415039062,0.00296032333563238
225,38.1675415039062,0.00682084336262161
226.25,38.1675415039062,0.00768782130398285
227.5,38.1675415039062,0.00631508678691225
228.75,38.1675415039062,0.00515642545995874
230,38.1675415039062,0.00397753069244622
231.25,38.1675415039062,-0.000579321439774129
232.5,38.1675415039062,-0.00995598662195708
233.75,38.1675415039062,-0.0185393783864117
235,38.1675415039062,-0.0187732371032466
236.25,38.1675415039062,-0.0174573700864668
237.5,38.1675415039062,-0.0178310963707947
160,39.1099548339844,0.0081247173695929
161.25,39.1099548339844,0.00500790758793692
162.5,39.1099548339844,0.00326020101675503
163.75,39.1099548339844,0.00164758592482312
165,39.1099548339844,-0.000100932269272966
166.25,39.1099548339844,-0.00106061527238858
167.5,39.1099548339844,-0.00336036337157124
168.75,39.1099548339844,-0.00623511060740531
170,39.1099548339844,-0.00758341607759463
171.25,39.1099548339844,-0.0090397843157009
172.5,39.1099548339844,-0.0119476845297476
173.75,39.1099548339844,-0.0130151356468582
175,39.1099548339844,-0.0122750002267329
176.25,39.1099548339844,-0.0124270327884416
177.5,39.1099548339844,-0.0134187048780687
178.75,39.1099548339844,-0.013614585817635
180,39.1099548339844,-0.0141294939267339
181.25,39.1099548339844,-0.0162981003863601
182.5,39.1099548339844,-0.0191070637822713
183.75,39.1099548339844,-0.0204890026135247
185,39.1099548339844,-0.0193413073743982
186.25,39.1099548339844,-0.0163190537444273
187.5,39.1099548339844,-0.0127097658734063
188.75,39.1099548339844,-0.00912903360201174
190,39.1099548339844,-0.00610191793001029
191.25,39.1099548339844,-0.00497529879352432
192.5,39.1099548339844,-0.00546253764767964
193.75,39.1099548339844,-0.00562681973017642
195,39.1099548339844,-0.00511288149717207
196.25,39.1099548339844,-0.00405059715327012
197.5,39.1099548339844,-0.00196468431754121
198.75,39.1099548339844,-9.36040282255002e-05
200,39.1099548339844,0.000379939584020375
201.25,39.1099548339844,-0.000201592412418937
202.5,39.1099548339844,-0.000558505477806267
203.75,39.1099548339844,-0.000333449790433252
205,39.1099548339844,0.000568261459422202
206.25,39.1099548339844,0.0015925651060141
207.5,39.1099548339844,0.00194885303470415
208.75,39.1099548339844,0.00174763470186803
210,39.1099548339844,0.00103047036168996
211.25,39.1099548339844,-0.000248409940011669
212.5,39.1099548339844,-0.00222345078093089
213.75,39.1099548339844,-0.00460260244374907
215,39.1099548339844,-0.00645068250230757
216.25,39.1099548339844,-0.00733812198531843
217.5,39.1099548339844,-0.0082298912795745
218.75,39.1099548339844,-0.00957571064289773
220,39.1099548339844,-0.0101909541923889
221.25,39.1099548339844,-0.00905565083785447
222.5,39.1099548339844,-0.00560847847191145
223.75,39.1099548339844,-0.000313083769153493
225,39.1099548339844,0.00413303227624668
226.25,39.1099548339844,0.00573282590398005
227.5,39.1099548339844,0.00450940756580046
228.75,39.1099548339844,0.00323642339674797
230,39.1099548339844,0.00213279817086145
231.25,39.1099548339844,-0.00170496363385108
232.5,39.1099548339844,-0.0106473065177077
233.75,39.1099548339844,-0.0185729270644205
235,39.1099548339844,-0.0192550966488092
236.25,39.1099548339844,-0.0192449990285697
160,40.0523529052734,0.0110824495005313
161.25,40.0523529052734,0.00464081420029575
162.5,40.0523529052734,0.000623479608605056
163.75,40.0523529052734,-0.00297480281309346
165,40.0523529052734,-0.00479509559263362
166.25,40.0523529052734,-0.00401529364487147
167.5,40.0523529052734,-0.00499945234872488
168.75,40.0523529052734,-0.00647644323660201
170,40.0523529052734,-0.00719134888519377
171.25,40.0523529052734,-0.00965142069283062
172.5,40.0523529052734,-0.0147294140239324
173.75,40.0523529052734,-0.0176679522971313
175,40.0523529052734,-0.0179946087108462
176.25,40.0523529052734,-0.0178698190215993
177.5,40.0523529052734,-0.0166726447768741
178.75,40.0523529052734,-0.014862724771529
180,40.0523529052734,-0.0138715525906364
181.25,40.0523529052734,-0.0140480314785996
182.5,40.0523529052734,-0.0152225783057408
183.75,40.0523529052734,-0.0158974594982133
185,40.0523529052734,-0.0149790870868272
186.25,40.0523529052734,-0.0125457570858219
187.5,40.0523529052734,-0.00902120951158288
188.75,40.0523529052734,-0.00510778463941397
190,40.0523529052734,-0.00169338877862708
191.25,40.0523529052734,9.99144036005924e-05
192.5,40.0523529052734,0.000479847807397341
193.75,40.0523529052734,0.000924564463945773
195,40.0523529052734,0.00148607932025064
196.25,40.0523529052734,0.00146639667050321
197.5,40.0523529052734,0.000907151941047609
198.75,40.0523529052734,-0.000370367683010471
200,40.0523529052734,-0.00209353191371167
201.25,40.0523529052734,-0.00285910674938906
202.5,40.0523529052734,-0.00272000366389857
203.75,40.0523529052734,-0.00199355792110918
205,40.0523529052734,-0.000754819758340022
206.25,40.0523529052734,0.000685445687728961
207.5,40.0523529052734,0.00196965151859766
208.75,40.0523529052734,0.00295174242000988
210,40.0523529052734,0.00292142567894903
211.25,40.0523529052734,0.00166802925246535
212.5,40.0523529052734,-0.000882673396459143
213.75,40.0523529052734,-0.00446850390348946
215,40.0523529052734,-0.00786477093618458
216.25,40.0523529052734,-0.00981267225889979
217.5,40.0523529052734,-0.0110905262331572
218.75,40.0523529052734,-0.0119103317789543
220,40.0523529052734,-0.011611396461211
221.25,40.0523529052734,-0.010083571042485
222.5,40.0523529052734,-0.00721052587862988
223.75,40.0523529052734,-0.00315179408864049
225,40.0523529052734,0.000824548833439051
226.25,40.0523529052734,0.00267982642929302
227.5,40.0523529052734,0.00186362136689175
228.75,40.0523529052734,0.00031932811528393
230,40.0523529052734,-0.00079319568128396
231.25,40.0523529052734,-0.00346847139458065
232.5,40.0523529052734,-0.0102842565457281
233.75,40.0523529052734,-0.017499746959126
235,40.0523529052734,-0.0195855480369279
236.25,40.0523529052734,-0.0200857770444895
160,40.9947662353516,0.017041570994038
161.25,40.9947662353516,0.00830468343972629
162.5,40.9947662353516,0.00333796930860591
163.75,40.9947662353516,-0.000657504108980905
165,40.9947662353516,-0.00195558057056403
166.25,40.9947662353516,-0.00372038330298203
167.5,40.9947662353516,-0.00756077795986108
168.75,40.9947662353516,-0.0104793806900756
170,40.9947662353516,-0.0119076795960519
171.25,40.9947662353516,-0.0136975750513598
172.5,40.9947662353516,-0.0168746443578008
173.75,40.9947662353516,-0.0203323354128423
175,40.9947662353516,-0.0232816330867773
176.25,40.9947662353516,-0.0247286413729357
177.5,40.9947662353516,-0.021952819873729
178.75,40.9947662353516,-0.0182079876759249
180,40.9947662353516,-0.015738423054589
181.25,40.9947662353516,-0.0143453884088176
182.5,40.9947662353516,-0.0138729261053196
183.75,40.9947662353516,-0.0132831375670457
185,40.9947662353516,-0.0115998886066314
186.25,40.9947662353516,-0.00865629862268049
187.5,40.9947662353516,-0.00467538813424123
188.75,40.9947662353516,-0.000561415672565362
190,40.9947662353516,0.00229462200718786
191.25,40.9947662353516,0.00381306418980947
192.5,40.9947662353516,0.00414261668826607
193.75,40.9947662353516,0.00434964385969852
195,40.9947662353516,0.00446958608616063
196.25,40.9947662353516,0.00349028112465919
197.5,40.9947662353516,0.00139046272224187
198.75,40.9947662353516,-0.00167863817406705
200,40.9947662353516,-0.00465289557673997
201.25,40.9947662353516,-0.00546434726954857
202.5,40.9947662353516,-0.0047364982231903
203.75,40.9947662353516,-0.00377980794575619
205,40.9947662353516,-0.00274514127873278
206.25,40.9947662353516,-0.0015954757147681
207.5,40.9947662353516,-5.29459582160035e-05
208.75,40.9947662353516,0.00167640696877099
210,40.9947662353516,0.00243902303934848
211.25,40.9947662353516,0.00178813987891
212.5,40.9947662353516,-0.00029275226533852
213.75,40.9947662353516,-0.00439148473616061
215,40.9947662353516,-0.00864058245390011
216.25,40.9947662353516,-0.0114715758965633
217.5,40.9947662353516,-0.0128955070155542
218.75,40.9947662353516,-0.0130622286672528
220,40.9947662353516,-0.0119482041685092
221.25,40.9947662353516,-0.0100351634436783
222.5,40.9947662353516,-0.00768410956263379
223.75,40.9947662353516,-0.00479096035716849
225,40.9947662353516,-0.0017382497803706
226.25,40.9947662353516,0.00026884317404635
227.5,40.9947662353516,0.00042548526524494
228.75,40.9947662353516,-0.000964012915379914
230,40.9947662353516,-0.00283758366459104
231.25,40.9947662353516,-0.00518915044249118
232.5,40.9947662353516,-0.0100925340694699
233.75,40.9947662353516,-0.0164852020748815
235,40.9947662353516,-0.0195959168037252
236.25,40.9947662353516,-0.0199378526706708
160,41.9371795654297,0.0286665198589584
161.25,41.9371795654297,0.0165532716238926
162.5,41.9371795654297,0.0109215435478943
163.75,41.9371795654297,0.00670313489941215
165,41.9371795654297,0.00330529972473801
166.25,41.9371795654297,-0.00173328937411708
167.5,41.9371795654297,-0.00888319484475836
168.75,41.9371795654297,-0.0144459174884125
170,41.9371795654297,-0.0172284774961209
171.25,41.9371795654297,-0.0183344908826431
172.5,41.9371795654297,-0.0188196043572547
173.75,41.9371795654297,-0.0210420493307341
175,41.9371795654297,-0.0255618446593875
176.25,41.9371795654297,-0.0280285780277538
177.5,41.9371795654297,-0.0248879031887919
178.75,41.9371795654297,-0.0210299213869693
180,41.9371795654297,-0.0176979437106588
181.25,41.9371795654297,-0.0148793494574402
182.5,41.9371795654297,-0.0125448474495526
183.75,41.9371795654297,-0.0104438881187319
185,41.9371795654297,-0.00811636246322111
186.25,41.9371795654297,-0.00526784839235473
187.5,41.9371795654297,-0.00189647653045421
188.75,41.9371795654297,0.00156925092541743
190,41.9371795654297,0.00386143752830924
191.25,41.9371795654297,0.00496562581286833
192.5,41.9371795654297,0.0051175768077061
193.75,41.9371795654297,0.00490591672024588
195,41.9371795654297,0.00445820813868612
196.25,41.9371795654297,0.00296179718332902
197.5,41.9371795654297,4.20677612304416e-05
198.75,41.9371795654297,-0.00369028177798405
200,41.9371795654297,-0.00659252582156545
201.25,41.9371795654297,-0.00701938595517288
202.5,41.9371795654297,-0.00567270133216251
203.75,41.9371795654297,-0.00467724223352685
205,41.9371795654297,-0.00436698326539737
206.25,41.9371795654297,-0.00425807045886778
207.5,41.9371795654297,-0.00325044902589339
208.75,41.9371795654297,-0.00138932097406079
210,41.9371795654297,-7.90865862768983e-06
211.25,41.9371795654297,0.000150870363135063
212.5,41.9371795654297,-0.00126707444077052
213.75,41.9371795654297,-0.00429526641810708
215,41.9371795654297,-0.00827366230541412
216.25,41.9371795654297,-0.0112551512502418
217.5,41.9371795654297,-0.0130157198383427
218.75,41.9371795654297,-0.0132297907254199
220,41.9371795654297,-0.0121257307951521
221.25,41.9371795654297,-0.0103739751299985
222.5,41.9371795654297,-0.00840249460539135
223.75,41.9371795654297,-0.0061340797348921
225,41.9371795654297,-0.00354229227033112
226.25,41.9371795654297,-0.00109175329552787
227.5,41.9371795654297,0.000358058599360289
228.75,41.9371795654297,-0.000264249904826084
230,41.9371795654297,-0.00276490021881368
231.25,41.9371795654297,-0.00582935517406539
232.5,41.9371795654297,-0.0100501358933032
233.75,41.9371795654297,-0.0156219343998719
235,41.9371795654297,-0.0193400860836483
236.25,41.9371795654297,-0.0198824179171559
160,42.8795776367188,0.0372990853694449
161.25,42.8795776367188,0.0256772570952973
162.5,42.8795776367188,0.0178592229674067
163.75,42.8795776367188,0.0122481878640575
165,42.8795776367188,0.00656335188251949
166.25,42.8795776367188,5.46383816789925e-05
167.5,42.8795776367188,-0.00819622883854442
168.75,42.8795776367188,-0.0153345408751309
170,42.8795776367188,-0.0186633515646748
171.25,42.8795776367188,-0.0195121834937011
172.5,42.8795776367188,-0.0196391666179674
173.75,42.8795776367188,-0.0221032166589294
175,42.8795776367188,-0.0254803337592031
176.25,42.8795776367188,-0.0262256279014844
177.5,42.8795776367188,-0.0235976323408043
178.75,42.8795776367188,-0.0211795586713872
180,42.8795776367188,-0.0185420464951162
181.25,42.8795776367188,-0.0152771258637911
182.5,42.8795776367188,-0.0115883645690642
183.75,42.8795776367188,-0.00798338412090572
185,42.8795776367188,-0.00486063559573211
186.25,42.8795776367188,-0.00235633101476209
187.5,42.8795776367188,-0.000119277839051349
188.75,42.8795776367188,0.00192871920448364
190,42.8795776367188,0.00313804683846139
191.25,42.8795776367188,0.0035286011468839
192.5,42.8795776367188,0.00324745524501294
193.75,42.8795776367188,0.0027629114713605
195,42.8795776367188,0.00202095921361671
196.25,42.8795776367188,8.12472226811284e-05
197.5,42.8795776367188,-0.00333401611105429
198.75,42.8795776367188,-0.00692568784027782
200,42.8795776367188,-0.00875016368504114
201.25,42.8795776367188,-0.00809558257052937
202.5,42.8795776367188,-0.00625330364539806
203.75,42.8795776367188,-0.00521450641556593
205,42.8795776367188,-0.00541034849528938
206.25,42.8795776367188,-0.00629746741114441
207.5,42.8795776367188,-0.00653619133614188
208.75,42.8795776367188,-0.00561996276730937
210,42.8795776367188,-0.00409996359886572
211.25,42.8795776367188,-0.00295968487388796
212.5,42.8795776367188,-0.00320323189208425
213.75,42.8795776367188,-0.00480135920708015
215,42.8795776367188,-0.00727293672822002
216.25,42.8795776367188,-0.00990188977673439
217.5,42.8795776367188,-0.0119500669497283
218.75,42.8795776367188,-0.0129606177010871
220,42.8795776367188,-0.0126409524091986
221.25,42.8795776367188,-0.0113892549595188
222.5,42.8795776367188,-0.0097052187856452
223.75,42.8795776367188,-0.00766869043389502
225,42.8795776367188,-0.00533734852321704
226.25,42.8795776367188,-0.00262207894178072
227.5,42.8795776367188,0.000226825043582683
228.75,42.8795776367188,0.00105048005391369
230,42.8795776367188,-0.00133275014464575
231.25,42.8795776367188,-0.00527814823938954
232.5,42.8795776367188,-0.00944896393696862
233.75,42.8795776367188,-0.0139486716558363
235,42.8795776367188,-0.0174495454796
236.25,42.8795776367188,-0.01812867124785
160,43.8219909667969,0.0376695022207093
161.25,43.8219909667969,0.0276860988416429
162.5,43.8219909667969,0.0182769713037131
163.75,43.8219909667969,0.0119826347742579
165,43.8219909667969,0.00587710329411094
166.25,43.8219909667969,-0.00157618524400327
167.5,43.8219909667969,-0.00975774699675325
168.75,43.8219909667969,-0.0153287293451125
170,43.8219909667969,-0.0170981694562534
171.25,43.8219909667969,-0.0180469850694226
172.5,43.8219909667969,-0.0197997375702875
173.75,43.8219909667969,-0.0239041584969495
175,43.8219909667969,-0.0268665535676242
176.25,43.8219909667969,-0.0266220250132365
177.5,43.8219909667969,-0.024493476625759
178.75,43.8219909667969,-0.0225370182775864
180,43.8219909667969,-0.0201300379972279
181.25,43.8219909667969,-0.0162493373266841
182.5,43.8219909667969,-0.0116387300401449
183.75,43.8219909667969,-0.00740577677496796
185,43.8219909667969,-0.0040431475613553
186.25,43.8219909667969,-0.00186683309905724
187.5,43.8219909667969,-0.000625184893685536
188.75,43.8219909667969,-3.63240381050986e-05
190,43.8219909667969,-0.000343299631691006
191.25,43.8219909667969,-0.00112973740418499
192.5,43.8219909667969,-0.00176466826225859
193.75,43.8219909667969,-0.00189743080088895
195,43.8219909667969,-0.00233645169276518
196.25,43.8219909667969,-0.0042191833919025
197.5,43.8219909667969,-0.00754748387244822
198.75,43.8219909667969,-0.0106276326817428
200,43.8219909667969,-0.0117096306876693
201.25,43.8219909667969,-0.0106138942501044
202.5,43.8219909667969,-0.00883756996290177
203.75,43.8219909667969,-0.00761258353654481
205,43.8219909667969,-0.00773795095843271
206.25,43.8219909667969,-0.00875371076690012
207.5,43.8219909667969,-0.00978246792111973
208.75,43.8219909667969,-0.00983862352149881
210,43.8219909667969,-0.00891668552161672
211.25,43.8219909667969,-0.00765669481097402
212.5,43.8219909667969,-0.00692641086252387
213.75,43.8219909667969,-0.00689033880930028
215,43.8219909667969,-0.00764341676532319
216.25,43.8219909667969,-0.00945550538098245
217.5,43.8219909667969,-0.0120875216536829
218.75,43.8219909667969,-0.0139146653735006
220,43.8219909667969,-0.0142987019363923
221.25,43.8219909667969,-0.0133909182893646
222.5,43.8219909667969,-0.0116748284800262
223.75,43.8219909667969,-0.00972851632424228
225,43.8219909667969,-0.00756040576569317
226.25,43.8219909667969,-0.00472438108463333
227.5,43.8219909667969,-0.0013055156659565
228.75,43.8219909667969,0.00115797358636414
230,43.8219909667969,7.38679209726666e-05
231.25,43.8219909667969,-0.00408727112270619
232.5,43.8219909667969,-0.00864255571153548
233.75,43.8219909667969,-0.0123986116206082
235,43.8219909667969,-0.0148496561898414
236.25,43.8219909667969,-0.0151975242947429
160,44.764404296875,0.0315043643408247
161.25,44.764404296875,0.023360796517196
162.5,44.764404296875,0.0130105929327484
163.75,44.764404296875,0.00642148445367667
165,44.764404296875,0.00150187737852674
166.25,44.764404296875,-0.00535911343007671
167.5,44.764404296875,-0.0124772154876012
168.75,44.764404296875,-0.0152651412802404
170,44.764404296875,-0.0150050456189024
171.25,44.764404296875,-0.0163992003727053
172.5,44.764404296875,-0.0203219628290528
173.75,44.764404296875,-0.0257493278803405
175,44.764404296875,-0.0276869569978011
176.25,44.764404296875,-0.0269713251348702
177.5,44.764404296875,-0.0254591946174188
178.75,44.764404296875,-0.023611123429989
180,44.764404296875,-0.0205612011737489
181.25,44.764404296875,-0.015558087618893
182.5,44.764404296875,-0.0102332261351757
183.75,44.764404296875,-0.00640873070830848
185,44.764404296875,-0.0042587759397564
186.25,44.764404296875,-0.00350073431871824
187.5,44.764404296875,-0.00372281551141196
188.75,44.764404296875,-0.0044071150080114
190,44.764404296875,-0.00534357031726632
191.25,44.764404296875,-0.00647780154382231
192.5,44.764404296875,-0.00720617596575257
193.75,44.764404296875,-0.00770559633926732
195,44.764404296875,-0.0087585708049565
196.25,44.764404296875,-0.0111435567302162
197.5,44.764404296875,-0.0141536501515194
198.75,44.764404296875,-0.0165755994767836
200,44.764404296875,-0.0170828758120123
201.25,44.764404296875,-0.0159396733765785
202.5,44.764404296875,-0.0145928897921598
203.75,44.764404296875,-0.0136691145670342
205,44.764404296875,-0.0134889923385696
206.25,44.764404296875,-0.0138495392590937
207.5,44.764404296875,-0.0143872682937341
208.75,44.764404296875,-0.0145246978554009
210,44.764404296875,-0.0138082460072465
211.25,44.764404296875,-0.0125839027642585
212.5,44.764404296875,-0.0113885833348856
213.75,44.764404296875,-0.0106841962060717
215,44.764404296875,-0.0106195138358432
216.25,44.764404296875,-0.0116674598756629
217.5,44.764404296875,-0.0140914968344729
218.75,44.764404296875,-0.0162269252699565
220,44.764404296875,-0.0166904831318494
221.25,44.764404296875,-0.0157602275381146
222.5,44.764404296875,-0.0141271435951662
223.75,44.764404296875,-0.0120935804065383
225,44.764404296875,-0.00975431159507249
226.25,44.764404296875,-0.00693228507304317
227.5,44.764404296875,-0.00342027639097081
228.75,44.764404296875,-0.00029514233588625
230,44.764404296875,0.000135709454047568
231.25,44.764404296875,-0.00315559374443242
232.5,44.764404296875,-0.00770805472274937
233.75,44.764404296875,-0.0109478346392919
235,44.764404296875,-0.0124615042508673
236.25,44.764404296875,-0.0122614235489558
160,45.7068023681641,0.0208256960607186
161.25,45.7068023681641,0.0150300113133493
162.5,45.7068023681641,0.005946885873713
163.75,45.7068023681641,-0.000793490538833254
165,45.7068023681641,-0.00440042112014633
166.25,45.7068023681641,-0.00882063917430833
167.5,45.7068023681641,-0.0132358828927523
168.75,45.7068023681641,-0.0144119729964708
170,45.7068023681641,-0.0139232248581433
171.25,45.7068023681641,-0.015545422341211
172.5,45.7068023681641,-0.0203999707338786
173.75,45.7068023681641,-0.0250392258860597
175,45.7068023681641,-0.0252509224315369
176.25,45.7068023681641,-0.0236789226081894
177.5,45.7068023681641,-0.0224786912981235
178.75,45.7068023681641,-0.0212875902697487
180,45.7068023681641,-0.0179961860443176
181.25,45.7068023681641,-0.0122044838805327
182.5,45.7068023681641,-0.007093386865665
183.75,45.7068023681641,-0.00481210889363133
185,45.7068023681641,-0.00485097004016559
186.25,45.7068023681641,-0.00626786940179111
187.5,45.7068023681641,-0.00824648043534476
188.75,45.7068023681641,-0.0102314379767273
190,45.7068023681641,-0.0120077322993198
191.25,45.7068023681641,-0.0132496096094191
192.5,45.7068023681641,-0.0139406307836012
193.75,45.7068023681641,-0.0146660737731511
195,45.7068023681641,-0.0163190207049562
196.25,45.7068023681641,-0.0192091245072303
197.5,45.7068023681641,-0.0225994960764159
198.75,45.7068023681641,-0.0253317608139771
200,45.7068023681641,-0.026250510263571
201.25,45.7068023681641,-0.0254442150140699
202.5,45.7068023681641,-0.0238689544856568
203.75,45.7068023681641,-0.0221653867514208
205,45.7068023681641,-0.0206441620060364
206.25,45.7068023681641,-0.0195581062518992
207.5,45.7068023681641,-0.0191681237766458
208.75,45.7068023681641,-0.0190710069774325
210,45.7068023681641,-0.0186589503006877
211.25,45.7068023681641,-0.0174660159816293
212.5,45.7068023681641,-0.0159434498515608
213.75,45.7068023681641,-0.014939666804507
215,45.7068023681641,-0.0148763091799882
216.25,45.7068023681641,-0.0161817918077867
217.5,45.7068023681641,-0.0184169008189467
218.75,45.7068023681641,-0.0198538545300701
220,45.7068023681641,-0.0194820800408216
221.25,45.7068023681641,-0.0179459998384641
222.5,45.7068023681641,-0.0159807621114707
223.75,45.7068023681641,-0.0136122138318877
225,45.7068023681641,-0.0110244393276346
226.25,45.7068023681641,-0.00820755902346631
227.5,45.7068023681641,-0.00478580086605224
228.75,45.7068023681641,-0.0016014545673143
230,45.7068023681641,-0.000603587439340408
231.25,45.7068023681641,-0.00281691314217707
232.5,45.7068023681641,-0.00675355397489234
233.75,45.7068023681641,-0.00959782375848463
235,45.7068023681641,-0.0101998706188606
236.25,45.7068023681641,-0.00901719277650377
160,46.6492156982422,0.0130816834068021
161.25,46.6492156982422,0.00809721463362205
162.5,46.6492156982422,0.000119473586232263
163.75,46.6492156982422,-0.00660832854187089
165,46.6492156982422,-0.00960974066352852
166.25,46.6492156982422,-0.0113027083686267
167.5,46.6492156982422,-0.0125890234702892
168.75,46.6492156982422,-0.0127045359563147
170,46.6492156982422,-0.0127989400824594
171.25,46.6492156982422,-0.0149842799811342
172.5,46.6492156982422,-0.0189179467201862
173.75,46.6492156982422,-0.0211638196433826
175,46.6492156982422,-0.0205157789321325
176.25,46.6492156982422,-0.0188435763433627
177.5,46.6492156982422,-0.0174250714850983
178.75,46.6492156982422,-0.0159219539973151
180,46.6492156982422,-0.0120558552601201
181.25,46.6492156982422,-0.00712897917604084
182.5,46.6492156982422,-0.00466984528216743
183.75,46.6492156982422,-0.00541496851231593
185,46.6492156982422,-0.00766848095791421
186.25,46.6492156982422,-0.0101850822385782
187.5,46.6492156982422,-0.0126219888047573
188.75,46.6492156982422,-0.0150118632349048
190,46.6492156982422,-0.0175538941780546
191.25,46.6492156982422,-0.0198674637284912
192.5,46.6492156982422,-0.0217468885239122
193.75,46.6492156982422,-0.0236817672896219
195,46.6492156982422,-0.0266711900163171
196.25,46.6492156982422,-0.0302756258248809
197.5,46.6492156982422,-0.0335862369048314
198.75,46.6492156982422,-0.0354491544031053
200,46.6492156982422,-0.0360465352678058
201.25,46.6492156982422,-0.0350262840007743
202.5,46.6492156982422,-0.0323154198254211
203.75,46.6492156982422,-0.0293541742627743
205,46.6492156982422,-0.0267708166226913
206.25,46.6492156982422,-0.0242605556859675
207.5,46.6492156982422,-0.0224359615258412
208.75,46.6492156982422,-0.0216872381509427
210,46.6492156982422,-0.0216708439677961
211.25,46.6492156982422,-0.0214494067334542
212.5,46.6492156982422,-0.0207146397039104
213.75,46.6492156982422,-0.0198818786389635
215,46.6492156982422,-0.0198240557738874
216.25,46.6492156982422,-0.02127129678258
217.5,46.6492156982422,-0.0231519548579906
218.75,46.6492156982422,-0.0236764858003536
220,46.6492156982422,-0.0224285548845131
221.25,46.6492156982422,-0.0198626730560332
222.5,46.6492156982422,-0.0170918495872789
223.75,46.6492156982422,-0.0139920569592678
225,46.6492156982422,-0.0108488300891623
226.25,46.6492156982422,-0.00759375670552464
227.5,46.6492156982422,-0.00398308725310851
228.75,46.6492156982422,-0.0011823928985641
230,46.6492156982422,-0.000476331112319048
231.25,46.6492156982422,-0.00216627088486773
232.5,46.6492156982422,-0.00511021684506733
233.75,46.6492156982422,-0.00698672398004918
235,46.6492156982422,-0.00633398979607452
236.25,46.6492156982422,-0.0051352449551227
160,47.5916290283203,0.0154586346035001
161.25,47.5916290283203,0.00974138065677987
162.5,47.5916290283203,0.00316567246101329
163.75,47.5916290283203,-0.00298206369424865
165,47.5916290283203,-0.00733567153732073
166.25,47.5916290283203,-0.009608713332057
167.5,47.5916290283203,-0.0106290687669365
168.75,47.5916290283203,-0.0107070766626723
170,47.5916290283203,-0.0114416187147436
171.25,47.5916290283203,-0.013305296302478
172.5,47.5916290283203,-0.0147460009467177
173.75,47.5916290283203,-0.0146708230062975
175,47.5916290283203,-0.0133522895309619
176.25,47.5916290283203,-0.0113397946015942
177.5,47.5916290283203,-0.00945965007819926
178.75,47.5916290283203,-0.00767107838878832
180,47.5916290283203,-0.00554952311435283
181.25,47.5916290283203,-0.0046852938613415
182.5,47.5916290283203,-0.00632955221097914
183.75,47.5916290283203,-0.00957840466451319
185,47.5916290283203,-0.0123741974034024
186.25,47.5916290283203,-0.0142848503066843
187.5,47.5916290283203,-0.0164194883232947
188.75,47.5916290283203,-0.0197855288856082
190,47.5916290283203,-0.0239767170749833
191.25,47.5916290283203,-0.0277212327082293
192.5,47.5916290283203,-0.0306302041245642
193.75,47.5916290283203,-0.0334058004581069
195,47.5916290283203,-0.0374017035848075
196.25,47.5916290283203,-0.0428420928862785
197.5,47.5916290283203,-0.0468041687527042
198.75,47.5916290283203,-0.0478036127678514
200,47.5916290283203,-0.0457484133440688
201.25,47.5916290283203,-0.0411278887223833
202.5,47.5916290283203,-0.035557273457197
203.75,47.5916290283203,-0.0315181682484141
205,47.5916290283203,-0.0288838702527867
206.25,47.5916290283203,-0.0264135665225096
207.5,47.5916290283203,-0.0242188243732297
208.75,47.5916290283203,-0.0231297363229631
210,47.5916290283203,-0.0235328656674995
211.25,47.5916290283203,-0.0242262163533395
212.5,47.5916290283203,-0.0244634939613369
213.75,47.5916290283203,-0.0244248738992581
215,47.5916290283203,-0.0248227938432127
216.25,47.5916290283203,-0.0259263283821626
217.5,47.5916290283203,-0.0267678846937335
218.75,47.5916290283203,-0.0260457238823018
220,47.5916290283203,-0.0237686818524716
221.25,47.5916290283203,-0.0205817554207695
222.5,47.5916290283203,-0.0169621211354831
223.75,47.5916290283203,-0.012911134541311
225,47.5916290283203,-0.00899841550761745
226.25,47.5916290283203,-0.00497852781129508
227.5,47.5916290283203,-0.00120401865007972
228.75,47.5916290283203,0.000865844579082511
230,47.5916290283203,0.000700794274620887
231.25,47.5916290283203,-0.00074565832975551
232.5,47.5916290283203,-0.00227024633416929
233.75,47.5916290283203,-0.00191061338186535
235,47.5916290283203,0.0013020028040678
236.25,47.5916290283203,0.00425151485383434
160,48.5340270996094,0.00990190829384587
161.25,48.5340270996094,0.00862548514043769
162.5,48.5340270996094,0.00545659703082598
163.75,48.5340270996094,0.000752436849612816
165,48.5340270996094,-0.00465453380453948
166.25,48.5340270996094,-0.00864273088506263
167.5,48.5340270996094,-0.0101310086008324
168.75,48.5340270996094,-0.01056898619904
170,48.5340270996094,-0.0109687036224889
171.25,48.5340270996094,-0.0108376253237897
172.5,48.5340270996094,-0.01014376105121
173.75,48.5340270996094,-0.00922740008556888
175,48.5340270996094,-0.00803884893274427
176.25,48.5340270996094,-0.00646586476199856
177.5,48.5340270996094,-0.00525597712546179
178.75,48.5340270996094,-0.00518076577929411
180,48.5340270996094,-0.00656693803799778
181.25,48.5340270996094,-0.00965657083601553
182.5,48.5340270996094,-0.0135629973306712
183.75,48.5340270996094,-0.0157547534005756
185,48.5340270996094,-0.0162311965692767
186.25,48.5340270996094,-0.0163918032095968
187.5,48.5340270996094,-0.0177710860744119
188.75,48.5340270996094,-0.020940252464053
190,48.5340270996094,-0.0253706350890345
191.25,48.5340270996094,-0.0302796847438455
192.5,48.5340270996094,-0.0353582248347878
193.75,48.5340270996094,-0.0409169863646662
195,48.5340270996094,-0.0465793606915123
196.25,48.5340270996094,-0.0507992394741124
197.5,48.5340270996094,-0.0516206596639169
198.75,48.5340270996094,-0.0487567702383879
200,48.5340270996094,-0.0431279473825634
201.25,48.5340270996094,-0.0366308718743718
202.5,48.5340270996094,-0.0314608650105464
203.75,48.5340270996094,-0.0284852685506619
205,48.5340270996094,-0.0268027201675764
206.25,48.5340270996094,-0.0253941140698764
207.5,48.5340270996094,-0.0241330812334245
208.75,48.5340270996094,-0.0235858769639292
210,48.5340270996094,-0.0242247937678947
211.25,48.5340270996094,-0.025576410339024
212.5,48.5340270996094,-0.0266769391985107
213.75,48.5340270996094,-0.0269951879677091
215,48.5340270996094,-0.0272434247945436
216.25,48.5340270996094,-0.0276434150852335
217.5,48.5340270996094,-0.0273158253424614
218.75,48.5340270996094,-0.0259232264293182
220,48.5340270996094,-0.0234723067055494
221.25,48.5340270996094,-0.019846121322623
222.5,48.5340270996094,-0.0152465566834679
223.75,48.5340270996094,-0.0100295498354134
225,48.5340270996094,-0.00517262324542995
226.25,48.5340270996094,-0.00122566858678621
227.5,48.5340270996094,0.00153298349729481
228.75,48.5340270996094,0.00227791036083083
230,48.5340270996094,0.00184050459910132
231.25,48.5340270996094,0.00159084184074283
232.5,48.5340270996094,0.00229083450823613
233.75,48.5340270996094,0.00493686178476106
235,48.5340270996094,0.00663601963195762
236.25,48.5340270996094,0.00679619300625538
160,49.4764404296875,-0.00636703301874486
161.25,49.4764404296875,-0.00618389345353617
162.5,49.4764404296875,-0.00632055908500394
163.75,49.4764404296875,-0.00912439761657182
165,49.4764404296875,-0.0137091004433385
166.25,49.4764404296875,-0.0166341568857501
167.5,49.4764404296875,-0.0173941033340527
168.75,49.4764404296875,-0.0174244499033813
170,49.4764404296875,-0.0163938620039893
171.25,49.4764404296875,-0.0141272223358374
172.5,49.4764404296875,-0.0117185141543221
173.75,49.4764404296875,-0.00972678267283134
175,49.4764404296875,-0.00815444759124801
176.25,49.4764404296875,-0.00719045791958863
177.5,49.4764404296875,-0.00792957672526969
178.75,49.4764404296875,-0.0108840936942155
180,49.4764404296875,-0.0150747501499472
181.25,49.4764404296875,-0.0183461638882186
182.5,49.4764404296875,-0.0190700156394729
183.75,49.4764404296875,-0.0172774121838587
185,49.4764404296875,-0.0147445000408072
186.25,49.4764404296875,-0.0133358950921057
187.5,49.4764404296875,-0.0129282869412215
188.75,49.4764404296875,-0.0134148378825161
190,49.4764404296875,-0.0153416570872085
191.25,49.4764404296875,-0.0190813862570542
192.5,49.4764404296875,-0.0244299831452937
193.75,49.4764404296875,-0.0302974728181061
195,49.4764404296875,-0.0352734716143602
196.25,49.4764404296875,-0.0373199906534253
197.5,49.4764404296875,-0.0368596352733808
198.75,49.4764404296875,-0.0354259953886721
200,49.4764404296875,-0.032709603897592
201.25,49.4764404296875,-0.0294423802390574
202.5,49.4764404296875,-0.0262987285424212
203.75,49.4764404296875,-0.0237641871599697
205,49.4764404296875,-0.022399634115676
206.25,49.4764404296875,-0.0222573268170501
207.5,49.4764404296875,-0.0227645683788465
208.75,49.4764404296875,-0.0234029670041057
210,49.4764404296875,-0.0245360163626545
211.25,49.4764404296875,-0.0260388712734838
212.5,49.4764404296875,-0.027138881980345
213.75,49.4764404296875,-0.0274440645129014
215,49.4764404296875,-0.0272610709095801
216.25,49.4764404296875,-0.0267334411850847
217.5,49.4764404296875,-0.0256649840520754
218.75,49.4764404296875,-0.0244513042420598
220,49.4764404296875,-0.0223435924639508
221.25,49.4764404296875,-0.0183921371404397
222.5,49.4764404296875,-0.0126329333927948
223.75,49.4764404296875,-0.00618073413401085
225,49.4764404296875,-0.00087442315209444
226.25,49.4764404296875,0.00204766584454405
227.5,49.4764404296875,0.00296477127388065
228.75,49.4764404296875,0.00260472850268682
230,49.4764404296875,0.00288326396425323
231.25,49.4764404296875,0.00483488865909287
232.5,49.4764404296875,0.00725457005796401
233.75,49.4764404296875,0.0088614727396242
235,49.4764404296875,0.00989384074568958
160,50.4188537597656,-0.0118638832205377
161.25,50.4188537597656,-0.0172989330590294
162.5,50.4188537597656,-0.0178508783352955
163.75,50.4188537597656,-0.0199761660558996
165,50.4188537597656,-0.0239532008301745
166.25,50.4188537597656,-0.0265631504972278
167.5,50.4188537597656,-0.0277234250418344
168.75,50.4188537597656,-0.0278095444345895
170,50.4188537597656,-0.0267198184940731
171.25,50.4188537597656,-0.0247275519977303
172.5,50.4188537597656,-0.0222905106223122
173.75,50.4188537597656,-0.0195040959847029
175,50.4188537597656,-0.0165934483494089
176.25,50.4188537597656,-0.0151006966818277
177.5,50.4188537597656,-0.0170896416373888
178.75,50.4188537597656,-0.0225461665775795
180,50.4188537597656,-0.0274324025575129
181.25,50.4188537597656,-0.0280192425793175
182.5,50.4188537597656,-0.0251720736387649
183.75,50.4188537597656,-0.0208161554788921
185,50.4188537597656,-0.0170160174260543
186.25,50.4188537597656,-0.015764437590777
187.5,50.4188537597656,-0.0168442197859238
188.75,50.4188537597656,-0.0199429875654305
190,50.4188537597656,-0.0238394519133876
191.25,50.4188537597656,-0.026626657474585
192.5,50.4188537597656,-0.028024612496257
193.75,50.4188537597656,-0.0289723241750329
195,50.4188537597656,-0.0300962261020048
196.25,50.4188537597656,-0.0310825406132401
197.5,50.4188537597656,-0.0314913440271843
198.75,50.4188537597656,-0.0312764864058743
200,50.4188537597656,-0.0302685460201499
201.25,50.4188537597656,-0.0282916464176487
202.5,50.4188537597656,-0.0252652902209709
203.75,50.4188537597656,-0.0222564847240888
205,50.4188537597656,-0.020860263439119
206.25,50.4188537597656,-0.0212543486306138
207.5,50.4188537597656,-0.0225058813185445
208.75,50.4188537597656,-0.0238437468422949
210,50.4188537597656,-0.0250777617802731
211.25,50.4188537597656,-0.0262166431324336
212.5,50.4188537597656,-0.0269990694480667
213.75,50.4188537597656,-0.0270269336429544
215,50.4188537597656,-0.026352765736995
216.25,50.4188537597656,-0.0251873709281746
217.5,50.4188537597656,-0.0241545833608447
218.75,50.4188537597656,-0.0233077034141352
220,50.4188537597656,-0.0208701823223469
221.25,50.4188537597656,-0.0158385477820124
222.5,50.4188537597656,-0.00906672257927578
223.75,50.4188537597656,-0.00246827704862268
225,50.4188537597656,0.00219543976260513
226.25,50.4188537597656,0.00399656039270234
227.5,50.4188537597656,0.00407091120725343
228.75,50.4188537597656,0.00373837417270864
230,50.4188537597656,0.00475471067957797
231.25,50.4188537597656,0.00766934710338693
232.5,50.4188537597656,0.00807516045153104
233.75,50.4188537597656,0.0089721501588791
160,51.3612518310547,-0.00912854905599722
161.25,51.3612518310547,-0.0213524107966677
162.5,51.3612518310547,-0.028752200546687
163.75,51.3612518310547,-0.0310627302169713
165,51.3612518310547,-0.0334142341362536
166.25,51.3612518310547,-0.0352296179845824
167.5,51.3612518310547,-0.0359620172032714
168.75,51.3612518310547,-0.0362266285119314
170,51.3612518310547,-0.0364966790097369
171.25,51.3612518310547,-0.036869519909912
172.5,51.3612518310547,-0.0363740918381058
173.75,51.3612518310547,-0.0343442953639296
175,51.3612518310547,-0.0310000529760119
176.25,51.3612518310547,-0.0281582183306119
177.5,51.3612518310547,-0.0293379357463595
178.75,51.3612518310547,-0.0345384164956989
180,51.3612518310547,-0.0377500328401611
181.25,51.3612518310547,-0.0364047231852559
182.5,51.3612518310547,-0.033138334593289
183.75,51.3612518310547,-0.0291954581977254
185,51.3612518310547,-0.0258935857097596
186.25,51.3612518310547,-0.0251392375358168
187.5,51.3612518310547,-0.0263888021149374
188.75,51.3612518310547,-0.0282903755550301
190,51.3612518310547,-0.029462280293497
191.25,51.3612518310547,-0.0298283638906072
192.5,51.3612518310547,-0.0302076586458721
193.75,51.3612518310547,-0.0305467921939337
195,51.3612518310547,-0.0308717923196183
196.25,51.3612518310547,-0.0318027784689948
197.5,51.3612518310547,-0.0328503827058628
198.75,51.3612518310547,-0.0331298146143369
200,51.3612518310547,-0.032439406444122
201.25,51.3612518310547,-0.0308931786243052
202.5,51.3612518310547,-0.0283374853279455
203.75,51.3612518310547,-0.0252079269616974
205,51.3612518310547,-0.02329543658959
206.25,51.3612518310547,-0.0233006559012259
207.5,51.3612518310547,-0.0244560599893944
208.75,51.3612518310547,-0.0258144211131541
210,51.3612518310547,-0.0266938435959939
211.25,51.3612518310547,-0.0270672265981345
212.5,51.3612518310547,-0.027071298000792
213.75,51.3612518310547,-0.026590579948507
215,51.3612518310547,-0.0254274068511895
216.25,51.3612518310547,-0.0237752013896095
217.5,51.3612518310547,-0.0225299328146251
218.75,51.3612518310547,-0.0213637151294077
220,51.3612518310547,-0.0184145104471307
221.25,51.3612518310547,-0.0127274415194223
222.5,51.3612518310547,-0.00577813138845023
223.75,51.3612518310547,0.000376846246182924
225,51.3612518310547,0.00402282946785641
226.25,51.3612518310547,0.00556315957648542
227.5,51.3612518310547,0.00617108593956136
228.75,51.3612518310547,0.0069114715584289
230,51.3612518310547,0.0081877915930533
231.25,51.3612518310547,0.0105532053262163
232.5,51.3612518310547,0.0117173682618888
160,52.3036651611328,-0.00756475899397477
161.25,52.3036651611328,-0.01801316776914
162.5,52.3036651611328,-0.028740883435187
163.75,52.3036651611328,-0.0373368504527634
165,52.3036651611328,-0.0428756595897682
166.25,52.3036651611328,-0.0458288516231697
167.5,52.3036651611328,-0.046472712649928
168.75,52.3036651611328,-0.0463667696424851
170,52.3036651611328,-0.046534301246311
171.25,52.3036651611328,-0.0468338753202117
172.5,52.3036651611328,-0.0460911682819187
173.75,52.3036651611328,-0.0437967812736111
175,52.3036651611328,-0.0398675324020667
176.25,52.3036651611328,-0.0374724287696636
177.5,52.3036651611328,-0.0402603156710331
178.75,52.3036651611328,-0.0459824407019011
180,52.3036651611328,-0.0479745254832079
181.25,52.3036651611328,-0.0453625474218728
182.5,52.3036651611328,-0.0416367241513449
183.75,52.3036651611328,-0.0386333507197838
185,52.3036651611328,-0.0353841935916674
186.25,52.3036651611328,-0.0328767980351709
187.5,52.3036651611328,-0.032587101634177
188.75,52.3036651611328,-0.0329713006261501
190,52.3036651611328,-0.0322109652478378
191.25,52.3036651611328,-0.0315850842197659
192.5,52.3036651611328,-0.0323756147858914
193.75,52.3036651611328,-0.0332350613511955
195,52.3036651611328,-0.0333722696455267
196.25,52.3036651611328,-0.0341527573281011
197.5,52.3036651611328,-0.0354463930342576
198.75,52.3036651611328,-0.0359261887407432
200,52.3036651611328,-0.0350592062467225
201.25,52.3036651611328,-0.033441051082603
202.5,52.3036651611328,-0.0312635687211012
203.75,52.3036651611328,-0.0289132242586297
205,52.3036651611328,-0.0273977038384027
206.25,52.3036651611328,-0.0274318907029625
207.5,52.3036651611328,-0.0284928648528935
208.75,52.3036651611328,-0.0291956707912361
210,52.3036651611328,-0.0291195035032392
211.25,52.3036651611328,-0.0283317277815151
212.5,52.3036651611328,-0.0269903657964179
213.75,52.3036651611328,-0.0252113418851395
215,52.3036651611328,-0.0231958521647011
216.25,52.3036651611328,-0.0212450529048728
217.5,52.3036651611328,-0.0196181799915796
218.75,52.3036651611328,-0.0175987679140837
220,52.3036651611328,-0.014158861241999
221.25,52.3036651611328,-0.00923370057919634
222.5,52.3036651611328,-0.00331209314028745
223.75,52.3036651611328,0.00182101602747098
225,52.3036651611328,0.00526395036081757
226.25,52.3036651611328,0.00730487219335604
227.5,52.3036651611328,0.00867844064509565
228.75,52.3036651611328,0.0104854638513206
230,52.3036651611328,0.0117901554544704
231.25,52.3036651611328,0.0122313851417308
232.5,52.3036651611328,0.0123900294208376
160,53.2460784912109,-0.00937033388198342
161.25,53.2460784912109,-0.0191098882129504
162.5,53.2460784912109,-0.0276193954382492
163.75,53.2460784912109,-0.0337770823147598
165,53.2460784912109,-0.0405326374528202
166.25,53.2460784912109,-0.0452823843375822
167.5,53.2460784912109,-0.0477435364177935
168.75,53.2460784912109,-0.0490226046825924
170,53.2460784912109,-0.0497112195344662
171.25,53.2460784912109,-0.0493302041761498
172.5,53.2460784912109,-0.0470400327300209
173.75,53.2460784912109,-0.0428528294738865
175,53.2460784912109,-0.0402864489551721
176.25,53.2460784912109,-0.0423819345112859
177.5,53.2460784912109,-0.0474518090501262
178.75,53.2460784912109,-0.0512573708128302
180,53.2460784912109,-0.0504840586092632
181.25,53.2460784912109,-0.0461558030698765
182.5,53.2460784912109,-0.0428479694421805
183.75,53.2460784912109,-0.0417036001775138
185,53.2460784912109,-0.0400787113826158
186.25,53.2460784912109,-0.0383843634506795
187.5,53.2460784912109,-0.03757479677865
188.75,53.2460784912109,-0.0367769790244634
190,53.2460784912109,-0.0347477458852014
191.25,53.2460784912109,-0.0320866863872035
192.5,53.2460784912109,-0.0305589735469269
193.75,53.2460784912109,-0.03505144914879
195,53.2460784912109,-0.0359599241973378
196.25,53.2460784912109,-0.0362636524313874
197.5,53.2460784912109,-0.0374543121737076
198.75,53.2460784912109,-0.0383477963741567
200,53.2460784912109,-0.0375366368938201
201.25,53.2460784912109,-0.0356824781475295
202.5,53.2460784912109,-0.0330871738015272
203.75,53.2460784912109,-0.0305216515028419
205,53.2460784912109,-0.0291079893163925
206.25,53.2460784912109,-0.0290117156925801
207.5,53.2460784912109,-0.0297227942858138
208.75,53.2460784912109,-0.0301633295526275
210,53.2460784912109,-0.0294497646047957
211.25,53.2460784912109,-0.0276251702172531
212.5,53.2460784912109,-0.0252806033103564
213.75,53.2460784912109,-0.0225182348063434
215,53.2460784912109,-0.0196379371728479
216.25,53.2460784912109,-0.0171305659618942
217.5,53.2460784912109,-0.0152857077033548
218.75,53.2460784912109,-0.0130967877039165
220,53.2460784912109,-0.00982432031413718
221.25,53.2460784912109,-0.0057118257363537
222.5,53.2460784912109,-0.00157599736810414
223.75,53.2460784912109,0.00245104351190962
225,53.2460784912109,0.0062975274972938
226.25,53.2460784912109,0.0090448233921187
227.5,53.2460784912109,0.0104891521265052
228.75,53.2460784912109,0.0118824779104997
230,53.2460784912109,0.0133069478922832
231.25,53.2460784912109,0.0126258421188014
160,54.1884765625,-0.0165463680104913
161.25,54.1884765625,-0.021468644319839
162.5,54.1884765625,-0.0315551843768424
163.75,54.1884765625,-0.035605754447979
165,54.1884765625,-0.0355233071722635
166.25,54.1884765625,-0.0366758380550298
167.5,54.1884765625,-0.0394787001009112
168.75,54.1884765625,-0.0423463748966015
170,54.1884765625,-0.0437192114754872
171.25,54.1884765625,-0.0428260205533173
172.5,54.1884765625,-0.0406329731095723
173.75,54.1884765625,-0.0390757633773389
175,54.1884765625,-0.0404942131100606
176.25,54.1884765625,-0.0447702496509714
177.5,54.1884765625,-0.0479910430516926
178.75,54.1884765625,-0.0474905615736938
180,54.1884765625,-0.0436174445162107
181.25,54.1884765625,-0.0402668769303079
182.5,54.1884765625,-0.0399644293301245
183.75,54.1884765625,-0.039855344477566
185,54.1884765625,-0.0390277454815492
186.25,54.1884765625,-0.0384599871407867
187.5,54.1884765625,-0.0382729791193545
188.75,54.1884765625,-0.0376577665221333
190,54.1884765625,-0.0357721887450468
191.25,54.1884765625,-0.0331682225994993
192.5,54.1884765625,-0.0313150877983763
193.75,54.1884765625,-0.0331964455023467
195,54.1884765625,-0.0353265895468923
196.25,54.1884765625,-0.0342731230518099
197.5,54.1884765625,-0.036886340281672
198.75,54.1884765625,-0.0399660705995473
200,54.1884765625,-0.0390005561575081
201.25,54.1884765625,-0.0366012960317715
202.5,54.1884765625,-0.0322824311178655
203.75,54.1884765625,-0.0273087945739865
205,54.1884765625,-0.0240438083019645
206.25,54.1884765625,-0.0226332891701789
207.5,54.1884765625,-0.0231452550888116
208.75,54.1884765625,-0.0240267665856718
210,54.1884765625,-0.02351665863809
211.25,54.1884765625,-0.0219476750006792
212.5,54.1884765625,-0.0199167872341656
213.75,54.1884765625,-0.0178251350871332
215,54.1884765625,-0.0152572282846689
216.25,54.1884765625,-0.0124280147575876
217.5,54.1884765625,-0.00995947348633255
218.75,54.1884765625,-0.0078530804228359
220,54.1884765625,-0.00580132210789352
221.25,54.1884765625,-0.00311058886961243
222.5,54.1884765625,8.7869200967112e-05
223.75,54.1884765625,0.00406497930964761
225,54.1884765625,0.00784383297265524
226.25,54.1884765625,0.0105687505922453
227.5,54.1884765625,0.0116124403019038
228.75,54.1884765625,0.0124844234132751
230,54.1884765625,0.0131751419015391
161.25,55.1308898925781,-0.0317932843531213
162.5,55.1308898925781,-0.0345014541088501
163.75,55.1308898925781,-0.0388155061706764
165,55.1308898925781,-0.0375415487196145
166.25,55.1308898925781,-0.0343101468035532
167.5,55.1308898925781,-0.0336250348592082
168.75,55.1308898925781,-0.0350478537312964
170,55.1308898925781,-0.0359210468532802
171.25,55.1308898925781,-0.0361751658353999
172.5,55.1308898925781,-0.0371569395109703
173.75,55.1308898925781,-0.0396580763241215
175,55.1308898925781,-0.0429816706285911
176.25,55.1308898925781,-0.0442073106091828
177.5,55.1308898925781,-0.041769209170856
178.75,55.1308898925781,-0.0377847063073952
180,55.1308898925781,-0.0354204569978769
181.25,55.1308898925781,-0.0355107072278404
182.5,55.1308898925781,-0.0354903019045204
183.75,55.1308898925781,-0.0344601923223382
185,55.1308898925781,-0.0340930345542699
186.25,55.1308898925781,-0.0351999838497077
187.5,55.1308898925781,-0.0363588306797443
188.75,55.1308898925781,-0.0361043808497991
190,55.1308898925781,-0.0344854903161578
191.25,55.1308898925781,-0.032670259241971
192.5,55.1308898925781,-0.0317992760217243
193.75,55.1308898925781,-0.0326548457726222
195,55.1308898925781,-0.0326303171747926
196.25,55.1308898925781,-0.0318891201587009
197.5,55.1308898925781,-0.0335891756571105
198.75,55.1308898925781,-0.0415154447440551
200,55.1308898925781,-0.0394057544765367
201.25,55.1308898925781,-0.0371573879511513
202.5,55.1308898925781,-0.0306194168684631
203.75,55.1308898925781,-0.0227373514955088
205,55.1308898925781,-0.0174511806630755
206.25,55.1308898925781,-0.013722676818796
207.5,55.1308898925781,-0.0112142842991255
208.75,55.1308898925781,-0.0103816769060615
210,55.1308898925781,-0.0115089021932045
211.25,55.1308898925781,-0.0123193473790355
212.5,55.1308898925781,-0.0116266734615437
213.75,55.1308898925781,-0.0102114393083522
215,55.1308898925781,-0.00833797004123181
216.25,55.1308898925781,-0.00651104921527674
217.5,55.1308898925781,-0.00468970853811569
218.75,55.1308898925781,-0.0032709584182302
220,55.1308898925781,-0.00213757905712079
221.25,55.1308898925781,-0.000591978225872711
222.5,55.1308898925781,0.00237519947923748
223.75,55.1308898925781,0.00625976149157924
225,55.1308898925781,0.00926911521808006
226.25,55.1308898925781,0.0107140346449164
227.5,55.1308898925781,0.0114176033875177
228.75,55.1308898925781,0.012282598773016
230,55.1308898925781,0.0131751346330999
161.25,56.0733032226562,-0.0329227392465612
162.5,56.0733032226562,-0.0378177477903273
163.75,56.0733032226562,-0.0403995823875531
165,56.0733032226562,-0.0378876451717762
166.25,56.0733032226562,-0.033148629774099
167.5,56.0733032226562,-0.0313716837148035
168.75,56.0733032226562,-0.0321610877553842
170,56.0733032226562,-0.034084441248993
171.25,56.0733032226562,-0.0363412720916703
172.5,56.0733032226562,-0.0388722159933257
173.75,56.0733032226562,-0.0416085017675097
175,56.0733032226562,-0.0429814662059252
176.25,56.0733032226562,-0.0403057332322017
177.5,56.0733032226562,-0.0344172552475023
178.75,56.0733032226562,-0.0300320431166402
180,56.0733032226562,-0.0285038149829314
181.25,56.0733032226562,-0.0276338860757165
182.5,56.0733032226562,-0.0268874464932781
183.75,56.0733032226562,-0.0270838662580099
185,56.0733032226562,-0.0291664774722328
186.25,56.0733032226562,-0.0323442684029068
187.5,56.0733032226562,-0.0347631492092643
188.75,56.0733032226562,-0.0354292158862881
190,56.0733032226562,-0.0343236730495897
191.25,56.0733032226562,-0.0323662398054646
192.5,56.0733032226562,-0.0317231367788231
193.75,56.0733032226562,-0.0325177504785322
195,56.0733032226562,-0.0326116300489843
196.25,56.0733032226562,-0.0325591836054528
197.5,56.0733032226562,-0.0323860318905032
198.75,56.0733032226562,-0.0296446134276307
200,56.0733032226562,-0.0341203210578272
201.25,56.0733032226562,-0.0303983790667721
202.5,56.0733032226562,-0.0229301026906449
203.75,56.0733032226562,-0.0143371518447126
205,56.0733032226562,-0.00893319626238178
206.25,56.0733032226562,-0.0068237576334203
207.5,56.0733032226562,-0.00308109041741534
208.75,56.0733032226562,-0.000602933595333712
210,56.0733032226562,0.000463475350692429
211.25,56.0733032226562,-9.95149471627593e-05
212.5,56.0733032226562,-0.00112325519119564
213.75,56.0733032226562,-0.00147123782450225
215,56.0733032226562,-0.000789338005754877
216.25,56.0733032226562,1.10724274265222e-05
217.5,56.0733032226562,0.000186104832723782
218.75,56.0733032226562,9.47859604264449e-05
220,56.0733032226562,0.000789962689207995
221.25,56.0733032226562,0.00285427531993216
222.5,56.0733032226562,0.00595353413248446
223.75,56.0733032226562,0.00851039512388939
225,56.0733032226562,0.00952388327579974
226.25,56.0733032226562,0.00952649598046838
227.5,56.0733032226562,0.0112252055912913
162.5,57.0157012939453,-0.0430200243581433
163.75,57.0157012939453,-0.0433853293281539
165,57.0157012939453,-0.0408770924282548
166.25,57.0157012939453,-0.0343686712234295
167.5,57.0157012939453,-0.0314477065554177
168.75,57.0157012939453,-0.032709297254368
170,57.0157012939453,-0.035987453520629
171.25,57.0157012939453,-0.0394601486705919
172.5,57.0157012939453,-0.0416312754239967
173.75,57.0157012939453,-0.0412647901523812
175,57.0157012939453,-0.0372960725220042
176.25,57.0157012939453,-0.0313125181262529
177.5,57.0157012939453,-0.026579553191489
178.75,57.0157012939453,-0.0238931188443438
180,57.0157012939453,-0.0221495805019195
181.25,57.0157012939453,-0.0206016822667006
182.5,57.0157012939453,-0.020126430726313
183.75,57.0157012939453,-0.0221208096168896
185,57.0157012939453,-0.0262855012642211
186.25,57.0157012939453,-0.0311841260569
187.5,57.0157012939453,-0.035369661407941
188.75,57.0157012939453,-0.0375058628672344
190,57.0157012939453,-0.0353553019122074
191.25,57.0157012939453,-0.0306218418198744
192.5,57.0157012939453,-0.0297057619172881
193.75,57.0157012939453,-0.0305161037515801
195,57.0157012939453,-0.031076699167258
196.25,57.0157012939453,-0.0312593079038476
197.5,57.0157012939453,-0.0308087729427876
198.75,57.0157012939453,-0.0277009291525159
200,57.0157012939453,-0.0219306080402757
201.25,57.0157012939453,-0.0149378182681897
202.5,57.0157012939453,-0.0107219237231793
203.75,57.0157012939453,-0.00520940152742528
205,57.0157012939453,-0.00234042082298731
206.25,57.0157012939453,-0.000806703991824112
207.5,57.0157012939453,0.00469834943427065
208.75,57.0157012939453,0.00612002141934609
210,57.0157012939453,0.00748661156485564
211.25,57.0157012939453,0.00794439142066342
212.5,57.0157012939453,0.00747900361612859
213.75,57.0157012939453,0.00634538190671972
215,57.0157012939453,0.00509281578665412
216.25,57.0157012939453,0.00429534723452511
217.5,57.0157012939453,0.00385943285183391
218.75,57.0157012939453,0.00395131995241247
220,57.0157012939453,0.00487040492433344
221.25,57.0157012939453,0.00707080591818452
222.5,57.0157012939453,0.0093163476107762
223.75,57.0157012939453,0.0100404640241498
225,57.0157012939453,0.00937696841857154
226.25,57.0157012939453,0.00846701432446023
162.5,57.9581146240234,-0.0462619883269777
163.75,57.9581146240234,-0.0469623308101273
165,57.9581146240234,-0.0471174972459433
166.25,57.9581146240234,-0.0425967046469555
167.5,57.9581146240234,-0.0390488000592917
168.75,57.9581146240234,-0.0388310468661191
170,57.9581146240234,-0.0400167285740998
171.25,57.9581146240234,-0.0408466226796073
172.5,57.9581146240234,-0.0394162169421415
173.75,57.9581146240234,-0.0345925545508175
175,57.9581146240234,-0.0283202794803342
176.25,57.9581146240234,-0.0232486446609849
177.5,57.9581146240234,-0.0196941441388416
178.75,57.9581146240234,-0.0170760439408291
180,57.9581146240234,-0.0153078480939089
181.25,57.9581146240234,-0.0152465730569861
182.5,57.9581146240234,-0.0176584042673913
183.75,57.9581146240234,-0.0217647718517493
185,57.9581146240234,-0.0264387649932023
186.25,57.9581146240234,-0.031308280381751
187.5,57.9581146240234,-0.0369590908379029
188.75,57.9581146240234,-0.0396663272316076
190,57.9581146240234,-0.0341885014819245
191.25,57.9581146240234,-0.0306851053967528
192.5,57.9581146240234,-0.0312103032685967
193.75,57.9581146240234,-0.0315026698195358
195,57.9581146240234,-0.0292452189667894
196.25,57.9581146240234,-0.02559635273429
197.5,57.9581146240234,-0.023286064975102
198.75,57.9581146240234,-0.0228932024476349
200,57.9581146240234,-0.0182346381620507
201.25,57.9581146240234,-0.00990172279082921
202.5,57.9581146240234,-0.00538416486613712
203.75,57.9581146240234,-0.00259270972257982
206.25,57.9581146240234,0.0110163968394487
207.5,57.9581146240234,0.0106993338544736
208.75,57.9581146240234,0.0116166648926146
210,57.9581146240234,0.0131386984989531
211.25,57.9581146240234,0.0139348028035728
212.5,57.9581146240234,0.0133803818701435
213.75,57.9581146240234,0.0118934570037994
215,57.9581146240234,0.0102905341695557
216.25,57.9581146240234,0.00888588742318451
217.5,57.9581146240234,0.00823979280701763
218.75,57.9581146240234,0.0089418276128084
220,57.9581146240234,0.0101903267752649
221.25,57.9581146240234,0.0112701511874397
222.5,57.9581146240234,0.0116781518843546
223.75,57.9581146240234,0.011705227319263
225,57.9581146240234,0.0104379175635543
160,58.9005279541016,-0.00833461452810166
161.25,58.9005279541016,-0.00674896182546362
162.5,58.9005279541016,-0.0490972579721227
163.75,58.9005279541016,-0.0489874066021805
165,58.9005279541016,-0.0511457461859712
166.25,58.9005279541016,-0.049941220173186
167.5,58.9005279541016,-0.0462680153628708
168.75,58.9005279541016,-0.0421959576550556
170,58.9005279541016,-0.0383428834039327
171.25,58.9005279541016,-0.0335387590286096
172.5,58.9005279541016,-0.0275295552078312
173.75,58.9005279541016,-0.0212878761322961
175,58.9005279541016,-0.0162909865270876
176.25,58.9005279541016,-0.0137699025555105
177.5,58.9005279541016,-0.01288028450903
178.75,58.9005279541016,-0.0124338182344161
180,58.9005279541016,-0.012777000953698
181.25,58.9005279541016,-0.0147538560945217
182.5,58.9005279541016,-0.0182999808503601
183.75,58.9005279541016,-0.0224110121482329
185,58.9005279541016,-0.02698012500694
186.25,58.9005279541016,-0.0364045293591294
187.5,58.9005279541016,-0.0452057800091245
188.75,58.9005279541016,-0.0422867888196972
190,58.9005279541016,-0.0379899452655494
191.25,58.9005279541016,-0.0353632346332573
192.5,58.9005279541016,-0.033141067537523
193.75,58.9005279541016,-0.0296235042056809
195,58.9005279541016,-0.0236499066752044
196.25,58.9005279541016,-0.016374605145051
197.5,58.9005279541016,-0.0125724076850051
198.75,58.9005279541016,-0.017849927373515
200,58.9005279541016,-0.0124088146207707
201.25,58.9005279541016,-0.0071239610383587
202.5,58.9005279541016,-0.0037403439139836
206.25,58.9005279541016,0.0132372162213152
207.5,58.9005279541016,0.0140546350709212
208.75,58.9005279541016,0.0155733104727292
210,58.9005279541016,0.0169607293164497
211.25,58.9005279541016,0.0187271337448839
212.5,58.9005279541016,0.0192226228909813
213.75,58.9005279541016,0.0175205847307497
215,58.9005279541016,0.0158815127126196
216.25,58.9005279541016,0.0155246034779263
217.5,58.9005279541016,0.0155690470763922
218.75,58.9005279541016,0.0155790233428893
220,58.9005279541016,0.0158564050860426
221.25,58.9005279541016,0.0156277306145482
222.5,58.9005279541016,0.0141905800604771
160,59.8429260253906,-0.0076896773678093
161.25,59.8429260253906,-0.00814041038581573
162.5,59.8429260253906,-0.00821186929242847
163.75,59.8429260253906,-0.0472506767656923
165,59.8429260253906,-0.0518590491934836
166.25,59.8429260253906,-0.0527013866733667
167.5,59.8429260253906,-0.0509063981823352
168.75,59.8429260253906,-0.0480951349239175
170,59.8429260253906,-0.0381284739371007
171.25,59.8429260253906,-0.0281619177190956
172.5,59.8429260253906,-0.0216672899926244
173.75,59.8429260253906,-0.0165939407979083
175,59.8429260253906,-0.013784381816224
176.25,59.8429260253906,-0.0129688150288626
177.5,59.8429260253906,-0.0132324417065776
178.75,59.8429260253906,-0.0134291853155179
180,59.8429260253906,-0.013874853828978
181.25,59.8429260253906,-0.0149549336104329
182.5,59.8429260253906,-0.0176463432207899
183.75,59.8429260253906,-0.0254415973390164
185,59.8429260253906,-0.0389822444436791
186.25,59.8429260253906,-0.0436599930203016
187.5,59.8429260253906,-0.0434198730097233
188.75,59.8429260253906,-0.0409780236845929
190,59.8429260253906,-0.0369661905293982
191.25,59.8429260253906,-0.031106566037582
192.5,59.8429260253906,-0.0244933263908228
193.75,59.8429260253906,-0.0187178803386336
195,59.8429260253906,-0.0150758549804883
196.25,59.8429260253906,-0.0122411259152527
197.5,59.8429260253906,-0.00972616247464367
198.75,59.8429260253906,-0.0092547829787004
206.25,59.8429260253906,0.0145168982009661
207.5,59.8429260253906,0.0147169701443533
208.75,59.8429260253906,0.0181036342880907
210,59.8429260253906,0.0191271554938293
211.25,59.8429260253906,0.0213367155979815
212.5,59.8429260253906,0.0246998300326782
213.75,59.8429260253906,0.0236597060535492
215,59.8429260253906,0.0221620044524555
216.25,59.8429260253906,0.0219981199153401
217.5,59.8429260253906,0.0216823893787737
218.75,59.8429260253906,0.0212740467360891
220,59.8429260253906,0.0213484649667042
221.25,59.8429260253906,0.0212796723801605
160,60.7853393554688,-0.00781164753617926
161.25,60.7853393554688,-0.00907216725732449
162.5,60.7853393554688,-0.00968177040023019
167.5,60.7853393554688,-0.0506156964777422
168.75,60.7853393554688,-0.0505348213024637
170,60.7853393554688,-0.050510447082448
171.25,60.7853393554688,-0.026873045009791
172.5,60.7853393554688,-0.0198858880445106
173.75,60.7853393554688,-0.0146274559365202
175,60.7853393554688,-0.0128695613891232
176.25,60.7853393554688,-0.013598886660479
177.5,60.7853393554688,-0.0151367070364757
178.75,60.7853393554688,-0.015858783348204
180,60.7853393554688,-0.0154446569234738
181.25,60.7853393554688,-0.0159848883950487
182.5,60.7853393554688,-0.0206831687667272
183.75,60.7853393554688,-0.0311515422313533
185,60.7853393554688,-0.0365612596616784
186.25,60.7853393554688,-0.0374070247643605
187.5,60.7853393554688,-0.0364458203598349
188.75,60.7853393554688,-0.0335496882637144
190,60.7853393554688,-0.0271247297244834
191.25,60.7853393554688,-0.0169797903648913
192.5,60.7853393554688,-0.00787798481651679
193.75,60.7853393554688,-0.0027874966184826
195,60.7853393554688,-0.00104379355579666
212.5,60.7853393554688,0.0285601716755342
213.75,60.7853393554688,0.0274092083840058
215,60.7853393554688,0.0246726115010836
216.25,60.7853393554688,0.0237936172272432
160,61.7277526855469,-0.0168867353714542
173.75,61.7277526855469,-0.0127326024714997
175,61.7277526855469,-0.0125744767105535
176.25,61.7277526855469,-0.012577158732385
177.5,61.7277526855469,-0.0124255300310388
178.75,61.7277526855469,-0.0150954399629525
180,61.7277526855469,-0.0163607527258919
181.25,61.7277526855469,-0.0170063981106309
182.5,61.7277526855469,-0.0170336016169074
183.75,61.7277526855469,-0.0226559766892178
185,61.7277526855469,-0.026473387983541
186.25,61.7277526855469,-0.0266656276879275
187.5,61.7277526855469,-0.0245173062725236
188.75,61.7277526855469,-0.021082911263878
190,61.7277526855469,-0.015597286144069
191.25,61.7277526855469,-0.00781374737508885
192.5,61.7277526855469,-2.91565217041604e-05
193.75,61.7277526855469,0.00473464867079934
195,61.7277526855469,0.00314169858906981
175,62.6701507568359,-0.0133565797732317
176.25,62.6701507568359,-0.0129338707405309
177.5,62.6701507568359,-0.0129250019752702
178.75,62.6701507568359,-0.0113643961029147
180,62.6701507568359,-0.0146346500960096
181.25,62.6701507568359,-0.0149132288752197
182.5,62.6701507568359,-0.0149573008524959
183.75,62.6701507568359,-0.0180417185648659
185,62.6701507568359,-0.0199663180657578
186.25,62.6701507568359,-0.0193697799641664
187.5,62.6701507568359,-0.0174682812734357
188.75,62.6701507568359,-0.0148003748587272
190,62.6701507568359,-0.0102664332115568
191.25,62.6701507568359,-0.00375301066991885
192.5,62.6701507568359,0.00334161181288993
193.75,62.6701507568359,0.00894292034548244
195,62.6701507568359,0.0106796609880868
196.25,62.6701507568359,-0.00551897372307078
197.5,62.6701507568359,-0.00551897360087091
178.75,63.6125640869141,-0.0118755611437897
180,63.6125640869141,-0.013178780582967
181.25,63.6125640869141,-0.0164950779297153
182.5,63.6125640869141,-0.0175155243904932
183.75,63.6125640869141,-0.017904070198307
185,63.6125640869141,-0.0180370326671334
186.25,63.6125640869141,-0.0178499831368111
187.5,63.6125640869141,-0.0156858249853216
188.75,63.6125640869141,-0.0101923967272206
190,63.6125640869141,-0.00332585917235758
191.25,63.6125640869141,0.00236256072435661
192.5,63.6125640869141,0.00692553686709804
193.75,63.6125640869141,0.00903031357630545
195,63.6125640869141,0.00508583419120376
196.25,63.6125640869141,-0.00315594430481126
197.5,63.6125640869141,-0.00539657814551045
178.75,64.5549774169922,-0.00586582423417097
180,64.5549774169922,-0.00606108342711991
181.25,64.5549774169922,-0.0127136302216952
182.5,64.5549774169922,-0.0171934777270695
183.75,64.5549774169922,-0.0158966663509849
185,64.5549774169922,-0.0151197106224689
186.25,64.5549774169922,-0.0131120985718213
187.5,64.5549774169922,-0.0106765317499396
188.75,64.5549774169922,-0.00242887405049221
190,64.5549774169922,0.00193646666113371
191.25,64.5549774169922,0.00590239931655953
192.5,64.5549774169922,0.00798425098139882
193.75,64.5549774169922,0.00726620550258267
195,64.5549774169922,0.00325320450642513
196.25,64.5549774169922,-0.00270996065445099
197.5,64.5549774169922,-0.00535178841333314
180,65.4973907470703,-0.0049601258171817
181.25,65.4973907470703,-0.00254571360233447
182.5,65.4973907470703,-0.00375900225676942
183.75,65.4973907470703,-0.00585333054421185
185,65.4973907470703,-0.00624682772961083
188.75,65.4973907470703,0.00509851435869127
190,65.4973907470703,0.00536302234836685
191.25,65.4973907470703,0.0066627946591275
192.5,65.4973907470703,0.00793106645528109
193.75,65.4973907470703,0.00809693272677924
