"lon","lat","beta"
160,20.2617797851562,-0.0215986111352195
161.25,20.2617797851562,-0.0229517791652545
162.5,20.2617797851562,-0.0227098266812526
163.75,20.2617797851562,-0.0213531949983583
165,20.2617797851562,-0.0193195926688537
166.25,20.2617797851562,-0.0166167341570682
167.5,20.2617797851562,-0.0147685787158497
168.75,20.2617797851562,-0.0141995868268422
170,20.2617797851562,-0.0142853865125966
171.25,20.2617797851562,-0.0148071214133151
172.5,20.2617797851562,-0.0153856138338362
173.75,20.2617797851562,-0.0162343629671595
175,20.2617797851562,-0.0177951537364786
176.25,20.2617797851562,-0.0193118078239583
177.5,20.2617797851562,-0.0199039379902456
178.75,20.2617797851562,-0.0201576568595549
180,20.2617797851562,-0.0203075795291588
181.25,20.2617797851562,-0.0198501240618436
182.5,20.2617797851562,-0.0192553279349363
183.75,20.2617797851562,-0.0186384304125178
185,20.2617797851562,-0.0174930229140665
186.25,20.2617797851562,-0.0160551002359213
187.5,20.2617797851562,-0.014560547509841
188.75,20.2617797851562,-0.0127090292324573
190,20.2617797851562,-0.0107210573109649
191.25,20.2617797851562,-0.00966628968785588
192.5,20.2617797851562,-0.00982382697452294
193.75,20.2617797851562,-0.010680370280612
195,20.2617797851562,-0.0118184779217053
196.25,20.2617797851562,-0.0134881778132632
197.5,20.2617797851562,-0.0150677263092715
198.75,20.2617797851562,-0.0158743762496473
200,20.2617797851562,-0.0160586987634207
201.25,20.2617797851562,-0.0157251965141003
202.5,20.2617797851562,-0.0140059226881205
203.75,20.2617797851562,-0.00791946696600129
205,20.2617797851562,0.0036972471257347
206.25,20.2617797851562,0.0089807439697699
207.5,20.2617797851562,0.0130734002424863
208.75,20.2617797851562,0.0182569226649645
210,20.2617797851562,0.0232986619876241
211.25,20.2617797851562,0.0274578633841904
212.5,20.2617797851562,0.0307334206976559
213.75,20.2617797851562,0.032504258343197
215,20.2617797851562,0.0331678975143384
216.25,20.2617797851562,0.0330548161561788
217.5,20.2617797851562,0.0321104559565005
218.75,20.2617797851562,0.0306526421206501
220,20.2617797851562,0.0287788131047189
221.25,20.2617797851562,0.027239641160466
222.5,20.2617797851562,0.026376653108128
223.75,20.2617797851562,0.0253618415926459
225,20.2617797851562,0.0232086180581219
226.25,20.2617797851562,0.0204233671300796
227.5,20.2617797851562,0.0203868277964765
228.75,20.2617797851562,0.0227803393014314
230,20.2617797851562,0.0263754410240041
231.25,20.2617797851562,0.0299507207873062
232.5,20.2617797851562,0.032932558337467
233.75,20.2617797851562,0.0344186450958952
235,20.2617797851562,0.033943417949234
236.25,20.2617797851562,0.0326004185849252
237.5,20.2617797851562,0.0306505696285685
238.75,20.2617797851562,0.0277353055770286
240,20.2617797851562,0.0244408798627448
241.25,20.2617797851562,0.0215307547384738
242.5,20.2617797851562,0.0197605798670701
243.75,20.2617797851562,0.0178679814568317
245,20.2617797851562,0.014216714241421
246.25,20.2617797851562,0.00933813428913662
247.5,20.2617797851562,0.00356531473109302
248.75,20.2617797851562,-0.00313777882179813
250,20.2617797851562,-0.00511944023580728
160,21.2041854858398,-0.0112924481178643
161.25,21.2041854858398,-0.0150076540893334
162.5,21.2041854858398,-0.0180743084516277
163.75,21.2041854858398,-0.0201008221382273
165,21.2041854858398,-0.0208798085857399
166.25,21.2041854858398,-0.019900095729407
167.5,21.2041854858398,-0.0178694297871935
168.75,21.2041854858398,-0.0161808897574956
170,21.2041854858398,-0.0144612244571483
171.25,21.2041854858398,-0.0131881476663159
172.5,21.2041854858398,-0.0122366110135302
173.75,21.2041854858398,-0.0118161126797123
175,21.2041854858398,-0.0118808131033465
176.25,21.2041854858398,-0.0122588732481425
177.5,21.2041854858398,-0.0122956950326513
178.75,21.2041854858398,-0.012268989070658
180,21.2041854858398,-0.0126503715350596
181.25,21.2041854858398,-0.0129328644770948
182.5,21.2041854858398,-0.0131181926110971
183.75,21.2041854858398,-0.0138950384611472
185,21.2041854858398,-0.0144959808787205
186.25,21.2041854858398,-0.0146488306352164
187.5,21.2041854858398,-0.0146288053818407
188.75,21.2041854858398,-0.014048542516368
190,21.2041854858398,-0.0125434623147361
191.25,21.2041854858398,-0.0101359962629415
192.5,21.2041854858398,-0.00830242978071837
193.75,21.2041854858398,-0.00792225896260036
195,21.2041854858398,-0.00848313933709515
196.25,21.2041854858398,-0.00998959010906955
197.5,21.2041854858398,-0.0108259239468429
198.75,21.2041854858398,-0.0100116922266596
200,21.2041854858398,-0.00840357277983562
201.25,21.2041854858398,-0.00726601030100537
202.5,21.2041854858398,-0.00529667584511043
203.75,21.2041854858398,0.0005484148096188
205,21.2041854858398,0.0091824288953995
206.25,21.2041854858398,0.0131664713797712
207.5,21.2041854858398,0.0155120100046775
208.75,21.2041854858398,0.0183642614990391
210,21.2041854858398,0.0214950283063358
211.25,21.2041854858398,0.0244404510614272
212.5,21.2041854858398,0.0269394488032224
213.75,21.2041854858398,0.0285930855980069
215,21.2041854858398,0.0299748385367784
216.25,21.2041854858398,0.0305663696811324
217.5,21.2041854858398,0.0301245308239213
218.75,21.2041854858398,0.029019740033289
220,21.2041854858398,0.0272790965471009
221.25,21.2041854858398,0.0256192680748736
222.5,21.2041854858398,0.0246684694673669
223.75,21.2041854858398,0.0240046968257981
225,21.2041854858398,0.0225651081093653
226.25,21.2041854858398,0.02039722915175
227.5,21.2041854858398,0.0199396729462803
228.75,21.2041854858398,0.0211817141782632
230,21.2041854858398,0.02295242021281
231.25,21.2041854858398,0.0246941748280811
232.5,21.2041854858398,0.0266305389482967
233.75,21.2041854858398,0.027727241641597
235,21.2041854858398,0.0279754944746189
236.25,21.2041854858398,0.0287798099097829
237.5,21.2041854858398,0.0295352983519318
238.75,21.2041854858398,0.0292095318086357
240,21.2041854858398,0.0273752723690969
241.25,21.2041854858398,0.025158199582849
242.5,21.2041854858398,0.0227074149493439
243.75,21.2041854858398,0.0192299660774231
245,21.2041854858398,0.0145755089938431
246.25,21.2041854858398,0.00891578762072461
247.5,21.2041854858398,0.0042049238611252
248.75,21.2041854858398,-0.00102717791247009
250,21.2041854858398,-0.00478146056106238
160,22.146598815918,-0.00470245368191304
161.25,22.146598815918,-0.00867858089868835
162.5,22.146598815918,-0.0126786275730344
163.75,22.146598815918,-0.0165007885344107
165,22.146598815918,-0.0194602613159417
166.25,22.146598815918,-0.0207837722850043
167.5,22.146598815918,-0.0206550908728738
168.75,22.146598815918,-0.0192506207762927
170,22.146598815918,-0.0172894116458096
171.25,22.146598815918,-0.0156863749276184
172.5,22.146598815918,-0.0138501717126959
173.75,22.146598815918,-0.0121857915210523
175,22.146598815918,-0.0105036108725718
176.25,22.146598815918,-0.00857293086843672
177.5,22.146598815918,-0.00662068559363842
178.75,22.146598815918,-0.00513002530579011
180,22.146598815918,-0.00419381169613349
181.25,22.146598815918,-0.00405948464455048
182.5,22.146598815918,-0.00455702932535781
183.75,22.146598815918,-0.00598910582476604
185,22.146598815918,-0.00749627039769392
186.25,22.146598815918,-0.00863535063476032
187.5,22.146598815918,-0.00997320167806975
188.75,22.146598815918,-0.0114322917039862
190,22.146598815918,-0.0116993380036964
191.25,22.146598815918,-0.00987732754882301
192.5,22.146598815918,-0.0072690009586615
193.75,22.146598815918,-0.00633344576907786
195,22.146598815918,-0.00696746762881433
196.25,22.146598815918,-0.00879047359427006
197.5,22.146598815918,-0.00936103414604698
198.75,22.146598815918,-0.00785467371847044
200,22.146598815918,-0.0053746542021746
201.25,22.146598815918,-0.00294342934350284
202.5,22.146598815918,0.000157615500874498
203.75,22.146598815918,0.00600102037789832
205,22.146598815918,0.0122488413992195
206.25,22.146598815918,0.0161533959365175
207.5,22.146598815918,0.0183885335894292
208.75,22.146598815918,0.0197565665668398
210,22.146598815918,0.0207874492958363
211.25,22.146598815918,0.0219089536982745
212.5,22.146598815918,0.0228766552066637
213.75,22.146598815918,0.023631286720377
215,22.146598815918,0.0243325249263404
216.25,22.146598815918,0.0251768810068159
217.5,22.146598815918,0.0256901171239421
218.75,22.146598815918,0.025436067244929
220,22.146598815918,0.0243888679792362
221.25,22.146598815918,0.0231277179588765
222.5,22.146598815918,0.022195259566823
223.75,22.146598815918,0.0215315004603494
225,22.146598815918,0.0206918749252715
226.25,22.146598815918,0.0201725161747961
227.5,22.146598815918,0.020429324774675
228.75,22.146598815918,0.0207601400277492
230,22.146598815918,0.0209281860152517
231.25,22.146598815918,0.0209004889952621
232.5,22.146598815918,0.0213065109318204
233.75,22.146598815918,0.0221270658389627
235,22.146598815918,0.0227918292058008
236.25,22.146598815918,0.0243694815587007
237.5,22.146598815918,0.0271437358304809
238.75,22.146598815918,0.0292194937284646
240,22.146598815918,0.0286923981927342
241.25,22.146598815918,0.0260945885710976
242.5,22.146598815918,0.021569958875034
243.75,22.146598815918,0.014681032763241
245,22.146598815918,0.00622368413561741
246.25,22.146598815918,-0.00132783970704975
247.5,22.146598815918,-0.00442704663963642
248.75,22.146598815918,-0.00487743144936686
250,22.146598815918,-0.00501758771118957
160,23.0890045166016,-0.0030088113861542
161.25,23.0890045166016,-0.00740466667767467
162.5,23.0890045166016,-0.0119201812600204
163.75,23.0890045166016,-0.0161710986640944
165,23.0890045166016,-0.0193526489995717
166.25,23.0890045166016,-0.0212302454716715
167.5,23.0890045166016,-0.0221991004570912
168.75,23.0890045166016,-0.0219600348966524
170,23.0890045166016,-0.0214728065707738
171.25,23.0890045166016,-0.0211055060674841
172.5,23.0890045166016,-0.0192797739249491
173.75,23.0890045166016,-0.0167186210051293
175,23.0890045166016,-0.013886275739217
176.25,23.0890045166016,-0.0107079908294237
177.5,23.0890045166016,-0.00732771596918663
178.75,23.0890045166016,-0.00369913632228351
180,23.0890045166016,-0.000276502734919983
181.25,23.0890045166016,0.00189321514184899
182.5,23.0890045166016,0.00280077980322387
183.75,23.0890045166016,0.00239698308673491
185,23.0890045166016,0.00131054422809231
186.25,23.0890045166016,-0.000256687351040354
187.5,23.0890045166016,-0.00238904397416705
188.75,23.0890045166016,-0.00505742104439355
190,23.0890045166016,-0.00729575510223469
191.25,23.0890045166016,-0.00732468586332326
192.5,23.0890045166016,-0.00635654187646704
193.75,23.0890045166016,-0.00579378330608248
195,23.0890045166016,-0.00623959455435497
196.25,23.0890045166016,-0.0081860559853047
197.5,23.0890045166016,-0.00948180733731792
198.75,23.0890045166016,-0.0086633244630427
200,23.0890045166016,-0.00617814626321289
201.25,23.0890045166016,-0.00265054530041704
202.5,23.0890045166016,0.00149794449943086
203.75,23.0890045166016,0.00691804495329619
205,23.0890045166016,0.0121692895130922
206.25,23.0890045166016,0.0161359343909499
207.5,23.0890045166016,0.0189193013420781
208.75,23.0890045166016,0.0203916138278635
210,23.0890045166016,0.0209632526883235
211.25,23.0890045166016,0.0209591726684854
212.5,23.0890045166016,0.0205946509145465
213.75,23.0890045166016,0.0203439571541158
215,23.0890045166016,0.0199751846160959
216.25,23.0890045166016,0.0201694989067236
217.5,23.0890045166016,0.020828242738817
218.75,23.0890045166016,0.0211667365709002
220,23.0890045166016,0.0209560440972506
221.25,23.0890045166016,0.0204026333977438
222.5,23.0890045166016,0.0197395412178459
223.75,23.0890045166016,0.0191798373401724
225,23.0890045166016,0.0187450627703056
226.25,23.0890045166016,0.0190963955825305
227.5,23.0890045166016,0.0198418564470642
228.75,23.0890045166016,0.0200171849248207
230,23.0890045166016,0.019518711694244
231.25,23.0890045166016,0.0189358481831015
232.5,23.0890045166016,0.0186884809337866
233.75,23.0890045166016,0.0190407110958642
235,23.0890045166016,0.0197682646942202
236.25,23.0890045166016,0.0215983544480277
237.5,23.0890045166016,0.0257200434452704
238.75,23.0890045166016,0.0286732060614954
240,23.0890045166016,0.0279428952172179
241.25,23.0890045166016,0.0238001809720135
242.5,23.0890045166016,0.0161901112264931
243.75,23.0890045166016,0.00667138619430964
245,23.0890045166016,-0.00344432958020853
246.25,23.0890045166016,-0.0102633415785929
247.5,23.0890045166016,-0.0102317463744833
248.75,23.0890045166016,-0.0082037198068173
250,23.0890045166016,-0.00344730922085346
160,24.0314178466797,-0.00696859627547031
161.25,24.0314178466797,-0.0109002604633467
162.5,24.0314178466797,-0.0152736978856175
163.75,24.0314178466797,-0.0193564781727601
165,24.0314178466797,-0.0224330456275943
166.25,24.0314178466797,-0.0242999536675911
167.5,24.0314178466797,-0.0252993096578126
168.75,24.0314178466797,-0.0262845914423274
170,24.0314178466797,-0.0268384702009782
171.25,24.0314178466797,-0.0269183852411389
172.5,24.0314178466797,-0.025838592517903
173.75,24.0314178466797,-0.023667987554048
175,24.0314178466797,-0.0206498139609664
176.25,24.0314178466797,-0.0171480819607995
177.5,24.0314178466797,-0.0133532141807167
178.75,24.0314178466797,-0.00879614240440792
180,24.0314178466797,-0.00370908697119479
181.25,24.0314178466797,0.000722159461411994
182.5,24.0314178466797,0.00380677379509103
183.75,24.0314178466797,0.0060746390833947
185,24.0314178466797,0.00719226556088746
186.25,24.0314178466797,0.00696920731009279
187.5,24.0314178466797,0.00564683653429094
188.75,24.0314178466797,0.00318258552673468
190,24.0314178466797,-3.95384927584567e-05
191.25,24.0314178466797,-0.00253328708895113
192.5,24.0314178466797,-0.00396119158184793
193.75,24.0314178466797,-0.00484013202030653
195,24.0314178466797,-0.00560347094109165
196.25,24.0314178466797,-0.00717738819831456
197.5,24.0314178466797,-0.00937771465793865
198.75,24.0314178466797,-0.0106240468521923
200,24.0314178466797,-0.0092228929861093
201.25,24.0314178466797,-0.00488416381186871
202.5,24.0314178466797,0.000866290720541484
203.75,24.0314178466797,0.00658410979921632
205,24.0314178466797,0.0115432974918878
206.25,24.0314178466797,0.0153850317734066
207.5,24.0314178466797,0.0184820656837026
208.75,24.0314178466797,0.0206491570886857
210,24.0314178466797,0.0216673064563803
211.25,24.0314178466797,0.0214894385229822
212.5,24.0314178466797,0.0203639233355076
213.75,24.0314178466797,0.0190161028481853
215,24.0314178466797,0.0179567598148976
216.25,24.0314178466797,0.0176032649452924
217.5,24.0314178466797,0.0180164789287107
218.75,24.0314178466797,0.0184949985104444
220,24.0314178466797,0.0186677045091048
221.25,24.0314178466797,0.0184889531032594
222.5,24.0314178466797,0.0181299083929021
223.75,24.0314178466797,0.0177483013522094
225,24.0314178466797,0.0174538599348074
226.25,24.0314178466797,0.0175791712985296
227.5,24.0314178466797,0.0177636653417632
228.75,24.0314178466797,0.0179601569110999
230,24.0314178466797,0.0180649593295793
231.25,24.0314178466797,0.0179391141422886
232.5,24.0314178466797,0.0176814753617007
233.75,24.0314178466797,0.0177235692628364
235,24.0314178466797,0.0182864251795057
236.25,24.0314178466797,0.0205380189044118
237.5,24.0314178466797,0.0252731355711454
238.75,24.0314178466797,0.0278776669309549
240,24.0314178466797,0.0253851322352829
241.25,24.0314178466797,0.018470106032678
242.5,24.0314178466797,0.00871036109040186
243.75,24.0314178466797,2.31810858269869e-05
245,24.0314178466797,-0.00839818247828193
246.25,24.0314178466797,-0.0127111070528018
247.5,24.0314178466797,-0.0107247660360293
248.75,24.0314178466797,-0.00800254312041995
250,24.0314178466797,0.00390117195779412
160,24.9738235473633,-0.0134771195324562
161.25,24.9738235473633,-0.0161873317482865
162.5,24.9738235473633,-0.0200007911300335
163.75,24.9738235473633,-0.0237529065719853
165,24.9738235473633,-0.0266289934296624
166.25,24.9738235473633,-0.0287837586442903
167.5,24.9738235473633,-0.0302162344050962
168.75,24.9738235473633,-0.0316378487804715
170,24.9738235473633,-0.0327500190583048
171.25,24.9738235473633,-0.0338258677209331
172.5,24.9738235473633,-0.0337877491685963
173.75,24.9738235473633,-0.0322740172906569
175,24.9738235473633,-0.0294789785722321
176.25,24.9738235473633,-0.0261428819435712
177.5,24.9738235473633,-0.0225019186416062
178.75,24.9738235473633,-0.01799047045632
180,24.9738235473633,-0.0124552434863151
181.25,24.9738235473633,-0.00682852183428641
182.5,24.9738235473633,-0.00240307606046409
183.75,24.9738235473633,0.00173795874027716
185,24.9738235473633,0.00522564460756669
186.25,24.9738235473633,0.0074940026497555
187.5,24.9738235473633,0.00840985107012427
188.75,24.9738235473633,0.00761335059336546
190,24.9738235473633,0.00529675412473707
191.25,24.9738235473633,0.00184483028650917
192.5,24.9738235473633,-0.00130610517687497
193.75,24.9738235473633,-0.00368179859836766
195,24.9738235473633,-0.00529465001472083
196.25,24.9738235473633,-0.00647536054790809
197.5,24.9738235473633,-0.00787502900691338
198.75,24.9738235473633,-0.00966738539790568
200,24.9738235473633,-0.0106678725785107
201.25,24.9738235473633,-0.00943950978371198
202.5,24.9738235473633,-0.00464467066365938
203.75,24.9738235473633,0.00296280447007223
205,24.9738235473633,0.00970085342750594
206.25,24.9738235473633,0.0144327252828151
207.5,24.9738235473633,0.0179746382290411
208.75,24.9738235473633,0.0208329720910315
210,24.9738235473633,0.0225668456958548
211.25,24.9738235473633,0.0226252854431319
212.5,24.9738235473633,0.0210301407377751
213.75,24.9738235473633,0.0190815264721277
215,24.9738235473633,0.0172769776124885
216.25,24.9738235473633,0.0166813220803542
217.5,24.9738235473633,0.016860075175413
218.75,24.9738235473633,0.0173293065107522
220,24.9738235473633,0.0177322364321292
221.25,24.9738235473633,0.0175575529044317
222.5,24.9738235473633,0.0171911164638933
223.75,24.9738235473633,0.0170157683285466
225,24.9738235473633,0.0167599990836067
226.25,24.9738235473633,0.0166267039857591
227.5,24.9738235473633,0.0161766328649313
228.75,24.9738235473633,0.0158103392945659
230,24.9738235473633,0.0159557656103308
231.25,24.9738235473633,0.0162210094194749
232.5,24.9738235473633,0.0166144415725089
233.75,24.9738235473633,0.0168923835797072
235,24.9738235473633,0.0172364403150987
236.25,24.9738235473633,0.0193632924181241
237.5,24.9738235473633,0.0236739507213233
238.75,24.9738235473633,0.0252358019918378
240,24.9738235473633,0.0202773275757805
241.25,24.9738235473633,0.0107113755518194
242.5,24.9738235473633,0.00105827435552155
243.75,24.9738235473633,-0.00476297652084651
245,24.9738235473633,-0.0104772196273433
246.25,24.9738235473633,-0.0128972292891284
247.5,24.9738235473633,-0.0112014269474951
248.75,24.9738235473633,-0.00584875012865574
250,24.9738235473633,0.0035200780332497
160,25.9162292480469,-0.0193304062443752
161.25,25.9162292480469,-0.0198999714602874
162.5,25.9162292480469,-0.0215183681389468
163.75,25.9162292480469,-0.0240437317689444
165,25.9162292480469,-0.0269106104750043
166.25,25.9162292480469,-0.0297311989684891
167.5,25.9162292480469,-0.0321898495145994
168.75,25.9162292480469,-0.0348688620688551
170,25.9162292480469,-0.0371672575056844
171.25,25.9162292480469,-0.0392275255844775
172.5,25.9162292480469,-0.0401184462384154
173.75,25.9162292480469,-0.0391758506110892
175,25.9162292480469,-0.0370438853780691
176.25,25.9162292480469,-0.0342843780655801
177.5,25.9162292480469,-0.031068893976631
178.75,25.9162292480469,-0.0272485712670503
180,25.9162292480469,-0.0227540640782201
181.25,25.9162292480469,-0.0176888223343452
182.5,25.9162292480469,-0.0126840228588084
183.75,25.9162292480469,-0.00802204006597693
185,25.9162292480469,-0.00341284633054814
186.25,25.9162292480469,0.000615378035261296
187.5,25.9162292480469,0.00305805065062122
188.75,25.9162292480469,0.0032970974522625
190,25.9162292480469,0.00234808293230738
191.25,25.9162292480469,0.000518557817032682
192.5,25.9162292480469,-0.00171590739845233
193.75,25.9162292480469,-0.00439573258962472
195,25.9162292480469,-0.00691568061639781
196.25,25.9162292480469,-0.00844514509906636
197.5,25.9162292480469,-0.0087476426520148
198.75,25.9162292480469,-0.00893415019579056
200,25.9162292480469,-0.00909755297042316
201.25,25.9162292480469,-0.00936823342960857
202.5,25.9162292480469,-0.0089019028243823
203.75,25.9162292480469,-0.00555512965723017
205,25.9162292480469,0.00131568757035136
206.25,25.9162292480469,0.0095971619985709
207.5,25.9162292480469,0.0162390756714622
208.75,25.9162292480469,0.0206882253541238
210,25.9162292480469,0.0230445137206512
211.25,25.9162292480469,0.0237909362825476
212.5,25.9162292480469,0.0224946338607623
213.75,25.9162292480469,0.0198531584527859
215,25.9162292480469,0.0175526342562972
216.25,25.9162292480469,0.0160729561320732
217.5,25.9162292480469,0.0159471024554955
218.75,25.9162292480469,0.0164708675237976
220,25.9162292480469,0.0172765480538411
221.25,25.9162292480469,0.0175106248720222
222.5,25.9162292480469,0.0171805530400975
223.75,25.9162292480469,0.0168181710986998
225,25.9162292480469,0.0162752402363638
226.25,25.9162292480469,0.015900849803269
227.5,25.9162292480469,0.0155861875670952
228.75,25.9162292480469,0.0149992209195536
230,25.9162292480469,0.014453646060065
231.25,25.9162292480469,0.014256227620903
232.5,25.9162292480469,0.0146748778704088
233.75,25.9162292480469,0.015442263744157
235,25.9162292480469,0.0164937827441154
236.25,25.9162292480469,0.0179136200366542
237.5,25.9162292480469,0.0198027484258393
238.75,25.9162292480469,0.0195069296726486
240,25.9162292480469,0.0133028112893461
241.25,25.9162292480469,0.00292783259898046
242.5,25.9162292480469,-0.00519555370412006
243.75,25.9162292480469,-0.00854040602809006
245,25.9162292480469,-0.0116858601482394
246.25,25.9162292480469,-0.0126218587978886
247.5,25.9162292480469,-0.0120616818802598
248.75,25.9162292480469,-0.00210412326777762
250,25.9162292480469,0.00324801469141764
160,26.858642578125,-0.0190350407685704
161.25,26.858642578125,-0.0190078322814
162.5,26.858642578125,-0.0189571226113457
163.75,26.858642578125,-0.0196076543096961
165,26.858642578125,-0.0214508562024317
166.25,26.858642578125,-0.0243845807126072
167.5,26.858642578125,-0.0281575771088963
168.75,26.858642578125,-0.032925244289809
170,26.858642578125,-0.0374824837629402
171.25,26.858642578125,-0.0410411857039567
172.5,26.858642578125,-0.0428697367082244
173.75,26.858642578125,-0.0429081431355649
175,26.858642578125,-0.0416409158522259
176.25,26.858642578125,-0.0394429065457222
177.5,26.858642578125,-0.0362476273111186
178.75,26.858642578125,-0.0323901372072325
180,26.858642578125,-0.028148647860666
181.25,26.858642578125,-0.0240238700840245
182.5,26.858642578125,-0.0200349634503408
183.75,26.858642578125,-0.0165067882054806
185,26.858642578125,-0.0128829372366312
186.25,26.858642578125,-0.00922554985881632
187.5,26.858642578125,-0.00600145385748365
188.75,26.858642578125,-0.0034697437192471
190,26.858642578125,-0.00281862380351338
191.25,26.858642578125,-0.00386740455870541
192.5,26.858642578125,-0.00456018742107842
193.75,26.858642578125,-0.00552196594918765
195,26.858642578125,-0.00762834462625237
196.25,26.858642578125,-0.00972102631343885
197.5,26.858642578125,-0.010383679075357
198.75,26.858642578125,-0.0097632292530236
200,26.858642578125,-0.00842690381196272
201.25,26.858642578125,-0.00709975138156341
202.5,26.858642578125,-0.00669197595630378
203.75,26.858642578125,-0.00824770396071849
205,26.858642578125,-0.00870706408916292
206.25,26.858642578125,-0.00251986927682903
207.5,26.858642578125,0.00780535881383294
208.75,26.858642578125,0.0175595711398416
210,26.858642578125,0.0231266920523774
211.25,26.858642578125,0.0246224179406518
212.5,26.858642578125,0.0237226030057074
213.75,26.858642578125,0.021319096889336
215,26.858642578125,0.0187064099019896
216.25,26.858642578125,0.0163387051001837
217.5,26.858642578125,0.0154410389771732
218.75,26.858642578125,0.0155026942275899
220,26.858642578125,0.016239043671108
221.25,26.858642578125,0.0165940294273668
222.5,26.858642578125,0.0164135702924076
223.75,26.858642578125,0.016000293626578
225,26.858642578125,0.0152546771015041
226.25,26.858642578125,0.0145610070126621
227.5,26.858642578125,0.0144182552305865
228.75,26.858642578125,0.0141304078252065
230,26.858642578125,0.0135903315630382
231.25,26.858642578125,0.0133061178807405
232.5,26.858642578125,0.013483974220696
233.75,26.858642578125,0.0140720805076654
235,26.858642578125,0.0147962991679576
236.25,26.858642578125,0.0153656969706622
237.5,26.858642578125,0.0147724682436712
238.75,26.858642578125,0.011503285497126
240,26.858642578125,0.00531772164717097
241.25,26.858642578125,-0.00389649216058457
242.5,26.858642578125,-0.0106657221362323
243.75,26.858642578125,-0.0120953389504753
245,26.858642578125,-0.0127646166778448
246.25,26.858642578125,-0.0126747194079738
247.5,26.858642578125,-0.0108338671375417
248.75,26.858642578125,-0.00238532100974878
250,26.858642578125,0.00333989545279764
160,27.8010482788086,-0.00947738967625198
161.25,27.8010482788086,-0.0101236412032222
162.5,27.8010482788086,-0.0108821621441523
163.75,27.8010482788086,-0.0113426821508149
165,27.8010482788086,-0.0121642358629826
166.25,27.8010482788086,-0.0143450524164295
167.5,27.8010482788086,-0.0181581823240051
168.75,27.8010482788086,-0.0233962731636846
170,27.8010482788086,-0.030219826743406
171.25,27.8010482788086,-0.0362193883453455
172.5,27.8010482788086,-0.0402071945561496
173.75,27.8010482788086,-0.0422899569954607
175,27.8010482788086,-0.0427750117367475
176.25,27.8010482788086,-0.0418724494009318
177.5,27.8010482788086,-0.0396585400916559
178.75,27.8010482788086,-0.0361559942100168
180,27.8010482788086,-0.0316767672577417
181.25,27.8010482788086,-0.0270651304516927
182.5,27.8010482788086,-0.0228368669745565
183.75,27.8010482788086,-0.0196421842100059
185,27.8010482788086,-0.0168447734866176
186.25,27.8010482788086,-0.01440412772244
187.5,27.8010482788086,-0.0127007067168212
188.75,27.8010482788086,-0.0118006217946901
190,27.8010482788086,-0.011130939608023
191.25,27.8010482788086,-0.0101590706319748
192.5,27.8010482788086,-0.00825092183316738
193.75,27.8010482788086,-0.00554558939157537
195,27.8010482788086,-0.00433085613469657
196.25,27.8010482788086,-0.00460655424433287
197.5,27.8010482788086,-0.00541218853559473
198.75,27.8010482788086,-0.0056126158309936
200,27.8010482788086,-0.00464268972302858
201.25,27.8010482788086,-0.00308424853104732
202.5,27.8010482788086,-0.00229418213530589
203.75,27.8010482788086,-0.00387830945462777
205,27.8010482788086,-0.00910905946428483
206.25,27.8010482788086,-0.0127550375169124
207.5,27.8010482788086,-0.00819139306594411
208.75,27.8010482788086,0.00363204604639196
210,27.8010482788086,0.0154908200375601
211.25,27.8010482788086,0.0221473948316834
212.5,27.8010482788086,0.0230060328779308
213.75,27.8010482788086,0.021113019554421
215,27.8010482788086,0.0189183693167497
216.25,27.8010482788086,0.0172351727339117
217.5,27.8010482788086,0.0154167583125925
218.75,27.8010482788086,0.0142338218288871
220,27.8010482788086,0.0144115471938583
221.25,27.8010482788086,0.0147303790243268
222.5,27.8010482788086,0.0144120355109084
223.75,27.8010482788086,0.0137229070348212
225,27.8010482788086,0.0130910227197629
226.25,27.8010482788086,0.0127244833643537
227.5,27.8010482788086,0.0124486078857442
228.75,27.8010482788086,0.0124415681403259
230,27.8010482788086,0.0124123861930276
231.25,27.8010482788086,0.0124197713892875
232.5,27.8010482788086,0.0125929971514536
233.75,27.8010482788086,0.0125915537955246
235,27.8010482788086,0.0121293835904622
236.25,27.8010482788086,0.0115292353746837
237.5,27.8010482788086,0.00888802901096334
238.75,27.8010482788086,0.00310796047333937
240,27.8010482788086,-0.00319724090751956
241.25,27.8010482788086,-0.0110323514763601
242.5,27.8010482788086,-0.0160246425472904
243.75,27.8010482788086,-0.0157926829704975
245,27.8010482788086,-0.0143636587386223
246.25,27.8010482788086,-0.0133729973699147
247.5,27.8010482788086,-0.00816063004820071
248.75,27.8010482788086,-0.00432207810503934
250,27.8010482788086,0.00262130097730538
160,28.7434539794922,0.0038278811527205
161.25,28.7434539794922,0.00321759397377047
162.5,28.7434539794922,0.00207218497869479
163.75,28.7434539794922,0.000822224977235106
165,28.7434539794922,-0.000440260141049335
166.25,28.7434539794922,-0.0030019513651042
167.5,28.7434539794922,-0.00679749257263821
168.75,28.7434539794922,-0.0115776809027427
170,28.7434539794922,-0.0188569631974161
171.25,28.7434539794922,-0.0267011294673889
172.5,28.7434539794922,-0.0328308322825305
173.75,28.7434539794922,-0.0370918226429012
175,28.7434539794922,-0.0400011666502447
176.25,28.7434539794922,-0.0416902796038364
177.5,28.7434539794922,-0.0417974504211568
178.75,28.7434539794922,-0.0401056343755989
180,28.7434539794922,-0.0367711555544389
181.25,28.7434539794922,-0.0321120812630821
182.5,28.7434539794922,-0.0266750698635806
183.75,28.7434539794922,-0.0223054562020371
185,28.7434539794922,-0.0185628042801003
186.25,28.7434539794922,-0.0153207306587683
187.5,28.7434539794922,-0.0132951679517265
188.75,28.7434539794922,-0.0128202642063142
190,28.7434539794922,-0.0136405941368421
191.25,28.7434539794922,-0.01442971861209
192.5,28.7434539794922,-0.013090084087668
193.75,28.7434539794922,-0.00919202211888988
195,28.7434539794922,-0.00496164958435051
196.25,28.7434539794922,-0.00144447586100325
197.5,28.7434539794922,0.000300213667877697
198.75,28.7434539794922,0.00120011745039852
200,28.7434539794922,0.00212798552862668
201.25,28.7434539794922,0.00295448487928397
202.5,28.7434539794922,0.00321988889111806
203.75,28.7434539794922,0.00213849340845774
205,28.7434539794922,-0.00194553457868956
206.25,28.7434539794922,-0.0083879356788382
207.5,28.7434539794922,-0.0137074262113496
208.75,28.7434539794922,-0.0127757936680883
210,28.7434539794922,-0.00421828737082581
211.25,28.7434539794922,0.00784991322207547
212.5,28.7434539794922,0.0156382919510789
213.75,28.7434539794922,0.0171189901371221
215,28.7434539794922,0.0161908483758778
216.25,28.7434539794922,0.0157253291072093
217.5,28.7434539794922,0.0146985667380646
218.75,28.7434539794922,0.0132884857909368
220,28.7434539794922,0.0126829803354341
221.25,28.7434539794922,0.0125545199938044
222.5,28.7434539794922,0.0119585267311054
223.75,28.7434539794922,0.0108588704864269
225,28.7434539794922,0.0098179190593668
226.25,28.7434539794922,0.00953319233721556
227.5,28.7434539794922,0.00899097502295182
228.75,28.7434539794922,0.00899113722140869
230,28.7434539794922,0.00970619058107873
231.25,28.7434539794922,0.0104357793448803
232.5,28.7434539794922,0.010556279258017
233.75,28.7434539794922,0.00990586926775796
235,28.7434539794922,0.00860782592036328
236.25,28.7434539794922,0.00711665442673851
237.5,28.7434539794922,0.00324596456732387
238.75,28.7434539794922,-0.00416674905050155
240,28.7434539794922,-0.0111770368965941
241.25,28.7434539794922,-0.0173137619470997
242.5,28.7434539794922,-0.0196194666504672
243.75,28.7434539794922,-0.0184370392457354
245,28.7434539794922,-0.0159719920749052
246.25,28.7434539794922,-0.0125546511423991
160,29.6858673095703,0.0143901128429025
161.25,29.6858673095703,0.0158888154637787
162.5,29.6858673095703,0.0155189553152031
163.75,29.6858673095703,0.0140559893922144
165,29.6858673095703,0.0125703715511452
166.25,29.6858673095703,0.0104339433959236
167.5,29.6858673095703,0.00703243607784315
168.75,29.6858673095703,0.00210521046042954
170,29.6858673095703,-0.00536877654257245
171.25,29.6858673095703,-0.0139171189301773
172.5,29.6858673095703,-0.0214504109447445
173.75,29.6858673095703,-0.0277867625653047
175,29.6858673095703,-0.0339912515839356
176.25,29.6858673095703,-0.0395183932536605
177.5,29.6858673095703,-0.0429609249005748
178.75,29.6858673095703,-0.0437114447837453
180,29.6858673095703,-0.0418846945326808
181.25,29.6858673095703,-0.0381293402621798
182.5,29.6858673095703,-0.0325431472807386
183.75,29.6858673095703,-0.0272844242674533
185,29.6858673095703,-0.0221766525893499
186.25,29.6858673095703,-0.0176006952414626
187.5,29.6858673095703,-0.0142403506082722
188.75,29.6858673095703,-0.012700404951793
190,29.6858673095703,-0.0125139455147944
191.25,29.6858673095703,-0.0125289523636447
192.5,29.6858673095703,-0.011827096773599
193.75,29.6858673095703,-0.00953449586897815
195,29.6858673095703,-0.00539165400260057
196.25,29.6858673095703,-0.000869476809253227
197.5,29.6858673095703,0.00231636232658596
198.75,29.6858673095703,0.00406110679331383
200,29.6858673095703,0.00524689295356831
201.25,29.6858673095703,0.00642671001426403
202.5,29.6858673095703,0.0073055818719332
203.75,29.6858673095703,0.00678817908179726
205,29.6858673095703,0.00421065497472364
206.25,29.6858673095703,-0.000163825474390627
207.5,29.6858673095703,-0.00571175059041753
208.75,29.6858673095703,-0.0107982055524845
210,29.6858673095703,-0.0123097505696711
211.25,29.6858673095703,-0.00869161638573534
212.5,29.6858673095703,-0.00162133295113278
213.75,29.6858673095703,0.00475978901721767
215,29.6858673095703,0.00869049400887085
216.25,29.6858673095703,0.0108208682494408
217.5,29.6858673095703,0.0122156484553466
218.75,29.6858673095703,0.0119537915562141
220,29.6858673095703,0.0113929950989757
221.25,29.6858673095703,0.0109447351420517
222.5,29.6858673095703,0.0099982490862992
223.75,29.6858673095703,0.0083097041227854
225,29.6858673095703,0.00633967861257905
226.25,29.6858673095703,0.0051744705295327
227.5,29.6858673095703,0.00454405535118502
228.75,29.6858673095703,0.00468029737446213
230,29.6858673095703,0.00549033758919533
231.25,29.6858673095703,0.00658469178303309
232.5,29.6858673095703,0.00692173199864543
233.75,29.6858673095703,0.00615346406552443
235,29.6858673095703,0.00460931343402203
236.25,29.6858673095703,0.00268761796683697
237.5,29.6858673095703,-0.00206843272354541
238.75,29.6858673095703,-0.0100591245046514
240,29.6858673095703,-0.0173900837503366
241.25,29.6858673095703,-0.0219740834923881
242.5,29.6858673095703,-0.0225131717513684
243.75,29.6858673095703,-0.0206180829038929
245,29.6858673095703,-0.0183310112624605
160,30.6282730102539,0.0156115229178037
161.25,30.6282730102539,0.0203769455593978
162.5,30.6282730102539,0.0222813655083456
163.75,30.6282730102539,0.0218328692874647
165,30.6282730102539,0.0209253025795635
166.25,30.6282730102539,0.0190454446036999
167.5,30.6282730102539,0.0155962102566845
168.75,30.6282730102539,0.0105708894832439
170,30.6282730102539,0.00365184489812894
171.25,30.6282730102539,-0.00379007911913156
172.5,30.6282730102539,-0.0099892366356216
173.75,30.6282730102539,-0.0164748783142459
175,30.6282730102539,-0.0250078690388167
176.25,30.6282730102539,-0.0334532163588178
177.5,30.6282730102539,-0.039754339334497
178.75,30.6282730102539,-0.0434936516999855
180,30.6282730102539,-0.0439383638328293
181.25,30.6282730102539,-0.0424296455449742
182.5,30.6282730102539,-0.0395591846393643
183.75,30.6282730102539,-0.034606829601811
185,30.6282730102539,-0.0278027938609868
186.25,30.6282730102539,-0.021347963918109
187.5,30.6282730102539,-0.0166040098645964
188.75,30.6282730102539,-0.0135534635531744
190,30.6282730102539,-0.0113769531057739
191.25,30.6282730102539,-0.00934988509558465
192.5,30.6282730102539,-0.0075680971582316
193.75,30.6282730102539,-0.0055555381215815
195,30.6282730102539,-0.00204322067406134
196.25,30.6282730102539,0.0020615153650748
197.5,30.6282730102539,0.00526435506982994
198.75,30.6282730102539,0.00666465858793621
200,30.6282730102539,0.00713156247510745
201.25,30.6282730102539,0.00785781384973801
202.5,30.6282730102539,0.00904253290925619
203.75,30.6282730102539,0.00939541858664566
205,30.6282730102539,0.00768167845626731
206.25,30.6282730102539,0.00454502184473455
207.5,30.6282730102539,0.000729458833253992
208.75,30.6282730102539,-0.00376141083123035
210,30.6282730102539,-0.00751763007921579
211.25,30.6282730102539,-0.0100507925585306
212.5,30.6282730102539,-0.0112697036948723
213.75,30.6282730102539,-0.00937568319830815
215,30.6282730102539,-0.00445151035672335
216.25,30.6282730102539,0.000756181387331706
217.5,30.6282730102539,0.00571624913938769
218.75,30.6282730102539,0.00907887767184715
220,30.6282730102539,0.010502146953908
221.25,30.6282730102539,0.0107007554668067
222.5,30.6282730102539,0.00947192477326337
223.75,30.6282730102539,0.00673374698266404
225,30.6282730102539,0.00336753554652921
226.25,30.6282730102539,0.000632935678175407
227.5,30.6282730102539,-0.000643754755736969
228.75,30.6282730102539,-0.000573757805656681
230,30.6282730102539,0.000130534085745021
231.25,30.6282730102539,0.0017632413379096
232.5,30.6282730102539,0.00329388705242101
233.75,30.6282730102539,0.0025922976791682
235,30.6282730102539,0.000141400438662984
236.25,30.6282730102539,-0.00294817373448623
237.5,30.6282730102539,-0.00803408289588644
238.75,30.6282730102539,-0.0152564184626301
240,30.6282730102539,-0.0219473134763774
241.25,30.6282730102539,-0.0254913879167359
242.5,30.6282730102539,-0.0251409323954249
243.75,30.6282730102539,-0.0236421766849722
160,31.5706787109375,0.00894469979029354
161.25,31.5706787109375,0.0165301137969948
162.5,31.5706787109375,0.0211995737219896
163.75,31.5706787109375,0.0229739635613526
165,31.5706787109375,0.0238536563713431
166.25,31.5706787109375,0.0230088512233937
167.5,31.5706787109375,0.0197222839574202
168.75,31.5706787109375,0.0145242856034904
170,31.5706787109375,0.00825287232552102
171.25,31.5706787109375,0.00229259103757374
172.5,31.5706787109375,-0.00210536183339895
173.75,31.5706787109375,-0.00811519153479779
175,31.5706787109375,-0.016882464826719
176.25,31.5706787109375,-0.0257861163831237
177.5,31.5706787109375,-0.0333517325656292
178.75,31.5706787109375,-0.0387562985975797
180,31.5706787109375,-0.0409081381520199
181.25,31.5706787109375,-0.041336048453409
182.5,31.5706787109375,-0.0420557491391454
183.75,31.5706787109375,-0.0387089253562702
185,31.5706787109375,-0.0314492742280074
186.25,31.5706787109375,-0.0242988796926778
187.5,31.5706787109375,-0.01966158831198
188.75,31.5706787109375,-0.0158995866026076
190,31.5706787109375,-0.0118090286050534
191.25,31.5706787109375,-0.00741185113657463
192.5,31.5706787109375,-0.00337031301606595
193.75,31.5706787109375,-0.000334957433869694
195,31.5706787109375,0.00303782341611529
196.25,31.5706787109375,0.00704705013249471
197.5,31.5706787109375,0.0105377168985334
198.75,31.5706787109375,0.012166274874876
200,31.5706787109375,0.0125131322496467
201.25,31.5706787109375,0.0125242298352803
202.5,31.5706787109375,0.0128267734171041
203.75,31.5706787109375,0.0125742244285723
205,31.5706787109375,0.0108282633526698
206.25,31.5706787109375,0.00781069172664796
207.5,31.5706787109375,0.00383310645735013
208.75,31.5706787109375,-0.00026695094905625
210,31.5706787109375,-0.00377645335320182
211.25,31.5706787109375,-0.00707269136140468
212.5,31.5706787109375,-0.0110194744554334
213.75,31.5706787109375,-0.0146092445246518
215,31.5706787109375,-0.0146743894226742
216.25,31.5706787109375,-0.0109037415908747
217.5,31.5706787109375,-0.00437741901598351
218.75,31.5706787109375,0.00265392214018729
220,31.5706787109375,0.00747949692681208
221.25,31.5706787109375,0.00998761317500708
222.5,31.5706787109375,0.00959585778750972
223.75,31.5706787109375,0.00623473481637431
225,31.5706787109375,0.00158009394942753
226.25,31.5706787109375,-0.00268969218361319
227.5,31.5706787109375,-0.00519259097113272
228.75,31.5706787109375,-0.00582904292904055
230,31.5706787109375,-0.00566194454679152
231.25,31.5706787109375,-0.00363218216834554
232.5,31.5706787109375,-0.000833535907196873
233.75,31.5706787109375,-0.00106144376374935
235,31.5706787109375,-0.00427693525217953
236.25,31.5706787109375,-0.00943121467177192
237.5,31.5706787109375,-0.0157800679363741
238.75,31.5706787109375,-0.0216050800774485
240,31.5706787109375,-0.0264448300174783
241.25,31.5706787109375,-0.0291835962412315
242.5,31.5706787109375,-0.0284707977036835
243.75,31.5706787109375,-0.0246351352963645
160,32.5130920410156,0.00091285895843765
161.25,32.5130920410156,0.00716539018492697
162.5,32.5130920410156,0.0123096178051189
163.75,32.5130920410156,0.0155875674157172
165,32.5130920410156,0.0185390545815688
166.25,32.5130920410156,0.0204397430052663
167.5,32.5130920410156,0.0195123041732314
168.75,32.5130920410156,0.0157142526464527
170,32.5130920410156,0.0104327630213681
171.25,32.5130920410156,0.00591908218250283
172.5,32.5130920410156,0.00326623023820275
173.75,32.5130920410156,-0.00145124018225488
175,32.5130920410156,-0.00880410552227267
176.25,32.5130920410156,-0.0167274397815629
177.5,32.5130920410156,-0.0247245815806436
178.75,32.5130920410156,-0.0316986914344515
180,32.5130920410156,-0.0361558359903357
181.25,32.5130920410156,-0.0387993826399688
182.5,32.5130920410156,-0.0408050071795874
183.75,32.5130920410156,-0.037857325758219
185,32.5130920410156,-0.0305839739410622
186.25,32.5130920410156,-0.0240262210615577
187.5,32.5130920410156,-0.0197073623117561
188.75,32.5130920410156,-0.0158036477909546
190,32.5130920410156,-0.011057538896945
191.25,32.5130920410156,-0.00533314366301848
192.5,32.5130920410156,0.000419733075380392
193.75,32.5130920410156,0.00522033582171704
195,32.5130920410156,0.00955114994777092
196.25,32.5130920410156,0.0141114870912546
197.5,32.5130920410156,0.0181056087569897
198.75,32.5130920410156,0.020070557858867
200,32.5130920410156,0.0204926571757706
201.25,32.5130920410156,0.0199997994638859
202.5,32.5130920410156,0.019069720977651
203.75,32.5130920410156,0.0175704701725251
205,32.5130920410156,0.0149720118232185
206.25,32.5130920410156,0.0111357837771869
207.5,32.5130920410156,0.00608812872392385
208.75,32.5130920410156,0.00161981463610993
210,32.5130920410156,-0.00229591937324754
211.25,32.5130920410156,-0.00614494831123724
212.5,32.5130920410156,-0.0105428045022116
213.75,32.5130920410156,-0.0153119173086572
215,32.5130920410156,-0.0181784333910102
216.25,32.5130920410156,-0.0176113389196247
217.5,32.5130920410156,-0.0132902549829624
218.75,32.5130920410156,-0.00533068570630037
220,32.5130920410156,0.00169040673162921
221.25,32.5130920410156,0.00675537288508149
222.5,32.5130920410156,0.00869493412976279
223.75,32.5130920410156,0.006807747896881
225,32.5130920410156,0.00223318367214798
226.25,32.5130920410156,-0.0030283530611693
227.5,32.5130920410156,-0.00745074989780257
228.75,32.5130920410156,-0.0100502707571739
230,32.5130920410156,-0.0112546500289467
231.25,32.5130920410156,-0.0091386435473251
232.5,32.5130920410156,-0.00580150490126097
233.75,32.5130920410156,-0.00546084852641345
235,32.5130920410156,-0.00909537891175389
236.25,32.5130920410156,-0.0164424947123804
237.5,32.5130920410156,-0.0241301842824624
238.75,32.5130920410156,-0.0287320488846738
240,32.5130920410156,-0.0307769217661652
241.25,32.5130920410156,-0.031680935802015
242.5,32.5130920410156,-0.0303552732843139
160,33.4554977416992,-0.00316086878597363
161.25,33.4554977416992,0.000783520834481231
162.5,33.4554977416992,0.00503283120209738
163.75,33.4554977416992,0.00769828667062806
165,33.4554977416992,0.0105569129865269
166.25,33.4554977416992,0.0139884844119237
167.5,33.4554977416992,0.0156377026169189
168.75,33.4554977416992,0.014047144853295
170,33.4554977416992,0.0103198505031836
171.25,33.4554977416992,0.00677776041654618
172.5,33.4554977416992,0.00423677402222112
173.75,33.4554977416992,0.000384258906810719
175,33.4554977416992,-0.00518804543662743
176.25,33.4554977416992,-0.0111884744768881
177.5,33.4554977416992,-0.0176235753094813
178.75,33.4554977416992,-0.0244824203479316
180,33.4554977416992,-0.030740321849699
181.25,33.4554977416992,-0.0352779858649273
182.5,33.4554977416992,-0.0367315521622292
183.75,33.4554977416992,-0.033306234082355
185,33.4554977416992,-0.0263573769226503
186.25,33.4554977416992,-0.0200656729080088
187.5,33.4554977416992,-0.0155886330208872
188.75,33.4554977416992,-0.0112670929849288
190,33.4554977416992,-0.00619312755899978
191.25,33.4554977416992,-0.000309403253156048
192.5,33.4554977416992,0.00569030673017441
193.75,33.4554977416992,0.0110191265980182
195,33.4554977416992,0.0156091982182348
196.25,33.4554977416992,0.0202780145267465
197.5,33.4554977416992,0.0246612517564911
198.75,33.4554977416992,0.0271114780017327
200,33.4554977416992,0.0277646839938049
201.25,33.4554977416992,0.0274315971245344
202.5,33.4554977416992,0.0258871327529216
203.75,33.4554977416992,0.0232380234088111
205,33.4554977416992,0.0196939566913971
206.25,33.4554977416992,0.0149862924033479
207.5,33.4554977416992,0.00897740422396451
208.75,33.4554977416992,0.00375667214290343
210,33.4554977416992,-0.00105428626546394
211.25,33.4554977416992,-0.00588662342623833
212.5,33.4554977416992,-0.0112486010881098
213.75,33.4554977416992,-0.016387338093493
215,33.4554977416992,-0.0195238222536005
216.25,33.4554977416992,-0.0201928726626143
217.5,33.4554977416992,-0.0182607768376617
218.75,33.4554977416992,-0.0124886777825577
220,33.4554977416992,-0.00489117833765055
221.25,33.4554977416992,0.00153229843034779
222.5,33.4554977416992,0.00581190509774435
223.75,33.4554977416992,0.00659728905495921
225,33.4554977416992,0.0037757990655778
226.25,33.4554977416992,-0.000957040685533361
227.5,33.4554977416992,-0.00610393288231293
228.75,33.4554977416992,-0.0109602663620969
230,33.4554977416992,-0.014095278757202
231.25,33.4554977416992,-0.0129013518251983
232.5,33.4554977416992,-0.00995234307175651
233.75,33.4554977416992,-0.00976614301155158
235,33.4554977416992,-0.0143483632002543
236.25,33.4554977416992,-0.0236758745308891
237.5,33.4554977416992,-0.0310301372683295
238.75,33.4554977416992,-0.0330500792884717
240,33.4554977416992,-0.0329971483528767
241.25,33.4554977416992,-0.0325110758278649
242.5,33.4554977416992,-0.030206437354444
160,34.3979034423828,-0.00979573167395479
161.25,34.3979034423828,-0.00744018554084433
162.5,34.3979034423828,-0.00334812322896052
163.75,34.3979034423828,5.48062577583843e-05
165,34.3979034423828,0.00277658258730755
166.25,34.3979034423828,0.00640846772269882
167.5,34.3979034423828,0.00944242292817216
168.75,34.3979034423828,0.00980754793871787
170,34.3979034423828,0.00775316613009989
171.25,34.3979034423828,0.00577104926045256
172.5,34.3979034423828,0.00369512152110086
173.75,34.3979034423828,0.000372830181130009
175,34.3979034423828,-0.00400951476358785
176.25,34.3979034423828,-0.00848166140927664
177.5,34.3979034423828,-0.013343040337493
178.75,34.3979034423828,-0.0190474093188857
180,34.3979034423828,-0.0249725101177059
181.25,34.3979034423828,-0.0296842014357495
182.5,34.3979034423828,-0.0316411802772768
183.75,34.3979034423828,-0.0295582092263186
185,34.3979034423828,-0.02321679965246
186.25,34.3979034423828,-0.0160603078183598
187.5,34.3979034423828,-0.00979842599894396
188.75,34.3979034423828,-0.00379114052472535
190,34.3979034423828,0.00260101970420344
191.25,34.3979034423828,0.00881310004749752
192.5,34.3979034423828,0.0139030271440322
193.75,34.3979034423828,0.0184806728869349
195,34.3979034423828,0.0222601400564391
196.25,34.3979034423828,0.02587434273776
197.5,34.3979034423828,0.0293890225890768
198.75,34.3979034423828,0.0317660462672912
200,34.3979034423828,0.0322489344994979
201.25,34.3979034423828,0.0314724311983591
202.5,34.3979034423828,0.0295258025136939
203.75,34.3979034423828,0.0267780897917365
205,34.3979034423828,0.023276871090484
206.25,34.3979034423828,0.0185068040545752
207.5,34.3979034423828,0.0125124668522139
208.75,34.3979034423828,0.00635326141807585
210,34.3979034423828,0.000588055253960638
211.25,34.3979034423828,-0.00513261671301301
212.5,34.3979034423828,-0.011249562510373
213.75,34.3979034423828,-0.0168035700278375
215,34.3979034423828,-0.0203359899861238
216.25,34.3979034423828,-0.0217240558290007
217.5,34.3979034423828,-0.0209154324767304
218.75,34.3979034423828,-0.0170119979536215
220,34.3979034423828,-0.0103848078597741
221.25,34.3979034423828,-0.00432752749598649
222.5,34.3979034423828,0.000808957051349555
223.75,34.3979034423828,0.0038415114943457
225,34.3979034423828,0.00371824742593015
226.25,34.3979034423828,0.000502628652055268
227.5,34.3979034423828,-0.00439197370124532
228.75,34.3979034423828,-0.0097698896789399
230,34.3979034423828,-0.0135382254604398
231.25,34.3979034423828,-0.0135819761384637
232.5,34.3979034423828,-0.0121095711123114
233.75,34.3979034423828,-0.0134467827730151
235,34.3979034423828,-0.0197784890957448
236.25,34.3979034423828,-0.0293565773373737
237.5,34.3979034423828,-0.0335135883772126
238.75,34.3979034423828,-0.0328167258838822
240,34.3979034423828,-0.0329776657476611
241.25,34.3979034423828,-0.0328480403901262
160,35.3403167724609,-0.0199422385139533
161.25,35.3403167724609,-0.0174454673320129
162.5,35.3403167724609,-0.0136478895693372
163.75,35.3403167724609,-0.00936604128527493
165,35.3403167724609,-0.0050555638168808
166.25,35.3403167724609,2.1784870574969e-05
167.5,35.3403167724609,0.00435069014024696
168.75,35.3403167724609,0.00588124808178911
170,35.3403167724609,0.00472395373487755
171.25,35.3403167724609,0.00312871660179353
172.5,35.3403167724609,0.00227739634726962
173.75,35.3403167724609,0.000499814168793546
175,35.3403167724609,-0.00242093712944099
176.25,35.3403167724609,-0.00590391944615061
177.5,35.3403167724609,-0.00961908277425945
178.75,35.3403167724609,-0.0138566548388849
180,35.3403167724609,-0.0182908036092253
181.25,35.3403167724609,-0.0221532935809374
182.5,35.3403167724609,-0.0249035626349558
183.75,35.3403167724609,-0.0252427266368892
185,35.3403167724609,-0.0210221422475117
186.25,35.3403167724609,-0.013853178349217
187.5,35.3403167724609,-0.00591353649132855
188.75,35.3403167724609,0.00186622734238783
190,35.3403167724609,0.00941660374566248
191.25,35.3403167724609,0.0160221622841644
192.5,35.3403167724609,0.0210814160258604
193.75,35.3403167724609,0.0248706725451692
195,35.3403167724609,0.0274236772349911
196.25,35.3403167724609,0.0295810212201796
197.5,35.3403167724609,0.0319929552589011
198.75,35.3403167724609,0.0342234813698332
200,35.3403167724609,0.0348977208898733
201.25,35.3403167724609,0.0336859967524964
202.5,35.3403167724609,0.0312962245638067
203.75,35.3403167724609,0.0286377955497538
205,35.3403167724609,0.0256239483063201
206.25,35.3403167724609,0.0210505450318341
207.5,35.3403167724609,0.0151294890562959
208.75,35.3403167724609,0.00846242502330347
210,35.3403167724609,0.0024593251810982
211.25,35.3403167724609,-0.00351956196111762
212.5,35.3403167724609,-0.00965423441775887
213.75,35.3403167724609,-0.0153383285640123
215,35.3403167724609,-0.019778395654002
216.25,35.3403167724609,-0.0225941369443702
217.5,35.3403167724609,-0.0231012979445517
218.75,35.3403167724609,-0.0205817950032944
220,35.3403167724609,-0.0156290965384744
221.25,35.3403167724609,-0.00974319885787759
222.5,35.3403167724609,-0.00457705176148469
223.75,35.3403167724609,-0.000619335579928319
225,35.3403167724609,0.00120442116553672
226.25,35.3403167724609,-7.18054701679225e-05
227.5,35.3403167724609,-0.00403047460549766
228.75,35.3403167724609,-0.00886690236823454
230,35.3403167724609,-0.0118969621643674
231.25,35.3403167724609,-0.0121207741325131
232.5,35.3403167724609,-0.012450912644753
233.75,35.3403167724609,-0.0165126218163637
235,35.3403167724609,-0.0248263444997215
236.25,35.3403167724609,-0.0329535014305492
237.5,35.3403167724609,-0.0339063717247879
238.75,35.3403167724609,-0.0322353329146942
240,35.3403167724609,-0.0313949013378822
160,36.2827224731445,-0.0222912409668957
161.25,36.2827224731445,-0.0207027005598165
162.5,36.2827224731445,-0.0183366089374809
163.75,36.2827224731445,-0.0158114179960411
165,36.2827224731445,-0.0126487324464348
166.25,36.2827224731445,-0.00763067279514851
167.5,36.2827224731445,-0.00163216555186958
168.75,36.2827224731445,0.00207041552718108
170,36.2827224731445,0.00230333044393297
171.25,36.2827224731445,0.0012861506350953
172.5,36.2827224731445,0.000849282803476576
173.75,36.2827224731445,0.000216422890980823
175,36.2827224731445,-0.00128304580907117
176.25,36.2827224731445,-0.0034332437056657
177.5,36.2827224731445,-0.00600195639998902
178.75,36.2827224731445,-0.00909745208442628
180,36.2827224731445,-0.0123871415333807
181.25,36.2827224731445,-0.01544224130581
182.5,36.2827224731445,-0.0181568506092735
183.75,36.2827224731445,-0.0194673826205577
185,36.2827224731445,-0.0175735751427324
186.25,36.2827224731445,-0.0123649785376902
187.5,36.2827224731445,-0.00409449912128704
188.75,36.2827224731445,0.00524316712104159
190,36.2827224731445,0.014013143858353
191.25,36.2827224731445,0.0212712791567684
192.5,36.2827224731445,0.0262148246047666
193.75,36.2827224731445,0.0288654595238928
195,36.2827224731445,0.0296606678731217
196.25,36.2827224731445,0.0298603711178812
197.5,36.2827224731445,0.0309710765162384
198.75,36.2827224731445,0.0332079401737506
200,36.2827224731445,0.0345359706401204
201.25,36.2827224731445,0.0336308137444719
202.5,36.2827224731445,0.0314332006039258
203.75,36.2827224731445,0.0289957781905635
205,36.2827224731445,0.0260191626995009
206.25,36.2827224731445,0.0215974987330921
207.5,36.2827224731445,0.0160072629150152
208.75,36.2827224731445,0.0101148336065265
210,36.2827224731445,0.00485207125810002
211.25,36.2827224731445,-0.000686277361018601
212.5,36.2827224731445,-0.00668082477978186
213.75,36.2827224731445,-0.0123644564740514
215,36.2827224731445,-0.0176790426828554
216.25,36.2827224731445,-0.0224078746698683
217.5,36.2827224731445,-0.0250038206387429
218.75,36.2827224731445,-0.0241092347168595
220,36.2827224731445,-0.0203298613970204
221.25,36.2827224731445,-0.0145657450167392
222.5,36.2827224731445,-0.00917750116038718
223.75,36.2827224731445,-0.00450694797865893
225,36.2827224731445,-0.00236965517853765
226.25,36.2827224731445,-0.00276797535536848
227.5,36.2827224731445,-0.00484621159176139
228.75,36.2827224731445,-0.00815955611015352
230,36.2827224731445,-0.010089933359328
231.25,36.2827224731445,-0.0101526425685482
232.5,36.2827224731445,-0.012218674697095
233.75,36.2827224731445,-0.0189149457163218
235,36.2827224731445,-0.0288414150521683
236.25,36.2827224731445,-0.0351887588322661
237.5,36.2827224731445,-0.0347448888606548
238.75,36.2827224731445,-0.0333487174647256
160,37.2251281738281,-0.0158186124012945
161.25,37.2251281738281,-0.0155282250568074
162.5,37.2251281738281,-0.014738832624981
163.75,37.2251281738281,-0.013548820654997
165,37.2251281738281,-0.0115361895902108
166.25,37.2251281738281,-0.00777485543157649
167.5,37.2251281738281,-0.0021131652957118
168.75,37.2251281738281,0.00210715032507972
170,37.2251281738281,0.00257302648777625
171.25,37.2251281738281,0.00152710077626359
172.5,37.2251281738281,0.000441237974973902
173.75,37.2251281738281,-0.000331524550088067
175,37.2251281738281,-0.000489864039711712
176.25,37.2251281738281,-0.000762873660159426
177.5,37.2251281738281,-0.00190237302325684
178.75,37.2251281738281,-0.0036370144380852
180,37.2251281738281,-0.00598101982965987
181.25,37.2251281738281,-0.00912412109722758
182.5,37.2251281738281,-0.0123952453981951
183.75,37.2251281738281,-0.0145938341401646
185,37.2251281738281,-0.0147450154363961
186.25,37.2251281738281,-0.0118843171110785
187.5,37.2251281738281,-0.00496365570238999
188.75,37.2251281738281,0.00493656604179186
190,37.2251281738281,0.0150532943868487
191.25,37.2251281738281,0.0232794364733209
192.5,37.2251281738281,0.0280565255884803
193.75,37.2251281738281,0.0296563554668253
195,37.2251281738281,0.0290061086324075
196.25,37.2251281738281,0.0275942582684404
197.5,37.2251281738281,0.0273063608642529
198.75,37.2251281738281,0.029651566782666
200,37.2251281738281,0.0318214763667676
201.25,37.2251281738281,0.0314535542166243
202.5,37.2251281738281,0.0295619498530084
203.75,37.2251281738281,0.0272426902204659
205,37.2251281738281,0.0242981345545855
206.25,37.2251281738281,0.0201387377721394
207.5,37.2251281738281,0.0153821872303293
208.75,37.2251281738281,0.0112456181631572
210,37.2251281738281,0.00755234917365311
211.25,37.2251281738281,0.00290841550945075
212.5,37.2251281738281,-0.00303934172593936
213.75,37.2251281738281,-0.00921474254281169
215,37.2251281738281,-0.0152354310804779
216.25,37.2251281738281,-0.0209319333058365
217.5,37.2251281738281,-0.0250716332154394
218.75,37.2251281738281,-0.0262381817057735
220,37.2251281738281,-0.0240365958508459
221.25,37.2251281738281,-0.0192182354187552
222.5,37.2251281738281,-0.0129944247398961
223.75,37.2251281738281,-0.00795991636806167
225,37.2251281738281,-0.0061978406126132
226.25,37.2251281738281,-0.00611468082218907
227.5,37.2251281738281,-0.00625000459009445
228.75,37.2251281738281,-0.00747496858196875
230,37.2251281738281,-0.00822494761075424
231.25,37.2251281738281,-0.00884707564470958
232.5,37.2251281738281,-0.012456381633385
233.75,37.2251281738281,-0.0213348987156833
235,37.2251281738281,-0.0312360043203328
236.25,37.2251281738281,-0.0350887864844762
237.5,37.2251281738281,-0.0346716002822248
238.75,37.2251281738281,-0.0338228718750569
160,38.1675415039062,-0.00786551674273438
161.25,38.1675415039062,-0.00788487497318924
162.5,38.1675415039062,-0.00831976924920037
163.75,38.1675415039062,-0.00915958641341879
165,38.1675415039062,-0.0091167642421171
166.25,38.1675415039062,-0.00578028852998339
167.5,38.1675415039062,0.00017666333320857
168.75,38.1675415039062,0.00439728291679062
170,38.1675415039062,0.00461379406173036
171.25,38.1675415039062,0.00313570550815584
172.5,38.1675415039062,0.00118301117572403
173.75,38.1675415039062,-0.000106361055761743
175,38.1675415039062,0.00044939377063445
176.25,38.1675415039062,0.00164638728017168
177.5,38.1675415039062,0.00187215300854809
178.75,38.1675415039062,0.00146357243841742
180,38.1675415039062,0.000122815012721909
181.25,38.1675415039062,-0.00271095081379845
182.5,38.1675415039062,-0.00592554450969778
183.75,38.1675415039062,-0.00876702545861169
185,38.1675415039062,-0.0108158227624531
186.25,38.1675415039062,-0.0102629057148782
187.5,38.1675415039062,-0.00567932377249379
188.75,38.1675415039062,0.00302962109965601
190,38.1675415039062,0.0137747861431187
191.25,38.1675415039062,0.0225165687753838
192.5,38.1675415039062,0.0267269442958351
193.75,38.1675415039062,0.0270459952284497
195,38.1675415039062,0.0254429032646795
196.25,38.1675415039062,0.023316170754192
197.5,38.1675415039062,0.0224656090076843
198.75,38.1675415039062,0.0243591984053822
200,38.1675415039062,0.0268392286997149
201.25,38.1675415039062,0.0272527577917332
202.5,38.1675415039062,0.0260294749301734
203.75,38.1675415039062,0.0243004495062738
205,38.1675415039062,0.0218859207088185
206.25,38.1675415039062,0.0184026865620801
207.5,38.1675415039062,0.0145630624869934
208.75,38.1675415039062,0.0114762317604838
210,38.1675415039062,0.00920331462395547
211.25,38.1675415039062,0.00566145339382577
212.5,38.1675415039062,0.000224907899098241
213.75,38.1675415039062,-0.00633109187103459
215,38.1675415039062,-0.0129729387906986
216.25,38.1675415039062,-0.0190774303010441
217.5,38.1675415039062,-0.023997092108521
218.75,38.1675415039062,-0.0266788681149161
220,38.1675415039062,-0.0262225044088979
221.25,38.1675415039062,-0.0225225810877808
222.5,38.1675415039062,-0.0159408488711732
223.75,38.1675415039062,-0.0108581886192944
225,38.1675415039062,-0.010162723243561
226.25,38.1675415039062,-0.0101369587892218
227.5,38.1675415039062,-0.00887476428292093
228.75,38.1675415039062,-0.00817945894813263
230,38.1675415039062,-0.00831445501503222
231.25,38.1675415039062,-0.00961657154326051
232.5,38.1675415039062,-0.0143347633010216
233.75,38.1675415039062,-0.0234599353505893
235,38.1675415039062,-0.0318381420957535
236.25,38.1675415039062,-0.0343599863654211
237.5,38.1675415039062,-0.033418767438663
160,39.1099548339844,-0.0047429888796236
161.25,39.1099548339844,-0.00370608591904997
162.5,39.1099548339844,-0.00411007769119372
163.75,39.1099548339844,-0.00671620611078219
165,39.1099548339844,-0.00910860123227365
166.25,39.1099548339844,-0.0067853429864592
167.5,39.1099548339844,-0.000768518364261476
168.75,39.1099548339844,0.0035510204370401
170,39.1099548339844,0.00416829274261065
171.25,39.1099548339844,0.00311800051612001
172.5,39.1099548339844,0.00122328161388226
173.75,39.1099548339844,-6.96402557363969e-05
175,39.1099548339844,0.00151955623645801
176.25,39.1099548339844,0.00443343643293061
177.5,39.1099548339844,0.00618276852432997
178.75,39.1099548339844,0.00629408763128005
180,39.1099548339844,0.00481328592661979
181.25,39.1099548339844,0.0022908474618365
182.5,39.1099548339844,-0.000462692460352678
183.75,39.1099548339844,-0.00302925570778022
185,39.1099548339844,-0.00478390822703047
186.25,39.1099548339844,-0.00464929412741101
187.5,39.1099548339844,-0.00178005479581693
188.75,39.1099548339844,0.00418869849965361
190,39.1099548339844,0.0127383608414942
191.25,39.1099548339844,0.0196736443189015
192.5,39.1099548339844,0.0225652315584716
193.75,39.1099548339844,0.0223378667027797
195,39.1099548339844,0.0212782713023927
196.25,39.1099548339844,0.0202762917571527
197.5,39.1099548339844,0.0198919234112021
198.75,39.1099548339844,0.021084242113552
200,39.1099548339844,0.0228051605619164
201.25,39.1099548339844,0.0231369305813979
202.5,39.1099548339844,0.0224698099400426
203.75,39.1099548339844,0.0216230512510414
205,39.1099548339844,0.0200776886918022
206.25,39.1099548339844,0.01738286285699
207.5,39.1099548339844,0.0143061458396307
208.75,39.1099548339844,0.0118163845278741
210,39.1099548339844,0.00984168081226232
211.25,39.1099548339844,0.0064942919397575
212.5,39.1099548339844,0.00122783545942181
213.75,39.1099548339844,-0.00508491476063044
215,39.1099548339844,-0.0118298583613582
216.25,39.1099548339844,-0.0180430237406336
217.5,39.1099548339844,-0.0232377274582647
218.75,39.1099548339844,-0.0266913045053506
220,39.1099548339844,-0.027540191622872
221.25,39.1099548339844,-0.0251627968939765
222.5,39.1099548339844,-0.0198281162888811
223.75,39.1099548339844,-0.0148570766943962
225,39.1099548339844,-0.0150393093029203
226.25,39.1099548339844,-0.0156326226535348
227.5,39.1099548339844,-0.0133169193232623
228.75,39.1099548339844,-0.0107231108933331
230,39.1099548339844,-0.00981472210072318
231.25,39.1099548339844,-0.011323010195093
232.5,39.1099548339844,-0.0165128431695934
233.75,39.1099548339844,-0.0248883516446728
235,39.1099548339844,-0.0319696171385082
236.25,39.1099548339844,-0.033734120385257
160,40.0523529052734,-0.00317292008390239
161.25,40.0523529052734,-0.00177396909715312
162.5,40.0523529052734,-0.00218278170960649
163.75,40.0523529052734,-0.00539455333485126
165,40.0523529052734,-0.00860767855888051
166.25,40.0523529052734,-0.0077444114487031
167.5,40.0523529052734,-0.00346932870393425
168.75,40.0523529052734,-0.000151057697413817
170,40.0523529052734,0.000702612180081918
171.25,40.0523529052734,0.000476441356663675
172.5,40.0523529052734,-0.000717016582525912
173.75,40.0523529052734,-0.00113458096421498
175,40.0523529052734,0.00198984587630118
176.25,40.0523529052734,0.00756155893775443
177.5,40.0523529052734,0.0111822519430756
178.75,40.0523529052734,0.010763585055624
180,40.0523529052734,0.00857170208094304
181.25,40.0523529052734,0.00687904495434866
182.5,40.0523529052734,0.00557869937687679
183.75,40.0523529052734,0.00439913839465715
185,40.0523529052734,0.00393953746161325
186.25,40.0523529052734,0.0045367231623404
187.5,40.0523529052734,0.00604913374704324
188.75,40.0523529052734,0.00923936377980449
190,40.0523529052734,0.0136314759405128
191.25,40.0523529052734,0.0167940658237093
192.5,40.0523529052734,0.0176426356211637
193.75,40.0523529052734,0.0174127024010359
195,40.0523529052734,0.0180721067139256
196.25,40.0523529052734,0.0197618714078223
197.5,40.0523529052734,0.0208652481491542
198.75,40.0523529052734,0.0205274810510993
200,40.0523529052734,0.0205165985185476
201.25,40.0523529052734,0.0205763854471531
202.5,40.0523529052734,0.0206176076669282
203.75,40.0523529052734,0.0207314797114798
205,40.0523529052734,0.0199191302777803
206.25,40.0523529052734,0.017633803338223
207.5,40.0523529052734,0.0148279429533221
208.75,40.0523529052734,0.0123649955090217
210,40.0523529052734,0.00988073712173055
211.25,40.0523529052734,0.00621106094269745
212.5,40.0523529052734,0.000877756975456703
213.75,40.0523529052734,-0.0052046758775027
215,40.0523529052734,-0.0119636671755652
216.25,40.0523529052734,-0.0184690788521938
217.5,40.0523529052734,-0.0237562428869927
218.75,40.0523529052734,-0.0275729678008017
220,40.0523529052734,-0.0294850940277994
221.25,40.0523529052734,-0.0287088080883725
222.5,40.0523529052734,-0.0250063944216213
223.75,40.0523529052734,-0.0206438772736098
225,40.0523529052734,-0.020102859171969
226.25,40.0523529052734,-0.0208526040161981
227.5,40.0523529052734,-0.018648086171982
228.75,40.0523529052734,-0.0146780361535279
230,40.0523529052734,-0.0122948018323811
231.25,40.0523529052734,-0.0129442333943263
232.5,40.0523529052734,-0.0172918124189462
233.75,40.0523529052734,-0.0244996841772039
235,40.0523529052734,-0.0297369234958823
236.25,40.0523529052734,-0.0328419051828574
160,40.9947662353516,-0.00326907300156625
161.25,40.9947662353516,-0.000961942900435301
162.5,40.9947662353516,-0.000942098569624942
163.75,40.9947662353516,-0.0039212764272736
165,40.9947662353516,-0.00696053631173346
166.25,40.9947662353516,-0.00633833856229218
167.5,40.9947662353516,-0.0037798714288179
168.75,40.9947662353516,-0.00302808897275303
170,40.9947662353516,-0.00424034119466235
171.25,40.9947662353516,-0.0052132719209064
172.5,40.9947662353516,-0.00478795680231884
173.75,40.9947662353516,-0.00301319867520949
175,40.9947662353516,0.00211891529251678
176.25,40.9947662353516,0.00982494194169791
177.5,40.9947662353516,0.0145165948202966
178.75,40.9947662353516,0.013682593740115
180,40.9947662353516,0.0113820320302674
181.25,40.9947662353516,0.0101345389616066
182.5,40.9947662353516,0.00956851252957922
183.75,40.9947662353516,0.00977241578932808
185,40.9947662353516,0.0112117395705857
186.25,40.9947662353516,0.0133633111015802
187.5,40.9947662353516,0.015038772815045
188.75,40.9947662353516,0.015959971441122
190,40.9947662353516,0.0158228041233142
191.25,40.9947662353516,0.0151940018591262
192.5,40.9947662353516,0.0145040385968785
193.75,40.9947662353516,0.0145718548463473
195,40.9947662353516,0.0166860330761093
196.25,40.9947662353516,0.0203346534041539
197.5,40.9947662353516,0.0227905515187241
198.75,40.9947662353516,0.0222637408379577
200,40.9947662353516,0.0205194465900452
201.25,40.9947662353516,0.0196013787669784
202.5,40.9947662353516,0.0199548644040146
203.75,40.9947662353516,0.0205289768393352
205,40.9947662353516,0.0201666716398435
206.25,40.9947662353516,0.0183454903618048
207.5,40.9947662353516,0.015611175905671
208.75,40.9947662353516,0.0127605613867618
210,40.9947662353516,0.00970465541952124
211.25,40.9947662353516,0.00572883029628789
212.5,40.9947662353516,0.000615368784709228
213.75,40.9947662353516,-0.00575831703309042
215,40.9947662353516,-0.0126630651282475
216.25,40.9947662353516,-0.0194693809599069
217.5,40.9947662353516,-0.0253073270500337
218.75,40.9947662353516,-0.0302322064427084
220,40.9947662353516,-0.0337711616621831
221.25,40.9947662353516,-0.0346813024801315
222.5,40.9947662353516,-0.0319686918796389
223.75,40.9947662353516,-0.0275542386002395
225,40.9947662353516,-0.0256011601833471
226.25,40.9947662353516,-0.0250064106134843
227.5,40.9947662353516,-0.0222999088930298
228.75,40.9947662353516,-0.0181198927601686
230,40.9947662353516,-0.0153177498006586
231.25,40.9947662353516,-0.0149878086522
232.5,40.9947662353516,-0.0174814348417418
233.75,40.9947662353516,-0.0225375009714056
235,40.9947662353516,-0.0260669523639315
236.25,40.9947662353516,-0.0259115933357562
160,41.9371795654297,-0.00722834789921357
161.25,41.9371795654297,-0.00260481680788283
162.5,41.9371795654297,-0.000751684669488735
163.75,41.9371795654297,-0.00304127070641547
165,41.9371795654297,-0.00561796889312262
166.25,41.9371795654297,-0.00470472850274853
167.5,41.9371795654297,-0.00290360500680797
168.75,41.9371795654297,-0.00363735892027135
170,41.9371795654297,-0.00659124669913601
171.25,41.9371795654297,-0.00946989035389829
172.5,41.9371795654297,-0.00821206942581318
173.75,41.9371795654297,-0.00410771293582235
175,41.9371795654297,0.0029586906875907
176.25,41.9371795654297,0.0126082892276854
177.5,41.9371795654297,0.0182857199258233
178.75,41.9371795654297,0.0174172330630322
180,41.9371795654297,0.0151762595378369
181.25,41.9371795654297,0.013630264955183
182.5,41.9371795654297,0.0127102051494847
183.75,41.9371795654297,0.0131583392974837
185,41.9371795654297,0.0151714728049164
186.25,41.9371795654297,0.0176933038136007
187.5,41.9371795654297,0.0192331961859593
188.75,41.9371795654297,0.019084414361027
190,41.9371795654297,0.0172183219422289
191.25,41.9371795654297,0.0149850444712386
192.5,41.9371795654297,0.0138505630852941
193.75,41.9371795654297,0.0140885327175429
195,41.9371795654297,0.016215948422702
196.25,41.9371795654297,0.0198990234400458
197.5,41.9371795654297,0.022593336503192
198.75,41.9371795654297,0.0221750442817199
200,41.9371795654297,0.0201768814504347
201.25,41.9371795654297,0.019125768722313
202.5,41.9371795654297,0.0197134276571721
203.75,41.9371795654297,0.0203127292170286
205,41.9371795654297,0.0201273534600882
206.25,41.9371795654297,0.0187395316344933
207.5,41.9371795654297,0.0162580052283702
208.75,41.9371795654297,0.0132469724374049
210,41.9371795654297,0.0100499382107743
211.25,41.9371795654297,0.00603258286445121
212.5,41.9371795654297,0.000718180431881767
213.75,41.9371795654297,-0.00573837366166131
215,41.9371795654297,-0.0132470888013311
216.25,41.9371795654297,-0.0203995799552675
217.5,41.9371795654297,-0.0269816539712427
218.75,41.9371795654297,-0.0331264964722555
220,41.9371795654297,-0.0383025975367383
221.25,41.9371795654297,-0.0407570009075079
222.5,41.9371795654297,-0.0394963540055318
223.75,41.9371795654297,-0.035703110798081
225,41.9371795654297,-0.0318245553558066
226.25,41.9371795654297,-0.0283347162219863
227.5,41.9371795654297,-0.0239659449884287
228.75,41.9371795654297,-0.0199203340051764
230,41.9371795654297,-0.0174163868443999
231.25,41.9371795654297,-0.0169827488049969
232.5,41.9371795654297,-0.0181216542745778
233.75,41.9371795654297,-0.0207090561403945
235,41.9371795654297,-0.022351144638052
236.25,41.9371795654297,-0.0222159587445488
160,42.8795776367188,-0.0141836890197355
161.25,42.8795776367188,-0.00796320915336395
162.5,42.8795776367188,-0.00408297070018915
163.75,42.8795776367188,-0.00514105790161735
165,42.8795776367188,-0.00687674888477282
166.25,42.8795776367188,-0.00610169038715608
167.5,42.8795776367188,-0.004570654322836
168.75,42.8795776367188,-0.00513943081084177
170,42.8795776367188,-0.00820589084254212
171.25,42.8795776367188,-0.0118315591115659
172.5,42.8795776367188,-0.00981490843726077
173.75,42.8795776367188,-0.00347332690863708
175,42.8795776367188,0.0060032303219601
176.25,42.8795776367188,0.0183219163990011
177.5,42.8795776367188,0.0247396421774714
178.75,42.8795776367188,0.0236474293888462
180,42.8795776367188,0.0210870650967403
181.25,42.8795776367188,0.0188229869207601
182.5,42.8795776367188,0.0167287752584624
183.75,42.8795776367188,0.0159248482844158
185,42.8795776367188,0.0168771689402429
186.25,42.8795776367188,0.0185729938772665
187.5,42.8795776367188,0.0197488126613138
188.75,42.8795776367188,0.0195676197432434
190,42.8795776367188,0.0176728495608299
191.25,42.8795776367188,0.0153735039624352
192.5,42.8795776367188,0.0142136008632156
193.75,42.8795776367188,0.0142465084945489
195,42.8795776367188,0.0150442164588487
196.25,42.8795776367188,0.0166852420686475
197.5,42.8795776367188,0.018224365270645
198.75,42.8795776367188,0.0176472939497654
200,42.8795776367188,0.0165350272492463
201.25,42.8795776367188,0.0167378636540277
202.5,42.8795776367188,0.0179183991590585
203.75,42.8795776367188,0.0189922272327715
205,42.8795776367188,0.0192217581496881
206.25,42.8795776367188,0.0183643194687457
207.5,42.8795776367188,0.0164171217278455
208.75,42.8795776367188,0.0137273702364859
210,42.8795776367188,0.0105710213564807
211.25,42.8795776367188,0.00638227905982937
212.5,42.8795776367188,0.000743187716249201
213.75,42.8795776367188,-0.00591018158307118
215,42.8795776367188,-0.0131438901849893
216.25,42.8795776367188,-0.020682043852734
217.5,42.8795776367188,-0.0277282301238747
218.75,42.8795776367188,-0.0347167551965915
220,42.8795776367188,-0.0412756001973891
221.25,42.8795776367188,-0.0454827048428975
222.5,42.8795776367188,-0.0459680153211036
223.75,42.8795776367188,-0.0428702410267945
225,42.8795776367188,-0.0378253311522781
226.25,42.8795776367188,-0.0318655189074028
227.5,42.8795776367188,-0.0252611448451367
228.75,42.8795776367188,-0.0205698225376471
230,42.8795776367188,-0.018486322098699
231.25,42.8795776367188,-0.0182287685733803
232.5,42.8795776367188,-0.0187284921040275
233.75,42.8795776367188,-0.0191541665005019
235,42.8795776367188,-0.0188812390643385
236.25,42.8795776367188,-0.0184288352833549
160,43.8219909667969,-0.0228484269747662
161.25,43.8219909667969,-0.0171393920999587
162.5,43.8219909667969,-0.0128273022826115
163.75,43.8219909667969,-0.012027700424368
165,43.8219909667969,-0.0123076292362727
166.25,43.8219909667969,-0.011400692473543
167.5,43.8219909667969,-0.00994394662505889
168.75,43.8219909667969,-0.0101156468960461
170,43.8219909667969,-0.0120363875196659
171.25,43.8219909667969,-0.013358152055093
172.5,43.8219909667969,-0.0111569850143493
173.75,43.8219909667969,-0.00680804621816802
175,43.8219909667969,0.00283860197669398
176.25,43.8219909667969,0.0163137341934361
177.5,43.8219909667969,0.0258696481857173
178.75,43.8219909667969,0.0289639815930199
180,43.8219909667969,0.0283949994160155
181.25,43.8219909667969,0.0260474909624868
182.5,43.8219909667969,0.0224979330287106
183.75,43.8219909667969,0.0193691893087224
185,43.8219909667969,0.0180294351067441
186.25,43.8219909667969,0.0182548588556034
187.5,43.8219909667969,0.0188842738698861
188.75,43.8219909667969,0.0187778649331736
190,43.8219909667969,0.0173944064015435
191.25,43.8219909667969,0.0153984012026524
192.5,43.8219909667969,0.0138116539677598
193.75,43.8219909667969,0.0129174421830353
195,43.8219909667969,0.012185146607002
196.25,43.8219909667969,0.0116591633122582
197.5,43.8219909667969,0.0114981778116717
198.75,43.8219909667969,0.01085409957399
200,43.8219909667969,0.0107244937650176
201.25,43.8219909667969,0.0121279980481209
202.5,43.8219909667969,0.0141167335155061
203.75,43.8219909667969,0.0158386011738779
205,43.8219909667969,0.0168777763234155
206.25,43.8219909667969,0.0168017742973905
207.5,43.8219909667969,0.015466574774989
208.75,43.8219909667969,0.013109255865449
210,43.8219909667969,0.00974083493707357
211.25,43.8219909667969,0.00502527216915239
212.5,43.8219909667969,-0.00094327080468649
213.75,43.8219909667969,-0.00744368202906596
215,43.8219909667969,-0.0139204215763324
216.25,43.8219909667969,-0.0207129135696227
217.5,43.8219909667969,-0.0279178380540205
218.75,43.8219909667969,-0.0349365884604
220,43.8219909667969,-0.0421540467828328
221.25,43.8219909667969,-0.0480616984418843
222.5,43.8219909667969,-0.0504447084947611
223.75,43.8219909667969,-0.0483058730310802
225,43.8219909667969,-0.0423405659364361
226.25,43.8219909667969,-0.0345277231850823
227.5,43.8219909667969,-0.0268618488731844
228.75,43.8219909667969,-0.0214439554172305
230,43.8219909667969,-0.019221032526174
231.25,43.8219909667969,-0.0189769550389977
232.5,43.8219909667969,-0.0192760411458332
233.75,43.8219909667969,-0.0187186225689868
235,43.8219909667969,-0.0171059290960745
236.25,43.8219909667969,-0.0161448749235468
160,44.764404296875,-0.0306602793700111
161.25,44.764404296875,-0.0265791402428718
162.5,44.764404296875,-0.0232463102915379
163.75,44.764404296875,-0.0218551476388906
165,44.764404296875,-0.0209265974062732
166.25,44.764404296875,-0.0198465081245428
167.5,44.764404296875,-0.0192313400904373
168.75,44.764404296875,-0.0197492121048665
170,44.764404296875,-0.0180518120234689
171.25,44.764404296875,-0.0143863014528113
172.5,44.764404296875,-0.0154688649415881
173.75,44.764404296875,-0.0174281748656111
175,44.764404296875,-0.0101731847280132
176.25,44.764404296875,0.00292865202313971
177.5,44.764404296875,0.0154970352051578
178.75,44.764404296875,0.0227052421916342
180,44.764404296875,0.0259041966691354
181.25,44.764404296875,0.0263483846509888
182.5,44.764404296875,0.0245689484114722
183.75,44.764404296875,0.0216143793944587
185,44.764404296875,0.0191149022344153
186.25,44.764404296875,0.018134062981887
187.5,44.764404296875,0.0181076009087276
188.75,44.764404296875,0.017768685490406
190,44.764404296875,0.0164597934955502
191.25,44.764404296875,0.0140980754341493
192.5,44.764404296875,0.0116349428209717
193.75,44.764404296875,0.00980991022068589
195,44.764404296875,0.00760994112912779
196.25,44.764404296875,0.0044389777669333
197.5,44.764404296875,0.00194966528927335
198.75,44.764404296875,0.00155755240734785
200,44.764404296875,0.00356254539451507
201.25,44.764404296875,0.00690233730468499
202.5,44.764404296875,0.0100732164601452
203.75,44.764404296875,0.0121343669564915
205,44.764404296875,0.0129552933381395
206.25,44.764404296875,0.0127537948277647
207.5,44.764404296875,0.0116902930057394
208.75,44.764404296875,0.00959406438945564
210,44.764404296875,0.00618042293444811
211.25,44.764404296875,0.00115059781908102
212.5,44.764404296875,-0.00486082361243946
213.75,44.764404296875,-0.0111096076612897
215,44.764404296875,-0.0169812242772276
216.25,44.764404296875,-0.022549353139276
217.5,44.764404296875,-0.0286272093509739
218.75,44.764404296875,-0.0356054252702711
220,44.764404296875,-0.0427688754162624
221.25,44.764404296875,-0.0495999075538995
222.5,44.764404296875,-0.0535793822203863
223.75,44.764404296875,-0.0520828899594966
225,44.764404296875,-0.0453593279644588
226.25,44.764404296875,-0.0364763380564545
227.5,44.764404296875,-0.0283256127594337
228.75,44.764404296875,-0.0229630666081046
230,44.764404296875,-0.0207086493643697
231.25,44.764404296875,-0.0199848515501552
232.5,44.764404296875,-0.0195635350601382
233.75,44.764404296875,-0.0184167017812026
235,44.764404296875,-0.0164969834090616
236.25,44.764404296875,-0.0152014880333061
160,45.7068023681641,-0.0415131171366502
161.25,45.7068023681641,-0.0387140535646929
162.5,45.7068023681641,-0.0342940882642709
163.75,45.7068023681641,-0.0311750635061065
165,45.7068023681641,-0.029146131663626
166.25,45.7068023681641,-0.0272101846815449
167.5,45.7068023681641,-0.0262149643443694
168.75,45.7068023681641,-0.0261783200738155
170,45.7068023681641,-0.0229062569631901
171.25,45.7068023681641,-0.0182225508554076
172.5,45.7068023681641,-0.021333879478239
173.75,45.7068023681641,-0.0246038800685443
175,45.7068023681641,-0.0210263263882809
176.25,45.7068023681641,-0.0116861896720778
177.5,45.7068023681641,-0.000674516628547543
178.75,45.7068023681641,0.00886419301242319
180,45.7068023681641,0.015063710740092
181.25,45.7068023681641,0.0186580288752109
182.5,45.7068023681641,0.0197789280545293
183.75,45.7068023681641,0.0189621993272185
185,45.7068023681641,0.0173585470379617
186.25,45.7068023681641,0.0162504905423792
187.5,45.7068023681641,0.0155731024661486
188.75,45.7068023681641,0.0146292408856175
190,45.7068023681641,0.0127288284086513
191.25,45.7068023681641,0.00977712609319559
192.5,45.7068023681641,0.00670557040939833
193.75,45.7068023681641,0.00436244089342752
195,45.7068023681641,0.0012327009877155
196.25,45.7068023681641,-0.00382877190521715
197.5,45.7068023681641,-0.0083994772646791
198.75,45.7068023681641,-0.00941778629851617
200,45.7068023681641,-0.00591633516606121
201.25,45.7068023681641,0.000187012148251994
202.5,45.7068023681641,0.0053320443603896
203.75,45.7068023681641,0.00777044864218812
205,45.7068023681641,0.00818712578589577
206.25,45.7068023681641,0.00746925299322964
207.5,45.7068023681641,0.0058649592071224
208.75,45.7068023681641,0.00317130987575012
210,45.7068023681641,-0.000514092542435709
211.25,45.7068023681641,-0.00516111860317995
212.5,45.7068023681641,-0.0105241953123062
213.75,45.7068023681641,-0.0160785227017011
215,45.7068023681641,-0.0210853257052309
216.25,45.7068023681641,-0.0260254290212411
217.5,45.7068023681641,-0.0314997603884491
218.75,45.7068023681641,-0.0374336017094589
220,45.7068023681641,-0.0442647743917951
221.25,45.7068023681641,-0.0512536192226231
222.5,45.7068023681641,-0.0553262564558166
223.75,45.7068023681641,-0.053832368960659
225,45.7068023681641,-0.0470336039099952
226.25,45.7068023681641,-0.0378142048584443
227.5,45.7068023681641,-0.0295804150181723
228.75,45.7068023681641,-0.0245675398614929
230,45.7068023681641,-0.0224151750465453
231.25,45.7068023681641,-0.0211412290982405
232.5,45.7068023681641,-0.0196548438686631
233.75,45.7068023681641,-0.0182141285023365
235,45.7068023681641,-0.0163619097909161
236.25,45.7068023681641,-0.0151069702759733
160,46.6492156982422,-0.0486163366691419
161.25,46.6492156982422,-0.0472726371376223
162.5,46.6492156982422,-0.0412596927603989
163.75,46.6492156982422,-0.0356489854084921
165,46.6492156982422,-0.0321987705134942
166.25,46.6492156982422,-0.0289460751014654
167.5,46.6492156982422,-0.0271706777304941
168.75,46.6492156982422,-0.0269733665146726
170,46.6492156982422,-0.0248438410417022
171.25,46.6492156982422,-0.0213393979159406
172.5,46.6492156982422,-0.0214124910879322
173.75,46.6492156982422,-0.0225527486419624
175,46.6492156982422,-0.0200137717796455
176.25,46.6492156982422,-0.0127213348211783
177.5,46.6492156982422,-0.00359350236243857
178.75,46.6492156982422,0.0039578225961181
180,46.6492156982422,0.00940859852405735
181.25,46.6492156982422,0.0125629554538186
182.5,46.6492156982422,0.0136251678044148
183.75,46.6492156982422,0.013134067929455
185,46.6492156982422,0.0120481868370136
186.25,46.6492156982422,0.0105256859697915
187.5,46.6492156982422,0.00910591118922675
188.75,46.6492156982422,0.00791542686001824
190,46.6492156982422,0.00588082899828114
191.25,46.6492156982422,0.0025821204907705
192.5,46.6492156982422,-0.00106527537716584
193.75,46.6492156982422,-0.00424442894040897
195,46.6492156982422,-0.00902410459698469
196.25,46.6492156982422,-0.0153589393714008
197.5,46.6492156982422,-0.0200711301987763
198.75,46.6492156982422,-0.0197958590831529
200,46.6492156982422,-0.0145059249340084
201.25,46.6492156982422,-0.00674376189192195
202.5,46.6492156982422,-0.000835980359486367
203.75,46.6492156982422,0.00118302667255771
205,46.6492156982422,0.000689858592229267
206.25,46.6492156982422,-0.000352044681333199
207.5,46.6492156982422,-0.00163325049607106
208.75,46.6492156982422,-0.00406578162496939
210,46.6492156982422,-0.00769094290348942
211.25,46.6492156982422,-0.0122769708265455
212.5,46.6492156982422,-0.0171086971008696
213.75,46.6492156982422,-0.021158378349815
215,46.6492156982422,-0.0246492441269844
216.25,46.6492156982422,-0.0287652586919971
217.5,46.6492156982422,-0.033876481839809
218.75,46.6492156982422,-0.039892692607875
220,46.6492156982422,-0.0463683596228235
221.25,46.6492156982422,-0.0523935661109646
222.5,46.6492156982422,-0.0554015936294287
223.75,46.6492156982422,-0.0532286422883899
225,46.6492156982422,-0.0466392824142596
226.25,46.6492156982422,-0.0378492994399053
227.5,46.6492156982422,-0.0301664971593371
228.75,46.6492156982422,-0.0261329777735507
230,46.6492156982422,-0.0245828503329296
231.25,46.6492156982422,-0.0229809670679493
232.5,46.6492156982422,-0.0206932554699134
233.75,46.6492156982422,-0.0190538484415456
235,46.6492156982422,-0.0178719532555622
236.25,46.6492156982422,-0.0162856279017894
160,47.5916290283203,-0.040498649454573
161.25,47.5916290283203,-0.041095383943265
162.5,47.5916290283203,-0.0352937500115843
163.75,47.5916290283203,-0.0285871053679728
165,47.5916290283203,-0.022927943935471
166.25,47.5916290283203,-0.0186933888812516
167.5,47.5916290283203,-0.0165114783810476
168.75,47.5916290283203,-0.0159890720174959
170,47.5916290283203,-0.0157791795507475
171.25,47.5916290283203,-0.0160690479037076
172.5,47.5916290283203,-0.0164372557130675
173.75,47.5916290283203,-0.0150888551282787
175,47.5916290283203,-0.0105928516228295
176.25,47.5916290283203,-0.00383573057751796
177.5,47.5916290283203,0.00237448121891439
178.75,47.5916290283203,0.00629093796290559
180,47.5916290283203,0.00792234002000366
181.25,47.5916290283203,0.0077394595816401
182.5,47.5916290283203,0.00552585620880931
183.75,47.5916290283203,0.00173947919489521
185,47.5916290283203,-0.00121993271937108
186.25,47.5916290283203,-0.00384941226618727
187.5,47.5916290283203,-0.00625608949983937
188.75,47.5916290283203,-0.00787881199467823
190,47.5916290283203,-0.00862550057803785
191.25,47.5916290283203,-0.00983992143531743
192.5,47.5916290283203,-0.0119097460759194
193.75,47.5916290283203,-0.0147288900902345
195,47.5916290283203,-0.0203424269455811
196.25,47.5916290283203,-0.0280297270285721
197.5,47.5916290283203,-0.0323386848010387
198.75,47.5916290283203,-0.0304968540107081
200,47.5916290283203,-0.0236810166636815
201.25,47.5916290283203,-0.0157181682838738
202.5,47.5916290283203,-0.0103144486781516
203.75,47.5916290283203,-0.00909301267068099
205,47.5916290283203,-0.0101284126313553
206.25,47.5916290283203,-0.0114986361191153
207.5,47.5916290283203,-0.0126299260538176
208.75,47.5916290283203,-0.0135009790211448
210,47.5916290283203,-0.0153083923627948
211.25,47.5916290283203,-0.0181781681625406
212.5,47.5916290283203,-0.0212064653267227
213.75,47.5916290283203,-0.0236256033352357
215,47.5916290283203,-0.0261602862327874
216.25,47.5916290283203,-0.0298296770171237
217.5,47.5916290283203,-0.0349739354055716
218.75,47.5916290283203,-0.0415252127940191
220,47.5916290283203,-0.0479012244654454
221.25,47.5916290283203,-0.0521649647896993
222.5,47.5916290283203,-0.0532562098833403
223.75,47.5916290283203,-0.0504537581940132
225,47.5916290283203,-0.0441001059608718
226.25,47.5916290283203,-0.0363780837414424
227.5,47.5916290283203,-0.0303044858079852
228.75,47.5916290283203,-0.0278917470171881
230,47.5916290283203,-0.0270400822435217
231.25,47.5916290283203,-0.0250271539392192
232.5,47.5916290283203,-0.0222875896572603
233.75,47.5916290283203,-0.0208900607973142
235,47.5916290283203,-0.0208646153480089
236.25,47.5916290283203,-0.0215650757300966
160,48.5340270996094,-0.0344724049210349
161.25,48.5340270996094,-0.032972295151257
162.5,48.5340270996094,-0.0254926930608537
163.75,48.5340270996094,-0.0169118916329191
165,48.5340270996094,-0.00960942531155447
166.25,48.5340270996094,-0.00505938380641846
167.5,48.5340270996094,-0.00364495202901432
168.75,48.5340270996094,-0.00491055369041224
170,48.5340270996094,-0.00834806868633892
171.25,48.5340270996094,-0.0114007000009885
172.5,48.5340270996094,-0.0121243815104886
173.75,48.5340270996094,-0.0100145274071558
175,48.5340270996094,-0.00579845554317238
176.25,48.5340270996094,-0.0015765975177051
177.5,48.5340270996094,0.00106757965296736
178.75,48.5340270996094,0.00151359148461288
180,48.5340270996094,-0.000512442528808258
181.25,48.5340270996094,-0.00517365041314067
182.5,48.5340270996094,-0.0133629459030008
183.75,48.5340270996094,-0.0216754450643419
185,48.5340270996094,-0.0264737087480504
186.25,48.5340270996094,-0.0282709783201442
187.5,48.5340270996094,-0.0285588516673104
188.75,48.5340270996094,-0.0285409272807053
190,48.5340270996094,-0.028341271653365
191.25,48.5340270996094,-0.0285792024768573
192.5,48.5340270996094,-0.0297315985785965
193.75,48.5340270996094,-0.0319873759354688
195,48.5340270996094,-0.0359805695453683
196.25,48.5340270996094,-0.0408680618614556
197.5,48.5340270996094,-0.0427042284239141
198.75,48.5340270996094,-0.0403242368483152
200,48.5340270996094,-0.0355575057189538
201.25,48.5340270996094,-0.031277507784937
202.5,48.5340270996094,-0.0289147559121397
203.75,48.5340270996094,-0.0270754130013779
205,48.5340270996094,-0.0255417485407802
206.25,48.5340270996094,-0.0243898236656126
207.5,48.5340270996094,-0.023612766891994
208.75,48.5340270996094,-0.0228779295859558
210,48.5340270996094,-0.0226385017203428
211.25,48.5340270996094,-0.0227250580932077
212.5,48.5340270996094,-0.0230722040316852
213.75,48.5340270996094,-0.0237160372986979
215,48.5340270996094,-0.0255046545181216
216.25,48.5340270996094,-0.0293892109606448
217.5,48.5340270996094,-0.0355399595948164
218.75,48.5340270996094,-0.0424415611143391
220,48.5340270996094,-0.0475350606955824
221.25,48.5340270996094,-0.0496357764638767
222.5,48.5340270996094,-0.0488617234153515
223.75,48.5340270996094,-0.0452577396393558
225,48.5340270996094,-0.0395159004532709
226.25,48.5340270996094,-0.0334514831374936
227.5,48.5340270996094,-0.0296039799045848
228.75,48.5340270996094,-0.0290470503850148
230,48.5340270996094,-0.0287276922618321
231.25,48.5340270996094,-0.0257034369771603
232.5,48.5340270996094,-0.0224055327415137
233.75,48.5340270996094,-0.0213278335890212
235,48.5340270996094,-0.0214524931971603
236.25,48.5340270996094,-0.0214234045165495
160,49.4764404296875,-0.0230356759736125
161.25,49.4764404296875,-0.0250834721371981
162.5,49.4764404296875,-0.0209330031212881
163.75,49.4764404296875,-0.0125162987132142
165,49.4764404296875,-0.0051822926408321
166.25,49.4764404296875,-0.00139655982836363
167.5,49.4764404296875,-0.000278494780240296
168.75,49.4764404296875,-0.00130439811496316
170,49.4764404296875,-0.00410752043132208
171.25,49.4764404296875,-0.00670878522498487
172.5,49.4764404296875,-0.00814156294047931
173.75,49.4764404296875,-0.00825329453926976
175,49.4764404296875,-0.00781048727173966
176.25,49.4764404296875,-0.00775620245639932
177.5,49.4764404296875,-0.00827369418472053
178.75,49.4764404296875,-0.0103960776308659
180,49.4764404296875,-0.0151918941866597
181.25,49.4764404296875,-0.0228313723760624
182.5,49.4764404296875,-0.0323555156454548
183.75,49.4764404296875,-0.0406801984087385
185,49.4764404296875,-0.0441785512925348
186.25,49.4764404296875,-0.0442127983683209
187.5,49.4764404296875,-0.0427334065964125
188.75,49.4764404296875,-0.0412806917548659
190,49.4764404296875,-0.0413296403400555
191.25,49.4764404296875,-0.0426473250420359
192.5,49.4764404296875,-0.0443560710034834
193.75,49.4764404296875,-0.0469109960783167
195,49.4764404296875,-0.0499388215927062
196.25,49.4764404296875,-0.0523179232296841
197.5,49.4764404296875,-0.0532517638102162
198.75,49.4764404296875,-0.0520578461929487
200,49.4764404296875,-0.0490273265253052
201.25,49.4764404296875,-0.0462704838195118
202.5,49.4764404296875,-0.0444929962165152
203.75,49.4764404296875,-0.0422651576417854
205,49.4764404296875,-0.0394696956795648
206.25,49.4764404296875,-0.036273804901397
207.5,49.4764404296875,-0.0324947464592092
208.75,49.4764404296875,-0.0288328586170538
210,49.4764404296875,-0.0260071946765433
211.25,49.4764404296875,-0.0240157697305079
212.5,49.4764404296875,-0.022698398948991
213.75,49.4764404296875,-0.022434594926268
215,49.4764404296875,-0.0243598798797712
216.25,49.4764404296875,-0.0289282943810621
217.5,49.4764404296875,-0.0355059449757123
218.75,49.4764404296875,-0.0410938750491003
220,49.4764404296875,-0.0436094094849674
221.25,49.4764404296875,-0.0438370502924242
222.5,49.4764404296875,-0.0421068337408135
223.75,49.4764404296875,-0.0384653404870692
225,49.4764404296875,-0.0339806034199351
226.25,49.4764404296875,-0.030404488124599
227.5,49.4764404296875,-0.0292900026879408
228.75,49.4764404296875,-0.030104069995694
230,49.4764404296875,-0.0284547334911135
231.25,49.4764404296875,-0.0233979925484117
232.5,49.4764404296875,-0.0198469455860111
233.75,49.4764404296875,-0.0197470935691093
235,49.4764404296875,-0.0214376230884125
160,50.4188537597656,-0.0242103817929021
161.25,50.4188537597656,-0.0202801669009084
162.5,50.4188537597656,-0.0204285962193756
163.75,50.4188537597656,-0.0189035820711494
165,50.4188537597656,-0.0173131353579752
166.25,50.4188537597656,-0.016903717106227
167.5,50.4188537597656,-0.0175240084082419
168.75,50.4188537597656,-0.0178319411941983
170,50.4188537597656,-0.0179943095029741
171.25,50.4188537597656,-0.0181219840459603
172.5,50.4188537597656,-0.0179601615744563
173.75,50.4188537597656,-0.0166022526844805
175,50.4188537597656,-0.0147763041740596
176.25,50.4188537597656,-0.0140351764967672
177.5,50.4188537597656,-0.015716309002937
178.75,50.4188537597656,-0.0204093435625404
180,50.4188537597656,-0.0282051119577421
181.25,50.4188537597656,-0.0371587750393502
182.5,50.4188537597656,-0.0439645587261153
183.75,50.4188537597656,-0.0463926978201232
185,50.4188537597656,-0.0451830274313271
186.25,50.4188537597656,-0.0421736137205382
187.5,50.4188537597656,-0.0398609205842108
188.75,50.4188537597656,-0.0400155233647018
190,50.4188537597656,-0.0431789320262428
191.25,50.4188537597656,-0.0480148418301872
192.5,50.4188537597656,-0.0527526148767332
193.75,50.4188537597656,-0.0559697364770833
195,50.4188537597656,-0.0573786916281366
196.25,50.4188537597656,-0.0575725251642695
197.5,50.4188537597656,-0.0572409904366599
198.75,50.4188537597656,-0.0560933962148916
200,50.4188537597656,-0.0540535266952379
201.25,50.4188537597656,-0.0518253225315923
202.5,50.4188537597656,-0.0496924326461126
203.75,50.4188537597656,-0.0469242184437119
205,50.4188537597656,-0.0434836288938595
206.25,50.4188537597656,-0.0394966510555505
207.5,50.4188537597656,-0.0346984611301408
208.75,50.4188537597656,-0.0294555573472005
210,50.4188537597656,-0.0251203380856016
211.25,50.4188537597656,-0.022249622000716
212.5,50.4188537597656,-0.0205168471000035
213.75,50.4188537597656,-0.0201997806534785
215,50.4188537597656,-0.0219510599632032
216.25,50.4188537597656,-0.0266506524394521
217.5,50.4188537597656,-0.0326729431033377
218.75,50.4188537597656,-0.0363715884518309
220,50.4188537597656,-0.0369097407283895
221.25,50.4188537597656,-0.0354955456315465
222.5,50.4188537597656,-0.0336059934648726
223.75,50.4188537597656,-0.0316599553775989
225,50.4188537597656,-0.0296681499756404
226.25,50.4188537597656,-0.0289449674483238
227.5,50.4188537597656,-0.0296617236685737
228.75,50.4188537597656,-0.0302353959937939
230,50.4188537597656,-0.027515815238631
231.25,50.4188537597656,-0.0235833663465901
232.5,50.4188537597656,-0.0190875221812708
233.75,50.4188537597656,-0.0180090826215541
160,51.3612518310547,-0.0404694848384945
161.25,51.3612518310547,-0.0327701172541077
162.5,51.3612518310547,-0.0267595855786252
163.75,51.3612518310547,-0.0281347466454946
165,51.3612518310547,-0.0311687733361339
166.25,51.3612518310547,-0.0332679018055036
167.5,51.3612518310547,-0.0340642417686772
168.75,51.3612518310547,-0.0344071856516229
170,51.3612518310547,-0.035279152557912
171.25,51.3612518310547,-0.0361941348120933
172.5,51.3612518310547,-0.0350383544140397
173.75,51.3612518310547,-0.0304761938325721
175,51.3612518310547,-0.0249122124056008
176.25,51.3612518310547,-0.0214165261177461
177.5,51.3612518310547,-0.0227964254410457
178.75,51.3612518310547,-0.0286777412272015
180,51.3612518310547,-0.0364468183603604
181.25,51.3612518310547,-0.0427345835866771
182.5,51.3612518310547,-0.0457860532797857
183.75,51.3612518310547,-0.0453808275558083
185,51.3612518310547,-0.0430945975469699
186.25,51.3612518310547,-0.0404669089935902
187.5,51.3612518310547,-0.0386037480297334
188.75,51.3612518310547,-0.0389284130548076
190,51.3612518310547,-0.0412716784174303
191.25,51.3612518310547,-0.0446238027783363
192.5,51.3612518310547,-0.0476309167453483
193.75,51.3612518310547,-0.049682916818309
195,51.3612518310547,-0.0510055807351695
196.25,51.3612518310547,-0.051151897970431
197.5,51.3612518310547,-0.0504438983285424
198.75,51.3612518310547,-0.049175581912828
200,51.3612518310547,-0.0473862152249877
201.25,51.3612518310547,-0.0448194519208705
202.5,51.3612518310547,-0.042466159788401
203.75,51.3612518310547,-0.0403925067385139
205,51.3612518310547,-0.0384788686806461
206.25,51.3612518310547,-0.0356153591776399
207.5,51.3612518310547,-0.0310583647779501
208.75,51.3612518310547,-0.0254057048308273
210,51.3612518310547,-0.0207332667656439
211.25,51.3612518310547,-0.0178277561390223
212.5,51.3612518310547,-0.0166795123187465
213.75,51.3612518310547,-0.0168429829514734
215,51.3612518310547,-0.0184460139192099
216.25,51.3612518310547,-0.0219301501046648
217.5,51.3612518310547,-0.0258805729351421
218.75,51.3612518310547,-0.028475591339947
220,51.3612518310547,-0.0287698776841606
221.25,51.3612518310547,-0.0275598957978986
222.5,51.3612518310547,-0.0267397446956148
223.75,51.3612518310547,-0.0266343670572321
225,51.3612518310547,-0.0269048051373153
226.25,51.3612518310547,-0.0273297854607188
227.5,51.3612518310547,-0.0277325581865777
228.75,51.3612518310547,-0.0272800496078299
230,51.3612518310547,-0.0256471490716399
231.25,51.3612518310547,-0.0243806425507568
232.5,51.3612518310547,-0.0235482714221877
160,52.3036651611328,-0.0507255300878725
161.25,52.3036651611328,-0.0508506485261908
162.5,52.3036651611328,-0.0445376945260907
163.75,52.3036651611328,-0.040416563402092
165,52.3036651611328,-0.0419623175598677
166.25,52.3036651611328,-0.0439181806005383
167.5,52.3036651611328,-0.0443183226585481
168.75,52.3036651611328,-0.0442948346728274
170,52.3036651611328,-0.0443852695389263
171.25,52.3036651611328,-0.0438345225315053
172.5,52.3036651611328,-0.0409195404442682
173.75,52.3036651611328,-0.0358798283328707
175,52.3036651611328,-0.0301069017153414
176.25,52.3036651611328,-0.0268258610912451
177.5,52.3036651611328,-0.029453897630829
178.75,52.3036651611328,-0.0374929027114088
180,52.3036651611328,-0.0465340573282898
181.25,52.3036651611328,-0.0510443023710625
182.5,52.3036651611328,-0.0496800720099173
183.75,52.3036651611328,-0.0457823143018234
185,52.3036651611328,-0.0424490482919325
186.25,52.3036651611328,-0.0403190823224221
187.5,52.3036651611328,-0.0381022458261426
188.75,52.3036651611328,-0.0370798751688125
190,52.3036651611328,-0.0364507172138318
191.25,52.3036651611328,-0.0356484900791655
192.5,52.3036651611328,-0.0356397903919117
193.75,52.3036651611328,-0.0351008556751704
195,52.3036651611328,-0.0356418604257281
196.25,52.3036651611328,-0.0362800257146743
197.5,52.3036651611328,-0.0354390446158837
198.75,52.3036651611328,-0.0338569326061902
200,52.3036651611328,-0.0327300105958018
201.25,52.3036651611328,-0.0322499567765032
202.5,52.3036651611328,-0.0316777472936533
203.75,52.3036651611328,-0.0308267249044183
205,52.3036651611328,-0.0293584420745181
206.25,52.3036651611328,-0.0267521898483903
207.5,52.3036651611328,-0.0228888641340954
208.75,52.3036651611328,-0.0185043150671708
210,52.3036651611328,-0.0150363576003872
211.25,52.3036651611328,-0.0130672485549243
212.5,52.3036651611328,-0.012234601681109
213.75,52.3036651611328,-0.0120421496011975
215,52.3036651611328,-0.013241783034616
216.25,52.3036651611328,-0.0160520605923487
217.5,52.3036651611328,-0.0190724411072985
218.75,52.3036651611328,-0.0206100923723062
220,52.3036651611328,-0.0204767510088853
221.25,52.3036651611328,-0.0206062865428905
222.5,52.3036651611328,-0.0219781277951253
223.75,52.3036651611328,-0.0236515887501711
225,52.3036651611328,-0.0237199220034857
226.25,52.3036651611328,-0.0230830780932004
227.5,52.3036651611328,-0.0221637785409392
228.75,52.3036651611328,-0.0201289451220832
230,52.3036651611328,-0.017696316689062
231.25,52.3036651611328,-0.0192153295616388
232.5,52.3036651611328,-0.0219890270592496
160,53.2460784912109,-0.0550181775345686
161.25,53.2460784912109,-0.0568648791388676
162.5,53.2460784912109,-0.05635423198795
163.75,53.2460784912109,-0.0539596761512514
165,53.2460784912109,-0.0510666955944384
166.25,53.2460784912109,-0.0494071884218028
167.5,53.2460784912109,-0.0478532431785423
168.75,53.2460784912109,-0.0467416593499323
170,53.2460784912109,-0.0455987752597979
171.25,53.2460784912109,-0.0435149073013485
172.5,53.2460784912109,-0.0403057432401748
173.75,53.2460784912109,-0.0368761985015805
175,53.2460784912109,-0.0337673023331361
176.25,53.2460784912109,-0.0331163729731147
177.5,53.2460784912109,-0.0371923890579398
178.75,53.2460784912109,-0.0458268602920364
180,53.2460784912109,-0.0537166796569885
181.25,53.2460784912109,-0.0557970339542187
182.5,53.2460784912109,-0.0525909913516674
183.75,53.2460784912109,-0.0471638271404556
185,53.2460784912109,-0.0419144725076301
186.25,53.2460784912109,-0.0383946271514979
187.5,53.2460784912109,-0.0363714343356479
188.75,53.2460784912109,-0.0342568221783527
190,53.2460784912109,-0.0312184162483366
191.25,53.2460784912109,-0.027953394582045
192.5,53.2460784912109,-0.0245284223480253
193.75,53.2460784912109,-0.0239509750723998
195,53.2460784912109,-0.021257945241499
196.25,53.2460784912109,-0.0200851602443624
197.5,53.2460784912109,-0.0205074003720232
198.75,53.2460784912109,-0.0208459303713052
200,53.2460784912109,-0.0213321237413599
201.25,53.2460784912109,-0.0215273527888566
202.5,53.2460784912109,-0.0208825060614051
203.75,53.2460784912109,-0.0200712157824988
205,53.2460784912109,-0.019145267794865
206.25,53.2460784912109,-0.0176908626934021
207.5,53.2460784912109,-0.0154462204238841
208.75,53.2460784912109,-0.0125736345337927
210,53.2460784912109,-0.010018814844341
211.25,53.2460784912109,-0.00869783819117752
212.5,53.2460784912109,-0.00773443598437947
213.75,53.2460784912109,-0.00705542266134786
215,53.2460784912109,-0.00761269367565866
216.25,53.2460784912109,-0.00979822594496172
217.5,53.2460784912109,-0.012786887443765
218.75,53.2460784912109,-0.0145384228123811
220,53.2460784912109,-0.0146681829381929
221.25,53.2460784912109,-0.0151525494860796
222.5,53.2460784912109,-0.0173685803542388
223.75,53.2460784912109,-0.0189956394290371
225,53.2460784912109,-0.0176687905586005
226.25,53.2460784912109,-0.0158258662794804
227.5,53.2460784912109,-0.0141702396002405
228.75,53.2460784912109,-0.011825491034044
230,53.2460784912109,-0.0109720794959604
231.25,53.2460784912109,-0.0126199698193564
160,54.1884765625,-0.0547357871526282
161.25,54.1884765625,-0.0539427242140461
162.5,54.1884765625,-0.0511999935280014
163.75,54.1884765625,-0.0502080897773777
165,54.1884765625,-0.0499253419039717
166.25,54.1884765625,-0.0490721516419517
167.5,54.1884765625,-0.0482946922954004
168.75,54.1884765625,-0.0473054223087749
170,54.1884765625,-0.0453175682474716
171.25,54.1884765625,-0.0425707706916831
172.5,54.1884765625,-0.0405343295554366
173.75,54.1884765625,-0.0394408218820219
175,54.1884765625,-0.038941339924243
176.25,54.1884765625,-0.0404357398655368
177.5,54.1884765625,-0.0442080359450746
178.75,54.1884765625,-0.0489882819229074
180,54.1884765625,-0.0516190407134178
181.25,54.1884765625,-0.0513041337451467
182.5,54.1884765625,-0.0490864807040047
183.75,54.1884765625,-0.0449684298737921
185,54.1884765625,-0.0399512817274119
186.25,54.1884765625,-0.0355884360673516
187.5,54.1884765625,-0.0319434105263095
188.75,54.1884765625,-0.0281207960476448
190,54.1884765625,-0.023556386577785
191.25,54.1884765625,-0.0190305733386172
192.5,54.1884765625,-0.0157651817502943
193.75,54.1884765625,-0.0141842158678737
195,54.1884765625,-0.0124542819713335
196.25,54.1884765625,-0.00880091229874817
197.5,54.1884765625,-0.00838295097870688
198.75,54.1884765625,-0.00885692116581232
200,54.1884765625,-0.0104851653182035
201.25,54.1884765625,-0.0114865957567409
202.5,54.1884765625,-0.0111827032179918
203.75,54.1884765625,-0.010204322587026
205,54.1884765625,-0.00860287021913364
206.25,54.1884765625,-0.00719473873264304
207.5,54.1884765625,-0.00717265931809891
208.75,54.1884765625,-0.00713829217865436
210,54.1884765625,-0.00587228923788519
211.25,54.1884765625,-0.0040442828323895
212.5,54.1884765625,-0.00222304478629134
213.75,54.1884765625,-0.0017524597452518
215,54.1884765625,-0.00272616710100037
216.25,54.1884765625,-0.00490073692450485
217.5,54.1884765625,-0.00745147482096185
218.75,54.1884765625,-0.00916695387617358
220,54.1884765625,-0.00981401537276629
221.25,54.1884765625,-0.0104201866700084
222.5,54.1884765625,-0.0113221992340728
223.75,54.1884765625,-0.0101907555894077
225,54.1884765625,-0.00806766776197017
226.25,54.1884765625,-0.00590891259844421
227.5,54.1884765625,-0.00290795168224774
228.75,54.1884765625,-0.00223136030605266
230,54.1884765625,-0.000134635702508791
161.25,55.1308898925781,-0.0455571630446071
162.5,55.1308898925781,-0.0444743708949404
163.75,55.1308898925781,-0.0422754273898769
165,55.1308898925781,-0.0416168666476292
166.25,55.1308898925781,-0.041516937630979
167.5,55.1308898925781,-0.0430016966581984
168.75,55.1308898925781,-0.0443332397915444
170,55.1308898925781,-0.0436425916836772
171.25,55.1308898925781,-0.0426082232396131
172.5,55.1308898925781,-0.0430205327657989
173.75,55.1308898925781,-0.0444305110959921
175,55.1308898925781,-0.0457810601481328
176.25,55.1308898925781,-0.0464727796334125
177.5,55.1308898925781,-0.046409329993556
178.75,55.1308898925781,-0.0462487812546163
180,55.1308898925781,-0.0461666608808734
181.25,55.1308898925781,-0.0458446069288626
182.5,55.1308898925781,-0.0442219765242223
183.75,55.1308898925781,-0.0405939410669594
185,55.1308898925781,-0.0354829013801391
186.25,55.1308898925781,-0.0301581753137524
187.5,55.1308898925781,-0.0255450302307203
188.75,55.1308898925781,-0.0212558075173744
190,55.1308898925781,-0.0172204744530173
191.25,55.1308898925781,-0.0136720930485941
192.5,55.1308898925781,-0.0110566786239518
193.75,55.1308898925781,-0.00926622245785285
195,55.1308898925781,-0.00533831042810077
196.25,55.1308898925781,0.001276562815748
197.5,55.1308898925781,0.000797614363377292
198.75,55.1308898925781,0.00194836778391697
200,55.1308898925781,0.0016327388013621
201.25,55.1308898925781,-0.000201281758357736
202.5,55.1308898925781,-0.00102219195452999
203.75,55.1308898925781,-0.00158554712312481
205,55.1308898925781,-0.000575884200500191
206.25,55.1308898925781,0.00201406639088392
207.5,55.1308898925781,0.00433766965459376
208.75,55.1308898925781,0.00484851630022387
210,55.1308898925781,0.0035626795257156
211.25,55.1308898925781,0.00305968847096008
212.5,55.1308898925781,0.00358901799867902
213.75,55.1308898925781,0.00345476413443388
215,55.1308898925781,0.00217734667470247
216.25,55.1308898925781,-0.000233067149722712
217.5,55.1308898925781,-0.00286363564905325
218.75,55.1308898925781,-0.00442550137341902
220,55.1308898925781,-0.00468289149579644
221.25,55.1308898925781,-0.00465582387931077
222.5,55.1308898925781,-0.00337351091441742
223.75,55.1308898925781,0.000141512537200829
225,55.1308898925781,0.003421273752131
226.25,55.1308898925781,0.00426320793469382
227.5,55.1308898925781,0.00439821334626138
228.75,55.1308898925781,0.00292170167233641
230,55.1308898925781,-0.000134636571139777
161.25,56.0733032226562,-0.0436598264653828
162.5,56.0733032226562,-0.0405066770780128
163.75,56.0733032226562,-0.0379007880708259
165,56.0733032226562,-0.0368530646017035
166.25,56.0733032226562,-0.0364349215155933
167.5,56.0733032226562,-0.0369639199882615
168.75,56.0733032226562,-0.038181424329989
170,56.0733032226562,-0.0395030956630063
171.25,56.0733032226562,-0.0415209208964944
172.5,56.0733032226562,-0.0444457883159183
173.75,56.0733032226562,-0.0470063744064754
175,56.0733032226562,-0.0479434426609481
176.25,56.0733032226562,-0.0472446587465031
177.5,56.0733032226562,-0.0456553898058427
178.75,56.0733032226562,-0.0442991944843255
180,56.0733032226562,-0.0435785260146303
181.25,56.0733032226562,-0.0425900065362986
182.5,56.0733032226562,-0.0400887637889385
183.75,56.0733032226562,-0.0362022105160171
185,56.0733032226562,-0.0313129435811009
186.25,56.0733032226562,-0.0259819086485369
187.5,56.0733032226562,-0.0211407996084385
188.75,56.0733032226562,-0.0173282020857225
190,56.0733032226562,-0.0144731440372157
191.25,56.0733032226562,-0.0119100920746764
192.5,56.0733032226562,-0.0100065377685757
193.75,56.0733032226562,-0.00672285049974661
195,56.0733032226562,-0.000520434139618673
196.25,56.0733032226562,0.00647104814689256
197.5,56.0733032226562,0.012163580530209
198.75,56.0733032226562,0.0146880957564855
200,56.0733032226562,0.0137871545163134
201.25,56.0733032226562,0.0112144455141275
202.5,56.0733032226562,0.0102226797100012
203.75,56.0733032226562,0.0098611303945546
205,56.0733032226562,0.00892264599814267
206.25,56.0733032226562,0.0091966193395138
207.5,56.0733032226562,0.0124980006073206
208.75,56.0733032226562,0.0148942261161824
210,56.0733032226562,0.0144874386180495
211.25,56.0733032226562,0.0120277514578638
212.5,56.0733032226562,0.00969763313438899
213.75,56.0733032226562,0.0078937939407744
215,56.0733032226562,0.00632811866120877
216.25,56.0733032226562,0.00447304911178316
217.5,56.0733032226562,0.00229681958615293
218.75,56.0733032226562,0.000847918357972553
220,56.0733032226562,0.00162730252613871
221.25,56.0733032226562,0.00475916239913075
222.5,56.0733032226562,0.00868928313312955
223.75,56.0733032226562,0.0117877656538967
225,56.0733032226562,0.0136048217525609
226.25,56.0733032226562,0.0146807808078209
227.5,56.0733032226562,0.00529480548886001
162.5,57.0157012939453,-0.0355117996372398
163.75,57.0157012939453,-0.0353497607175018
165,57.0157012939453,-0.0346527598315296
166.25,57.0157012939453,-0.0341808565937057
167.5,57.0157012939453,-0.0345987314368013
168.75,57.0157012939453,-0.0358093206738551
170,57.0157012939453,-0.0375613686784907
171.25,57.0157012939453,-0.0401968291438396
172.5,57.0157012939453,-0.0431810762149637
173.75,57.0157012939453,-0.0450442521169603
175,57.0157012939453,-0.0450882039445598
176.25,57.0157012939453,-0.0440438745816315
177.5,57.0157012939453,-0.0428701481006659
178.75,57.0157012939453,-0.0419423673891244
180,57.0157012939453,-0.0411508788363953
181.25,57.0157012939453,-0.0393542737188136
182.5,57.0157012939453,-0.0359535766387925
183.75,57.0157012939453,-0.0318785507523272
185,57.0157012939453,-0.0275131658236984
186.25,57.0157012939453,-0.0232203913772218
187.5,57.0157012939453,-0.0199890059918966
188.75,57.0157012939453,-0.0184066356472482
190,57.0157012939453,-0.0165454416445155
191.25,57.0157012939453,-0.011035256163863
192.5,57.0157012939453,-0.00662840073459487
193.75,57.0157012939453,-0.000430067341552199
195,57.0157012939453,0.00599202749793922
196.25,57.0157012939453,0.0106425549443573
197.5,57.0157012939453,0.0138568202660673
198.75,57.0157012939453,0.0155206887914795
200,57.0157012939453,0.0145597552971835
201.25,57.0157012939453,0.0131737788832118
202.5,57.0157012939453,0.0242828374359102
203.75,57.0157012939453,0.0222218934038429
205,57.0157012939453,0.0198728604468758
206.25,57.0157012939453,0.0177069069813162
207.5,57.0157012939453,0.0212171471207921
208.75,57.0157012939453,0.0231601029060047
210,57.0157012939453,0.0222428877170701
211.25,57.0157012939453,0.0190337606108771
212.5,57.0157012939453,0.015679362236143
213.75,57.0157012939453,0.0128046608362543
215,57.0157012939453,0.0105438591370149
216.25,57.0157012939453,0.00877756910594138
217.5,57.0157012939453,0.00778648278785313
218.75,57.0157012939453,0.00883575892117479
220,57.0157012939453,0.011900825185208
221.25,57.0157012939453,0.0170546350856462
222.5,57.0157012939453,0.0224221047525186
223.75,57.0157012939453,0.0254346802876021
225,57.0157012939453,0.02256639060486
226.25,57.0157012939453,0.0180698820748786
162.5,57.9581146240234,-0.0340413110913644
163.75,57.9581146240234,-0.0339660561343316
165,57.9581146240234,-0.0338182804645738
166.25,57.9581146240234,-0.0331141987317691
167.5,57.9581146240234,-0.032511967559497
168.75,57.9581146240234,-0.0328241739699303
170,57.9581146240234,-0.0339941473296616
171.25,57.9581146240234,-0.0360528555743694
172.5,57.9581146240234,-0.0384273273016508
173.75,57.9581146240234,-0.039692290906011
175,57.9581146240234,-0.0395136992807965
176.25,57.9581146240234,-0.0385089586633676
177.5,57.9581146240234,-0.0368976768138666
178.75,57.9581146240234,-0.0353172294028275
180,57.9581146240234,-0.0339159649478858
181.25,57.9581146240234,-0.0321006386431613
182.5,57.9581146240234,-0.0299180785131322
183.75,57.9581146240234,-0.0275894468284901
185,57.9581146240234,-0.0250257707814368
186.25,57.9581146240234,-0.0224997553869637
187.5,57.9581146240234,-0.0214751027813644
188.75,57.9581146240234,-0.0196692532713016
190,57.9581146240234,-0.0133192144614294
191.25,57.9581146240234,-0.00544814192040425
192.5,57.9581146240234,-0.000186430774012809
193.75,57.9581146240234,0.00555246666398951
195,57.9581146240234,0.0117395344500885
196.25,57.9581146240234,0.0149840830003333
197.5,57.9581146240234,0.0149528029682262
198.75,57.9581146240234,0.0125403717163676
200,57.9581146240234,0.0102601729266905
201.25,57.9581146240234,0.00956598943991937
202.5,57.9581146240234,0.0092004545257947
203.75,57.9581146240234,0.0245850826007978
206.25,57.9581146240234,0.0319497973530322
207.5,57.9581146240234,0.0302702306519016
208.75,57.9581146240234,0.0302278030415572
210,57.9581146240234,0.0295541325337087
211.25,57.9581146240234,0.0267032547818584
212.5,57.9581146240234,0.0226112723239735
213.75,57.9581146240234,0.018676962046034
215,57.9581146240234,0.0160263567333165
216.25,57.9581146240234,0.0148138353643499
217.5,57.9581146240234,0.0153448763055332
218.75,57.9581146240234,0.0192556008924537
220,57.9581146240234,0.0246275945736705
221.25,57.9581146240234,0.0294480051276704
222.5,57.9581146240234,0.0329112824718969
223.75,57.9581146240234,0.0339376949400014
225,57.9581146240234,0.0296252206374957
160,58.9005279541016,-0.027095784955879
161.25,58.9005279541016,-0.0268445751491405
162.5,58.9005279541016,-0.0330090680503322
163.75,58.9005279541016,-0.0322189534083539
165,58.9005279541016,-0.033403849857798
166.25,58.9005279541016,-0.0331595999978153
167.5,58.9005279541016,-0.0310512908115636
168.75,58.9005279541016,-0.0289236513196272
170,58.9005279541016,-0.0277442113556435
171.25,58.9005279541016,-0.0273674483220696
172.5,58.9005279541016,-0.0284406326657359
173.75,58.9005279541016,-0.0296094591575966
175,58.9005279541016,-0.0293705230859913
176.25,58.9005279541016,-0.0283200720661927
177.5,58.9005279541016,-0.0276306164099291
178.75,58.9005279541016,-0.0272488632271985
180,58.9005279541016,-0.0269716850290065
181.25,58.9005279541016,-0.0264826569233873
182.5,58.9005279541016,-0.025991475428302
183.75,58.9005279541016,-0.0260358872751329
185,58.9005279541016,-0.0255130652107731
186.25,58.9005279541016,-0.0244444585056251
187.5,58.9005279541016,-0.0220712694279648
188.75,58.9005279541016,-0.0158538093672725
190,58.9005279541016,-0.00896179145871522
191.25,58.9005279541016,-0.00159645941599652
192.5,58.9005279541016,0.00409184695943369
193.75,58.9005279541016,0.00730131914354089
195,58.9005279541016,0.00850072988588525
196.25,58.9005279541016,0.00868839459761375
197.5,58.9005279541016,0.00685031336759591
198.75,58.9005279541016,0.00848937283227486
200,58.9005279541016,0.00436541468060322
201.25,58.9005279541016,0.00454278870951475
202.5,58.9005279541016,0.00524381364692311
206.25,58.9005279541016,0.0340344258740654
207.5,58.9005279541016,0.0343471302211552
208.75,58.9005279541016,0.0350127547353365
210,58.9005279541016,0.0351446227086466
211.25,58.9005279541016,0.0343628188970425
212.5,58.9005279541016,0.0320569620527026
213.75,58.9005279541016,0.0269516176514106
215,58.9005279541016,0.0240599925874929
216.25,58.9005279541016,0.0245376925427271
217.5,58.9005279541016,0.027053071305836
218.75,58.9005279541016,0.0299203253995991
220,58.9005279541016,0.0328840439052508
221.25,58.9005279541016,0.0352748218014448
222.5,58.9005279541016,0.0355280677066552
160,59.8429260253906,-0.0294191660886787
161.25,59.8429260253906,-0.0311400943691419
162.5,59.8429260253906,-0.0317003953198474
163.75,59.8429260253906,-0.0312049075367592
165,59.8429260253906,-0.0329674831055101
166.25,59.8429260253906,-0.0333364091986253
167.5,59.8429260253906,-0.0310116595492889
168.75,59.8429260253906,-0.028228736865121
170,59.8429260253906,-0.0229017335079322
171.25,59.8429260253906,-0.0193707624659974
172.5,59.8429260253906,-0.0179994345584508
173.75,59.8429260253906,-0.0182939780317964
175,59.8429260253906,-0.0192832992875622
176.25,59.8429260253906,-0.0202318484271617
177.5,59.8429260253906,-0.0211300515318534
178.75,59.8429260253906,-0.0214475441440602
180,59.8429260253906,-0.0213774240364087
181.25,59.8429260253906,-0.0219160048063487
182.5,59.8429260253906,-0.0244728878861002
183.75,59.8429260253906,-0.0278526305522503
185,59.8429260253906,-0.02746278694848
186.25,59.8429260253906,-0.0251351950238161
187.5,59.8429260253906,-0.0200158434546712
188.75,59.8429260253906,-0.0125401806576446
190,59.8429260253906,-0.00726054482436065
191.25,59.8429260253906,-0.000543045356599658
192.5,59.8429260253906,0.00449725757069918
193.75,59.8429260253906,0.00229426114996874
195,59.8429260253906,-0.00191703319858652
196.25,59.8429260253906,-0.00371111017849921
197.5,59.8429260253906,-0.00533343507418859
198.75,59.8429260253906,-0.00544775995887247
206.25,59.8429260253906,0.0350383746305864
207.5,59.8429260253906,0.0351201562261816
208.75,59.8429260253906,0.0371456368837328
210,59.8429260253906,0.0378017829128058
211.25,59.8429260253906,0.0381238973946473
212.5,59.8429260253906,0.03982590530408
213.75,59.8429260253906,0.0351551466673968
215,59.8429260253906,0.0316864030281908
216.25,59.8429260253906,0.0313091663514
217.5,59.8429260253906,0.0326795294447516
218.75,59.8429260253906,0.0357731371014622
220,59.8429260253906,0.037376182124114
221.25,59.8429260253906,0.0374721382890124
160,60.7853393554688,-0.0334397396384364
161.25,60.7853393554688,-0.0347768650259176
162.5,60.7853393554688,-0.0352822661737146
167.5,60.7853393554688,-0.0314030720228752
168.75,60.7853393554688,-0.0304096788368602
170,60.7853393554688,-0.0302853762692786
171.25,60.7853393554688,-0.0186046658500831
172.5,60.7853393554688,-0.0148577476991649
173.75,60.7853393554688,-0.0137870633773097
175,60.7853393554688,-0.0140516095414992
176.25,60.7853393554688,-0.0151528551698949
177.5,60.7853393554688,-0.0166604924062044
178.75,60.7853393554688,-0.0167739902360655
180,60.7853393554688,-0.0165672424624884
181.25,60.7853393554688,-0.0189204380728336
182.5,60.7853393554688,-0.0254212577399956
183.75,60.7853393554688,-0.0286089022982086
185,60.7853393554688,-0.027879544784151
186.25,60.7853393554688,-0.0277498515787481
187.5,60.7853393554688,-0.0230886202257635
188.75,60.7853393554688,-0.0144038101563841
190,60.7853393554688,-0.008361526831621
191.25,60.7853393554688,-0.00383167613037672
192.5,60.7853393554688,-0.00558715135220793
193.75,60.7853393554688,-0.0134325141104267
195,60.7853393554688,-0.0187071512407603
212.5,60.7853393554688,0.0426898060243413
213.75,60.7853393554688,0.0388704194147835
215,60.7853393554688,0.0338948865038094
216.25,60.7853393554688,0.0325548271938258
160,61.7277526855469,-0.0262066961730039
173.75,61.7277526855469,-0.0126287196895736
175,61.7277526855469,-0.0142930994657777
176.25,61.7277526855469,-0.0156920699230019
177.5,61.7277526855469,-0.0191083539717204
178.75,61.7277526855469,-0.020973331359277
180,61.7277526855469,-0.022493341111757
181.25,61.7277526855469,-0.0286393554145822
182.5,61.7277526855469,-0.032786257636178
183.75,61.7277526855469,-0.0320095985348591
185,61.7277526855469,-0.0291703293142125
186.25,61.7277526855469,-0.0264873948378286
187.5,61.7277526855469,-0.021513827368421
188.75,61.7277526855469,-0.0154593258628562
190,61.7277526855469,-0.0115443477690922
191.25,61.7277526855469,-0.0108611116990419
192.5,61.7277526855469,-0.0164468166664875
193.75,61.7277526855469,-0.0222918569393352
195,61.7277526855469,-0.022291811469281
175,62.6701507568359,-0.0152630758489592
176.25,62.6701507568359,-0.015778120790754
177.5,62.6701507568359,-0.0352942667491916
178.75,62.6701507568359,-0.0294479587852964
180,62.6701507568359,-0.0266033187545793
181.25,62.6701507568359,-0.0276986052120435
182.5,62.6701507568359,-0.0292954739496157
183.75,62.6701507568359,-0.0278854077822569
185,62.6701507568359,-0.0260428325616136
186.25,62.6701507568359,-0.0259025788721687
187.5,62.6701507568359,-0.025075215371043
188.75,62.6701507568359,-0.0225394996351388
190,62.6701507568359,-0.0209690763343777
191.25,62.6701507568359,-0.0208388691516731
192.5,62.6701507568359,-0.0240650059133234
193.75,62.6701507568359,-0.0247298270810384
195,62.6701507568359,-0.023972383633516
196.25,62.6701507568359,-0.0296670830948501
197.5,62.6701507568359,-0.0296670935954322
178.75,63.6125640869141,-0.0192487577756045
180,63.6125640869141,-0.0200141102211188
181.25,63.6125640869141,-0.0221208445585994
182.5,63.6125640869141,-0.0221650092572753
183.75,63.6125640869141,-0.0228911646019223
185,63.6125640869141,-0.0236708891621803
186.25,63.6125640869141,-0.0243925869227186
187.5,63.6125640869141,-0.0257265225527098
188.75,63.6125640869141,-0.0267030345461652
190,63.6125640869141,-0.0269889675822418
191.25,63.6125640869141,-0.0258890016988479
192.5,63.6125640869141,-0.0269991145727157
193.75,63.6125640869141,-0.0287104424022146
195,63.6125640869141,-0.031906755402415
196.25,63.6125640869141,-0.0309467041687362
197.5,63.6125640869141,-0.0288775774651156
178.75,64.5549774169922,-0.0155795745311415
180,64.5549774169922,-0.0173043682837177
181.25,64.5549774169922,-0.0180534675744846
182.5,64.5549774169922,-0.0196627424979896
183.75,64.5549774169922,-0.020427543489082
185,64.5549774169922,-0.0225093570305958
186.25,64.5549774169922,-0.0232550778367125
187.5,64.5549774169922,-0.0234247727289649
188.75,64.5549774169922,-0.0220975124628383
190,64.5549774169922,-0.0245849819762
191.25,64.5549774169922,-0.0280109386313159
192.5,64.5549774169922,-0.0334781828622106
193.75,64.5549774169922,-0.0344567317422679
195,64.5549774169922,-0.0329799601600621
196.25,64.5549774169922,-0.0311995050388692
197.5,64.5549774169922,-0.0279828171335488
180,65.4973907470703,-0.0188701651012612
181.25,65.4973907470703,-0.0236343475818912
182.5,65.4973907470703,-0.0214523351531888
183.75,65.4973907470703,-0.0192207601388551
185,65.4973907470703,-0.0188000469155569
188.75,65.4973907470703,-0.01315112220818
190,65.4973907470703,-0.0217385085648978
191.25,65.4973907470703,-0.0281203499753294
192.5,65.4973907470703,-0.031499125203322
193.75,65.4973907470703,-0.0322500793981563
