"lon","lat","beta"
160,20.2617797851562,0.00310943493001906
161.25,20.2617797851562,0.00382481549412365
162.5,20.2617797851562,0.00436199147106403
163.75,20.2617797851562,0.00460248915214956
165,20.2617797851562,0.00445691695711686
166.25,20.2617797851562,0.00390076361646049
167.5,20.2617797851562,0.00299665332050348
168.75,20.2617797851562,0.00203796595338842
170,20.2617797851562,0.00111562664077184
171.25,20.2617797851562,-0.00050759712775304
172.5,20.2617797851562,-0.00245351384973763
173.75,20.2617797851562,-0.00427223371944775
175,20.2617797851562,-0.00595701127421595
176.25,20.2617797851562,-0.00730935582733659
177.5,20.2617797851562,-0.00830491740653697
178.75,20.2617797851562,-0.00934154059333474
180,20.2617797851562,-0.010388998496597
181.25,20.2617797851562,-0.0113370224338869
182.5,20.2617797851562,-0.0116772885770467
183.75,20.2617797851562,-0.011748954351234
185,20.2617797851562,-0.0115243067880532
186.25,20.2617797851562,-0.0112656745703864
187.5,20.2617797851562,-0.0111656048621258
188.75,20.2617797851562,-0.0109249863864607
190,20.2617797851562,-0.010195889586505
191.25,20.2617797851562,-0.00941907664176557
192.5,20.2617797851562,-0.00846637107925332
193.75,20.2617797851562,-0.00746197759279815
195,20.2617797851562,-0.00618366583135334
196.25,20.2617797851562,-0.00538529089585418
197.5,20.2617797851562,-0.00589973563272316
198.75,20.2617797851562,-0.00788302643406962
200,20.2617797851562,-0.010656907644482
201.25,20.2617797851562,-0.0132556273666619
202.5,20.2617797851562,-0.0153875853452077
203.75,20.2617797851562,-0.0161150832913033
205,20.2617797851562,-0.0152667071987161
206.25,20.2617797851562,-0.0138575422722583
207.5,20.2617797851562,-0.0149664824877669
208.75,20.2617797851562,-0.0170968153611496
210,20.2617797851562,-0.0181529808286229
211.25,20.2617797851562,-0.0183370629570965
212.5,20.2617797851562,-0.0181373068397007
213.75,20.2617797851562,-0.0174793805698148
215,20.2617797851562,-0.0167627244359109
216.25,20.2617797851562,-0.016182116264378
217.5,20.2617797851562,-0.0160453655078463
218.75,20.2617797851562,-0.0160488252116216
220,20.2617797851562,-0.0158107978290936
221.25,20.2617797851562,-0.0151284528813564
222.5,20.2617797851562,-0.0138193496802128
223.75,20.2617797851562,-0.0113285458868547
225,20.2617797851562,-0.0075910344309461
226.25,20.2617797851562,-0.0023365185937023
227.5,20.2617797851562,0.00286770547995665
228.75,20.2617797851562,0.00786309083632454
230,20.2617797851562,0.0119333557286004
231.25,20.2617797851562,0.0151102865773967
232.5,20.2617797851562,0.0175317220993444
233.75,20.2617797851562,0.0190257570413066
235,20.2617797851562,0.0194854523269662
236.25,20.2617797851562,0.0193226182762978
237.5,20.2617797851562,0.0191422946440078
238.75,20.2617797851562,0.0196452736570158
240,20.2617797851562,0.0207208211081087
241.25,20.2617797851562,0.0216183751685777
242.5,20.2617797851562,0.0224843235931619
243.75,20.2617797851562,0.0229921738760655
245,20.2617797851562,0.0224340639654314
246.25,20.2617797851562,0.0219020881603107
247.5,20.2617797851562,0.0230979762554774
248.75,20.2617797851562,0.0243247951143393
250,20.2617797851562,0.0272505753634157
160,21.2041854858398,0.00411144198209598
161.25,21.2041854858398,0.00488225736279686
162.5,21.2041854858398,0.00564550651744913
163.75,21.2041854858398,0.00613523137669859
165,21.2041854858398,0.00617253998130768
166.25,21.2041854858398,0.00587345211002288
167.5,21.2041854858398,0.00542051140737698
168.75,21.2041854858398,0.0046190750723455
170,21.2041854858398,0.00401092477681957
171.25,21.2041854858398,0.00272393322052168
172.5,21.2041854858398,0.000951202957321861
173.75,21.2041854858398,-0.000967866335497173
175,21.2041854858398,-0.00297763633207377
176.25,21.2041854858398,-0.0047880265907314
177.5,21.2041854858398,-0.00629215230282032
178.75,21.2041854858398,-0.0075899476679237
180,21.2041854858398,-0.0088360905673391
181.25,21.2041854858398,-0.00970667985879733
182.5,21.2041854858398,-0.0102093436141041
183.75,21.2041854858398,-0.0107979796126923
185,21.2041854858398,-0.011298585856811
186.25,21.2041854858398,-0.0118910601684807
187.5,21.2041854858398,-0.0127169727872294
188.75,21.2041854858398,-0.0135673544180512
190,21.2041854858398,-0.0137665459723105
191.25,21.2041854858398,-0.0129619593042929
192.5,21.2041854858398,-0.0118827370334407
193.75,21.2041854858398,-0.0103354849653797
195,21.2041854858398,-0.00809979466155389
196.25,21.2041854858398,-0.0060547516078016
197.5,21.2041854858398,-0.00571137221732987
198.75,21.2041854858398,-0.00766283838205764
200,21.2041854858398,-0.0112652446920867
201.25,21.2041854858398,-0.0149345469707904
202.5,21.2041854858398,-0.0174275349492576
203.75,21.2041854858398,-0.0170477729087991
205,21.2041854858398,-0.0144494980893232
206.25,21.2041854858398,-0.0128896448857114
207.5,21.2041854858398,-0.014004397686275
208.75,21.2041854858398,-0.0163208539902179
210,21.2041854858398,-0.0181826706741534
211.25,21.2041854858398,-0.0191692999378092
212.5,21.2041854858398,-0.0193362723873306
213.75,21.2041854858398,-0.0188505281583255
215,21.2041854858398,-0.0185550218555423
216.25,21.2041854858398,-0.0183341973907838
217.5,21.2041854858398,-0.0181138538451882
218.75,21.2041854858398,-0.0178565716728518
220,21.2041854858398,-0.0178069778913169
221.25,21.2041854858398,-0.0179528987736103
222.5,21.2041854858398,-0.0178192314903312
223.75,21.2041854858398,-0.0162898417230557
225,21.2041854858398,-0.013036671625088
226.25,21.2041854858398,-0.00759545660035956
227.5,21.2041854858398,-0.00190105064110735
228.75,21.2041854858398,0.00366190163703183
230,21.2041854858398,0.00763040229953612
231.25,21.2041854858398,0.0103386793039168
232.5,21.2041854858398,0.0124675126468551
233.75,21.2041854858398,0.0142472527776549
235,21.2041854858398,0.015797259322571
236.25,21.2041854858398,0.0174658675732297
237.5,21.2041854858398,0.0191311347376694
238.75,21.2041854858398,0.0210264192335713
240,21.2041854858398,0.0225211232960869
241.25,21.2041854858398,0.0230435474473198
242.5,21.2041854858398,0.022676712270805
243.75,21.2041854858398,0.021926926834887
245,21.2041854858398,0.0208797688451298
246.25,21.2041854858398,0.0191291578759885
247.5,21.2041854858398,0.0177622203489294
248.75,21.2041854858398,0.0184640703392127
250,21.2041854858398,0.0233035163262648
160,22.146598815918,0.00579755529737369
161.25,22.146598815918,0.00627121694523962
162.5,22.146598815918,0.00689850873838615
163.75,22.146598815918,0.0073021997391088
165,22.146598815918,0.0072243625454999
166.25,22.146598815918,0.00687107211236717
167.5,22.146598815918,0.00633544892123398
168.75,22.146598815918,0.00573517862992649
170,22.146598815918,0.00485789715724858
171.25,22.146598815918,0.00359606186573901
172.5,22.146598815918,0.00207076566151476
173.75,22.146598815918,0.000280297847360259
175,22.146598815918,-0.00172558904849949
176.25,22.146598815918,-0.00350496987549164
177.5,22.146598815918,-0.00506835522031721
178.75,22.146598815918,-0.00649185268688106
180,22.146598815918,-0.00776243538692988
181.25,22.146598815918,-0.00875821145158602
182.5,22.146598815918,-0.00936367814597132
183.75,22.146598815918,-0.0100548611608519
185,22.146598815918,-0.0108761207152958
186.25,22.146598815918,-0.0120017715782731
187.5,22.146598815918,-0.0134300661718101
188.75,22.146598815918,-0.0149713503609259
190,22.146598815918,-0.01592056736622
191.25,22.146598815918,-0.0158080191561998
192.5,22.146598815918,-0.0147123390648629
193.75,22.146598815918,-0.0128584894112735
195,22.146598815918,-0.0102341691553073
196.25,22.146598815918,-0.00754579465587012
197.5,22.146598815918,-0.00663741726965856
198.75,22.146598815918,-0.00822682179145633
200,22.146598815918,-0.0116505287085254
201.25,22.146598815918,-0.0151775988308633
202.5,22.146598815918,-0.0171861934786438
203.75,22.146598815918,-0.0160134096965906
205,22.146598815918,-0.0136877834262271
206.25,22.146598815918,-0.0124258687449774
207.5,22.146598815918,-0.013163792419804
208.75,22.146598815918,-0.0151089895630826
210,22.146598815918,-0.0172318566367629
211.25,22.146598815918,-0.0188085675242223
212.5,22.146598815918,-0.019501064935411
213.75,22.146598815918,-0.0195905918660804
215,22.146598815918,-0.0199778141560559
216.25,22.146598815918,-0.0200593549811952
217.5,22.146598815918,-0.0197506156032557
218.75,22.146598815918,-0.0194234056062734
220,22.146598815918,-0.019565836811702
221.25,22.146598815918,-0.0202535926279985
222.5,22.146598815918,-0.0208818852684429
223.75,22.146598815918,-0.02040020117276
225,22.146598815918,-0.0179489362495532
226.25,22.146598815918,-0.012647069250947
227.5,22.146598815918,-0.00697912097977671
228.75,22.146598815918,-0.00182725045854354
230,22.146598815918,0.00187001980703925
231.25,22.146598815918,0.00428934701357733
232.5,22.146598815918,0.00629025984232731
233.75,22.146598815918,0.00842093999301588
235,22.146598815918,0.0112700854993475
236.25,22.146598815918,0.0150347290843924
237.5,22.146598815918,0.0186902591505946
238.75,22.146598815918,0.0206663315255118
240,22.146598815918,0.0209937178863148
241.25,22.146598815918,0.0204791217535271
242.5,22.146598815918,0.0194865989612611
243.75,22.146598815918,0.0184657280135268
245,22.146598815918,0.0166136261478276
246.25,22.146598815918,0.013079565179586
247.5,22.146598815918,0.00974304201574362
248.75,22.146598815918,0.0109235379929346
250,22.146598815918,0.0180813115693765
160,23.0890045166016,0.00919408448798795
161.25,23.0890045166016,0.00831885735280907
162.5,23.0890045166016,0.00795622471304804
163.75,23.0890045166016,0.0078990567492416
165,23.0890045166016,0.00772747606653176
166.25,23.0890045166016,0.0071511613907608
167.5,23.0890045166016,0.00643946096596598
168.75,23.0890045166016,0.00563548678865651
170,23.0890045166016,0.00461199203398237
171.25,23.0890045166016,0.003246483319671
172.5,23.0890045166016,0.00177709260487819
173.75,23.0890045166016,-2.31012750121459e-05
175,23.0890045166016,-0.00194520078000344
176.25,23.0890045166016,-0.00360353485412966
177.5,23.0890045166016,-0.0050421930641529
178.75,23.0890045166016,-0.00643620227372182
180,23.0890045166016,-0.00770789429119196
181.25,23.0890045166016,-0.00863828656828284
182.5,23.0890045166016,-0.00924668324574372
183.75,23.0890045166016,-0.00994159499035955
185,23.0890045166016,-0.0108734559853925
186.25,23.0890045166016,-0.0121131353564309
187.5,23.0890045166016,-0.0136542749375246
188.75,23.0890045166016,-0.0153969997719747
190,23.0890045166016,-0.0169860181606256
191.25,23.0890045166016,-0.0177803143034236
192.5,23.0890045166016,-0.0171496294431123
193.75,23.0890045166016,-0.0157658615426765
195,23.0890045166016,-0.0136339205358072
196.25,23.0890045166016,-0.0110230013375588
197.5,23.0890045166016,-0.0094041954069064
198.75,23.0890045166016,-0.0098739709080427
200,23.0890045166016,-0.0119514681636476
201.25,23.0890045166016,-0.0142203917771586
202.5,23.0890045166016,-0.0152344773299115
203.75,23.0890045166016,-0.0139588216079717
205,23.0890045166016,-0.0123611071688588
206.25,23.0890045166016,-0.0116547205111282
207.5,23.0890045166016,-0.0122054990864938
208.75,23.0890045166016,-0.0137300174834613
210,23.0890045166016,-0.0157605623979206
211.25,23.0890045166016,-0.0175705149590459
212.5,23.0890045166016,-0.0186321958025362
213.75,23.0890045166016,-0.0192705292371769
215,23.0890045166016,-0.020204405602395
216.25,23.0890045166016,-0.0205914202349726
217.5,23.0890045166016,-0.0202254954762821
218.75,23.0890045166016,-0.0197001338108282
220,23.0890045166016,-0.0197309719451049
221.25,23.0890045166016,-0.0205160942423971
222.5,23.0890045166016,-0.0214603636565214
223.75,23.0890045166016,-0.021810235563003
225,23.0890045166016,-0.0202991433474403
226.25,23.0890045166016,-0.0162262777516909
227.5,23.0890045166016,-0.011321239260014
228.75,23.0890045166016,-0.00684764504435544
230,23.0890045166016,-0.00361395093982249
231.25,23.0890045166016,-0.00144041745834672
232.5,23.0890045166016,0.000590112125829087
233.75,23.0890045166016,0.00336513843941425
235,23.0890045166016,0.00755503098149788
236.25,23.0890045166016,0.0124711010786156
237.5,23.0890045166016,0.0162605550934962
238.75,23.0890045166016,0.0177119313595242
240,23.0890045166016,0.0167816266135324
241.25,23.0890045166016,0.0148171434912204
242.5,23.0890045166016,0.0137059984885606
243.75,23.0890045166016,0.0126754628485329
245,23.0890045166016,0.0102113944837582
246.25,23.0890045166016,0.00639960149995125
247.5,23.0890045166016,0.00384622069518271
248.75,23.0890045166016,0.00545912733266597
250,23.0890045166016,0.015145394417398
160,24.0314178466797,0.0122228485154924
161.25,24.0314178466797,0.01077084353689
162.5,24.0314178466797,0.00947539294038569
163.75,24.0314178466797,0.0087055171660619
165,24.0314178466797,0.00815084071650644
166.25,24.0314178466797,0.0072328565209122
167.5,24.0314178466797,0.00610499061642138
168.75,24.0314178466797,0.00523729575971637
170,24.0314178466797,0.00431963491156247
171.25,24.0314178466797,0.00303293123709334
172.5,24.0314178466797,0.00151182671274388
173.75,24.0314178466797,-0.000398321024661129
175,24.0314178466797,-0.00236018313998849
176.25,24.0314178466797,-0.00393821130281752
177.5,24.0314178466797,-0.00533190738456775
178.75,24.0314178466797,-0.00697337234373467
180,24.0314178466797,-0.00842717234253911
181.25,24.0314178466797,-0.0093078063446148
182.5,24.0314178466797,-0.00997699746701716
183.75,24.0314178466797,-0.0107502663067891
185,24.0314178466797,-0.011926746599269
186.25,24.0314178466797,-0.0133343916006143
187.5,24.0314178466797,-0.0147431084355022
188.75,24.0314178466797,-0.0161433567746623
190,24.0314178466797,-0.0176454474002911
191.25,24.0314178466797,-0.018878577228334
192.5,24.0314178466797,-0.0191027895894477
193.75,24.0314178466797,-0.0184622118893164
195,24.0314178466797,-0.0172870864810443
196.25,24.0314178466797,-0.0156040549555839
197.5,24.0314178466797,-0.0138582864275597
198.75,24.0314178466797,-0.0129379000939374
200,24.0314178466797,-0.0132244083327414
201.25,24.0314178466797,-0.013936681020849
202.5,24.0314178466797,-0.0139786763309096
203.75,24.0314178466797,-0.0127004123292694
205,24.0314178466797,-0.0110318950838033
206.25,24.0314178466797,-0.0102402473912584
207.5,24.0314178466797,-0.0104524599638952
208.75,24.0314178466797,-0.0116421253945919
210,24.0314178466797,-0.0135296967391017
211.25,24.0314178466797,-0.0154290189048328
212.5,24.0314178466797,-0.0168772769264362
213.75,24.0314178466797,-0.0179298501921826
215,24.0314178466797,-0.01889275427399
216.25,24.0314178466797,-0.0192895940605419
217.5,24.0314178466797,-0.0189478062772314
218.75,24.0314178466797,-0.0183815995809127
220,24.0314178466797,-0.0180633656084571
221.25,24.0314178466797,-0.0182424689657858
222.5,24.0314178466797,-0.0188013034626695
223.75,24.0314178466797,-0.0193256856619037
225,24.0314178466797,-0.0188436836870656
226.25,24.0314178466797,-0.016870364132553
227.5,24.0314178466797,-0.0138533819853605
228.75,24.0314178466797,-0.0107549238844812
230,24.0314178466797,-0.00820315770797426
231.25,24.0314178466797,-0.00600328472170242
232.5,24.0314178466797,-0.00354444765916204
233.75,24.0314178466797,-8.98231659303409e-05
235,24.0314178466797,0.00439566957965312
236.25,24.0314178466797,0.00900363249103971
237.5,24.0314178466797,0.0122004876396564
238.75,24.0314178466797,0.0125820598596854
240,24.0314178466797,0.0106383319705315
241.25,24.0314178466797,0.00805641865973902
242.5,24.0314178466797,0.00723963850606771
243.75,24.0314178466797,0.00631543321230798
245,24.0314178466797,0.00434618856684857
246.25,24.0314178466797,0.00219125503747925
247.5,24.0314178466797,0.00172030494497073
248.75,24.0314178466797,0.0053671787783921
250,24.0314178466797,0.0233433172173909
160,24.9738235473633,0.0128331569303918
161.25,24.9738235473633,0.0118685835805604
162.5,24.9738235473633,0.0107941738176212
163.75,24.9738235473633,0.0099643530586896
165,24.9738235473633,0.00920566714813405
166.25,24.9738235473633,0.0080944582298998
167.5,24.9738235473633,0.00667775048854891
168.75,24.9738235473633,0.00543389161538883
170,24.9738235473633,0.00433036908741529
171.25,24.9738235473633,0.00288089896293034
172.5,24.9738235473633,0.0013124797117752
173.75,24.9738235473633,-0.000346073673349781
175,24.9738235473633,-0.00214854493362565
176.25,24.9738235473633,-0.0035752980819856
177.5,24.9738235473633,-0.00478683835412526
178.75,24.9738235473633,-0.00632432861143436
180,24.9738235473633,-0.00800454463352395
181.25,24.9738235473633,-0.00953912802776094
182.5,24.9738235473633,-0.0109034657103146
183.75,24.9738235473633,-0.0124819910791535
185,24.9738235473633,-0.0145063294056248
186.25,24.9738235473633,-0.0166558324323449
187.5,24.9738235473633,-0.0182804549893202
188.75,24.9738235473633,-0.0190820296865528
190,24.9738235473633,-0.0196307242451857
191.25,24.9738235473633,-0.0202974899421013
192.5,24.9738235473633,-0.0207779420363878
193.75,24.9738235473633,-0.020595791663362
195,24.9738235473633,-0.0203060584478037
196.25,24.9738235473633,-0.0198775995751451
197.5,24.9738235473633,-0.0189141840457838
198.75,24.9738235473633,-0.0175468390151821
200,24.9738235473633,-0.0163651920529723
201.25,24.9738235473633,-0.0153652643084899
202.5,24.9738235473633,-0.0143345888443764
203.75,24.9738235473633,-0.0127428650850454
205,24.9738235473633,-0.0108127469942188
206.25,24.9738235473633,-0.00958679247138192
207.5,24.9738235473633,-0.00940469259369484
208.75,24.9738235473633,-0.0102540193329605
210,24.9738235473633,-0.0116353634225423
211.25,24.9738235473633,-0.0129188303331058
212.5,24.9738235473633,-0.0140389790652627
213.75,24.9738235473633,-0.0151957809877487
215,24.9738235473633,-0.0162052290096254
216.25,24.9738235473633,-0.0165842130314362
217.5,24.9738235473633,-0.0165632888089067
218.75,24.9738235473633,-0.0160298108578258
220,24.9738235473633,-0.0150590552489741
221.25,24.9738235473633,-0.0141283851839029
222.5,24.9738235473633,-0.0136911666321212
223.75,24.9738235473633,-0.0138969733073176
225,24.9738235473633,-0.0141083695980172
226.25,24.9738235473633,-0.0141903790822457
227.5,24.9738235473633,-0.0137884767184699
228.75,24.9738235473633,-0.0123165785412854
230,24.9738235473633,-0.0105126009861664
231.25,24.9738235473633,-0.00828379926217474
232.5,24.9738235473633,-0.00550634478654385
233.75,24.9738235473633,-0.00192946580989031
235,24.9738235473633,0.00182594351944635
236.25,24.9738235473633,0.00510948678574867
237.5,24.9738235473633,0.00704175976148535
238.75,24.9738235473633,0.00704371756915708
240,24.9738235473633,0.00504192978108494
241.25,24.9738235473633,0.00281960303339754
242.5,24.9738235473633,0.002168414479741
243.75,24.9738235473633,0.00145909883079352
245,24.9738235473633,0.000128363124134708
246.25,24.9738235473633,-0.000712347453006043
247.5,24.9738235473633,0.000738623748311723
248.75,24.9738235473633,0.00531457257795801
250,24.9738235473633,0.0200896910283539
160,25.9162292480469,0.0103717488591682
161.25,25.9162292480469,0.0101381872875948
162.5,25.9162292480469,0.00984355313018095
163.75,25.9162292480469,0.00957697346344384
165,25.9162292480469,0.0091376007828137
166.25,25.9162292480469,0.00835194551282177
167.5,25.9162292480469,0.00732838863234455
168.75,25.9162292480469,0.00605537432135559
170,25.9162292480469,0.00440621550596625
171.25,25.9162292480469,0.00263454801351772
172.5,25.9162292480469,0.000968257658347242
173.75,25.9162292480469,-0.000428336491614565
175,25.9162292480469,-0.00188215616367857
176.25,25.9162292480469,-0.00326114488898872
177.5,25.9162292480469,-0.0044616410726718
178.75,25.9162292480469,-0.00573136167074157
180,25.9162292480469,-0.00725631048387819
181.25,25.9162292480469,-0.00899960505723764
182.5,25.9162292480469,-0.0109882976829372
183.75,25.9162292480469,-0.0138274864529804
185,25.9162292480469,-0.0174181841571605
186.25,25.9162292480469,-0.0210641314637062
187.5,25.9162292480469,-0.0240192086913733
188.75,25.9162292480469,-0.0254575711562923
190,25.9162292480469,-0.0255750894817752
191.25,25.9162292480469,-0.025133908856735
192.5,25.9162292480469,-0.0245562059614784
193.75,25.9162292480469,-0.0235966936177128
195,25.9162292480469,-0.0231298070259792
196.25,25.9162292480469,-0.0232707235895911
197.5,25.9162292480469,-0.0229975414645776
198.75,25.9162292480469,-0.0218374755844208
200,25.9162292480469,-0.0200797365652771
201.25,25.9162292480469,-0.0179105470799328
202.5,25.9162292480469,-0.0158579756213608
203.75,25.9162292480469,-0.013601912870918
205,25.9162292480469,-0.0115335673699455
206.25,25.9162292480469,-0.0103294773993993
207.5,25.9162292480469,-0.0100595322747687
208.75,25.9162292480469,-0.0104698387464064
210,25.9162292480469,-0.0111940381063626
211.25,25.9162292480469,-0.0114731178914159
212.5,25.9162292480469,-0.0114225207902884
213.75,25.9162292480469,-0.0118565968289284
215,25.9162292480469,-0.0128666772769277
216.25,25.9162292480469,-0.013429136390377
217.5,25.9162292480469,-0.0135202259860255
218.75,25.9162292480469,-0.0129133892771404
220,25.9162292480469,-0.0115654242580597
221.25,25.9162292480469,-0.00990578286545396
222.5,25.9162292480469,-0.00842094109538008
223.75,25.9162292480469,-0.00773194230628999
225,25.9162292480469,-0.00788265359343325
226.25,25.9162292480469,-0.00890501602985714
227.5,25.9162292480469,-0.0102216571790948
228.75,25.9162292480469,-0.0105672536069264
230,25.9162292480469,-0.0101131134556944
231.25,25.9162292480469,-0.0085852049191783
232.5,25.9162292480469,-0.00601353103779488
233.75,25.9162292480469,-0.00282006582745173
235,25.9162292480469,0.00014097161200225
236.25,25.9162292480469,0.00244963203223029
237.5,25.9162292480469,0.0032302838502871
238.75,25.9162292480469,0.00280475679465394
240,25.9162292480469,0.00143280852292514
241.25,25.9162292480469,-0.000201497049932853
242.5,25.9162292480469,-0.000745413633754023
243.75,25.9162292480469,-0.00149576502704743
245,25.9162292480469,-0.00262964709895424
246.25,25.9162292480469,-0.00265810500625066
247.5,25.9162292480469,-0.000978339298454598
248.75,25.9162292480469,0.00910503873866475
250,25.9162292480469,0.0137225950534508
160,26.858642578125,0.0051489945296287
161.25,26.858642578125,0.005053957189028
162.5,26.858642578125,0.00520191185076966
163.75,26.858642578125,0.0056536955886949
165,26.858642578125,0.00616341234674954
166.25,26.858642578125,0.00657556113186988
167.5,26.858642578125,0.00654560534502689
168.75,26.858642578125,0.00570754222031586
170,26.858642578125,0.00364478543107585
171.25,26.858642578125,0.00137170540766024
172.5,26.858642578125,-0.000416626487855366
173.75,26.858642578125,-0.00162944296724253
175,26.858642578125,-0.00270297759006039
176.25,26.858642578125,-0.00388888397535764
177.5,26.858642578125,-0.00521312533269507
178.75,26.858642578125,-0.00666227691681628
180,26.858642578125,-0.00857092759398185
181.25,26.858642578125,-0.0106987110838554
182.5,26.858642578125,-0.0127775111481216
183.75,26.858642578125,-0.0157202802792875
185,26.858642578125,-0.019598971198797
186.25,26.858642578125,-0.0242311178510343
187.5,26.858642578125,-0.0288948339466745
188.75,26.858642578125,-0.0324654946242606
190,26.858642578125,-0.0341792919096146
191.25,26.858642578125,-0.0343275944734746
192.5,26.858642578125,-0.0330788446857668
193.75,26.858642578125,-0.03066340221825
195,26.858642578125,-0.0288670744110281
196.25,26.858642578125,-0.0280976752401156
197.5,26.858642578125,-0.0270723685591243
198.75,26.858642578125,-0.025121710573343
200,26.858642578125,-0.0227727147303921
201.25,26.858642578125,-0.0200197002534435
202.5,26.858642578125,-0.017264149541402
203.75,26.858642578125,-0.0149138552700975
205,26.858642578125,-0.0128543749344658
206.25,26.858642578125,-0.0116090755356444
207.5,26.858642578125,-0.0111457203048453
208.75,26.858642578125,-0.0113108924230869
210,26.858642578125,-0.0117609436177109
211.25,26.858642578125,-0.0117626725175161
212.5,26.858642578125,-0.0111931340868208
213.75,26.858642578125,-0.0103787239836773
215,26.858642578125,-0.0100713366757658
216.25,26.858642578125,-0.00986275522852433
217.5,26.858642578125,-0.0097767187957501
218.75,26.858642578125,-0.0092037767027529
220,26.858642578125,-0.00778506907552916
221.25,26.858642578125,-0.00606657463299749
222.5,26.858642578125,-0.0041997542331587
223.75,26.858642578125,-0.00272858530302733
225,26.858642578125,-0.00225876922264826
226.25,26.858642578125,-0.0029307233499193
227.5,26.858642578125,-0.00463682324252365
228.75,26.858642578125,-0.00608837268459222
230,26.858642578125,-0.0069779871006961
231.25,26.858642578125,-0.00655074914021477
232.5,26.858642578125,-0.00484032584817024
233.75,26.858642578125,-0.00263799686177762
235,26.858642578125,-0.000518037700483332
236.25,26.858642578125,0.000914053414193968
237.5,26.858642578125,0.00104706104147126
238.75,26.858642578125,7.8337419758531e-06
240,26.858642578125,-0.00152713752955412
241.25,26.858642578125,-0.00257129150308182
242.5,26.858642578125,-0.00298092242559045
243.75,26.858642578125,-0.00370763403524238
245,26.858642578125,-0.00434671055726727
246.25,26.858642578125,-0.00375910849167955
247.5,26.858642578125,0.000484762393348411
248.75,26.858642578125,0.00669656227213496
250,26.858642578125,0.00790457132542653
160,27.8010482788086,0.000731922374624478
161.25,27.8010482788086,-0.00029890672390946
162.5,27.8010482788086,-0.000405786202662808
163.75,27.8010482788086,0.000191713667508908
165,27.8010482788086,0.00112956668128176
166.25,27.8010482788086,0.00219938447778612
167.5,27.8010482788086,0.00315217475531349
168.75,27.8010482788086,0.00340049648092707
170,27.8010482788086,0.00180271240275149
171.25,27.8010482788086,-0.000546500827943692
172.5,27.8010482788086,-0.00266064834873586
173.75,27.8010482788086,-0.00402710306668941
175,27.8010482788086,-0.00499750745440158
176.25,27.8010482788086,-0.00623045649586998
177.5,27.8010482788086,-0.00780917917457972
178.75,27.8010482788086,-0.00983395311219017
180,27.8010482788086,-0.0122474645948491
181.25,27.8010482788086,-0.0148800850938827
182.5,27.8010482788086,-0.0170012759651011
183.75,27.8010482788086,-0.0193430026951462
185,27.8010482788086,-0.0226240955690457
186.25,27.8010482788086,-0.0271519783014536
187.5,27.8010482788086,-0.0326296167832084
188.75,27.8010482788086,-0.037924551191987
190,27.8010482788086,-0.0415849419392717
191.25,27.8010482788086,-0.0432501599694273
192.5,27.8010482788086,-0.0428462133170032
193.75,27.8010482788086,-0.0401632367779397
195,27.8010482788086,-0.0374796318272412
196.25,27.8010482788086,-0.0353746134936776
197.5,27.8010482788086,-0.0327605372613731
198.75,27.8010482788086,-0.0292501323292766
200,27.8010482788086,-0.0258859182562322
201.25,27.8010482788086,-0.0229739546032764
202.5,27.8010482788086,-0.019788448510018
203.75,27.8010482788086,-0.0166624204503377
205,27.8010482788086,-0.0142888743665372
206.25,27.8010482788086,-0.0130695174075156
207.5,27.8010482788086,-0.0126610261462471
208.75,27.8010482788086,-0.0123238698345212
210,27.8010482788086,-0.0118647197998219
211.25,27.8010482788086,-0.0115408958623563
212.5,27.8010482788086,-0.0114269436752761
213.75,27.8010482788086,-0.0106960354073237
215,27.8010482788086,-0.00894433089389513
216.25,27.8010482788086,-0.00711094918363339
217.5,27.8010482788086,-0.00627568539054895
218.75,27.8010482788086,-0.00548334944629526
220,27.8010482788086,-0.00432573324985546
221.25,27.8010482788086,-0.00312449513780838
222.5,27.8010482788086,-0.00167806080696348
223.75,27.8010482788086,6.69830480528229e-05
225,27.8010482788086,0.00142210321900556
226.25,27.8010482788086,0.00180026545409043
227.5,27.8010482788086,0.000770472373135591
228.75,27.8010482788086,-0.000583104519578786
230,27.8010482788086,-0.00182986665469828
231.25,27.8010482788086,-0.00264133999232828
232.5,27.8010482788086,-0.00232028853171982
233.75,27.8010482788086,-0.00146696310616936
235,27.8010482788086,-0.000479073221086345
236.25,27.8010482788086,0.000219411478512313
237.5,27.8010482788086,0.000227060897626463
238.75,27.8010482788086,-0.00119039492036714
240,27.8010482788086,-0.00289510099078108
241.25,27.8010482788086,-0.00392571528574956
242.5,27.8010482788086,-0.00448371592338929
243.75,27.8010482788086,-0.00526242186451732
245,27.8010482788086,-0.00466075025014479
246.25,27.8010482788086,-0.00370970776107252
247.5,27.8010482788086,0.00154016092633158
248.75,27.8010482788086,0.00336237017636962
250,27.8010482788086,0.00353500741257073
160,28.7434539794922,0.000162156758843238
161.25,28.7434539794922,-0.00256561511561267
162.5,28.7434539794922,-0.00408968348642705
163.75,28.7434539794922,-0.00419596762005724
165,28.7434539794922,-0.00350586754235243
166.25,28.7434539794922,-0.00253576073936744
167.5,28.7434539794922,-0.00151063949077566
168.75,28.7434539794922,-0.000757271505781172
170,28.7434539794922,-0.000903607131504216
171.25,28.7434539794922,-0.00225451460419266
172.5,28.7434539794922,-0.0041398018558841
173.75,28.7434539794922,-0.00574876383134655
175,28.7434539794922,-0.007040888180815
176.25,28.7434539794922,-0.00856018098132218
177.5,28.7434539794922,-0.0104622543347213
178.75,28.7434539794922,-0.013039459516793
180,28.7434539794922,-0.0162453645566324
181.25,28.7434539794922,-0.0195222628829772
182.5,28.7434539794922,-0.0226248836434382
183.75,28.7434539794922,-0.025254375991431
185,28.7434539794922,-0.0280269090932113
186.25,28.7434539794922,-0.0316815368500872
187.5,28.7434539794922,-0.0366991457793909
188.75,28.7434539794922,-0.0421748998263365
190,28.7434539794922,-0.0467194214731173
191.25,28.7434539794922,-0.0498775032991254
192.5,28.7434539794922,-0.0509880374280171
193.75,28.7434539794922,-0.0492999483925609
195,28.7434539794922,-0.0464712066910684
196.25,28.7434539794922,-0.0434429781982752
197.5,28.7434539794922,-0.0395528331666717
198.75,28.7434539794922,-0.034901648952962
200,28.7434539794922,-0.0307062222422734
201.25,28.7434539794922,-0.0272588177946477
202.5,28.7434539794922,-0.0235854377746281
203.75,28.7434539794922,-0.01983808819715
205,28.7434539794922,-0.0168052252838262
206.25,28.7434539794922,-0.0150964127249621
207.5,28.7434539794922,-0.0149585043088597
208.75,28.7434539794922,-0.0150441594613326
210,28.7434539794922,-0.0138268978575878
211.25,28.7434539794922,-0.0122298529865816
212.5,28.7434539794922,-0.0113619336228163
213.75,28.7434539794922,-0.0108172889818398
215,28.7434539794922,-0.00927385658126282
216.25,28.7434539794922,-0.00689087591394158
217.5,28.7434539794922,-0.00498559858969993
218.75,28.7434539794922,-0.00332172494065807
220,28.7434539794922,-0.00203305964868806
221.25,28.7434539794922,-0.00113959629721231
222.5,28.7434539794922,-0.000248646678862625
223.75,28.7434539794922,0.00111635971592923
225,28.7434539794922,0.00284352491468741
226.25,28.7434539794922,0.00419732194230947
227.5,28.7434539794922,0.00474607243315916
228.75,28.7434539794922,0.00446850916984609
230,28.7434539794922,0.00379962937252775
231.25,28.7434539794922,0.00236593320141623
232.5,28.7434539794922,0.00130562425951641
233.75,28.7434539794922,0.000686509104989697
235,28.7434539794922,0.000337460641591364
236.25,28.7434539794922,-2.30644361068138e-05
237.5,28.7434539794922,-0.000170020461343767
238.75,28.7434539794922,-0.00135479776746579
240,28.7434539794922,-0.00335193877381917
241.25,28.7434539794922,-0.0044152291801532
242.5,28.7434539794922,-0.00518315820426567
243.75,28.7434539794922,-0.00607243637694277
245,28.7434539794922,-0.00503097946552849
246.25,28.7434539794922,-0.00195728226947789
160,29.6858673095703,0.00292478777841585
161.25,29.6858673095703,-0.000995927895134009
162.5,29.6858673095703,-0.00461216441581962
163.75,29.6858673095703,-0.00685048555705973
165,29.6858673095703,-0.00738830414843972
166.25,29.6858673095703,-0.00677193167238644
167.5,29.6858673095703,-0.0057973596062059
168.75,29.6858673095703,-0.00494232592786171
170,29.6858673095703,-0.00420744625078322
171.25,29.6858673095703,-0.00418865809611144
172.5,29.6858673095703,-0.00536861809913472
173.75,29.6858673095703,-0.00724939518970446
175,29.6858673095703,-0.00896856948987975
176.25,29.6858673095703,-0.010292340182314
177.5,29.6858673095703,-0.0117494729378532
178.75,29.6858673095703,-0.0141359931475559
180,29.6858673095703,-0.0177368442169119
181.25,29.6858673095703,-0.0218781980561246
182.5,29.6858673095703,-0.0260318603935866
183.75,29.6858673095703,-0.0291621261833853
185,29.6858673095703,-0.0319547283587351
186.25,29.6858673095703,-0.0352417228242669
187.5,29.6858673095703,-0.0398576122977061
188.75,29.6858673095703,-0.0451745730508651
190,29.6858673095703,-0.0498887454660302
191.25,29.6858673095703,-0.0533190790683057
192.5,29.6858673095703,-0.0552090247053842
193.75,29.6858673095703,-0.0551851392082784
195,29.6858673095703,-0.0536238346093372
196.25,29.6858673095703,-0.0505188310306512
197.5,29.6858673095703,-0.0459973050591036
198.75,29.6858673095703,-0.0408030383430952
200,29.6858673095703,-0.0361974217245459
201.25,29.6858673095703,-0.0323841743103207
202.5,29.6858673095703,-0.0285505668583157
203.75,29.6858673095703,-0.0248238591242556
205,29.6858673095703,-0.0217388626374246
206.25,29.6858673095703,-0.0190017245115454
207.5,29.6858673095703,-0.0176575990045319
208.75,29.6858673095703,-0.017340364541407
210,29.6858673095703,-0.0168134362515264
211.25,29.6858673095703,-0.0150687324354795
212.5,29.6858673095703,-0.013049365891571
213.75,29.6858673095703,-0.0116532739115276
215,29.6858673095703,-0.0104853128195676
216.25,29.6858673095703,-0.0086637987227362
217.5,29.6858673095703,-0.00627905291872509
218.75,29.6858673095703,-0.00371762143177493
220,29.6858673095703,-0.00136282215718832
221.25,29.6858673095703,0.000295917035216199
222.5,29.6858673095703,0.00127748675187038
223.75,29.6858673095703,0.00204706235312109
225,29.6858673095703,0.0033295369639073
226.25,29.6858673095703,0.0047276650396073
227.5,29.6858673095703,0.00593579220950918
228.75,29.6858673095703,0.00711895474927523
230,29.6858673095703,0.00747891092533177
231.25,29.6858673095703,0.00681860270617319
232.5,29.6858673095703,0.00521779797343645
233.75,29.6858673095703,0.00352671138882592
235,29.6858673095703,0.00229223554309751
236.25,29.6858673095703,0.000813280557750978
237.5,29.6858673095703,-0.000222266632545695
238.75,29.6858673095703,-0.00139373260835193
240,29.6858673095703,-0.00364462645665567
241.25,29.6858673095703,-0.00468114997633603
242.5,29.6858673095703,-0.00561455955322954
243.75,29.6858673095703,-0.00636668507041326
245,29.6858673095703,-0.00655542249910665
160,30.6282730102539,0.00639305317244172
161.25,30.6282730102539,0.00331203917527478
162.5,30.6282730102539,-0.000655991705606778
163.75,30.6282730102539,-0.0046671447975212
165,30.6282730102539,-0.00754710667000237
166.25,30.6282730102539,-0.00871981686556749
167.5,30.6282730102539,-0.00850940190078063
168.75,30.6282730102539,-0.00777627560924523
170,30.6282730102539,-0.00674059563421587
171.25,30.6282730102539,-0.00637413413327667
172.5,30.6282730102539,-0.00707806135445685
173.75,30.6282730102539,-0.00879928717331347
175,30.6282730102539,-0.010393752764872
176.25,30.6282730102539,-0.0114739214120116
177.5,30.6282730102539,-0.0126463063942111
178.75,30.6282730102539,-0.0143232703093009
180,30.6282730102539,-0.0170983428258246
181.25,30.6282730102539,-0.0212630647517668
182.5,30.6282730102539,-0.0260306326853217
183.75,30.6282730102539,-0.0294480911155956
185,30.6282730102539,-0.0326146001000477
186.25,30.6282730102539,-0.0363513153920162
187.5,30.6282730102539,-0.0411434217040656
188.75,30.6282730102539,-0.0465025512396602
190,30.6282730102539,-0.0510796845802915
191.25,30.6282730102539,-0.0541280883954357
192.5,30.6282730102539,-0.0559481930095249
193.75,30.6282730102539,-0.0567681937700514
195,30.6282730102539,-0.056255121626852
196.25,30.6282730102539,-0.0542385774665799
197.5,30.6282730102539,-0.0502365857961891
198.75,30.6282730102539,-0.0455610068698995
200,30.6282730102539,-0.041599852039926
201.25,30.6282730102539,-0.0384568270245157
202.5,30.6282730102539,-0.035063019202763
203.75,30.6282730102539,-0.0315193795871052
205,30.6282730102539,-0.0284238353780444
206.25,30.6282730102539,-0.0243373682028116
207.5,30.6282730102539,-0.0212311390422739
208.75,30.6282730102539,-0.0194892004427907
210,30.6282730102539,-0.0184983400797698
211.25,30.6282730102539,-0.0173402187018122
212.5,30.6282730102539,-0.0158032207073932
213.75,30.6282730102539,-0.0139923720799082
215,30.6282730102539,-0.0125747960026439
216.25,30.6282730102539,-0.0109127790692527
217.5,30.6282730102539,-0.00856424366036533
218.75,30.6282730102539,-0.00580164885082614
220,30.6282730102539,-0.00248335182681141
221.25,30.6282730102539,0.000633966094495145
222.5,30.6282730102539,0.00275941036562755
223.75,30.6282730102539,0.0039160537793608
225,30.6282730102539,0.00477230967261736
226.25,30.6282730102539,0.00549394608146077
227.5,30.6282730102539,0.00639267369800302
228.75,30.6282730102539,0.00774986208980422
230,30.6282730102539,0.00894597414515257
231.25,30.6282730102539,0.00913348365284148
232.5,30.6282730102539,0.00772803390851142
233.75,30.6282730102539,0.00578592127036747
235,30.6282730102539,0.00438390556667623
236.25,30.6282730102539,0.00221054534667928
237.5,30.6282730102539,-0.000372726297109628
238.75,30.6282730102539,-0.00243561641008295
240,30.6282730102539,-0.00431035553898367
241.25,30.6282730102539,-0.00464667265245827
242.5,30.6282730102539,-0.00504949873177768
243.75,30.6282730102539,-0.0051253286142357
160,31.5706787109375,0.00694401657164066
161.25,31.5706787109375,0.00625115337442902
162.5,31.5706787109375,0.00379724163851205
163.75,31.5706787109375,0.000120132719455084
165,31.5706787109375,-0.00401690168578067
166.25,31.5706787109375,-0.0071900453096268
167.5,31.5706787109375,-0.00862105732402264
168.75,31.5706787109375,-0.00876705998311079
170,31.5706787109375,-0.00821739288585033
171.25,31.5706787109375,-0.00797987243474035
172.5,31.5706787109375,-0.00834126574818773
173.75,31.5706787109375,-0.00960745752896076
175,31.5706787109375,-0.0109769006700057
176.25,31.5706787109375,-0.0118737374541072
177.5,31.5706787109375,-0.0127904936626683
178.75,31.5706787109375,-0.0140054893058245
180,31.5706787109375,-0.0159215062484176
181.25,31.5706787109375,-0.0191391699596649
182.5,31.5706787109375,-0.023144924276399
183.75,31.5706787109375,-0.0261300908351301
185,31.5706787109375,-0.0299735814007661
186.25,31.5706787109375,-0.0352550966352403
187.5,31.5706787109375,-0.0409566151715557
188.75,31.5706787109375,-0.0463389033950372
190,31.5706787109375,-0.0507262861421094
191.25,31.5706787109375,-0.0534996435405986
192.5,31.5706787109375,-0.0553277765293062
193.75,31.5706787109375,-0.0565492696792651
195,31.5706787109375,-0.0567206043910203
196.25,31.5706787109375,-0.0555770227118162
197.5,31.5706787109375,-0.0524014906348386
198.75,31.5706787109375,-0.0484072723640409
200,31.5706787109375,-0.0451470902585048
201.25,31.5706787109375,-0.0427627215525143
202.5,31.5706787109375,-0.0400211617680094
203.75,31.5706787109375,-0.0369284391960071
205,31.5706787109375,-0.033896933468338
206.25,31.5706787109375,-0.029420834467204
207.5,31.5706787109375,-0.0248104360160355
208.75,31.5706787109375,-0.0216188418400814
210,31.5706787109375,-0.0195958370287917
211.25,31.5706787109375,-0.0181370207594215
212.5,31.5706787109375,-0.01715107314191
213.75,31.5706787109375,-0.0162524850830128
215,31.5706787109375,-0.0152585843198066
216.25,31.5706787109375,-0.0135658116863263
217.5,31.5706787109375,-0.0108636473609253
218.75,31.5706787109375,-0.00746878006809513
220,31.5706787109375,-0.00376922228208263
221.25,31.5706787109375,7.36274587159888e-05
222.5,31.5706787109375,0.0032763682067268
223.75,31.5706787109375,0.00562898749153004
225,31.5706787109375,0.00688128507385818
226.25,31.5706787109375,0.00712086782397554
227.5,31.5706787109375,0.00733522441178776
228.75,31.5706787109375,0.00797009742371874
230,31.5706787109375,0.00905659645945926
231.25,31.5706787109375,0.00976638911158817
232.5,31.5706787109375,0.00873782987812983
233.75,31.5706787109375,0.00671335720698198
235,31.5706787109375,0.00504483195428646
236.25,31.5706787109375,0.00208454199393722
237.5,31.5706787109375,-0.00193842578379441
238.75,31.5706787109375,-0.00457783203433279
240,31.5706787109375,-0.0053199901160581
241.25,31.5706787109375,-0.00469696071282416
242.5,31.5706787109375,-0.00431777930019744
243.75,31.5706787109375,-0.00452268753979789
160,32.5130920410156,0.000561381398036569
161.25,32.5130920410156,0.00135970021658744
162.5,32.5130920410156,0.000710655021038746
163.75,32.5130920410156,-0.000806908220569292
165,32.5130920410156,-0.00300815571508544
166.25,32.5130920410156,-0.00524103426617638
167.5,32.5130920410156,-0.00671178476492772
168.75,32.5130920410156,-0.0072463590507094
170,32.5130920410156,-0.00756085634576779
171.25,32.5130920410156,-0.00768179836439404
172.5,32.5130920410156,-0.00756911397500005
173.75,32.5130920410156,-0.00858091065653579
175,32.5130920410156,-0.0102748522010336
176.25,32.5130920410156,-0.0114331170663985
177.5,32.5130920410156,-0.0119500751608115
178.75,32.5130920410156,-0.0126297692878346
180,32.5130920410156,-0.0141300489233862
181.25,32.5130920410156,-0.0172370748156598
182.5,32.5130920410156,-0.0207607714748802
183.75,32.5130920410156,-0.0230110469697688
185,32.5130920410156,-0.0267592258536926
186.25,32.5130920410156,-0.0328979217313755
187.5,32.5130920410156,-0.0390341609405047
188.75,32.5130920410156,-0.044326533416111
190,32.5130920410156,-0.0485745109746367
191.25,32.5130920410156,-0.0515377407574633
192.5,32.5130920410156,-0.0534116950085158
193.75,32.5130920410156,-0.0545913541894467
195,32.5130920410156,-0.055227960057836
196.25,32.5130920410156,-0.0546697725910008
197.5,32.5130920410156,-0.0523310866920097
198.75,32.5130920410156,-0.0492042026332504
200,32.5130920410156,-0.0465692364737852
201.25,32.5130920410156,-0.0446694176640895
202.5,32.5130920410156,-0.0425547247199187
203.75,32.5130920410156,-0.039862763010711
205,32.5130920410156,-0.0366430225805414
206.25,32.5130920410156,-0.0321251254370645
207.5,32.5130920410156,-0.0266442698373789
208.75,32.5130920410156,-0.022534289140844
210,32.5130920410156,-0.0198388662218983
211.25,32.5130920410156,-0.0181681962298252
212.5,32.5130920410156,-0.0171564962485834
213.75,32.5130920410156,-0.0165421945570043
215,32.5130920410156,-0.0164207987583788
216.25,32.5130920410156,-0.0156154891085048
217.5,32.5130920410156,-0.0130754126093735
218.75,32.5130920410156,-0.00928831421468489
220,32.5130920410156,-0.00523244110409204
221.25,32.5130920410156,-0.000750973609752388
222.5,32.5130920410156,0.00331785958934922
223.75,32.5130920410156,0.00648693330963567
225,32.5130920410156,0.0085304936475626
226.25,32.5130920410156,0.00908011348206274
227.5,32.5130920410156,0.00871470617909605
228.75,32.5130920410156,0.00829928403252518
230,32.5130920410156,0.00864977741094932
231.25,32.5130920410156,0.00930878869978398
232.5,32.5130920410156,0.00846704312373646
233.75,32.5130920410156,0.00636847537130984
235,32.5130920410156,0.00419171345578298
236.25,32.5130920410156,0.000166875564587141
237.5,32.5130920410156,-0.00480387538304524
238.75,32.5130920410156,-0.00662552548093939
240,32.5130920410156,-0.00597494490010907
241.25,32.5130920410156,-0.00418362982588788
242.5,32.5130920410156,-0.0031071339213742
160,33.4554977416992,-0.00381301564250469
161.25,33.4554977416992,-0.00310426105815575
162.5,33.4554977416992,-0.00369160799394612
163.75,33.4554977416992,-0.00477539389253176
165,33.4554977416992,-0.00570470555010223
166.25,33.4554977416992,-0.00654226864719374
167.5,33.4554977416992,-0.0070223886801144
168.75,33.4554977416992,-0.00686797111882434
170,33.4554977416992,-0.00671708728978535
171.25,33.4554977416992,-0.00633864688628804
172.5,33.4554977416992,-0.00593822103157791
173.75,33.4554977416992,-0.00679389899413746
175,33.4554977416992,-0.00864903469164757
176.25,33.4554977416992,-0.0102240109262668
177.5,33.4554977416992,-0.0112031902015749
178.75,33.4554977416992,-0.011962383945254
180,33.4554977416992,-0.0134370609117068
181.25,33.4554977416992,-0.0160837476432966
182.5,33.4554977416992,-0.0186912255280542
183.75,33.4554977416992,-0.0201008122756506
185,33.4554977416992,-0.0234431612912368
186.25,33.4554977416992,-0.0295989809179165
187.5,33.4554977416992,-0.0356823250881506
188.75,33.4554977416992,-0.0407068289214153
190,33.4554977416992,-0.0449286457555599
191.25,33.4554977416992,-0.0484544907243197
192.5,33.4554977416992,-0.0509195649699154
193.75,33.4554977416992,-0.0522486411215226
195,33.4554977416992,-0.0528459700726248
196.25,33.4554977416992,-0.0523247115774072
197.5,33.4554977416992,-0.0509046903200449
198.75,33.4554977416992,-0.0488012187115823
200,33.4554977416992,-0.0465124371086766
201.25,33.4554977416992,-0.0444341482509454
202.5,33.4554977416992,-0.0421839950056432
203.75,33.4554977416992,-0.0395805676588851
205,33.4554977416992,-0.0363809423470896
206.25,33.4554977416992,-0.0325105876559167
207.5,33.4554977416992,-0.0273610534511146
208.75,33.4554977416992,-0.0227170851448411
210,33.4554977416992,-0.0194979078050473
211.25,33.4554977416992,-0.0178220685952782
212.5,33.4554977416992,-0.0170966468307546
213.75,33.4554977416992,-0.0164359173132423
215,33.4554977416992,-0.0161271885328111
216.25,33.4554977416992,-0.0156415982534336
217.5,33.4554977416992,-0.0137596110524756
218.75,33.4554977416992,-0.0109278032484563
220,33.4554977416992,-0.00706014264038184
221.25,33.4554977416992,-0.00211446775266667
222.5,33.4554977416992,0.0029267311305474
223.75,33.4554977416992,0.00693466626986095
225,33.4554977416992,0.00970901689502523
226.25,33.4554977416992,0.0107843611886959
227.5,33.4554977416992,0.0103892717716533
228.75,33.4554977416992,0.00934843889290012
230,33.4554977416992,0.00841683293239051
231.25,33.4554977416992,0.00800051389557815
232.5,33.4554977416992,0.00664758222002065
233.75,33.4554977416992,0.00446671067346248
235,33.4554977416992,0.00169156532674286
236.25,33.4554977416992,-0.00306643135305343
237.5,33.4554977416992,-0.00767581288941325
238.75,33.4554977416992,-0.00786907685976574
240,33.4554977416992,-0.00564236880448126
241.25,33.4554977416992,-0.00315138509844057
242.5,33.4554977416992,-0.00195855026687797
160,34.3979034423828,-0.00425713634462158
161.25,34.3979034423828,-0.00368118072123601
162.5,34.3979034423828,-0.00469266408272815
163.75,34.3979034423828,-0.0068381429184859
165,34.3979034423828,-0.00845826732742744
166.25,34.3979034423828,-0.00905483108606666
167.5,34.3979034423828,-0.00882513991016388
168.75,34.3979034423828,-0.00793846442352718
170,34.3979034423828,-0.00706277983453949
171.25,34.3979034423828,-0.00579447395997444
172.5,34.3979034423828,-0.00486796789701729
173.75,34.3979034423828,-0.00566178458507243
175,34.3979034423828,-0.00756015364680961
176.25,34.3979034423828,-0.00950236688431674
177.5,34.3979034423828,-0.0112552186301055
178.75,34.3979034423828,-0.0125729169612064
180,34.3979034423828,-0.0139888614086552
181.25,34.3979034423828,-0.015510989114892
182.5,34.3979034423828,-0.0166988386198111
183.75,34.3979034423828,-0.0176172022767122
185,34.3979034423828,-0.0205068901283162
186.25,34.3979034423828,-0.0261579374830559
187.5,34.3979034423828,-0.0318709617609605
188.75,34.3979034423828,-0.0362141051022592
190,34.3979034423828,-0.0397364893682631
191.25,34.3979034423828,-0.0431876788909793
192.5,34.3979034423828,-0.0464055498655526
193.75,34.3979034423828,-0.0484948814508408
195,34.3979034423828,-0.0492810909982998
196.25,34.3979034423828,-0.0490969115804387
197.5,34.3979034423828,-0.0486566259610702
198.75,34.3979034423828,-0.0475575005972243
200,34.3979034423828,-0.0455569469602546
201.25,34.3979034423828,-0.0429454248646773
202.5,34.3979034423828,-0.0398678789086514
203.75,34.3979034423828,-0.036512126001549
205,34.3979034423828,-0.0331521346213523
206.25,34.3979034423828,-0.0298789158860107
207.5,34.3979034423828,-0.0262147208874151
208.75,34.3979034423828,-0.0223754010719824
210,34.3979034423828,-0.0193576253814431
211.25,34.3979034423828,-0.0178469540377102
212.5,34.3979034423828,-0.017236915995173
213.75,34.3979034423828,-0.0163519035092952
215,34.3979034423828,-0.0153901805381333
216.25,34.3979034423828,-0.014314832134766
217.5,34.3979034423828,-0.0125403739062591
218.75,34.3979034423828,-0.0108309002678856
220,34.3979034423828,-0.00836467319065291
221.25,34.3979034423828,-0.00423528348190009
222.5,34.3979034423828,0.0013085316578265
223.75,34.3979034423828,0.0063081360903631
225,34.3979034423828,0.00970475690210264
226.25,34.3979034423828,0.011357535090166
227.5,34.3979034423828,0.0112400791029533
228.75,34.3979034423828,0.00988323036745068
230,34.3979034423828,0.00797978990802425
231.25,34.3979034423828,0.00621169577582893
232.5,34.3979034423828,0.00373793031330865
233.75,34.3979034423828,0.00123203003256419
235,34.3979034423828,-0.00160427409199878
236.25,34.3979034423828,-0.00597254083218327
237.5,34.3979034423828,-0.00878344056157531
238.75,34.3979034423828,-0.00798298648611876
240,34.3979034423828,-0.00634095545445924
241.25,34.3979034423828,-0.00293458182484605
160,35.3403167724609,-0.00378077449757591
161.25,35.3403167724609,-0.0025675189894796
162.5,35.3403167724609,-0.00326769215589037
163.75,35.3403167724609,-0.00583269872961922
165,35.3403167724609,-0.0084433025829912
166.25,35.3403167724609,-0.0098838260805285
167.5,35.3403167724609,-0.0101022090962641
168.75,35.3403167724609,-0.00935535771901235
170,35.3403167724609,-0.00846544023850612
171.25,35.3403167724609,-0.00708788862762573
172.5,35.3403167724609,-0.00572073500078345
173.75,35.3403167724609,-0.00618451081777429
175,35.3403167724609,-0.00811096680550844
176.25,35.3403167724609,-0.0103891301030851
177.5,35.3403167724609,-0.0126753345181174
178.75,35.3403167724609,-0.014434889418772
180,35.3403167724609,-0.0154551843925266
181.25,35.3403167724609,-0.0158193665485663
182.5,35.3403167724609,-0.0155224934901746
183.75,35.3403167724609,-0.015471391127877
185,35.3403167724609,-0.0170805546998741
186.25,35.3403167724609,-0.0214198158218609
187.5,35.3403167724609,-0.0268964300966497
188.75,35.3403167724609,-0.0315149210381286
190,35.3403167724609,-0.0347612810243566
191.25,35.3403167724609,-0.0375670077949651
192.5,35.3403167724609,-0.0403700469525421
193.75,35.3403167724609,-0.0426192749949966
195,35.3403167724609,-0.0440045101669324
196.25,35.3403167724609,-0.0446760565781527
197.5,35.3403167724609,-0.0449921255591829
198.75,35.3403167724609,-0.0447863058264989
200,35.3403167724609,-0.0431021421602568
201.25,35.3403167724609,-0.0400583819221019
202.5,35.3403167724609,-0.0362481208344491
203.75,35.3403167724609,-0.0323179372828971
205,35.3403167724609,-0.0287984158458636
206.25,35.3403167724609,-0.0259716861339336
207.5,35.3403167724609,-0.0233870091987887
208.75,35.3403167724609,-0.0206774168507897
210,35.3403167724609,-0.0184837772989765
211.25,35.3403167724609,-0.0173933883835586
212.5,35.3403167724609,-0.0167631484548057
213.75,35.3403167724609,-0.0154066967546897
215,35.3403167724609,-0.0135218727753405
216.25,35.3403167724609,-0.0116578151389805
217.5,35.3403167724609,-0.00995228926882915
218.75,35.3403167724609,-0.00915604921137044
220,35.3403167724609,-0.00838866919691152
221.25,35.3403167724609,-0.00542507580279963
222.5,35.3403167724609,-0.000226282582870429
223.75,35.3403167724609,0.00508513010463974
225,35.3403167724609,0.0087486101323872
226.25,35.3403167724609,0.0107813130006449
227.5,35.3403167724609,0.0109173727176083
228.75,35.3403167724609,0.00946223363934398
230,35.3403167724609,0.0070592942848347
231.25,35.3403167724609,0.00426704058407287
232.5,35.3403167724609,0.00100560079374327
233.75,35.3403167724609,-0.00164069213226521
235,35.3403167724609,-0.00446931243521327
236.25,35.3403167724609,-0.00781804804287823
237.5,35.3403167724609,-0.00884034893098871
238.75,35.3403167724609,-0.00803925291427158
240,35.3403167724609,-0.00737988376933179
160,36.2827224731445,-0.002580301111621
161.25,36.2827224731445,-0.00117679201418128
162.5,36.2827224731445,-0.00135530011253157
163.75,36.2827224731445,-0.00304491334467332
165,36.2827224731445,-0.00538781394965501
166.25,36.2827224731445,-0.00798004800685458
167.5,36.2827224731445,-0.0100669669738556
168.75,36.2827224731445,-0.0109743895257335
170,36.2827224731445,-0.010996594595176
171.25,36.2827224731445,-0.0101812965398814
172.5,36.2827224731445,-0.00893282072173
173.75,36.2827224731445,-0.00908742495640074
175,36.2827224731445,-0.010700314559013
176.25,36.2827224731445,-0.0126606685335638
177.5,36.2827224731445,-0.014662517493635
178.75,36.2827224731445,-0.0163395238748003
180,36.2827224731445,-0.017033639634036
181.25,36.2827224731445,-0.0168472397649403
182.5,36.2827224731445,-0.0159882313703642
183.75,36.2827224731445,-0.0149676466482819
185,36.2827224731445,-0.0141984779133357
186.25,36.2827224731445,-0.0153946195983054
187.5,36.2827224731445,-0.0191543296159068
188.75,36.2827224731445,-0.0243405101651363
190,36.2827224731445,-0.0284137017654439
191.25,36.2827224731445,-0.0313523389160381
192.5,36.2827224731445,-0.0336666961774689
193.75,36.2827224731445,-0.0356972723894427
195,36.2827224731445,-0.0375394113119799
196.25,36.2827224731445,-0.0391845844010596
197.5,36.2827224731445,-0.0407797109656807
198.75,36.2827224731445,-0.0410744343515603
200,36.2827224731445,-0.0394260724922633
201.25,36.2827224731445,-0.0360685391659674
202.5,36.2827224731445,-0.031745137296138
203.75,36.2827224731445,-0.0274803664985564
205,36.2827224731445,-0.0240534768758911
206.25,36.2827224731445,-0.0217424514420927
207.5,36.2827224731445,-0.0199883004112905
208.75,36.2827224731445,-0.0180949937455545
210,36.2827224731445,-0.0164981856386574
211.25,36.2827224731445,-0.0155698308016819
212.5,36.2827224731445,-0.0145596166169068
213.75,36.2827224731445,-0.0125132598500654
215,36.2827224731445,-0.00988158030015684
216.25,36.2827224731445,-0.00746423025388224
217.5,36.2827224731445,-0.005769601582174
218.75,36.2827224731445,-0.00543904552998497
220,36.2827224731445,-0.00594064631555475
221.25,36.2827224731445,-0.00491104922067282
222.5,36.2827224731445,-0.000825822932360595
223.75,36.2827224731445,0.00418034321647587
225,36.2827224731445,0.00781198937152037
226.25,36.2827224731445,0.00955210592182168
227.5,36.2827224731445,0.00928917791968253
228.75,36.2827224731445,0.00768225821987914
230,36.2827224731445,0.00508619446412667
231.25,36.2827224731445,0.00150682872735029
232.5,36.2827224731445,-0.00230953474154144
233.75,36.2827224731445,-0.0050229284626917
235,36.2827224731445,-0.00739130594911052
236.25,36.2827224731445,-0.00920395498106989
237.5,36.2827224731445,-0.009114762894228
238.75,36.2827224731445,-0.00867967323146277
160,37.2251281738281,-0.000999451626249526
161.25,37.2251281738281,-0.000722320404010196
162.5,37.2251281738281,-0.00107300200961238
163.75,37.2251281738281,-0.00191379394394102
165,37.2251281738281,-0.00300164895177937
166.25,37.2251281738281,-0.00526742693092142
167.5,37.2251281738281,-0.00865685711167546
168.75,37.2251281738281,-0.0116182549008965
170,37.2251281738281,-0.0131221277439795
171.25,37.2251281738281,-0.0132831000513964
172.5,37.2251281738281,-0.0128284294393103
173.75,37.2251281738281,-0.013333693073832
175,37.2251281738281,-0.0150914371348923
176.25,37.2251281738281,-0.0166020580609762
177.5,37.2251281738281,-0.0173775736988809
178.75,37.2251281738281,-0.0178721984936941
180,37.2251281738281,-0.0178526068916147
181.25,37.2251281738281,-0.0173673521391717
182.5,37.2251281738281,-0.0166093276714959
183.75,37.2251281738281,-0.0154104784671004
185,37.2251281738281,-0.0131285179244731
186.25,37.2251281738281,-0.0116737641816191
187.5,37.2251281738281,-0.0131650143217574
188.75,37.2251281738281,-0.0171098511119915
190,37.2251281738281,-0.0210886953685634
191.25,37.2251281738281,-0.0247172731168331
192.5,37.2251281738281,-0.0273248911889734
193.75,37.2251281738281,-0.0286590810305795
195,37.2251281738281,-0.0301222671369613
196.25,37.2251281738281,-0.0324547835451098
197.5,37.2251281738281,-0.035116132880528
198.75,37.2251281738281,-0.0361968552878014
200,37.2251281738281,-0.0352627128646869
201.25,37.2251281738281,-0.0323461874309793
202.5,37.2251281738281,-0.0282733511743624
203.75,37.2251281738281,-0.0242373344490108
205,37.2251281738281,-0.0210849355743881
206.25,37.2251281738281,-0.0189538373394225
207.5,37.2251281738281,-0.0172620005569273
208.75,37.2251281738281,-0.0156158060882914
210,37.2251281738281,-0.014191930945053
211.25,37.2251281738281,-0.0129710503552844
212.5,37.2251281738281,-0.0112802020324575
213.75,37.2251281738281,-0.00867542872358532
215,37.2251281738281,-0.0056691058651219
216.25,37.2251281738281,-0.00293099010092382
217.5,37.2251281738281,-0.000870423214541541
218.75,37.2251281738281,2.43287310652565e-05
220,37.2251281738281,-0.000515594581172094
221.25,37.2251281738281,-0.00140629071901852
222.5,37.2251281738281,0.000517896204556073
223.75,37.2251281738281,0.0044052470838745
225,37.2251281738281,0.00740533806583818
226.25,37.2251281738281,0.00824710605020728
227.5,37.2251281738281,0.00662102370149078
228.75,37.2251281738281,0.00380145166661288
230,37.2251281738281,0.000430121124573189
231.25,37.2251281738281,-0.0033861528401786
232.5,37.2251281738281,-0.0068928971375233
233.75,37.2251281738281,-0.00894163771099475
235,37.2251281738281,-0.0102482981935492
236.25,37.2251281738281,-0.0106164971381963
237.5,37.2251281738281,-0.00998445340930011
238.75,37.2251281738281,-0.00874554908477981
160,38.1675415039062,0.00520325040454427
161.25,38.1675415039062,0.00314397356313468
162.5,38.1675415039062,0.00164426870040015
163.75,38.1675415039062,0.00115190189455429
165,38.1675415039062,0.000946994425059675
166.25,38.1675415039062,-0.00169361886308568
167.5,38.1675415039062,-0.0063839132875357
168.75,38.1675415039062,-0.0108302114222387
170,38.1675415039062,-0.0133503882257966
171.25,38.1675415039062,-0.0142087206485078
172.5,38.1675415039062,-0.0143287238932085
173.75,38.1675415039062,-0.0150789519597448
175,38.1675415039062,-0.0168017891746142
176.25,38.1675415039062,-0.0181190018157828
177.5,38.1675415039062,-0.0182450910903743
178.75,38.1675415039062,-0.0176473007044718
180,38.1675415039062,-0.0167491617438749
181.25,38.1675415039062,-0.0159503194208479
182.5,38.1675415039062,-0.0154186523184428
183.75,38.1675415039062,-0.014615804683787
185,38.1675415039062,-0.0125033448396618
186.25,38.1675415039062,-0.00970169355151396
187.5,38.1675415039062,-0.00923161793650895
188.75,38.1675415039062,-0.0113994473747239
190,38.1675415039062,-0.0146757799841069
191.25,38.1675415039062,-0.0189632040077025
192.5,38.1675415039062,-0.0227087294220678
193.75,38.1675415039062,-0.0242204372249065
195,38.1675415039062,-0.0247535233537777
196.25,38.1675415039062,-0.0265063175251012
197.5,38.1675415039062,-0.0289023582393754
198.75,38.1675415039062,-0.0304390470605975
200,38.1675415039062,-0.0306194480024383
201.25,38.1675415039062,-0.0290291183788091
202.5,38.1675415039062,-0.0259781370301986
203.75,38.1675415039062,-0.0227573200122714
205,38.1675415039062,-0.0201455954675352
206.25,38.1675415039062,-0.0181587302042924
207.5,38.1675415039062,-0.0162131322856998
208.75,38.1675415039062,-0.0140748546306239
210,38.1675415039062,-0.0121588577383759
211.25,38.1675415039062,-0.0103071166153897
212.5,38.1675415039062,-0.00808107793374565
213.75,38.1675415039062,-0.00510062934243682
215,38.1675415039062,-0.00181534967473468
216.25,38.1675415039062,0.00125901606399916
217.5,38.1675415039062,0.00375843294512604
218.75,38.1675415039062,0.00526484755664586
220,38.1675415039062,0.00525670155368609
221.25,38.1675415039062,0.00384959470388066
222.5,38.1675415039062,0.00365690812619476
223.75,38.1675415039062,0.00581474129642844
225,38.1675415039062,0.00768782892361878
226.25,38.1675415039062,0.00731066943462432
227.5,38.1675415039062,0.00373803696482549
228.75,38.1675415039062,-0.00120279022716944
230,38.1675415039062,-0.00581860984523479
231.25,38.1675415039062,-0.00964981816612243
232.5,38.1675415039062,-0.0123872338534583
233.75,38.1675415039062,-0.0133317687696542
235,38.1675415039062,-0.0132857945151062
236.25,38.1675415039062,-0.0126826967870454
237.5,38.1675415039062,-0.0104322724124896
160,39.1099548339844,0.0138837349713525
161.25,39.1099548339844,0.00911319529424212
162.5,39.1099548339844,0.00609305537505494
163.75,39.1099548339844,0.00564899556313119
165,39.1099548339844,0.00609207733584297
166.25,39.1099548339844,0.00312075470480888
167.5,39.1099548339844,-0.00229890667698048
168.75,39.1099548339844,-0.00727604033288299
170,39.1099548339844,-0.0104776368732046
171.25,39.1099548339844,-0.0118861024545731
172.5,39.1099548339844,-0.0120437778864463
173.75,39.1099548339844,-0.012778889962841
175,39.1099548339844,-0.0141936115223959
176.25,39.1099548339844,-0.0152292697655541
177.5,39.1099548339844,-0.0152552296918286
178.75,39.1099548339844,-0.0148165641548133
180,39.1099548339844,-0.0141060369876657
181.25,39.1099548339844,-0.0132080023417898
182.5,39.1099548339844,-0.0124894106688921
183.75,39.1099548339844,-0.0118721962759618
185,39.1099548339844,-0.0107627449770418
186.25,39.1099548339844,-0.00892729743054652
187.5,39.1099548339844,-0.00778195808603296
188.75,39.1099548339844,-0.00787806411226836
190,39.1099548339844,-0.00947270576200068
191.25,39.1099548339844,-0.0132245125021669
192.5,39.1099548339844,-0.017618366467542
193.75,39.1099548339844,-0.0197562144314988
195,39.1099548339844,-0.0201407835341369
196.25,39.1099548339844,-0.0213946831286354
197.5,39.1099548339844,-0.0237089054912802
198.75,39.1099548339844,-0.0257145237468086
200,39.1099548339844,-0.026542879910545
201.25,39.1099548339844,-0.0257960931602563
202.5,39.1099548339844,-0.0238539646758372
203.75,39.1099548339844,-0.0218741520230208
205,39.1099548339844,-0.0202103153777816
206.25,39.1099548339844,-0.018396117622981
207.5,39.1099548339844,-0.0160449306869019
208.75,39.1099548339844,-0.0132729368423668
210,39.1099548339844,-0.0107766426664239
211.25,39.1099548339844,-0.00853168211346158
212.5,39.1099548339844,-0.00593748905991742
213.75,39.1099548339844,-0.00266672622394862
215,39.1099548339844,0.00101100584821238
216.25,39.1099548339844,0.00454300257259461
217.5,39.1099548339844,0.0074795898079492
218.75,39.1099548339844,0.00940769860295922
220,39.1099548339844,0.0100160587358928
221.25,39.1099548339844,0.00894749798949823
222.5,39.1099548339844,0.00767928977785249
223.75,39.1099548339844,0.00803201975531501
225,39.1099548339844,0.00854365212441964
226.25,39.1099548339844,0.00692027504774212
227.5,39.1099548339844,0.0018645147886328
228.75,39.1099548339844,-0.00519681056624302
230,39.1099548339844,-0.0115518733921724
231.25,39.1099548339844,-0.0155077902506274
232.5,39.1099548339844,-0.0172192416020173
233.75,39.1099548339844,-0.0172375023745888
235,39.1099548339844,-0.0162894414525363
236.25,39.1099548339844,-0.0157233385528966
160,40.0523529052734,0.019643891125178
161.25,40.0523529052734,0.0133395671458563
162.5,40.0523529052734,0.00943913741770157
163.75,40.0523529052734,0.00899568168441979
165,40.0523529052734,0.0100153853210337
166.25,40.0523529052734,0.00753207795971327
167.5,40.0523529052734,0.00217252790823175
168.75,40.0523529052734,-0.00279078179222996
170,40.0523529052734,-0.00630705644743776
171.25,40.0523529052734,-0.00799665799706039
172.5,40.0523529052734,-0.0081643042915375
173.75,40.0523529052734,-0.00868556415277006
175,40.0523529052734,-0.00927935246729428
176.25,40.0523529052734,-0.00938629235569517
177.5,40.0523529052734,-0.00981393499548422
178.75,40.0523529052734,-0.0106388697431519
180,40.0523529052734,-0.0103548285955608
181.25,40.0523529052734,-0.00884990179913365
182.5,40.0523529052734,-0.00756684326362335
183.75,40.0523529052734,-0.00719039968344876
185,40.0523529052734,-0.0073920364014369
186.25,40.0523529052734,-0.00737557724298086
187.5,40.0523529052734,-0.00691080298779239
188.75,40.0523529052734,-0.0062679328302129
190,40.0523529052734,-0.0066380424231804
191.25,40.0523529052734,-0.0091756206085637
192.5,40.0523529052734,-0.0124077318154518
193.75,40.0523529052734,-0.0139370232015168
195,40.0523529052734,-0.0141316627699636
196.25,40.0523529052734,-0.0152280928442163
197.5,40.0523529052734,-0.0177957112377096
198.75,40.0523529052734,-0.0203084614199089
200,40.0523529052734,-0.0217292910348792
201.25,40.0523529052734,-0.021660222137619
202.5,40.0523529052734,-0.0207333925262256
203.75,40.0523529052734,-0.0199906016704009
205,40.0523529052734,-0.0192452662007028
206.25,40.0523529052734,-0.0178101543342488
207.5,40.0523529052734,-0.015353212034779
208.75,40.0523529052734,-0.0122795957977932
210,40.0523529052734,-0.00952091441536856
211.25,40.0523529052734,-0.00722614661879283
212.5,40.0523529052734,-0.00466806884114002
213.75,40.0523529052734,-0.00171807530027677
215,40.0523529052734,0.00191637257731757
216.25,40.0523529052734,0.00574326593052396
217.5,40.0523529052734,0.00919666364556588
218.75,40.0523529052734,0.0118552293940042
220,40.0523529052734,0.0133060110540982
221.25,40.0523529052734,0.0130751415143214
222.5,40.0523529052734,0.0116667629330079
223.75,40.0523529052734,0.0103665162146188
225,40.0523529052734,0.00925828233308496
226.25,40.0523529052734,0.00701677775534104
227.5,40.0523529052734,0.00166918434029071
228.75,40.0523529052734,-0.00683802618627198
230,40.0523529052734,-0.0150434785185842
231.25,40.0523529052734,-0.0197912648390661
232.5,40.0523529052734,-0.0208944471613759
233.75,40.0523529052734,-0.0198133939968132
235,40.0523529052734,-0.0180329088912709
236.25,40.0523529052734,-0.0169628485506541
160,40.9947662353516,0.0116786450154424
161.25,40.9947662353516,0.00933784152934185
162.5,40.9947662353516,0.00735510381116952
163.75,40.9947662353516,0.00749161803520867
165,40.9947662353516,0.00937328225872787
166.25,40.9947662353516,0.00869808369536959
167.5,40.9947662353516,0.00491291599653798
168.75,40.9947662353516,0.000896542007960365
170,40.9947662353516,-0.00179179970328359
171.25,40.9947662353516,-0.00348530029134887
172.5,40.9947662353516,-0.00469230544694563
173.75,40.9947662353516,-0.00491962845959206
175,40.9947662353516,-0.00401248655455555
176.25,40.9947662353516,-0.00321075541083915
177.5,40.9947662353516,-0.00440403017285114
178.75,40.9947662353516,-0.00633591014491149
180,40.9947662353516,-0.00648702900514738
181.25,40.9947662353516,-0.00468165382194953
182.5,40.9947662353516,-0.00278006269324742
183.75,40.9947662353516,-0.00202591981972243
185,40.9947662353516,-0.00256693215539888
186.25,40.9947662353516,-0.00373536962491067
187.5,40.9947662353516,-0.00491422898450406
188.75,40.9947662353516,-0.00529145665101195
190,40.9947662353516,-0.00542910018837672
191.25,40.9947662353516,-0.00619376339848743
192.5,40.9947662353516,-0.00715566089609253
193.75,40.9947662353516,-0.00751410249399988
195,40.9947662353516,-0.00767461279359828
196.25,40.9947662353516,-0.00942810798155113
197.5,40.9947662353516,-0.0123721250841879
198.75,40.9947662353516,-0.0147103453700628
200,40.9947662353516,-0.0157009692779105
201.25,40.9947662353516,-0.0156511739021405
202.5,40.9947662353516,-0.0157179059590683
203.75,40.9947662353516,-0.0161289316202377
205,40.9947662353516,-0.0163587983489975
206.25,40.9947662353516,-0.0155365923893554
207.5,40.9947662353516,-0.0133804466863577
208.75,40.9947662353516,-0.0105190639620252
210,40.9947662353516,-0.00784318748231646
211.25,40.9947662353516,-0.00567237508833381
212.5,40.9947662353516,-0.00365431514599219
213.75,40.9947662353516,-0.00106772771386079
215,40.9947662353516,0.00221369558081726
216.25,40.9947662353516,0.00599261929217952
217.5,40.9947662353516,0.00959145009867012
218.75,40.9947662353516,0.0127789355458492
220,40.9947662353516,0.0150671622820537
221.25,40.9947662353516,0.0156244812948711
222.5,40.9947662353516,0.0143035513055272
223.75,40.9947662353516,0.0121301614458789
225,40.9947662353516,0.00976555182952357
226.25,40.9947662353516,0.00689123297125194
227.5,40.9947662353516,0.00192874001817638
228.75,40.9947662353516,-0.0067585608957395
230,40.9947662353516,-0.0163749337429804
231.25,40.9947662353516,-0.0222991848284025
232.5,40.9947662353516,-0.0236229359978101
233.75,40.9947662353516,-0.0217246407143593
235,40.9947662353516,-0.0190309536343091
236.25,40.9947662353516,-0.0186450136382564
160,41.9371795654297,-0.000204728785451386
161.25,41.9371795654297,0.00309483772045254
162.5,41.9371795654297,0.00500576727034421
163.75,41.9371795654297,0.00610737120069561
165,41.9371795654297,0.00796570471421701
166.25,41.9371795654297,0.0084159521164575
167.5,41.9371795654297,0.00587882774011058
168.75,41.9371795654297,0.00220972535589814
170,41.9371795654297,-0.00098479094868531
171.25,41.9371795654297,-0.00408449552701006
172.5,41.9371795654297,-0.00592415187106237
173.75,41.9371795654297,-0.00450831105959552
175,41.9371795654297,-0.00113514596642501
176.25,41.9371795654297,0.000840502316434096
177.5,41.9371795654297,0.000221285678344303
178.75,41.9371795654297,-0.00116043030149775
180,41.9371795654297,-0.0012641377246598
181.25,41.9371795654297,-6.34305927913467e-05
182.5,41.9371795654297,0.00147259073664917
183.75,41.9371795654297,0.00227686275264789
185,41.9371795654297,0.0016648024035865
186.25,41.9371795654297,-0.000274149805467953
187.5,41.9371795654297,-0.00275703116505028
188.75,41.9371795654297,-0.00451121600285246
190,41.9371795654297,-0.00473713251994919
191.25,41.9371795654297,-0.00383799444947826
192.5,41.9371795654297,-0.00221403945974107
193.75,41.9371795654297,-0.00053062468924337
195,41.9371795654297,-0.0002841677940688
196.25,41.9371795654297,-0.002670779181647
197.5,41.9371795654297,-0.0063089198729617
198.75,41.9371795654297,-0.00904929346795742
200,41.9371795654297,-0.00998374059127038
201.25,41.9371795654297,-0.0100387697156326
202.5,41.9371795654297,-0.0102492512877031
203.75,41.9371795654297,-0.0107851675571453
205,41.9371795654297,-0.0111608140827373
206.25,41.9371795654297,-0.0109644762575881
207.5,41.9371795654297,-0.00968951954085721
208.75,41.9371795654297,-0.0077078040670293
210,41.9371795654297,-0.00571248827567653
211.25,41.9371795654297,-0.0040533538341585
212.5,41.9371795654297,-0.00241300829355386
213.75,41.9371795654297,-0.000200939973336184
215,41.9371795654297,0.00276571194857094
216.25,41.9371795654297,0.00600688942496899
217.5,41.9371795654297,0.00928753431077853
218.75,41.9371795654297,0.0126462681477959
220,41.9371795654297,0.0153810078222526
221.25,41.9371795654297,0.0162787941623652
222.5,41.9371795654297,0.0150802889027289
223.75,41.9371795654297,0.0127336170344725
225,41.9371795654297,0.00994031814999556
226.25,41.9371795654297,0.00658160181488819
227.5,41.9371795654297,0.0012809370440941
228.75,41.9371795654297,-0.00755888673278351
230,41.9371795654297,-0.0180057210961431
231.25,41.9371795654297,-0.0245632498037097
232.5,41.9371795654297,-0.0260222395332804
233.75,41.9371795654297,-0.023740013744821
235,41.9371795654297,-0.0203592338264287
236.25,41.9371795654297,-0.0196726710014654
160,42.8795776367188,-0.00360678491054049
161.25,42.8795776367188,0.000680301199918564
162.5,42.8795776367188,0.00445408572219823
163.75,42.8795776367188,0.00664123412582421
165,42.8795776367188,0.00804148666212669
166.25,42.8795776367188,0.00910809199212328
167.5,42.8795776367188,0.00814955098009175
168.75,42.8795776367188,0.00430855188720897
170,42.8795776367188,-0.0016421398069074
171.25,42.8795776367188,-0.00835182636924029
172.5,42.8795776367188,-0.0107347112172164
173.75,42.8795776367188,-0.00745480580746247
175,42.8795776367188,-0.002376965215356
176.25,42.8795776367188,0.000758429129050212
177.5,42.8795776367188,0.00150285645760766
178.75,42.8795776367188,0.00120981639654143
180,42.8795776367188,0.00147450079090806
181.25,42.8795776367188,0.00247629246290086
182.5,42.8795776367188,0.00374975730423686
183.75,42.8795776367188,0.00456654250716668
185,42.8795776367188,0.00417182905438993
186.25,42.8795776367188,0.00223052230472901
187.5,42.8795776367188,-0.000772122244602198
188.75,42.8795776367188,-0.00310068058139998
190,42.8795776367188,-0.00324232074698746
191.25,42.8795776367188,-0.00136504756088421
192.5,42.8795776367188,0.00162051295568688
193.75,42.8795776367188,0.00443795478801604
195,42.8795776367188,0.00550210963532447
196.25,42.8795776367188,0.00383699622485107
197.5,42.8795776367188,0.000587764075187956
198.75,42.8795776367188,-0.00210597846888493
200,42.8795776367188,-0.00359541922654228
201.25,42.8795776367188,-0.00427993532248713
202.5,42.8795776367188,-0.00489990156107499
203.75,42.8795776367188,-0.00573078701728175
205,42.8795776367188,-0.00649010467440795
206.25,42.8795776367188,-0.00672289462264635
207.5,42.8795776367188,-0.00607614987020056
208.75,42.8795776367188,-0.00484531544189027
210,42.8795776367188,-0.00359706976030443
211.25,42.8795776367188,-0.00237769372344859
212.5,42.8795776367188,-0.00102248660669074
213.75,42.8795776367188,0.000741872794017215
215,42.8795776367188,0.0029797269930049
216.25,42.8795776367188,0.0055471435930478
217.5,42.8795776367188,0.00831387466276167
218.75,42.8795776367188,0.0114932131211042
220,42.8795776367188,0.0141904657032891
221.25,42.8795776367188,0.0151255320560399
222.5,42.8795776367188,0.0140756738258858
223.75,42.8795776367188,0.0119600152282231
225,42.8795776367188,0.00939723863126746
226.25,42.8795776367188,0.00595218774051898
227.5,42.8795776367188,8.05884167596729e-05
228.75,42.8795776367188,-0.00946928826922929
230,42.8795776367188,-0.020427128131131
231.25,42.8795776367188,-0.0275465734752299
232.5,42.8795776367188,-0.0286581600326773
233.75,42.8795776367188,-0.0263096567763951
235,42.8795776367188,-0.022391324817505
236.25,42.8795776367188,-0.0210935376854411
160,43.8219909667969,-0.00446224725800991
161.25,43.8219909667969,-0.00166379297235419
162.5,43.8219909667969,0.00130809902436103
163.75,43.8219909667969,0.00391693712914078
165,43.8219909667969,0.00614960391415208
166.25,43.8219909667969,0.00826808934907873
167.5,43.8219909667969,0.00899982246559664
168.75,43.8219909667969,0.00541472189454424
170,43.8219909667969,-0.00299046903910299
171.25,43.8219909667969,-0.012316364995111
172.5,43.8219909667969,-0.0149446536707196
173.75,43.8219909667969,-0.0119286007224333
175,43.8219909667969,-0.00729534879068701
176.25,43.8219909667969,-0.00302665671986352
177.5,43.8219909667969,-0.000536831585115331
178.75,43.8219909667969,0.000638170734048877
180,43.8219909667969,0.00175950331498733
181.25,43.8219909667969,0.00334084300409019
182.5,43.8219909667969,0.00496644332378329
183.75,43.8219909667969,0.00597451512304996
185,43.8219909667969,0.0057461021891067
186.25,43.8219909667969,0.0040376518367484
187.5,43.8219909667969,0.00137756795037743
188.75,43.8219909667969,-0.00059281050949366
190,43.8219909667969,-0.000268739552229736
191.25,43.8219909667969,0.00260079778937425
192.5,43.8219909667969,0.0061535201074015
193.75,43.8219909667969,0.00884681296989461
195,43.8219909667969,0.00981825715680768
196.25,43.8219909667969,0.00866136316782116
197.5,43.8219909667969,0.00606620691232291
198.75,43.8219909667969,0.00351435112828613
200,43.8219909667969,0.00173757901989564
201.25,43.8219909667969,0.000604342474698283
202.5,43.8219909667969,-0.000236624590894988
203.75,43.8219909667969,-0.00144108073288867
205,43.8219909667969,-0.00274585962354129
206.25,43.8219909667969,-0.00355563515230839
207.5,43.8219909667969,-0.00369534582928922
208.75,43.8219909667969,-0.00321868960957581
210,43.8219909667969,-0.00230493634919964
211.25,43.8219909667969,-0.00116631282165703
212.5,43.8219909667969,-1.67027809248233e-05
213.75,43.8219909667969,0.00113544498108737
215,43.8219909667969,0.00234106842901313
216.25,43.8219909667969,0.00378041617741461
217.5,43.8219909667969,0.0059910973048584
218.75,43.8219909667969,0.00874137049836699
220,43.8219909667969,0.0111058070054471
221.25,43.8219909667969,0.0120817821807947
222.5,43.8219909667969,0.0115430657405631
223.75,43.8219909667969,0.0100715472295091
225,43.8219909667969,0.00815005670784885
226.25,43.8219909667969,0.00495150707546601
227.5,43.8219909667969,-0.00129584071897875
228.75,43.8219909667969,-0.0112251522643895
230,43.8219909667969,-0.0226725502800926
231.25,43.8219909667969,-0.0305196305725526
232.5,43.8219909667969,-0.0315418924627186
233.75,43.8219909667969,-0.0287570782470191
235,43.8219909667969,-0.0247694787623213
236.25,43.8219909667969,-0.0229299091203015
160,44.764404296875,-0.00787433735320663
161.25,44.764404296875,-0.00707194716437123
162.5,44.764404296875,-0.00569402097011512
163.75,44.764404296875,-0.00367762833258095
165,44.764404296875,-0.000403842658923744
166.25,44.764404296875,0.00376713855004781
167.5,44.764404296875,0.00649200235595454
168.75,44.764404296875,0.00364520777053125
170,44.764404296875,-0.00581198751530465
171.25,44.764404296875,-0.0146680554692374
172.5,44.764404296875,-0.0148367814178614
173.75,44.764404296875,-0.0104509655748214
175,44.764404296875,-0.0069286481207158
176.25,44.764404296875,-0.00461834709518389
177.5,44.764404296875,-0.00259515247526114
178.75,44.764404296875,-0.000870097335318127
180,44.764404296875,0.00104141667743191
181.25,44.764404296875,0.00337677853480328
182.5,44.764404296875,0.00582411356848636
183.75,44.764404296875,0.00773144106252317
185,44.764404296875,0.00841470011495869
186.25,44.764404296875,0.00731188377842909
187.5,44.764404296875,0.00504210795849933
188.75,44.764404296875,0.00326195880988123
190,44.764404296875,0.00352186602001605
191.25,44.764404296875,0.00618844693190633
192.5,44.764404296875,0.00932981459532868
193.75,44.764404296875,0.0111914181953736
195,44.764404296875,0.0117079070044998
196.25,44.764404296875,0.0109566129884421
197.5,44.764404296875,0.00915388628640721
198.75,44.764404296875,0.00680714222299714
200,44.764404296875,0.00437035700447146
201.25,44.764404296875,0.00240186509486672
202.5,44.764404296875,0.00101893424977956
203.75,44.764404296875,-0.000152015227824421
205,44.764404296875,-0.0010919045651603
206.25,44.764404296875,-0.00160379242321304
207.5,44.764404296875,-0.00191001107876745
208.75,44.764404296875,-0.00187488454249393
210,44.764404296875,-0.00141752843257189
211.25,44.764404296875,-0.000751223444573078
212.5,44.764404296875,-0.000264651760265414
213.75,44.764404296875,-9.14386033182122e-05
215,44.764404296875,-0.000244267007749918
216.25,44.764404296875,0.000104525207512916
217.5,44.764404296875,0.00160623420336526
218.75,44.764404296875,0.00436506642520197
220,44.764404296875,0.00693420026728018
221.25,44.764404296875,0.0082665958274686
222.5,44.764404296875,0.00827208469425213
223.75,44.764404296875,0.00762321617701878
225,44.764404296875,0.00645628012537779
226.25,44.764404296875,0.00347235990730805
227.5,44.764404296875,-0.00308023943031525
228.75,44.764404296875,-0.0127782699804947
230,44.764404296875,-0.0239521749181046
231.25,44.764404296875,-0.0326393965308699
232.5,44.764404296875,-0.0340237220715453
233.75,44.764404296875,-0.030738296265234
235,44.764404296875,-0.0263984500653323
236.25,44.764404296875,-0.0239839787105748
160,45.7068023681641,-0.010255653175007
161.25,45.7068023681641,-0.0111230098658873
162.5,45.7068023681641,-0.0113921025367333
163.75,45.7068023681641,-0.0103617100224274
165,45.7068023681641,-0.00646434837757093
166.25,45.7068023681641,-0.000775489033565215
167.5,45.7068023681641,0.00289851909804164
168.75,45.7068023681641,0.000961582382968114
170,45.7068023681641,-0.00648935760616045
171.25,45.7068023681641,-0.0115388523793334
172.5,45.7068023681641,-0.00841185408168655
173.75,45.7068023681641,-0.00367204137440406
175,45.7068023681641,-0.00161182779449234
176.25,45.7068023681641,-0.000897849574775747
177.5,45.7068023681641,-0.000309893310045743
178.75,45.7068023681641,0.0008476600271111
180,45.7068023681641,0.00275045627695143
181.25,45.7068023681641,0.00504360798619312
182.5,45.7068023681641,0.00750598278773264
183.75,45.7068023681641,0.0096825825979385
185,45.7068023681641,0.0108645192762757
186.25,45.7068023681641,0.0105326301746551
187.5,45.7068023681641,0.00925341753837528
188.75,45.7068023681641,0.00824601281661469
190,45.7068023681641,0.00842704363995246
191.25,45.7068023681641,0.00952647768244528
192.5,45.7068023681641,0.0105672250538568
193.75,45.7068023681641,0.0109246763260879
195,45.7068023681641,0.0106189102287056
196.25,45.7068023681641,0.0095582417720547
197.5,45.7068023681641,0.00807422060722605
198.75,45.7068023681641,0.00606399441810651
200,45.7068023681641,0.00358477154586191
201.25,45.7068023681641,0.00154479267026827
202.5,45.7068023681641,0.000299272929113918
203.75,45.7068023681641,-0.000407866634402067
205,45.7068023681641,-0.000741127632067405
206.25,45.7068023681641,-0.000844783053022705
207.5,45.7068023681641,-0.000963031133452977
208.75,45.7068023681641,-0.00111001154508538
210,45.7068023681641,-0.00132149510159315
211.25,45.7068023681641,-0.0016127627358275
212.5,45.7068023681641,-0.00218657776088274
213.75,45.7068023681641,-0.00318833458019616
215,45.7068023681641,-0.004346080089134
216.25,45.7068023681641,-0.00489493187931868
217.5,45.7068023681641,-0.00394447569346962
218.75,45.7068023681641,-0.00105929982950075
220,45.7068023681641,0.00239380000392718
221.25,45.7068023681641,0.00461985835467618
222.5,45.7068023681641,0.00559437500000945
223.75,45.7068023681641,0.00562911120875774
225,45.7068023681641,0.00465135270612338
226.25,45.7068023681641,0.00149495120031671
227.5,45.7068023681641,-0.00507876385066692
228.75,45.7068023681641,-0.0144621628448008
230,45.7068023681641,-0.0248251173603865
231.25,45.7068023681641,-0.0330503818318142
232.5,45.7068023681641,-0.0345445068168605
233.75,45.7068023681641,-0.0306479076728042
235,45.7068023681641,-0.0256206793770214
236.25,45.7068023681641,-0.0223576602102021
160,46.6492156982422,-0.00742350445973742
161.25,46.6492156982422,-0.0086936993835682
162.5,46.6492156982422,-0.00940368748979322
163.75,46.6492156982422,-0.00840545107218307
165,46.6492156982422,-0.00477689861731148
166.25,46.6492156982422,-0.000228906229146466
167.5,46.6492156982422,0.0024331649560567
168.75,46.6492156982422,0.00168000468564365
170,46.6492156982422,-0.00123406339930298
171.25,46.6492156982422,-0.00222501425088108
172.5,46.6492156982422,-0.000393438276878153
173.75,46.6492156982422,0.000948695956126384
175,46.6492156982422,0.00154475305211114
176.25,46.6492156982422,0.00231674243353301
177.5,46.6492156982422,0.00341690162227895
178.75,46.6492156982422,0.00496978226018875
180,46.6492156982422,0.00726389160686951
181.25,46.6492156982422,0.00946483412081808
182.5,46.6492156982422,0.0114494590747466
183.75,46.6492156982422,0.0130784356786222
185,46.6492156982422,0.0140897258808716
186.25,46.6492156982422,0.0141019288530234
187.5,46.6492156982422,0.0131373774979018
188.75,46.6492156982422,0.0119740421985531
190,46.6492156982422,0.0111033716525911
191.25,46.6492156982422,0.0101638556070334
192.5,46.6492156982422,0.00888996160252922
193.75,46.6492156982422,0.00759956410572115
195,46.6492156982422,0.00658730827502499
196.25,46.6492156982422,0.00601245933452656
197.5,46.6492156982422,0.00538001457721367
198.75,46.6492156982422,0.00398395997095932
200,46.6492156982422,0.00199367767852781
201.25,46.6492156982422,0.00044901962283533
202.5,46.6492156982422,-0.000331485632090824
203.75,46.6492156982422,-0.00059397615216944
205,46.6492156982422,-0.000628475102587885
206.25,46.6492156982422,-0.00071490920564807
207.5,46.6492156982422,-0.0010231994630682
208.75,46.6492156982422,-0.00172399925669648
210,46.6492156982422,-0.00284543283067907
211.25,46.6492156982422,-0.0043810378132208
212.5,46.6492156982422,-0.00626092532813427
213.75,46.6492156982422,-0.00792723654787535
215,46.6492156982422,-0.00909639921906778
216.25,46.6492156982422,-0.00940606530459707
217.5,46.6492156982422,-0.00800242694938937
218.75,46.6492156982422,-0.00484402121021908
220,46.6492156982422,-0.00116939593750146
221.25,46.6492156982422,0.00188105587985032
222.5,46.6492156982422,0.00381664760476442
223.75,46.6492156982422,0.00427264688288104
225,46.6492156982422,0.00291714270956196
226.25,46.6492156982422,-0.00122732180811187
227.5,46.6492156982422,-0.00828425435553674
228.75,46.6492156982422,-0.0167523710566768
230,46.6492156982422,-0.0255637888198555
231.25,46.6492156982422,-0.0319437966237954
232.5,46.6492156982422,-0.0326402101932744
233.75,46.6492156982422,-0.0287470970075051
235,46.6492156982422,-0.0244752398630199
236.25,46.6492156982422,-0.0222613213230092
160,47.5916290283203,-0.00255309750096198
161.25,47.5916290283203,-0.0035218927082502
162.5,47.5916290283203,-0.00312764550782179
163.75,47.5916290283203,-0.00112574197462786
165,47.5916290283203,0.00234426952571522
166.25,47.5916290283203,0.00535655809180365
167.5,47.5916290283203,0.00678221262071237
168.75,47.5916290283203,0.00665759679103256
170,47.5916290283203,0.00559809074940307
171.25,47.5916290283203,0.00441993024873835
172.5,47.5916290283203,0.00314437175369225
173.75,47.5916290283203,0.00203775420277921
175,47.5916290283203,0.00186588198660035
176.25,47.5916290283203,0.00270672581842101
177.5,47.5916290283203,0.00432295855295716
178.75,47.5916290283203,0.00662985547787321
180,47.5916290283203,0.0096206835736899
181.25,47.5916290283203,0.0128577549746579
182.5,47.5916290283203,0.015364125280458
183.75,47.5916290283203,0.0169801276669958
185,47.5916290283203,0.0177321248476067
186.25,47.5916290283203,0.0171993941565824
187.5,47.5916290283203,0.0154408760015399
188.75,47.5916290283203,0.0130911220240849
190,47.5916290283203,0.0103495838262376
191.25,47.5916290283203,0.00746692376208712
192.5,47.5916290283203,0.00508527654300072
193.75,47.5916290283203,0.00352946187600218
195,47.5916290283203,0.0025360604688296
196.25,47.5916290283203,0.00229915856919497
197.5,47.5916290283203,0.00170500494973549
198.75,47.5916290283203,0.000376102969657536
200,47.5916290283203,-0.000691567141193652
201.25,47.5916290283203,-0.00118799167154712
202.5,47.5916290283203,-0.00126794986727738
203.75,47.5916290283203,-0.00127063138407872
205,47.5916290283203,-0.00141259552608463
206.25,47.5916290283203,-0.001851052174602
207.5,47.5916290283203,-0.00266720789081206
208.75,47.5916290283203,-0.00386654528031641
210,47.5916290283203,-0.00551444536839504
211.25,47.5916290283203,-0.00747044977964761
212.5,47.5916290283203,-0.00950215027710447
213.75,47.5916290283203,-0.0111662232620703
215,47.5916290283203,-0.0120540029980559
216.25,47.5916290283203,-0.0116879382441359
217.5,47.5916290283203,-0.0096161749184528
218.75,47.5916290283203,-0.0059978059368156
220,47.5916290283203,-0.00205221502461666
221.25,47.5916290283203,0.00104276194808486
222.5,47.5916290283203,0.00293722010562149
223.75,47.5916290283203,0.00308310510532554
225,47.5916290283203,0.000565411290143388
226.25,47.5916290283203,-0.00497618127756412
227.5,47.5916290283203,-0.0127466223299212
228.75,47.5916290283203,-0.0204243289118432
230,47.5916290283203,-0.0266927246315505
231.25,47.5916290283203,-0.0302620309764332
232.5,47.5916290283203,-0.0296913696239174
233.75,47.5916290283203,-0.0268502563935114
235,47.5916290283203,-0.0246902553154235
236.25,47.5916290283203,-0.0243443185366054
160,48.5340270996094,0.00117970633593223
161.25,48.5340270996094,0.00101669178350955
162.5,48.5340270996094,0.00274592343040234
163.75,48.5340270996094,0.00567433314326948
165,48.5340270996094,0.00872466390405209
166.25,48.5340270996094,0.0104896732571158
167.5,48.5340270996094,0.0104521593684875
168.75,48.5340270996094,0.00940155868412451
170,48.5340270996094,0.0077607459636888
171.25,48.5340270996094,0.00541115626012742
172.5,48.5340270996094,0.0030842815385696
173.75,48.5340270996094,0.00169609269050105
175,48.5340270996094,0.00148337721027095
176.25,48.5340270996094,0.00224024905028811
177.5,48.5340270996094,0.0039256634472826
178.75,48.5340270996094,0.0067349818934129
180,48.5340270996094,0.010633838316825
181.25,48.5340270996094,0.0149289970419272
182.5,48.5340270996094,0.0182322595268706
183.75,48.5340270996094,0.0192029233045006
185,48.5340270996094,0.0187313638372532
186.25,48.5340270996094,0.0169582678486388
187.5,48.5340270996094,0.0140775056411036
188.75,48.5340270996094,0.0104682778001732
190,48.5340270996094,0.00641888946080309
191.25,48.5340270996094,0.00275981872049945
192.5,48.5340270996094,9.14509014657357e-05
193.75,48.5340270996094,-0.00154943242919437
195,48.5340270996094,-0.00211050041197558
196.25,48.5340270996094,-0.00208367860951001
197.5,48.5340270996094,-0.0026269928864047
198.75,48.5340270996094,-0.00378717961058854
200,48.5340270996094,-0.00443090531054932
201.25,48.5340270996094,-0.00437503500669506
202.5,48.5340270996094,-0.00410662680576975
203.75,48.5340270996094,-0.00384739244692029
205,48.5340270996094,-0.00387690136586834
206.25,48.5340270996094,-0.00437676902738644
207.5,48.5340270996094,-0.00538992037396775
208.75,48.5340270996094,-0.00671431042014391
210,48.5340270996094,-0.00816936732266509
211.25,48.5340270996094,-0.00944144418235898
212.5,48.5340270996094,-0.0107118747511083
213.75,48.5340270996094,-0.0116815046424635
215,48.5340270996094,-0.0116955079620977
216.25,48.5340270996094,-0.0104756744522049
217.5,48.5340270996094,-0.00781216556704547
218.75,48.5340270996094,-0.00424364299529927
220,48.5340270996094,-0.000671543550685951
221.25,48.5340270996094,0.00206340260276243
222.5,48.5340270996094,0.00311024905364343
223.75,48.5340270996094,0.00163481235038554
225,48.5340270996094,-0.00274046334797775
226.25,48.5340270996094,-0.00958160109356321
227.5,48.5340270996094,-0.0176234308992219
228.75,48.5340270996094,-0.0243068261003334
230,48.5340270996094,-0.0283487359712307
231.25,48.5340270996094,-0.0286711426639191
232.5,48.5340270996094,-0.0270086745365318
233.75,48.5340270996094,-0.0256291544270517
235,48.5340270996094,-0.0246065110867473
236.25,48.5340270996094,-0.0241214963587508
160,49.4764404296875,0.00214187621995882
161.25,49.4764404296875,0.00414929173801021
162.5,49.4764404296875,0.00689894375540325
163.75,49.4764404296875,0.0101589405131887
165,49.4764404296875,0.0127991048701968
166.25,49.4764404296875,0.0139721198539776
167.5,49.4764404296875,0.0131227358226308
168.75,49.4764404296875,0.0111113522062612
170,49.4764404296875,0.00873557649371342
171.25,49.4764404296875,0.00607581471252804
172.5,49.4764404296875,0.00386469755084562
173.75,49.4764404296875,0.00285082924323702
175,49.4764404296875,0.00287121792360144
176.25,49.4764404296875,0.00352737648585601
177.5,49.4764404296875,0.00484949171046518
178.75,49.4764404296875,0.00706117361106129
180,49.4764404296875,0.00998452604851561
181.25,49.4764404296875,0.0128390987353432
182.5,49.4764404296875,0.0146622409043135
183.75,49.4764404296875,0.0147887368453644
185,49.4764404296875,0.013516641558176
186.25,49.4764404296875,0.0110214212266873
187.5,49.4764404296875,0.00736813311014113
188.75,49.4764404296875,0.00351170198322919
190,49.4764404296875,-1.09393521422851e-05
191.25,49.4764404296875,-0.00290627139458602
192.5,49.4764404296875,-0.00504093578196303
193.75,49.4764404296875,-0.0065326897348473
195,49.4764404296875,-0.00716165210040462
196.25,49.4764404296875,-0.00747962920040737
197.5,49.4764404296875,-0.00813719137180688
198.75,49.4764404296875,-0.00871663641083572
200,49.4764404296875,-0.00866729348565556
201.25,49.4764404296875,-0.00812118013064601
202.5,49.4764404296875,-0.00783673049407569
203.75,49.4764404296875,-0.00789304422734899
205,49.4764404296875,-0.00810616605284713
206.25,49.4764404296875,-0.00836045502581744
207.5,49.4764404296875,-0.0086430809448808
208.75,49.4764404296875,-0.00905365791199728
210,49.4764404296875,-0.00940732548182675
211.25,49.4764404296875,-0.00949372764292511
212.5,49.4764404296875,-0.00961592626591576
213.75,49.4764404296875,-0.00968634583185449
215,49.4764404296875,-0.00893050206953359
216.25,49.4764404296875,-0.00701616750251121
217.5,49.4764404296875,-0.00391313218092518
218.75,49.4764404296875,-0.000233975598661242
220,49.4764404296875,0.00280912350605157
221.25,49.4764404296875,0.00410044388437517
222.5,49.4764404296875,0.00324665059788765
223.75,49.4764404296875,-0.000528863673078929
225,49.4764404296875,-0.006695845039303
226.25,49.4764404296875,-0.014122731097371
227.5,49.4764404296875,-0.0216649339509628
228.75,49.4764404296875,-0.027590092759457
230,49.4764404296875,-0.0293142803173711
231.25,49.4764404296875,-0.0271918069045812
232.5,49.4764404296875,-0.0246396201421818
233.75,49.4764404296875,-0.0243127394090484
235,49.4764404296875,-0.0251023047530203
160,50.4188537597656,-0.00476099830481754
161.25,50.4188537597656,-0.0013913942815791
162.5,50.4188537597656,0.00314981285137842
163.75,50.4188537597656,0.0072748508412904
165,50.4188537597656,0.0105317577450423
166.25,50.4188537597656,0.0122380767151644
167.5,50.4188537597656,0.0120638372816127
168.75,50.4188537597656,0.01077625547137
170,50.4188537597656,0.00922443207028054
171.25,50.4188537597656,0.00760907113831957
172.5,50.4188537597656,0.00645878279355366
173.75,50.4188537597656,0.00610140752391763
175,50.4188537597656,0.00603617842730343
176.25,50.4188537597656,0.00579628684260214
177.5,50.4188537597656,0.00534549616295638
178.75,50.4188537597656,0.00497804897933223
180,50.4188537597656,0.00499173380579424
181.25,50.4188537597656,0.00535996878480947
182.5,50.4188537597656,0.00592694564264939
183.75,50.4188537597656,0.0064309776839136
185,50.4188537597656,0.00583230128071259
186.25,50.4188537597656,0.00395242945177399
187.5,50.4188537597656,0.00115935182374591
188.75,50.4188537597656,-0.00182234432735135
190,50.4188537597656,-0.00448550292361051
191.25,50.4188537597656,-0.00674733538764395
192.5,50.4188537597656,-0.00852203426634713
193.75,50.4188537597656,-0.00979799358378835
195,50.4188537597656,-0.0105206702320585
196.25,50.4188537597656,-0.0107936948818119
197.5,50.4188537597656,-0.0110455088515199
198.75,50.4188537597656,-0.0112978004084466
200,50.4188537597656,-0.0113494663857394
201.25,50.4188537597656,-0.0113454306083442
202.5,50.4188537597656,-0.0114317879836086
203.75,50.4188537597656,-0.0116179948853053
205,50.4188537597656,-0.0116577522030115
206.25,50.4188537597656,-0.0115440358383836
207.5,50.4188537597656,-0.0112997230077126
208.75,50.4188537597656,-0.0107251091694554
210,50.4188537597656,-0.00967839066522477
211.25,50.4188537597656,-0.008507643217936
212.5,50.4188537597656,-0.00751809685508446
213.75,50.4188537597656,-0.00641128731407244
215,50.4188537597656,-0.00442832361148141
216.25,50.4188537597656,-0.00168827577915196
217.5,50.4188537597656,0.00134137208530355
218.75,50.4188537597656,0.00447653305476366
220,50.4188537597656,0.00635860576796517
221.25,50.4188537597656,0.00582423054178187
222.5,50.4188537597656,0.00251718593180181
223.75,50.4188537597656,-0.00325075299221806
225,50.4188537597656,-0.0107560948479798
226.25,50.4188537597656,-0.0186724303314745
227.5,50.4188537597656,-0.0257052064542197
228.75,50.4188537597656,-0.0299069118579512
230,50.4188537597656,-0.0305388104130787
231.25,50.4188537597656,-0.0290353091560874
232.5,50.4188537597656,-0.0241543450598399
233.75,50.4188537597656,-0.0232814760261132
160,51.3612518310547,-0.0105056570607234
161.25,51.3612518310547,-0.00982870809964535
162.5,51.3612518310547,-0.00518983648772321
163.75,51.3612518310547,-0.000496159422343983
165,51.3612518310547,0.00279387728556583
166.25,51.3612518310547,0.00489065849106979
167.5,51.3612518310547,0.00625803341713149
168.75,51.3612518310547,0.00688014375912773
170,51.3612518310547,0.00679903544382898
171.25,51.3612518310547,0.00644805142160282
172.5,51.3612518310547,0.00651139328558576
173.75,51.3612518310547,0.00713373658335613
175,51.3612518310547,0.00744715571402651
176.25,51.3612518310547,0.00665283093238382
177.5,51.3612518310547,0.00466548865750063
178.75,51.3612518310547,0.00218424523450889
180,51.3612518310547,0.00028442683063973
181.25,51.3612518310547,-4.25983884813536e-05
182.5,51.3612518310547,0.00030589737720162
183.75,51.3612518310547,0.000969539260359909
185,51.3612518310547,0.00139687710500573
186.25,51.3612518310547,0.000874074579078894
187.5,51.3612518310547,-0.000401740312300469
188.75,51.3612518310547,-0.00164549568241365
190,51.3612518310547,-0.00290012057988705
191.25,51.3612518310547,-0.0041650934953759
192.5,51.3612518310547,-0.00508385148322036
193.75,51.3612518310547,-0.00602331295988395
195,51.3612518310547,-0.00719896598911561
196.25,51.3612518310547,-0.00818683020906574
197.5,51.3612518310547,-0.00891510442174722
198.75,51.3612518310547,-0.00949648952115688
200,51.3612518310547,-0.01006650192189
201.25,51.3612518310547,-0.0105962423152345
202.5,51.3612518310547,-0.0113293885326461
203.75,51.3612518310547,-0.0121486288298348
205,51.3612518310547,-0.0126244491602971
206.25,51.3612518310547,-0.0126476014358274
207.5,51.3612518310547,-0.0121734345816644
208.75,51.3612518310547,-0.0108625703303792
210,51.3612518310547,-0.00876733769094211
211.25,51.3612518310547,-0.00635980903596716
212.5,51.3612518310547,-0.00434905328965451
213.75,51.3612518310547,-0.00247066599219553
215,51.3612518310547,8.89393474796048e-05
216.25,51.3612518310547,0.00316858707905746
217.5,51.3612518310547,0.00624240634258481
218.75,51.3612518310547,0.00841043236889038
220,51.3612518310547,0.00862431228719096
221.25,51.3612518310547,0.00598915221288594
222.5,51.3612518310547,0.000379960726862089
223.75,51.3612518310547,-0.00772403411203255
225,51.3612518310547,-0.0163214938366007
226.25,51.3612518310547,-0.0238683699587003
227.5,51.3612518310547,-0.0290724628114193
228.75,51.3612518310547,-0.0314220027358242
230,51.3612518310547,-0.0317883059780202
231.25,51.3612518310547,-0.031507876042009
232.5,51.3612518310547,-0.0319023228795238
160,52.3036651611328,-0.0114230624531974
161.25,52.3036651611328,-0.0133374823268479
162.5,52.3036651611328,-0.0125620053259945
163.75,52.3036651611328,-0.00857829564778632
165,52.3036651611328,-0.0056434681133091
166.25,52.3036651611328,-0.00380680556159958
167.5,52.3036651611328,-0.00218580423788657
168.75,52.3036651611328,-0.000556284222086922
170,52.3036651611328,0.00090504411585716
171.25,52.3036651611328,0.00206104877763351
172.5,52.3036651611328,0.00312411807798749
173.75,52.3036651611328,0.00487095106561457
175,52.3036651611328,0.00605328633465216
176.25,52.3036651611328,0.00526997502187454
177.5,52.3036651611328,0.00292219014171294
178.75,52.3036651611328,-0.000600651739494349
180,52.3036651611328,-0.00418904318404831
181.25,52.3036651611328,-0.00550924986657454
182.5,52.3036651611328,-0.00450083469500193
183.75,52.3036651611328,-0.00242552420293964
185,52.3036651611328,-0.000545475508748881
186.25,52.3036651611328,0.000541754485104462
187.5,52.3036651611328,0.00129168030550322
188.75,52.3036651611328,0.00158394843884207
190,52.3036651611328,0.00167714722783433
191.25,52.3036651611328,0.00197772066884632
192.5,52.3036651611328,0.00198471333861045
193.75,52.3036651611328,0.00191072844407212
195,52.3036651611328,0.000591088509046753
196.25,52.3036651611328,-0.0011056135303857
197.5,52.3036651611328,-0.00214350892141475
198.75,52.3036651611328,-0.00277156752476026
200,52.3036651611328,-0.00366113993521816
201.25,52.3036651611328,-0.00499566017188363
202.5,52.3036651611328,-0.00630724611310745
203.75,52.3036651611328,-0.00738227540503725
205,52.3036651611328,-0.00808835912649464
206.25,52.3036651611328,-0.00855407251183644
207.5,52.3036651611328,-0.00851788273748612
208.75,52.3036651611328,-0.00750042183352793
210,52.3036651611328,-0.00526245041474144
211.25,52.3036651611328,-0.00237537402410091
212.5,52.3036651611328,0.000145522490961468
213.75,52.3036651611328,0.00243569121810611
215,52.3036651611328,0.00457436099703335
216.25,52.3036651611328,0.00673947283792135
217.5,52.3036651611328,0.00869643017287343
218.75,52.3036651611328,0.00963224388333683
220,52.3036651611328,0.00846587678730244
221.25,52.3036651611328,0.00443867376330613
222.5,52.3036651611328,-0.00297176907237971
223.75,52.3036651611328,-0.0132637895983432
225,52.3036651611328,-0.0229371679251964
226.25,52.3036651611328,-0.0290702888078834
227.5,52.3036651611328,-0.0320394263546316
228.75,52.3036651611328,-0.0319333822463146
230,52.3036651611328,-0.029843008412219
231.25,52.3036651611328,-0.0305947684353516
232.5,52.3036651611328,-0.031732802676077
160,53.2460784912109,-0.0110703406600443
161.25,53.2460784912109,-0.0122722800325777
162.5,53.2460784912109,-0.0150593480080256
163.75,53.2460784912109,-0.0166793347548651
165,53.2460784912109,-0.0154906506866564
166.25,53.2460784912109,-0.0131780243894461
167.5,53.2460784912109,-0.010489650344787
168.75,53.2460784912109,-0.007679243729895
170,53.2460784912109,-0.00519703076919872
171.25,53.2460784912109,-0.00323992016086798
172.5,53.2460784912109,-0.00180937367259418
173.75,53.2460784912109,-0.000342211497674803
175,53.2460784912109,0.000177597474315916
176.25,53.2460784912109,-0.000593583893187516
177.5,53.2460784912109,-0.00232511522778042
178.75,53.2460784912109,-0.00490261357510571
180,53.2460784912109,-0.00743882218691978
181.25,53.2460784912109,-0.00789127960311988
182.5,53.2460784912109,-0.00594502094042964
183.75,53.2460784912109,-0.00324270019571593
185,53.2460784912109,-0.000790267051037253
186.25,53.2460784912109,0.00129818019741226
187.5,53.2460784912109,0.00310489205670191
188.75,53.2460784912109,0.00460729322891552
190,53.2460784912109,0.00605302151823339
191.25,53.2460784912109,0.0071207221780907
192.5,53.2460784912109,0.00817104450225337
193.75,53.2460784912109,0.00841670225462647
195,53.2460784912109,0.00844848145483115
196.25,53.2460784912109,0.00734361989784182
197.5,53.2460784912109,0.00542427473790079
198.75,53.2460784912109,0.00390026445334029
200,53.2460784912109,0.00295441244967388
201.25,53.2460784912109,0.00261126024715532
202.5,53.2460784912109,0.00295312318953092
203.75,53.2460784912109,0.00284154293969247
205,53.2460784912109,0.00201571512232357
206.25,53.2460784912109,0.00106086265187685
207.5,53.2460784912109,0.000667744772777523
208.75,53.2460784912109,0.00108017462772715
210,53.2460784912109,0.00239864745128465
211.25,53.2460784912109,0.00363781937344662
212.5,53.2460784912109,0.00481699462755775
213.75,53.2460784912109,0.00611347587724405
215,53.2460784912109,0.00745742774308658
216.25,53.2460784912109,0.00878045352881385
217.5,53.2460784912109,0.0096496338537614
218.75,53.2460784912109,0.00943245964367337
220,53.2460784912109,0.00707525785763681
221.25,53.2460784912109,0.00154087976551708
222.5,53.2460784912109,-0.00735258198235175
223.75,53.2460784912109,-0.0177244528965815
225,53.2460784912109,-0.0265317059407776
226.25,53.2460784912109,-0.0317540368403964
227.5,53.2460784912109,-0.0350056217725829
228.75,53.2460784912109,-0.0345628022552547
230,53.2460784912109,-0.0305563516336237
231.25,53.2460784912109,-0.0283279275776059
160,54.1884765625,-0.0105741732711173
161.25,54.1884765625,-0.0105541788036363
162.5,54.1884765625,-0.0117065243209707
163.75,54.1884765625,-0.0154365423294538
165,54.1884765625,-0.0186353210818638
166.25,54.1884765625,-0.0187852732778356
167.5,54.1884765625,-0.0164921364209347
168.75,54.1884765625,-0.0129655464440072
170,54.1884765625,-0.0096232988105935
171.25,54.1884765625,-0.00745935564829252
172.5,54.1884765625,-0.00640702550249308
173.75,54.1884765625,-0.00630654742623246
175,54.1884765625,-0.00660989193845956
176.25,54.1884765625,-0.00721981227534214
177.5,54.1884765625,-0.00793301676144519
178.75,54.1884765625,-0.00851672058189787
180,54.1884765625,-0.00875626977650178
181.25,54.1884765625,-0.00726091320227148
182.5,54.1884765625,-0.00428756362075186
183.75,54.1884765625,-0.00143693692355927
185,54.1884765625,0.000787560562827208
186.25,54.1884765625,0.002814036914357
187.5,54.1884765625,0.00510229209745642
188.75,54.1884765625,0.00744701347379539
190,54.1884765625,0.00959740954294258
191.25,54.1884765625,0.011219480121377
192.5,54.1884765625,0.0123115651891368
193.75,54.1884765625,0.0128961282657868
195,54.1884765625,0.0118669400046063
196.25,54.1884765625,0.0119518298605405
197.5,54.1884765625,0.0110994681333429
198.75,54.1884765625,0.00832234322375299
200,54.1884765625,0.0067624277822437
201.25,54.1884765625,0.00622110935180059
202.5,54.1884765625,0.00723526145165627
203.75,54.1884765625,0.00861173826156532
205,54.1884765625,0.00898097109043679
206.25,54.1884765625,0.00848127939941463
207.5,54.1884765625,0.00744281912714234
208.75,54.1884765625,0.00669624110167832
210,54.1884765625,0.00660136186432698
211.25,54.1884765625,0.00668496015923545
212.5,54.1884765625,0.00685497310028316
213.75,54.1884765625,0.00722781112818926
215,54.1884765625,0.00786147761703484
216.25,54.1884765625,0.00873001086666829
217.5,54.1884765625,0.00912715450607409
218.75,54.1884765625,0.00817822453503451
220,54.1884765625,0.0049134381453246
221.25,54.1884765625,-0.00201255148228208
222.5,54.1884765625,-0.0120504587492432
223.75,54.1884765625,-0.0215968984339193
225,54.1884765625,-0.0274892537192651
226.25,54.1884765625,-0.0300734559076123
227.5,54.1884765625,-0.0305406608239622
228.75,54.1884765625,-0.0306184919702708
230,54.1884765625,-0.0276226764394776
161.25,55.1308898925781,-0.00733865456709691
162.5,55.1308898925781,-0.00774859528536857
163.75,55.1308898925781,-0.0100225120518123
165,55.1308898925781,-0.0136128858547355
166.25,55.1308898925781,-0.0157766545636155
167.5,55.1308898925781,-0.0156946450770128
168.75,55.1308898925781,-0.0135934525318928
170,55.1308898925781,-0.0110605059574115
171.25,55.1308898925781,-0.00952263792058743
172.5,55.1308898925781,-0.00933173474207632
173.75,55.1308898925781,-0.0102709001229486
175,55.1308898925781,-0.0111409423762942
176.25,55.1308898925781,-0.0108612335373728
177.5,55.1308898925781,-0.00979676505137033
178.75,55.1308898925781,-0.00828716014379267
180,55.1308898925781,-0.00616999838189936
181.25,55.1308898925781,-0.00321524904585044
182.5,55.1308898925781,-9.73305892650065e-05
183.75,55.1308898925781,0.00207119637316804
185,55.1308898925781,0.00367943569210141
186.25,55.1308898925781,0.0055151440866278
187.5,55.1308898925781,0.0077460654105586
188.75,55.1308898925781,0.00994456063551802
190,55.1308898925781,0.0115108775007081
191.25,55.1308898925781,0.0123184682710386
192.5,55.1308898925781,0.0125216501539878
193.75,55.1308898925781,0.0111706864122012
195,55.1308898925781,0.00705983062480796
196.25,55.1308898925781,0.00252723845071124
197.5,55.1308898925781,0.00718870109240379
198.75,55.1308898925781,0.00596924055237
200,55.1308898925781,0.00527924077561552
201.25,55.1308898925781,0.00473787353654041
202.5,55.1308898925781,0.00658424654704721
203.75,55.1308898925781,0.0096249887327769
205,55.1308898925781,0.0106040775404924
206.25,55.1308898925781,0.0099943953946059
207.5,55.1308898925781,0.00863901860350407
208.75,55.1308898925781,0.00749447272451699
210,55.1308898925781,0.0071867800565452
211.25,55.1308898925781,0.00706179186149006
212.5,55.1308898925781,0.00685613694613446
213.75,55.1308898925781,0.00679979914751737
215,55.1308898925781,0.00703707411539796
216.25,55.1308898925781,0.00750279805635307
217.5,55.1308898925781,0.00755718198733621
218.75,55.1308898925781,0.00582508328635226
220,55.1308898925781,0.00103487153976196
221.25,55.1308898925781,-0.00676242987054989
222.5,55.1308898925781,-0.0160935655115143
223.75,55.1308898925781,-0.0233945827567298
225,55.1308898925781,-0.027128372777621
226.25,55.1308898925781,-0.0296561935746075
227.5,55.1308898925781,-0.0298207681204597
228.75,55.1308898925781,-0.0284951904615531
230,55.1308898925781,-0.0276226760151333
161.25,56.0733032226562,-0.0064454091436882
162.5,56.0733032226562,-0.00619534098488011
163.75,56.0733032226562,-0.00720662215938915
165,56.0733032226562,-0.010091299646276
166.25,56.0733032226562,-0.011264964638332
167.5,56.0733032226562,-0.0112364219694818
168.75,56.0733032226562,-0.0106196293711915
170,56.0733032226562,-0.00983070062623584
171.25,56.0733032226562,-0.00944427696312527
172.5,56.0733032226562,-0.00955182904821886
173.75,56.0733032226562,-0.00980847683957041
175,56.0733032226562,-0.00954443393524124
176.25,56.0733032226562,-0.00820242310570774
177.5,56.0733032226562,-0.00569491372488451
178.75,56.0733032226562,-0.00193643744099865
180,56.0733032226562,0.00194943496423789
181.25,56.0733032226562,0.00458901781284468
182.5,56.0733032226562,0.00580290762150728
183.75,56.0733032226562,0.00637278817046622
185,56.0733032226562,0.00706932829036877
186.25,56.0733032226562,0.00857551781471956
187.5,56.0733032226562,0.0105279055112701
188.75,56.0733032226562,0.0118214732329991
190,56.0733032226562,0.0116703809434263
191.25,56.0733032226562,0.0106721831955103
192.5,56.0733032226562,0.00921432949057646
193.75,56.0733032226562,0.0064953350067369
195,56.0733032226562,0.00241377942634768
196.25,56.0733032226562,-0.00263169610264736
197.5,56.0733032226562,-0.00708153827674348
198.75,56.0733032226562,-0.0098325608804456
200,56.0733032226562,-0.00078797003161192
201.25,56.0733032226562,0.00287474332593675
202.5,56.0733032226562,0.00525739546887544
203.75,56.0733032226562,0.0087930510540193
205,56.0733032226562,0.011019153224716
206.25,56.0733032226562,0.0107046676797878
207.5,56.0733032226562,0.00949364804760716
208.75,56.0733032226562,0.00773781148237485
210,56.0733032226562,0.00665313282664652
211.25,56.0733032226562,0.00659005609784714
212.5,56.0733032226562,0.0066661528134135
213.75,56.0733032226562,0.00644381173249107
215,56.0733032226562,0.00612816266541596
216.25,56.0733032226562,0.00567273767310966
217.5,56.0733032226562,0.00470775337886824
218.75,56.0733032226562,0.00222499426073404
220,56.0733032226562,-0.00332110175406081
221.25,56.0733032226562,-0.0112439114020271
222.5,56.0733032226562,-0.018316341672001
223.75,56.0733032226562,-0.0225394228051554
225,56.0733032226562,-0.0246870872526884
226.25,56.0733032226562,-0.0253121862758159
227.5,56.0733032226562,-0.031265412873117
162.5,57.0157012939453,-0.00569869271415689
163.75,57.0157012939453,-0.00659450659904442
165,57.0157012939453,-0.00957024163420315
166.25,57.0157012939453,-0.0102464815161056
167.5,57.0157012939453,-0.00933804592818722
168.75,57.0157012939453,-0.00857295967703619
170,57.0157012939453,-0.0083388418039598
171.25,57.0157012939453,-0.00837209006318693
172.5,57.0157012939453,-0.00807494937873303
173.75,57.0157012939453,-0.00706531427011041
175,57.0157012939453,-0.00497045676370967
176.25,57.0157012939453,-0.0015021375974483
177.5,57.0157012939453,0.00283647966309107
178.75,57.0157012939453,0.00670863299015332
180,57.0157012939453,0.0089308614226081
181.25,57.0157012939453,0.00993339097265645
182.5,57.0157012939453,0.0104929286648437
183.75,57.0157012939453,0.0108055544979384
185,57.0157012939453,0.0113781574247727
186.25,57.0157012939453,0.012483264717437
187.5,57.0157012939453,0.0132632312730132
188.75,57.0157012939453,0.0123832865896065
190,57.0157012939453,0.00861031691789608
191.25,57.0157012939453,0.00536538665521124
192.5,57.0157012939453,0.00229382922139821
193.75,57.0157012939453,-0.00134381586374392
195,57.0157012939453,-0.00367625320058023
196.25,57.0157012939453,-0.00565496478217248
197.5,57.0157012939453,-0.00836677663012083
198.75,57.0157012939453,-0.0109356625943821
200,57.0157012939453,-0.0117900783364087
201.25,57.0157012939453,-0.0118956856418665
202.5,57.0157012939453,-0.00262566380828855
203.75,57.0157012939453,0.00706882600871963
205,57.0157012939453,0.00976883270076448
206.25,57.0157012939453,0.0112723613033079
207.5,57.0157012939453,0.0111442579962538
208.75,57.0157012939453,0.00949544982790927
210,57.0157012939453,0.00715374245595718
211.25,57.0157012939453,0.00572482607981696
212.5,57.0157012939453,0.00529997902476849
213.75,57.0157012939453,0.00495121723743674
215,57.0157012939453,0.00446245782387393
216.25,57.0157012939453,0.00339683298866136
217.5,57.0157012939453,0.00110081365901648
218.75,57.0157012939453,-0.00300398411316003
220,57.0157012939453,-0.00855055751071976
221.25,57.0157012939453,-0.014352601573868
222.5,57.0157012939453,-0.0178731740482307
223.75,57.0157012939453,-0.0190480021952686
225,57.0157012939453,-0.0210477782770782
226.25,57.0157012939453,-0.0238179578558427
162.5,57.9581146240234,-0.00581433904898416
163.75,57.9581146240234,-0.00628035121482207
165,57.9581146240234,-0.00908108510718481
166.25,57.9581146240234,-0.00996354998745826
167.5,57.9581146240234,-0.00946036598638497
168.75,57.9581146240234,-0.00883220534887301
170,57.9581146240234,-0.00813884960572231
171.25,57.9581146240234,-0.0064592014960738
172.5,57.9581146240234,-0.0037071341684121
173.75,57.9581146240234,-0.000528137485041169
175,57.9581146240234,0.00296230037967828
176.25,57.9581146240234,0.00681968916984848
177.5,57.9581146240234,0.0103452818257499
178.75,57.9581146240234,0.0126946781481482
180,57.9581146240234,0.0139982658647248
181.25,57.9581146240234,0.0146446621033993
182.5,57.9581146240234,0.0148819647263478
183.75,57.9581146240234,0.0149136055280733
185,57.9581146240234,0.0148297548357313
186.25,57.9581146240234,0.0145362080073221
187.5,57.9581146240234,0.0127298376502218
188.75,57.9581146240234,0.00766409715546903
190,57.9581146240234,0.0026440031516675
191.25,57.9581146240234,-0.000962377901874508
192.5,57.9581146240234,-0.00415435995304004
193.75,57.9581146240234,-0.00674111571789178
195,57.9581146240234,-0.00750959493415876
196.25,57.9581146240234,-0.00724857909201264
197.5,57.9581146240234,-0.00843051879000745
198.75,57.9581146240234,-0.0106760515369337
200,57.9581146240234,-0.0118260629176315
201.25,57.9581146240234,-0.0131544226687527
202.5,57.9581146240234,-0.0151042524636678
203.75,57.9581146240234,0.00708296994798304
206.25,57.9581146240234,0.00978492943603674
207.5,57.9581146240234,0.0107429782976336
208.75,57.9581146240234,0.0107057885956569
210,57.9581146240234,0.00822940697581016
211.25,57.9581146240234,0.0055274817360062
212.5,57.9581146240234,0.00387267269792335
213.75,57.9581146240234,0.00299155528733573
215,57.9581146240234,0.00200088047779625
216.25,57.9581146240234,0.000351375398098464
217.5,57.9581146240234,-0.00258293079342139
218.75,57.9581146240234,-0.00725391416683488
220,57.9581146240234,-0.0120173453978133
221.25,57.9581146240234,-0.0148367136005941
222.5,57.9581146240234,-0.0155787711575421
223.75,57.9581146240234,-0.0159040818319483
225,57.9581146240234,-0.0179628565089935
160,58.9005279541016,0.00265119361605688
161.25,58.9005279541016,0.00361781846516178
162.5,58.9005279541016,-0.00499089528792878
163.75,58.9005279541016,-0.00396318288025602
165,58.9005279541016,-0.00682256886846432
166.25,58.9005279541016,-0.00747646444184086
167.5,58.9005279541016,-0.00634832806219068
168.75,58.9005279541016,-0.0042524812073983
170,58.9005279541016,-0.00126755340768035
171.25,58.9005279541016,0.00304294801448319
172.5,58.9005279541016,0.00740715164817184
173.75,58.9005279541016,0.0108224978290389
175,58.9005279541016,0.0128701645144285
176.25,58.9005279541016,0.013843619919333
177.5,58.9005279541016,0.0144449454949951
178.75,58.9005279541016,0.0152270426090811
180,58.9005279541016,0.0159981933111058
181.25,58.9005279541016,0.0164493950001002
182.5,58.9005279541016,0.0162946008333437
183.75,58.9005279541016,0.0152161290092189
185,58.9005279541016,0.0135598292283127
186.25,58.9005279541016,0.0114778306482188
187.5,58.9005279541016,0.00670817479467314
188.75,58.9005279541016,0.00075519881574364
190,58.9005279541016,-0.00240855349815422
191.25,58.9005279541016,-0.00486536034408396
192.5,58.9005279541016,-0.00696987668714151
193.75,58.9005279541016,-0.00879102094230652
195,58.9005279541016,-0.00843099964946093
196.25,58.9005279541016,-0.0069549027074238
197.5,58.9005279541016,-0.00766618093433888
198.75,58.9005279541016,-0.0104182566983638
200,58.9005279541016,-0.0140861245843343
201.25,58.9005279541016,-0.0160752757301161
202.5,58.9005279541016,-0.0180561023840017
206.25,58.9005279541016,0.00947131228509777
207.5,58.9005279541016,0.00966034190298197
208.75,58.9005279541016,0.0098544302844113
210,58.9005279541016,0.00791909241449063
211.25,58.9005279541016,0.00497435995810414
212.5,58.9005279541016,0.00204415742183659
213.75,58.9005279541016,0.000314629596272559
215,58.9005279541016,-0.00103155052308103
216.25,58.9005279541016,-0.00300704000499519
217.5,58.9005279541016,-0.00564105978875562
218.75,58.9005279541016,-0.00871873897640652
220,58.9005279541016,-0.0120485324579658
221.25,58.9005279541016,-0.013382703602644
222.5,58.9005279541016,-0.0140206090504531
160,59.8429260253906,0.00283297759156432
161.25,59.8429260253906,0.00477981641370902
162.5,59.8429260253906,0.00532085873325645
163.75,59.8429260253906,-0.00219255864155931
165,59.8429260253906,-0.00423096429643241
166.25,59.8429260253906,-0.00460996301623703
167.5,59.8429260253906,-0.00239326910218522
168.75,59.8429260253906,0.000262832001879368
170,59.8429260253906,0.00569993278703304
171.25,59.8429260253906,0.0110887387368028
172.5,59.8429260253906,0.0130569086789713
173.75,59.8429260253906,0.0141138732996692
175,59.8429260253906,0.0142771591640674
176.25,59.8429260253906,0.0134814147444878
177.5,59.8429260253906,0.0128246379436548
178.75,59.8429260253906,0.0127009894950526
180,59.8429260253906,0.0127155313706109
181.25,59.8429260253906,0.0125023762989142
182.5,59.8429260253906,0.0113497037307398
183.75,59.8429260253906,0.00886876205740087
185,59.8429260253906,0.00729519411950859
186.25,59.8429260253906,0.00583834384482089
187.5,59.8429260253906,0.00245044917118178
188.75,59.8429260253906,-0.00129061848975285
190,59.8429260253906,-0.00406805823105074
191.25,59.8429260253906,-0.0064140180409323
192.5,59.8429260253906,-0.00804825897942036
193.75,59.8429260253906,-0.0101356828445385
195,59.8429260253906,-0.011656013749368
196.25,59.8429260253906,-0.0119690798518734
197.5,59.8429260253906,-0.0127824770400075
198.75,59.8429260253906,-0.012896193672126
206.25,59.8429260253906,0.00890493882709753
207.5,59.8429260253906,0.00901143076917642
208.75,59.8429260253906,0.00848820224648421
210,59.8429260253906,0.00715045320366692
211.25,59.8429260253906,0.00399925159575726
212.5,59.8429260253906,-0.00186833005628013
213.75,59.8429260253906,-0.00449347939495499
215,59.8429260253906,-0.006181432406812
216.25,59.8429260253906,-0.00643075066292194
217.5,59.8429260253906,-0.00639084410473233
218.75,59.8429260253906,-0.00826162338638278
220,59.8429260253906,-0.0119446343686248
221.25,59.8429260253906,-0.0138914507146099
160,60.7853393554688,0.00473779716201425
161.25,60.7853393554688,0.00645048262596931
162.5,60.7853393554688,0.00699952235030844
167.5,60.7853393554688,-0.00100939416325775
168.75,60.7853393554688,-0.000190345998076171
170,60.7853393554688,-8.91284440480944e-05
171.25,60.7853393554688,0.0127008750629027
172.5,60.7853393554688,0.0141007418023859
173.75,60.7853393554688,0.0129686636551032
175,60.7853393554688,0.0122981305816539
176.25,60.7853393554688,0.0110552642946304
177.5,60.7853393554688,0.00937352516452698
178.75,60.7853393554688,0.00819033741864411
180,60.7853393554688,0.00765634739593564
181.25,60.7853393554688,0.00693531741134934
182.5,60.7853393554688,0.00496049503273689
183.75,60.7853393554688,0.00343536768241183
185,60.7853393554688,0.00353913464932778
186.25,60.7853393554688,0.00361281329305722
187.5,60.7853393554688,0.00368763599972501
188.75,60.7853393554688,0.00168611755028227
190,60.7853393554688,-0.00208303869719201
191.25,60.7853393554688,-0.00650953861029061
192.5,60.7853393554688,-0.0109317395921176
193.75,60.7853393554688,-0.0154493512283136
195,60.7853393554688,-0.0181294237006198
212.5,60.7853393554688,-0.00563436506484783
213.75,60.7853393554688,-0.00745990720862791
215,60.7853393554688,-0.00882774319989605
216.25,60.7853393554688,-0.00823804365391415
160,61.7277526855469,0.00725731789353037
173.75,61.7277526855469,0.0118115121707474
175,61.7277526855469,0.0106336842438218
176.25,61.7277526855469,0.0101201796327347
177.5,61.7277526855469,0.00736403365994336
178.75,61.7277526855469,0.00385880247198706
180,61.7277526855469,0.00197510091699341
181.25,61.7277526855469,0.00113444795064741
182.5,61.7277526855469,0.000850009181518585
183.75,61.7277526855469,0.0012197251481969
185,61.7277526855469,0.00226187734618843
186.25,61.7277526855469,0.00311660515448856
187.5,61.7277526855469,0.0047321849867075
188.75,61.7277526855469,0.00421098718906033
190,61.7277526855469,-0.00237193963218949
191.25,61.7277526855469,-0.00950288775354203
192.5,61.7277526855469,-0.0150852022503868
193.75,61.7277526855469,-0.0200470003822982
195,61.7277526855469,-0.0205814457080951
175,62.6701507568359,0.009909495319258
176.25,62.6701507568359,0.00989986923265926
177.5,62.6701507568359,-0.00466418498088775
178.75,62.6701507568359,-0.00478157212992202
180,62.6701507568359,-0.00261162285758665
181.25,62.6701507568359,-0.00106864129739218
182.5,62.6701507568359,0.000326011588100978
183.75,62.6701507568359,0.00124426248656846
185,62.6701507568359,0.00141409192918609
186.25,62.6701507568359,0.00139706584607786
187.5,62.6701507568359,0.00109892543012327
188.75,62.6701507568359,-0.00192042027308885
190,62.6701507568359,-0.00851854319993123
191.25,62.6701507568359,-0.0151905081726312
192.5,62.6701507568359,-0.0202439567103201
193.75,62.6701507568359,-0.0241639392389024
195,62.6701507568359,-0.025347810408725
196.25,62.6701507568359,-0.0196799504978641
197.5,62.6701507568359,-0.0196799486255536
178.75,63.6125640869141,-0.00610567739176298
180,63.6125640869141,-0.00487588974584068
181.25,63.6125640869141,-0.00063555747869258
182.5,63.6125640869141,0.000833608440832745
183.75,63.6125640869141,0.000446182346469854
185,63.6125640869141,-0.000113391579950105
186.25,63.6125640869141,-0.000227566487944989
187.5,63.6125640869141,-0.00115584326419686
188.75,63.6125640869141,-0.00469861094453733
190,63.6125640869141,-0.0119920406486586
191.25,63.6125640869141,-0.0196926986325449
192.5,63.6125640869141,-0.0240468869234421
193.75,63.6125640869141,-0.0251334312472815
195,63.6125640869141,-0.0224413705307903
196.25,63.6125640869141,-0.0192428906767474
197.5,63.6125640869141,-0.0183816952281027
178.75,64.5549774169922,-0.00725751893821105
180,64.5549774169922,-0.00695212060488077
181.25,64.5549774169922,-0.00366620484886383
182.5,64.5549774169922,-0.00252011472263393
183.75,64.5549774169922,-0.00310030245177134
185,64.5549774169922,-0.00315711804722204
186.25,64.5549774169922,-0.00360130258396626
187.5,64.5549774169922,-0.00404836499659914
188.75,64.5549774169922,-0.00859407073747625
190,64.5549774169922,-0.0136876071402382
191.25,64.5549774169922,-0.0206768054102812
192.5,64.5549774169922,-0.0232508567986112
193.75,64.5549774169922,-0.0202693843736896
195,64.5549774169922,-0.0173540945100354
196.25,64.5549774169922,-0.0166028489693513
197.5,64.5549774169922,-0.0169986716233423
180,65.4973907470703,-0.00680407413005952
181.25,65.4973907470703,-0.00189671877786061
182.5,65.4973907470703,-0.00263829258563582
183.75,65.4973907470703,-0.00388280686781411
185,65.4973907470703,-0.00415362620893465
188.75,65.4973907470703,-0.0104017249579318
190,65.4973907470703,-0.0128021117955947
191.25,65.4973907470703,-0.0158783087754976
192.5,65.4973907470703,-0.0184055422274225
193.75,65.4973907470703,-0.0184032064023341
