"lon","lat","beta"
160,20.2617797851562,0.0170591349318569
161.25,20.2617797851562,0.0139199089201178
162.5,20.2617797851562,0.010181315621284
163.75,20.2617797851562,0.00575771027125551
165,20.2617797851562,0.000347961498328981
166.25,20.2617797851562,-0.00589109078706943
167.5,20.2617797851562,-0.0116102590767171
168.75,20.2617797851562,-0.0167536338208412
170,20.2617797851562,-0.0223029943378553
171.25,20.2617797851562,-0.0267384618802898
172.5,20.2617797851562,-0.0293919943919292
173.75,20.2617797851562,-0.0304610559899582
175,20.2617797851562,-0.0301565992400409
176.25,20.2617797851562,-0.0289483756453537
177.5,20.2617797851562,-0.0272914558419579
178.75,20.2617797851562,-0.0248286407876759
180,20.2617797851562,-0.0215817218752883
181.25,20.2617797851562,-0.0177530931292006
182.5,20.2617797851562,-0.0135534976444734
183.75,20.2617797851562,-0.0098692418907171
185,20.2617797851562,-0.00715933969559763
186.25,20.2617797851562,-0.00447010323879457
187.5,20.2617797851562,-0.00162797772793159
188.75,20.2617797851562,0.00104823490526382
190,20.2617797851562,0.00345823429876282
191.25,20.2617797851562,0.00625126260175427
192.5,20.2617797851562,0.0106846040032287
193.75,20.2617797851562,0.0174817274017752
195,20.2617797851562,0.0266699389877956
196.25,20.2617797851562,0.0367442152717951
197.5,20.2617797851562,0.0466928063482718
198.75,20.2617797851562,0.0560396284759376
200,20.2617797851562,0.0631673897059255
201.25,20.2617797851562,0.0670302504881201
202.5,20.2617797851562,0.0691758915797987
203.75,20.2617797851562,0.0713713389067076
205,20.2617797851562,0.0675256755588546
206.25,20.2617797851562,0.0574780153514022
207.5,20.2617797851562,0.0505111836225309
208.75,20.2617797851562,0.0478533266123249
210,20.2617797851562,0.0470725189875945
211.25,20.2617797851562,0.0458229878420547
212.5,20.2617797851562,0.0439985122323793
213.75,20.2617797851562,0.0417547456261312
215,20.2617797851562,0.0375025316448575
216.25,20.2617797851562,0.0315085902867098
217.5,20.2617797851562,0.0253531067554918
218.75,20.2617797851562,0.0199124515601941
220,20.2617797851562,0.0154833868940748
221.25,20.2617797851562,0.0118826759242724
222.5,20.2617797851562,0.00897215323849276
223.75,20.2617797851562,0.00686082641000125
225,20.2617797851562,0.00571189267332488
226.25,20.2617797851562,0.0053593920863422
227.5,20.2617797851562,0.00573329308003867
228.75,20.2617797851562,0.00668593852525944
230,20.2617797851562,0.00797254372555263
231.25,20.2617797851562,0.00864000725087311
232.5,20.2617797851562,0.0084346072998824
233.75,20.2617797851562,0.00880566698011036
235,20.2617797851562,0.0112272964262378
236.25,20.2617797851562,0.0157222477025896
237.5,20.2617797851562,0.0182030173420745
238.75,20.2617797851562,0.0160650752250365
240,20.2617797851562,0.0106533030367588
241.25,20.2617797851562,0.00497151650224691
242.5,20.2617797851562,0.000783013445268396
243.75,20.2617797851562,-0.00399417499911343
245,20.2617797851562,-0.0113607647253911
246.25,20.2617797851562,-0.019751840488059
247.5,20.2617797851562,-0.0276845842513902
248.75,20.2617797851562,-0.0280174144317017
250,20.2617797851562,-0.0180542441792186
160,21.2041854858398,0.0309325423317717
161.25,21.2041854858398,0.0284740737365841
162.5,21.2041854858398,0.0250270938662101
163.75,21.2041854858398,0.0205164825971368
165,21.2041854858398,0.0148325522568484
166.25,21.2041854858398,0.00790099414026556
167.5,21.2041854858398,0.000553051348016897
168.75,21.2041854858398,-0.00662999819979182
170,21.2041854858398,-0.0140430992601065
171.25,21.2041854858398,-0.0200174617376122
172.5,21.2041854858398,-0.0241677991794543
173.75,21.2041854858398,-0.0269217513538931
175,21.2041854858398,-0.028526694533609
176.25,21.2041854858398,-0.0288470474006526
177.5,21.2041854858398,-0.0282735393068852
178.75,21.2041854858398,-0.0266880789065798
180,21.2041854858398,-0.0239647997218063
181.25,21.2041854858398,-0.020472227622193
182.5,21.2041854858398,-0.0163490723080191
183.75,21.2041854858398,-0.0128127365286668
185,21.2041854858398,-0.0101793004878386
186.25,21.2041854858398,-0.00813598707524959
187.5,21.2041854858398,-0.00632901188897474
188.75,21.2041854858398,-0.0048126328813606
190,21.2041854858398,-0.0032917479940366
191.25,21.2041854858398,-0.000346149759895137
192.5,21.2041854858398,0.00527443439980232
193.75,21.2041854858398,0.0131121733520668
195,21.2041854858398,0.0230044953405773
196.25,21.2041854858398,0.0342608289057509
197.5,21.2041854858398,0.0454925426062357
198.75,21.2041854858398,0.0556643612174827
200,21.2041854858398,0.0630140888767171
201.25,21.2041854858398,0.0667790783155878
202.5,21.2041854858398,0.0686478070234652
203.75,21.2041854858398,0.0714420757901555
205,21.2041854858398,0.0688983412128263
206.25,21.2041854858398,0.0615541992010709
207.5,21.2041854858398,0.0549908812892731
208.75,21.2041854858398,0.0516553053779804
210,21.2041854858398,0.0505136377805779
211.25,21.2041854858398,0.0492060374138039
212.5,21.2041854858398,0.047181850703044
213.75,21.2041854858398,0.045282632056426
215,21.2041854858398,0.0412300538458573
216.25,21.2041854858398,0.0348476471278537
217.5,21.2041854858398,0.0277622117969975
218.75,21.2041854858398,0.0212717457922298
220,21.2041854858398,0.0159928052477942
221.25,21.2041854858398,0.0117654175929536
222.5,21.2041854858398,0.00838805442620025
223.75,21.2041854858398,0.00594353961710843
225,21.2041854858398,0.00459284473671038
226.25,21.2041854858398,0.00440933530642103
227.5,21.2041854858398,0.00535425168490013
228.75,21.2041854858398,0.00681471309975397
230,21.2041854858398,0.00852473933740775
231.25,21.2041854858398,0.0095466910757495
232.5,21.2041854858398,0.0103241398421183
233.75,21.2041854858398,0.0116220533641996
235,21.2041854858398,0.0139494040624327
236.25,21.2041854858398,0.0181885735577261
237.5,21.2041854858398,0.0219892499223546
238.75,21.2041854858398,0.0204545407534254
240,21.2041854858398,0.0134407253815438
241.25,21.2041854858398,0.00397388628749258
242.5,21.2041854858398,-0.00342973277649325
243.75,21.2041854858398,-0.00985301618199945
245,21.2041854858398,-0.0185787465794586
246.25,21.2041854858398,-0.0283170224265551
247.5,21.2041854858398,-0.0370208215853024
248.75,21.2041854858398,-0.037764419949013
250,21.2041854858398,-0.023384109535879
160,22.146598815918,0.0440836936626104
161.25,22.146598815918,0.0421975457888885
162.5,22.146598815918,0.0389298041564517
163.75,22.146598815918,0.0346281141555304
165,22.146598815918,0.0292726667247157
166.25,22.146598815918,0.0224395668659186
167.5,22.146598815918,0.0143031455228307
168.75,22.146598815918,0.00601811791987626
170,22.146598815918,-0.00208439736646608
171.25,22.146598815918,-0.00870462513633879
172.5,22.146598815918,-0.0138581394529491
173.75,22.146598815918,-0.0178350277127069
175,22.146598815918,-0.0206169418920889
176.25,22.146598815918,-0.0221504327391635
177.5,22.146598815918,-0.0227758070931082
178.75,22.146598815918,-0.0229241860052192
180,22.146598815918,-0.0218771752283254
181.25,22.146598815918,-0.0191325009975835
182.5,22.146598815918,-0.0151203671277182
183.75,22.146598815918,-0.0119372816344297
185,22.146598815918,-0.0103380266498614
186.25,22.146598815918,-0.0096685779708825
187.5,22.146598815918,-0.00923119634585738
188.75,22.146598815918,-0.00905881226699819
190,22.146598815918,-0.00843021148459763
191.25,22.146598815918,-0.00573575385544272
192.5,22.146598815918,0.00108584325381686
193.75,22.146598815918,0.00968128874468136
195,22.146598815918,0.0198670046977639
196.25,22.146598815918,0.031422504958412
197.5,22.146598815918,0.0433613293467993
198.75,22.146598815918,0.0539135795911018
200,22.146598815918,0.0616823346915579
201.25,22.146598815918,0.0667796187111624
202.5,22.146598815918,0.0696176419756531
203.75,22.146598815918,0.0713016936172518
205,22.146598815918,0.0695688505519003
206.25,22.146598815918,0.0645819716134255
207.5,22.146598815918,0.0593138413089527
208.75,22.146598815918,0.0558399518732057
210,22.146598815918,0.0541957074837455
211.25,22.146598815918,0.0531637463474104
212.5,22.146598815918,0.0515790429844347
213.75,22.146598815918,0.0497311237717633
215,22.146598815918,0.0457675229585612
216.25,22.146598815918,0.039654373026159
217.5,22.146598815918,0.032267360990708
218.75,22.146598815918,0.024955914746634
220,22.146598815918,0.018753060448278
221.25,22.146598815918,0.0137680659807513
222.5,22.146598815918,0.00973082633984431
223.75,22.146598815918,0.00650859089917633
225,22.146598815918,0.00429335313002106
226.25,22.146598815918,0.00355669460583946
227.5,22.146598815918,0.00447778975924226
228.75,22.146598815918,0.00570292056051671
230,22.146598815918,0.00677868956666652
231.25,22.146598815918,0.00778686203834441
232.5,22.146598815918,0.00968220328040331
233.75,22.146598815918,0.012505797667666
235,22.146598815918,0.0155020253081066
236.25,22.146598815918,0.0191685603263124
237.5,22.146598815918,0.0226534467845422
238.75,22.146598815918,0.0207172732611056
240,22.146598815918,0.0133973181929623
241.25,22.146598815918,0.00331978076172966
242.5,22.146598815918,-0.00604731787392914
243.75,22.146598815918,-0.0150667862516612
245,22.146598815918,-0.0260177352596743
246.25,22.146598815918,-0.0385672844283172
247.5,22.146598815918,-0.0482392592563754
248.75,22.146598815918,-0.0417551919185912
250,22.146598815918,-0.0247007674221223
160,23.0890045166016,0.0545334342630835
161.25,23.0890045166016,0.053320118575283
162.5,23.0890045166016,0.0505667163824253
163.75,23.0890045166016,0.0465277039625069
165,23.0890045166016,0.0416030899006366
166.25,23.0890045166016,0.0357167683455198
167.5,23.0890045166016,0.0283918665659096
168.75,23.0890045166016,0.0199409796246014
170,23.0890045166016,0.0116837136284653
171.25,23.0890045166016,0.00500196487251348
172.5,23.0890045166016,-0.000427103596140312
173.75,23.0890045166016,-0.00475336987286649
175,23.0890045166016,-0.00805854098605448
176.25,23.0890045166016,-0.0104281110512072
177.5,23.0890045166016,-0.0120270352099286
178.75,23.0890045166016,-0.0133500115389975
180,23.0890045166016,-0.0144193425205142
181.25,23.0890045166016,-0.0138425618398127
182.5,23.0890045166016,-0.0108561236512483
183.75,23.0890045166016,-0.00829568563677334
185,23.0890045166016,-0.00717291487702494
186.25,23.0890045166016,-0.00746102787012535
187.5,23.0890045166016,-0.00855933619861564
188.75,23.0890045166016,-0.0099788201018179
190,23.0890045166016,-0.0110026372066283
191.25,23.0890045166016,-0.00998680757682134
192.5,23.0890045166016,-0.00472460140789895
193.75,23.0890045166016,0.00355780061358557
195,23.0890045166016,0.0138526172848811
196.25,23.0890045166016,0.0247262067426231
197.5,23.0890045166016,0.0356579677201323
198.75,23.0890045166016,0.046023001634842
200,23.0890045166016,0.055063423987009
201.25,23.0890045166016,0.0621650134990836
202.5,23.0890045166016,0.0676184353651742
203.75,23.0890045166016,0.0705092243880259
205,23.0890045166016,0.070177769952375
206.25,23.0890045166016,0.0671017484181956
207.5,23.0890045166016,0.0630837548476231
208.75,23.0890045166016,0.0597259204692543
210,23.0890045166016,0.0575822168470345
211.25,23.0890045166016,0.0565335128928844
212.5,23.0890045166016,0.0559203408758441
213.75,23.0890045166016,0.0547460060294901
215,23.0890045166016,0.0517839653874808
216.25,23.0890045166016,0.0462171039709415
217.5,23.0890045166016,0.0392353668774842
218.75,23.0890045166016,0.0317566261986329
220,23.0890045166016,0.0248847818772907
221.25,23.0890045166016,0.0190658849762021
222.5,23.0890045166016,0.0141341589972844
223.75,23.0890045166016,0.0100527475068079
225,23.0890045166016,0.00672464974887221
226.25,23.0890045166016,0.00479742712557735
227.5,23.0890045166016,0.00417616119790253
228.75,23.0890045166016,0.00362805332586042
230,23.0890045166016,0.00306245576891254
231.25,23.0890045166016,0.00384297105076228
232.5,23.0890045166016,0.00671601200677159
233.75,23.0890045166016,0.010799159457216
235,23.0890045166016,0.0147761446827098
236.25,23.0890045166016,0.0182584080982859
237.5,23.0890045166016,0.0212603154727866
238.75,23.0890045166016,0.0193879391589302
240,23.0890045166016,0.0130438414672633
241.25,23.0890045166016,0.00330813977755891
242.5,23.0890045166016,-0.00761976977391222
243.75,23.0890045166016,-0.0201453576925673
245,23.0890045166016,-0.0349131015274505
246.25,23.0890045166016,-0.0497414652545341
247.5,23.0890045166016,-0.0557211151440693
248.75,23.0890045166016,-0.0475143661031193
250,23.0890045166016,-0.0242788619267561
160,24.0314178466797,0.0601385338928987
161.25,24.0314178466797,0.058993278796144
162.5,24.0314178466797,0.0565260749183513
163.75,24.0314178466797,0.0536791037711358
165,24.0314178466797,0.0504604239347247
166.25,24.0314178466797,0.0463498219401084
167.5,24.0314178466797,0.0405642112416927
168.75,24.0314178466797,0.0329632032579274
170,24.0314178466797,0.0253983251409635
171.25,24.0314178466797,0.0192692115376077
172.5,24.0314178466797,0.0140723354953639
173.75,24.0314178466797,0.00993869555426627
175,24.0314178466797,0.00680674596585273
176.25,24.0314178466797,0.00419837089286145
177.5,24.0314178466797,0.00177017264152035
178.75,24.0314178466797,-0.000449804699441366
180,24.0314178466797,-0.00284081809922387
181.25,24.0314178466797,-0.00474547995890235
182.5,24.0314178466797,-0.004527173656723
183.75,24.0314178466797,-0.0033868561787561
185,24.0314178466797,-0.0022695814376879
186.25,24.0314178466797,-0.00253426244620333
187.5,24.0314178466797,-0.00453931732391901
188.75,24.0314178466797,-0.00739398474062508
190,24.0314178466797,-0.0101398823009225
191.25,24.0314178466797,-0.0119027389824318
192.5,24.0314178466797,-0.0111129612537719
193.75,24.0314178466797,-0.0064776301045079
195,24.0314178466797,0.00178350055056296
196.25,24.0314178466797,0.0125666615598823
197.5,24.0314178466797,0.0242448759153105
198.75,24.0314178466797,0.0352775725959979
200,24.0314178466797,0.044705999816789
201.25,24.0314178466797,0.0528703006170969
202.5,24.0314178466797,0.0610555752007305
203.75,24.0314178466797,0.0676635364161778
205,24.0314178466797,0.0703493700749476
206.25,24.0314178466797,0.0694340237502476
207.5,24.0314178466797,0.0665113138207192
208.75,24.0314178466797,0.0632591881000059
210,24.0314178466797,0.0608045878911458
211.25,24.0314178466797,0.0598469648633851
212.5,24.0314178466797,0.0601934100734971
213.75,24.0314178466797,0.0603031601847191
215,24.0314178466797,0.0586978404108665
216.25,24.0314178466797,0.0540311417892522
217.5,24.0314178466797,0.0474831099403443
218.75,24.0314178466797,0.0400946741652735
220,24.0314178466797,0.0331586069857612
221.25,24.0314178466797,0.0270278047041319
222.5,24.0314178466797,0.0214882442358756
223.75,24.0314178466797,0.016694957039647
225,24.0314178466797,0.0125485968991593
226.25,24.0314178466797,0.00904134671512812
227.5,24.0314178466797,0.00576292531559905
228.75,24.0314178466797,0.00218957490107666
230,24.0314178466797,-0.000920348131294495
231.25,24.0314178466797,-0.00100814578719789
232.5,24.0314178466797,0.00271348845639042
233.75,24.0314178466797,0.00801614461831433
235,24.0314178466797,0.0128051133131943
236.25,24.0314178466797,0.0161017357109999
237.5,24.0314178466797,0.0183773065452559
238.75,24.0314178466797,0.0173060418054441
240,24.0314178466797,0.0119655132609453
241.25,24.0314178466797,0.00234387987105829
242.5,24.0314178466797,-0.0104919612493443
243.75,24.0314178466797,-0.0266615677468219
245,24.0314178466797,-0.044212502280358
246.25,24.0314178466797,-0.0572242019920844
247.5,24.0314178466797,-0.0600830094327758
248.75,24.0314178466797,-0.0520269997750609
250,24.0314178466797,-0.0193396000329872
160,24.9738235473633,0.0596689067718885
161.25,24.9738235473633,0.0571821403777043
162.5,24.9738235473633,0.0550272704220103
163.75,24.9738235473633,0.0539647004531386
165,24.9738235473633,0.0534048070808423
166.25,24.9738235473633,0.0517176177219896
167.5,24.9738235473633,0.0483559569333561
168.75,24.9738235473633,0.0428313973937109
170,24.9738235473633,0.0365682222127269
171.25,24.9738235473633,0.0307668756630872
172.5,24.9738235473633,0.026065361933278
173.75,24.9738235473633,0.0226068444856667
175,24.9738235473633,0.0203264078882094
176.25,24.9738235473633,0.0187962614738034
177.5,24.9738235473633,0.0170772855649767
178.75,24.9738235473633,0.0138939032869483
180,24.9738235473633,0.0099149299624332
181.25,24.9738235473633,0.00531147545428465
182.5,24.9738235473633,0.00241248545416516
183.75,24.9738235473633,0.00146457058656494
185,24.9738235473633,0.00219732574322755
186.25,24.9738235473633,0.00230542936342411
187.5,24.9738235473633,0.000543909834152723
188.75,24.9738235473633,-0.00261686119994731
190,24.9738235473633,-0.00666817103049386
191.25,24.9738235473633,-0.00984748246326535
192.5,24.9738235473633,-0.0125535654440506
193.75,24.9738235473633,-0.0130566417312106
195,24.9738235473633,-0.0107637755135898
196.25,24.9738235473633,-0.00506180037086946
197.5,24.9738235473633,0.00467093145433933
198.75,24.9738235473633,0.0180022225153128
200,24.9738235473633,0.0319151047621212
201.25,24.9738235473633,0.0431142511106281
202.5,24.9738235473633,0.0517642075948476
203.75,24.9738235473633,0.0599882838708562
205,24.9738235473633,0.0666548589002407
206.25,24.9738235473633,0.0696173714690687
207.5,24.9738235473633,0.0695045874826122
208.75,24.9738235473633,0.0673938430364664
210,24.9738235473633,0.0647406503584416
211.25,24.9738235473633,0.0635296148631624
212.5,24.9738235473633,0.0641181954084894
213.75,24.9738235473633,0.0652253371908845
215,24.9738235473633,0.0653110426820474
216.25,24.9738235473633,0.0614037182179904
217.5,24.9738235473633,0.0555856947110409
218.75,24.9738235473633,0.0483975689376207
220,24.9738235473633,0.0416414327318342
221.25,24.9738235473633,0.0358220062573141
222.5,24.9738235473633,0.0304691298164241
223.75,24.9738235473633,0.0254186443082452
225,24.9738235473633,0.0206236333506899
226.25,24.9738235473633,0.0158471102270713
227.5,24.9738235473633,0.0100263106021291
228.75,24.9738235473633,0.00339859087035499
230,24.9738235473633,-0.00262462687186502
231.25,24.9738235473633,-0.00450733706105435
232.5,24.9738235473633,-0.000729548012391678
233.75,24.9738235473633,0.00597933225923625
235,24.9738235473633,0.0114707882435036
236.25,24.9738235473633,0.0143356640425015
237.5,24.9738235473633,0.0153366418889861
238.75,24.9738235473633,0.0143648861822215
240,24.9738235473633,0.00909050897767495
241.25,24.9738235473633,-0.00128145914400181
242.5,24.9738235473633,-0.0161221887438955
243.75,24.9738235473633,-0.0344193090962554
245,24.9738235473633,-0.0511925703361328
246.25,24.9738235473633,-0.0602664233362425
247.5,24.9738235473633,-0.0609960027435625
248.75,24.9738235473633,-0.0572475090171322
250,24.9738235473633,-0.0247934078110217
160,25.9162292480469,0.0593070808319107
161.25,25.9162292480469,0.0556422923713829
162.5,25.9162292480469,0.0524401462016726
163.75,25.9162292480469,0.0509412707709875
165,25.9162292480469,0.0508166519102487
166.25,25.9162292480469,0.0505064077136149
167.5,25.9162292480469,0.0493051171834453
168.75,25.9162292480469,0.0469261301508135
170,25.9162292480469,0.0426222179079148
171.25,25.9162292480469,0.0371971659882707
172.5,25.9162292480469,0.0326076692259866
173.75,25.9162292480469,0.0295265469749359
175,25.9162292480469,0.0279627960450973
176.25,25.9162292480469,0.0275088311975638
177.5,25.9162292480469,0.0270931592706133
178.75,25.9162292480469,0.0249414357685421
180,25.9162292480469,0.0209230055172792
181.25,25.9162292480469,0.0160737599318293
182.5,25.9162292480469,0.0117279327540495
183.75,25.9162292480469,0.00804170713906586
185,25.9162292480469,0.00615197663233448
186.25,25.9162292480469,0.00544346477021855
187.5,25.9162292480469,0.00484780730762939
188.75,25.9162292480469,0.00301196274414614
190,25.9162292480469,-0.000788669056737148
191.25,25.9162292480469,-0.00492801913764856
192.5,25.9162292480469,-0.00841251130488049
193.75,25.9162292480469,-0.0110713735926206
195,25.9162292480469,-0.0130690682814244
196.25,25.9162292480469,-0.0138538066230889
197.5,25.9162292480469,-0.0109239540357823
198.75,25.9162292480469,-0.00249328704691591
200,25.9162292480469,0.00987443066669038
201.25,25.9162292480469,0.0233942657750826
202.5,25.9162292480469,0.0360958904910161
203.75,25.9162292480469,0.0470731379998809
205,25.9162292480469,0.0562233865298584
206.25,25.9162292480469,0.0626071936049638
207.5,25.9162292480469,0.0661090647756093
208.75,25.9162292480469,0.0672923500893089
210,25.9162292480469,0.0668103760073892
211.25,25.9162292480469,0.066138571443236
212.5,25.9162292480469,0.0667580643578628
213.75,25.9162292480469,0.0689155383299608
215,25.9162292480469,0.0708185838737668
216.25,25.9162292480469,0.0690751551621579
217.5,25.9162292480469,0.0645370828394224
218.75,25.9162292480469,0.0578741427816172
220,25.9162292480469,0.0511066972412027
221.25,25.9162292480469,0.0454688459233416
222.5,25.9162292480469,0.0405482507307795
223.75,25.9162292480469,0.0359911226809274
225,25.9162292480469,0.0312073932475676
226.25,25.9162292480469,0.0258655549433836
227.5,25.9162292480469,0.0185352115105831
228.75,25.9162292480469,0.00944922244090566
230,25.9162292480469,0.000403132436348534
231.25,25.9162292480469,-0.00437618338731302
232.5,25.9162292480469,-0.0025041326583107
233.75,25.9162292480469,0.00448984494821698
235,25.9162292480469,0.0108692155708598
236.25,25.9162292480469,0.0135002098057038
237.5,25.9162292480469,0.0137338489907882
238.75,25.9162292480469,0.011505265127413
240,25.9162292480469,0.00525998364898084
241.25,25.9162292480469,-0.00675010664370469
242.5,25.9162292480469,-0.0231762659165176
243.75,25.9162292480469,-0.0408524802025625
245,25.9162292480469,-0.0534314019731318
246.25,25.9162292480469,-0.0580603923332915
247.5,25.9162292480469,-0.0598655426776198
248.75,25.9162292480469,-0.0498914337232343
250,25.9162292480469,-0.0329340417912221
160,26.858642578125,0.0555156656054782
161.25,26.858642578125,0.0558059048419675
162.5,26.858642578125,0.0542480889216837
163.75,26.858642578125,0.0520497053168459
165,26.858642578125,0.0501520930514653
166.25,26.858642578125,0.0485893221973869
167.5,26.858642578125,0.0473373283680738
168.75,26.858642578125,0.0465359412145236
170,26.858642578125,0.0442462009573378
171.25,26.858642578125,0.0397544175056986
172.5,26.858642578125,0.0359196808187723
173.75,26.858642578125,0.0331940807151818
175,26.858642578125,0.0314322316199048
176.25,26.858642578125,0.0309546256274803
177.5,26.858642578125,0.0308738520577184
178.75,26.858642578125,0.0295931940893851
180,26.858642578125,0.0272424536460345
181.25,26.858642578125,0.0246782493792074
182.5,26.858642578125,0.0217822126809169
183.75,26.858642578125,0.017639797847563
185,26.858642578125,0.013600485229326
186.25,26.858642578125,0.0104717163641724
187.5,26.858642578125,0.00857124122100168
188.75,26.858642578125,0.00726016141066524
190,26.858642578125,0.00525716436999744
191.25,26.858642578125,0.00176848373388387
192.5,26.858642578125,-0.0022534600684193
193.75,26.858642578125,-0.00517552082973713
195,26.858642578125,-0.00771688724663076
196.25,26.858642578125,-0.0114824608606834
197.5,26.858642578125,-0.0142874182544738
198.75,26.858642578125,-0.0127657987180428
200,26.858642578125,-0.00606127317557269
201.25,26.858642578125,0.00399083827156339
202.5,26.858642578125,0.0152953354382242
203.75,26.858642578125,0.0271650813813885
205,26.858642578125,0.039197039606547
206.25,26.858642578125,0.0484045495100524
207.5,26.858642578125,0.0546328752529449
208.75,26.858642578125,0.0584760554201703
210,26.858642578125,0.0607208088638149
211.25,26.858642578125,0.062274102486345
212.5,26.858642578125,0.0644855023668444
213.75,26.858642578125,0.0677843039343825
215,26.858642578125,0.0716143838942514
216.25,26.858642578125,0.0740921681471984
217.5,26.858642578125,0.073425900872976
218.75,26.858642578125,0.069347043089498
220,26.858642578125,0.063020427867758
221.25,26.858642578125,0.0569375618589845
222.5,26.858642578125,0.0519194730059607
223.75,26.858642578125,0.0476365709125133
225,26.858642578125,0.0432011199278434
226.25,26.858642578125,0.0379659403309848
227.5,26.858642578125,0.0306722124017587
228.75,26.858642578125,0.0209643312535688
230,26.858642578125,0.010376897835641
231.25,26.858642578125,0.00192448815139611
232.5,26.858642578125,-0.000606268848363926
233.75,26.858642578125,0.00400774989967895
235,26.858642578125,0.010320601665837
236.25,26.858642578125,0.0135616446413223
237.5,26.858642578125,0.0145730256910615
238.75,26.858642578125,0.0118121269370186
240,26.858642578125,0.00386657017976572
241.25,26.858642578125,-0.0106667635042644
242.5,26.858642578125,-0.0283766135007265
243.75,26.858642578125,-0.0431157693046652
245,26.858642578125,-0.0499453706514694
246.25,26.858642578125,-0.0530882203280005
247.5,26.858642578125,-0.0647947689163887
248.75,26.858642578125,-0.05153383697994
250,26.858642578125,-0.0428988625632356
160,27.8010482788086,0.0474115420019828
161.25,27.8010482788086,0.0506683512466327
162.5,27.8010482788086,0.0527343742410014
163.75,27.8010482788086,0.0536576038690189
165,27.8010482788086,0.0529268047915119
166.25,27.8010482788086,0.0504481514553432
167.5,27.8010482788086,0.0476826321010512
168.75,27.8010482788086,0.045761397506408
170,27.8010482788086,0.0434607333935912
171.25,27.8010482788086,0.0403043338225652
172.5,27.8010482788086,0.0372720295913637
173.75,27.8010482788086,0.0348220580108988
175,27.8010482788086,0.0328600116276939
176.25,27.8010482788086,0.0314146422822146
177.5,27.8010482788086,0.0304889775871825
178.75,27.8010482788086,0.0298434490053973
180,27.8010482788086,0.0293493877579044
181.25,27.8010482788086,0.0292947002879633
182.5,27.8010482788086,0.0288914467856517
183.75,27.8010482788086,0.0269409464430991
185,27.8010482788086,0.0235118753049389
186.25,27.8010482788086,0.0195892725444362
187.5,27.8010482788086,0.0160642152210067
188.75,27.8010482788086,0.013372234149712
190,27.8010482788086,0.0109896578851782
191.25,27.8010482788086,0.00786518344225857
192.5,27.8010482788086,0.00392991345578887
193.75,27.8010482788086,0.00103626692981496
195,27.8010482788086,-0.000484863419220569
196.25,27.8010482788086,-0.00410572553826979
197.5,27.8010482788086,-0.0092381050151176
198.75,27.8010482788086,-0.0129901218644856
200,27.8010482788086,-0.0131920560394169
201.25,27.8010482788086,-0.00953958022606467
202.5,27.8010482788086,-0.00277760509659668
203.75,27.8010482788086,0.00674753693092809
205,27.8010482788086,0.018787855596675
206.25,27.8010482788086,0.0296541462012917
207.5,27.8010482788086,0.0387801233248331
208.75,27.8010482788086,0.0449981506966984
210,27.8010482788086,0.0483108170958227
211.25,27.8010482788086,0.0509512058376768
212.5,27.8010482788086,0.0546161344792704
213.75,27.8010482788086,0.0593451654564593
215,27.8010482788086,0.0645007148761133
216.25,27.8010482788086,0.0701189372982571
217.5,27.8010482788086,0.0736290561766206
218.75,27.8010482788086,0.0739204289037678
220,27.8010482788086,0.0710650958992705
221.25,27.8010482788086,0.0667569585723322
222.5,27.8010482788086,0.0628911511083402
223.75,27.8010482788086,0.0596538855683758
225,27.8010482788086,0.0558670089058863
226.25,27.8010482788086,0.0511629398656258
227.5,27.8010482788086,0.0444780081252074
228.75,27.8010482788086,0.035753000838439
230,27.8010482788086,0.0254546600625067
231.25,27.8010482788086,0.0148205031942921
232.5,27.8010482788086,0.00678414154672969
233.75,27.8010482788086,0.00588555514662688
235,27.8010482788086,0.0104903825316326
236.25,27.8010482788086,0.0137626047329357
237.5,27.8010482788086,0.0156689248137534
238.75,27.8010482788086,0.0139394049255905
240,27.8010482788086,0.00520001274378276
241.25,27.8010482788086,-0.0118239482590425
242.5,27.8010482788086,-0.0292879758748739
243.75,27.8010482788086,-0.0401840419705879
245,27.8010482788086,-0.0406308986257584
246.25,27.8010482788086,-0.0381262628990248
247.5,27.8010482788086,-0.0582652729197969
248.75,27.8010482788086,-0.0543911639921669
250,27.8010482788086,-0.0488962100902589
160,28.7434539794922,0.0404424452159345
161.25,28.7434539794922,0.0437703734868363
162.5,28.7434539794922,0.0464784174201487
163.75,28.7434539794922,0.0488050746888941
165,28.7434539794922,0.0503953196500324
166.25,28.7434539794922,0.0500477686600793
167.5,28.7434539794922,0.0470834695949783
168.75,28.7434539794922,0.0432645305749019
170,28.7434539794922,0.0399653500108066
171.25,28.7434539794922,0.0376418772682555
172.5,28.7434539794922,0.0353404878131664
173.75,28.7434539794922,0.0335969611705142
175,28.7434539794922,0.0317198506583013
176.25,28.7434539794922,0.0295382589319016
177.5,28.7434539794922,0.0277701778608919
178.75,28.7434539794922,0.0272622515514346
180,28.7434539794922,0.0279693629909416
181.25,28.7434539794922,0.0295367952265206
182.5,28.7434539794922,0.0307826448648707
183.75,28.7434539794922,0.0305838614223287
185,28.7434539794922,0.029237128456995
186.25,28.7434539794922,0.0275293853606736
187.5,28.7434539794922,0.0251751150103504
188.75,28.7434539794922,0.021918849824668
190,28.7434539794922,0.0184487267636541
191.25,28.7434539794922,0.0153826235372112
192.5,28.7434539794922,0.0122769749646042
193.75,28.7434539794922,0.00971951693205413
195,28.7434539794922,0.00849193742076923
196.25,28.7434539794922,0.00535007867571017
197.5,28.7434539794922,2.21945073983258e-06
198.75,28.7434539794922,-0.00622708250884027
200,28.7434539794922,-0.0111812065897618
201.25,28.7434539794922,-0.0134665043843139
202.5,28.7434539794922,-0.0125791069457856
203.75,28.7434539794922,-0.00759275842690298
205,28.7434539794922,0.00159913176478563
206.25,28.7434539794922,0.0120969440973057
207.5,28.7434539794922,0.0221833886043396
208.75,28.7434539794922,0.0302965981986939
210,28.7434539794922,0.0352881536560646
211.25,28.7434539794922,0.0382491181963059
212.5,28.7434539794922,0.0413048574950827
213.75,28.7434539794922,0.045895617102876
215,28.7434539794922,0.0514821241469498
216.25,28.7434539794922,0.057893421622763
217.5,28.7434539794922,0.0640499408185654
218.75,28.7434539794922,0.0680749111242934
220,28.7434539794922,0.0696726612270366
221.25,28.7434539794922,0.0691779584859527
222.5,28.7434539794922,0.0682701081758012
223.75,28.7434539794922,0.0673868994497559
225,28.7434539794922,0.0657132287656817
226.25,28.7434539794922,0.0627363924406943
227.5,28.7434539794922,0.0579255325135403
228.75,28.7434539794922,0.0504985320320257
230,28.7434539794922,0.0412980996237764
231.25,28.7434539794922,0.0306540584036607
232.5,28.7434539794922,0.0194225517855299
233.75,28.7434539794922,0.0120018758059832
235,28.7434539794922,0.0121271360117923
236.25,28.7434539794922,0.0141674104106215
237.5,28.7434539794922,0.0164285281156263
238.75,28.7434539794922,0.0155690983599258
240,28.7434539794922,0.00615889480125697
241.25,28.7434539794922,-0.011361663317124
242.5,28.7434539794922,-0.0270863644035394
243.75,28.7434539794922,-0.0351897600495378
245,28.7434539794922,-0.0328488719250747
246.25,28.7434539794922,-0.0267081326787404
160,29.6858673095703,0.0328756151348262
161.25,29.6858673095703,0.0364181206358944
162.5,29.6858673095703,0.0379678731172619
163.75,29.6858673095703,0.0396122034691961
165,29.6858673095703,0.0421447362521387
166.25,29.6858673095703,0.0433645387610924
167.5,29.6858673095703,0.0421376213654454
168.75,29.6858673095703,0.0384283335004685
170,29.6858673095703,0.0336981149700472
171.25,29.6858673095703,0.031281927337682
172.5,29.6858673095703,0.0302088831571003
173.75,29.6858673095703,0.0298587283178614
175,29.6858673095703,0.0288006840439069
176.25,29.6858673095703,0.0267077358649802
177.5,29.6858673095703,0.024630965149
178.75,29.6858673095703,0.023820436845852
180,29.6858673095703,0.0246803959854596
181.25,29.6858673095703,0.0269020122040416
182.5,29.6858673095703,0.0291786194152598
183.75,29.6858673095703,0.0296608942327438
185,29.6858673095703,0.029938149361437
186.25,29.6858673095703,0.0310668795676343
187.5,29.6858673095703,0.0314322539517558
188.75,29.6858673095703,0.0295091676036317
190,29.6858673095703,0.0267456450159992
191.25,29.6858673095703,0.0248850464200244
192.5,29.6858673095703,0.0233887573224078
193.75,29.6858673095703,0.0220725704792156
195,29.6858673095703,0.0205588807151755
196.25,29.6858673095703,0.0171798481249118
197.5,29.6858673095703,0.0120093232561176
198.75,29.6858673095703,0.00519158687139069
200,29.6858673095703,-0.00258692299337788
201.25,29.6858673095703,-0.00974540690238297
202.5,29.6858673095703,-0.0142674425763348
203.75,29.6858673095703,-0.014712587429362
205,29.6858673095703,-0.0101362825869358
206.25,29.6858673095703,-0.00161080202957238
207.5,29.6858673095703,0.00833758244150739
208.75,29.6858673095703,0.0179029718147279
210,29.6858673095703,0.0249848068643316
211.25,29.6858673095703,0.0293297536500068
212.5,29.6858673095703,0.0320414328755223
213.75,29.6858673095703,0.0349501577950071
215,29.6858673095703,0.0394523136321831
216.25,29.6858673095703,0.0447272754490179
217.5,29.6858673095703,0.0502525701835466
218.75,29.6858673095703,0.0552140499905675
220,29.6858673095703,0.0594509777750227
221.25,29.6858673095703,0.0630905904954506
222.5,29.6858673095703,0.0669883367974028
223.75,29.6858673095703,0.0701639995788568
225,29.6858673095703,0.0715467550077837
226.25,29.6858673095703,0.0706628675332688
227.5,29.6858673095703,0.067723020071093
228.75,29.6858673095703,0.0620220430706754
230,29.6858673095703,0.0548976671792155
231.25,29.6858673095703,0.0462792853641341
232.5,29.6858673095703,0.0348838169230265
233.75,29.6858673095703,0.0228377727866415
235,29.6858673095703,0.0166680876611972
236.25,29.6858673095703,0.0153421937443364
237.5,29.6858673095703,0.0162759906701604
238.75,29.6858673095703,0.0154518351148165
240,29.6858673095703,0.00552792647116251
241.25,29.6858673095703,-0.0107584213925554
242.5,29.6858673095703,-0.0234618404134171
243.75,29.6858673095703,-0.0297071375543632
245,29.6858673095703,-0.0318477568773005
160,30.6282730102539,0.0231067678191116
161.25,30.6282730102539,0.0281696315972428
162.5,30.6282730102539,0.0303424334893931
163.75,30.6282730102539,0.0315784677447207
165,30.6282730102539,0.0341539567155903
166.25,30.6282730102539,0.0363209123117806
167.5,30.6282730102539,0.0366977300919788
168.75,30.6282730102539,0.034262311284295
170,30.6282730102539,0.0299624768607189
171.25,30.6282730102539,0.0268020510695455
172.5,30.6282730102539,0.0255254030265279
173.75,30.6282730102539,0.0257496153954637
175,30.6282730102539,0.0254057577839028
176.25,30.6282730102539,0.0239788571470577
177.5,30.6282730102539,0.0222214070234491
178.75,30.6282730102539,0.0211180922146029
180,30.6282730102539,0.0215243826473842
181.25,30.6282730102539,0.023678088983832
182.5,30.6282730102539,0.0266464006363963
183.75,30.6282730102539,0.0282819923806108
185,30.6282730102539,0.0305837839852038
186.25,30.6282730102539,0.0343214310930585
187.5,30.6282730102539,0.0367782277318033
188.75,30.6282730102539,0.0363131854287918
190,30.6282730102539,0.0347214599709187
191.25,30.6282730102539,0.0337734082106678
192.5,30.6282730102539,0.0330003134511355
193.75,30.6282730102539,0.032065399347661
195,30.6282730102539,0.0308458721441799
196.25,30.6282730102539,0.0275223979160315
197.5,30.6282730102539,0.0230542166998425
198.75,30.6282730102539,0.0173870531556494
200,30.6282730102539,0.00966995391016136
201.25,30.6282730102539,0.00061875149777759
202.5,30.6282730102539,-0.00756817809630982
203.75,30.6282730102539,-0.0135008306426523
205,30.6282730102539,-0.0153890897294463
206.25,30.6282730102539,-0.0114422577375333
207.5,30.6282730102539,-0.00330357980099742
208.75,30.6282730102539,0.00600975762328014
210,30.6282730102539,0.0145781015657321
211.25,30.6282730102539,0.021016773763902
212.5,30.6282730102539,0.0252661677502045
213.75,30.6282730102539,0.02836243698351
215,30.6282730102539,0.0318177111220135
216.25,30.6282730102539,0.0359607335225049
217.5,30.6282730102539,0.0395638905085066
218.75,30.6282730102539,0.0417127436113097
220,30.6282730102539,0.0447734504340423
221.25,30.6282730102539,0.0504146098627488
222.5,30.6282730102539,0.05866682258984
223.75,30.6282730102539,0.0667909418049071
225,30.6282730102539,0.0722230963520413
226.25,30.6282730102539,0.0740521052398734
227.5,30.6282730102539,0.0730481753125922
228.75,30.6282730102539,0.0696577682286596
230,30.6282730102539,0.064464647059159
231.25,30.6282730102539,0.0578436126721064
232.5,30.6282730102539,0.0477316309218955
233.75,30.6282730102539,0.0346317775875923
235,30.6282730102539,0.0236594363593689
236.25,30.6282730102539,0.0172406096522561
237.5,30.6282730102539,0.0153780455758586
238.75,30.6282730102539,0.0137359518511909
240,30.6282730102539,0.0040523489480713
241.25,30.6282730102539,-0.00997595587654756
242.5,30.6282730102539,-0.0184358118474587
243.75,30.6282730102539,-0.021134243336001
160,31.5706787109375,0.00886794040072594
161.25,31.5706787109375,0.0136132807616918
162.5,31.5706787109375,0.0187490267678543
163.75,31.5706787109375,0.0227741591483981
165,31.5706787109375,0.0267042877857904
166.25,31.5706787109375,0.0306458294580955
167.5,31.5706787109375,0.0332210040900839
168.75,31.5706787109375,0.0330684612466516
170,31.5706787109375,0.0298190194510453
171.25,31.5706787109375,0.0263638485219297
172.5,31.5706787109375,0.0255784893263694
173.75,31.5706787109375,0.025824461115759
175,31.5706787109375,0.0248749514455798
176.25,31.5706787109375,0.0233486797195863
177.5,31.5706787109375,0.0222182982187838
178.75,31.5706787109375,0.0215150996430266
180,31.5706787109375,0.0217570226145256
181.25,31.5706787109375,0.0232725556486907
182.5,31.5706787109375,0.0253801972849087
183.75,31.5706787109375,0.0284596193265185
185,31.5706787109375,0.0340155368271993
186.25,31.5706787109375,0.0402039137623812
187.5,31.5706787109375,0.0441118299356775
188.75,31.5706787109375,0.0451710816464014
190,31.5706787109375,0.0450948231095051
191.25,31.5706787109375,0.0447645830136228
192.5,31.5706787109375,0.0440096886561313
193.75,31.5706787109375,0.0426576340534931
195,31.5706787109375,0.040279785410102
196.25,31.5706787109375,0.0364914055907609
197.5,31.5706787109375,0.0320567941603422
198.75,31.5706787109375,0.0267590374570531
200,31.5706787109375,0.0195976128886517
201.25,31.5706787109375,0.0108557871361344
202.5,31.5706787109375,0.00191199025643669
203.75,31.5706787109375,-0.00647193681776482
205,31.5706787109375,-0.0129809828573258
206.25,31.5706787109375,-0.0147008469092116
207.5,31.5706787109375,-0.0107018091436136
208.75,31.5706787109375,-0.00396156749692285
210,31.5706787109375,0.003947616111176
211.25,31.5706787109375,0.0113701817339952
212.5,31.5706787109375,0.0174353189025032
213.75,31.5706787109375,0.0219106768881599
215,31.5706787109375,0.0252059374163819
216.25,31.5706787109375,0.0284757626703517
217.5,31.5706787109375,0.0311666976427685
218.75,31.5706787109375,0.0320385551733774
220,31.5706787109375,0.033363304719319
221.25,31.5706787109375,0.0380744725269271
222.5,31.5706787109375,0.0471060470723524
223.75,31.5706787109375,0.0579448666155476
225,31.5706787109375,0.0669605604971316
226.25,31.5706787109375,0.0718448365059162
227.5,31.5706787109375,0.0732268620262535
228.75,31.5706787109375,0.07248703620831
230,31.5706787109375,0.0694386373606313
231.25,31.5706787109375,0.0649597727192984
232.5,31.5706787109375,0.0566248556689804
233.75,31.5706787109375,0.0437843286034956
235,31.5706787109375,0.0300110979488631
236.25,31.5706787109375,0.0197477906906336
237.5,31.5706787109375,0.0153854821214594
238.75,31.5706787109375,0.0120440548240844
240,31.5706787109375,0.00330670646224348
241.25,31.5706787109375,-0.00727233554984199
242.5,31.5706787109375,-0.0126863529043816
243.75,31.5706787109375,-0.0179596523861724
160,32.5130920410156,0.00114413452516364
161.25,32.5130920410156,0.00237705115430021
162.5,32.5130920410156,0.00697533120861662
163.75,32.5130920410156,0.0129974618536904
165,32.5130920410156,0.0187898258085299
166.25,32.5130920410156,0.025132306228085
167.5,32.5130920410156,0.0306330056452901
168.75,32.5130920410156,0.0329012835193261
170,32.5130920410156,0.0315779288918873
171.25,32.5130920410156,0.0294926597906351
172.5,32.5130920410156,0.029248667656712
173.75,32.5130920410156,0.0295860312559055
175,32.5130920410156,0.0284578114430276
176.25,32.5130920410156,0.0262772051553835
177.5,32.5130920410156,0.0249189784472791
178.75,32.5130920410156,0.0245930545425767
180,32.5130920410156,0.0251064164604558
181.25,32.5130920410156,0.0258822390339586
182.5,32.5130920410156,0.0267686785272986
183.75,32.5130920410156,0.0309073032936445
185,32.5130920410156,0.0385660253442555
186.25,32.5130920410156,0.0457372523579395
187.5,32.5130920410156,0.050067013711715
188.75,32.5130920410156,0.0521852678402851
190,32.5130920410156,0.0535552021572364
191.25,32.5130920410156,0.0544860332195563
192.5,32.5130920410156,0.0546079420682666
193.75,32.5130920410156,0.0535142683399231
195,32.5130920410156,0.0506647545455176
196.25,32.5130920410156,0.0464155307618642
197.5,32.5130920410156,0.0411189129365735
198.75,32.5130920410156,0.0350343687109238
200,32.5130920410156,0.0277705110821657
201.25,32.5130920410156,0.0195369933450703
202.5,32.5130920410156,0.0109222710105687
203.75,32.5130920410156,0.00168673693619723
205,32.5130920410156,-0.00706848823961702
206.25,32.5130920410156,-0.0118544211999388
207.5,32.5130920410156,-0.0114339789354967
208.75,32.5130920410156,-0.00787127029803404
210,32.5130920410156,-0.00280891990951339
211.25,32.5130920410156,0.00274449759478189
212.5,32.5130920410156,0.00833243897914008
213.75,32.5130920410156,0.0138191673569813
215,32.5130920410156,0.0181019963921752
216.25,32.5130920410156,0.0210771084678148
217.5,32.5130920410156,0.0231784615775928
218.75,32.5130920410156,0.0237068656344309
220,32.5130920410156,0.0244610831892901
221.25,32.5130920410156,0.02893070913678
222.5,32.5130920410156,0.0381172505138785
223.75,32.5130920410156,0.0497138100737153
225,32.5130920410156,0.0597251956218118
226.25,32.5130920410156,0.0664282362781017
227.5,32.5130920410156,0.0703037710609842
228.75,32.5130920410156,0.071750277756398
230,32.5130920410156,0.0708329785014637
231.25,32.5130920410156,0.0676819256687499
232.5,32.5130920410156,0.0609619969836814
233.75,32.5130920410156,0.04973819516406
235,32.5130920410156,0.0352643956054369
236.25,32.5130920410156,0.0219774567518445
237.5,32.5130920410156,0.0145502790513037
238.75,32.5130920410156,0.00884976575982614
240,32.5130920410156,0.00165379163210933
241.25,32.5130920410156,-0.00437888435632792
242.5,32.5130920410156,-0.00633213371537518
160,33.4554977416992,0.00148369089609804
161.25,33.4554977416992,-0.00109225539273385
162.5,33.4554977416992,6.64049508197075e-05
163.75,33.4554977416992,0.00504136539399443
165,33.4554977416992,0.0107323190555383
166.25,33.4554977416992,0.0169298256858785
167.5,33.4554977416992,0.0236841607834102
168.75,33.4554977416992,0.0281886182826418
170,33.4554977416992,0.0296416649128988
171.25,33.4554977416992,0.0318557187212266
172.5,33.4554977416992,0.035222036147009
173.75,33.4554977416992,0.0372018124659737
175,33.4554977416992,0.0365330028382358
176.25,33.4554977416992,0.0342202902450342
177.5,33.4554977416992,0.0320829114858177
178.75,33.4554977416992,0.0309664254455311
180,33.4554977416992,0.0307740689420931
181.25,33.4554977416992,0.030657005957513
182.5,33.4554977416992,0.0312613013234319
183.75,33.4554977416992,0.0358435924711155
185,33.4554977416992,0.0435889282103829
186.25,33.4554977416992,0.050643260541333
187.5,33.4554977416992,0.055077290359107
188.75,33.4554977416992,0.0578263219180973
190,33.4554977416992,0.0601269243922529
191.25,33.4554977416992,0.0618556757232238
192.5,33.4554977416992,0.0625559409456177
193.75,33.4554977416992,0.0614036156391458
195,33.4554977416992,0.0583416612796341
196.25,33.4554977416992,0.053608735531582
197.5,33.4554977416992,0.0477652257134368
198.75,33.4554977416992,0.0410900957748607
200,33.4554977416992,0.0335845523424964
201.25,33.4554977416992,0.0260046175878791
202.5,33.4554977416992,0.0184272701779758
203.75,33.4554977416992,0.00957271359429145
205,33.4554977416992,8.82902852108841e-05
206.25,33.4554977416992,-0.00647431380564442
207.5,33.4554977416992,-0.0088032272994787
208.75,33.4554977416992,-0.00751359838752579
210,33.4554977416992,-0.00474955002051292
211.25,33.4554977416992,-0.00145545580912693
212.5,33.4554977416992,0.00235917059732346
213.75,33.4554977416992,0.00716391599376768
215,33.4554977416992,0.0118071722103355
216.25,33.4554977416992,0.0147179480911754
217.5,33.4554977416992,0.0161482253103159
218.75,33.4554977416992,0.0164718174144258
220,33.4554977416992,0.0168642734196396
221.25,33.4554977416992,0.02143752252232
222.5,33.4554977416992,0.0312102840374135
223.75,33.4554977416992,0.043453786898437
225,33.4554977416992,0.0537323047463546
226.25,33.4554977416992,0.0611347456947019
227.5,33.4554977416992,0.066459392842275
228.75,33.4554977416992,0.06936181335004
230,33.4554977416992,0.0697110993095558
231.25,33.4554977416992,0.0676963999503867
232.5,33.4554977416992,0.0625849188659386
233.75,33.4554977416992,0.0529490747952984
235,33.4554977416992,0.0384582398959014
236.25,33.4554977416992,0.0221532548290481
237.5,33.4554977416992,0.0105671858951817
238.75,33.4554977416992,0.0037960256149497
240,33.4554977416992,-0.00063251677358867
241.25,33.4554977416992,-0.00250539166275222
242.5,33.4554977416992,-0.0038728507033182
160,34.3979034423828,0.0114908358976007
161.25,34.3979034423828,0.00522249979994249
162.5,34.3979034423828,0.000355075595036161
163.75,34.3979034423828,0.000948071961787198
165,34.3979034423828,0.0041873332237814
166.25,34.3979034423828,0.00757737372631782
167.5,34.3979034423828,0.0125228029840887
168.75,34.3979034423828,0.0175195350710324
170,34.3979034423828,0.0210113790149607
171.25,34.3979034423828,0.0270164227745735
172.5,34.3979034423828,0.0359228056866019
173.75,34.3979034423828,0.0421466423309057
175,34.3979034423828,0.0439381492617416
176.25,34.3979034423828,0.0427247171871073
177.5,34.3979034423828,0.0405448063051131
178.75,34.3979034423828,0.0385352617814331
180,34.3979034423828,0.0368963539420069
181.25,34.3979034423828,0.0354367442959921
182.5,34.3979034423828,0.0355546950160067
183.75,34.3979034423828,0.0395408280543311
185,34.3979034423828,0.0464971323321063
186.25,34.3979034423828,0.0531767712934849
187.5,34.3979034423828,0.0580489939042205
188.75,34.3979034423828,0.0617155488864743
190,34.3979034423828,0.0649969579518022
191.25,34.3979034423828,0.0675992653207186
192.5,34.3979034423828,0.0685214222972386
193.75,34.3979034423828,0.0675478226298488
195,34.3979034423828,0.0647480681818378
196.25,34.3979034423828,0.0597014898628098
197.5,34.3979034423828,0.052828526711249
198.75,34.3979034423828,0.0451290301519536
200,34.3979034423828,0.037246218890151
201.25,34.3979034423828,0.0302145849520305
202.5,34.3979034423828,0.023602974497152
203.75,34.3979034423828,0.0158996495521018
205,34.3979034423828,0.00717217161684005
206.25,34.3979034423828,0.000164092729364229
207.5,34.3979034423828,-0.00339312072111383
208.75,34.3979034423828,-0.00388105191370612
210,34.3979034423828,-0.00278261031362734
211.25,34.3979034423828,-0.00139403723841718
212.5,34.3979034423828,0.000561734696016858
213.75,34.3979034423828,0.0041390401441143
215,34.3979034423828,0.00867190481697548
216.25,34.3979034423828,0.011579161594803
217.5,34.3979034423828,0.0125179556038032
218.75,34.3979034423828,0.0125326359368198
220,34.3979034423828,0.0122213425622259
221.25,34.3979034423828,0.0156820847253815
222.5,34.3979034423828,0.025869604141263
223.75,34.3979034423828,0.03897082916422
225,34.3979034423828,0.0496167628131477
226.25,34.3979034423828,0.0575306990749898
227.5,34.3979034423828,0.0638483129036898
228.75,34.3979034423828,0.0674875303844614
230,34.3979034423828,0.067878833588871
231.25,34.3979034423828,0.0660601824576348
232.5,34.3979034423828,0.0617328349358668
233.75,34.3979034423828,0.0534863171723184
235,34.3979034423828,0.0392968162181025
236.25,34.3979034423828,0.0208418333319586
237.5,34.3979034423828,0.0079794402394456
238.75,34.3979034423828,0.0040413557542151
240,34.3979034423828,0.00127981599706154
241.25,34.3979034423828,-0.00147219738460775
160,35.3403167724609,0.0248761964770681
161.25,35.3403167724609,0.0173147972608355
162.5,35.3403167724609,0.00795988634726101
163.75,35.3403167724609,0.00321877714977352
165,35.3403167724609,0.00291433355029496
166.25,35.3403167724609,0.00407150075631163
167.5,35.3403167724609,0.00670230019392249
168.75,35.3403167724609,0.00964395285275873
170,35.3403167724609,0.0121134635706547
171.25,35.3403167724609,0.0174674625850732
172.5,35.3403167724609,0.028263196918969
173.75,35.3403167724609,0.0384235659773885
175,35.3403167724609,0.0449304678173156
176.25,35.3403167724609,0.0473462772935518
177.5,35.3403167724609,0.0470866240846338
178.75,35.3403167724609,0.0456717265908116
180,35.3403167724609,0.0432352352969265
181.25,35.3403167724609,0.0404228272400201
182.5,35.3403167724609,0.0393373997108593
183.75,35.3403167724609,0.0415408231903302
185,35.3403167724609,0.0468385321987193
186.25,35.3403167724609,0.0527399159101204
187.5,35.3403167724609,0.058063049551046
188.75,35.3403167724609,0.0623992400526279
190,35.3403167724609,0.0657584457373772
191.25,35.3403167724609,0.0685524464929965
192.5,35.3403167724609,0.0701460462099377
193.75,35.3403167724609,0.0700568083709367
195,35.3403167724609,0.068175962677429
196.25,35.3403167724609,0.0639569297904236
197.5,35.3403167724609,0.0570858460861704
198.75,35.3403167724609,0.0486779360458757
200,35.3403167724609,0.0402937706308097
201.25,35.3403167724609,0.0334104986755739
202.5,35.3403167724609,0.027491701987012
203.75,35.3403167724609,0.0209996242520834
205,35.3403167724609,0.0136157964187248
206.25,35.3403167724609,0.00712232512567105
207.5,35.3403167724609,0.00327073602975402
208.75,35.3403167724609,0.00203135123526324
210,35.3403167724609,0.00220232103888748
211.25,35.3403167724609,0.00229036668462293
212.5,35.3403167724609,0.00307408530281689
213.75,35.3403167724609,0.00558157646654601
215,35.3403167724609,0.00918843200879485
216.25,35.3403167724609,0.0114825021657501
217.5,35.3403167724609,0.0119387422663959
218.75,35.3403167724609,0.0113988962150218
220,35.3403167724609,0.0105637613131955
221.25,35.3403167724609,0.0128531395593336
222.5,35.3403167724609,0.0220844464219601
223.75,35.3403167724609,0.0350006253688842
225,35.3403167724609,0.0462449614247433
226.25,35.3403167724609,0.0551995011428955
227.5,35.3403167724609,0.062500098614782
228.75,35.3403167724609,0.0665018520522512
230,35.3403167724609,0.0662998002647184
231.25,35.3403167724609,0.0631871859117135
232.5,35.3403167724609,0.0581890806671798
233.75,35.3403167724609,0.0504444719760043
235,35.3403167724609,0.0368804151488021
236.25,35.3403167724609,0.0195448404270798
237.5,35.3403167724609,0.0089498417064908
238.75,35.3403167724609,0.00671776836854303
240,35.3403167724609,0.00615056486489295
160,36.2827224731445,0.0391713408573051
161.25,36.2827224731445,0.0316074162726048
162.5,36.2827224731445,0.0220817001672199
163.75,36.2827224731445,0.0139612762064531
165,36.2827224731445,0.00878245282891806
166.25,36.2827224731445,0.00666349022228211
167.5,36.2827224731445,0.00639194716136087
168.75,36.2827224731445,0.00604841402695419
170,36.2827224731445,0.00616060681366543
171.25,36.2827224731445,0.00946006076170012
172.5,36.2827224731445,0.0183859954865367
173.75,36.2827224731445,0.0288777386572121
175,36.2827224731445,0.0386263823340386
176.25,36.2827224731445,0.0451795871548318
177.5,36.2827224731445,0.0484064541008811
178.75,36.2827224731445,0.0485080817755352
180,36.2827224731445,0.0462493790130034
181.25,36.2827224731445,0.043227902535758
182.5,36.2827224731445,0.0414663009310855
183.75,36.2827224731445,0.0421189973939525
185,36.2827224731445,0.0457374350046078
186.25,36.2827224731445,0.0507875058984655
187.5,36.2827224731445,0.0561520928797989
188.75,36.2827224731445,0.0608579355423292
190,36.2827224731445,0.0639010551812332
191.25,36.2827224731445,0.0666900895661033
192.5,36.2827224731445,0.0688580886669428
193.75,36.2827224731445,0.0695719585836915
195,36.2827224731445,0.0686753804479741
196.25,36.2827224731445,0.0652906980899789
197.5,36.2827224731445,0.0585374840588199
198.75,36.2827224731445,0.0501783369850776
200,36.2827224731445,0.0418172393464116
201.25,36.2827224731445,0.0352041804770708
202.5,36.2827224731445,0.0305502954357927
203.75,36.2827224731445,0.0261769735808458
205,36.2827224731445,0.0206446351901124
206.25,36.2827224731445,0.015095586336471
207.5,36.2827224731445,0.011292051561224
208.75,36.2827224731445,0.00943149536363791
210,36.2827224731445,0.00822529790230537
211.25,36.2827224731445,0.00690653735780767
212.5,36.2827224731445,0.00668171402209245
213.75,36.2827224731445,0.00874570575757029
215,36.2827224731445,0.0121578195448666
216.25,36.2827224731445,0.0144523706690834
217.5,36.2827224731445,0.0142586721567752
218.75,36.2827224731445,0.0124281049478537
220,36.2827224731445,0.0106568489611473
221.25,36.2827224731445,0.0119157655726396
222.5,36.2827224731445,0.0197561427182665
223.75,36.2827224731445,0.0317839242380269
225,36.2827224731445,0.04367224785825
226.25,36.2827224731445,0.0539668269438493
227.5,36.2827224731445,0.0619197193141503
228.75,36.2827224731445,0.0657494531635914
230,36.2827224731445,0.0649321717092875
231.25,36.2827224731445,0.0603762811978954
232.5,36.2827224731445,0.053785638985082
233.75,36.2827224731445,0.0447947512232265
235,36.2827224731445,0.0310121755776361
236.25,36.2827224731445,0.0168908483354679
237.5,36.2827224731445,0.0109908457321691
238.75,36.2827224731445,0.0107423263493039
160,37.2251281738281,0.0451457917880301
161.25,37.2251281738281,0.0380408187735761
162.5,37.2251281738281,0.0305081152132844
163.75,37.2251281738281,0.0244030981986356
165,37.2251281738281,0.01852050689149
166.25,37.2251281738281,0.0139029900114033
167.5,37.2251281738281,0.0113854593487118
168.75,37.2251281738281,0.00892300799378408
170,37.2251281738281,0.00688114897552103
171.25,37.2251281738281,0.00766532215602385
172.5,37.2251281738281,0.0125393015518671
173.75,37.2251281738281,0.0198357543989467
175,37.2251281738281,0.0287410419802259
176.25,37.2251281738281,0.0373405586042245
177.5,37.2251281738281,0.0437634254665479
178.75,37.2251281738281,0.0462496433450982
180,37.2251281738281,0.0456211095075746
181.25,37.2251281738281,0.0436399475859503
182.5,37.2251281738281,0.0418333116274026
183.75,37.2251281738281,0.0415769395736507
185,37.2251281738281,0.0437750487174445
186.25,37.2251281738281,0.0479406481230027
187.5,37.2251281738281,0.0528155778768189
188.75,37.2251281738281,0.0574786232636058
190,37.2251281738281,0.0605124560759548
191.25,37.2251281738281,0.0631488773748321
192.5,37.2251281738281,0.0653212955223958
193.75,37.2251281738281,0.0661554178895527
195,37.2251281738281,0.0659968634063363
196.25,37.2251281738281,0.063471189611819
197.5,37.2251281738281,0.0573760684931444
198.75,37.2251281738281,0.0493940115652403
200,37.2251281738281,0.0415078244843552
201.25,37.2251281738281,0.0357138726939156
202.5,37.2251281738281,0.0324070222134789
203.75,37.2251281738281,0.0300916974377427
205,37.2251281738281,0.0270255446521007
206.25,37.2251281738281,0.0234304557281773
207.5,37.2251281738281,0.0205363080487875
208.75,37.2251281738281,0.0183289472129747
210,37.2251281738281,0.0151401214718654
211.25,37.2251281738281,0.0117896153045427
212.5,37.2251281738281,0.00990000240821357
213.75,37.2251281738281,0.0108924634401245
215,37.2251281738281,0.0139300220762682
216.25,37.2251281738281,0.0162306479016539
217.5,37.2251281738281,0.0154416303002556
218.75,37.2251281738281,0.0127178094598811
220,37.2251281738281,0.0111670665100198
221.25,37.2251281738281,0.0126289558012249
222.5,37.2251281738281,0.0195757236871028
223.75,37.2251281738281,0.030483738638741
225,37.2251281738281,0.0425095226671423
226.25,37.2251281738281,0.05398478692067
227.5,37.2251281738281,0.062163326442518
228.75,37.2251281738281,0.0654877579054291
230,37.2251281738281,0.0636473142019716
231.25,37.2251281738281,0.0573607574891226
232.5,37.2251281738281,0.0489370559489213
233.75,37.2251281738281,0.037528102827254
235,37.2251281738281,0.0237393414876864
236.25,37.2251281738281,0.0152084181347092
237.5,37.2251281738281,0.0136961792599385
238.75,37.2251281738281,0.0113411978874304
160,38.1675415039062,0.0418129058665156
161.25,38.1675415039062,0.0377483099019764
162.5,38.1675415039062,0.0331381035083982
163.75,38.1675415039062,0.0299341860375661
165,38.1675415039062,0.0253823947113453
166.25,38.1675415039062,0.0200656904281622
167.5,38.1675415039062,0.016997878966219
168.75,38.1675415039062,0.0145203059959989
170,38.1675415039062,0.0114060699723471
171.25,38.1675415039062,0.0103571379866433
172.5,38.1675415039062,0.0120134651201809
173.75,38.1675415039062,0.0160810063902295
175,38.1675415039062,0.0231817473449746
176.25,38.1675415039062,0.0306438692997089
177.5,38.1675415039062,0.0359792339670731
178.75,38.1675415039062,0.0385648544991758
180,38.1675415039062,0.0395686676967113
181.25,38.1675415039062,0.0394839069223276
182.5,38.1675415039062,0.0384798360806753
183.75,38.1675415039062,0.0382868405447969
185,38.1675415039062,0.0398953402215421
186.25,38.1675415039062,0.0431361678074808
187.5,38.1675415039062,0.0473482149379549
188.75,38.1675415039062,0.0519039048636868
190,38.1675415039062,0.0554943221343491
191.25,38.1675415039062,0.0584634717241934
192.5,38.1675415039062,0.0606842827328778
193.75,38.1675415039062,0.0614131635817703
195,38.1675415039062,0.0611251587302276
196.25,38.1675415039062,0.058825964996215
197.5,38.1675415039062,0.0537600031679854
198.75,38.1675415039062,0.0463296586226029
200,38.1675415039062,0.039718791932483
201.25,38.1675415039062,0.0353061149803749
202.5,38.1675415039062,0.0334650819436194
203.75,38.1675415039062,0.0328524745857624
205,38.1675415039062,0.0318228237276281
206.25,38.1675415039062,0.0300765443777276
207.5,38.1675415039062,0.0280930012935046
208.75,38.1675415039062,0.0257680013464695
210,38.1675415039062,0.0217517621076256
211.25,38.1675415039062,0.0163839298001814
212.5,38.1675415039062,0.012488540138904
213.75,38.1675415039062,0.011829452843613
215,38.1675415039062,0.0138975889282079
216.25,38.1675415039062,0.0157094742984797
217.5,38.1675415039062,0.0144943916903679
218.75,38.1675415039062,0.0118929354324834
220,38.1675415039062,0.0116680493059761
221.25,38.1675415039062,0.0144522266559189
222.5,38.1675415039062,0.0209662569729858
223.75,38.1675415039062,0.0306219795670183
225,38.1675415039062,0.0423738261666652
226.25,38.1675415039062,0.054500671361757
227.5,38.1675415039062,0.0629016726305115
228.75,38.1675415039062,0.0656242342439251
230,38.1675415039062,0.0627035770013241
231.25,38.1675415039062,0.0542442747992694
232.5,38.1675415039062,0.0422554980544183
233.75,38.1675415039062,0.028503942397121
235,38.1675415039062,0.0170352120700501
236.25,38.1675415039062,0.0132668484972001
237.5,38.1675415039062,0.0159463610400719
160,39.1099548339844,0.0302278483792317
161.25,39.1099548339844,0.0316704821671821
162.5,39.1099548339844,0.0289180711581855
163.75,39.1099548339844,0.0254300299678513
165,39.1099548339844,0.02128171774918
166.25,39.1099548339844,0.0189792440376824
167.5,39.1099548339844,0.0208019544772787
168.75,39.1099548339844,0.0220248926928975
170,39.1099548339844,0.0185650751859203
171.25,39.1099548339844,0.0156538662587588
172.5,39.1099548339844,0.0139439515928798
173.75,39.1099548339844,0.0136502090872228
175,39.1099548339844,0.0183115841570803
176.25,39.1099548339844,0.0232690104164425
177.5,39.1099548339844,0.0261544596601045
178.75,39.1099548339844,0.0282185449675034
180,39.1099548339844,0.0299441919579312
181.25,39.1099548339844,0.0310797409381614
182.5,39.1099548339844,0.0314669395870498
183.75,39.1099548339844,0.0324660347845722
185,39.1099548339844,0.0345283076316893
186.25,39.1099548339844,0.0371840496715409
187.5,39.1099548339844,0.0406660519032878
188.75,39.1099548339844,0.0444511868198298
190,39.1099548339844,0.0478460727907279
191.25,39.1099548339844,0.0511475635694411
192.5,39.1099548339844,0.0540598682368845
193.75,39.1099548339844,0.0554795904033081
195,39.1099548339844,0.0554300134631616
196.25,39.1099548339844,0.0535511849890793
197.5,39.1099548339844,0.0490895194174665
198.75,39.1099548339844,0.042813258473244
200,39.1099548339844,0.0373449945278892
201.25,39.1099548339844,0.0340642776801531
202.5,39.1099548339844,0.0330159621234211
203.75,39.1099548339844,0.0334552871734517
205,39.1099548339844,0.034220907625008
206.25,39.1099548339844,0.0345119530049993
207.5,39.1099548339844,0.0337093660979382
208.75,39.1099548339844,0.0310949267966712
210,39.1099548339844,0.0260083055745471
211.25,39.1099548339844,0.0190660506817652
212.5,39.1099548339844,0.0138745339605563
213.75,39.1099548339844,0.012094083233913
215,39.1099548339844,0.012703448370124
216.25,39.1099548339844,0.0135909983582724
217.5,39.1099548339844,0.012710063558035
218.75,39.1099548339844,0.0112199932212939
220,39.1099548339844,0.0122324060456997
221.25,39.1099548339844,0.0162993904371418
222.5,39.1099548339844,0.0228380031782636
223.75,39.1099548339844,0.0318361467203147
225,39.1099548339844,0.0425184110346857
226.25,39.1099548339844,0.0541147565779846
227.5,39.1099548339844,0.0625540098071966
228.75,39.1099548339844,0.0650468516919667
230,39.1099548339844,0.0614887066192072
231.25,39.1099548339844,0.051697546530028
232.5,39.1099548339844,0.0363238590190508
233.75,39.1099548339844,0.0192490998435769
235,39.1099548339844,0.00953093544798464
236.25,39.1099548339844,0.00955577394209985
160,40.0523529052734,0.0135116426587373
161.25,40.0523529052734,0.0202914562794741
162.5,40.0523529052734,0.0180305961151457
163.75,40.0523529052734,0.0111387469425067
165,40.0523529052734,0.00582250296158833
166.25,40.0523529052734,0.00680166245708196
167.5,40.0523529052734,0.0142197868430731
168.75,40.0523529052734,0.0226454317497566
170,40.0523529052734,0.0238299355411481
171.25,40.0523529052734,0.0206481156461278
172.5,40.0523529052734,0.0179790544788118
173.75,40.0523529052734,0.0147372088237185
175,40.0523529052734,0.0160306177499343
176.25,40.0523529052734,0.0172683865945828
177.5,40.0523529052734,0.0172825250401503
178.75,40.0523529052734,0.0184836249238138
180,40.0523529052734,0.0192843065040145
181.25,40.0523529052734,0.0192782806200192
182.5,40.0523529052734,0.0205392911267397
183.75,40.0523529052734,0.0235638129331595
185,40.0523529052734,0.027321021172925
186.25,40.0523529052734,0.0309884246076687
187.5,40.0523529052734,0.0351836626748293
188.75,40.0523529052734,0.0389427027330543
190,40.0523529052734,0.0421711451223306
191.25,40.0523529052734,0.0455115826541775
192.5,40.0523529052734,0.0484359683293854
193.75,40.0523529052734,0.0499353334651958
195,40.0523529052734,0.0497763134214266
196.25,40.0523529052734,0.0475396515360543
197.5,40.0523529052734,0.0432643236096018
198.75,40.0523529052734,0.0381410901590449
200,40.0523529052734,0.0341584111324655
201.25,40.0523529052734,0.0322328157334099
202.5,40.0523529052734,0.0313930720344461
203.75,40.0523529052734,0.0318142695417616
205,40.0523529052734,0.03348102066568
206.25,40.0523529052734,0.0353868794946723
207.5,40.0523529052734,0.0356923782569644
208.75,40.0523529052734,0.0331595495145565
210,40.0523529052734,0.0276995461655331
211.25,40.0523529052734,0.0207359239299658
212.5,40.0523529052734,0.0151946301714913
213.75,40.0523529052734,0.0127804830890007
215,40.0523529052734,0.0123237294157745
216.25,40.0523529052734,0.0127814840647311
217.5,40.0523529052734,0.0126564058391936
218.75,40.0523529052734,0.0120204524277502
220,40.0523529052734,0.01316660322361
221.25,40.0523529052734,0.0177860371573975
222.5,40.0523529052734,0.0247150012452325
223.75,40.0523529052734,0.0326564302812286
225,40.0523529052734,0.0420227529652164
226.25,40.0523529052734,0.0520632002703806
227.5,40.0523529052734,0.0600582507457033
228.75,40.0523529052734,0.0626396993725449
230,40.0523529052734,0.0593473130534837
231.25,40.0523529052734,0.0496333930548718
232.5,40.0523529052734,0.0332797080585147
233.75,40.0523529052734,0.0141885102220247
235,40.0523529052734,0.00301135884260043
236.25,40.0523529052734,0.00612472499645078
160,40.9947662353516,-0.000472758445079597
161.25,40.9947662353516,0.00944086476820843
162.5,40.9947662353516,0.00876300350842967
163.75,40.9947662353516,0.000875064013248839
165,40.9947662353516,-0.00535740510680658
166.25,40.9947662353516,-0.00437419292849313
167.5,40.9947662353516,0.000204142496882111
168.75,40.9947662353516,0.00545447393355386
170,40.9947662353516,0.0108248446741561
171.25,40.9947662353516,0.013987072851508
172.5,40.9947662353516,0.0143728005654186
173.75,40.9947662353516,0.014524820947688
175,40.9947662353516,0.0154655936725939
176.25,40.9947662353516,0.0143048603639579
177.5,40.9947662353516,0.0127945618699375
178.75,40.9947662353516,0.0130989918535588
180,40.9947662353516,0.0129774745107684
181.25,40.9947662353516,0.0120196971059742
182.5,40.9947662353516,0.0126707003660486
183.75,40.9947662353516,0.0156405850446882
185,40.9947662353516,0.0202139419879787
186.25,40.9947662353516,0.0252565394805179
187.5,40.9947662353516,0.0305910531636968
188.75,40.9947662353516,0.0354433516432583
190,40.9947662353516,0.0393437732558275
191.25,40.9947662353516,0.0427565721493089
192.5,40.9947662353516,0.0456398911717779
193.75,40.9947662353516,0.0469276309260551
195,40.9947662353516,0.0461219694174247
196.25,40.9947662353516,0.0431366167185011
197.5,40.9947662353516,0.0383734027170768
198.75,40.9947662353516,0.0334990232437068
200,40.9947662353516,0.0305675059786697
201.25,40.9947662353516,0.0299520893648149
202.5,40.9947662353516,0.0296871508282983
203.75,40.9947662353516,0.02970564628293
205,40.9947662353516,0.0312289707138727
206.25,40.9947662353516,0.0335444605283252
207.5,40.9947662353516,0.0345486150691388
208.75,40.9947662353516,0.0328105628845301
210,40.9947662353516,0.0284255974116828
211.25,40.9947662353516,0.0228561731763997
212.5,40.9947662353516,0.0181795432486012
213.75,40.9947662353516,0.0153256323205559
215,40.9947662353516,0.0140960971818592
216.25,40.9947662353516,0.014090283385562
217.5,40.9947662353516,0.0141497640649803
218.75,40.9947662353516,0.0136432390146667
220,40.9947662353516,0.0143550355284416
221.25,40.9947662353516,0.0185267900763666
222.5,40.9947662353516,0.025220012556274
223.75,40.9947662353516,0.0325629840439739
225,40.9947662353516,0.0402059284356385
226.25,40.9947662353516,0.0486708369418645
227.5,40.9947662353516,0.0559175433779567
228.75,40.9947662353516,0.0585775913842121
230,40.9947662353516,0.0550712109838121
231.25,40.9947662353516,0.0457442657982834
232.5,40.9947662353516,0.0307698314890808
233.75,40.9947662353516,0.0123343064686267
235,40.9947662353516,0.00113299412663791
236.25,40.9947662353516,-0.000328431134382028
160,41.9371795654297,-0.0177802043669785
161.25,41.9371795654297,-0.00488866761856524
162.5,41.9371795654297,0.000300816411295709
163.75,41.9371795654297,-0.00390404557267052
165,41.9371795654297,-0.00965210050443471
166.25,41.9371795654297,-0.00919665753239506
167.5,41.9371795654297,-0.00490776954784332
168.75,41.9371795654297,-0.00138477120983314
170,41.9371795654297,0.00168257192486038
171.25,41.9371795654297,0.00457265735474289
172.5,41.9371795654297,0.0071358346692391
173.75,41.9371795654297,0.0106226180783495
175,41.9371795654297,0.0144726321578747
176.25,41.9371795654297,0.0138079430225588
177.5,41.9371795654297,0.0115597028825857
178.75,41.9371795654297,0.0102567893049975
180,41.9371795654297,0.00894741740939576
181.25,41.9371795654297,0.00750131990437229
182.5,41.9371795654297,0.00768968142776062
183.75,41.9371795654297,0.0104937565277523
185,41.9371795654297,0.0156504711904729
186.25,41.9371795654297,0.0218752572083131
187.5,41.9371795654297,0.0281767328162773
188.75,41.9371795654297,0.0343114267856138
190,41.9371795654297,0.0393964978050541
191.25,41.9371795654297,0.0437965936831709
192.5,41.9371795654297,0.0470573527179866
193.75,41.9371795654297,0.0478792160301509
195,41.9371795654297,0.0457815480667706
196.25,41.9371795654297,0.0414988649984207
197.5,41.9371795654297,0.0359823639562026
198.75,41.9371795654297,0.0310417434744479
200,41.9371795654297,0.0285787353370298
201.25,41.9371795654297,0.0286433383783508
202.5,41.9371795654297,0.0291282481480761
203.75,41.9371795654297,0.029441733680076
205,41.9371795654297,0.0305647290663802
206.25,41.9371795654297,0.032378798821062
207.5,41.9371795654297,0.0337053367647191
208.75,41.9371795654297,0.0330207002684638
210,41.9371795654297,0.0301574350865887
211.25,41.9371795654297,0.026208649743796
212.5,41.9371795654297,0.0224697058001156
213.75,41.9371795654297,0.019638169358884
215,41.9371795654297,0.0177790530964239
216.25,41.9371795654297,0.0167625837838689
217.5,41.9371795654297,0.0160863677411388
218.75,41.9371795654297,0.0155424370031036
220,41.9371795654297,0.0159918191950135
221.25,41.9371795654297,0.0191009983763501
222.5,41.9371795654297,0.0250438232630658
223.75,41.9371795654297,0.0320090043816592
225,41.9371795654297,0.0383956880744334
226.25,41.9371795654297,0.0449846090613094
227.5,41.9371795654297,0.0511273570613753
228.75,41.9371795654297,0.0534179718109176
230,41.9371795654297,0.0500317309788508
231.25,41.9371795654297,0.0407720689566064
232.5,41.9371795654297,0.0270944801264171
233.75,41.9371795654297,0.0114151676248776
235,41.9371795654297,0.000968345149799137
236.25,41.9371795654297,-0.00102138228189825
160,42.8795776367188,-0.0275296610400221
161.25,42.8795776367188,-0.0170223096383507
162.5,42.8795776367188,-0.00959039159461377
163.75,42.8795776367188,-0.00789124927005782
165,42.8795776367188,-0.00993947046678616
166.25,42.8795776367188,-0.00981849760733652
167.5,42.8795776367188,-0.00538533808291372
168.75,42.8795776367188,0.00017409283776468
170,42.8795776367188,0.00317039013516978
171.25,42.8795776367188,0.00276403154165415
172.5,42.8795776367188,0.00365600051852326
173.75,42.8795776367188,0.00974808433751636
175,42.8795776367188,0.0161932934063062
176.25,42.8795776367188,0.0165309117137925
177.5,42.8795776367188,0.0128540158282247
178.75,42.8795776367188,0.00967170483321977
180,42.8795776367188,0.00722332580617088
181.25,42.8795776367188,0.00528611938362043
182.5,42.8795776367188,0.00527059548403038
183.75,42.8795776367188,0.00844418962416847
185,42.8795776367188,0.0148018343025903
186.25,42.8795776367188,0.0222435432708302
187.5,42.8795776367188,0.0287707965798357
188.75,42.8795776367188,0.0343994662627996
190,42.8795776367188,0.0402404354209496
191.25,42.8795776367188,0.0462130049996218
192.5,42.8795776367188,0.0507863989907753
193.75,42.8795776367188,0.0518220857887124
195,42.8795776367188,0.0490736221446489
196.25,42.8795776367188,0.0438308524789745
197.5,42.8795776367188,0.0375910233913983
198.75,42.8795776367188,0.0322392050757804
200,42.8795776367188,0.0294315122109053
201.25,42.8795776367188,0.0291453043759648
202.5,42.8795776367188,0.0298734785133216
203.75,42.8795776367188,0.0308487553559236
205,42.8795776367188,0.0324247696452371
206.25,42.8795776367188,0.0343662314223743
207.5,42.8795776367188,0.0357656536316218
208.75,42.8795776367188,0.0353539736792733
210,42.8795776367188,0.0331031499878476
211.25,42.8795776367188,0.0300433445293467
212.5,42.8795776367188,0.0268465447670211
213.75,42.8795776367188,0.0240119088810562
215,42.8795776367188,0.0217596213325391
216.25,42.8795776367188,0.0202210535022734
217.5,42.8795776367188,0.0194819127623489
218.75,42.8795776367188,0.0192120484496461
220,42.8795776367188,0.0191703535384899
221.25,42.8795776367188,0.021098683742344
222.5,42.8795776367188,0.0260397552249626
223.75,42.8795776367188,0.0324635754208766
225,42.8795776367188,0.0381121719325904
226.25,42.8795776367188,0.0427503108086379
227.5,42.8795776367188,0.0466851854687871
228.75,42.8795776367188,0.0480919383785747
230,42.8795776367188,0.0450836888961119
231.25,42.8795776367188,0.0365376161509009
232.5,42.8795776367188,0.0241974001304477
233.75,42.8795776367188,0.0112471471201981
235,42.8795776367188,0.00196259432154089
236.25,42.8795776367188,-0.000230969601148878
160,43.8219909667969,-0.0264098413977548
161.25,43.8219909667969,-0.0228671433461425
162.5,43.8219909667969,-0.0171177065362266
163.75,43.8219909667969,-0.0103988964714945
165,43.8219909667969,-0.00641280246334234
166.25,43.8219909667969,-0.00353888137405787
167.5,43.8219909667969,0.00133493776955494
168.75,43.8219909667969,0.00726662140551704
170,43.8219909667969,0.0104129335657309
171.25,43.8219909667969,0.00862202513270243
172.5,43.8219909667969,0.00750278127889947
173.75,43.8219909667969,0.015096785168842
175,43.8219909667969,0.0243109281295381
176.25,43.8219909667969,0.0256260863849271
177.5,43.8219909667969,0.020573205049669
178.75,43.8219909667969,0.0150775511569405
180,43.8219909667969,0.010647416781811
181.25,43.8219909667969,0.0077721019263748
182.5,43.8219909667969,0.00713157755879112
183.75,43.8219909667969,0.00986519760628199
185,43.8219909667969,0.0164190662292573
186.25,43.8219909667969,0.0244224213857968
187.5,43.8219909667969,0.0306525477605032
188.75,43.8219909667969,0.0349090423425404
190,43.8219909667969,0.0394489508058099
191.25,43.8219909667969,0.0465897571819359
192.5,43.8219909667969,0.0532516385084455
193.75,43.8219909667969,0.0555257216659659
195,43.8219909667969,0.0531364131133431
196.25,43.8219909667969,0.0481532451402484
197.5,43.8219909667969,0.0422478370560537
198.75,43.8219909667969,0.0368833694066177
200,43.8219909667969,0.0333732057394023
201.25,43.8219909667969,0.0320525575208242
202.5,43.8219909667969,0.0323435235496094
203.75,43.8219909667969,0.0336394490117641
205,43.8219909667969,0.0356734529011149
206.25,43.8219909667969,0.0377225977736489
207.5,43.8219909667969,0.0387806559188525
208.75,43.8219909667969,0.0380798339567681
210,43.8219909667969,0.0358708679024644
211.25,43.8219909667969,0.0333613543178026
212.5,43.8219909667969,0.0310543887191907
213.75,43.8219909667969,0.0287338904017469
215,43.8219909667969,0.0267169723853524
216.25,43.8219909667969,0.0254515413952795
217.5,43.8219909667969,0.0252081843793539
218.75,43.8219909667969,0.0251704972145058
220,43.8219909667969,0.0246464353437361
221.25,43.8219909667969,0.0254725395526026
222.5,43.8219909667969,0.0287755609278703
223.75,43.8219909667969,0.0336107536922703
225,43.8219909667969,0.0376829798274803
226.25,43.8219909667969,0.0404629832116053
227.5,43.8219909667969,0.042322906923147
228.75,43.8219909667969,0.0430286158168746
230,43.8219909667969,0.0405018303033638
231.25,43.8219909667969,0.0328634049388392
232.5,43.8219909667969,0.0223966454693835
233.75,43.8219909667969,0.0126725011194681
235,43.8219909667969,0.00641345292129942
236.25,43.8219909667969,0.00504938375940873
160,44.764404296875,-0.0183920158727294
161.25,44.764404296875,-0.0189935430802056
162.5,44.764404296875,-0.0139496629622477
163.75,44.764404296875,-0.00424481933855511
165,44.764404296875,0.00460668400740961
166.25,44.764404296875,0.011668640291829
167.5,44.764404296875,0.0182951930830655
168.75,44.764404296875,0.0237430201433829
170,44.764404296875,0.0257788452830687
171.25,44.764404296875,0.0227424279451391
172.5,44.764404296875,0.0204821329761455
173.75,44.764404296875,0.0282284733741646
175,44.764404296875,0.0363705908305782
176.25,44.764404296875,0.0370188239341262
177.5,44.764404296875,0.0318894953894119
178.75,44.764404296875,0.026313579031545
180,44.764404296875,0.0217591637160155
181.25,44.764404296875,0.0188656460537322
182.5,44.764404296875,0.0176181121385558
183.75,44.764404296875,0.0182715068252691
185,44.764404296875,0.0216470117720624
186.25,44.764404296875,0.0270139152399717
187.5,44.764404296875,0.0315513141844704
188.75,44.764404296875,0.0341953140382636
190,44.764404296875,0.0372841913473883
191.25,44.764404296875,0.0436655700906454
192.5,44.764404296875,0.0506319450398819
193.75,44.764404296875,0.0541270764252032
195,44.764404296875,0.0540627874018551
196.25,44.764404296875,0.051628729131406
197.5,44.764404296875,0.0474729742045283
198.75,44.764404296875,0.0424746998490507
200,44.764404296875,0.0381504129344191
201.25,44.764404296875,0.0356732716696466
202.5,44.764404296875,0.0352407128545567
203.75,44.764404296875,0.0366578761120357
205,44.764404296875,0.0393072358707251
206.25,44.764404296875,0.0416294705513536
207.5,44.764404296875,0.0422165388043043
208.75,44.764404296875,0.0411974445538095
210,44.764404296875,0.0391123249898931
211.25,44.764404296875,0.0369798373450899
212.5,44.764404296875,0.0352660686597951
213.75,44.764404296875,0.0340569623484352
215,44.764404296875,0.0334133552165
216.25,44.764404296875,0.0328438449804093
217.5,44.764404296875,0.032556802027662
218.75,44.764404296875,0.0319432256816304
220,44.764404296875,0.0307122208972927
221.25,44.764404296875,0.0303395938190392
222.5,44.764404296875,0.0316251139275621
223.75,44.764404296875,0.0337516697694766
225,44.764404296875,0.0355427168547692
226.25,44.764404296875,0.0366148192524816
227.5,44.764404296875,0.0376326793668112
228.75,44.764404296875,0.0381388897860632
230,44.764404296875,0.0355688674059722
231.25,44.764404296875,0.0283660334334885
232.5,44.764404296875,0.0198678642235066
233.75,44.764404296875,0.0132892203689194
235,44.764404296875,0.00998237937828466
236.25,44.764404296875,0.00935649972436021
160,45.7068023681641,-0.000720036891902908
161.25,45.7068023681641,-0.00137225189556894
162.5,45.7068023681641,0.00383912766988449
163.75,45.7068023681641,0.0134734696494672
165,45.7068023681641,0.0222931980200339
166.25,45.7068023681641,0.0298247587066408
167.5,45.7068023681641,0.0357001692967151
168.75,45.7068023681641,0.0405266417444431
170,45.7068023681641,0.0430838732706706
171.25,45.7068023681641,0.0393883829171794
172.5,45.7068023681641,0.0372029117252986
173.75,45.7068023681641,0.0433639722321426
175,45.7068023681641,0.0492380224282116
176.25,45.7068023681641,0.0505578545817666
177.5,45.7068023681641,0.0477408565775165
178.75,45.7068023681641,0.0429803425702995
180,45.7068023681641,0.0384699070182172
181.25,45.7068023681641,0.0348418832358128
182.5,45.7068023681641,0.0319520222194983
183.75,45.7068023681641,0.0296967690721363
185,45.7068023681641,0.0290956264483989
186.25,45.7068023681641,0.0299561066845136
187.5,45.7068023681641,0.0305168320768508
188.75,45.7068023681641,0.0305860817178286
190,45.7068023681641,0.0322881778746512
191.25,45.7068023681641,0.0369627472008117
192.5,45.7068023681641,0.0427258222221382
193.75,45.7068023681641,0.0475886058752784
195,45.7068023681641,0.0503780882349686
196.25,45.7068023681641,0.0505280529077624
197.5,45.7068023681641,0.0484317929517933
198.75,45.7068023681641,0.0451301349623048
200,45.7068023681641,0.0417967507685132
201.25,45.7068023681641,0.0396537162307775
202.5,45.7068023681641,0.0394332715504359
203.75,45.7068023681641,0.04110998252109
205,45.7068023681641,0.0439393683083167
206.25,45.7068023681641,0.0463699441225014
207.5,45.7068023681641,0.0468837162943375
208.75,45.7068023681641,0.0460132607592795
210,45.7068023681641,0.0442578704536792
211.25,45.7068023681641,0.0421224867035118
212.5,45.7068023681641,0.0401951868089791
213.75,45.7068023681641,0.0390958022290896
215,45.7068023681641,0.0389785998826078
216.25,45.7068023681641,0.0392916567887611
217.5,45.7068023681641,0.0393130094217522
218.75,45.7068023681641,0.0379784039388688
220,45.7068023681641,0.0357234645887226
221.25,45.7068023681641,0.0335941102930179
222.5,45.7068023681641,0.0320761541167024
223.75,45.7068023681641,0.0310762316630088
225,45.7068023681641,0.0305435788923173
226.25,45.7068023681641,0.0311912542623469
227.5,45.7068023681641,0.0326502755080815
228.75,45.7068023681641,0.0330223800316108
230,45.7068023681641,0.0299696090242517
231.25,45.7068023681641,0.0228300423978873
232.5,45.7068023681641,0.0149108453280602
233.75,45.7068023681641,0.0113444893583633
235,45.7068023681641,0.0112016022387183
236.25,45.7068023681641,0.011393632442986
160,46.6492156982422,0.0239879635301856
161.25,46.6492156982422,0.0221438160533065
162.5,46.6492156982422,0.0263703627193445
163.75,46.6492156982422,0.0355155674227648
165,46.6492156982422,0.0431296149680693
166.25,46.6492156982422,0.0474219947917741
167.5,46.6492156982422,0.0493566702058847
168.75,46.6492156982422,0.0504322905274621
170,46.6492156982422,0.0495631696370778
171.25,46.6492156982422,0.0465000144525735
172.5,46.6492156982422,0.0471149384413779
173.75,46.6492156982422,0.0515878432719796
175,46.6492156982422,0.0557513318076908
176.25,46.6492156982422,0.0575771240552043
177.5,46.6492156982422,0.0571456579376297
178.75,46.6492156982422,0.0554690394787184
180,46.6492156982422,0.0528226131793562
181.25,46.6492156982422,0.0497404040721372
182.5,46.6492156982422,0.045773085944517
183.75,46.6492156982422,0.04064556422375
185,46.6492156982422,0.0355729522672593
186.25,46.6492156982422,0.031137987409047
187.5,46.6492156982422,0.0272446457862767
188.75,46.6492156982422,0.0252129431277372
190,46.6492156982422,0.026024388111631
191.25,46.6492156982422,0.0295729798472729
192.5,46.6492156982422,0.0344284095081805
193.75,46.6492156982422,0.0397706829885226
195,46.6492156982422,0.0444086002334347
196.25,46.6492156982422,0.0469881340258399
197.5,46.6492156982422,0.0474595997545097
198.75,46.6492156982422,0.0463230554566065
200,46.6492156982422,0.0446979741133094
201.25,46.6492156982422,0.0440233728569637
202.5,46.6492156982422,0.0451819607601977
203.75,46.6492156982422,0.0478429494302135
205,46.6492156982422,0.050704375417895
206.25,46.6492156982422,0.0523632284036402
207.5,46.6492156982422,0.0523586742962109
208.75,46.6492156982422,0.0514340974404037
210,46.6492156982422,0.0495654075301024
211.25,46.6492156982422,0.0470872703162891
212.5,46.6492156982422,0.0446636221443023
213.75,46.6492156982422,0.0429011872987528
215,46.6492156982422,0.0421788555637869
216.25,46.6492156982422,0.0420682162121859
217.5,46.6492156982422,0.04160012595175
218.75,46.6492156982422,0.0400953017172294
220,46.6492156982422,0.0377415710336888
221.25,46.6492156982422,0.0341086546795158
222.5,46.6492156982422,0.0299375585680289
223.75,46.6492156982422,0.0265053302472075
225,46.6492156982422,0.0249278390540337
226.25,46.6492156982422,0.0257838758819407
227.5,46.6492156982422,0.0278574881257611
228.75,46.6492156982422,0.0279444553720132
230,46.6492156982422,0.0239297923001841
231.25,46.6492156982422,0.016745097845256
232.5,46.6492156982422,0.0105008494373237
233.75,46.6492156982422,0.00976494682357107
235,46.6492156982422,0.0133438681721882
236.25,46.6492156982422,0.0158290732444655
160,47.5916290283203,0.038288001164185
161.25,47.5916290283203,0.0338193512020046
162.5,47.5916290283203,0.0383464265180778
163.75,47.5916290283203,0.0461012918621262
165,47.5916290283203,0.0489480082343097
166.25,47.5916290283203,0.0472964550329171
167.5,47.5916290283203,0.0450515738052149
168.75,47.5916290283203,0.04310634012964
170,47.5916290283203,0.042095273966153
171.25,47.5916290283203,0.0436113061738956
172.5,47.5916290283203,0.0477276561551968
173.75,47.5916290283203,0.0521982561990433
175,47.5916290283203,0.0564267371024274
176.25,47.5916290283203,0.0599598002539008
177.5,47.5916290283203,0.0621934445094229
178.75,47.5916290283203,0.0629704908018512
180,47.5916290283203,0.0618636757176459
181.25,47.5916290283203,0.058364138253652
182.5,47.5916290283203,0.0522141768399074
183.75,47.5916290283203,0.043662946895368
185,47.5916290283203,0.0352274732622384
186.25,47.5916290283203,0.0280652517487131
187.5,47.5916290283203,0.0230914768242686
188.75,47.5916290283203,0.0211728265878345
190,47.5916290283203,0.0219830831989884
191.25,47.5916290283203,0.0251652538844945
192.5,47.5916290283203,0.0300913361038742
193.75,47.5916290283203,0.0356902240717499
195,47.5916290283203,0.0407417719650069
196.25,47.5916290283203,0.0451158765050637
197.5,47.5916290283203,0.0484126057169134
198.75,47.5916290283203,0.0501833170216593
200,47.5916290283203,0.0505702196780912
201.25,47.5916290283203,0.0507007415202509
202.5,47.5916290283203,0.0515375598386234
203.75,47.5916290283203,0.0532118163074086
205,47.5916290283203,0.0549783153407936
206.25,47.5916290283203,0.0560784978463218
207.5,47.5916290283203,0.0560116427689432
208.75,47.5916290283203,0.0551083726493805
210,47.5916290283203,0.052804924857644
211.25,47.5916290283203,0.0492385578869124
212.5,47.5916290283203,0.0458125693574886
213.75,47.5916290283203,0.0433443587230664
215,47.5916290283203,0.0420397446396809
216.25,47.5916290283203,0.0413155381394125
217.5,47.5916290283203,0.0403385661185762
218.75,47.5916290283203,0.0385353364394626
220,47.5916290283203,0.035864471818706
221.25,47.5916290283203,0.0314948020879854
222.5,47.5916290283203,0.0260475337705486
223.75,47.5916290283203,0.0218042079077406
225,47.5916290283203,0.0202716989561724
226.25,47.5916290283203,0.0215269158187485
227.5,47.5916290283203,0.0233568041951908
228.75,47.5916290283203,0.022195175092646
230,47.5916290283203,0.0173966167189571
231.25,47.5916290283203,0.0108555377064063
232.5,47.5916290283203,0.00675620638093695
233.75,47.5916290283203,0.00761266964181151
235,47.5916290283203,0.00953684274611617
236.25,47.5916290283203,0.00753870733527149
160,48.5340270996094,0.0408324591036334
161.25,48.5340270996094,0.0374966933172989
162.5,48.5340270996094,0.0382885818759768
163.75,48.5340270996094,0.0390832346971661
165,48.5340270996094,0.0374238558189175
166.25,48.5340270996094,0.0353647049318693
167.5,48.5340270996094,0.0338123777710965
168.75,48.5340270996094,0.0323706710183435
170,48.5340270996094,0.0340888679235456
171.25,48.5340270996094,0.0395925096140314
172.5,48.5340270996094,0.0454003320262461
173.75,48.5340270996094,0.0506704031099298
175,48.5340270996094,0.0561185104816837
176.25,48.5340270996094,0.0612846218182527
177.5,48.5340270996094,0.0653032310119135
178.75,48.5340270996094,0.0673661217141173
180,48.5340270996094,0.0662749328801531
181.25,48.5340270996094,0.0609784947568517
182.5,48.5340270996094,0.0510280158815196
183.75,48.5340270996094,0.0399996614642142
185,48.5340270996094,0.0313118457579046
186.25,48.5340270996094,0.0251909756882316
187.5,48.5340270996094,0.0212805037036253
188.75,48.5340270996094,0.0195925965033812
190,48.5340270996094,0.0199875524542389
191.25,48.5340270996094,0.022545774466413
192.5,48.5340270996094,0.0267038207949248
193.75,48.5340270996094,0.031421471156283
195,48.5340270996094,0.0363898039206465
196.25,48.5340270996094,0.0416672582819593
197.5,48.5340270996094,0.0470851149094814
198.75,48.5340270996094,0.051156629447903
200,48.5340270996094,0.0535163346592498
201.25,48.5340270996094,0.0545897072752017
202.5,48.5340270996094,0.0547836243819115
203.75,48.5340270996094,0.0546206095441048
205,48.5340270996094,0.0546826689896398
206.25,48.5340270996094,0.0548028414711445
207.5,48.5340270996094,0.054464884409316
208.75,48.5340270996094,0.0536623216949228
210,48.5340270996094,0.0517142899023998
211.25,48.5340270996094,0.0482713537821104
212.5,48.5340270996094,0.0445318067931945
213.75,48.5340270996094,0.0415893919130523
215,48.5340270996094,0.0395003311353398
216.25,48.5340270996094,0.0377703949829315
217.5,48.5340270996094,0.0359814307722857
218.75,48.5340270996094,0.0341794333016516
220,48.5340270996094,0.0317107345120457
221.25,48.5340270996094,0.0274653907584822
222.5,48.5340270996094,0.0222702578055583
223.75,48.5340270996094,0.0180699466242876
225,48.5340270996094,0.0161485696167459
226.25,48.5340270996094,0.01676517390985
227.5,48.5340270996094,0.0171831256743305
228.75,48.5340270996094,0.0145044516651512
230,48.5340270996094,0.00893333812115002
231.25,48.5340270996094,0.00436669159165129
232.5,48.5340270996094,0.00268144102332576
233.75,48.5340270996094,0.00328767407642932
235,48.5340270996094,0.00379668668340558
236.25,48.5340270996094,0.00366190717291714
160,49.4764404296875,0.0363770020283156
161.25,49.4764404296875,0.0389462178239328
162.5,49.4764404296875,0.0367399902942761
163.75,49.4764404296875,0.0335301615556774
165,49.4764404296875,0.0314111549986269
166.25,49.4764404296875,0.0300109605768298
167.5,49.4764404296875,0.0283399194936146
168.75,49.4764404296875,0.0276178362828214
170,49.4764404296875,0.030945331533382
171.25,49.4764404296875,0.0372728176174468
172.5,49.4764404296875,0.0442834832482481
173.75,49.4764404296875,0.0515335818446602
175,49.4764404296875,0.0581944354261365
176.25,49.4764404296875,0.0636256139366046
177.5,49.4764404296875,0.0672304759114754
178.75,49.4764404296875,0.0677742857129879
180,49.4764404296875,0.0637390469176029
181.25,49.4764404296875,0.054920277398148
182.5,49.4764404296875,0.0434509609230621
183.75,49.4764404296875,0.032310358034096
185,49.4764404296875,0.0245957902723911
186.25,49.4764404296875,0.0191516067333187
187.5,49.4764404296875,0.0154919827685667
188.75,49.4764404296875,0.0138470229043432
190,49.4764404296875,0.0141932654886072
191.25,49.4764404296875,0.0165009388168275
192.5,49.4764404296875,0.0200479453677877
193.75,49.4764404296875,0.0239235310025975
195,49.4764404296875,0.0282110699395888
196.25,49.4764404296875,0.0333643398459583
197.5,49.4764404296875,0.0393662585545547
198.75,49.4764404296875,0.0455453638121987
200,49.4764404296875,0.0501469218592236
201.25,49.4764404296875,0.0525184211764063
202.5,49.4764404296875,0.0528293291142213
203.75,49.4764404296875,0.0519508731423901
205,49.4764404296875,0.0507245236514881
206.25,49.4764404296875,0.0497179797876709
207.5,49.4764404296875,0.0493823201771929
208.75,49.4764404296875,0.0491874101225279
210,49.4764404296875,0.0479747117575336
211.25,49.4764404296875,0.0452684928122788
212.5,49.4764404296875,0.0416329095777628
213.75,49.4764404296875,0.0381555909014984
215,49.4764404296875,0.0354218049850337
216.25,49.4764404296875,0.0333044368785542
217.5,49.4764404296875,0.0313460676292137
218.75,49.4764404296875,0.0294852834176742
220,49.4764404296875,0.0270093808343268
221.25,49.4764404296875,0.0234809544411131
222.5,49.4764404296875,0.0190554640166916
223.75,49.4764404296875,0.0148419462379009
225,49.4764404296875,0.011744614682077
226.25,49.4764404296875,0.00991858556076379
227.5,49.4764404296875,0.00852440248000224
228.75,49.4764404296875,0.00501027170598606
230,49.4764404296875,0.000523823054353392
231.25,49.4764404296875,-0.00185789982020726
232.5,49.4764404296875,-0.0035153367019647
233.75,49.4764404296875,-0.0030077370773462
235,49.4764404296875,0.00186390352304037
160,50.4188537597656,0.0292311218499744
161.25,50.4188537597656,0.037589903374069
162.5,50.4188537597656,0.0407245271661593
163.75,50.4188537597656,0.0388436735457635
165,50.4188537597656,0.0353073237477257
166.25,50.4188537597656,0.0307384258322107
167.5,50.4188537597656,0.0263824047381019
168.75,50.4188537597656,0.0253592090311384
170,50.4188537597656,0.028146807528958
171.25,50.4188537597656,0.0341802269240121
172.5,50.4188537597656,0.0421395337938277
173.75,50.4188537597656,0.0498829243957962
175,50.4188537597656,0.0560324223619626
176.25,50.4188537597656,0.0607199613060962
177.5,50.4188537597656,0.0634139157636357
178.75,50.4188537597656,0.0627498173494873
180,50.4188537597656,0.0567002338270208
181.25,50.4188537597656,0.0450057002679355
182.5,50.4188537597656,0.0322329907158075
183.75,50.4188537597656,0.0227728631750368
185,50.4188537597656,0.0164449070780169
186.25,50.4188537597656,0.0121486680786648
187.5,50.4188537597656,0.0101008696537447
188.75,50.4188537597656,0.0101492513919345
190,50.4188537597656,0.012059637446646
191.25,50.4188537597656,0.0154374829882428
192.5,50.4188537597656,0.0192689131885078
193.75,50.4188537597656,0.0228305227453235
195,50.4188537597656,0.0264216722824086
196.25,50.4188537597656,0.0304244738386153
197.5,50.4188537597656,0.034837069488113
198.75,50.4188537597656,0.0391767692140511
200,50.4188537597656,0.0428072863761538
201.25,50.4188537597656,0.0455860464450278
202.5,50.4188537597656,0.0472561137715067
203.75,50.4188537597656,0.0471457469254349
205,50.4188537597656,0.0458010900204233
206.25,50.4188537597656,0.044123540093313
207.5,50.4188537597656,0.0432639150517546
208.75,50.4188537597656,0.0430998411054545
210,50.4188537597656,0.0427405511593516
211.25,50.4188537597656,0.0409614838579866
212.5,50.4188537597656,0.0376147165566833
213.75,50.4188537597656,0.0338211985373993
215,50.4188537597656,0.0306214325523812
216.25,50.4188537597656,0.0286971459771448
217.5,50.4188537597656,0.0276046872477743
218.75,50.4188537597656,0.0262539059810942
220,50.4188537597656,0.023889699477296
221.25,50.4188537597656,0.0202117333591483
222.5,50.4188537597656,0.0156098044921097
223.75,50.4188537597656,0.0107464976724907
225,50.4188537597656,0.00573412093098372
226.25,50.4188537597656,0.00126360586346748
227.5,50.4188537597656,-0.00213280701725195
228.75,50.4188537597656,-0.00464134077753407
230,50.4188537597656,-0.00623681626579111
231.25,50.4188537597656,-0.00653315499589612
232.5,50.4188537597656,-0.00511401788444512
233.75,50.4188537597656,-0.00682873538845815
160,51.3612518310547,0.0229157410277953
161.25,51.3612518310547,0.0316319861338493
162.5,51.3612518310547,0.0390342451901602
163.75,51.3612518310547,0.0394177948716256
165,51.3612518310547,0.0347163149275148
166.25,51.3612518310547,0.0282975687742051
167.5,51.3612518310547,0.0237400018282901
168.75,51.3612518310547,0.022725377505132
170,51.3612518310547,0.0251867866783828
171.25,51.3612518310547,0.0300395850603991
172.5,51.3612518310547,0.0355714639532347
173.75,51.3612518310547,0.0407772420047025
175,51.3612518310547,0.0458864118337533
176.25,51.3612518310547,0.0510140847341773
177.5,51.3612518310547,0.0550614171365636
178.75,51.3612518310547,0.0573029799340861
180,51.3612518310547,0.0542676628565946
181.25,51.3612518310547,0.0434122792247165
182.5,51.3612518310547,0.02937860534694
183.75,51.3612518310547,0.0187823390579871
185,51.3612518310547,0.0125217692778533
186.25,51.3612518310547,0.00912229129189772
187.5,51.3612518310547,0.00891274218111928
188.75,51.3612518310547,0.0111563176398527
190,51.3612518310547,0.0147599681087253
191.25,51.3612518310547,0.0187943802852729
192.5,51.3612518310547,0.022459301501936
193.75,51.3612518310547,0.0255748106327063
195,51.3612518310547,0.0280633289573411
196.25,51.3612518310547,0.0299570110501082
197.5,51.3612518310547,0.0317118252274472
198.75,51.3612518310547,0.0338168038470204
200,51.3612518310547,0.0361426702339785
201.25,51.3612518310547,0.0379956784208575
202.5,51.3612518310547,0.0390871441265336
203.75,51.3612518310547,0.0388794056351708
205,51.3612518310547,0.0379482905939533
206.25,51.3612518310547,0.0371470344674905
207.5,51.3612518310547,0.0369791977584075
208.75,51.3612518310547,0.0368901130406698
210,51.3612518310547,0.0362514753297856
211.25,51.3612518310547,0.0344792432874502
212.5,51.3612518310547,0.0320320154169262
213.75,51.3612518310547,0.0292438880449113
215,51.3612518310547,0.026728998709314
216.25,51.3612518310547,0.0252744366821592
217.5,51.3612518310547,0.0244890549107094
218.75,51.3612518310547,0.0232834794774697
220,51.3612518310547,0.0209158666731337
221.25,51.3612518310547,0.01695571784322
222.5,51.3612518310547,0.0111108670486309
223.75,51.3612518310547,0.00389670140125374
225,51.3612518310547,-0.00290280555172507
226.25,51.3612518310547,-0.00831554678622305
227.5,51.3612518310547,-0.0115819829578564
228.75,51.3612518310547,-0.0133300156710991
230,51.3612518310547,-0.0135100470613897
231.25,51.3612518310547,-0.0129829399185266
232.5,51.3612518310547,-0.0155993925029881
160,52.3036651611328,0.0183569892967889
161.25,52.3036651611328,0.0207491693886486
162.5,52.3036651611328,0.0264271706627046
163.75,52.3036651611328,0.029190265205129
165,52.3036651611328,0.0253838621668379
166.25,52.3036651611328,0.0195429780412389
167.5,52.3036651611328,0.0159703151401862
168.75,52.3036651611328,0.0160678223056748
170,52.3036651611328,0.0191853329945056
171.25,52.3036651611328,0.023703223224992
172.5,52.3036651611328,0.0279209978530267
173.75,52.3036651611328,0.0317175556234822
175,52.3036651611328,0.0366517263617598
176.25,52.3036651611328,0.0417156455676616
177.5,52.3036651611328,0.0456663710779378
178.75,52.3036651611328,0.0488396680630885
180,52.3036651611328,0.0488565806536646
181.25,52.3036651611328,0.0412025861246727
182.5,52.3036651611328,0.0290207169182356
183.75,52.3036651611328,0.0184435490141937
185,52.3036651611328,0.0118300457188458
186.25,52.3036651611328,0.00890412945404326
187.5,52.3036651611328,0.00884352053904142
188.75,52.3036651611328,0.0101730845440699
190,52.3036651611328,0.0141585082283309
191.25,52.3036651611328,0.018708481949911
192.5,52.3036651611328,0.0223638122060771
193.75,52.3036651611328,0.0253894891958453
195,52.3036651611328,0.0276930188542491
196.25,52.3036651611328,0.0290774474875753
197.5,52.3036651611328,0.0298596062693438
198.75,52.3036651611328,0.0305609348773251
200,52.3036651611328,0.0312175733686601
201.25,52.3036651611328,0.0316696380498814
202.5,52.3036651611328,0.0317645955709955
203.75,52.3036651611328,0.031173228481587
205,52.3036651611328,0.0302549589859486
206.25,52.3036651611328,0.0296631401488343
207.5,52.3036651611328,0.0296028140226344
208.75,52.3036651611328,0.0300809753924217
210,52.3036651611328,0.0300520924336775
211.25,52.3036651611328,0.0288706298817189
212.5,52.3036651611328,0.02690199944383
213.75,52.3036651611328,0.0248266740947313
215,52.3036651611328,0.0234196900944404
216.25,52.3036651611328,0.0225515158055987
217.5,52.3036651611328,0.0216689585917798
218.75,52.3036651611328,0.0200253773728166
220,52.3036651611328,0.0171465949245306
221.25,52.3036651611328,0.0126854123554004
222.5,52.3036651611328,0.00512728176748681
223.75,52.3036651611328,-0.0043753326035562
225,52.3036651611328,-0.0126475984266054
226.25,52.3036651611328,-0.0175572922408879
227.5,52.3036651611328,-0.0200012191206878
228.75,52.3036651611328,-0.0220848244347766
230,52.3036651611328,-0.0221382269404099
231.25,52.3036651611328,-0.0213041783799887
232.5,52.3036651611328,-0.0201497953578265
160,53.2460784912109,0.0150822673582677
161.25,53.2460784912109,0.0130727253584667
162.5,53.2460784912109,0.0101968409475598
163.75,53.2460784912109,0.0123892258990078
165,53.2460784912109,0.0130770136247296
166.25,53.2460784912109,0.0110654079052889
167.5,53.2460784912109,0.0101312401688265
168.75,53.2460784912109,0.0113522567041789
170,53.2460784912109,0.0140023475259042
171.25,53.2460784912109,0.016740548946757
172.5,53.2460784912109,0.018793887240303
173.75,53.2460784912109,0.0211268919671224
175,53.2460784912109,0.0257827946705572
176.25,53.2460784912109,0.0309860105954586
177.5,53.2460784912109,0.0350008401902214
178.75,53.2460784912109,0.038133417095205
180,53.2460784912109,0.0405427700627614
181.25,53.2460784912109,0.0379308385297482
182.5,53.2460784912109,0.0297083896924623
183.75,53.2460784912109,0.0198288845489744
185,53.2460784912109,0.0128159508031288
186.25,53.2460784912109,0.00941922194471915
187.5,53.2460784912109,0.00827154728832298
188.75,53.2460784912109,0.00901973902976381
190,53.2460784912109,0.0121661695212872
191.25,53.2460784912109,0.0161995760684247
192.5,53.2460784912109,0.0199672366938299
193.75,53.2460784912109,0.0224830099799312
195,53.2460784912109,0.0249867022999981
196.25,53.2460784912109,0.0273457278607315
197.5,53.2460784912109,0.0289863104568638
198.75,53.2460784912109,0.0295512485731345
200,53.2460784912109,0.0294986868220781
201.25,53.2460784912109,0.0288565597239662
202.5,53.2460784912109,0.0279549634594675
203.75,53.2460784912109,0.0270989292646772
205,53.2460784912109,0.0265488402939146
206.25,53.2460784912109,0.0260223870609973
207.5,53.2460784912109,0.0254217642765444
208.75,53.2460784912109,0.0249385068825512
210,53.2460784912109,0.0244250018204686
211.25,53.2460784912109,0.023778653209914
212.5,53.2460784912109,0.0226643893181765
213.75,53.2460784912109,0.021277915051487
215,53.2460784912109,0.0203904231168258
216.25,53.2460784912109,0.0196527412084567
217.5,53.2460784912109,0.0186723432366872
218.75,53.2460784912109,0.0168099051878757
220,53.2460784912109,0.0132078441365901
221.25,53.2460784912109,0.00671653474182866
222.5,53.2460784912109,-0.00259431543655726
223.75,53.2460784912109,-0.0123030886113993
225,53.2460784912109,-0.019973782777562
226.25,53.2460784912109,-0.0245249102196171
227.5,53.2460784912109,-0.0283183997248983
228.75,53.2460784912109,-0.0331676538045744
230,53.2460784912109,-0.0328329692205954
231.25,53.2460784912109,-0.0233793538115874
160,54.1884765625,0.0120398440164391
161.25,54.1884765625,0.0100681296409568
162.5,54.1884765625,0.00445615884973851
163.75,54.1884765625,0.000370287801874945
165,54.1884765625,-0.000972132231475362
166.25,54.1884765625,0.000620155564988327
167.5,54.1884765625,0.00284870227551756
168.75,54.1884765625,0.00487183568734985
170,54.1884765625,0.00699870025634088
171.25,54.1884765625,0.00875896582053621
172.5,54.1884765625,0.0103872935193964
173.75,54.1884765625,0.0128005278060013
175,54.1884765625,0.0170065035821073
176.25,54.1884765625,0.0215228145073411
177.5,54.1884765625,0.0256954559569926
178.75,54.1884765625,0.030652887615122
180,54.1884765625,0.0362344548372133
181.25,54.1884765625,0.0367616326089883
182.5,54.1884765625,0.0305073189810943
183.75,54.1884765625,0.0213558963902975
185,54.1884765625,0.0141482801450924
186.25,54.1884765625,0.0104680450692486
187.5,54.1884765625,0.00941196118989608
188.75,54.1884765625,0.009863527948945
190,54.1884765625,0.0114616873572106
191.25,54.1884765625,0.0137550528294895
192.5,54.1884765625,0.0163693288856404
193.75,54.1884765625,0.0188185250345612
195,54.1884765625,0.0202821445630743
196.25,54.1884765625,0.0227340687852546
197.5,54.1884765625,0.0273491540247454
198.75,54.1884765625,0.030149333401863
200,54.1884765625,0.0298747667782743
201.25,54.1884765625,0.0289016616525547
202.5,54.1884765625,0.0280455490536499
203.75,54.1884765625,0.0270944129284661
205,54.1884765625,0.0262344125753991
206.25,54.1884765625,0.0252369249711321
207.5,54.1884765625,0.0239641528468471
208.75,54.1884765625,0.0224890901464333
210,54.1884765625,0.0209100296046014
211.25,54.1884765625,0.0194406356396069
212.5,54.1884765625,0.0183692333328652
213.75,54.1884765625,0.0178963898385126
215,54.1884765625,0.0179154294134754
216.25,54.1884765625,0.0175014081518503
217.5,54.1884765625,0.0161571526819306
218.75,54.1884765625,0.0135422743342204
220,54.1884765625,0.00893612746265014
221.25,54.1884765625,0.000712927435146061
222.5,54.1884765625,-0.0101097281183527
223.75,54.1884765625,-0.0197234826242409
225,54.1884765625,-0.0254888446153251
226.25,54.1884765625,-0.0293934420606571
227.5,54.1884765625,-0.0321412677274644
228.75,54.1884765625,-0.0397907209652874
230,54.1884765625,-0.0414656595693666
161.25,55.1308898925781,0.00182308659430591
162.5,55.1308898925781,8.79021888080183e-05
163.75,55.1308898925781,-0.00374346079118363
165,55.1308898925781,-0.00704914655465911
166.25,55.1308898925781,-0.0104847555071365
167.5,55.1308898925781,-0.00939199666941717
168.75,55.1308898925781,-0.00620057890060518
170,55.1308898925781,-0.00397729724076952
171.25,55.1308898925781,-0.00180358859718138
172.5,55.1308898925781,0.00076288983688079
173.75,55.1308898925781,0.00324788204860705
175,55.1308898925781,0.00598670696873678
176.25,55.1308898925781,0.0106227895737388
177.5,55.1308898925781,0.0179888729791079
178.75,55.1308898925781,0.027063320248094
180,55.1308898925781,0.0339899749019962
181.25,55.1308898925781,0.0343071518138538
182.5,55.1308898925781,0.0281412873914703
183.75,55.1308898925781,0.0201800054250925
185,55.1308898925781,0.0143578981637793
186.25,55.1308898925781,0.011636882073713
187.5,55.1308898925781,0.0110868350177628
188.75,55.1308898925781,0.0115193112617163
190,55.1308898925781,0.0122175797142037
191.25,55.1308898925781,0.0129948714254516
192.5,55.1308898925781,0.0137347792983304
193.75,55.1308898925781,0.0136347546120047
195,55.1308898925781,0.0115455659557529
196.25,55.1308898925781,0.00987859202999192
197.5,55.1308898925781,0.0184805171021503
198.75,55.1308898925781,0.0274896580006778
200,55.1308898925781,0.0288130959199013
201.25,55.1308898925781,0.0285101674294402
202.5,55.1308898925781,0.0276937863237414
203.75,55.1308898925781,0.0265475812044136
205,55.1308898925781,0.025230544382322
206.25,55.1308898925781,0.0235178039172263
207.5,55.1308898925781,0.0213340577784751
208.75,55.1308898925781,0.019153637943312
210,55.1308898925781,0.0177488770684464
211.25,55.1308898925781,0.0166571379177241
212.5,55.1308898925781,0.0158519495495192
213.75,55.1308898925781,0.0156504765376776
215,55.1308898925781,0.0160127303828423
216.25,55.1308898925781,0.0160325561805164
217.5,55.1308898925781,0.014484306076456
218.75,55.1308898925781,0.0105929788301725
220,55.1308898925781,0.00367132541270134
221.25,55.1308898925781,-0.00558378331893264
222.5,55.1308898925781,-0.0156140317624206
223.75,55.1308898925781,-0.0230396974527401
225,55.1308898925781,-0.0270144536539443
226.25,55.1308898925781,-0.0331947601819333
227.5,55.1308898925781,-0.038550244800528
228.75,55.1308898925781,-0.040676289796435
230,55.1308898925781,-0.0414656765824218
161.25,56.0733032226562,9.33255801719215e-05
162.5,56.0733032226562,-0.0033505817942305
163.75,56.0733032226562,-0.00534924495292186
165,56.0733032226562,-0.00764161207872566
166.25,56.0733032226562,-0.0136980514252393
167.5,56.0733032226562,-0.0199897053099038
168.75,56.0733032226562,-0.0227636925612986
170,56.0733032226562,-0.0223748056290122
171.25,56.0733032226562,-0.0198873860854786
172.5,56.0733032226562,-0.0156852208459644
173.75,56.0733032226562,-0.0101999955907338
175,56.0733032226562,-0.00357272495220598
176.25,56.0733032226562,0.00464736900009806
177.5,56.0733032226562,0.0148384938067058
178.75,56.0733032226562,0.0249016532124638
180,56.0733032226562,0.0305474081483672
181.25,56.0733032226562,0.0292298165004787
182.5,56.0733032226562,0.024073462333473
183.75,56.0733032226562,0.0185774423801973
185,56.0733032226562,0.0144132831850565
186.25,56.0733032226562,0.0121519325716287
187.5,56.0733032226562,0.0117145373499308
188.75,56.0733032226562,0.011852694908966
190,56.0733032226562,0.0112373960855857
191.25,56.0733032226562,0.0103732568179115
192.5,56.0733032226562,0.00920788467158879
193.75,56.0733032226562,0.00738984802883012
195,56.0733032226562,0.00515262874929286
196.25,56.0733032226562,0.00258582257511652
197.5,56.0733032226562,0.000534911671602284
198.75,56.0733032226562,0.000348576600046668
200,56.0733032226562,0.0185451273112194
201.25,56.0733032226562,0.0243157586417147
202.5,56.0733032226562,0.0245193020247998
203.75,56.0733032226562,0.0233319729953106
205,56.0733032226562,0.0229027291025309
206.25,56.0733032226562,0.0217322713537617
207.5,56.0733032226562,0.0195975995268842
208.75,56.0733032226562,0.0174293867082112
210,56.0733032226562,0.0158044350853716
211.25,56.0733032226562,0.0150493836195914
212.5,56.0733032226562,0.0148670889748312
213.75,56.0733032226562,0.0149952995548142
215,56.0733032226562,0.0152914235427981
216.25,56.0733032226562,0.0147369590898319
217.5,56.0733032226562,0.0121504648230801
218.75,56.0733032226562,0.0069822096105229
220,56.0733032226562,-0.000950827865292496
221.25,56.0733032226562,-0.010182198138039
222.5,56.0733032226562,-0.0176270273814584
223.75,56.0733032226562,-0.0211940802124202
225,56.0733032226562,-0.0223672787216742
226.25,56.0733032226562,-0.0227241925681515
227.5,56.0733032226562,-0.0397088767904486
162.5,57.0157012939453,-0.00457410947168204
163.75,57.0157012939453,-0.00432925181213221
165,57.0157012939453,-0.00482289239313521
166.25,57.0157012939453,-0.00867843527161497
167.5,57.0157012939453,-0.0146800892845562
168.75,57.0157012939453,-0.0189424706906872
170,57.0157012939453,-0.0195072131740379
171.25,57.0157012939453,-0.0174990727427327
172.5,57.0157012939453,-0.0142428402203342
173.75,57.0157012939453,-0.00922984165345948
175,57.0157012939453,-0.00180343386204797
176.25,57.0157012939453,0.00753296991239095
177.5,57.0157012939453,0.0173620732771286
178.75,57.0157012939453,0.0252463517823722
180,57.0157012939453,0.0276200721839477
181.25,57.0157012939453,0.025196590987836
182.5,57.0157012939453,0.0212455849238474
183.75,57.0157012939453,0.0174966984849602
185,57.0157012939453,0.014097929758662
186.25,57.0157012939453,0.0115885194062282
187.5,57.0157012939453,0.00965838608103654
188.75,57.0157012939453,0.0069404130229949
190,57.0157012939453,0.00219020190452026
191.25,57.0157012939453,-0.0005906095988657
192.5,57.0157012939453,-0.00255097590500353
193.75,57.0157012939453,-0.00351953734519449
195,57.0157012939453,-0.00199547402014753
196.25,57.0157012939453,-0.000626859550973039
197.5,57.0157012939453,-0.000592537213960434
198.75,57.0157012939453,-0.000897633789727237
200,57.0157012939453,-0.000498615272447144
201.25,57.0157012939453,-0.00189511470865248
202.5,57.0157012939453,0.0123173015709543
203.75,57.0157012939453,0.0191885213495884
205,57.0157012939453,0.0199253593932034
206.25,57.0157012939453,0.0195396434158286
207.5,57.0157012939453,0.0177315829616487
208.75,57.0157012939453,0.0178451820685628
210,57.0157012939453,0.0166131694517704
211.25,57.0157012939453,0.0153524510023555
212.5,57.0157012939453,0.0147139647960066
213.75,57.0157012939453,0.0146769883026804
215,57.0157012939453,0.0147103671308221
216.25,57.0157012939453,0.0131766058305712
217.5,57.0157012939453,0.00879232502047562
218.75,57.0157012939453,0.00194355780922959
220,57.0157012939453,-0.00539881168779321
221.25,57.0157012939453,-0.0116003370990611
222.5,57.0157012939453,-0.0141139596432226
223.75,57.0157012939453,-0.0138601988609229
225,57.0157012939453,-0.0162419649330343
226.25,57.0157012939453,-0.019775425805948
162.5,57.9581146240234,-0.00382920799668584
163.75,57.9581146240234,-0.00358315296837526
165,57.9581146240234,-0.00267417870337957
166.25,57.9581146240234,-0.0019568291275594
167.5,57.9581146240234,-0.000684631440256756
168.75,57.9581146240234,0.00133627477497529
170,57.9581146240234,0.00298906714726301
171.25,57.9581146240234,0.00302929164719294
172.5,57.9581146240234,0.00286784378027119
173.75,57.9581146240234,0.00430583021852086
175,57.9581146240234,0.00784268745466643
176.25,57.9581146240234,0.0141064161515137
177.5,57.9581146240234,0.0215276586946986
178.75,57.9581146240234,0.0251378560900739
180,57.9581146240234,0.0242007989616704
181.25,57.9581146240234,0.0216574283989946
182.5,57.9581146240234,0.0190174683480655
183.75,57.9581146240234,0.0161229659943021
185,57.9581146240234,0.0128356589225942
186.25,57.9581146240234,0.00905774358776205
187.5,57.9581146240234,0.00132213822208748
188.75,57.9581146240234,-0.00927646828400513
190,57.9581146240234,-0.0129695698884112
191.25,57.9581146240234,-0.0132536224514578
192.5,57.9581146240234,-0.0135392617620861
193.75,57.9581146240234,-0.0128853061506338
195,57.9581146240234,-0.010977103327666
196.25,57.9581146240234,-0.00771790338132295
197.5,57.9581146240234,-0.00619526491998952
198.75,57.9581146240234,-0.00764814756030745
200,57.9581146240234,-0.00793924232579869
201.25,57.9581146240234,-0.0068969892752662
202.5,57.9581146240234,-0.00647561325919885
203.75,57.9581146240234,0.0184246477802632
206.25,57.9581146240234,0.0121369128448867
207.5,57.9581146240234,0.0141817710036419
208.75,57.9581146240234,0.0164913108765585
210,57.9581146240234,0.0174141164400913
211.25,57.9581146240234,0.0166159562325673
212.5,57.9581146240234,0.0150221533663554
213.75,57.9581146240234,0.0137679400621316
215,57.9581146240234,0.0126822938604024
216.25,57.9581146240234,0.0103632116163581
217.5,57.9581146240234,0.00554267174781968
218.75,57.9581146240234,-0.000907704865586691
220,57.9581146240234,-0.00618539189993048
221.25,57.9581146240234,-0.00840929237331932
222.5,57.9581146240234,-0.00815898947592384
223.75,57.9581146240234,-0.00774427292064724
225,57.9581146240234,-0.0110870352075423
160,58.9005279541016,-0.0427718066643046
161.25,58.9005279541016,-0.0428122252470817
162.5,58.9005279541016,-0.0049807512026727
163.75,58.9005279541016,-0.00696114213872329
165,58.9005279541016,-0.00442126656414149
166.25,58.9005279541016,-0.00290259315196468
167.5,58.9005279541016,0.000518164098995514
168.75,58.9005279541016,0.00409728712502549
170,58.9005279541016,0.00503876630154383
171.25,58.9005279541016,0.00337491019257933
172.5,58.9005279541016,0.00289249221216979
173.75,58.9005279541016,0.00467689610227637
175,58.9005279541016,0.00840980404685069
176.25,58.9005279541016,0.0137928798535693
177.5,58.9005279541016,0.0185716926269577
178.75,58.9005279541016,0.0208543832949361
180,58.9005279541016,0.0209409192224776
181.25,58.9005279541016,0.0195904140259453
182.5,58.9005279541016,0.0167002850792749
183.75,58.9005279541016,0.01220168067359
185,58.9005279541016,0.00670644635855283
186.25,58.9005279541016,-0.00117414272319252
187.5,58.9005279541016,-0.0132159688574601
188.75,58.9005279541016,-0.0209464561563947
190,58.9005279541016,-0.0218183046979323
191.25,58.9005279541016,-0.0229987393551506
192.5,58.9005279541016,-0.0248055683996772
193.75,58.9005279541016,-0.0263429664722374
195,58.9005279541016,-0.025828627474408
196.25,58.9005279541016,-0.0203607247568243
197.5,58.9005279541016,-0.0154792253856913
198.75,58.9005279541016,-0.0129573112507823
200,58.9005279541016,-0.0122007808477997
201.25,58.9005279541016,-0.00900969868083146
202.5,58.9005279541016,-0.00626809275643595
206.25,58.9005279541016,0.0115687022423073
207.5,58.9005279541016,0.0116694957777201
208.75,58.9005279541016,0.0131836585207052
210,58.9005279541016,0.0154215972816083
211.25,58.9005279541016,0.016142968750508
212.5,58.9005279541016,0.0147450973066038
213.75,58.9005279541016,0.013015309870534
215,58.9005279541016,0.0112730743178746
216.25,58.9005279541016,0.00968955690980699
217.5,58.9005279541016,0.00708420016273325
218.75,58.9005279541016,0.00295385250637453
220,58.9005279541016,-0.00130192057526452
221.25,58.9005279541016,-0.00326899967657124
222.5,58.9005279541016,-0.00473851871027212
160,59.8429260253906,-0.0408088300057645
161.25,59.8429260253906,-0.0386879003754908
162.5,59.8429260253906,-0.0382035883862639
163.75,59.8429260253906,-0.0110855872636184
165,59.8429260253906,-0.00807573370570114
166.25,59.8429260253906,-0.00652411392285727
167.5,59.8429260253906,-0.00475453438928303
168.75,59.8429260253906,-0.00240842831116805
170,59.8429260253906,-0.00174338989369396
171.25,59.8429260253906,-0.00533187126143392
172.5,59.8429260253906,-0.0057403638641327
173.75,59.8429260253906,-0.00318080544861137
175,59.8429260253906,0.00134278876503007
176.25,59.8429260253906,0.00568485776401071
177.5,59.8429260253906,0.009319957301298
178.75,59.8429260253906,0.0123226286958846
180,59.8429260253906,0.0132274062460553
181.25,59.8429260253906,0.0119658796558313
182.5,59.8429260253906,0.0086521464822439
183.75,59.8429260253906,0.0025118961312474
185,59.8429260253906,-0.00427230980572614
186.25,59.8429260253906,-0.013496600934313
187.5,59.8429260253906,-0.0236834083644314
188.75,59.8429260253906,-0.0297567871766691
190,59.8429260253906,-0.0316515412995699
191.25,59.8429260253906,-0.0336645705487147
192.5,59.8429260253906,-0.0357091258924804
193.75,59.8429260253906,-0.0356095321773991
195,59.8429260253906,-0.0334754272430307
196.25,59.8429260253906,-0.0285007663025059
197.5,59.8429260253906,-0.0206789754729262
198.75,59.8429260253906,-0.0184045093506716
206.25,59.8429260253906,0.0106259351498036
207.5,59.8429260253906,0.0106916257548212
208.75,59.8429260253906,0.0115468128651544
210,59.8429260253906,0.0124449299890389
211.25,59.8429260253906,0.0133343455712083
212.5,59.8429260253906,0.00492273962073977
213.75,59.8429260253906,0.00651803088381326
215,59.8429260253906,0.00615220810247943
216.25,59.8429260253906,0.00794273104295884
217.5,59.8429260253906,0.0107893824191591
218.75,59.8429260253906,0.00876837942323024
220,59.8429260253906,0.00199445329940267
221.25,59.8429260253906,-0.00180635687155781
160,60.7853393554688,-0.0382611520661205
161.25,60.7853393554688,-0.0373490991810822
162.5,60.7853393554688,-0.0372162641468562
167.5,60.7853393554688,-0.00729957708492808
168.75,60.7853393554688,-0.00570695849982846
170,60.7853393554688,-0.00551008301085208
171.25,60.7853393554688,-0.00607927112797294
172.5,60.7853393554688,-0.0079317328079986
173.75,60.7853393554688,-0.00956638362184355
175,60.7853393554688,-0.0073710394548161
176.25,60.7853393554688,-0.00492312097848202
177.5,60.7853393554688,-0.00322166443623093
178.75,60.7853393554688,-0.00175675860580417
180,60.7853393554688,-0.00169920150431774
181.25,60.7853393554688,-0.00297796882260948
182.5,60.7853393554688,-0.00495602692896993
183.75,60.7853393554688,-0.0088931480838666
185,60.7853393554688,-0.0134755456316977
186.25,60.7853393554688,-0.0188356237573065
187.5,60.7853393554688,-0.0262101428947535
188.75,60.7853393554688,-0.032626208203709
190,60.7853393554688,-0.0340302740413539
191.25,60.7853393554688,-0.0344161753893455
192.5,60.7853393554688,-0.0322029876637059
193.75,60.7853393554688,-0.0247303716633283
195,60.7853393554688,-0.0186209086589231
212.5,60.7853393554688,-0.00484182779417263
213.75,60.7853393554688,-0.00115246569322002
215,60.7853393554688,0.00140275712695766
216.25,60.7853393554688,0.00446372666380108
160,61.7277526855469,-0.0392378659671345
173.75,61.7277526855469,-0.0121014169341302
175,61.7277526855469,-0.00961098255711524
176.25,61.7277526855469,-0.00793959439793603
177.5,61.7277526855469,-0.0101091913641705
178.75,61.7277526855469,-0.0129662490718844
180,61.7277526855469,-0.0161983935818082
181.25,61.7277526855469,-0.0142200525157123
182.5,61.7277526855469,-0.00896773748820171
183.75,61.7277526855469,-0.00999508268680427
185,61.7277526855469,-0.0129253169256173
186.25,61.7277526855469,-0.0179884716253846
187.5,61.7277526855469,-0.0247166680292538
188.75,61.7277526855469,-0.0294858628296887
190,61.7277526855469,-0.0297192049278849
191.25,61.7277526855469,-0.02791616889201
192.5,61.7277526855469,-0.0199945923991368
193.75,61.7277526855469,-0.00513423550674817
195,61.7277526855469,-0.00847955650532879
175,62.6701507568359,-0.00866921166112263
176.25,62.6701507568359,-0.00832575497177912
177.5,62.6701507568359,-0.00012971170015276
178.75,62.6701507568359,0.00594684392111849
180,62.6701507568359,0.000500905947250677
181.25,62.6701507568359,-0.00599855161759385
182.5,62.6701507568359,-0.00768776173840489
183.75,62.6701507568359,-0.0108677213988276
185,62.6701507568359,-0.0136612721181319
186.25,62.6701507568359,-0.0151743916967771
187.5,62.6701507568359,-0.0169584807549221
188.75,62.6701507568359,-0.0197126915681466
190,62.6701507568359,-0.0206838103053496
191.25,62.6701507568359,-0.0186904279714293
192.5,62.6701507568359,-0.0071748481526535
193.75,62.6701507568359,0.00949796792167598
195,62.6701507568359,0.0153604690568246
196.25,62.6701507568359,0.0161082509325275
197.5,62.6701507568359,0.0161082480339887
178.75,63.6125640869141,0.0175981618170846
180,63.6125640869141,0.0170329740419549
181.25,63.6125640869141,0.00842231998875611
182.5,63.6125640869141,0.00168375735119056
183.75,63.6125640869141,-0.00349951864327665
185,63.6125640869141,-0.00536280078637518
186.25,63.6125640869141,-0.00447848185354247
187.5,63.6125640869141,-0.00385725470302274
188.75,63.6125640869141,-0.00343625032129932
190,63.6125640869141,-0.00552920639640516
191.25,63.6125640869141,-0.00880878847827875
192.5,63.6125640869141,-0.00139585432165031
193.75,63.6125640869141,0.0103255247208201
195,63.6125640869141,0.0156654989533354
196.25,63.6125640869141,0.0152735064981267
197.5,63.6125640869141,0.0141569736086051
178.75,64.5549774169922,0.0180348671104504
180,64.5549774169922,0.0177241355000377
181.25,64.5549774169922,0.014862005549303
182.5,64.5549774169922,0.0151313361033096
183.75,64.5549774169922,0.0127602238424314
185,64.5549774169922,0.00693015453491919
186.25,64.5549774169922,0.00525547284968416
187.5,64.5549774169922,0.00341918604607349
188.75,64.5549774169922,0.0052564195860037
190,64.5549774169922,0.00303452980494988
191.25,64.5549774169922,-0.00164347517181414
192.5,64.5549774169922,0.00270020059611439
193.75,64.5549774169922,0.00731429752853932
195,64.5549774169922,0.00977925070692321
196.25,64.5549774169922,0.011521425232441
197.5,64.5549774169922,0.0121937608509073
180,65.4973907470703,0.0155699879214792
181.25,65.4973907470703,0.0138624103827307
182.5,65.4973907470703,0.0148684850138837
183.75,65.4973907470703,0.0159859634010655
185,65.4973907470703,0.0161874639017465
188.75,65.4973907470703,0.00446631026810933
190,65.4973907470703,0.00328865226960413
191.25,65.4973907470703,0.00136333589131708
192.5,65.4973907470703,0.0018181238033663
193.75,65.4973907470703,0.00272024498357729
