"lon","lat","beta"
160,20.2617797851562,0.0150273558111931
161.25,20.2617797851562,0.0148098059802446
162.5,20.2617797851562,0.0136228208188477
163.75,20.2617797851562,0.011849438745795
165,20.2617797851562,0.0101488221145822
166.25,20.2617797851562,0.00879387245990301
167.5,20.2617797851562,0.00767399957500369
168.75,20.2617797851562,0.00632532542293344
170,20.2617797851562,0.00498787045905826
171.25,20.2617797851562,0.00393207209678265
172.5,20.2617797851562,0.00365971233585417
173.75,20.2617797851562,0.00384747139335362
175,20.2617797851562,0.00409552525504857
176.25,20.2617797851562,0.0044399394614218
177.5,20.2617797851562,0.00510757998027831
178.75,20.2617797851562,0.00591294354190746
180,20.2617797851562,0.00687218989063505
181.25,20.2617797851562,0.00738279239047494
182.5,20.2617797851562,0.00763165582792863
183.75,20.2617797851562,0.00806447766131962
185,20.2617797851562,0.00874221211026802
186.25,20.2617797851562,0.0095580830424099
187.5,20.2617797851562,0.0102501873068206
188.75,20.2617797851562,0.0103970751249596
190,20.2617797851562,0.00952690923385332
191.25,20.2617797851562,0.00734192029601011
192.5,20.2617797851562,0.0035268651107032
193.75,20.2617797851562,-0.0012026498916613
195,20.2617797851562,-0.00518611674052216
196.25,20.2617797851562,-0.00738629844209768
197.5,20.2617797851562,-0.00796543512694646
198.75,20.2617797851562,-0.00726187443884422
200,20.2617797851562,-0.00589549439228943
201.25,20.2617797851562,-0.00441048447923942
202.5,20.2617797851562,-0.00468802878648036
203.75,20.2617797851562,-0.00710508850436769
205,20.2617797851562,-0.00995375481468849
206.25,20.2617797851562,-0.0122048250187285
207.5,20.2617797851562,-0.0129065457142414
208.75,20.2617797851562,-0.0140658728580656
210,20.2617797851562,-0.0155054999252548
211.25,20.2617797851562,-0.0168094935210247
212.5,20.2617797851562,-0.0179067894786352
213.75,20.2617797851562,-0.0188629100120678
215,20.2617797851562,-0.0184779861657572
216.25,20.2617797851562,-0.0175279464796532
217.5,20.2617797851562,-0.0163940428244804
218.75,20.2617797851562,-0.0151374862366853
220,20.2617797851562,-0.0138236116106713
221.25,20.2617797851562,-0.0124198955263868
222.5,20.2617797851562,-0.0110617610804631
223.75,20.2617797851562,-0.00992374112288799
225,20.2617797851562,-0.00896085111554398
226.25,20.2617797851562,-0.00696427928342145
227.5,20.2617797851562,-0.00465010055962405
228.75,20.2617797851562,-0.00197663642657833
230,20.2617797851562,-0.000126641752509648
231.25,20.2617797851562,0.000676484372436922
232.5,20.2617797851562,0.00188063586110035
233.75,20.2617797851562,0.00493253797392286
235,20.2617797851562,0.00819908324775898
236.25,20.2617797851562,0.00745477195486415
237.5,20.2617797851562,0.000456230612721782
238.75,20.2617797851562,-0.0057158991879423
240,20.2617797851562,-0.00673673756691696
241.25,20.2617797851562,-0.00520213603170018
242.5,20.2617797851562,-0.00344002010452796
243.75,20.2617797851562,-0.00204659860863619
245,20.2617797851562,-0.000266669020625694
246.25,20.2617797851562,0.00148580772855451
247.5,20.2617797851562,0.00225144290290044
248.75,20.2617797851562,0.00196015749677647
250,20.2617797851562,-0.0008979524881675
160,21.2041854858398,0.012053153610364
161.25,21.2041854858398,0.0131376204622356
162.5,21.2041854858398,0.012866668373679
163.75,21.2041854858398,0.0114589268921863
165,21.2041854858398,0.00966634101510986
166.25,21.2041854858398,0.00806192760986069
167.5,21.2041854858398,0.00639929878659672
168.75,21.2041854858398,0.00421631569647324
170,21.2041854858398,0.00256903124182976
171.25,21.2041854858398,0.00172892256889516
172.5,21.2041854858398,0.00125923503331315
173.75,21.2041854858398,0.000956895913290246
175,21.2041854858398,0.000886308179651766
176.25,21.2041854858398,0.000800895617829882
177.5,21.2041854858398,0.000967593657687104
178.75,21.2041854858398,0.00151224058839973
180,21.2041854858398,0.00258942534740697
181.25,21.2041854858398,0.00347536908873075
182.5,21.2041854858398,0.00381449877967957
183.75,21.2041854858398,0.00401679974201302
185,21.2041854858398,0.00460680069394624
186.25,21.2041854858398,0.00563775032249672
187.5,21.2041854858398,0.00701472630841765
188.75,21.2041854858398,0.00834551287802779
190,21.2041854858398,0.008890692437662
191.25,21.2041854858398,0.00763050967604985
192.5,21.2041854858398,0.00396767028466451
193.75,21.2041854858398,0.000121786568657094
195,21.2041854858398,-0.00260933636698393
196.25,21.2041854858398,-0.00375818857762073
197.5,21.2041854858398,-0.00415142874060082
198.75,21.2041854858398,-0.00386843124639566
200,21.2041854858398,-0.00322693079883882
201.25,21.2041854858398,-0.00256800363054914
202.5,21.2041854858398,-0.00356515570064688
203.75,21.2041854858398,-0.00613383661860666
205,21.2041854858398,-0.00835553092018367
206.25,21.2041854858398,-0.00968322047972821
207.5,21.2041854858398,-0.0100203247618369
208.75,21.2041854858398,-0.0103317962832689
210,21.2041854858398,-0.0108398594620354
211.25,21.2041854858398,-0.01167534688953
212.5,21.2041854858398,-0.0129680436134195
213.75,21.2041854858398,-0.014505439506964
215,21.2041854858398,-0.015149245089607
216.25,21.2041854858398,-0.0148310757101831
217.5,21.2041854858398,-0.0140925541940946
218.75,21.2041854858398,-0.013009871822861
220,21.2041854858398,-0.011873003564652
221.25,21.2041854858398,-0.0107824755319592
222.5,21.2041854858398,-0.00972815571766047
223.75,21.2041854858398,-0.00936839743556602
225,21.2041854858398,-0.0099034908823358
226.25,21.2041854858398,-0.00982785037672663
227.5,21.2041854858398,-0.0086413497231755
228.75,21.2041854858398,-0.00642582499795416
230,21.2041854858398,-0.00393567733665531
231.25,21.2041854858398,-0.00159811324663441
232.5,21.2041854858398,0.00115072886046656
233.75,21.2041854858398,0.00515150118876129
235,21.2041854858398,0.00902012656091174
236.25,21.2041854858398,0.00893196278245468
237.5,21.2041854858398,0.000979680782184301
238.75,21.2041854858398,-0.0068455217390867
240,21.2041854858398,-0.00836841213623517
241.25,21.2041854858398,-0.00602196451252998
242.5,21.2041854858398,-0.00309580589881567
243.75,21.2041854858398,-0.000685515717398709
245,21.2041854858398,0.000955734571187179
246.25,21.2041854858398,0.0018414304026168
247.5,21.2041854858398,0.00199183005893014
248.75,21.2041854858398,0.00015907591383817
250,21.2041854858398,-0.0025587382354262
160,22.146598815918,0.0081541378076125
161.25,22.146598815918,0.0097760394017426
162.5,22.146598815918,0.0104827528461652
163.75,22.146598815918,0.0099255337702225
165,22.146598815918,0.00834729352928634
166.25,22.146598815918,0.00608381463453211
167.5,22.146598815918,0.00373241880790487
168.75,22.146598815918,0.000815020459203191
170,22.146598815918,-0.000852298348765405
171.25,22.146598815918,-0.00152665694678896
172.5,22.146598815918,-0.00183836639572108
173.75,22.146598815918,-0.00210931486960605
175,22.146598815918,-0.0020838133058319
176.25,22.146598815918,-0.00219707619862081
177.5,22.146598815918,-0.00231787174695758
178.75,22.146598815918,-0.00181684464356436
180,22.146598815918,-0.000840754391485851
181.25,22.146598815918,4.05634564553729e-05
182.5,22.146598815918,0.000561718840251471
183.75,22.146598815918,0.000712752307424353
185,22.146598815918,0.00131056158703365
186.25,22.146598815918,0.00237397544658787
187.5,22.146598815918,0.00380319793277196
188.75,22.146598815918,0.00525113928862448
190,22.146598815918,0.00601986212848417
191.25,22.146598815918,0.00522654323343458
192.5,22.146598815918,0.00256801686119372
193.75,22.146598815918,0.000168537404051345
195,22.146598815918,-0.000956543868192611
196.25,22.146598815918,-0.000813416295122495
197.5,22.146598815918,-0.000299568050208933
198.75,22.146598815918,0.000113408781151274
200,22.146598815918,0.00020695558583996
201.25,22.146598815918,-0.000337975884588443
202.5,22.146598815918,-0.00199353058442979
203.75,22.146598815918,-0.00399779686269813
205,22.146598815918,-0.00627963477644571
206.25,22.146598815918,-0.00783964386675612
207.5,22.146598815918,-0.00870853910213123
208.75,22.146598815918,-0.00888347354453516
210,22.146598815918,-0.00851963421414522
211.25,22.146598815918,-0.00834644553755747
212.5,22.146598815918,-0.00873144037588454
213.75,22.146598815918,-0.00996970499946453
215,22.146598815918,-0.0113461633716135
216.25,22.146598815918,-0.0119106032690274
217.5,22.146598815918,-0.0118214952377821
218.75,22.146598815918,-0.0109489101555564
220,22.146598815918,-0.00989952004144929
221.25,22.146598815918,-0.00877271816119572
222.5,22.146598815918,-0.00782832806877573
223.75,22.146598815918,-0.00785373337981149
225,22.146598815918,-0.00878032113685587
226.25,22.146598815918,-0.00946420641782578
227.5,22.146598815918,-0.00954888086616402
228.75,22.146598815918,-0.00852000203092529
230,22.146598815918,-0.00639620385995355
231.25,22.146598815918,-0.00345065529080807
232.5,22.146598815918,8.70368254129851e-05
233.75,22.146598815918,0.00399124984615023
235,22.146598815918,0.00715203008090594
236.25,22.146598815918,0.00686475496063564
237.5,22.146598815918,-2.51211694932367e-05
238.75,22.146598815918,-0.00771893278751662
240,22.146598815918,-0.010121944872229
241.25,22.146598815918,-0.00789676156026397
242.5,22.146598815918,-0.00422447396466736
243.75,22.146598815918,-0.00057343184953286
245,22.146598815918,0.00146094765335862
246.25,22.146598815918,0.00183046874206694
247.5,22.146598815918,0.00120064988598417
248.75,22.146598815918,-0.00107277625797784
250,22.146598815918,-0.00254443668901554
160,23.0890045166016,0.00865446797413925
161.25,23.0890045166016,0.0101469563048496
162.5,23.0890045166016,0.0108328747290282
163.75,23.0890045166016,0.0103694385803232
165,23.0890045166016,0.00882625508990226
166.25,23.0890045166016,0.00636470095881918
167.5,23.0890045166016,0.00297718334074111
168.75,23.0890045166016,-0.00079221704606161
170,23.0890045166016,-0.00324207125843354
171.25,23.0890045166016,-0.00476005518476434
172.5,23.0890045166016,-0.00568984282957979
173.75,23.0890045166016,-0.00624477501020901
175,23.0890045166016,-0.00599239537809169
176.25,23.0890045166016,-0.0055911009613643
177.5,23.0890045166016,-0.005366187440098
178.75,23.0890045166016,-0.00476641597913775
180,23.0890045166016,-0.00384854395436489
181.25,23.0890045166016,-0.00263166458017304
182.5,23.0890045166016,-0.00208725896386187
183.75,23.0890045166016,-0.00189738696091359
185,23.0890045166016,-0.00138218185033372
186.25,23.0890045166016,-0.000444900056085929
187.5,23.0890045166016,0.000772837190780018
188.75,23.0890045166016,0.0018462112744561
190,23.0890045166016,0.00235465522710252
191.25,23.0890045166016,0.00198762489938805
192.5,23.0890045166016,0.000585420881451539
193.75,23.0890045166016,-0.000766317887778691
195,23.0890045166016,-0.00150478196647009
196.25,23.0890045166016,-0.000877625452483768
197.5,23.0890045166016,0.000440805801041437
198.75,23.0890045166016,0.00148959674981554
200,23.0890045166016,0.00217374441374839
201.25,23.0890045166016,0.00208975684029274
202.5,23.0890045166016,0.000693557086329733
203.75,23.0890045166016,-0.000977959851192652
205,23.0890045166016,-0.00328535597923048
206.25,23.0890045166016,-0.00562611168067282
207.5,23.0890045166016,-0.00758428093542694
208.75,23.0890045166016,-0.00891834067531224
210,23.0890045166016,-0.00893715489329834
211.25,23.0890045166016,-0.00802169996446315
212.5,23.0890045166016,-0.00721171098237487
213.75,23.0890045166016,-0.0074367985435366
215,23.0890045166016,-0.00856493226924072
216.25,23.0890045166016,-0.00962204664781931
217.5,23.0890045166016,-0.0100342522729371
218.75,23.0890045166016,-0.00953365505010503
220,23.0890045166016,-0.00869654676463842
221.25,23.0890045166016,-0.00750113463559535
222.5,23.0890045166016,-0.00639535540800382
223.75,23.0890045166016,-0.00608755772426755
225,23.0890045166016,-0.00663189478485353
226.25,23.0890045166016,-0.00764343223446854
227.5,23.0890045166016,-0.00812242804945143
228.75,23.0890045166016,-0.00821306692982917
230,23.0890045166016,-0.0072497134788109
231.25,23.0890045166016,-0.00470145581083174
232.5,23.0890045166016,-0.0014090095716903
233.75,23.0890045166016,0.00152797608784895
235,23.0890045166016,0.00351147913166289
236.25,23.0890045166016,0.00306287453228571
237.5,23.0890045166016,-0.0022133515551513
238.75,23.0890045166016,-0.00835488155178849
240,23.0890045166016,-0.0107533772025797
241.25,23.0890045166016,-0.00866244508292639
242.5,23.0890045166016,-0.00484556893884193
243.75,23.0890045166016,-0.00146370317815229
245,23.0890045166016,0.000260041884986314
246.25,23.0890045166016,0.00116137809303171
247.5,23.0890045166016,0.00148089462598612
248.75,23.0890045166016,-0.000529538043103203
250,23.0890045166016,-0.00151243386790822
160,24.0314178466797,0.014045283396813
161.25,24.0314178466797,0.0157952345332021
162.5,24.0314178466797,0.0166509098253433
163.75,24.0314178466797,0.016158629556217
165,24.0314178466797,0.0144258300994111
166.25,24.0314178466797,0.0116396427856439
167.5,24.0314178466797,0.0075649091895266
168.75,24.0314178466797,0.00290714541786681
170,24.0314178466797,-0.00121745635249609
171.25,24.0314178466797,-0.00442223071919467
172.5,24.0314178466797,-0.00700077907777128
173.75,24.0314178466797,-0.0090745123018941
175,24.0314178466797,-0.0100245704562602
176.25,24.0314178466797,-0.00999726373010432
177.5,24.0314178466797,-0.00945163184506062
178.75,24.0314178466797,-0.00859381947366958
180,24.0314178466797,-0.00734498343866533
181.25,24.0314178466797,-0.00578143672658182
182.5,24.0314178466797,-0.00464601377838943
183.75,24.0314178466797,-0.00403193330033069
185,24.0314178466797,-0.00359960385922597
186.25,24.0314178466797,-0.00304156057081414
187.5,24.0314178466797,-0.00223102481057441
188.75,24.0314178466797,-0.00129559558306747
190,24.0314178466797,-0.000516868955024592
191.25,24.0314178466797,1.42309187698803e-05
192.5,24.0314178466797,-8.22910408209487e-05
193.75,24.0314178466797,-0.000927007779537494
195,24.0314178466797,-0.00204051085725253
196.25,24.0314178466797,-0.00226977025329918
197.5,24.0314178466797,-0.00123405983040704
198.75,24.0314178466797,0.000777092109145108
200,24.0314178466797,0.00295133195852467
201.25,24.0314178466797,0.00446917960380575
202.5,24.0314178466797,0.00480944718974435
203.75,24.0314178466797,0.00379438825300261
205,24.0314178466797,0.0017759717435346
206.25,24.0314178466797,-0.00091749127527172
207.5,24.0314178466797,-0.00431348781742192
208.75,24.0314178466797,-0.00756838690851419
210,24.0314178466797,-0.00952108695261048
211.25,24.0314178466797,-0.00979953911632042
212.5,24.0314178466797,-0.00898866591445613
213.75,24.0314178466797,-0.00805437183563512
215,24.0314178466797,-0.00797904210297103
216.25,24.0314178466797,-0.00850562671066367
217.5,24.0314178466797,-0.00886071993129067
218.75,24.0314178466797,-0.00866415552320142
220,24.0314178466797,-0.00807899757245588
221.25,24.0314178466797,-0.00689450539897854
222.5,24.0314178466797,-0.00555900951489099
223.75,24.0314178466797,-0.00473522817026545
225,24.0314178466797,-0.00445931119893875
226.25,24.0314178466797,-0.00499577741823666
227.5,24.0314178466797,-0.0056940223787859
228.75,24.0314178466797,-0.00658413303719934
230,24.0314178466797,-0.00658468836774106
231.25,24.0314178466797,-0.00492934720622932
232.5,24.0314178466797,-0.00228693174746331
233.75,24.0314178466797,-0.000235217754453618
235,24.0314178466797,0.000212340743262824
236.25,24.0314178466797,-0.00128756400218037
237.5,24.0314178466797,-0.00553198847898504
238.75,24.0314178466797,-0.00956404228414808
240,24.0314178466797,-0.0104719179042258
241.25,24.0314178466797,-0.00825771551500389
242.5,24.0314178466797,-0.00510554440502072
243.75,24.0314178466797,-0.00272931796074276
245,24.0314178466797,-0.00123691907587595
246.25,24.0314178466797,0.000897713155374402
247.5,24.0314178466797,0.00205242334688169
248.75,24.0314178466797,0.000538405531300755
250,24.0314178466797,0.00447393642484476
160,24.9738235473633,0.018562780281061
161.25,24.9738235473633,0.0211109796580596
162.5,24.9738235473633,0.0229355519594109
163.75,24.9738235473633,0.0230709319803954
165,24.9738235473633,0.0215046529461865
166.25,24.9738235473633,0.01898584824978
167.5,24.9738235473633,0.0151111301033992
168.75,24.9738235473633,0.0100222213221457
170,24.9738235473633,0.00454029897749312
171.25,24.9738235473633,-0.00040939748884979
172.5,24.9738235473633,-0.00497844121211526
173.75,24.9738235473633,-0.00908125682457663
175,24.9738235473633,-0.0122282088080908
176.25,24.9738235473633,-0.0139362290470459
177.5,24.9738235473633,-0.0143815926322762
178.75,24.9738235473633,-0.014029270168606
180,24.9738235473633,-0.0128320653011757
181.25,24.9738235473633,-0.0108064614092228
182.5,24.9738235473633,-0.00879052099107791
183.75,24.9738235473633,-0.0072436932601801
185,24.9738235473633,-0.00644851285254448
186.25,24.9738235473633,-0.00590667017197677
187.5,24.9738235473633,-0.00520134821039848
188.75,24.9738235473633,-0.00428408943183273
190,24.9738235473633,-0.00299760756572256
191.25,24.9738235473633,-0.00155033542550639
192.5,24.9738235473633,-6.6856608295491e-05
193.75,24.9738235473633,0.000460209781079461
195,24.9738235473633,-6.49753308599156e-05
196.25,24.9738235473633,-0.000962029481222963
197.5,24.9738235473633,-0.0012310674514279
198.75,24.9738235473633,0.000201548961466816
200,24.9738235473633,0.00327275357640359
201.25,24.9738235473633,0.00640869399361875
202.5,24.9738235473633,0.00883416281347074
203.75,24.9738235473633,0.010993187921119
205,24.9738235473633,0.0109644446843911
206.25,24.9738235473633,0.00795726362075173
207.5,24.9738235473633,0.00317152080444141
208.75,24.9738235473633,-0.00224303649119286
210,24.9738235473633,-0.00729341405612267
211.25,24.9738235473633,-0.0108263343997894
212.5,24.9738235473633,-0.0119977169174453
213.75,24.9738235473633,-0.0113332142815114
215,24.9738235473633,-0.0101445720282933
216.25,24.9738235473633,-0.00917636737765025
217.5,24.9738235473633,-0.00889769432349534
218.75,24.9738235473633,-0.00840145918251574
220,24.9738235473633,-0.00759710280697418
221.25,24.9738235473633,-0.0063538045577698
222.5,24.9738235473633,-0.00490147831885379
223.75,24.9738235473633,-0.00371198336487278
225,24.9738235473633,-0.00264387847549759
226.25,24.9738235473633,-0.00228508824671055
227.5,24.9738235473633,-0.002819161723348
228.75,24.9738235473633,-0.00355269592364856
230,24.9738235473633,-0.00402971551745738
231.25,24.9738235473633,-0.00349825374821441
232.5,24.9738235473633,-0.00195805887905838
233.75,24.9738235473633,-0.00089275860888155
235,24.9738235473633,-0.00152360876925423
236.25,24.9738235473633,-0.00444181430434928
237.5,24.9738235473633,-0.00925012573799375
238.75,24.9738235473633,-0.0121705667878832
240,24.9738235473633,-0.0110806644153152
241.25,24.9738235473633,-0.00793245741089383
242.5,24.9738235473633,-0.00508304409218553
243.75,24.9738235473633,-0.00337447595130212
245,24.9738235473633,-0.00202368788774859
246.25,24.9738235473633,-1.37140742311786e-05
247.5,24.9738235473633,0.00127115049929326
248.75,24.9738235473633,0.00148812244664441
250,24.9738235473633,0.00388837221066329
160,25.9162292480469,0.0226356499070648
161.25,25.9162292480469,0.024454529395291
162.5,25.9162292480469,0.0267258466367229
163.75,25.9162292480469,0.0283946967959573
165,25.9162292480469,0.0276485541493662
166.25,25.9162292480469,0.0249114665525189
167.5,25.9162292480469,0.021482909225004
168.75,25.9162292480469,0.0168237861632693
170,25.9162292480469,0.0108372285019328
171.25,25.9162292480469,0.00494682051102938
172.5,25.9162292480469,-0.00122152447243544
173.75,25.9162292480469,-0.00702367827623812
175,25.9162292480469,-0.0117782730312639
176.25,25.9162292480469,-0.0149689339719759
177.5,25.9162292480469,-0.0170041714924411
178.75,25.9162292480469,-0.0181674325723488
180,25.9162292480469,-0.0183055196698032
181.25,25.9162292480469,-0.0169475169863008
182.5,25.9162292480469,-0.0145162263246687
183.75,25.9162292480469,-0.0121110943217438
185,25.9162292480469,-0.0103803420784679
186.25,25.9162292480469,-0.00948067097546291
187.5,25.9162292480469,-0.00864594625415458
188.75,25.9162292480469,-0.00756598502629619
190,25.9162292480469,-0.00599553360375073
191.25,25.9162292480469,-0.00413194050274483
192.5,25.9162292480469,-0.0019860551010157
193.75,25.9162292480469,8.67407422910234e-05
195,25.9162292480469,0.00128444748275009
196.25,25.9162292480469,0.00142380722354405
197.5,25.9162292480469,0.00106303635902951
198.75,25.9162292480469,0.00132912703556773
200,25.9162292480469,0.00322534852172653
201.25,25.9162292480469,0.00618060987253792
202.5,25.9162292480469,0.00953940294673537
203.75,25.9162292480469,0.0140392797324468
205,25.9162292480469,0.018216988194352
206.25,25.9162292480469,0.0190715625415805
207.5,25.9162292480469,0.0156768764382144
208.75,25.9162292480469,0.00943243157999021
210,25.9162292480469,0.0018288952664472
211.25,25.9162292480469,-0.00562488898668022
212.5,25.9162292480469,-0.011035588403368
213.75,25.9162292480469,-0.0139702262502472
215,25.9162292480469,-0.0140071690374666
216.25,25.9162292480469,-0.0121137265713136
217.5,25.9162292480469,-0.0105576575827554
218.75,25.9162292480469,-0.00935991575223494
220,25.9162292480469,-0.00792393049258887
221.25,25.9162292480469,-0.00610714624476084
222.5,25.9162292480469,-0.00415943302889017
223.75,25.9162292480469,-0.0023506600990713
225,25.9162292480469,-0.00083329251597797
226.25,25.9162292480469,0.000298942571372454
227.5,25.9162292480469,0.000213619473572914
228.75,25.9162292480469,5.55437212268582e-05
230,25.9162292480469,-0.0002794796510054
231.25,25.9162292480469,-0.000520812709952928
232.5,25.9162292480469,-0.000455516496751671
233.75,25.9162292480469,-0.000611873733280084
235,25.9162292480469,-0.00209315132995459
236.25,25.9162292480469,-0.00578986792020056
237.5,25.9162292480469,-0.0111065305201028
238.75,25.9162292480469,-0.0138405945418294
240,25.9162292480469,-0.0113699023563998
241.25,25.9162292480469,-0.00708499426575488
242.5,25.9162292480469,-0.00396467852504165
243.75,25.9162292480469,-0.00289356295328802
245,25.9162292480469,-0.00264044221969067
246.25,25.9162292480469,-0.002078283347213
247.5,25.9162292480469,-0.000532605177374806
248.75,25.9162292480469,-0.00147538247639185
250,25.9162292480469,0.00320656267468848
160,26.858642578125,0.0264148664151397
161.25,26.858642578125,0.0274038488061076
162.5,26.858642578125,0.0289672400451486
163.75,26.858642578125,0.0309071822524406
165,26.858642578125,0.0319952973722853
166.25,26.858642578125,0.0306091062350656
167.5,26.858642578125,0.0268704584649239
168.75,26.858642578125,0.0221991463848099
170,26.858642578125,0.0161265696379329
171.25,26.858642578125,0.00997824317387288
172.5,26.858642578125,0.00363326945628946
173.75,26.858642578125,-0.00263618450979778
175,26.858642578125,-0.00848321754176702
176.25,26.858642578125,-0.0128648906856167
177.5,26.858642578125,-0.0158597395308703
178.75,26.858642578125,-0.0181622524066686
180,26.858642578125,-0.0198785019094071
181.25,26.858642578125,-0.0204003348674117
182.5,26.858642578125,-0.0187124390618716
183.75,26.858642578125,-0.0163515782523407
185,26.858642578125,-0.014201269506337
186.25,26.858642578125,-0.0127294823865879
187.5,26.858642578125,-0.0115584530072482
188.75,26.858642578125,-0.0103321546293953
190,26.858642578125,-0.00893737759013101
191.25,26.858642578125,-0.0076878605705259
192.5,26.858642578125,-0.00642497362314641
193.75,26.858642578125,-0.004637696000592
195,26.858642578125,-0.00230182316942205
196.25,26.858642578125,-0.00029735790854036
197.5,26.858642578125,0.000899730868608323
198.75,26.858642578125,0.0017387259281299
200,26.858642578125,0.00343335794064664
201.25,26.858642578125,0.00598145183807209
202.5,26.858642578125,0.00898128271295997
203.75,26.858642578125,0.0131802965264467
205,26.858642578125,0.019094540382784
206.25,26.858642578125,0.0240424209175544
207.5,26.858642578125,0.025357529111014
208.75,26.858642578125,0.0226516722382677
210,26.858642578125,0.0168731371679572
211.25,26.858642578125,0.00866164783459716
212.5,26.858642578125,-0.00053731482622078
213.75,26.858642578125,-0.00872440080045355
215,26.858642578125,-0.0133733064232846
216.25,26.858642578125,-0.0143507974562132
217.5,26.858642578125,-0.0132904679384072
218.75,26.858642578125,-0.011937321693554
220,26.858642578125,-0.00985426195375517
221.25,26.858642578125,-0.00689134577439797
222.5,26.858642578125,-0.00380425534835666
223.75,26.858642578125,-0.000949324040479903
225,26.858642578125,0.00120752039279049
226.25,26.858642578125,0.00278906023069542
227.5,26.858642578125,0.00296198613029184
228.75,26.858642578125,0.00309179219048071
230,26.858642578125,0.00305862648441724
231.25,26.858642578125,0.00265649794228068
232.5,26.858642578125,0.00180486501818101
233.75,26.858642578125,0.000454726400010157
235,26.858642578125,-0.00189168059130202
236.25,26.858642578125,-0.00624469002402107
237.5,26.858642578125,-0.0110625744854482
238.75,26.858642578125,-0.0125602759530951
240,26.858642578125,-0.0101681567634045
241.25,26.858642578125,-0.00608884008845218
242.5,26.858642578125,-0.00270451145363591
243.75,26.858642578125,-0.00197823233725144
245,26.858642578125,-0.00331698122638595
246.25,26.858642578125,-0.00364708217465201
247.5,26.858642578125,-0.00135013008118426
248.75,26.858642578125,-0.00127159016552328
250,26.858642578125,0.00232317606332672
160,27.8010482788086,0.0308233596603807
161.25,27.8010482788086,0.0308773292758684
162.5,27.8010482788086,0.031249480527133
163.75,27.8010482788086,0.031628240109647
165,27.8010482788086,0.0317511258732524
166.25,27.8010482788086,0.0309704140340888
167.5,27.8010482788086,0.0293606864392451
168.75,27.8010482788086,0.0267797385144571
170,27.8010482788086,0.0221733012117429
171.25,27.8010482788086,0.0158166746870302
172.5,27.8010482788086,0.00901890052791221
173.75,27.8010482788086,0.00262445639426276
175,27.8010482788086,-0.0030259332072789
176.25,27.8010482788086,-0.00772303024262768
177.5,27.8010482788086,-0.0110705578463429
178.75,27.8010482788086,-0.0135541041863659
180,27.8010482788086,-0.0159988611692819
181.25,27.8010482788086,-0.0181033319257676
182.5,27.8010482788086,-0.0185360265232264
183.75,27.8010482788086,-0.0177376410902929
185,27.8010482788086,-0.0163015662084219
186.25,27.8010482788086,-0.0148151715312488
187.5,27.8010482788086,-0.0134331575764453
188.75,27.8010482788086,-0.0121770323188816
190,27.8010482788086,-0.0111532057740354
191.25,27.8010482788086,-0.0105534562402436
192.5,27.8010482788086,-0.0104904079976356
193.75,27.8010482788086,-0.0101267916203219
195,27.8010482788086,-0.0086916255912493
196.25,27.8010482788086,-0.00636093747157957
197.5,27.8010482788086,-0.004065537379848
198.75,27.8010482788086,-0.00215263098789142
200,27.8010482788086,0.000582137564693673
201.25,27.8010482788086,0.00437423999482307
202.5,27.8010482788086,0.00821634242810312
203.75,27.8010482788086,0.011646701055107
205,27.8010482788086,0.016187914818435
206.25,27.8010482788086,0.0218874048177126
207.5,27.8010482788086,0.0269301009076516
208.75,27.8010482788086,0.0290093270056839
210,27.8010482788086,0.0275947582362775
211.25,27.8010482788086,0.0233491444199988
212.5,27.8010482788086,0.0163055960505844
213.75,27.8010482788086,0.00687416426141224
215,27.8010482788086,-0.00244861002764524
216.25,27.8010482788086,-0.0100484016965937
217.5,27.8010482788086,-0.0129941837784995
218.75,27.8010482788086,-0.0133942802734003
220,27.8010482788086,-0.011831569352626
221.25,27.8010482788086,-0.00858744342390802
222.5,27.8010482788086,-0.00452665947761673
223.75,27.8010482788086,-0.00087929726418447
225,27.8010482788086,0.00192937442957313
226.25,27.8010482788086,0.00416075212168007
227.5,27.8010482788086,0.00516956879048841
228.75,27.8010482788086,0.00559571698885995
230,27.8010482788086,0.00610619243134557
231.25,27.8010482788086,0.00592721348156831
232.5,27.8010482788086,0.00475001990788254
233.75,27.8010482788086,0.00246233957286963
235,27.8010482788086,-0.000634781626778394
236.25,27.8010482788086,-0.00511885194647486
237.5,27.8010482788086,-0.00953077837403271
238.75,27.8010482788086,-0.0102899141614798
240,27.8010482788086,-0.00778746789690645
241.25,27.8010482788086,-0.00486373662742549
242.5,27.8010482788086,-0.00192159479595867
243.75,27.8010482788086,-0.00142503758970497
245,27.8010482788086,-0.00387495205125106
246.25,27.8010482788086,-0.00510187661896571
247.5,27.8010482788086,-0.00173941294852939
248.75,27.8010482788086,-0.00081720607146706
250,27.8010482788086,0.00209295843812355
160,28.7434539794922,0.0343609692933892
161.25,28.7434539794922,0.0333684524382445
162.5,28.7434539794922,0.0325151393953274
163.75,28.7434539794922,0.0316109760451257
165,28.7434539794922,0.0306424839089542
166.25,28.7434539794922,0.0292833725620719
167.5,28.7434539794922,0.0274674084763252
168.75,28.7434539794922,0.0253603505112829
170,28.7434539794922,0.0227826466283016
171.25,28.7434539794922,0.0184868132262353
172.5,28.7434539794922,0.0128050555262079
173.75,28.7434539794922,0.0067983274522307
175,28.7434539794922,0.0016824869711461
176.25,28.7434539794922,-0.00199639587328867
177.5,28.7434539794922,-0.00470449979857302
178.75,28.7434539794922,-0.00693993252541649
180,28.7434539794922,-0.00876526612075738
181.25,28.7434539794922,-0.0105982838698283
182.5,28.7434539794922,-0.01230229460037
183.75,28.7434539794922,-0.0134774518926998
185,28.7434539794922,-0.0139077343500709
186.25,28.7434539794922,-0.013796782078533
187.5,28.7434539794922,-0.0133324289441185
188.75,28.7434539794922,-0.0129071432507547
190,28.7434539794922,-0.0125768179250892
191.25,28.7434539794922,-0.0125088380160062
192.5,28.7434539794922,-0.0130296732853615
193.75,28.7434539794922,-0.0138910517997293
195,28.7434539794922,-0.0139183222804625
196.25,28.7434539794922,-0.0126215255784683
197.5,28.7434539794922,-0.0104921027194664
198.75,28.7434539794922,-0.00801185488172243
200,28.7434539794922,-0.0045661827832652
201.25,28.7434539794922,-0.00027784165336951
202.5,28.7434539794922,0.00402245356882659
203.75,28.7434539794922,0.0080172365213217
205,28.7434539794922,0.0120311167670188
206.25,28.7434539794922,0.016742582040294
207.5,28.7434539794922,0.0223564269971287
208.75,28.7434539794922,0.0279140663606525
210,28.7434539794922,0.0316719044874333
211.25,28.7434539794922,0.0320757060434226
212.5,28.7434539794922,0.0285514682903201
213.75,28.7434539794922,0.0217098445292105
215,28.7434539794922,0.0137419167948833
216.25,28.7434539794922,0.00471557186160234
217.5,28.7434539794922,-0.00344074976644558
218.75,28.7434539794922,-0.00890775966507627
220,28.7434539794922,-0.0102772439488283
221.25,28.7434539794922,-0.00869361311847576
222.5,28.7434539794922,-0.00534335239087678
223.75,28.7434539794922,-0.00171548296854828
225,28.7434539794922,0.0012758905377412
226.25,28.7434539794922,0.00380673607257634
227.5,28.7434539794922,0.00571712480147873
228.75,28.7434539794922,0.00737866885581722
230,28.7434539794922,0.00815629447299035
231.25,28.7434539794922,0.00827959520025047
232.5,28.7434539794922,0.00753529347012086
233.75,28.7434539794922,0.00539579516801799
235,28.7434539794922,0.00212191957843089
236.25,28.7434539794922,-0.00254367748644512
237.5,28.7434539794922,-0.0071012882248576
238.75,28.7434539794922,-0.0076887208308809
240,28.7434539794922,-0.00560610375803825
241.25,28.7434539794922,-0.00360597458701636
242.5,28.7434539794922,-0.00131800018133564
243.75,28.7434539794922,-0.000189594096141934
245,28.7434539794922,-0.00208929366171728
246.25,28.7434539794922,-0.00423559231319311
160,29.6858673095703,0.0331358583289305
161.25,29.6858673095703,0.0317732090504261
162.5,29.6858673095703,0.0303937013582431
163.75,29.6858673095703,0.0292331855673832
165,29.6858673095703,0.0283745623837727
166.25,29.6858673095703,0.0271819813296557
167.5,29.6858673095703,0.0252559577276749
168.75,29.6858673095703,0.023206778332875
170,29.6858673095703,0.0211873287236924
171.25,29.6858673095703,0.0188180960381982
172.5,29.6858673095703,0.0152534734853792
173.75,29.6858673095703,0.0105678047402328
175,29.6858673095703,0.00640258664785676
176.25,29.6858673095703,0.00341281720672087
177.5,29.6858673095703,0.00119495862279901
178.75,29.6858673095703,-0.00081957340043316
180,29.6858673095703,-0.00224838715741393
181.25,29.6858673095703,-0.00313273962690486
182.5,29.6858673095703,-0.00491894169470392
183.75,29.6858673095703,-0.00676702908991008
185,29.6858673095703,-0.0083936998501998
186.25,29.6858673095703,-0.00972439582829354
187.5,29.6858673095703,-0.0105273425086405
188.75,29.6858673095703,-0.0113028972663352
190,29.6858673095703,-0.0121151517360697
191.25,29.6858673095703,-0.0128116028467195
192.5,29.6858673095703,-0.0135291262965741
193.75,29.6858673095703,-0.0147998331763106
195,29.6858673095703,-0.0159558526376143
196.25,29.6858673095703,-0.0163829076902872
197.5,29.6858673095703,-0.0156708993563169
198.75,29.6858673095703,-0.0137569068352981
200,29.6858673095703,-0.0103765318211189
201.25,29.6858673095703,-0.00607014675006586
202.5,29.6858673095703,-0.00205366346087742
203.75,29.6858673095703,0.00150683515983861
205,29.6858673095703,0.00500780599367464
206.25,29.6858673095703,0.00952013325223049
207.5,29.6858673095703,0.0151144826262985
208.75,29.6858673095703,0.0218463790185032
210,29.6858673095703,0.0282567116549396
211.25,29.6858673095703,0.0330333633520668
212.5,29.6858673095703,0.0347526498342106
213.75,29.6858673095703,0.0322666522679226
215,29.6858673095703,0.0270339143434376
216.25,29.6858673095703,0.020853787557716
217.5,29.6858673095703,0.0128501763035573
218.75,29.6858673095703,0.0039870355428914
220,29.6858673095703,-0.00244675941128115
221.25,29.6858673095703,-0.00443375993082477
222.5,29.6858673095703,-0.00344241986106023
223.75,29.6858673095703,-0.00143183641718636
225,29.6858673095703,0.000722644110104844
226.25,29.6858673095703,0.00300961853722465
227.5,29.6858673095703,0.00536268053204895
228.75,29.6858673095703,0.00784732628718777
230,29.6858673095703,0.00898229947280542
231.25,29.6858673095703,0.00911935317799735
232.5,29.6858673095703,0.00895499283328469
233.75,29.6858673095703,0.00777167636138951
235,29.6858673095703,0.00508715792534804
236.25,29.6858673095703,0.000586299226115385
237.5,29.6858673095703,-0.00431255358369564
238.75,29.6858673095703,-0.00535183010756568
240,29.6858673095703,-0.00386177608264026
241.25,29.6858673095703,-0.00250775129081523
242.5,29.6858673095703,-0.000405419835853094
243.75,29.6858673095703,0.000934839340217365
245,29.6858673095703,0.000730511960563059
160,30.6282730102539,0.0263200092402991
161.25,30.6282730102539,0.0265547829248261
162.5,30.6282730102539,0.0260893376432857
163.75,30.6282730102539,0.0255483261877877
165,30.6282730102539,0.0252742211888781
166.25,30.6282730102539,0.0246312035939572
167.5,30.6282730102539,0.0232031050849862
168.75,30.6282730102539,0.021352106219062
170,30.6282730102539,0.0195752890508442
171.25,30.6282730102539,0.0184089039826594
172.5,30.6282730102539,0.0167650631880357
173.75,30.6282730102539,0.0143173440944533
175,30.6282730102539,0.0119886293569737
176.25,30.6282730102539,0.00982940620205653
177.5,30.6282730102539,0.00773401316466172
178.75,30.6282730102539,0.00576597839954877
180,30.6282730102539,0.00434356549397956
181.25,30.6282730102539,0.00365691911473687
182.5,30.6282730102539,0.0022001908433287
183.75,30.6282730102539,2.56642637513991e-05
185,30.6282730102539,-0.00249109110020398
186.25,30.6282730102539,-0.00514098749188626
187.5,30.6282730102539,-0.00709593059792088
188.75,30.6282730102539,-0.00874701787078991
190,30.6282730102539,-0.0103105524578694
191.25,30.6282730102539,-0.0117593579999887
192.5,30.6282730102539,-0.0129674588354275
193.75,30.6282730102539,-0.0142140593865773
195,30.6282730102539,-0.0156397280821012
196.25,30.6282730102539,-0.0169547533754324
197.5,30.6282730102539,-0.0178174812416249
198.75,30.6282730102539,-0.0175723758374989
200,30.6282730102539,-0.0156618958944641
201.25,30.6282730102539,-0.0124294554966716
202.5,30.6282730102539,-0.00897381104167367
203.75,30.6282730102539,-0.00558200164831877
205,30.6282730102539,-0.00246097817221859
206.25,30.6282730102539,0.00151619682436892
207.5,30.6282730102539,0.0069962202739203
208.75,30.6282730102539,0.0139644799619384
210,30.6282730102539,0.0209391492696975
211.25,30.6282730102539,0.0272934990793996
212.5,30.6282730102539,0.0321905869015079
213.75,30.6282730102539,0.034713827333743
215,30.6282730102539,0.0340342739157997
216.25,30.6282730102539,0.0304752347555799
217.5,30.6282730102539,0.0243055948564853
218.75,30.6282730102539,0.0176273642186616
220,30.6282730102539,0.0111933741926112
221.25,30.6282730102539,0.00589416187348165
222.5,30.6282730102539,0.00333327548357277
223.75,30.6282730102539,0.00249436472393835
225,30.6282730102539,0.00259177494337826
226.25,30.6282730102539,0.00363851258925865
227.5,30.6282730102539,0.00563621794399942
228.75,30.6282730102539,0.00831278552573608
230,30.6282730102539,0.00972932717249536
231.25,30.6282730102539,0.00986652327654067
232.5,30.6282730102539,0.00948519524409914
233.75,30.6282730102539,0.00872711059068141
235,30.6282730102539,0.0070955468821284
236.25,30.6282730102539,0.00349230270040941
237.5,30.6282730102539,-0.00097973565886406
238.75,30.6282730102539,-0.00278751803385564
240,30.6282730102539,-0.00272008880307568
241.25,30.6282730102539,-0.00174474889539329
242.5,30.6282730102539,0.000496833032500125
243.75,30.6282730102539,0.00208427192489366
160,31.5706787109375,0.0157040671320076
161.25,31.5706787109375,0.0176197775768248
162.5,31.5706787109375,0.0189067367839232
163.75,31.5706787109375,0.0199360519292076
165,31.5706787109375,0.0210334690735108
166.25,31.5706787109375,0.0215618857853864
167.5,31.5706787109375,0.0209050566455681
168.75,31.5706787109375,0.0194474720590373
170,31.5706787109375,0.0181154978799542
171.25,31.5706787109375,0.0176951632181349
172.5,31.5706787109375,0.0175922586096406
173.75,31.5706787109375,0.0169559778001657
175,31.5706787109375,0.0157595861192124
176.25,31.5706787109375,0.0140502293401361
177.5,31.5706787109375,0.0124190328850016
178.75,31.5706787109375,0.011180900553959
180,31.5706787109375,0.00989100073621627
181.25,31.5706787109375,0.00855818244382373
182.5,31.5706787109375,0.00646598052986478
183.75,31.5706787109375,0.00426104531564803
185,31.5706787109375,0.00205673494542282
186.25,31.5706787109375,-0.000908489950917323
187.5,31.5706787109375,-0.00368871893468527
188.75,31.5706787109375,-0.00592075569677705
190,31.5706787109375,-0.00799155099068565
191.25,31.5706787109375,-0.0100857871363769
192.5,31.5706787109375,-0.0119306445993734
193.75,31.5706787109375,-0.0134115408774302
195,31.5706787109375,-0.0149775604244836
196.25,31.5706787109375,-0.0165515114910469
197.5,31.5706787109375,-0.0182485528648251
198.75,31.5706787109375,-0.0193684692044951
200,31.5706787109375,-0.0190821815180291
201.25,31.5706787109375,-0.0173150792261616
202.5,31.5706787109375,-0.0144785939073939
203.75,31.5706787109375,-0.0109873721070339
205,31.5706787109375,-0.00771459272896178
206.25,31.5706787109375,-0.00403183786867046
207.5,31.5706787109375,0.00115564808232985
208.75,31.5706787109375,0.00767683862843155
210,31.5706787109375,0.0144451371055802
211.25,31.5706787109375,0.020766226470405
212.5,31.5706787109375,0.026026363681356
213.75,31.5706787109375,0.0299620336892558
215,31.5706787109375,0.0324974966043269
216.25,31.5706787109375,0.0327139555408569
217.5,31.5706787109375,0.0290079070865008
218.75,31.5706787109375,0.024240677006231
220,31.5706787109375,0.0206484346333557
221.25,31.5706787109375,0.0170581973971568
222.5,31.5706787109375,0.0131787871754987
223.75,31.5706787109375,0.0100173981254841
225,31.5706787109375,0.00777697816436096
226.25,31.5706787109375,0.00680998029682116
227.5,31.5706787109375,0.00754072300214243
228.75,31.5706787109375,0.00946343467871951
230,31.5706787109375,0.0110162445604448
231.25,31.5706787109375,0.011217125229284
232.5,31.5706787109375,0.0103644030846391
233.75,31.5706787109375,0.00915222921037442
235,31.5706787109375,0.00760904406677409
236.25,31.5706787109375,0.00486919141979788
237.5,31.5706787109375,0.00122192689371312
238.75,31.5706787109375,-0.00138222433989288
240,31.5706787109375,-0.00278488072536196
241.25,31.5706787109375,-0.00251843802612474
242.5,31.5706787109375,-0.000792814380124328
243.75,31.5706787109375,0.00222140213570103
160,32.5130920410156,0.0105572122999604
161.25,32.5130920410156,0.0116067060056367
162.5,32.5130920410156,0.0127523037466061
163.75,32.5130920410156,0.0141954239138539
165,32.5130920410156,0.0162849988343496
166.25,32.5130920410156,0.0179002116102639
167.5,32.5130920410156,0.0181697614796899
168.75,32.5130920410156,0.0173213903199016
170,32.5130920410156,0.0168688845744986
171.25,32.5130920410156,0.0177557856067829
172.5,32.5130920410156,0.0190465455813366
173.75,32.5130920410156,0.0196074598337765
175,32.5130920410156,0.0192024900600876
176.25,32.5130920410156,0.017852416573949
177.5,32.5130920410156,0.0165075372074789
178.75,32.5130920410156,0.0152476003325447
180,32.5130920410156,0.0135027145316228
181.25,32.5130920410156,0.0111519345052642
182.5,32.5130920410156,0.00775208400132343
183.75,32.5130920410156,0.00536599148181805
185,32.5130920410156,0.00418097131105051
186.25,32.5130920410156,0.00160985662672213
187.5,32.5130920410156,-0.00169313710567169
188.75,32.5130920410156,-0.00425856155481059
190,32.5130920410156,-0.00623483618421948
191.25,32.5130920410156,-0.0081792101043097
192.5,32.5130920410156,-0.0103212065815096
193.75,32.5130920410156,-0.0123442973899398
195,32.5130920410156,-0.0141035181954333
196.25,32.5130920410156,-0.015614724703204
197.5,32.5130920410156,-0.0175270668033069
198.75,32.5130920410156,-0.0193592889329792
200,32.5130920410156,-0.0203604267228699
201.25,32.5130920410156,-0.0200297115439378
202.5,32.5130920410156,-0.0180024246553032
203.75,32.5130920410156,-0.0143771077289445
205,32.5130920410156,-0.010717192714387
206.25,32.5130920410156,-0.0068653718305408
207.5,32.5130920410156,-0.00150903051617537
208.75,32.5130920410156,0.00470478678989701
210,32.5130920410156,0.0110506002783122
211.25,32.5130920410156,0.016632674365075
212.5,32.5130920410156,0.0211045225516503
213.75,32.5130920410156,0.0244922600682726
215,32.5130920410156,0.026837242664019
216.25,32.5130920410156,0.0284322175192191
217.5,32.5130920410156,0.0283615382850334
218.75,32.5130920410156,0.0255066006643771
220,32.5130920410156,0.0234988945687898
221.25,32.5130920410156,0.0226176493813328
222.5,32.5130920410156,0.0201186978208188
223.75,32.5130920410156,0.0165276731998618
225,32.5130920410156,0.0134515922322682
226.25,32.5130920410156,0.0113290255195853
227.5,32.5130920410156,0.0110749221144308
228.75,32.5130920410156,0.0121794066261543
230,32.5130920410156,0.012776639470729
231.25,32.5130920410156,0.0121848803633542
232.5,32.5130920410156,0.0110667389502869
233.75,32.5130920410156,0.0096361739725467
235,32.5130920410156,0.00778931829254934
236.25,32.5130920410156,0.00508967865921644
237.5,32.5130920410156,0.00122311281554386
238.75,32.5130920410156,-0.00280620080417811
240,32.5130920410156,-0.00454448114412875
241.25,32.5130920410156,-0.00442487417316586
242.5,32.5130920410156,-0.00288952509345136
160,33.4554977416992,0.00845831566847735
161.25,33.4554977416992,0.00864748144332343
162.5,33.4554977416992,0.0102177746647222
163.75,33.4554977416992,0.0115736478098129
165,33.4554977416992,0.0135729489777295
166.25,33.4554977416992,0.0155111132518067
167.5,33.4554977416992,0.0159504516958939
168.75,33.4554977416992,0.0154024994490438
170,33.4554977416992,0.0157497125011477
171.25,33.4554977416992,0.0180974172330141
172.5,33.4554977416992,0.020561364381002
173.75,33.4554977416992,0.0218288967874003
175,33.4554977416992,0.0219925832810112
176.25,33.4554977416992,0.0209720351439531
177.5,33.4554977416992,0.0192354243379506
178.75,33.4554977416992,0.0171161938064395
180,33.4554977416992,0.0142711082668871
181.25,33.4554977416992,0.0105914182953788
182.5,33.4554977416992,0.00634917035294142
183.75,33.4554977416992,0.00426183192834624
185,33.4554977416992,0.00434045853511232
186.25,33.4554977416992,0.00275458011383767
187.5,33.4554977416992,-0.000546619865792839
188.75,33.4554977416992,-0.00327996072996186
190,33.4554977416992,-0.00492058397991363
191.25,33.4554977416992,-0.00639125147331315
192.5,33.4554977416992,-0.00847180700280349
193.75,33.4554977416992,-0.0107956377397972
195,33.4554977416992,-0.0126289632299927
196.25,33.4554977416992,-0.0141094276182524
197.5,33.4554977416992,-0.015650458741928
198.75,33.4554977416992,-0.0172635562226139
200,33.4554977416992,-0.0186619732169117
201.25,33.4554977416992,-0.0192073117186177
202.5,33.4554977416992,-0.0180908193157331
203.75,33.4554977416992,-0.0153305861458504
205,33.4554977416992,-0.0120289604804439
206.25,33.4554977416992,-0.00826627776434791
207.5,33.4554977416992,-0.00290344284482496
208.75,33.4554977416992,0.00315708613665585
210,33.4554977416992,0.00936771818030286
211.25,33.4554977416992,0.0146640679283656
212.5,33.4554977416992,0.0188001266960177
213.75,33.4554977416992,0.0218011963036522
215,33.4554977416992,0.0235814482080386
216.25,33.4554977416992,0.0244000806594925
217.5,33.4554977416992,0.0246947987651542
218.75,33.4554977416992,0.0241070038925897
220,33.4554977416992,0.0230785120360608
221.25,33.4554977416992,0.0231336541168096
222.5,33.4554977416992,0.0228967064723857
223.75,33.4554977416992,0.0204442126366082
225,33.4554977416992,0.0174324978738362
226.25,33.4554977416992,0.0155181674169253
227.5,33.4554977416992,0.0152503241461543
228.75,33.4554977416992,0.0157685436828448
230,33.4554977416992,0.0148911858191254
231.25,33.4554977416992,0.0123849283722538
232.5,33.4554977416992,0.0105361806454494
233.75,33.4554977416992,0.00945232245878322
235,33.4554977416992,0.00756255929458204
236.25,33.4554977416992,0.00433438576679806
237.5,33.4554977416992,-0.000309849480730567
238.75,33.4554977416992,-0.00487589946441608
240,33.4554977416992,-0.00640305908355119
241.25,33.4554977416992,-0.00551286685286331
242.5,33.4554977416992,-0.00298370100547365
160,34.3979034423828,0.00488042608932546
161.25,34.3979034423828,0.0033785308895149
162.5,34.3979034423828,0.00330021667475587
163.75,34.3979034423828,0.00488887439126698
165,34.3979034423828,0.00759613404302042
166.25,34.3979034423828,0.0106694831633957
167.5,34.3979034423828,0.012251447638341
168.75,34.3979034423828,0.0119433749559442
170,34.3979034423828,0.0127722240915376
171.25,34.3979034423828,0.0164681687062329
172.5,34.3979034423828,0.0205376622276073
173.75,34.3979034423828,0.0226932553174119
175,34.3979034423828,0.0233286658611212
176.25,34.3979034423828,0.0224949871644536
177.5,34.3979034423828,0.0204088211641074
178.75,34.3979034423828,0.0175250034120172
180,34.3979034423828,0.0138536545183115
181.25,34.3979034423828,0.0091434042183436
182.5,34.3979034423828,0.00457871405341146
183.75,34.3979034423828,0.00263028557475077
185,34.3979034423828,0.00302704661378702
186.25,34.3979034423828,0.00244694387722784
187.5,34.3979034423828,-8.32478955438851e-05
188.75,34.3979034423828,-0.00243509685303111
190,34.3979034423828,-0.00342871763209662
191.25,34.3979034423828,-0.00413014372884887
192.5,34.3979034423828,-0.00575944542883632
193.75,34.3979034423828,-0.00816218497702348
195,34.3979034423828,-0.0101349620562694
196.25,34.3979034423828,-0.0115772716918374
197.5,34.3979034423828,-0.012732000869031
198.75,34.3979034423828,-0.0140271472027087
200,34.3979034423828,-0.0154369148261899
201.25,34.3979034423828,-0.0162611422334518
202.5,34.3979034423828,-0.0156794459471315
203.75,34.3979034423828,-0.0137780781581208
205,34.3979034423828,-0.0110593852496642
206.25,34.3979034423828,-0.00742575602867342
207.5,34.3979034423828,-0.00255034674305601
208.75,34.3979034423828,0.00343807007381107
210,34.3979034423828,0.00942630687344943
211.25,34.3979034423828,0.0144768377273311
212.5,34.3979034423828,0.0182611466399353
213.75,34.3979034423828,0.0209641459674551
215,34.3979034423828,0.022449398997947
216.25,34.3979034423828,0.0226577171080381
217.5,34.3979034423828,0.0222654507024268
218.75,34.3979034423828,0.0221192396182655
220,34.3979034423828,0.0216043874303476
221.25,34.3979034423828,0.0214843878326907
222.5,34.3979034423828,0.0220731756675726
223.75,34.3979034423828,0.0209455237539633
225,34.3979034423828,0.0189143278429521
226.25,34.3979034423828,0.0185732842421494
227.5,34.3979034423828,0.0197899000160349
228.75,34.3979034423828,0.0201629077912776
230,34.3979034423828,0.0178424861842286
231.25,34.3979034423828,0.0122343687172818
232.5,34.3979034423828,0.00840969635851465
233.75,34.3979034423828,0.00779337909782543
235,34.3979034423828,0.00652501900017793
236.25,34.3979034423828,0.00329179015647073
237.5,34.3979034423828,-0.00121465338619653
238.75,34.3979034423828,-0.00497701506558801
240,34.3979034423828,-0.00640962729400949
241.25,34.3979034423828,-0.00602463316320969
160,35.3403167724609,-0.000194661172317649
161.25,35.3403167724609,-0.0025004181783677
162.5,35.3403167724609,-0.0045539066450949
163.75,35.3403167724609,-0.00421997597205193
165,35.3403167724609,-0.00190920484550431
166.25,35.3403167724609,0.00119819418997399
167.5,35.3403167724609,0.00372773576038732
168.75,35.3403167724609,0.00493167783492716
170,35.3403167724609,0.00717619251334286
171.25,35.3403167724609,0.0117681452712856
172.5,35.3403167724609,0.0163465061613846
173.75,35.3403167724609,0.0188035293831529
175,35.3403167724609,0.0199126512985987
176.25,35.3403167724609,0.0196937950850881
177.5,35.3403167724609,0.0180975544478448
178.75,35.3403167724609,0.0156487761512638
180,35.3403167724609,0.0124595806017211
181.25,35.3403167724609,0.00818637765653247
182.5,35.3403167724609,0.00387232286514227
183.75,35.3403167724609,0.00194626233390289
185,35.3403167724609,0.00232909122175977
186.25,35.3403167724609,0.00251375013662626
187.5,35.3403167724609,0.000999843893282546
188.75,35.3403167724609,-0.000796347423459858
190,35.3403167724609,-0.00150062899244216
191.25,35.3403167724609,-0.00196612170809449
192.5,35.3403167724609,-0.00324962996556301
193.75,35.3403167724609,-0.00527821596899555
195,35.3403167724609,-0.00691725180097648
196.25,35.3403167724609,-0.00793480423552055
197.5,35.3403167724609,-0.00867894176455718
198.75,35.3403167724609,-0.00977579547289878
200,35.3403167724609,-0.0111229349166661
201.25,35.3403167724609,-0.0120684188243003
202.5,35.3403167724609,-0.0118111397877144
203.75,35.3403167724609,-0.0104573872171374
205,35.3403167724609,-0.00815160257399571
206.25,35.3403167724609,-0.00489697789847207
207.5,35.3403167724609,-0.0006226055299011
208.75,35.3403167724609,0.00532383420148523
210,35.3403167724609,0.0112305139354733
211.25,35.3403167724609,0.0160932682775518
212.5,35.3403167724609,0.0195626424934577
213.75,35.3403167724609,0.0218912949166101
215,35.3403167724609,0.0228790891151691
216.25,35.3403167724609,0.0221116360547331
217.5,35.3403167724609,0.0205998427836103
218.75,35.3403167724609,0.0197087321836788
220,35.3403167724609,0.019579992615696
221.25,35.3403167724609,0.0197710341099162
222.5,35.3403167724609,0.0200637939130245
223.75,35.3403167724609,0.0197157559997385
225,35.3403167724609,0.0189447994931205
226.25,35.3403167724609,0.0202560725198159
227.5,35.3403167724609,0.0235147770982497
228.75,35.3403167724609,0.0246894354706497
230,35.3403167724609,0.0208322342301256
231.25,35.3403167724609,0.0117610119546888
232.5,35.3403167724609,0.00494513207696332
233.75,35.3403167724609,0.00456845162387956
235,35.3403167724609,0.00493671333088681
236.25,35.3403167724609,0.00329846937104363
237.5,35.3403167724609,-0.00018258766879354
238.75,35.3403167724609,-0.00320755658808881
240,35.3403167724609,-0.00508561357772697
160,36.2827224731445,-0.00643012383347691
161.25,36.2827224731445,-0.00859486969122605
162.5,36.2827224731445,-0.010422860891599
163.75,36.2827224731445,-0.0106456622222103
165,36.2827224731445,-0.00900683624877609
166.25,36.2827224731445,-0.00631408938512544
167.5,36.2827224731445,-0.00353106710541523
168.75,36.2827224731445,-0.000934797733566208
170,36.2827224731445,0.00231951245997458
171.25,36.2827224731445,0.00645965647827123
172.5,36.2827224731445,0.0102629692607795
173.75,36.2827224731445,0.0122612057758032
175,36.2827224731445,0.0134449512529539
176.25,36.2827224731445,0.0137915391490542
177.5,36.2827224731445,0.0130477057255334
178.75,36.2827224731445,0.0117970595590338
180,36.2827224731445,0.0101144432321921
181.25,36.2827224731445,0.00731010447030505
182.5,36.2827224731445,0.00415196746204284
183.75,36.2827224731445,0.00250167842437919
185,36.2827224731445,0.00307219027625351
186.25,36.2827224731445,0.00420119715376375
187.5,36.2827224731445,0.00397565707548343
188.75,36.2827224731445,0.00263124475740273
190,36.2827224731445,0.00171693614253443
191.25,36.2827224731445,0.000865077303387587
192.5,36.2827224731445,-0.000759143161325104
193.75,36.2827224731445,-0.00283590146171647
195,36.2827224731445,-0.0042575326823383
196.25,36.2827224731445,-0.00491336486429664
197.5,36.2827224731445,-0.00511413821864784
198.75,36.2827224731445,-0.00553008373156031
200,36.2827224731445,-0.00615182706545541
201.25,36.2827224731445,-0.00656037048819121
202.5,36.2827224731445,-0.00614983035392309
203.75,36.2827224731445,-0.00493922756109073
205,36.2827224731445,-0.00296353772896323
206.25,36.2827224731445,-0.000165717325141712
207.5,36.2827224731445,0.00350260221745727
208.75,36.2827224731445,0.0086128289135755
210,36.2827224731445,0.0140299908713714
211.25,36.2827224731445,0.0184793459158378
212.5,36.2827224731445,0.0217188359160983
213.75,36.2827224731445,0.0238210070956135
215,36.2827224731445,0.0242769812041406
216.25,36.2827224731445,0.0225530693147936
217.5,36.2827224731445,0.0198846059926382
218.75,36.2827224731445,0.017806849806214
220,36.2827224731445,0.0172170236722125
221.25,36.2827224731445,0.0177934296051992
222.5,36.2827224731445,0.0185195862622143
223.75,36.2827224731445,0.0188132039969453
225,36.2827224731445,0.0188256600995267
226.25,36.2827224731445,0.0205604469961974
227.5,36.2827224731445,0.0247662208190491
228.75,36.2827224731445,0.0268919107954613
230,36.2827224731445,0.0219010574820587
231.25,36.2827224731445,0.010206556341395
232.5,36.2827224731445,0.00077257478538694
233.75,36.2827224731445,0.00120919117061023
235,36.2827224731445,0.00398700227360948
236.25,36.2827224731445,0.00424205654909718
237.5,36.2827224731445,0.00211873134775359
238.75,36.2827224731445,0.00100342733162878
160,37.2251281738281,-0.012918183231906
161.25,37.2251281738281,-0.0144007519653332
162.5,37.2251281738281,-0.0151926683231912
163.75,37.2251281738281,-0.0144492828607009
165,37.2251281738281,-0.0126417360156296
166.25,37.2251281738281,-0.00971843807905521
167.5,37.2251281738281,-0.0060542254792623
168.75,37.2251281738281,-0.00211320672905827
170,37.2251281738281,0.00227113421324721
171.25,37.2251281738281,0.00590557758729993
172.5,37.2251281738281,0.00791271018555927
173.75,37.2251281738281,0.00837271342300349
175,37.2251281738281,0.00802581836659557
176.25,37.2251281738281,0.00777001479957401
177.5,37.2251281738281,0.00767566388717551
178.75,37.2251281738281,0.00805502528736242
180,37.2251281738281,0.00830701236810378
181.25,37.2251281738281,0.00705130634889874
182.5,37.2251281738281,0.00477565998835081
183.75,37.2251281738281,0.00352371911950473
185,37.2251281738281,0.00436456881930258
186.25,37.2251281738281,0.00597264598186833
187.5,37.2251281738281,0.00645994308234265
188.75,37.2251281738281,0.00562175933924755
190,37.2251281738281,0.00506971079893428
191.25,37.2251281738281,0.0045021429893286
192.5,37.2251281738281,0.00264309786705925
193.75,37.2251281738281,0.000161905343352279
195,37.2251281738281,-0.00123098874637061
196.25,37.2251281738281,-0.00111981340457133
197.5,37.2251281738281,-0.00039074919712607
198.75,37.2251281738281,-0.00017572606665869
200,37.2251281738281,-0.000338092641307204
201.25,37.2251281738281,-0.0003307354424187
202.5,37.2251281738281,0.000234952887192838
203.75,37.2251281738281,0.00151094200973564
205,37.2251281738281,0.00378079720242222
206.25,37.2251281738281,0.00681352089248672
207.5,37.2251281738281,0.0102808873525241
208.75,37.2251281738281,0.0138877051018905
210,37.2251281738281,0.0178406357033493
211.25,37.2251281738281,0.0213667045370412
212.5,37.2251281738281,0.0240746843001665
213.75,37.2251281738281,0.0257323674442159
215,37.2251281738281,0.0256729500395192
216.25,37.2251281738281,0.0234693212898149
217.5,37.2251281738281,0.0204266899501497
218.75,37.2251281738281,0.0177120971576834
220,37.2251281738281,0.0159116634851961
221.25,37.2251281738281,0.015855174645198
222.5,37.2251281738281,0.0171519754811026
223.75,37.2251281738281,0.0181498343914777
225,37.2251281738281,0.0179749826294056
226.25,37.2251281738281,0.0188265527839919
227.5,37.2251281738281,0.0226326944233684
228.75,37.2251281738281,0.0244883195103012
230,37.2251281738281,0.0182958237323163
231.25,37.2251281738281,0.0056659932632974
232.5,37.2251281738281,-0.00273306706916385
233.75,37.2251281738281,-0.000520115902563288
235,37.2251281738281,0.00377549000713256
236.25,37.2251281738281,0.00583968915605349
237.5,37.2251281738281,0.00556201712043462
238.75,37.2251281738281,0.00163676659541026
160,38.1675415039062,-0.0241359512244607
161.25,38.1675415039062,-0.0258480925565207
162.5,38.1675415039062,-0.0255206062731354
163.75,38.1675415039062,-0.0232870346140131
165,38.1675415039062,-0.02026117250023
166.25,38.1675415039062,-0.0162759908664412
167.5,38.1675415039062,-0.010892911902116
168.75,38.1675415039062,-0.00532846540671331
170,38.1675415039062,0.000326648770991907
171.25,38.1675415039062,0.00501208968964245
172.5,38.1675415039062,0.00731566801213308
173.75,38.1675415039062,0.00751561233829578
175,38.1675415039062,0.00667147477031267
176.25,38.1675415039062,0.00566783548601869
177.5,38.1675415039062,0.00589913293794178
178.75,38.1675415039062,0.00798806710176587
180,38.1675415039062,0.00947676755754626
181.25,38.1675415039062,0.00872553824738057
182.5,38.1675415039062,0.00696233861168749
183.75,38.1675415039062,0.00611328253052012
185,38.1675415039062,0.00677112965092398
186.25,38.1675415039062,0.0078239268259067
187.5,38.1675415039062,0.00803758190246833
188.75,38.1675415039062,0.00731333582577725
190,38.1675415039062,0.00725922536181724
191.25,38.1675415039062,0.00748987469958257
192.5,38.1675415039062,0.00596470834639879
193.75,38.1675415039062,0.00349600295740184
195,38.1675415039062,0.00254981684345356
196.25,38.1675415039062,0.00352771886707169
197.5,38.1675415039062,0.00519298697393097
198.75,38.1675415039062,0.00634306890248191
200,38.1675415039062,0.00686895070362027
201.25,38.1675415039062,0.00711299337537141
202.5,38.1675415039062,0.00747779713647243
203.75,38.1675415039062,0.00830877046681222
205,38.1675415039062,0.0103607529002298
206.25,38.1675415039062,0.0133972733157616
207.5,38.1675415039062,0.0165922382526784
208.75,38.1675415039062,0.0196466750989052
210,38.1675415039062,0.022558094139134
211.25,38.1675415039062,0.0249137421247512
212.5,38.1675415039062,0.0263648779354556
213.75,38.1675415039062,0.0271287760041492
215,38.1675415039062,0.0265489022408957
216.25,38.1675415039062,0.0241670350673953
217.5,38.1675415039062,0.0210061202376835
218.75,38.1675415039062,0.0182310152144461
220,38.1675415039062,0.0162408540430716
221.25,38.1675415039062,0.0154773752653896
222.5,38.1675415039062,0.0163216471193208
223.75,38.1675415039062,0.0171599217856128
225,38.1675415039062,0.016604011826241
226.25,38.1675415039062,0.0162557658841592
227.5,38.1675415039062,0.0185687565062848
228.75,38.1675415039062,0.0194451869494546
230,38.1675415039062,0.0129048195362903
231.25,38.1675415039062,0.00144531204120201
232.5,38.1675415039062,-0.00428346233188125
233.75,38.1675415039062,-0.0010114204143011
235,38.1675415039062,0.00442456386588838
236.25,38.1675415039062,0.00704138125106331
237.5,38.1675415039062,0.00721014172039766
160,39.1099548339844,-0.0311902433634797
161.25,39.1099548339844,-0.0349050017800707
162.5,39.1099548339844,-0.0339240900536054
163.75,39.1099548339844,-0.0299294964264727
165,39.1099548339844,-0.0260063566795446
166.25,39.1099548339844,-0.0224184721380409
167.5,39.1099548339844,-0.0177145989845336
168.75,39.1099548339844,-0.0124580579117854
170,39.1099548339844,-0.00680759722328234
171.25,39.1099548339844,-0.00191375097926789
172.5,39.1099548339844,-9.19043761518217e-05
173.75,39.1099548339844,0.00040482913208175
175,39.1099548339844,8.73095412129455e-05
176.25,39.1099548339844,-0.000145729478211132
177.5,39.1099548339844,0.00349865342044802
178.75,39.1099548339844,0.00890121062377078
180,39.1099548339844,0.0113472337922441
181.25,39.1099548339844,0.0108283066803424
182.5,39.1099548339844,0.00977287919144526
183.75,39.1099548339844,0.00965100339663069
185,39.1099548339844,0.00992832729389532
186.25,39.1099548339844,0.00982443676418019
187.5,39.1099548339844,0.00941446638891739
188.75,39.1099548339844,0.00859275860040613
190,39.1099548339844,0.00857904144572831
191.25,39.1099548339844,0.00939678179021802
192.5,39.1099548339844,0.00892766342132298
193.75,39.1099548339844,0.00733212596343958
195,39.1099548339844,0.00699558402817117
196.25,39.1099548339844,0.00836523885755606
197.5,39.1099548339844,0.0103954193437315
198.75,39.1099548339844,0.0119749426249455
200,39.1099548339844,0.0130925552267822
201.25,39.1099548339844,0.0138920226621884
202.5,39.1099548339844,0.0143820283655418
203.75,39.1099548339844,0.0151263451643427
205,39.1099548339844,0.0168727397416985
206.25,39.1099548339844,0.0196376325511242
207.5,39.1099548339844,0.0224700705308137
208.75,39.1099548339844,0.024984361440399
210,39.1099548339844,0.026930324274742
211.25,39.1099548339844,0.0279179548440755
212.5,39.1099548339844,0.0282140356638628
213.75,39.1099548339844,0.0278470378930026
215,39.1099548339844,0.0266529964331959
216.25,39.1099548339844,0.0243128330322548
217.5,39.1099548339844,0.0214053936563894
218.75,39.1099548339844,0.019065717206477
220,39.1099548339844,0.0174690209693418
221.25,39.1099548339844,0.0164056845413522
222.5,39.1099548339844,0.016412077459855
223.75,39.1099548339844,0.0168941892561257
225,39.1099548339844,0.0161363007743711
226.25,39.1099548339844,0.0151084011116229
227.5,39.1099548339844,0.0157021693391931
228.75,39.1099548339844,0.0154859698356859
230,39.1099548339844,0.00910723971202028
231.25,39.1099548339844,-0.000310965341813446
232.5,39.1099548339844,-0.00394613719504558
233.75,39.1099548339844,3.09081215867144e-05
235,39.1099548339844,0.00587577659849204
236.25,39.1099548339844,0.00815082592408757
160,40.0523529052734,-0.024923292661032
161.25,40.0523529052734,-0.0292903919160935
162.5,40.0523529052734,-0.0289005854717063
163.75,40.0523529052734,-0.0258577160373257
165,40.0523529052734,-0.0242383739810324
166.25,40.0523529052734,-0.0238859735951811
167.5,40.0523529052734,-0.0223586778856844
168.75,40.0523529052734,-0.018950743988633
170,40.0523529052734,-0.0135672310519377
171.25,40.0523529052734,-0.00878110422549022
172.5,40.0523529052734,-0.00887580352908988
173.75,40.0523529052734,-0.0104185677431866
175,40.0523529052734,-0.00995044901004893
176.25,40.0523529052734,-0.00700040752505942
177.5,40.0523529052734,-0.000756813682637792
178.75,40.0523529052734,0.00542650840408156
180,40.0523529052734,0.00894265328026967
181.25,40.0523529052734,0.0107983629858488
182.5,40.0523529052734,0.0125180014550249
183.75,40.0523529052734,0.0138592383392732
185,40.0523529052734,0.0141819114976958
186.25,40.0523529052734,0.0136186335258472
187.5,40.0523529052734,0.0126915281431277
188.75,40.0523529052734,0.0115358121194002
190,40.0523529052734,0.0107067214250856
191.25,40.0523529052734,0.0108095728656605
192.5,40.0523529052734,0.0109617184239412
193.75,40.0523529052734,0.0110007905974382
195,40.0523529052734,0.0120775559884794
196.25,40.0523529052734,0.0141216089783004
197.5,40.0523529052734,0.016191411862966
198.75,40.0523529052734,0.017828033150266
200,40.0523529052734,0.0189894499619389
201.25,40.0523529052734,0.0197556279036728
202.5,40.0523529052734,0.0200897637519498
203.75,40.0523529052734,0.0205131762896378
205,40.0523529052734,0.0219693719406213
206.25,40.0523529052734,0.0247063623148729
207.5,40.0523529052734,0.0277522866636666
208.75,40.0523529052734,0.0299595112018306
210,40.0523529052734,0.0307089102798762
211.25,40.0523529052734,0.0304142085904116
212.5,40.0523529052734,0.0293557619474718
213.75,40.0523529052734,0.0277901657196549
215,40.0523529052734,0.0258318214956504
216.25,40.0523529052734,0.0234203149527145
217.5,40.0523529052734,0.0209324173093875
218.75,40.0523529052734,0.0192403874410104
220,40.0523529052734,0.018057117415672
221.25,40.0523529052734,0.0169155433103301
222.5,40.0523529052734,0.0165445401318139
223.75,40.0523529052734,0.0167832560544673
225,40.0523529052734,0.016610349767357
226.25,40.0523529052734,0.0162317364832447
227.5,40.0523529052734,0.0162109185239611
228.75,40.0523529052734,0.0147162108583257
230,40.0523529052734,0.00794569313912436
231.25,40.0523529052734,-0.00099303055775507
232.5,40.0523529052734,-0.00346235181061579
233.75,40.0523529052734,0.000688173447379237
235,40.0523529052734,0.00585242665210983
236.25,40.0523529052734,0.00765255465168069
160,40.9947662353516,-0.0207560499990908
161.25,40.9947662353516,-0.0217310957819015
162.5,40.9947662353516,-0.0216030531333971
163.75,40.9947662353516,-0.0201107050613446
165,40.9947662353516,-0.0198881594475655
166.25,40.9947662353516,-0.0214131295730325
167.5,40.9947662353516,-0.0227145489067576
168.75,40.9947662353516,-0.0213484679857248
170,40.9947662353516,-0.0169829247790695
171.25,40.9947662353516,-0.0128461925155785
172.5,40.9947662353516,-0.0133933002803958
173.75,40.9947662353516,-0.0167075759059317
175,40.9947662353516,-0.0155429697308645
176.25,40.9947662353516,-0.00990252476537317
177.5,40.9947662353516,-0.00470752826948208
178.75,40.9947662353516,-0.000202182083678972
180,40.9947662353516,0.00393288379610358
181.25,40.9947662353516,0.00805802538626386
182.5,40.9947662353516,0.0123204227683544
183.75,40.9947662353516,0.0157170465617397
185,40.9947662353516,0.0175885111409073
186.25,40.9947662353516,0.0184371687858697
187.5,40.9947662353516,0.0187706146504381
188.75,40.9947662353516,0.0179262865192677
190,40.9947662353516,0.0161310906399632
191.25,40.9947662353516,0.0147916179703015
192.5,40.9947662353516,0.0146498683620357
193.75,40.9947662353516,0.0155705327298868
195,40.9947662353516,0.0173947936110684
196.25,40.9947662353516,0.0191600541864584
197.5,40.9947662353516,0.0205682583259569
198.75,40.9947662353516,0.0220056295683568
200,40.9947662353516,0.02327506387903
201.25,40.9947662353516,0.0242539892046911
202.5,40.9947662353516,0.0245755819417788
203.75,40.9947662353516,0.0247469251014808
205,40.9947662353516,0.0255577633852823
206.25,40.9947662353516,0.0275840344047107
207.5,40.9947662353516,0.0302473242807768
208.75,40.9947662353516,0.0321988307814445
210,40.9947662353516,0.0323583298655911
211.25,40.9947662353516,0.0311727626237149
212.5,40.9947662353516,0.0293115601997783
213.75,40.9947662353516,0.0268970799294746
215,40.9947662353516,0.0245339949635421
216.25,40.9947662353516,0.0222707708510377
217.5,40.9947662353516,0.0202113722201789
218.75,40.9947662353516,0.0187771627507769
220,40.9947662353516,0.0176401625996745
221.25,40.9947662353516,0.0166256509639226
222.5,40.9947662353516,0.0163890122708718
223.75,40.9947662353516,0.0169141435801952
225,40.9947662353516,0.0180389949869434
226.25,40.9947662353516,0.0191630175292761
227.5,40.9947662353516,0.019483584646531
228.75,40.9947662353516,0.0172460096435682
230,40.9947662353516,0.00949492262346957
231.25,40.9947662353516,-0.00084331434927935
232.5,40.9947662353516,-0.00344076285647618
233.75,40.9947662353516,0.000723051573299713
235,40.9947662353516,0.00524453497112708
236.25,40.9947662353516,0.00588003788060015
160,41.9371795654297,-0.0238549979547951
161.25,41.9371795654297,-0.0216858479608184
162.5,41.9371795654297,-0.020236292957308
163.75,41.9371795654297,-0.0188042450321107
165,41.9371795654297,-0.0179310555105894
166.25,41.9371795654297,-0.0183290515289922
167.5,41.9371795654297,-0.0194293017499494
168.75,41.9371795654297,-0.018692512224359
170,41.9371795654297,-0.0155186500156448
171.25,41.9371795654297,-0.0129920884871003
172.5,41.9371795654297,-0.0118862762516946
173.75,41.9371795654297,-0.0104574883367295
175,41.9371795654297,-0.00943549841889942
176.25,41.9371795654297,-0.0107201976594399
177.5,41.9371795654297,-0.0093739662324411
178.75,41.9371795654297,-0.00665033951648087
180,41.9371795654297,-0.00284505805155743
181.25,41.9371795654297,0.00255013343136368
182.5,41.9371795654297,0.00862599281199878
183.75,41.9371795654297,0.0141015900199816
185,41.9371795654297,0.0182959952504649
186.25,41.9371795654297,0.021334727323018
187.5,41.9371795654297,0.0234467463479613
188.75,41.9371795654297,0.0241513337231122
190,41.9371795654297,0.023399948552812
191.25,41.9371795654297,0.0223624040382893
192.5,41.9371795654297,0.0222105958986441
193.75,41.9371795654297,0.0231970557252676
195,41.9371795654297,0.0244395679455824
196.25,41.9371795654297,0.0247901385727577
197.5,41.9371795654297,0.0245263803515853
198.75,41.9371795654297,0.0246647857666937
200,41.9371795654297,0.0251614088017125
201.25,41.9371795654297,0.025666805537942
202.5,41.9371795654297,0.0259806899921489
203.75,41.9371795654297,0.0263242869861738
205,41.9371795654297,0.0269817165470418
206.25,41.9371795654297,0.0281935548360117
207.5,41.9371795654297,0.02981879703476
208.75,41.9371795654297,0.0311366099557351
210,41.9371795654297,0.0310726213152803
211.25,41.9371795654297,0.0296973275723868
212.5,41.9371795654297,0.0279081775875723
213.75,41.9371795654297,0.0258448166100895
215,41.9371795654297,0.0235659481020372
216.25,41.9371795654297,0.0213030284108517
217.5,41.9371795654297,0.0192093289783509
218.75,41.9371795654297,0.0175809615264409
220,41.9371795654297,0.0167903289163372
221.25,41.9371795654297,0.0167313074736235
222.5,41.9371795654297,0.0171117803477991
223.75,41.9371795654297,0.0182983873500965
225,41.9371795654297,0.0206194918103247
226.25,41.9371795654297,0.0225180158843209
227.5,41.9371795654297,0.0227880417010952
228.75,41.9371795654297,0.0198814276540975
230,41.9371795654297,0.0115121112105363
231.25,41.9371795654297,0.000295432513278174
232.5,41.9371795654297,-0.00296898930403922
233.75,41.9371795654297,0.001024741676926
235,41.9371795654297,0.0052720731908247
236.25,41.9371795654297,0.00618822103591796
160,42.8795776367188,-0.0263056236544276
161.25,42.8795776367188,-0.0245238016437702
162.5,42.8795776367188,-0.0224025208124309
163.75,42.8795776367188,-0.0202486906710847
165,42.8795776367188,-0.0180884157161183
166.25,42.8795776367188,-0.0162661407059804
167.5,42.8795776367188,-0.0148421870915084
168.75,42.8795776367188,-0.0129825711616561
170,42.8795776367188,-0.0109745038446176
171.25,42.8795776367188,-0.0109970408179144
172.5,42.8795776367188,-0.0097471229226908
173.75,42.8795776367188,-0.00528567279030973
175,42.8795776367188,-0.00312039563348291
176.25,42.8795776367188,-0.00570005422411866
177.5,42.8795776367188,-0.00833125985482236
178.75,42.8795776367188,-0.0085077619573739
180,42.8795776367188,-0.0062165357501292
181.25,42.8795776367188,-0.00172485673324596
182.5,42.8795776367188,0.00410017923717417
183.75,42.8795776367188,0.0102162388454018
185,42.8795776367188,0.0162196832587625
186.25,42.8795776367188,0.0218545904066981
187.5,42.8795776367188,0.026470584623489
188.75,42.8795776367188,0.0292324005787535
190,42.8795776367188,0.0300157607131297
191.25,42.8795776367188,0.0297486520221166
192.5,42.8795776367188,0.0295041484918432
193.75,42.8795776367188,0.0297048054721837
195,42.8795776367188,0.0298893351338893
196.25,42.8795776367188,0.029142918242622
197.5,42.8795776367188,0.0275727036017578
198.75,42.8795776367188,0.0262319799823258
200,42.8795776367188,0.0254429007850588
201.25,42.8795776367188,0.0249456744098352
202.5,42.8795776367188,0.0249177413333116
203.75,42.8795776367188,0.0253684082398475
205,42.8795776367188,0.0259800399656188
206.25,42.8795776367188,0.02671149572302
207.5,42.8795776367188,0.0272467443834952
208.75,42.8795776367188,0.0273433832378918
210,42.8795776367188,0.0270319701221127
211.25,42.8795776367188,0.0263549748679457
212.5,42.8795776367188,0.0256029400310922
213.75,42.8795776367188,0.0246681435203766
215,42.8795776367188,0.0231636275761167
216.25,42.8795776367188,0.0209740080794102
217.5,42.8795776367188,0.0184407744836272
218.75,42.8795776367188,0.0164124504094272
220,42.8795776367188,0.0161709109473096
221.25,42.8795776367188,0.017329733599112
222.5,42.8795776367188,0.0187721234123846
223.75,42.8795776367188,0.0207924655738873
225,42.8795776367188,0.023884822460111
226.25,42.8795776367188,0.0259545168032
227.5,42.8795776367188,0.0255925660598953
228.75,42.8795776367188,0.0216169059449559
230,42.8795776367188,0.0128835363107827
231.25,42.8795776367188,0.00157086814024708
232.5,42.8795776367188,-0.00218968951271519
233.75,42.8795776367188,0.00112465590558775
235,42.8795776367188,0.00542528668023751
236.25,42.8795776367188,0.00664429297024516
160,43.8219909667969,-0.0258173831658614
161.25,43.8219909667969,-0.0256728034874184
162.5,43.8219909667969,-0.0238998205804261
163.75,43.8219909667969,-0.0219232965017978
165,43.8219909667969,-0.019245773569336
166.25,43.8219909667969,-0.0160260065228037
167.5,43.8219909667969,-0.0123857475359822
168.75,43.8219909667969,-0.00855302704786954
170,43.8219909667969,-0.00629341119241762
171.25,43.8219909667969,-0.00834342590133787
172.5,43.8219909667969,-0.00992369074214705
173.75,43.8219909667969,-0.00541891634431152
175,43.8219909667969,-0.00142569447787838
176.25,43.8219909667969,-0.00143185874369102
177.5,43.8219909667969,-0.00424239336862519
178.75,43.8219909667969,-0.00595723287213885
180,43.8219909667969,-0.00556314347043572
181.25,43.8219909667969,-0.00267633159275619
182.5,43.8219909667969,0.0021755895800501
183.75,43.8219909667969,0.00786594343263874
185,43.8219909667969,0.014169335493039
186.25,43.8219909667969,0.0208138788585907
187.5,43.8219909667969,0.0267005106936861
188.75,43.8219909667969,0.0309081961410961
190,43.8219909667969,0.0333429344921956
191.25,43.8219909667969,0.034497720333611
192.5,43.8219909667969,0.0346967033024784
193.75,43.8219909667969,0.0341058302719464
195,43.8219909667969,0.0329637657631053
196.25,43.8219909667969,0.0310298442136314
197.5,43.8219909667969,0.0285081176141364
198.75,43.8219909667969,0.0260858703644684
200,43.8219909667969,0.0240498922932208
201.25,43.8219909667969,0.0223142940812994
202.5,43.8219909667969,0.0214322042778716
203.75,43.8219909667969,0.021976259595102
205,43.8219909667969,0.0231336583507058
206.25,43.8219909667969,0.0243883900513595
207.5,43.8219909667969,0.0247843322529616
208.75,43.8219909667969,0.0241610370061914
210,43.8219909667969,0.0231404983727844
211.25,43.8219909667969,0.0224475051270559
212.5,43.8219909667969,0.0223817627535763
213.75,43.8219909667969,0.0226122027329624
215,43.8219909667969,0.0222163468792628
216.25,43.8219909667969,0.0208735555117116
217.5,43.8219909667969,0.0183065766729263
218.75,43.8219909667969,0.0164035788232889
220,43.8219909667969,0.0165489027097686
221.25,43.8219909667969,0.0185810187591638
222.5,43.8219909667969,0.0211628720126525
223.75,43.8219909667969,0.0239425166101556
225,43.8219909667969,0.0269974511943374
226.25,43.8219909667969,0.0286772525693129
227.5,43.8219909667969,0.0278509249233617
228.75,43.8219909667969,0.0231451136372108
230,43.8219909667969,0.0139512471617554
231.25,43.8219909667969,0.00329295345128893
232.5,43.8219909667969,-0.000870731300229809
233.75,43.8219909667969,0.00101856028551688
235,43.8219909667969,0.004636268187314
236.25,43.8219909667969,0.00622766344365337
160,44.764404296875,-0.0231979450365315
161.25,44.764404296875,-0.0230973565504096
162.5,44.764404296875,-0.0211110887749976
163.75,44.764404296875,-0.0190130567845101
165,44.764404296875,-0.0167056864643585
166.25,44.764404296875,-0.0133282740648515
167.5,44.764404296875,-0.00833498617394293
168.75,44.764404296875,-0.00278324161398265
170,44.764404296875,-7.39817021697172e-05
171.25,44.764404296875,-0.00296300996072089
172.5,44.764404296875,-0.00595154935575255
173.75,44.764404296875,-0.00157020402150769
175,44.764404296875,0.00274174544601095
176.25,44.764404296875,0.0026170030083725
177.5,44.764404296875,1.51711121774435e-06
178.75,44.764404296875,-0.00203093353372243
180,44.764404296875,-0.00266881525864368
181.25,44.764404296875,-0.00125301542927339
182.5,44.764404296875,0.00212720548549701
183.75,44.764404296875,0.00678202517523559
185,44.764404296875,0.0124476266662944
186.25,44.764404296875,0.0187869076950513
187.5,44.764404296875,0.0247620591067447
188.75,44.764404296875,0.0294567681188365
190,44.764404296875,0.0326710943740375
191.25,44.764404296875,0.034606100422062
192.5,44.764404296875,0.0351239746063518
193.75,44.764404296875,0.0341971037030041
195,44.764404296875,0.0324365894932274
196.25,44.764404296875,0.0300161223981284
197.5,44.764404296875,0.0270913913777306
198.75,44.764404296875,0.0241330195395706
200,44.764404296875,0.0213475183826413
201.25,44.764404296875,0.0188886672489521
202.5,44.764404296875,0.017431061810325
203.75,44.764404296875,0.0176066621938185
205,44.764404296875,0.0193879632094513
206.25,44.764404296875,0.0219320297928876
207.5,44.764404296875,0.0230211408131559
208.75,44.764404296875,0.0220325400581461
210,44.764404296875,0.0204442317662235
211.25,44.764404296875,0.0194861046055013
212.5,44.764404296875,0.0193767464962894
213.75,44.764404296875,0.0199392319454993
215,44.764404296875,0.0203942536886647
216.25,44.764404296875,0.0201443187870558
217.5,44.764404296875,0.0186781625791977
218.75,44.764404296875,0.0173197824350074
220,44.764404296875,0.0178844608916432
221.25,44.764404296875,0.0205634340063145
222.5,44.764404296875,0.0243426978593092
223.75,44.764404296875,0.0276819767674661
225,44.764404296875,0.0299560427481905
226.25,44.764404296875,0.0307972548972876
227.5,44.764404296875,0.0294385062667476
228.75,44.764404296875,0.0243543831474475
230,44.764404296875,0.0153236784545856
231.25,44.764404296875,0.00563018978837832
232.5,44.764404296875,0.00188285992218668
233.75,44.764404296875,0.00251553817016165
235,44.764404296875,0.00468173240485517
236.25,44.764404296875,0.00601548598229207
160,45.7068023681641,-0.0159731436554049
161.25,45.7068023681641,-0.014442855054766
162.5,45.7068023681641,-0.0116137630606617
163.75,45.7068023681641,-0.00912337125144319
165,45.7068023681641,-0.00777044393250096
166.25,45.7068023681641,-0.00542195851376002
167.5,45.7068023681641,-0.00129730045353307
168.75,45.7068023681641,0.00354935877880483
170,45.7068023681641,0.00602204977048909
171.25,45.7068023681641,0.0048679645632774
172.5,45.7068023681641,0.00406743888148981
173.75,45.7068023681641,0.00658327934860413
175,45.7068023681641,0.00836686974042073
176.25,45.7068023681641,0.00747089065883209
177.5,45.7068023681641,0.00506415371531287
178.75,45.7068023681641,0.00209492077891264
180,45.7068023681641,-0.000217511725877669
181.25,45.7068023681641,-0.000858133832682634
182.5,45.7068023681641,0.000881935562153943
183.75,45.7068023681641,0.00488795336131039
185,45.7068023681641,0.0104372422782507
186.25,45.7068023681641,0.016443633917139
187.5,45.7068023681641,0.0216726376805913
188.75,45.7068023681641,0.0257804297509308
190,45.7068023681641,0.0289638720412542
191.25,45.7068023681641,0.0310471497351723
192.5,45.7068023681641,0.0314267211845013
193.75,45.7068023681641,0.029987303555054
195,45.7068023681641,0.0280090716457222
196.25,45.7068023681641,0.0257480826503024
197.5,45.7068023681641,0.0232011214142332
198.75,45.7068023681641,0.0203895840596498
200,45.7068023681641,0.0175280571833358
201.25,45.7068023681641,0.015141949005112
202.5,45.7068023681641,0.0139154735824113
203.75,45.7068023681641,0.0143064270012041
205,45.7068023681641,0.0164361720032435
206.25,45.7068023681641,0.0196220266636573
207.5,45.7068023681641,0.0213410349651325
208.75,45.7068023681641,0.0205413527876386
210,45.7068023681641,0.0190663402717022
211.25,45.7068023681641,0.0179332727703412
212.5,45.7068023681641,0.0174075735226458
213.75,45.7068023681641,0.0180861178648361
215,45.7068023681641,0.0191988655701892
216.25,45.7068023681641,0.0197089073930205
217.5,45.7068023681641,0.0191311676770903
218.75,45.7068023681641,0.018616509476306
220,45.7068023681641,0.0198002876913796
221.25,45.7068023681641,0.0231729466569598
222.5,45.7068023681641,0.027277154461543
223.75,45.7068023681641,0.0305701679056957
225,45.7068023681641,0.0321565125341491
226.25,45.7068023681641,0.0320749934848805
227.5,45.7068023681641,0.0302136551851338
228.75,45.7068023681641,0.0246089309762677
230,45.7068023681641,0.0162314841499583
231.25,45.7068023681641,0.00889174105753919
232.5,45.7068023681641,0.00608995594312229
233.75,45.7068023681641,0.00607911179423723
235,45.7068023681641,0.00766498668584947
236.25,45.7068023681641,0.00854966105775199
160,46.6492156982422,-0.00250738113693732
161.25,46.6492156982422,0.0010753436020502
162.5,46.6492156982422,0.00505364751394627
163.75,46.6492156982422,0.00794216769157171
165,46.6492156982422,0.00931854882292055
166.25,46.6492156982422,0.0105438909078212
167.5,46.6492156982422,0.0125854798270723
168.75,46.6492156982422,0.0149923881800487
170,46.6492156982422,0.0161189122429115
171.25,46.6492156982422,0.0156397144749277
172.5,46.6492156982422,0.0146273125686541
173.75,46.6492156982422,0.0139981125407104
175,46.6492156982422,0.0133211815549025
176.25,46.6492156982422,0.0117670793719801
177.5,46.6492156982422,0.00944907588491192
178.75,46.6492156982422,0.0064306479320513
180,46.6492156982422,0.00328469840341574
181.25,46.6492156982422,0.00135747600916213
182.5,46.6492156982422,0.00159898449727644
183.75,46.6492156982422,0.00436478387532001
185,46.6492156982422,0.00898764961467394
186.25,46.6492156982422,0.014125996162449
187.5,46.6492156982422,0.0184281327312408
188.75,46.6492156982422,0.0218933862072755
190,46.6492156982422,0.0245528639224332
191.25,46.6492156982422,0.0256531689732045
192.5,46.6492156982422,0.0245360820329194
193.75,46.6492156982422,0.0218517646779419
195,46.6492156982422,0.0192818452684948
196.25,46.6492156982422,0.0180807937184849
197.5,46.6492156982422,0.0173662452618044
198.75,46.6492156982422,0.0161290354360783
200,46.6492156982422,0.0142885846592846
201.25,46.6492156982422,0.0128687134034522
202.5,46.6492156982422,0.0124917083212972
203.75,46.6492156982422,0.0132496277122112
205,46.6492156982422,0.0150326722819208
206.25,46.6492156982422,0.0174200980172343
207.5,46.6492156982422,0.0192602398014403
208.75,46.6492156982422,0.0194768167355409
210,46.6492156982422,0.0189418093641419
211.25,46.6492156982422,0.0180638818384953
212.5,46.6492156982422,0.0171166620839431
213.75,46.6492156982422,0.0175377617231231
215,46.6492156982422,0.0187738764007747
216.25,46.6492156982422,0.0194592116738792
217.5,46.6492156982422,0.0190998321536404
218.75,46.6492156982422,0.0195506222645886
220,46.6492156982422,0.0221522594513939
221.25,46.6492156982422,0.0261708355319316
222.5,46.6492156982422,0.0299815490566684
223.75,46.6492156982422,0.0323843376591875
225,46.6492156982422,0.0329219780332828
226.25,46.6492156982422,0.0319327813731253
227.5,46.6492156982422,0.0292789116790512
228.75,46.6492156982422,0.0235291531031791
230,46.6492156982422,0.0165545587125754
231.25,46.6492156982422,0.0122125368622516
232.5,46.6492156982422,0.0114824273474501
233.75,46.6492156982422,0.0115035709897356
235,46.6492156982422,0.0126628154436215
236.25,46.6492156982422,0.0120947706975605
160,47.5916290283203,0.00741091699998962
161.25,47.5916290283203,0.0139894427857722
162.5,47.5916290283203,0.0196110935304618
163.75,47.5916290283203,0.0232756917910408
165,47.5916290283203,0.024987328070718
166.25,47.5916290283203,0.0251937703801933
167.5,47.5916290283203,0.025585697874202
168.75,47.5916290283203,0.0269467343880723
170,47.5916290283203,0.027704477602444
171.25,47.5916290283203,0.0271127863219745
172.5,47.5916290283203,0.0255289010875891
173.75,47.5916290283203,0.0237411732838885
175,47.5916290283203,0.0219439499069002
176.25,47.5916290283203,0.0200417451817828
177.5,47.5916290283203,0.0180081004087976
178.75,47.5916290283203,0.0157137399383946
180,47.5916290283203,0.0127552201485842
181.25,47.5916290283203,0.0091864377771022
182.5,47.5916290283203,0.00670970084312039
183.75,47.5916290283203,0.00648205919801596
185,47.5916290283203,0.00843667627516491
186.25,47.5916290283203,0.0113145340973367
187.5,47.5916290283203,0.0138897305922357
188.75,47.5916290283203,0.0161745561507754
190,47.5916290283203,0.018016117058012
191.25,47.5916290283203,0.0183444119070856
192.5,47.5916290283203,0.0168167652578357
193.75,47.5916290283203,0.0142748800039569
195,47.5916290283203,0.0118352976227783
196.25,47.5916290283203,0.010947092886044
197.5,47.5916290283203,0.0111831154373314
198.75,47.5916290283203,0.0112749099244849
200,47.5916290283203,0.0112523300560469
201.25,47.5916290283203,0.0115398739280362
202.5,47.5916290283203,0.0121358184946913
203.75,47.5916290283203,0.0129710384686129
205,47.5916290283203,0.014112945167159
206.25,47.5916290283203,0.0158245922533159
207.5,47.5916290283203,0.0179318731356565
208.75,47.5916290283203,0.0195114022071653
210,47.5916290283203,0.0200895802158469
211.25,47.5916290283203,0.0197761590334022
212.5,47.5916290283203,0.0189606785937923
213.75,47.5916290283203,0.0187862727593056
215,47.5916290283203,0.0189049557428609
216.25,47.5916290283203,0.0186962766700132
217.5,47.5916290283203,0.0187945197805066
218.75,47.5916290283203,0.0208885308340616
220,47.5916290283203,0.0251332836590022
221.25,47.5916290283203,0.0296509304719407
222.5,47.5916290283203,0.0325594165520623
223.75,47.5916290283203,0.033253884951202
225,47.5916290283203,0.0323208345950098
226.25,47.5916290283203,0.0300105303958036
227.5,47.5916290283203,0.0260071500231212
228.75,47.5916290283203,0.0205024769809616
230,47.5916290283203,0.0167266658518164
231.25,47.5916290283203,0.0163668590361946
232.5,47.5916290283203,0.0172730959223737
233.75,47.5916290283203,0.0179699839878203
235,47.5916290283203,0.0200967207051217
236.25,47.5916290283203,0.0228193403954698
160,48.5340270996094,0.00682225332710863
161.25,48.5340270996094,0.0167807598785162
162.5,48.5340270996094,0.0265252590638419
163.75,48.5340270996094,0.0325601135585802
165,48.5340270996094,0.0352256897438522
166.25,48.5340270996094,0.0362628034795207
167.5,48.5340270996094,0.0371518473186702
168.75,48.5340270996094,0.0380925342319482
170,48.5340270996094,0.0379062979415685
171.25,48.5340270996094,0.0355289962229828
172.5,48.5340270996094,0.0321070166235952
173.75,48.5340270996094,0.0285559006848719
175,48.5340270996094,0.0252890402014869
176.25,48.5340270996094,0.0228141290889855
177.5,48.5340270996094,0.0211055745082176
178.75,48.5340270996094,0.0192756232101787
180,48.5340270996094,0.01618267052869
181.25,48.5340270996094,0.011331416738418
182.5,48.5340270996094,0.00629597767177997
183.75,48.5340270996094,0.00378594751885283
185,48.5340270996094,0.00448910215518459
186.25,48.5340270996094,0.0065632376329548
187.5,48.5340270996094,0.00872432429670958
188.75,48.5340270996094,0.0104715351915991
190,48.5340270996094,0.0112387396841235
191.25,48.5340270996094,0.0105262633953558
192.5,48.5340270996094,0.00855511645513719
193.75,48.5340270996094,0.0064165550022889
195,48.5340270996094,0.0054057962807869
196.25,48.5340270996094,0.00584028514490504
197.5,48.5340270996094,0.00726622934904177
198.75,48.5340270996094,0.00865332568671112
200,48.5340270996094,0.0102101001762987
201.25,48.5340270996094,0.0119399919296586
202.5,48.5340270996094,0.0133646227700433
203.75,48.5340270996094,0.0141940611270184
205,48.5340270996094,0.0148973811595323
206.25,48.5340270996094,0.0164207058299932
207.5,48.5340270996094,0.0190280755564247
208.75,48.5340270996094,0.0215380329928727
210,48.5340270996094,0.0230755975403537
211.25,48.5340270996094,0.0233131107130194
212.5,48.5340270996094,0.022156809028266
213.75,48.5340270996094,0.0207251621225057
215,48.5340270996094,0.0192708621430698
216.25,48.5340270996094,0.0186980313355007
217.5,48.5340270996094,0.0202458684876148
218.75,48.5340270996094,0.0238265592317772
220,48.5340270996094,0.0284295133144141
221.25,48.5340270996094,0.0322947338286157
222.5,48.5340270996094,0.0337816200077699
223.75,48.5340270996094,0.0328504325801049
225,48.5340270996094,0.030353337952907
226.25,48.5340270996094,0.026779409592672
227.5,48.5340270996094,0.0219317233625909
228.75,48.5340270996094,0.0181834107202328
230,48.5340270996094,0.0193080084820222
231.25,48.5340270996094,0.022259617915332
232.5,48.5340270996094,0.0239667401185068
233.75,48.5340270996094,0.0251950285566603
235,48.5340270996094,0.0257731380754277
236.25,48.5340270996094,0.0259329430091792
160,49.4764404296875,0.0135629466486458
161.25,49.4764404296875,0.0201294340552772
162.5,49.4764404296875,0.0287460050047087
163.75,49.4764404296875,0.0349966038837121
165,49.4764404296875,0.0377444606715932
166.25,49.4764404296875,0.0389656607861183
167.5,49.4764404296875,0.0399475649949402
168.75,49.4764404296875,0.040253617584084
170,49.4764404296875,0.0390756175055856
171.25,49.4764404296875,0.0360317972281857
172.5,49.4764404296875,0.0317343117742633
173.75,49.4764404296875,0.0269215038307384
175,49.4764404296875,0.0222542089443576
176.25,49.4764404296875,0.0182771811096463
177.5,49.4764404296875,0.0154063694300311
178.75,49.4764404296875,0.0127661433953927
180,49.4764404296875,0.00922461633431604
181.25,49.4764404296875,0.00418327322648071
182.5,49.4764404296875,-0.000739220479110557
183.75,49.4764404296875,-0.00306834552389191
185,49.4764404296875,-0.00202521787432366
186.25,49.4764404296875,-0.00019807318914357
187.5,49.4764404296875,0.00158627688022218
188.75,49.4764404296875,0.00343185777917286
190,49.4764404296875,0.00490694610720533
191.25,49.4764404296875,0.00574220536519437
192.5,49.4764404296875,0.00614486795264806
193.75,49.4764404296875,0.00696976757947674
195,49.4764404296875,0.00830552609649792
196.25,49.4764404296875,0.0100776070296643
197.5,49.4764404296875,0.0119062771051641
198.75,49.4764404296875,0.0130675663584727
200,49.4764404296875,0.0139544532079127
201.25,49.4764404296875,0.015341127539626
202.5,49.4764404296875,0.0169216147223328
203.75,49.4764404296875,0.0180257418447153
205,49.4764404296875,0.0190277278556044
206.25,49.4764404296875,0.0203713185313908
207.5,49.4764404296875,0.0221216460969668
208.75,49.4764404296875,0.0239545283009605
210,49.4764404296875,0.0251093692823999
211.25,49.4764404296875,0.0248751635104967
212.5,49.4764404296875,0.0232616233564166
213.75,49.4764404296875,0.021083019691052
215,49.4764404296875,0.0195951438257854
216.25,49.4764404296875,0.0201382097321273
217.5,49.4764404296875,0.0229550524094082
218.75,49.4764404296875,0.0268691188922482
220,49.4764404296875,0.0306174147416365
221.25,49.4764404296875,0.0328833893914795
222.5,49.4764404296875,0.0328878822220467
223.75,49.4764404296875,0.0307703277383011
225,49.4764404296875,0.0273396458433285
226.25,49.4764404296875,0.0232103357579972
227.5,49.4764404296875,0.0195736989559566
228.75,49.4764404296875,0.0199618878551756
230,49.4764404296875,0.0245462548373882
231.25,49.4764404296875,0.02892226123308
232.5,49.4764404296875,0.0313807165225844
233.75,49.4764404296875,0.0313997129015792
235,49.4764404296875,0.0289544303819456
160,50.4188537597656,0.015893832662512
161.25,50.4188537597656,0.0225881036872089
162.5,50.4188537597656,0.0293628340908687
163.75,50.4188537597656,0.0343692613906317
165,50.4188537597656,0.0364663254356743
166.25,50.4188537597656,0.0373114047994923
167.5,50.4188537597656,0.0376933886969073
168.75,50.4188537597656,0.037121777564903
170,50.4188537597656,0.035159262846189
171.25,50.4188537597656,0.0316403232318109
172.5,50.4188537597656,0.0266670354289933
173.75,50.4188537597656,0.0210604036576928
175,50.4188537597656,0.015640468727717
176.25,50.4188537597656,0.0106005771280033
177.5,50.4188537597656,0.00618081628615452
178.75,50.4188537597656,0.00269710875453709
180,50.4188537597656,-0.000204658607137574
181.25,50.4188537597656,-0.0035596930859937
182.5,50.4188537597656,-0.00649276515774812
183.75,50.4188537597656,-0.00681960107267285
185,50.4188537597656,-0.00356793472059328
186.25,50.4188537597656,0.00190108744547905
187.5,50.4188537597656,0.00784926691854512
188.75,50.4188537597656,0.0136814648340102
190,50.4188537597656,0.0191018689120549
191.25,50.4188537597656,0.023776355153457
192.5,50.4188537597656,0.0269639570208608
193.75,50.4188537597656,0.0272326919689522
195,50.4188537597656,0.0255425908800376
196.25,50.4188537597656,0.0234813964679044
197.5,50.4188537597656,0.0227239929561154
198.75,50.4188537597656,0.0225685876949033
200,50.4188537597656,0.0228821393240127
201.25,50.4188537597656,0.0237232308692586
202.5,50.4188537597656,0.0239184309784045
203.75,50.4188537597656,0.0238182362987617
205,50.4188537597656,0.0242247475897418
206.25,50.4188537597656,0.0250364582569414
207.5,50.4188537597656,0.0256591055044501
208.75,50.4188537597656,0.0257890677366675
210,50.4188537597656,0.0253274763156866
211.25,50.4188537597656,0.0241189942539748
212.5,50.4188537597656,0.0223721438217907
213.75,50.4188537597656,0.0210578588235147
215,50.4188537597656,0.0211905368848039
216.25,50.4188537597656,0.0229231727058111
217.5,50.4188537597656,0.0255470323201201
218.75,50.4188537597656,0.0281017214328761
220,50.4188537597656,0.0300731538470729
221.25,50.4188537597656,0.0309171249109984
222.5,50.4188537597656,0.0299893462980319
223.75,50.4188537597656,0.0275745441917042
225,50.4188537597656,0.0243025613155442
226.25,50.4188537597656,0.021758833559115
227.5,50.4188537597656,0.0222246975034737
228.75,50.4188537597656,0.0257085408109404
230,50.4188537597656,0.0298351850989131
231.25,50.4188537597656,0.0337486668339346
232.5,50.4188537597656,0.0331935942980358
233.75,50.4188537597656,0.0338329838081822
160,51.3612518310547,0.0125194167454598
161.25,51.3612518310547,0.0192562208626627
162.5,51.3612518310547,0.0260153640809284
163.75,51.3612518310547,0.0308696435589395
165,51.3612518310547,0.0332359482195336
166.25,51.3612518310547,0.0344830963024539
167.5,51.3612518310547,0.0350201293476591
168.75,51.3612518310547,0.0341735981320018
170,51.3612518310547,0.0313179429353875
171.25,51.3612518310547,0.0265977876594339
172.5,51.3612518310547,0.020711703170572
173.75,51.3612518310547,0.0145252695480354
175,51.3612518310547,0.00869964461045873
176.25,51.3612518310547,0.00338880990111127
177.5,51.3612518310547,-0.00158063134757187
178.75,51.3612518310547,-0.00466533750305009
180,51.3612518310547,-0.00536425033756972
181.25,51.3612518310547,-0.00557490717130763
182.5,51.3612518310547,-0.00619974457515111
183.75,51.3612518310547,-0.00480099451650359
185,51.3612518310547,0.00127771028738123
186.25,51.3612518310547,0.0102584642901502
187.5,51.3612518310547,0.0193908770834334
188.75,51.3612518310547,0.0259314205191606
190,51.3612518310547,0.030790797317246
191.25,51.3612518310547,0.0348250062049104
192.5,51.3612518310547,0.037617317888954
193.75,51.3612518310547,0.0385179568877026
195,51.3612518310547,0.0374202595524393
196.25,51.3612518310547,0.0350004462510124
197.5,51.3612518310547,0.0328458896272053
198.75,51.3612518310547,0.0316338698871373
200,51.3612518310547,0.0310025941887325
201.25,51.3612518310547,0.0305887315653379
202.5,51.3612518310547,0.0299676855974402
203.75,51.3612518310547,0.0293831576246719
205,51.3612518310547,0.0291893997765165
206.25,51.3612518310547,0.0288171339758322
207.5,51.3612518310547,0.0278708831391813
208.75,51.3612518310547,0.0263455613628714
210,51.3612518310547,0.024710891022074
211.25,51.3612518310547,0.023243721066271
212.5,51.3612518310547,0.0224424104612158
213.75,51.3612518310547,0.0225121370622592
215,51.3612518310547,0.0235475873662348
216.25,51.3612518310547,0.0252288443938098
217.5,51.3612518310547,0.0267510326527233
218.75,51.3612518310547,0.0276292076684924
220,51.3612518310547,0.0282715431927738
221.25,51.3612518310547,0.0282726535357507
222.5,51.3612518310547,0.0268622986110578
223.75,51.3612518310547,0.0245661086553996
225,51.3612518310547,0.0231795390166671
226.25,51.3612518310547,0.0243582804990412
227.5,51.3612518310547,0.0282139102661934
228.75,51.3612518310547,0.0326246221793365
230,51.3612518310547,0.036105787831707
231.25,51.3612518310547,0.0394667874393102
232.5,51.3612518310547,0.0421387396923777
160,52.3036651611328,0.00883555309333405
161.25,52.3036651611328,0.0138009985000247
162.5,52.3036651611328,0.0179884338644484
163.75,52.3036651611328,0.0234188983369301
165,52.3036651611328,0.0281191652355427
166.25,52.3036651611328,0.0313513575021372
167.5,52.3036651611328,0.032684238288647
168.75,52.3036651611328,0.0314970706318924
170,52.3036651611328,0.0277171981294437
171.25,52.3036651611328,0.0220103989093187
172.5,52.3036651611328,0.0158453584336637
173.75,52.3036651611328,0.0092611759879116
175,52.3036651611328,0.00289867725290398
176.25,52.3036651611328,-0.0032974534611146
177.5,52.3036651611328,-0.00895781369810535
178.75,52.3036651611328,-0.0119194861956563
180,52.3036651611328,-0.0112179044773325
181.25,52.3036651611328,-0.0084346334421058
182.5,52.3036651611328,-0.00538862112963304
183.75,52.3036651611328,-0.00264575304143621
185,52.3036651611328,0.00304851593364195
186.25,52.3036651611328,0.011290054820393
187.5,52.3036651611328,0.0200628274183436
188.75,52.3036651611328,0.0268131299515451
190,52.3036651611328,0.0317779440001229
191.25,52.3036651611328,0.0339707173011397
192.5,52.3036651611328,0.0333667315294899
193.75,52.3036651611328,0.0319173679946366
195,52.3036651611328,0.0303953336459416
196.25,52.3036651611328,0.0293419031459463
197.5,52.3036651611328,0.0287491149595589
198.75,52.3036651611328,0.0288942661079332
200,52.3036651611328,0.0295349385688914
201.25,52.3036651611328,0.0301866197043296
202.5,52.3036651611328,0.0307360023349066
203.75,52.3036651611328,0.0312044641052438
205,52.3036651611328,0.0313412292506945
206.25,52.3036651611328,0.0306496711309632
207.5,52.3036651611328,0.0289369078356868
208.75,52.3036651611328,0.0266046250148423
210,52.3036651611328,0.0245676278622083
211.25,52.3036651611328,0.0233162563588992
212.5,52.3036651611328,0.0231677148447137
213.75,52.3036651611328,0.0238212654287563
215,52.3036651611328,0.0247356121015544
216.25,52.3036651611328,0.0256671434326882
217.5,52.3036651611328,0.0262127708800607
218.75,52.3036651611328,0.0262762787414187
220,52.3036651611328,0.0261366934441204
221.25,52.3036651611328,0.0257039253008487
222.5,52.3036651611328,0.0245578821785473
223.75,52.3036651611328,0.02369298343173
225,52.3036651611328,0.025448081737978
226.25,52.3036651611328,0.0293464856652712
227.5,52.3036651611328,0.0334441534597447
228.75,52.3036651611328,0.0385158315356727
230,52.3036651611328,0.0426482360434203
231.25,52.3036651611328,0.0445136768192606
232.5,52.3036651611328,0.0449674215605849
160,53.2460784912109,0.00706541796309617
161.25,53.2460784912109,0.0118385162293987
162.5,53.2460784912109,0.0154386723651441
163.75,53.2460784912109,0.0167903878793489
165,53.2460784912109,0.020127205557613
166.25,53.2460784912109,0.0248928808726696
167.5,53.2460784912109,0.0279084311365121
168.75,53.2460784912109,0.0273162994337349
170,53.2460784912109,0.0231779266333722
171.25,53.2460784912109,0.0172003380951416
172.5,53.2460784912109,0.0101558916574956
173.75,53.2460784912109,0.00213539486770849
175,53.2460784912109,-0.0050292780908234
176.25,53.2460784912109,-0.0106587080569978
177.5,53.2460784912109,-0.0150539658442467
178.75,53.2460784912109,-0.0169164846168883
180,53.2460784912109,-0.0148710417918557
181.25,53.2460784912109,-0.00988097048990661
182.5,53.2460784912109,-0.00414915386093362
183.75,53.2460784912109,4.53790688055631e-05
185,53.2460784912109,0.00498626868125265
186.25,53.2460784912109,0.0121900277234684
187.5,53.2460784912109,0.0203704079763935
188.75,53.2460784912109,0.027303884890141
190,53.2460784912109,0.0324975444662176
191.25,53.2460784912109,0.0352411298971186
192.5,53.2460784912109,0.0346771726358189
193.75,53.2460784912109,0.0327802733402211
195,53.2460784912109,0.0301826553658494
196.25,53.2460784912109,0.0283627261641488
197.5,53.2460784912109,0.0276705696681878
198.75,53.2460784912109,0.0276614449458328
200,53.2460784912109,0.0279581061996965
201.25,53.2460784912109,0.0281462383526616
202.5,53.2460784912109,0.0282203759501537
203.75,53.2460784912109,0.0283680625053544
205,53.2460784912109,0.0282847278132425
206.25,53.2460784912109,0.027679315635107
207.5,53.2460784912109,0.0262277222879529
208.75,53.2460784912109,0.0244876628122865
210,53.2460784912109,0.0230035153480663
211.25,53.2460784912109,0.0223773265549412
212.5,53.2460784912109,0.022534598544831
213.75,53.2460784912109,0.0230680303471161
215,53.2460784912109,0.0236157571255848
216.25,53.2460784912109,0.0239875809705214
217.5,53.2460784912109,0.0242021576051753
218.75,53.2460784912109,0.0240860537258852
220,53.2460784912109,0.0237304512613467
221.25,53.2460784912109,0.0232899601486199
222.5,53.2460784912109,0.0233456815061714
223.75,53.2460784912109,0.0249360454243959
225,53.2460784912109,0.0292323533473351
226.25,53.2460784912109,0.034114822570132
227.5,53.2460784912109,0.0378504196622379
228.75,53.2460784912109,0.0419990047900093
230,53.2460784912109,0.0455659318355623
231.25,53.2460784912109,0.0458578105538904
160,54.1884765625,0.00911140272876661
161.25,54.1884765625,0.0113598286605219
162.5,54.1884765625,0.0166029998611599
163.75,54.1884765625,0.0191969870552039
165,54.1884765625,0.0183271977887775
166.25,54.1884765625,0.0189177776711398
167.5,54.1884765625,0.0209964499004332
168.75,54.1884765625,0.0211036985493664
170,54.1884765625,0.0181550327407692
171.25,54.1884765625,0.0134145640377542
172.5,54.1884765625,0.0076738956517775
173.75,54.1884765625,0.00103708253295536
175,54.1884765625,-0.00516634023251616
176.25,54.1884765625,-0.00989873645822022
177.5,54.1884765625,-0.0132587640962059
178.75,54.1884765625,-0.0142461894909099
180,54.1884765625,-0.011303761472023
181.25,54.1884765625,-0.0049924268717547
182.5,54.1884765625,0.00131407317391233
183.75,54.1884765625,0.00520876014144296
185,54.1884765625,0.00910747314629611
186.25,54.1884765625,0.0156281827139323
187.5,54.1884765625,0.0239092771040103
188.75,54.1884765625,0.0306355948367542
190,54.1884765625,0.0352487708306949
191.25,54.1884765625,0.0380777085740033
192.5,54.1884765625,0.0384749133163323
193.75,54.1884765625,0.036220796269315
195,54.1884765625,0.0328376137209995
196.25,54.1884765625,0.0302466895624518
197.5,54.1884765625,0.0285338482752346
198.75,54.1884765625,0.0268301586897271
200,54.1884765625,0.0261172033077141
201.25,54.1884765625,0.0255369641073147
202.5,54.1884765625,0.0244936999413541
203.75,54.1884765625,0.023147833119063
205,54.1884765625,0.0214287019325597
206.25,54.1884765625,0.0199804295533264
207.5,54.1884765625,0.0194477922468489
208.75,54.1884765625,0.0194173003051984
210,54.1884765625,0.019387729000297
211.25,54.1884765625,0.019612943957621
212.5,54.1884765625,0.0200901800728644
213.75,54.1884765625,0.0207699776242749
215,54.1884765625,0.0212457775963216
216.25,54.1884765625,0.0211612119025502
217.5,54.1884765625,0.0208688918566101
218.75,54.1884765625,0.0208559948933147
220,54.1884765625,0.0211638030391652
221.25,54.1884765625,0.0218920612616662
222.5,54.1884765625,0.0241930076032467
223.75,54.1884765625,0.0288313204072931
225,54.1884765625,0.0344063137096835
226.25,54.1884765625,0.0397945721330704
227.5,54.1884765625,0.0442005394097717
228.75,54.1884765625,0.047099423168343
230,54.1884765625,0.0494757853902268
161.25,55.1308898925781,0.0141281743008946
162.5,55.1308898925781,0.0162922409942473
163.75,55.1308898925781,0.0211648833260074
165,55.1308898925781,0.0219969353852023
166.25,55.1308898925781,0.020070058987414
167.5,55.1308898925781,0.0194888120643806
168.75,55.1308898925781,0.0192491941762485
170,55.1308898925781,0.0177446457898865
171.25,55.1308898925781,0.0148689613975633
172.5,55.1308898925781,0.0109551164133299
173.75,55.1308898925781,0.00665477425035221
175,55.1308898925781,0.0027616417486967
176.25,55.1308898925781,-0.000520362444765392
177.5,55.1308898925781,-0.00266368155273164
178.75,55.1308898925781,-0.00281762007884067
180,55.1308898925781,0.000173405757191969
181.25,55.1308898925781,0.00567348323690501
182.5,55.1308898925781,0.0108618896402508
183.75,55.1308898925781,0.0146802584986855
185,55.1308898925781,0.0196259480515621
186.25,55.1308898925781,0.0255101979574366
187.5,55.1308898925781,0.0304940564663126
188.75,55.1308898925781,0.0341109527165345
190,55.1308898925781,0.0367069756047959
191.25,55.1308898925781,0.0380368255738505
192.5,55.1308898925781,0.0379353942641627
193.75,55.1308898925781,0.0363752380174616
195,55.1308898925781,0.0329241813860175
196.25,55.1308898925781,0.0281852089159686
197.5,55.1308898925781,0.0285028604828966
198.75,55.1308898925781,0.0235166635287717
200,55.1308898925781,0.0219953043931004
201.25,55.1308898925781,0.0210186121487209
202.5,55.1308898925781,0.0198485720507008
203.75,55.1308898925781,0.0189615169916694
205,55.1308898925781,0.0174806094519285
206.25,55.1308898925781,0.0162283443690271
207.5,55.1308898925781,0.0155523845966344
208.75,55.1308898925781,0.0153020179489822
210,55.1308898925781,0.0157443716691982
211.25,55.1308898925781,0.0164413750984614
212.5,55.1308898925781,0.0168487961918288
213.75,55.1308898925781,0.0172125774750129
215,55.1308898925781,0.0175786477448888
216.25,55.1308898925781,0.017717331025302
217.5,55.1308898925781,0.0176391500755038
218.75,55.1308898925781,0.0180747195214743
220,55.1308898925781,0.0194338947889799
221.25,55.1308898925781,0.0223917914907921
222.5,55.1308898925781,0.0273538934120201
223.75,55.1308898925781,0.0336802189759741
225,55.1308898925781,0.039078569028474
226.25,55.1308898925781,0.0428746480248579
227.5,55.1308898925781,0.0467086648038277
228.75,55.1308898925781,0.0489536208809457
230,55.1308898925781,0.0494757828282649
161.25,56.0733032226562,0.0140549099070248
162.5,56.0733032226562,0.0192435120278282
163.75,56.0733032226562,0.0236720173557226
165,56.0733032226562,0.0259428764088674
166.25,56.0733032226562,0.0246133845263072
167.5,56.0733032226562,0.0229128891634879
168.75,56.0733032226562,0.0224440973907535
170,56.0733032226562,0.0222497512585915
171.25,56.0733032226562,0.020935435021474
172.5,56.0733032226562,0.0182491920230295
173.75,56.0733032226562,0.0153307096879583
175,56.0733032226562,0.0131027052132143
176.25,56.0733032226562,0.0121349615750245
177.5,56.0733032226562,0.0126770268820709
178.75,56.0733032226562,0.0142857329522518
180,56.0733032226562,0.0172825336230458
181.25,56.0733032226562,0.0206645133898561
182.5,56.0733032226562,0.0234316801322473
183.75,56.0733032226562,0.0267838576638678
185,56.0733032226562,0.0300277432158489
186.25,56.0733032226562,0.032079087369479
187.5,56.0733032226562,0.0330176461948967
188.75,56.0733032226562,0.0336536950605128
190,56.0733032226562,0.0343532162191791
191.25,56.0733032226562,0.0345503667585252
192.5,56.0733032226562,0.03365151719187
193.75,56.0733032226562,0.0323294732032028
195,56.0733032226562,0.0292530212893691
196.25,56.0733032226562,0.0231696233936209
197.5,56.0733032226562,0.0163692881058705
198.75,56.0733032226562,0.011234213391204
200,56.0733032226562,0.0156209068164338
201.25,56.0733032226562,0.0136575698142781
202.5,56.0733032226562,0.0129384838808249
203.75,56.0733032226562,0.0118086004692845
205,56.0733032226562,0.0113837293820527
206.25,56.0733032226562,0.01343065185214
207.5,56.0733032226562,0.0141951361730975
208.75,56.0733032226562,0.0147108438971343
210,56.0733032226562,0.0142445114213337
211.25,56.0733032226562,0.0140064249416183
212.5,56.0733032226562,0.0141594029378945
213.75,56.0733032226562,0.0144615635806725
215,56.0733032226562,0.0146979112785807
216.25,56.0733032226562,0.0148888278372626
217.5,56.0733032226562,0.015551983247207
218.75,56.0733032226562,0.0172183635168035
220,56.0733032226562,0.0209071166425995
221.25,56.0733032226562,0.0267528690065406
222.5,56.0733032226562,0.0329431093383473
223.75,56.0733032226562,0.0380559215217093
225,56.0733032226562,0.0419884084160482
226.25,56.0733032226562,0.044260074960597
227.5,56.0733032226562,0.0430095159010048
162.5,57.0157012939453,0.0260451293743216
163.75,57.0157012939453,0.027220131805012
165,57.0157012939453,0.0296770712232151
166.25,57.0157012939453,0.0294867512435602
167.5,57.0157012939453,0.0288645062370149
168.75,57.0157012939453,0.0286109877245511
170,57.0157012939453,0.028879539631697
171.25,57.0157012939453,0.0284721136717515
172.5,57.0157012939453,0.0266361137746853
173.75,57.0157012939453,0.0246808780106651
175,57.0157012939453,0.0243284572198228
176.25,57.0157012939453,0.0254285577766616
177.5,57.0157012939453,0.0264505788885189
178.75,57.0157012939453,0.0272004016808614
180,57.0157012939453,0.0280907201413436
181.25,57.0157012939453,0.029221481092054
182.5,57.0157012939453,0.0312175252800281
183.75,57.0157012939453,0.0336882217326838
185,57.0157012939453,0.0345541166682616
186.25,57.0157012939453,0.0328063744682349
187.5,57.0157012939453,0.0300667314761917
188.75,57.0157012939453,0.0279202235127999
190,57.0157012939453,0.0276531769923121
191.25,57.0157012939453,0.0284811975611573
192.5,57.0157012939453,0.0255384950381082
193.75,57.0157012939453,0.0225613759917001
195,57.0157012939453,0.0199862944507898
196.25,57.0157012939453,0.0162910694678743
197.5,57.0157012939453,0.012015375894
198.75,57.0157012939453,0.00802867716900871
200,57.0157012939453,0.00550077893542665
201.25,57.0157012939453,0.00303800888037342
202.5,57.0157012939453,0.00392645559475022
203.75,57.0157012939453,0.00377338823902812
205,57.0157012939453,0.00424765330173145
206.25,57.0157012939453,0.00709997927020479
207.5,57.0157012939453,0.0103488630098477
208.75,57.0157012939453,0.0141184095639361
210,57.0157012939453,0.0150845112676607
211.25,57.0157012939453,0.0144844805222376
212.5,57.0157012939453,0.014064866461483
213.75,57.0157012939453,0.0138429808221133
215,57.0157012939453,0.0139672832312783
216.25,57.0157012939453,0.0149346391992249
217.5,57.0157012939453,0.0172821544742575
218.75,57.0157012939453,0.0214927591876205
220,57.0157012939453,0.0269774673513112
221.25,57.0157012939453,0.0327658694534575
222.5,57.0157012939453,0.0371819919690693
223.75,57.0157012939453,0.0404354642782077
225,57.0157012939453,0.0429469201037141
226.25,57.0157012939453,0.0455755041484109
162.5,57.9581146240234,0.028956898737
163.75,57.9581146240234,0.0298009882052754
165,57.9581146240234,0.0324742826381414
166.25,57.9581146240234,0.0328636143149234
167.5,57.9581146240234,0.0336683360894614
168.75,57.9581146240234,0.0349193387923369
170,57.9581146240234,0.0361329805594838
171.25,57.9581146240234,0.0361179821291857
172.5,57.9581146240234,0.0343465331035308
173.75,57.9581146240234,0.0324960397049353
175,57.9581146240234,0.0321112579067986
176.25,57.9581146240234,0.0331872373561092
177.5,57.9581146240234,0.0344069328371797
178.75,57.9581146240234,0.0346379986626013
180,57.9581146240234,0.0339731726828104
181.25,57.9581146240234,0.0332036510339447
182.5,57.9581146240234,0.0331266552231982
183.75,57.9581146240234,0.0330993413985316
185,57.9581146240234,0.0318677047630868
186.25,57.9581146240234,0.0286643878539927
187.5,57.9581146240234,0.0236030611218118
188.75,57.9581146240234,0.02064950718444
190,57.9581146240234,0.0201513014260794
191.25,57.9581146240234,0.0200692500980039
192.5,57.9581146240234,0.017250373122214
193.75,57.9581146240234,0.0140262547288099
195,57.9581146240234,0.00978949898713319
196.25,57.9581146240234,0.00542151614341355
197.5,57.9581146240234,0.00239041734157685
198.75,57.9581146240234,0.000795741636393599
200,57.9581146240234,-0.000378992376089523
201.25,57.9581146240234,-0.000944508561212958
202.5,57.9581146240234,-0.00117197792679825
203.75,57.9581146240234,0.00221411308200239
206.25,57.9581146240234,0.00349556383097977
207.5,57.9581146240234,0.00608398155224325
208.75,57.9581146240234,0.0109699866619324
210,57.9581146240234,0.0151291227634154
211.25,57.9581146240234,0.0166673607269195
212.5,57.9581146240234,0.0170598369551724
213.75,57.9581146240234,0.0173196535133432
215,57.9581146240234,0.0180211635882725
216.25,57.9581146240234,0.0199435008918605
217.5,57.9581146240234,0.0237276542302217
218.75,57.9581146240234,0.0292928409107993
220,57.9581146240234,0.0335274932191083
221.25,57.9581146240234,0.0361435213627022
222.5,57.9581146240234,0.0384176209159982
223.75,57.9581146240234,0.0398556900045951
225,57.9581146240234,0.0411701777796463
160,58.9005279541016,0.00893489957819604
161.25,58.9005279541016,0.00891726912137413
162.5,58.9005279541016,0.0300137084807729
163.75,58.9005279541016,0.029152576676311
165,58.9005279541016,0.0332211037648864
166.25,58.9005279541016,0.0339075231846707
167.5,58.9005279541016,0.0346764067930592
168.75,58.9005279541016,0.0363487988167054
170,58.9005279541016,0.038151035522394
171.25,58.9005279541016,0.0385940061242762
172.5,58.9005279541016,0.0382816699816185
173.75,58.9005279541016,0.0392580107106085
175,58.9005279541016,0.0411998248858178
176.25,58.9005279541016,0.0420790510407474
177.5,58.9005279541016,0.0407070603568604
178.75,58.9005279541016,0.0378437097598659
180,58.9005279541016,0.0348000125889574
181.25,58.9005279541016,0.0323098529184348
182.5,58.9005279541016,0.0302221178231142
183.75,58.9005279541016,0.0280834856592207
185,58.9005279541016,0.0253478012370656
186.25,58.9005279541016,0.0219014816668091
187.5,58.9005279541016,0.0186689349824602
188.75,58.9005279541016,0.0178947836145133
190,58.9005279541016,0.0174556549281078
191.25,58.9005279541016,0.0152255862472387
192.5,58.9005279541016,0.0118105181510605
193.75,58.9005279541016,0.0084921610604005
195,58.9005279541016,0.00471733832016205
196.25,58.9005279541016,0.000598020647999219
197.5,58.9005279541016,-0.0023436821265944
198.75,58.9005279541016,-0.00198012744681844
200,58.9005279541016,-0.00306800758634242
201.25,58.9005279541016,-0.00200300248093151
202.5,58.9005279541016,-0.000604664637357033
206.25,58.9005279541016,0.00287730661588933
207.5,58.9005279541016,0.00360262231671598
208.75,58.9005279541016,0.0072447667660545
210,58.9005279541016,0.0125376978970114
211.25,58.9005279541016,0.0168540214771612
212.5,58.9005279541016,0.0201955683736319
213.75,58.9005279541016,0.0225513417965538
215,58.9005279541016,0.0244627120202843
216.25,58.9005279541016,0.0278651624509684
217.5,58.9005279541016,0.0317519877002274
218.75,58.9005279541016,0.0339933371556566
220,58.9005279541016,0.0341627621846404
221.25,58.9005279541016,0.0351182781349735
222.5,58.9005279541016,0.0364637359668402
160,59.8429260253906,0.0102498102280025
161.25,59.8429260253906,0.0113430376397285
162.5,59.8429260253906,0.0117295302538163
163.75,59.8429260253906,0.026933021534905
165,59.8429260253906,0.0324762212475459
166.25,59.8429260253906,0.0335517150507851
167.5,59.8429260253906,0.0337557907182591
168.75,59.8429260253906,0.0348160264364316
170,59.8429260253906,0.0379796013503311
171.25,59.8429260253906,0.0386154329688495
172.5,59.8429260253906,0.0391557184436875
173.75,59.8429260253906,0.0403743725534335
175,59.8429260253906,0.0421229866906833
176.25,59.8429260253906,0.0429286671255337
177.5,59.8429260253906,0.0410953003394178
178.75,59.8429260253906,0.0376281237497748
180,59.8429260253906,0.0341621634605518
181.25,59.8429260253906,0.0311174433017037
182.5,59.8429260253906,0.0280930741423502
183.75,59.8429260253906,0.0245631211612673
185,59.8429260253906,0.0218169894556599
186.25,59.8429260253906,0.0198131385150187
187.5,59.8429260253906,0.0181258632580827
188.75,59.8429260253906,0.0167833426767203
190,59.8429260253906,0.0153611134361029
191.25,59.8429260253906,0.0114029108689822
192.5,59.8429260253906,0.00557691183884746
193.75,59.8429260253906,0.00203440358404227
195,59.8429260253906,-4.47195716542595e-06
196.25,59.8429260253906,-0.00245909058340698
197.5,59.8429260253906,-0.00432163111091238
198.75,59.8429260253906,-0.00432420141441792
206.25,59.8429260253906,0.00212113987979595
207.5,59.8429260253906,0.00237670521844525
208.75,59.8429260253906,0.00650425930186088
210,59.8429260253906,0.00900727637849743
211.25,59.8429260253906,0.0151929531078013
212.5,59.8429260253906,0.0173199179215348
213.75,59.8429260253906,0.0221879437071028
215,59.8429260253906,0.0246716333777424
216.25,59.8429260253906,0.029019911789111
217.5,59.8429260253906,0.0337158656515523
218.75,59.8429260253906,0.0352318312853362
220,59.8429260253906,0.0338383589067251
221.25,59.8429260253906,0.0325359335153975
160,60.7853393554688,0.0148390722919768
161.25,60.7853393554688,0.0139146468424403
162.5,60.7853393554688,0.013973642066457
167.5,60.7853393554688,0.0325405622611596
168.75,60.7853393554688,0.0328900740157784
170,60.7853393554688,0.0329338706694817
171.25,60.7853393554688,0.0387157655214387
172.5,60.7853393554688,0.0393122044474915
173.75,60.7853393554688,0.0376533541952905
175,60.7853393554688,0.0384630622473074
176.25,60.7853393554688,0.0390444628165006
177.5,60.7853393554688,0.0377551711259907
178.75,60.7853393554688,0.0350383733625474
180,60.7853393554688,0.0312579926253425
181.25,60.7853393554688,0.0268420162402417
182.5,60.7853393554688,0.0210204723563903
183.75,60.7853393554688,0.0167784653537431
185,60.7853393554688,0.0149050455856805
186.25,60.7853393554688,0.0125836386864188
187.5,60.7853393554688,0.0117646639163893
188.75,60.7853393554688,0.0115803994362852
190,60.7853393554688,0.0103717888610991
191.25,60.7853393554688,0.00521274565208312
192.5,60.7853393554688,-0.003690071085778
193.75,60.7853393554688,-0.00825067753726959
195,60.7853393554688,-0.00886468072796112
212.5,60.7853393554688,0.0141739982879754
213.75,60.7853393554688,0.018149743396437
215,60.7853393554688,0.0216070560431028
216.25,60.7853393554688,0.0263078673568585
160,61.7277526855469,0.0198817440340719
173.75,61.7277526855469,0.0359801438408398
175,61.7277526855469,0.0358467850358341
176.25,61.7277526855469,0.0349255095600942
177.5,61.7277526855469,0.0279255440237751
178.75,61.7277526855469,0.0227210255569011
180,61.7277526855469,0.0154820494611196
181.25,61.7277526855469,0.0128613855095199
182.5,61.7277526855469,0.0121751308061912
183.75,61.7277526855469,0.0105112791758531
185,61.7277526855469,0.00917711663944694
186.25,61.7277526855469,0.00626335023241821
187.5,61.7277526855469,0.00321706430531522
188.75,61.7277526855469,0.0014088512727889
190,61.7277526855469,-0.000864915267016853
191.25,61.7277526855469,-0.00639133191617432
192.5,61.7277526855469,-0.0124088549164535
193.75,61.7277526855469,-0.0127510530947347
195,61.7277526855469,-0.0102471571597023
175,62.6701507568359,0.0355450079406268
176.25,62.6701507568359,0.0347850864482358
177.5,62.6701507568359,0.00676501036271451
178.75,62.6701507568359,0.0116950667284382
180,62.6701507568359,0.0119014208691427
181.25,62.6701507568359,0.0113356980730692
182.5,62.6701507568359,0.0138727406971432
183.75,62.6701507568359,0.0123508095147833
185,62.6701507568359,0.00974258303413687
186.25,62.6701507568359,0.00666953270539166
187.5,62.6701507568359,0.00249912220921427
188.75,62.6701507568359,-0.00263468641206296
190,62.6701507568359,-0.00857944372306799
191.25,62.6701507568359,-0.0143286699666276
192.5,62.6701507568359,-0.0164817115006597
193.75,62.6701507568359,-0.0113896823457616
195,62.6701507568359,-0.00789674028677256
196.25,62.6701507568359,-0.000320691817024113
197.5,62.6701507568359,-0.000320689768895711
178.75,63.6125640869141,0.0102313728349857
180,63.6125640869141,0.0125721887234269
181.25,63.6125640869141,0.0184800449497485
182.5,63.6125640869141,0.0200777910690258
183.75,63.6125640869141,0.0189629794756313
185,63.6125640869141,0.0173134303317363
186.25,63.6125640869141,0.0166354372942931
187.5,63.6125640869141,0.0148569040826545
188.75,63.6125640869141,0.00929307869793572
190,63.6125640869141,-0.0019760929546158
191.25,63.6125640869141,-0.0124672435407286
192.5,63.6125640869141,-0.0136767921670767
193.75,63.6125640869141,-0.0065413068088878
195,63.6125640869141,-0.00120474715484353
196.25,63.6125640869141,-0.00136126963353619
197.5,63.6125640869141,-0.00117269791658857
178.75,64.5549774169922,0.0059975294179903
180,64.5549774169922,0.00859671046195251
181.25,64.5549774169922,0.0168682246508977
182.5,64.5549774169922,0.0196903238960492
183.75,64.5549774169922,0.0180418643196833
185,64.5549774169922,0.0178594551743227
186.25,64.5549774169922,0.018214781129269
187.5,64.5549774169922,0.0174508828854659
188.75,64.5549774169922,0.00847614187831372
190,64.5549774169922,-0.000461285515280163
191.25,64.5549774169922,-0.00899017656199042
192.5,64.5549774169922,-0.00843354657397319
193.75,64.5549774169922,-0.00449400004280887
195,64.5549774169922,-0.00374845190501472
196.25,64.5549774169922,-0.00346445937233921
197.5,64.5549774169922,-0.00204756607704814
180,65.4973907470703,0.0102076871139484
181.25,65.4973907470703,0.0103630198859894
182.5,65.4973907470703,0.00989449159671467
183.75,65.4973907470703,0.00967006860109764
185,65.4973907470703,0.0095186691855548
188.75,65.4973907470703,-0.000374731646886158
190,65.4973907470703,-0.00399601746986168
191.25,65.4973907470703,-0.00661492517818281
192.5,65.4973907470703,-0.00651383596447859
193.75,65.4973907470703,-0.00489830387728573
