"lon","lat","beta"
160,20.2617797851562,-0.00828702673696431
161.25,20.2617797851562,-0.008310020161712
162.5,20.2617797851562,-0.00815272386731885
163.75,20.2617797851562,-0.00796110173069549
165,20.2617797851562,-0.00819564902630969
166.25,20.2617797851562,-0.00885652300818694
167.5,20.2617797851562,-0.00969798283572296
168.75,20.2617797851562,-0.0107678475711224
170,20.2617797851562,-0.0118613847407614
171.25,20.2617797851562,-0.0126834793627421
172.5,20.2617797851562,-0.0133667346700742
173.75,20.2617797851562,-0.0131435833570103
175,20.2617797851562,-0.0110931911156679
176.25,20.2617797851562,-0.00740478928376842
177.5,20.2617797851562,-0.00304991808730506
178.75,20.2617797851562,0.000406943864670202
180,20.2617797851562,0.00223724866929813
181.25,20.2617797851562,0.00375211395233991
182.5,20.2617797851562,0.00472826858150941
183.75,20.2617797851562,0.00513174654617065
185,20.2617797851562,0.00487583495242981
186.25,20.2617797851562,0.00445206668983403
187.5,20.2617797851562,0.00466410414663697
188.75,20.2617797851562,0.00581283992745884
190,20.2617797851562,0.00680984413246539
191.25,20.2617797851562,0.00762679628948605
192.5,20.2617797851562,0.00845237906198838
193.75,20.2617797851562,0.0098557219308214
195,20.2617797851562,0.0118317048106667
196.25,20.2617797851562,0.0143392425478118
197.5,20.2617797851562,0.0167903534424022
198.75,20.2617797851562,0.0179451464751516
200,20.2617797851562,0.0174936699141388
201.25,20.2617797851562,0.0161988299445181
202.5,20.2617797851562,0.0131579530615315
203.75,20.2617797851562,0.00921311916864507
205,20.2617797851562,0.00480379649276571
206.25,20.2617797851562,0.000865647328720647
207.5,20.2617797851562,-0.00150056159970937
208.75,20.2617797851562,-0.00310650611124456
210,20.2617797851562,-0.00408865491028005
211.25,20.2617797851562,-0.0051187408786852
212.5,20.2617797851562,-0.00658190487564367
213.75,20.2617797851562,-0.00809958549750191
215,20.2617797851562,-0.0098012744778839
216.25,20.2617797851562,-0.0105107214929422
217.5,20.2617797851562,-0.0109443822336318
218.75,20.2617797851562,-0.0109388505084437
220,20.2617797851562,-0.0105411788177322
221.25,20.2617797851562,-0.0100710534194408
222.5,20.2617797851562,-0.0098489631245741
223.75,20.2617797851562,-0.0100467100896153
225,20.2617797851562,-0.0105867519709169
226.25,20.2617797851562,-0.0120198726406878
227.5,20.2617797851562,-0.0133439151955126
228.75,20.2617797851562,-0.0136120034743006
230,20.2617797851562,-0.0130462249510135
231.25,20.2617797851562,-0.0119615526391106
232.5,20.2617797851562,-0.0112097617424571
233.75,20.2617797851562,-0.0117696403661683
235,20.2617797851562,-0.0145596399630056
236.25,20.2617797851562,-0.0199841188446166
237.5,20.2617797851562,-0.0266303603037424
238.75,20.2617797851562,-0.0278744648094304
240,20.2617797851562,-0.0232870891729451
241.25,20.2617797851562,-0.0147492578536733
242.5,20.2617797851562,-0.00485253557669509
243.75,20.2617797851562,0.00570127736566959
245,20.2617797851562,0.0146058582159184
246.25,20.2617797851562,0.0148930739334141
247.5,20.2617797851562,0.00750828216939921
248.75,20.2617797851562,-0.00435920932494423
250,20.2617797851562,-0.0167319158646266
160,21.2041854858398,-0.00717466029773358
161.25,21.2041854858398,-0.00667443018902248
162.5,21.2041854858398,-0.00634942775972414
163.75,21.2041854858398,-0.00616493577357259
165,21.2041854858398,-0.00632560561966534
166.25,21.2041854858398,-0.00689214492957951
167.5,21.2041854858398,-0.00755557184382029
168.75,21.2041854858398,-0.00898111405870497
170,21.2041854858398,-0.0106526952988878
171.25,21.2041854858398,-0.0121695293955898
172.5,21.2041854858398,-0.0137481672602352
173.75,21.2041854858398,-0.0152739828698313
175,21.2041854858398,-0.0161792070914239
176.25,21.2041854858398,-0.0159429548835226
177.5,21.2041854858398,-0.0139403638961904
178.75,21.2041854858398,-0.0108653760137948
180,21.2041854858398,-0.00803992072372483
181.25,21.2041854858398,-0.00503948679903194
182.5,21.2041854858398,-0.00330065003582377
183.75,21.2041854858398,-0.0025123948150924
185,21.2041854858398,-0.00258985818758176
186.25,21.2041854858398,-0.00288912985031403
187.5,21.2041854858398,-0.00265235072161795
188.75,21.2041854858398,-0.00154392823632298
190,21.2041854858398,-0.000279458099344107
191.25,21.2041854858398,0.00135413018399902
192.5,21.2041854858398,0.00287548152573625
193.75,21.2041854858398,0.00466954602494256
195,21.2041854858398,0.00687566872769016
196.25,21.2041854858398,0.0098583172159725
197.5,21.2041854858398,0.0126957520109204
198.75,21.2041854858398,0.0144767327269254
200,21.2041854858398,0.0147215465006941
201.25,21.2041854858398,0.013623645669484
202.5,21.2041854858398,0.0110375914436093
203.75,21.2041854858398,0.00722293007876939
205,21.2041854858398,0.00327685969881731
206.25,21.2041854858398,-0.000170228185540915
207.5,21.2041854858398,-0.00248107520194949
208.75,21.2041854858398,-0.00411338977868214
210,21.2041854858398,-0.00530903163806661
211.25,21.2041854858398,-0.00624670510559236
212.5,21.2041854858398,-0.00729982856239896
213.75,21.2041854858398,-0.00844578348966561
215,21.2041854858398,-0.00969441023933907
216.25,21.2041854858398,-0.0106234916650729
217.5,21.2041854858398,-0.0112221617194092
218.75,21.2041854858398,-0.0114594941916159
220,21.2041854858398,-0.0111895339136828
221.25,21.2041854858398,-0.0104738963282509
222.5,21.2041854858398,-0.00955284513565867
223.75,21.2041854858398,-0.00886837610972859
225,21.2041854858398,-0.0085528182173897
226.25,21.2041854858398,-0.00912029694206088
227.5,21.2041854858398,-0.0105047141302363
228.75,21.2041854858398,-0.0117993895242193
230,21.2041854858398,-0.0127680769675195
231.25,21.2041854858398,-0.0133087486184643
232.5,21.2041854858398,-0.013551436032028
233.75,21.2041854858398,-0.0141432279658208
235,21.2041854858398,-0.0161819078155955
236.25,21.2041854858398,-0.0199938036071319
237.5,21.2041854858398,-0.0253141970345279
238.75,21.2041854858398,-0.0275716636836637
240,21.2041854858398,-0.0242497474128554
241.25,21.2041854858398,-0.0149861891190161
242.5,21.2041854858398,-0.00217091790170794
243.75,21.2041854858398,0.01077386216237
245,21.2041854858398,0.0185094071091607
246.25,21.2041854858398,0.0134288989010622
247.5,21.2041854858398,0.00172234955121819
248.75,21.2041854858398,-0.0142433171631941
250,21.2041854858398,-0.0275650452212294
160,22.146598815918,-0.00782466114489774
161.25,22.146598815918,-0.00626787131191226
162.5,22.146598815918,-0.00518622321472077
163.75,22.146598815918,-0.00453735349399856
165,22.146598815918,-0.00427141976283964
166.25,22.146598815918,-0.00432714123396724
167.5,22.146598815918,-0.0051060800804718
168.75,22.146598815918,-0.00666244963773081
170,22.146598815918,-0.00886475188314148
171.25,22.146598815918,-0.0107340489065587
172.5,22.146598815918,-0.0128086500148494
173.75,22.146598815918,-0.0147044376783009
175,22.146598815918,-0.0163084026112742
176.25,22.146598815918,-0.0178015107236033
177.5,22.146598815918,-0.0189187740880458
178.75,22.146598815918,-0.0190870363183077
180,22.146598815918,-0.018159858487931
181.25,22.146598815918,-0.0156496951122749
182.5,22.146598815918,-0.0134429226354664
183.75,22.146598815918,-0.0118726459127483
185,22.146598815918,-0.01119849849366
186.25,22.146598815918,-0.0109617954510911
187.5,22.146598815918,-0.0105949161382499
188.75,22.146598815918,-0.00954265422607564
190,22.146598815918,-0.00774545156865264
191.25,22.146598815918,-0.00532229616435707
192.5,22.146598815918,-0.00274062821466983
193.75,22.146598815918,-0.000384936671194372
195,22.146598815918,0.00262922153732835
196.25,22.146598815918,0.00617990561809045
197.5,22.146598815918,0.00920761242839028
198.75,22.146598815918,0.0111356011709189
200,22.146598815918,0.0117217217984354
201.25,22.146598815918,0.0109856656477562
202.5,22.146598815918,0.00894077144011479
203.75,22.146598815918,0.00584480282415893
205,22.146598815918,0.00255593331317324
206.25,22.146598815918,-0.000483468798041588
207.5,22.146598815918,-0.00296397921542946
208.75,22.146598815918,-0.00467298742967263
210,22.146598815918,-0.00600910702125263
211.25,22.146598815918,-0.00715360371082986
212.5,22.146598815918,-0.00812574259664224
213.75,22.146598815918,-0.00893050254416143
215,22.146598815918,-0.0094722934249138
216.25,22.146598815918,-0.0103600157180953
217.5,22.146598815918,-0.0113277163743492
218.75,22.146598815918,-0.0119216182989429
220,22.146598815918,-0.0120205146346076
221.25,22.146598815918,-0.0115744658746402
222.5,22.146598815918,-0.0106385722923491
223.75,22.146598815918,-0.00960706031220354
225,22.146598815918,-0.00891987165151106
226.25,22.146598815918,-0.00859887162178407
227.5,22.146598815918,-0.00922069233777437
228.75,22.146598815918,-0.0102360876331219
230,22.146598815918,-0.0112273272800086
231.25,22.146598815918,-0.0120111635921951
232.5,22.146598815918,-0.0126071336321736
233.75,22.146598815918,-0.0136780121832657
235,22.146598815918,-0.0157583734535638
236.25,22.146598815918,-0.0187856206430484
237.5,22.146598815918,-0.022738764767382
238.75,22.146598815918,-0.0256853140951164
240,22.146598815918,-0.0244298734269954
241.25,22.146598815918,-0.0164945837929701
242.5,22.146598815918,-0.00323929022546735
243.75,22.146598815918,0.0101108310420722
245,22.146598815918,0.0145291308452118
246.25,22.146598815918,0.0057182517701343
247.5,22.146598815918,-0.0083454838183054
248.75,22.146598815918,-0.0236565902650451
250,22.146598815918,-0.0345191776201015
160,23.0890045166016,-0.00926247870027194
161.25,23.0890045166016,-0.00718690505317249
162.5,23.0890045166016,-0.00516480926142142
163.75,23.0890045166016,-0.00339744718315433
165,23.0890045166016,-0.00228278515694166
166.25,23.0890045166016,-0.00201590634407645
167.5,23.0890045166016,-0.00259817801048758
168.75,23.0890045166016,-0.00416587587887465
170,23.0890045166016,-0.00663438989690678
171.25,23.0890045166016,-0.00887902482264
172.5,23.0890045166016,-0.0110914598051254
173.75,23.0890045166016,-0.0128697500757376
175,23.0890045166016,-0.0144456171590612
176.25,23.0890045166016,-0.0162382186614979
177.5,23.0890045166016,-0.0181864404848949
178.75,23.0890045166016,-0.0198427982265696
180,23.0890045166016,-0.0212369425342658
181.25,23.0890045166016,-0.0213767468205142
182.5,23.0890045166016,-0.0202247624660121
183.75,23.0890045166016,-0.0185191173784901
185,23.0890045166016,-0.0174306975628691
186.25,23.0890045166016,-0.016932899768443
187.5,23.0890045166016,-0.0167487318851307
188.75,23.0890045166016,-0.0162811457073933
190,23.0890045166016,-0.0149467850218637
191.25,23.0890045166016,-0.0125270553118665
192.5,23.0890045166016,-0.0094507564130974
193.75,23.0890045166016,-0.00653320114517946
195,23.0890045166016,-0.00346499032838197
196.25,23.0890045166016,0.000364042449281332
197.5,23.0890045166016,0.00436883204318725
198.75,23.0890045166016,0.00725311238032917
200,23.0890045166016,0.00847759861816695
201.25,23.0890045166016,0.00823199510386346
202.5,23.0890045166016,0.00671764835213288
203.75,23.0890045166016,0.0047510448277447
205,23.0890045166016,0.00240742919697579
206.25,23.0890045166016,0.000146103489284003
207.5,23.0890045166016,-0.00189055049051032
208.75,23.0890045166016,-0.00371587902878816
210,23.0890045166016,-0.00547582939622806
211.25,23.0890045166016,-0.00696615700034206
212.5,23.0890045166016,-0.00799704404435836
213.75,23.0890045166016,-0.00850986603327032
215,23.0890045166016,-0.00864780862642407
216.25,23.0890045166016,-0.00907048996858311
217.5,23.0890045166016,-0.0100783467328281
218.75,23.0890045166016,-0.0110921425987476
220,23.0890045166016,-0.011871055867062
221.25,23.0890045166016,-0.012154476437039
222.5,23.0890045166016,-0.0118044165338167
223.75,23.0890045166016,-0.0110009224272295
225,23.0890045166016,-0.0103090746466746
226.25,23.0890045166016,-0.00963586379111974
227.5,23.0890045166016,-0.00958877191689736
228.75,23.0890045166016,-0.00976028416350302
230,23.0890045166016,-0.00998472556956498
231.25,23.0890045166016,-0.0104313357669913
232.5,23.0890045166016,-0.0114949982870887
233.75,23.0890045166016,-0.0134197071575474
235,23.0890045166016,-0.0158403363879763
236.25,23.0890045166016,-0.0182978102659288
237.5,23.0890045166016,-0.021384460232398
238.75,23.0890045166016,-0.0241559216697008
240,23.0890045166016,-0.0242594911562035
241.25,23.0890045166016,-0.0184219472277205
242.5,23.0890045166016,-0.00634103321428659
243.75,23.0890045166016,0.00465914116171053
245,23.0890045166016,0.00559478368125597
246.25,23.0890045166016,-0.0025007429598143
247.5,23.0890045166016,-0.012393351858112
248.75,23.0890045166016,-0.0211885396228631
250,23.0890045166016,-0.0360528439197994
160,24.0314178466797,-0.00783605744337525
161.25,24.0314178466797,-0.00667273503821895
162.5,24.0314178466797,-0.0049407205555113
163.75,24.0314178466797,-0.00273122971598727
165,24.0314178466797,-0.000686595858638404
166.25,24.0314178466797,0.00043461563563481
167.5,24.0314178466797,0.000351257790985416
168.75,24.0314178466797,-0.00115636371722104
170,24.0314178466797,-0.00383803682934142
171.25,24.0314178466797,-0.00672244780703966
172.5,24.0314178466797,-0.00931933490188639
173.75,24.0314178466797,-0.0110756951480504
175,24.0314178466797,-0.0123492583949307
176.25,24.0314178466797,-0.0138342248418487
177.5,24.0314178466797,-0.01572929668296
178.75,24.0314178466797,-0.017531174368943
180,24.0314178466797,-0.0190414881774247
181.25,24.0314178466797,-0.0204206076042363
182.5,24.0314178466797,-0.0207568989073496
183.75,24.0314178466797,-0.0204339602769466
185,24.0314178466797,-0.0201141834546514
186.25,24.0314178466797,-0.0201355422446988
187.5,24.0314178466797,-0.0205787328919773
188.75,24.0314178466797,-0.0210431163503805
190,24.0314178466797,-0.0210060218595776
191.25,24.0314178466797,-0.019738381105029
192.5,24.0314178466797,-0.0172433461742761
193.75,24.0314178466797,-0.014907898856566
195,24.0314178466797,-0.0126163049558664
196.25,24.0314178466797,-0.00926104688466051
197.5,24.0314178466797,-0.00504770137382423
198.75,24.0314178466797,-0.00112869043204165
200,24.0314178466797,0.00193571480193679
201.25,24.0314178466797,0.00382299853488655
202.5,24.0314178466797,0.00422489607757913
203.75,24.0314178466797,0.00392166949175132
205,24.0314178466797,0.00310024829999368
206.25,24.0314178466797,0.00178575533188824
207.5,24.0314178466797,1.19163422068914e-05
208.75,24.0314178466797,-0.00173674359774774
210,24.0314178466797,-0.00347135786987965
211.25,24.0314178466797,-0.00506754443372651
212.5,24.0314178466797,-0.00633487568178281
213.75,24.0314178466797,-0.00686401220631844
215,24.0314178466797,-0.00678308737178331
216.25,24.0314178466797,-0.00693886759630172
217.5,24.0314178466797,-0.00772986939714089
218.75,24.0314178466797,-0.00888722686613442
220,24.0314178466797,-0.0101477309349272
221.25,24.0314178466797,-0.0112334446622893
222.5,24.0314178466797,-0.0119132369550906
223.75,24.0314178466797,-0.011854201243362
225,24.0314178466797,-0.0114032134656838
226.25,24.0314178466797,-0.0109427651443293
227.5,24.0314178466797,-0.0106765965314945
228.75,24.0314178466797,-0.0102336679327484
230,24.0314178466797,-0.00977028316884523
231.25,24.0314178466797,-0.0101258922756718
232.5,24.0314178466797,-0.0117858683242543
233.75,24.0314178466797,-0.0142448770614412
235,24.0314178466797,-0.0166464980899994
236.25,24.0314178466797,-0.0188452541120415
237.5,24.0314178466797,-0.0209726548459399
238.75,24.0314178466797,-0.0228038953373891
240,24.0314178466797,-0.0228282582455179
241.25,24.0314178466797,-0.0190526797271299
242.5,24.0314178466797,-0.0100394618851696
243.75,24.0314178466797,-0.00234171271416309
245,24.0314178466797,-0.00199977136296551
246.25,24.0314178466797,-0.00564659170666282
247.5,24.0314178466797,-0.00880625403201205
248.75,24.0314178466797,-0.013216030853473
250,24.0314178466797,-0.0252106016966627
160,24.9738235473633,-0.00404303735259509
161.25,24.9738235473633,-0.00365063988774278
162.5,24.9738235473633,-0.00314146779742255
163.75,24.9738235473633,-0.00203028452883159
165,24.9738235473633,-0.00021777176988637
166.25,24.9738235473633,0.00169989471410875
167.5,24.9738235473633,0.00274430545265366
168.75,24.9738235473633,0.00198281632098741
170,24.9738235473633,-0.000235358541295046
171.25,24.9738235473633,-0.00319865396548018
172.5,24.9738235473633,-0.00621731001584484
173.75,24.9738235473633,-0.00862856976432755
175,24.9738235473633,-0.0102120545759921
176.25,24.9738235473633,-0.0114618033801513
177.5,24.9738235473633,-0.012770766101172
178.75,24.9738235473633,-0.0141672057158573
180,24.9738235473633,-0.0156211919465319
181.25,24.9738235473633,-0.0169907670341311
182.5,24.9738235473633,-0.0177139164903787
183.75,24.9738235473633,-0.0184400080195898
185,24.9738235473633,-0.0191353514401285
186.25,24.9738235473633,-0.0198460275994385
187.5,24.9738235473633,-0.0207615624726151
188.75,24.9738235473633,-0.0219389053639842
190,24.9738235473633,-0.023002680953748
191.25,24.9738235473633,-0.0231297948878929
192.5,24.9738235473633,-0.0225140525450968
193.75,24.9738235473633,-0.0219273378387422
195,24.9738235473633,-0.0213286731584762
196.25,24.9738235473633,-0.0194888107335177
197.5,24.9738235473633,-0.0166936543697847
198.75,24.9738235473633,-0.013417818094767
200,24.9738235473633,-0.00969213852026437
201.25,24.9738235473633,-0.00606539074784778
202.5,24.9738235473633,-0.00312505680062866
203.75,24.9738235473633,-0.000311807862629813
205,24.9738235473633,0.00193865247655613
206.25,24.9738235473633,0.00286728408842033
207.5,24.9738235473633,0.00235445055294153
208.75,24.9738235473633,0.000994156155007023
210,24.9738235473633,-0.00066665260904552
211.25,24.9738235473633,-0.00254313776804066
212.5,24.9738235473633,-0.00406851517855614
213.75,24.9738235473633,-0.0049410337011119
215,24.9738235473633,-0.00496692565693983
216.25,24.9738235473633,-0.00506709947003386
217.5,24.9738235473633,-0.00564952719718385
218.75,24.9738235473633,-0.00673121404550961
220,24.9738235473633,-0.00803190671777823
221.25,24.9738235473633,-0.00940149444228963
222.5,24.9738235473633,-0.0105040868058196
223.75,24.9738235473633,-0.0109958535715186
225,24.9738235473633,-0.0111505102295169
226.25,24.9738235473633,-0.0113192671062286
227.5,24.9738235473633,-0.0111022381703756
228.75,24.9738235473633,-0.0105171630133871
230,24.9738235473633,-0.00994604348813329
231.25,24.9738235473633,-0.0104127104502887
232.5,24.9738235473633,-0.012268313275001
233.75,24.9738235473633,-0.0148456258777236
235,24.9738235473633,-0.0171102241779511
236.25,24.9738235473633,-0.0190432530620584
237.5,24.9738235473633,-0.0208703683200185
238.75,24.9738235473633,-0.0217916422593028
240,24.9738235473633,-0.0209174033502881
241.25,24.9738235473633,-0.0189090981407024
242.5,24.9738235473633,-0.014037040310128
243.75,24.9738235473633,-0.00920955659770606
245,24.9738235473633,-0.00721735680670728
246.25,24.9738235473633,-0.0051113771214178
247.5,24.9738235473633,-0.00196856970011596
248.75,24.9738235473633,-0.00451559546117305
250,24.9738235473633,-0.0188411072424596
160,25.9162292480469,0.000206139574627753
161.25,25.9162292480469,5.45709114794108e-05
162.5,25.9162292480469,-0.000224560510987447
163.75,25.9162292480469,-0.000313677098926507
165,25.9162292480469,0.000260746583939613
166.25,25.9162292480469,0.00186304928223377
167.5,25.9162292480469,0.00342339862754997
168.75,25.9162292480469,0.00355546933272776
170,25.9162292480469,0.00230911738811994
171.25,25.9162292480469,0.000316790628420087
172.5,25.9162292480469,-0.00225505846462174
173.75,25.9162292480469,-0.00486072816762612
175,25.9162292480469,-0.00701791092785058
176.25,25.9162292480469,-0.00865794482244024
177.5,25.9162292480469,-0.00980719366433262
178.75,25.9162292480469,-0.0108272865806106
180,25.9162292480469,-0.0120538318083354
181.25,25.9162292480469,-0.0131557844177457
182.5,25.9162292480469,-0.0138172767502053
183.75,25.9162292480469,-0.0145734877444669
185,25.9162292480469,-0.0157611094770531
186.25,25.9162292480469,-0.0173676277150283
187.5,25.9162292480469,-0.0190448119264058
188.75,25.9162292480469,-0.0205017554873195
190,25.9162292480469,-0.0216713170252005
191.25,25.9162292480469,-0.0222025203392282
192.5,25.9162292480469,-0.0225619873518815
193.75,25.9162292480469,-0.0228210946089663
195,25.9162292480469,-0.023186881974711
196.25,25.9162292480469,-0.0234595082529369
197.5,25.9162292480469,-0.0232191581872828
198.75,25.9162292480469,-0.0220509988795866
200,25.9162292480469,-0.0197523451317096
201.25,25.9162292480469,-0.0168647580153786
202.5,25.9162292480469,-0.0135456161975021
203.75,25.9162292480469,-0.00884671320022793
205,25.9162292480469,-0.0034436489695887
206.25,25.9162292480469,0.000380127201459772
207.5,25.9162292480469,0.00224876802055261
208.75,25.9162292480469,0.00242760389803511
210,25.9162292480469,0.00146019273753079
211.25,25.9162292480469,-0.000139183707516299
212.5,25.9162292480469,-0.00166763684277345
213.75,25.9162292480469,-0.0027770594388685
215,25.9162292480469,-0.00379880008114318
216.25,25.9162292480469,-0.0046889710510658
217.5,25.9162292480469,-0.00514459136335665
218.75,25.9162292480469,-0.00598334538717161
220,25.9162292480469,-0.00703942229677104
221.25,25.9162292480469,-0.00813631842664881
222.5,25.9162292480469,-0.00895456778442517
223.75,25.9162292480469,-0.00926969021728545
225,25.9162292480469,-0.00960434892764755
226.25,25.9162292480469,-0.0101514738597473
227.5,25.9162292480469,-0.0104536271331302
228.75,25.9162292480469,-0.0102875551859195
230,25.9162292480469,-0.0100187096552477
231.25,25.9162292480469,-0.0101393978458997
232.5,25.9162292480469,-0.0116022250023142
233.75,25.9162292480469,-0.0140260423440105
235,25.9162292480469,-0.0161174283449913
236.25,25.9162292480469,-0.0177737783773135
237.5,25.9162292480469,-0.0191116543560534
238.75,25.9162292480469,-0.0201036524592667
240,25.9162292480469,-0.0194132881764573
241.25,25.9162292480469,-0.0192884936327092
242.5,25.9162292480469,-0.0177778395972086
243.75,25.9162292480469,-0.0140698983020304
245,25.9162292480469,-0.0098326526294433
246.25,25.9162292480469,-0.004525659356435
247.5,25.9162292480469,-0.00091945308619029
248.75,25.9162292480469,-0.00250236384311534
250,25.9162292480469,-0.0144698857319184
160,26.858642578125,0.00469213506183341
161.25,26.858642578125,0.00375755901203217
162.5,26.858642578125,0.00285776437475021
163.75,26.858642578125,0.00233158864405002
165,26.858642578125,0.00223183911391086
166.25,26.858642578125,0.00263360592639573
167.5,26.858642578125,0.00319721920149247
168.75,26.858642578125,0.00323314111676062
170,26.858642578125,0.00277946569102299
171.25,26.858642578125,0.0019174101463414
172.5,26.858642578125,0.00039863947185873
173.75,26.858642578125,-0.00157715154215674
175,26.858642578125,-0.00366331424538976
176.25,26.858642578125,-0.00543230513021199
177.5,26.858642578125,-0.00660687989078706
178.75,26.858642578125,-0.00762173856539978
180,26.858642578125,-0.00887586083582109
181.25,26.858642578125,-0.0100571015047948
182.5,26.858642578125,-0.0108591510418543
183.75,26.858642578125,-0.0114639437954985
185,26.858642578125,-0.012710943360907
186.25,26.858642578125,-0.0148361953039261
187.5,26.858642578125,-0.017313336357028
188.75,26.858642578125,-0.0198665555068152
190,26.858642578125,-0.022404576811781
191.25,26.858642578125,-0.0239085836841181
192.5,26.858642578125,-0.0237929091611487
193.75,26.858642578125,-0.022911676648056
195,26.858642578125,-0.0220824262002642
196.25,26.858642578125,-0.0225349934601454
197.5,26.858642578125,-0.0234554001863927
198.75,26.858642578125,-0.0238164207180066
200,26.858642578125,-0.0230566268432467
201.25,26.858642578125,-0.0215322354927053
202.5,26.858642578125,-0.0193227743159229
203.75,26.858642578125,-0.0158042278941277
205,26.858642578125,-0.0100609657283731
206.25,26.858642578125,-0.00474759700139693
207.5,26.858642578125,-0.000876430807013143
208.75,26.858642578125,0.00125759910561109
210,26.858642578125,0.00174298495770141
211.25,26.858642578125,0.00114701182664987
212.5,26.858642578125,0.0002467619477633
213.75,26.858642578125,-0.000814347140432392
215,26.858642578125,-0.0022728114933548
216.25,26.858642578125,-0.00444249944331508
217.5,26.858642578125,-0.00628226815232291
218.75,26.858642578125,-0.00765744671242125
220,26.858642578125,-0.00876036423183168
221.25,26.858642578125,-0.00937194781518967
222.5,26.858642578125,-0.00945196240838168
223.75,26.858642578125,-0.00918791729403331
225,26.858642578125,-0.00905326781546098
226.25,26.858642578125,-0.00934257483995669
227.5,26.858642578125,-0.00960709146353494
228.75,26.858642578125,-0.00958258001029201
230,26.858642578125,-0.009384780301131
231.25,26.858642578125,-0.00905706848520046
232.5,26.858642578125,-0.00985681490966994
233.75,26.858642578125,-0.0120296606134598
235,26.858642578125,-0.0140182636657224
236.25,26.858642578125,-0.0149523269266713
237.5,26.858642578125,-0.0158262150497434
238.75,26.858642578125,-0.0170626461939569
240,26.858642578125,-0.0182094426636784
241.25,26.858642578125,-0.0207727876366186
242.5,26.858642578125,-0.0211515331441861
243.75,26.858642578125,-0.0174532909871674
245,26.858642578125,-0.0117814593599551
246.25,26.858642578125,-0.00641124249130922
247.5,26.858642578125,-3.81871840912452e-05
248.75,26.858642578125,-0.00304829456732568
250,26.858642578125,-0.0111969590508467
160,27.8010482788086,0.00901451425081174
161.25,27.8010482788086,0.00738689771909987
162.5,27.8010482788086,0.00564997248728435
163.75,27.8010482788086,0.00436128933877958
165,27.8010482788086,0.0037411747000607
166.25,27.8010482788086,0.00375022223903638
167.5,27.8010482788086,0.00386230946443798
168.75,27.8010482788086,0.00348925683575941
170,27.8010482788086,0.00295986108646609
171.25,27.8010482788086,0.00219718596662227
172.5,27.8010482788086,0.00111854903269244
173.75,27.8010482788086,-0.000434144906628935
175,27.8010482788086,-0.00237023239284711
176.25,27.8010482788086,-0.0039633183775105
177.5,27.8010482788086,-0.00474242526218865
178.75,27.8010482788086,-0.00527457126563109
180,27.8010482788086,-0.00645732060797025
181.25,27.8010482788086,-0.0080983552400208
182.5,27.8010482788086,-0.0088466973814721
183.75,27.8010482788086,-0.00929987777131741
185,27.8010482788086,-0.0106839937819145
186.25,27.8010482788086,-0.0130413441137115
187.5,27.8010482788086,-0.0160169786685691
188.75,27.8010482788086,-0.0194660171694616
190,27.8010482788086,-0.0232074945288896
191.25,27.8010482788086,-0.026284229104112
192.5,27.8010482788086,-0.0274902638970086
193.75,27.8010482788086,-0.0270498704153714
195,27.8010482788086,-0.0259948748063699
196.25,27.8010482788086,-0.0255356263637177
197.5,27.8010482788086,-0.0257055453687337
198.75,27.8010482788086,-0.0257063091604869
200,27.8010482788086,-0.0245785124444753
201.25,27.8010482788086,-0.0224435710583663
202.5,27.8010482788086,-0.0197528498205464
203.75,27.8010482788086,-0.0164840055592403
205,27.8010482788086,-0.0120987151443416
206.25,27.8010482788086,-0.00794465785137988
207.5,27.8010482788086,-0.00380828485803925
208.75,27.8010482788086,-0.000518137046040052
210,27.8010482788086,0.000905334628175444
211.25,27.8010482788086,0.00104998314996995
212.5,27.8010482788086,0.000683621983823031
213.75,27.8010482788086,-0.000180198900616497
215,27.8010482788086,-0.00172247781496386
216.25,27.8010482788086,-0.00439852073825505
217.5,27.8010482788086,-0.00742176025709991
218.75,27.8010482788086,-0.00992145651727583
220,27.8010482788086,-0.0118513387868276
221.25,27.8010482788086,-0.0128417381904012
222.5,27.8010482788086,-0.0128465611263744
223.75,27.8010482788086,-0.0122608489618656
225,27.8010482788086,-0.0114432737343893
226.25,27.8010482788086,-0.0106173987325274
227.5,27.8010482788086,-0.00998275828488077
228.75,27.8010482788086,-0.00940302427146514
230,27.8010482788086,-0.00858466265382363
231.25,27.8010482788086,-0.00766553925372905
232.5,27.8010482788086,-0.0078105629122158
233.75,27.8010482788086,-0.00947103904743803
235,27.8010482788086,-0.0112603150115196
236.25,27.8010482788086,-0.0116037520216166
237.5,27.8010482788086,-0.0116787023176222
238.75,27.8010482788086,-0.012826269940727
240,27.8010482788086,-0.0160976190106943
241.25,27.8010482788086,-0.0216569019199437
242.5,27.8010482788086,-0.0236158491692577
243.75,27.8010482788086,-0.0197054777893392
245,27.8010482788086,-0.0124451284964923
246.25,27.8010482788086,-0.00893690073885166
247.5,27.8010482788086,-0.000915218045778375
248.75,27.8010482788086,-0.00385263212083317
250,27.8010482788086,-0.0109414745309568
160,28.7434539794922,0.0125583705782918
161.25,28.7434539794922,0.0105071880368151
162.5,28.7434539794922,0.00846387381202781
163.75,28.7434539794922,0.00698011075573094
165,28.7434539794922,0.00573395923084469
166.25,28.7434539794922,0.00476290357390308
167.5,28.7434539794922,0.0041109205095841
168.75,28.7434539794922,0.00361344055850201
170,28.7434539794922,0.00322607875662432
171.25,28.7434539794922,0.00233213239063981
172.5,28.7434539794922,0.000888796597199997
173.75,28.7434539794922,-0.000864399679188041
175,28.7434539794922,-0.00298714996450061
176.25,28.7434539794922,-0.00468854523423589
177.5,28.7434539794922,-0.00539313665357707
178.75,28.7434539794922,-0.00551332545259937
180,28.7434539794922,-0.00596919509514203
181.25,28.7434539794922,-0.0070743410626774
182.5,28.7434539794922,-0.00785370212501821
183.75,28.7434539794922,-0.00838903642490165
185,28.7434539794922,-0.0097270775143518
186.25,28.7434539794922,-0.0116765335242374
187.5,28.7434539794922,-0.0146011307374325
188.75,28.7434539794922,-0.0186151056224728
190,28.7434539794922,-0.0229479888773591
191.25,28.7434539794922,-0.0268787738137291
192.5,28.7434539794922,-0.0295369756087689
193.75,28.7434539794922,-0.0304563589331178
195,28.7434539794922,-0.0301935382203062
196.25,28.7434539794922,-0.029756407686402
197.5,28.7434539794922,-0.0296719031127024
198.75,28.7434539794922,-0.0295474233408627
200,28.7434539794922,-0.0282264504922119
201.25,28.7434539794922,-0.0252760730692218
202.5,28.7434539794922,-0.0215870890875134
203.75,28.7434539794922,-0.0177807436991575
205,28.7434539794922,-0.0129560954231477
206.25,28.7434539794922,-0.00878860673106455
207.5,28.7434539794922,-0.00537660842912412
208.75,28.7434539794922,-0.00138067090316067
210,28.7434539794922,0.00125243661715297
211.25,28.7434539794922,0.00150971122414426
212.5,28.7434539794922,0.000912667064254054
213.75,28.7434539794922,-0.000452158545249587
215,28.7434539794922,-0.00242782682094319
216.25,28.7434539794922,-0.00522493575344119
217.5,28.7434539794922,-0.00873193154463537
218.75,28.7434539794922,-0.0115925497008646
220,28.7434539794922,-0.014030470503329
221.25,28.7434539794922,-0.015785437048691
222.5,28.7434539794922,-0.0165187485376236
223.75,28.7434539794922,-0.016426904916201
225,28.7434539794922,-0.0157604411517789
226.25,28.7434539794922,-0.0146252121789669
227.5,28.7434539794922,-0.0133880903598309
228.75,28.7434539794922,-0.0118010093995175
230,28.7434539794922,-0.00975051062688179
231.25,28.7434539794922,-0.00771268364642354
232.5,28.7434539794922,-0.00678751728186929
233.75,28.7434539794922,-0.00766946957221031
235,28.7434539794922,-0.00883087661634974
236.25,28.7434539794922,-0.00858352679322353
237.5,28.7434539794922,-0.00819291009878067
238.75,28.7434539794922,-0.00902660748091435
240,28.7434539794922,-0.01348527603561
241.25,28.7434539794922,-0.0217487574310767
242.5,28.7434539794922,-0.0244824024789228
243.75,28.7434539794922,-0.0200800049604483
245,28.7434539794922,-0.0121005364936668
246.25,28.7434539794922,-0.00334351625073943
160,29.6858673095703,0.0132914332140118
161.25,29.6858673095703,0.0113526400513857
162.5,29.6858673095703,0.00916121988009782
163.75,29.6858673095703,0.00834109495583992
165,29.6858673095703,0.00753182658901808
166.25,29.6858673095703,0.0057762018842204
167.5,29.6858673095703,0.00373687744555458
168.75,29.6858673095703,0.00223458523335633
170,29.6858673095703,0.00161001089690323
171.25,29.6858673095703,0.00118450194461673
172.5,29.6858673095703,0.000195542864143345
173.75,29.6858673095703,-0.00167716035998964
175,29.6858673095703,-0.00424331376709814
176.25,29.6858673095703,-0.00640364105819776
177.5,29.6858673095703,-0.00738830303416174
178.75,29.6858673095703,-0.00758286484328926
180,29.6858673095703,-0.00744506574869297
181.25,29.6858673095703,-0.00743172328674703
182.5,29.6858673095703,-0.00793971721416094
183.75,29.6858673095703,-0.00922912872785278
185,29.6858673095703,-0.0103124350159849
186.25,29.6858673095703,-0.0111113076416358
187.5,29.6858673095703,-0.0132847783948003
188.75,29.6858673095703,-0.0171116078455277
190,29.6858673095703,-0.0215496047340934
191.25,29.6858673095703,-0.025496964738173
192.5,29.6858673095703,-0.0286461075867474
193.75,29.6858673095703,-0.0308097057896218
195,29.6858673095703,-0.0316715140805668
196.25,29.6858673095703,-0.0317498514410305
197.5,29.6858673095703,-0.0318808846928228
198.75,29.6858673095703,-0.0321070243594681
200,29.6858673095703,-0.0312417733199031
201.25,29.6858673095703,-0.0285209366329061
202.5,29.6858673095703,-0.024870278298753
203.75,29.6858673095703,-0.0210188619403424
205,29.6858673095703,-0.0159826521731125
206.25,29.6858673095703,-0.010811332092764
207.5,29.6858673095703,-0.00676528140757485
208.75,29.6858673095703,-0.00260279863718561
210,29.6858673095703,0.0016480850060136
211.25,29.6858673095703,0.00377765499765379
212.5,29.6858673095703,0.00369080920696491
213.75,29.6858673095703,0.00226303377149644
215,29.6858673095703,-0.000515452252536804
216.25,29.6858673095703,-0.00452245242829608
217.5,29.6858673095703,-0.00929752341238358
218.75,29.6858673095703,-0.0129236095416173
220,29.6858673095703,-0.0157845533650486
221.25,29.6858673095703,-0.0180046426500602
222.5,29.6858673095703,-0.0193666858986572
223.75,29.6858673095703,-0.0197994870689266
225,29.6858673095703,-0.0195650574561083
226.25,29.6858673095703,-0.0186937460564083
227.5,29.6858673095703,-0.0175326569588828
228.75,29.6858673095703,-0.0158707260895014
230,29.6858673095703,-0.0133639366534006
231.25,29.6858673095703,-0.0101585207215798
232.5,29.6858673095703,-0.007983781136444
233.75,29.6858673095703,-0.00790279513342444
235,29.6858673095703,-0.00807008132569657
236.25,29.6858673095703,-0.00725940107255384
237.5,29.6858673095703,-0.00667239373101937
238.75,29.6858673095703,-0.00725362660737556
240,29.6858673095703,-0.012514520883242
241.25,29.6858673095703,-0.0218482553259168
242.5,29.6858673095703,-0.0249138705896071
243.75,29.6858673095703,-0.0211770202175341
245,29.6858673095703,-0.0171756579373413
160,30.6282730102539,0.0108928900373892
161.25,30.6282730102539,0.00940044881695263
162.5,30.6282730102539,0.0067702283671574
163.75,30.6282730102539,0.0061719604052725
165,30.6282730102539,0.0065931167756256
166.25,30.6282730102539,0.00538660323156949
167.5,30.6282730102539,0.00288976536195755
168.75,30.6282730102539,0.000197207061363004
170,30.6282730102539,-0.00173891071263522
171.25,30.6282730102539,-0.00185789026205478
172.5,30.6282730102539,-0.00132613817115131
173.75,30.6282730102539,-0.00232708822564148
175,30.6282730102539,-0.0049825783939114
176.25,30.6282730102539,-0.00738350233336149
177.5,30.6282730102539,-0.00866288680971419
178.75,30.6282730102539,-0.00929787228644309
180,30.6282730102539,-0.00895751445182714
181.25,30.6282730102539,-0.00803187736175325
182.5,30.6282730102539,-0.00812470570155974
183.75,30.6282730102539,-0.00985814564772266
185,30.6282730102539,-0.0106398980799228
186.25,30.6282730102539,-0.010493629944425
187.5,30.6282730102539,-0.012034208911769
188.75,30.6282730102539,-0.0156486105416599
190,30.6282730102539,-0.0199779473241901
191.25,30.6282730102539,-0.0237280394220003
192.5,30.6282730102539,-0.0266510305792342
193.75,30.6282730102539,-0.0289258307190058
195,30.6282730102539,-0.0305583757998689
196.25,30.6282730102539,-0.0314146077342154
197.5,30.6282730102539,-0.0319145301809799
198.75,30.6282730102539,-0.032496946720038
200,30.6282730102539,-0.0326266076851413
201.25,30.6282730102539,-0.0316007798800856
202.5,30.6282730102539,-0.0293141302763324
203.75,30.6282730102539,-0.0257626540598356
205,30.6282730102539,-0.0208952550506514
206.25,30.6282730102539,-0.0150279060323216
207.5,30.6282730102539,-0.0102221154056005
208.75,30.6282730102539,-0.00538780868678504
210,30.6282730102539,-0.000141314950511312
211.25,30.6282730102539,0.00497368940822514
212.5,30.6282730102539,0.00721718873289789
213.75,30.6282730102539,0.00687393316556377
215,30.6282730102539,0.00466599985217941
216.25,30.6282730102539,0.0002519760466149
217.5,30.6282730102539,-0.00589242586572053
218.75,30.6282730102539,-0.0113929138872105
220,30.6282730102539,-0.0160164526042858
221.25,30.6282730102539,-0.0189667618503399
222.5,30.6282730102539,-0.0207501791094595
223.75,30.6282730102539,-0.0214314208200159
225,30.6282730102539,-0.0211200619773134
226.25,30.6282730102539,-0.0206250128089404
227.5,30.6282730102539,-0.0201954348823716
228.75,30.6282730102539,-0.0193557918898127
230,30.6282730102539,-0.0171032598700172
231.25,30.6282730102539,-0.0136562333951951
232.5,30.6282730102539,-0.0111811867848448
233.75,30.6282730102539,-0.0106347706727456
235,30.6282730102539,-0.0102459461829502
236.25,30.6282730102539,-0.0087831274400897
237.5,30.6282730102539,-0.00762682938866686
238.75,30.6282730102539,-0.00786549352175376
240,30.6282730102539,-0.0131500381815122
241.25,30.6282730102539,-0.0221433781190537
242.5,30.6282730102539,-0.0248042559185386
243.75,30.6282730102539,-0.0232656451443912
160,31.5706787109375,0.00455832112844297
161.25,31.5706787109375,0.00441822284772877
162.5,31.5706787109375,0.0024931226047721
163.75,31.5706787109375,0.00174030889126623
165,31.5706787109375,0.00297901675872697
166.25,31.5706787109375,0.00326464764537785
167.5,31.5706787109375,0.0013179218916402
168.75,31.5706787109375,-0.00188567660476729
170,31.5706787109375,-0.00456070438022867
171.25,31.5706787109375,-0.00494381110044805
172.5,31.5706787109375,-0.00340496969198437
173.75,31.5706787109375,-0.00352233268026532
175,31.5706787109375,-0.00567896441636708
176.25,31.5706787109375,-0.00773600272898878
177.5,31.5706787109375,-0.00912554916691067
178.75,31.5706787109375,-0.0099201932841568
180,31.5706787109375,-0.00964919526198868
181.25,31.5706787109375,-0.00867196188193376
182.5,31.5706787109375,-0.00845502495481941
183.75,31.5706787109375,-0.00948854394367235
185,31.5706787109375,-0.00983012467547119
186.25,31.5706787109375,-0.00964911366448069
187.5,31.5706787109375,-0.0110010765915302
188.75,31.5706787109375,-0.014360815200551
190,31.5706787109375,-0.0182654392972257
191.25,31.5706787109375,-0.0216954081366273
192.5,31.5706787109375,-0.0243979695963777
193.75,31.5706787109375,-0.0265923439131006
195,31.5706787109375,-0.0284549371750297
196.25,31.5706787109375,-0.0298458746090212
197.5,31.5706787109375,-0.0307938422296514
198.75,31.5706787109375,-0.0317557795746526
200,31.5706787109375,-0.0326115132466861
201.25,31.5706787109375,-0.0329327868821475
202.5,31.5706787109375,-0.0322620268039957
203.75,31.5706787109375,-0.0299751854231762
205,31.5706787109375,-0.0259726671258311
206.25,31.5706787109375,-0.0205450301029569
207.5,31.5706787109375,-0.0151563615991815
208.75,31.5706787109375,-0.00982883483014529
210,31.5706787109375,-0.00397887230800162
211.25,31.5706787109375,0.00312692576187197
212.5,31.5706787109375,0.00887990288350849
213.75,31.5706787109375,0.0106702862221694
215,31.5706787109375,0.00970444380657838
216.25,31.5706787109375,0.00637440800235203
217.5,31.5706787109375,0.00111100693604163
218.75,31.5706787109375,-0.00464878595740051
220,31.5706787109375,-0.010277504294624
221.25,31.5706787109375,-0.015565893539731
222.5,31.5706787109375,-0.01920515860836
223.75,31.5706787109375,-0.0205502189602739
225,31.5706787109375,-0.0201065755536614
226.25,31.5706787109375,-0.0197498838320523
227.5,31.5706787109375,-0.0201331181808594
228.75,31.5706787109375,-0.0206410831873018
230,31.5706787109375,-0.0195260561985328
231.25,31.5706787109375,-0.017047933473816
232.5,31.5706787109375,-0.0148992654955396
233.75,31.5706787109375,-0.0140813211906825
235,31.5706787109375,-0.0137727680471142
236.25,31.5706787109375,-0.0125879968248819
237.5,31.5706787109375,-0.0107403072425127
238.75,31.5706787109375,-0.0101980962271316
240,31.5706787109375,-0.0141238993707882
241.25,31.5706787109375,-0.0212069288498941
242.5,31.5706787109375,-0.0234229341202223
243.75,31.5706787109375,-0.0226355792860881
160,32.5130920410156,-0.00445065877028411
161.25,32.5130920410156,-0.00343249249521519
162.5,32.5130920410156,-0.00325334869897049
163.75,32.5130920410156,-0.00350372856487958
165,32.5130920410156,-0.002256750205509
166.25,32.5130920410156,-0.000626747863518418
167.5,32.5130920410156,-0.00116122742486085
168.75,32.5130920410156,-0.00401186577549751
170,32.5130920410156,-0.00704466535271102
171.25,32.5130920410156,-0.00781638172022379
172.5,32.5130920410156,-0.00635023227248058
173.75,32.5130920410156,-0.00637046674669614
175,32.5130920410156,-0.00804383868230171
176.25,32.5130920410156,-0.00932845031048731
177.5,32.5130920410156,-0.0101522788075399
178.75,32.5130920410156,-0.010663122873559
180,32.5130920410156,-0.0107707050553813
181.25,32.5130920410156,-0.0104356693998668
182.5,32.5130920410156,-0.00974436707424231
183.75,32.5130920410156,-0.00963807045476556
185,32.5130920410156,-0.00973814572476566
186.25,32.5130920410156,-0.0099302278933938
187.5,32.5130920410156,-0.0113196443700403
188.75,32.5130920410156,-0.0142190852025374
190,32.5130920410156,-0.0173516030831016
191.25,32.5130920410156,-0.0200898773753967
192.5,32.5130920410156,-0.0224376105089481
193.75,32.5130920410156,-0.0244101623502091
195,32.5130920410156,-0.0260246633650408
196.25,32.5130920410156,-0.0272443175899729
197.5,32.5130920410156,-0.028559677288235
198.75,32.5130920410156,-0.0301748579944737
200,32.5130920410156,-0.0317571784814822
201.25,32.5130920410156,-0.0329357339544514
202.5,32.5130920410156,-0.0333067996234511
203.75,32.5130920410156,-0.0321104444554282
205,32.5130920410156,-0.0290698337096847
206.25,32.5130920410156,-0.0245842309715976
207.5,32.5130920410156,-0.019200739833461
208.75,32.5130920410156,-0.0136386850918299
210,32.5130920410156,-0.00802618339418683
211.25,32.5130920410156,-0.00165332337394955
212.5,32.5130920410156,0.00558397589681246
213.75,32.5130920410156,0.0108499929182073
215,32.5130920410156,0.012501878132757
216.25,32.5130920410156,0.0111352274877125
217.5,32.5130920410156,0.00796436064091217
218.75,32.5130920410156,0.00336437486772275
220,32.5130920410156,-0.00158061248475167
221.25,32.5130920410156,-0.00762422871831741
222.5,32.5130920410156,-0.0133273963946415
223.75,32.5130920410156,-0.0165267058946064
225,32.5130920410156,-0.0169206368861026
226.25,32.5130920410156,-0.0163405220520978
227.5,32.5130920410156,-0.0166776615244795
228.75,32.5130920410156,-0.0180191242788421
230,32.5130920410156,-0.0192995368040179
231.25,32.5130920410156,-0.0189214113287504
232.5,32.5130920410156,-0.017936029474423
233.75,32.5130920410156,-0.0176518231962081
235,32.5130920410156,-0.0177376406069876
236.25,32.5130920410156,-0.0164657356609963
237.5,32.5130920410156,-0.0138579475329862
238.75,32.5130920410156,-0.0134341023850586
240,32.5130920410156,-0.0170279085171783
241.25,32.5130920410156,-0.0215289925723905
242.5,32.5130920410156,-0.0229361201768577
160,33.4554977416992,-0.0130981267673665
161.25,33.4554977416992,-0.0112185685965502
162.5,33.4554977416992,-0.00945859193244718
163.75,33.4554977416992,-0.00843747366274829
165,33.4554977416992,-0.00712901481526441
166.25,33.4554977416992,-0.0052809013959061
167.5,33.4554977416992,-0.00488876085229812
168.75,33.4554977416992,-0.00659650911941555
170,33.4554977416992,-0.00887914160617956
171.25,33.4554977416992,-0.0100586485870991
172.5,33.4554977416992,-0.00988923505808862
173.75,33.4554977416992,-0.0106378021317884
175,33.4554977416992,-0.0122201824863616
176.25,33.4554977416992,-0.0127393591985325
177.5,33.4554977416992,-0.0126053684339782
178.75,33.4554977416992,-0.012667170737721
180,33.4554977416992,-0.012951794481277
181.25,33.4554977416992,-0.0128160083120103
182.5,33.4554977416992,-0.0116995454788499
183.75,33.4554977416992,-0.0110617102523915
185,33.4554977416992,-0.0115112972701176
186.25,33.4554977416992,-0.012011939528855
187.5,33.4554977416992,-0.0130802365050182
188.75,33.4554977416992,-0.0151338257941422
190,33.4554977416992,-0.0174403169133253
191.25,33.4554977416992,-0.0194893994224198
192.5,33.4554977416992,-0.0213334265266981
193.75,33.4554977416992,-0.0229852156433188
195,33.4554977416992,-0.0244338878782823
196.25,33.4554977416992,-0.0254405489844613
197.5,33.4554977416992,-0.0264683976217597
198.75,33.4554977416992,-0.028262786322665
200,33.4554977416992,-0.0302306592349883
201.25,33.4554977416992,-0.031700818146099
202.5,33.4554977416992,-0.0325267977422735
203.75,33.4554977416992,-0.0320044325147056
205,33.4554977416992,-0.0298071502324855
206.25,33.4554977416992,-0.0264318095545284
207.5,33.4554977416992,-0.0218916717709705
208.75,33.4554977416992,-0.0168080312122847
210,33.4554977416992,-0.0116558048405654
211.25,33.4554977416992,-0.00652323902813841
212.5,33.4554977416992,-1.44889942750238e-05
213.75,33.4554977416992,0.00695630331296058
215,33.4554977416992,0.0114924146529214
216.25,33.4554977416992,0.013153805729376
217.5,33.4554977416992,0.0128022296679806
218.75,33.4554977416992,0.0104551609898965
220,33.4554977416992,0.00640947874867597
221.25,33.4554977416992,0.00106040630199603
222.5,33.4554977416992,-0.00464672061413946
223.75,33.4554977416992,-0.00914039229192636
225,33.4554977416992,-0.0112388758599172
226.25,33.4554977416992,-0.0111573613746112
227.5,33.4554977416992,-0.0112962867491633
228.75,33.4554977416992,-0.0132372263635949
230,33.4554977416992,-0.0165410681021447
231.25,33.4554977416992,-0.0190411230581941
232.5,33.4554977416992,-0.0201198285806088
233.75,33.4554977416992,-0.0209392611198481
235,33.4554977416992,-0.021183274184512
236.25,33.4554977416992,-0.0191364405005937
237.5,33.4554977416992,-0.0161973157288133
238.75,33.4554977416992,-0.0168302817811876
240,33.4554977416992,-0.020550736130009
241.25,33.4554977416992,-0.0232735478955597
242.5,33.4554977416992,-0.023588024580089
160,34.3979034423828,-0.0164372549026127
161.25,34.3979034423828,-0.0147979327223589
162.5,34.3979034423828,-0.0130149189074221
163.75,34.3979034423828,-0.0118287918249818
165,34.3979034423828,-0.0110385547907457
166.25,34.3979034423828,-0.0102920668799829
167.5,34.3979034423828,-0.0098743003192945
168.75,34.3979034423828,-0.0104418697706382
170,34.3979034423828,-0.0114275615090342
171.25,34.3979034423828,-0.0123513675220825
172.5,34.3979034423828,-0.0134567266935921
173.75,34.3979034423828,-0.0149685420882266
175,34.3979034423828,-0.0165161297604395
176.25,34.3979034423828,-0.0167169864552245
177.5,34.3979034423828,-0.0157800068908627
178.75,34.3979034423828,-0.0150991202221173
180,34.3979034423828,-0.0150703475484032
181.25,34.3979034423828,-0.0147472512899491
182.5,34.3979034423828,-0.0137846348753235
183.75,34.3979034423828,-0.0132214377708424
185,34.3979034423828,-0.0142447373128006
186.25,34.3979034423828,-0.0152515777310076
187.5,34.3979034423828,-0.016101921309192
188.75,34.3979034423828,-0.0172678687299183
190,34.3979034423828,-0.0186380596233283
191.25,34.3979034423828,-0.0200358111531246
192.5,34.3979034423828,-0.0213294781685875
193.75,34.3979034423828,-0.0225958254401377
195,34.3979034423828,-0.0235956955558553
196.25,34.3979034423828,-0.0243876080216341
197.5,34.3979034423828,-0.0252757164467845
198.75,34.3979034423828,-0.0268607399443181
200,34.3979034423828,-0.0287862693421353
201.25,34.3979034423828,-0.030096241639323
202.5,34.3979034423828,-0.0306609264704306
203.75,34.3979034423828,-0.030300332349447
205,34.3979034423828,-0.0287034126950789
206.25,34.3979034423828,-0.0262196225868861
207.5,34.3979034423828,-0.0231730167036505
208.75,34.3979034423828,-0.0192621615072755
210,34.3979034423828,-0.0151490876328631
211.25,34.3979034423828,-0.0107842336565663
212.5,34.3979034423828,-0.00474312141536187
213.75,34.3979034423828,0.00271499674753251
215,34.3979034423828,0.00885614585412264
216.25,34.3979034423828,0.0127934198851642
217.5,34.3979034423828,0.0149216801182692
218.75,34.3979034423828,0.0150819993575324
220,34.3979034423828,0.0123927751857004
221.25,34.3979034423828,0.00794564202057633
222.5,34.3979034423828,0.00328234533096034
223.75,34.3979034423828,-0.000821468965246429
225,34.3979034423828,-0.00362254264354565
226.25,34.3979034423828,-0.00463121854376593
227.5,34.3979034423828,-0.00529691937949871
228.75,34.3979034423828,-0.00791253210556815
230,34.3979034423828,-0.0125557335117239
231.25,34.3979034423828,-0.0176617521996166
232.5,34.3979034423828,-0.021114740283371
233.75,34.3979034423828,-0.0234282251839206
235,34.3979034423828,-0.0239417775552417
236.25,34.3979034423828,-0.0210092104575603
237.5,34.3979034423828,-0.0179247614937497
238.75,34.3979034423828,-0.0186634019233835
240,34.3979034423828,-0.0209090462251018
241.25,34.3979034423828,-0.0237509895983431
160,35.3403167724609,-0.0159837627073302
161.25,35.3403167724609,-0.0149452587760933
162.5,35.3403167724609,-0.0139139548644776
163.75,35.3403167724609,-0.0133752860215822
165,35.3403167724609,-0.0130441200647583
166.25,35.3403167724609,-0.0129031586401161
167.5,35.3403167724609,-0.0128196285973324
168.75,35.3403167724609,-0.0128355504070816
170,35.3403167724609,-0.0130463551172106
171.25,35.3403167724609,-0.0134782016445064
172.5,35.3403167724609,-0.0148229929939792
173.75,35.3403167724609,-0.0166984885250606
175,35.3403167724609,-0.0186707578887803
176.25,35.3403167724609,-0.0194432503197434
177.5,35.3403167724609,-0.0185687887171815
178.75,35.3403167724609,-0.0173325668221113
180,35.3403167724609,-0.0166113429719578
181.25,35.3403167724609,-0.0162208079629128
182.5,35.3403167724609,-0.0159321685080598
183.75,35.3403167724609,-0.0158874721880192
185,35.3403167724609,-0.0174742648274138
186.25,35.3403167724609,-0.0191952393865032
187.5,35.3403167724609,-0.0199638493594886
188.75,35.3403167724609,-0.0202803781554033
190,35.3403167724609,-0.0206240456126374
191.25,35.3403167724609,-0.0212991079148176
192.5,35.3403167724609,-0.0221169758893129
193.75,35.3403167724609,-0.022854138888832
195,35.3403167724609,-0.0233964361320902
196.25,35.3403167724609,-0.02397627066247
197.5,35.3403167724609,-0.0247930491392682
198.75,35.3403167724609,-0.0261515792146655
200,35.3403167724609,-0.0278268655401399
201.25,35.3403167724609,-0.0287979686996058
202.5,35.3403167724609,-0.028883080343544
203.75,35.3403167724609,-0.0283542677587588
205,35.3403167724609,-0.0270085267192645
206.25,35.3403167724609,-0.0250557110753254
207.5,35.3403167724609,-0.0231037920755206
208.75,35.3403167724609,-0.0205125039577209
210,35.3403167724609,-0.0174685185506029
211.25,35.3403167724609,-0.0135614828847579
212.5,35.3403167724609,-0.00762877157196809
213.75,35.3403167724609,-0.000113492497273831
215,35.3403167724609,0.00671179061483353
216.25,35.3403167724609,0.0119404210229173
217.5,35.3403167724609,0.0156830204920423
218.75,35.3403167724609,0.0175008425882159
220,35.3403167724609,0.0167009781532466
221.25,35.3403167724609,0.0133268625210151
222.5,35.3403167724609,0.00978250251705782
223.75,35.3403167724609,0.00698057595513715
225,35.3403167724609,0.00470472679305193
226.25,35.3403167724609,0.00269290581586621
227.5,35.3403167724609,0.000663931275354473
228.75,35.3403167724609,-0.00281397771213213
230,35.3403167724609,-0.00847452859960957
231.25,35.3403167724609,-0.015045470202753
232.5,35.3403167724609,-0.0212081903365496
233.75,35.3403167724609,-0.0251964449774607
235,35.3403167724609,-0.025845270789103
236.25,35.3403167724609,-0.0225590582067022
237.5,35.3403167724609,-0.0197596434261469
238.75,35.3403167724609,-0.0197083705298808
240,35.3403167724609,-0.0200056726669274
160,36.2827224731445,-0.0128946819444313
161.25,36.2827224731445,-0.0132418381287501
162.5,36.2827224731445,-0.0138321636931505
163.75,36.2827224731445,-0.0148334814647011
165,36.2827224731445,-0.0155469343829765
166.25,36.2827224731445,-0.0157706376217228
167.5,36.2827224731445,-0.0154291348679849
168.75,36.2827224731445,-0.0149729611272219
170,36.2827224731445,-0.0145436048314907
171.25,36.2827224731445,-0.0138780371891569
172.5,36.2827224731445,-0.0140243276679799
173.75,36.2827224731445,-0.0154155827889022
175,36.2827224731445,-0.0177005747913836
176.25,36.2827224731445,-0.0189331721235635
177.5,36.2827224731445,-0.0182721407121676
178.75,36.2827224731445,-0.0170736119593202
180,36.2827224731445,-0.0164362381743158
181.25,36.2827224731445,-0.0165183433653364
182.5,36.2827224731445,-0.0173096523643032
183.75,36.2827224731445,-0.0186415996114448
185,36.2827224731445,-0.0209216711805084
186.25,36.2827224731445,-0.0235196972077643
187.5,36.2827224731445,-0.0249269202699625
188.75,36.2827224731445,-0.0246627811143675
190,36.2827224731445,-0.0239089425971953
191.25,36.2827224731445,-0.023499859128998
192.5,36.2827224731445,-0.0233156109629001
193.75,36.2827224731445,-0.0231713626980967
195,36.2827224731445,-0.0231847426938286
196.25,36.2827224731445,-0.0234199962650043
197.5,36.2827224731445,-0.0242951064267555
198.75,36.2827224731445,-0.0258165187139884
200,36.2827224731445,-0.0273207073814279
201.25,36.2827224731445,-0.0279712375924023
202.5,36.2827224731445,-0.0276743057041963
203.75,36.2827224731445,-0.026813408578805
205,36.2827224731445,-0.0253987344322788
206.25,36.2827224731445,-0.0238020285040481
207.5,36.2827224731445,-0.0226431428802719
208.75,36.2827224731445,-0.0211464884370222
210,36.2827224731445,-0.0185354010235413
211.25,36.2827224731445,-0.0143737506111831
212.5,36.2827224731445,-0.00834215179387568
213.75,36.2827224731445,-0.00114015520287679
215,36.2827224731445,0.00576615314740417
216.25,36.2827224731445,0.0114810286556623
217.5,36.2827224731445,0.0158743279775149
218.75,36.2827224731445,0.0189241957450915
220,36.2827224731445,0.0199011458006991
221.25,36.2827224731445,0.0187340824758051
222.5,36.2827224731445,0.0167077788489642
223.75,36.2827224731445,0.0145152471829285
225,36.2827224731445,0.012048933878691
226.25,36.2827224731445,0.00904658877107668
227.5,36.2827224731445,0.00557868799249399
228.75,36.2827224731445,0.00106900223346125
230,36.2827224731445,-0.00527050486972895
231.25,36.2827224731445,-0.0125385058584394
232.5,36.2827224731445,-0.0208369851146401
233.75,36.2827224731445,-0.0264455080414294
235,36.2827224731445,-0.0266962250090224
236.25,36.2827224731445,-0.023700235795017
237.5,36.2827224731445,-0.0225045086618501
238.75,36.2827224731445,-0.022777419506895
160,37.2251281738281,-0.00371266987805704
161.25,37.2251281738281,-0.00621196210747596
162.5,37.2251281738281,-0.00901506985309937
163.75,37.2251281738281,-0.0119300214804105
165,37.2251281738281,-0.014440776491503
166.25,37.2251281738281,-0.0165436810987089
167.5,37.2251281738281,-0.0178268673781723
168.75,37.2251281738281,-0.0181012576120211
170,37.2251281738281,-0.0176590462646496
171.25,37.2251281738281,-0.0158557068409869
172.5,37.2251281738281,-0.01318089938969
173.75,37.2251281738281,-0.0125062594687387
175,37.2251281738281,-0.0137472578998325
176.25,37.2251281738281,-0.0146808230889991
177.5,37.2251281738281,-0.0145764356057999
178.75,37.2251281738281,-0.0143918649110862
180,37.2251281738281,-0.0147759968745231
181.25,37.2251281738281,-0.01594441336362
182.5,37.2251281738281,-0.0180349640454508
183.75,37.2251281738281,-0.020559327833533
185,37.2251281738281,-0.0233219778467942
186.25,37.2251281738281,-0.026407592450684
187.5,37.2251281738281,-0.0281859339083815
188.75,37.2251281738281,-0.0279142849532167
190,37.2251281738281,-0.0267579592153841
191.25,37.2251281738281,-0.0258773054739155
192.5,37.2251281738281,-0.025181953172396
193.75,37.2251281738281,-0.0241037814261875
195,37.2251281738281,-0.0232315580797634
196.25,37.2251281738281,-0.0230526039750793
197.5,37.2251281738281,-0.0238728959569448
198.75,37.2251281738281,-0.0254847674032033
200,37.2251281738281,-0.0273028790909941
201.25,37.2251281738281,-0.0281967904225246
202.5,37.2251281738281,-0.0279285376312912
203.75,37.2251281738281,-0.0268707499809261
205,37.2251281738281,-0.0251612827590717
206.25,37.2251281738281,-0.0234713662203894
207.5,37.2251281738281,-0.0223919908999092
208.75,37.2251281738281,-0.0213314727630471
210,37.2251281738281,-0.0185858132188524
211.25,37.2251281738281,-0.0141070325124055
212.5,37.2251281738281,-0.00821036319133603
213.75,37.2251281738281,-0.00158393662287266
215,37.2251281738281,0.00497876507266256
216.25,37.2251281738281,0.0107679732485139
217.5,37.2251281738281,0.0155553820956691
218.75,37.2251281738281,0.0198267869900679
220,37.2251281738281,0.0231112993245325
221.25,37.2251281738281,0.0247417543077925
222.5,37.2251281738281,0.0242087849243887
223.75,37.2251281738281,0.0220488083128543
225,37.2251281738281,0.0185227209537257
226.25,37.2251281738281,0.0138015000119738
227.5,37.2251281738281,0.00810687031292069
228.75,37.2251281738281,0.00184190876412705
230,37.2251281738281,-0.0051389710224707
231.25,37.2251281738281,-0.0126972413724548
232.5,37.2251281738281,-0.0214517915180067
233.75,37.2251281738281,-0.0279077872709215
235,37.2251281738281,-0.0272501575348665
236.25,37.2251281738281,-0.0250397383443736
237.5,37.2251281738281,-0.0245835418500013
238.75,37.2251281738281,-0.0236047430619131
160,38.1675415039062,0.0101777812762735
161.25,38.1675415039062,0.00853084852808741
162.5,38.1675415039062,0.00511915760625565
163.75,38.1675415039062,0.000560783376443666
165,38.1675415039062,-0.00442449191442225
166.25,38.1675415039062,-0.00952243395675787
167.5,38.1675415039062,-0.0140916484032064
168.75,38.1675415039062,-0.0172207614859973
170,38.1675415039062,-0.0183487763846562
171.25,38.1675415039062,-0.0174045798820126
172.5,38.1675415039062,-0.0145142752547646
173.75,38.1675415039062,-0.0115444792807352
175,38.1675415039062,-0.0103257844521204
176.25,38.1675415039062,-0.0101356707179511
177.5,38.1675415039062,-0.0104435158840778
178.75,38.1675415039062,-0.0117392269097589
180,38.1675415039062,-0.0136788611615849
181.25,38.1675415039062,-0.0158716759029442
182.5,38.1675415039062,-0.0188778861676648
183.75,38.1675415039062,-0.0221978922609324
185,38.1675415039062,-0.0252355242836166
186.25,38.1675415039062,-0.0283340387746057
187.5,38.1675415039062,-0.0300242637815021
188.75,38.1675415039062,-0.0296387154234154
190,38.1675415039062,-0.0280797978716925
191.25,38.1675415039062,-0.0269528597273685
192.5,38.1675415039062,-0.026374438878989
193.75,38.1675415039062,-0.025083274514068
195,38.1675415039062,-0.0237732553531993
196.25,38.1675415039062,-0.0232297566593853
197.5,38.1675415039062,-0.0235351572411295
198.75,38.1675415039062,-0.0248624849047856
200,38.1675415039062,-0.0269247690333884
201.25,38.1675415039062,-0.0285509684335608
202.5,38.1675415039062,-0.0287888890045946
203.75,38.1675415039062,-0.027872017981862
205,38.1675415039062,-0.0262014065380244
206.25,38.1675415039062,-0.0245291834270464
207.5,38.1675415039062,-0.0231824898265556
208.75,38.1675415039062,-0.021389856036572
210,38.1675415039062,-0.0180902382865641
211.25,38.1675415039062,-0.013191837173825
212.5,38.1675415039062,-0.00793239607658972
213.75,38.1675415039062,-0.00258801352307006
215,38.1675415039062,0.00298202248196303
216.25,38.1675415039062,0.00859615481825385
217.5,38.1675415039062,0.0140334261823175
218.75,38.1675415039062,0.0198403232332656
220,38.1675415039062,0.0257676744566005
221.25,38.1675415039062,0.0305379954573119
222.5,38.1675415039062,0.0321981979351893
223.75,38.1675415039062,0.0295808272630818
225,38.1675415039062,0.0240017360069291
226.25,38.1675415039062,0.0170772062915605
227.5,38.1675415039062,0.00866564159380478
228.75,38.1675415039062,-4.94573915465354e-05
230,38.1675415039062,-0.00853601790104394
231.25,38.1675415039062,-0.0169388058522167
232.5,38.1675415039062,-0.0249531357158916
233.75,38.1675415039062,-0.0294833024984028
235,38.1675415039062,-0.0280714691855775
236.25,38.1675415039062,-0.0266325735474362
237.5,38.1675415039062,-0.0251359901251181
160,39.1099548339844,0.0176375125297449
161.25,39.1099548339844,0.0195204268542024
162.5,39.1099548339844,0.0182569240130038
163.75,39.1099548339844,0.0136328585929584
165,39.1099548339844,0.00691861833372735
166.25,39.1099548339844,-4.27417682556935e-05
167.5,39.1099548339844,-0.00578870917944212
168.75,39.1099548339844,-0.0103074003873536
170,39.1099548339844,-0.0129516274257846
171.25,39.1099548339844,-0.0138635685249141
172.5,39.1099548339844,-0.0136987518412087
173.75,39.1099548339844,-0.0116234881649443
175,39.1099548339844,-0.00874887213237713
176.25,39.1099548339844,-0.00788013551717978
177.5,39.1099548339844,-0.00880544248678686
178.75,39.1099548339844,-0.0107477285936511
180,39.1099548339844,-0.0133827810740478
181.25,39.1099548339844,-0.016268935401041
182.5,39.1099548339844,-0.0196999363219113
183.75,39.1099548339844,-0.0231331056858333
185,39.1099548339844,-0.0259899192630482
186.25,39.1099548339844,-0.0286420273235272
187.5,39.1099548339844,-0.0299692489752928
188.75,39.1099548339844,-0.0294299167639807
190,39.1099548339844,-0.0277782304346629
191.25,39.1099548339844,-0.0267258081568326
192.5,39.1099548339844,-0.0263587188875069
193.75,39.1099548339844,-0.0252522175671764
195,39.1099548339844,-0.023900763896364
196.25,39.1099548339844,-0.0232130354623055
197.5,39.1099548339844,-0.0232009126875888
198.75,39.1099548339844,-0.0238952150687573
200,39.1099548339844,-0.0255319454432757
201.25,39.1099548339844,-0.027426412331476
202.5,39.1099548339844,-0.0286535732680048
203.75,39.1099548339844,-0.028709972524232
205,39.1099548339844,-0.0276493468241169
206.25,39.1099548339844,-0.0262218202897991
207.5,39.1099548339844,-0.0244427934039173
208.75,39.1099548339844,-0.0217315733542269
210,39.1099548339844,-0.0178163927701301
211.25,39.1099548339844,-0.0127188823553538
212.5,39.1099548339844,-0.00843206529604868
213.75,39.1099548339844,-0.00507745550796701
215,39.1099548339844,-0.00128364230367381
216.25,39.1099548339844,0.00408392295240751
217.5,39.1099548339844,0.0109528783243188
218.75,39.1099548339844,0.0189918781938339
220,39.1099548339844,0.0275786356462691
221.25,39.1099548339844,0.0348897827057966
222.5,39.1099548339844,0.0381566919496826
223.75,39.1099548339844,0.0353620296728843
225,39.1099548339844,0.028004815444076
226.25,39.1099548339844,0.0186065238884094
227.5,39.1099548339844,0.00797067619818167
228.75,39.1099548339844,-0.00273903071786267
230,39.1099548339844,-0.0125888292196889
231.25,39.1099548339844,-0.021452136536863
232.5,39.1099548339844,-0.0283882846927833
233.75,39.1099548339844,-0.030840375684617
235,39.1099548339844,-0.0290770162042426
236.25,39.1099548339844,-0.0283902155223967
160,40.0523529052734,0.0182822305996511
161.25,40.0523529052734,0.0235852830375384
162.5,40.0523529052734,0.0239584070826454
163.75,40.0523529052734,0.01877750242808
165,40.0523529052734,0.0112341694638936
166.25,40.0523529052734,0.00404447524434054
167.5,40.0523529052734,-0.00141807225895942
168.75,40.0523529052734,-0.00608648534123118
170,40.0523529052734,-0.00933176796800845
171.25,40.0523529052734,-0.0108082886754105
172.5,40.0523529052734,-0.0119627514439857
173.75,40.0523529052734,-0.0120170210224706
175,40.0523529052734,-0.0107522834468568
176.25,40.0523529052734,-0.0112406875283205
177.5,40.0523529052734,-0.0131217600617719
178.75,40.0523529052734,-0.014361632224511
180,40.0523529052734,-0.0158917583039062
181.25,40.0523529052734,-0.0182436912007425
182.5,40.0523529052734,-0.0209473265471206
183.75,40.0523529052734,-0.0234607240419503
185,40.0523529052734,-0.0256376892306445
186.25,40.0523529052734,-0.027521777565893
187.5,40.0523529052734,-0.0285115122518785
188.75,40.0523529052734,-0.0279802006528517
190,40.0523529052734,-0.0267829326141582
191.25,40.0523529052734,-0.0260153053351696
192.5,40.0523529052734,-0.0253938378158633
193.75,40.0523529052734,-0.0242832620890236
195,40.0523529052734,-0.023213810560868
196.25,40.0523529052734,-0.0228168426821124
197.5,40.0523529052734,-0.0225520678964964
198.75,40.0523529052734,-0.0223629622429966
200,40.0523529052734,-0.0231775590006704
201.25,40.0523529052734,-0.0250473476534959
202.5,40.0523529052734,-0.0269498902649833
203.75,40.0523529052734,-0.0279865162005162
205,40.0523529052734,-0.0276644101190714
206.25,40.0523529052734,-0.02638154820384
207.5,40.0523529052734,-0.024415333709996
208.75,40.0523529052734,-0.0215658407323733
210,40.0523529052734,-0.0176360166199535
211.25,40.0523529052734,-0.0132743625631614
212.5,40.0523529052734,-0.0100319382806972
213.75,40.0523529052734,-0.00818677298976921
215,40.0523529052734,-0.00569910211453705
216.25,40.0523529052734,-0.000760810464048153
217.5,40.0523529052734,0.00712702451315176
218.75,40.0523529052734,0.0173235330444636
220,40.0523529052734,0.0282662606617333
221.25,40.0523529052734,0.0371872397033675
222.5,40.0523529052734,0.041197264568258
223.75,40.0523529052734,0.0387250768579201
225,40.0523529052734,0.0302008480773315
226.25,40.0523529052734,0.019355272598957
227.5,40.0523529052734,0.00748178929300875
228.75,40.0523529052734,-0.00440157160901318
230,40.0523529052734,-0.0149439083010052
231.25,40.0523529052734,-0.0240422928756608
232.5,40.0523529052734,-0.0310041580322977
233.75,40.0523529052734,-0.0330797822034644
235,40.0523529052734,-0.0316759247803005
236.25,40.0523529052734,-0.0298206697065103
160,40.9947662353516,0.0118792230979692
161.25,40.9947662353516,0.0164314824399395
162.5,40.9947662353516,0.0158635886996898
163.75,40.9947662353516,0.0115314768833373
165,40.9947662353516,0.00597151003882049
166.25,40.9947662353516,0.000974284768016442
167.5,40.9947662353516,-0.00285023984928342
168.75,40.9947662353516,-0.00646041559202141
170,40.9947662353516,-0.00946850966546639
171.25,40.9947662353516,-0.0111677829973392
172.5,40.9947662353516,-0.0128195374746
173.75,40.9947662353516,-0.0153415985933718
175,40.9947662353516,-0.017985754766867
176.25,40.9947662353516,-0.0208716085346301
177.5,40.9947662353516,-0.022669213687373
178.75,40.9947662353516,-0.0222067160932329
180,40.9947662353516,-0.0219660225317653
181.25,40.9947662353516,-0.0228134710209269
182.5,40.9947662353516,-0.0237598154743944
183.75,40.9947662353516,-0.0246046729063879
185,40.9947662353516,-0.0255228689740926
186.25,40.9947662353516,-0.0263729213356959
187.5,40.9947662353516,-0.026693899807744
188.75,40.9947662353516,-0.0263011663202624
190,40.9947662353516,-0.025835392525712
191.25,40.9947662353516,-0.0252552947485726
192.5,40.9947662353516,-0.024276416233613
193.75,40.9947662353516,-0.0230055973831476
195,40.9947662353516,-0.0220813837530116
196.25,40.9947662353516,-0.0218612870205323
197.5,40.9947662353516,-0.0212956071343585
198.75,40.9947662353516,-0.0201870101263491
200,40.9947662353516,-0.0196683396484522
201.25,40.9947662353516,-0.0206966703930624
202.5,40.9947662353516,-0.0230257239265216
203.75,40.9947662353516,-0.0250999194403343
205,40.9947662353516,-0.0256169911630634
206.25,40.9947662353516,-0.0243828179478084
207.5,40.9947662353516,-0.0221749084069229
208.75,40.9947662353516,-0.0195492319870557
210,40.9947662353516,-0.0167028795237179
211.25,40.9947662353516,-0.0139608144872709
212.5,40.9947662353516,-0.0121122523577237
213.75,40.9947662353516,-0.011104574486307
215,40.9947662353516,-0.00930694326225582
216.25,40.9947662353516,-0.0045265026051385
217.5,40.9947662353516,0.00390437779986549
218.75,40.9947662353516,0.0153012825868404
220,40.9947662353516,0.0271096655337038
221.25,40.9947662353516,0.0358888678272271
222.5,40.9947662353516,0.0399429154990891
223.75,40.9947662353516,0.0382772590068444
225,40.9947662353516,0.0309158036046222
226.25,40.9947662353516,0.0199778020756042
227.5,40.9947662353516,0.00815981238945411
228.75,40.9947662353516,-0.00408654136163197
230,40.9947662353516,-0.0152440177778889
231.25,40.9947662353516,-0.0246531032801406
232.5,40.9947662353516,-0.0323044039363904
233.75,40.9947662353516,-0.0352997742445214
235,40.9947662353516,-0.0350531650330978
236.25,40.9947662353516,-0.0354029392167525
160,41.9371795654297,0.000251401991451654
161.25,41.9371795654297,0.00331650520989497
162.5,41.9371795654297,0.00255564810051724
163.75,41.9371795654297,9.88692073189889e-05
165,41.9371795654297,-0.00311446579020896
166.25,41.9371795654297,-0.00569642270329724
167.5,41.9371795654297,-0.00745921676401858
168.75,41.9371795654297,-0.00986383354621375
170,41.9371795654297,-0.0124418227819879
171.25,41.9371795654297,-0.0140246397600273
172.5,41.9371795654297,-0.0157601606915042
173.75,41.9371795654297,-0.0202826649427784
175,41.9371795654297,-0.0272781556767385
176.25,41.9371795654297,-0.0327104292424426
177.5,41.9371795654297,-0.0345310275687081
178.75,41.9371795654297,-0.033111199453136
180,41.9371795654297,-0.0314461778967305
181.25,41.9371795654297,-0.0301264358380302
182.5,41.9371795654297,-0.0288702714863227
183.75,41.9371795654297,-0.0278789794696942
185,41.9371795654297,-0.02730713658771
186.25,41.9371795654297,-0.0270481699636831
187.5,41.9371795654297,-0.0267899665298099
188.75,41.9371795654297,-0.0262520936036791
190,41.9371795654297,-0.0256649617705941
191.25,41.9371795654297,-0.0248440663830421
192.5,41.9371795654297,-0.0234625064059898
193.75,41.9371795654297,-0.0216885895716855
195,41.9371795654297,-0.0202312839945219
196.25,41.9371795654297,-0.0194943874682193
197.5,41.9371795654297,-0.0185020553264733
198.75,41.9371795654297,-0.0167873387436707
200,41.9371795654297,-0.0150361775218
201.25,41.9371795654297,-0.0148319205358256
202.5,41.9371795654297,-0.0167271746832835
203.75,41.9371795654297,-0.0190779005326694
205,41.9371795654297,-0.0202642102684891
206.25,41.9371795654297,-0.0196653716422288
207.5,41.9371795654297,-0.0178945782615042
208.75,41.9371795654297,-0.0160511944799927
210,41.9371795654297,-0.0146574344502774
211.25,41.9371795654297,-0.0133611679110855
212.5,41.9371795654297,-0.0121967106418733
213.75,41.9371795654297,-0.0114713664285855
215,41.9371795654297,-0.0105137089365436
216.25,41.9371795654297,-0.00640575608858012
217.5,41.9371795654297,0.00195287478144968
218.75,41.9371795654297,0.0132350503018639
220,41.9371795654297,0.0243056283716786
221.25,41.9371795654297,0.0320822622820014
222.5,41.9371795654297,0.0355300952540799
223.75,41.9371795654297,0.0344606473581042
225,41.9371795654297,0.0293384105858246
226.25,41.9371795654297,0.0205532200137708
227.5,41.9371795654297,0.00903804501621236
228.75,41.9371795654297,-0.00310251974625561
230,41.9371795654297,-0.0145716656444157
231.25,41.9371795654297,-0.0241240117402674
232.5,41.9371795654297,-0.032376536744333
233.75,41.9371795654297,-0.0371647095802601
235,41.9371795654297,-0.0391056457841038
236.25,41.9371795654297,-0.0399235261324274
160,42.8795776367188,-0.00961457732285365
161.25,42.8795776367188,-0.00881113891671191
162.5,42.8795776367188,-0.00956338354542832
163.75,42.8795776367188,-0.0110885072807659
165,42.8795776367188,-0.0129188997639305
166.25,42.8795776367188,-0.0143403788616757
167.5,42.8795776367188,-0.0150937258832741
168.75,42.8795776367188,-0.016411507188193
170,42.8795776367188,-0.0172442746299082
171.25,42.8795776367188,-0.0170078116006821
172.5,42.8795776367188,-0.0180646808487827
173.75,42.8795776367188,-0.0234733531056024
175,42.8795776367188,-0.0313946539709394
176.25,42.8795776367188,-0.0375716023023483
177.5,42.8795776367188,-0.039683671936868
178.75,42.8795776367188,-0.0387441553765221
180,42.8795776367188,-0.0373040204772016
181.25,42.8795776367188,-0.035802685653648
182.5,42.8795776367188,-0.0341522717209704
183.75,42.8795776367188,-0.0325174641395313
185,42.8795776367188,-0.0311365304008508
186.25,42.8795776367188,-0.0299310523141891
187.5,42.8795776367188,-0.0286279098186633
188.75,42.8795776367188,-0.0271187651892193
190,42.8795776367188,-0.025702567017764
191.25,42.8795776367188,-0.024382833834937
192.5,42.8795776367188,-0.0226084619745793
193.75,42.8795776367188,-0.0203258357185649
195,42.8795776367188,-0.0180215865759292
196.25,42.8795776367188,-0.0161257106817443
197.5,42.8795776367188,-0.0141116672708674
198.75,42.8795776367188,-0.0113670186285932
200,42.8795776367188,-0.0085044331238633
201.25,42.8795776367188,-0.00717654076822855
202.5,42.8795776367188,-0.00854462470791423
203.75,42.8795776367188,-0.0109363515534934
205,42.8795776367188,-0.0125464915469011
206.25,42.8795776367188,-0.0128527510688938
207.5,42.8795776367188,-0.0121670555494789
208.75,42.8795776367188,-0.011332932200644
210,42.8795776367188,-0.0112133003632233
211.25,42.8795776367188,-0.01100632943573
212.5,42.8795776367188,-0.00988513417416697
213.75,42.8795776367188,-0.00862056125578534
215,42.8795776367188,-0.00810996188739403
216.25,42.8795776367188,-0.00517578791023156
217.5,42.8795776367188,0.00175167003606234
218.75,42.8795776367188,0.0112118230644912
220,42.8795776367188,0.0208107306092651
221.25,42.8795776367188,0.0277573707588657
222.5,42.8795776367188,0.0307008849068496
223.75,42.8795776367188,0.030164470359056
225,42.8795776367188,0.0264240744641083
226.25,42.8795776367188,0.0195401281165991
227.5,42.8795776367188,0.00961001997784974
228.75,42.8795776367188,-0.00235916174903104
230,42.8795776367188,-0.0138223091820754
231.25,42.8795776367188,-0.0232905745771067
232.5,42.8795776367188,-0.0316680319085603
233.75,42.8795776367188,-0.0384861308940475
235,42.8795776367188,-0.0428349882761039
236.25,42.8795776367188,-0.0441355289276228
160,43.8219909667969,-0.0143334195645697
161.25,43.8219909667969,-0.0164311321674341
162.5,43.8219909667969,-0.0185986766119055
163.75,43.8219909667969,-0.0199246525829009
165,43.8219909667969,-0.0206463532487476
166.25,43.8219909667969,-0.0210709967696942
167.5,43.8219909667969,-0.0216057345616922
168.75,43.8219909667969,-0.021598288627808
170,43.8219909667969,-0.0196658320383526
171.25,43.8219909667969,-0.0179332650730176
172.5,43.8219909667969,-0.0194110191546279
173.75,43.8219909667969,-0.0241779985903097
175,43.8219909667969,-0.0302071201591593
176.25,43.8219909667969,-0.0358577314921126
177.5,43.8219909667969,-0.0388630606140637
178.75,43.8219909667969,-0.0395236850751448
180,43.8219909667969,-0.0395388366603533
181.25,43.8219909667969,-0.0390020287120093
182.5,43.8219909667969,-0.038026945049862
183.75,43.8219909667969,-0.0365269176833834
185,43.8219909667969,-0.0346078597680143
186.25,43.8219909667969,-0.0325239471408413
187.5,43.8219909667969,-0.0302698194281231
188.75,43.8219909667969,-0.0278861323326629
190,43.8219909667969,-0.0256382953920589
191.25,43.8219909667969,-0.0235664740477159
192.5,43.8219909667969,-0.0212903748555891
193.75,43.8219909667969,-0.0185884813152746
195,43.8219909667969,-0.0156349907239401
196.25,43.8219909667969,-0.0130433556420378
197.5,43.8219909667969,-0.0102595711205374
198.75,43.8219909667969,-0.00661689706967027
200,43.8219909667969,-0.00267568888492042
201.25,43.8219909667969,1.83806169866155e-05
202.5,43.8219909667969,0.000514196069363588
203.75,43.8219909667969,-0.000609376895523463
205,43.8219909667969,-0.00261219849548258
206.25,43.8219909667969,-0.00473235050321289
207.5,43.8219909667969,-0.00597340982139347
208.75,43.8219909667969,-0.00669645049971128
210,43.8219909667969,-0.00736667783645107
211.25,43.8219909667969,-0.0074058089710503
212.5,43.8219909667969,-0.00600488643632245
213.75,43.8219909667969,-0.00457851194010059
215,43.8219909667969,-0.0045744010461617
216.25,43.8219909667969,-0.0034643788422661
217.5,43.8219909667969,0.00113020918770107
218.75,43.8219909667969,0.00860544731217213
220,43.8219909667969,0.0168730282214052
221.25,43.8219909667969,0.0230072088989106
222.5,43.8219909667969,0.0257785107325928
223.75,43.8219909667969,0.0257227328654415
225,43.8219909667969,0.0230548289506382
226.25,43.8219909667969,0.0174192691957624
227.5,43.8219909667969,0.00907578965930896
228.75,43.8219909667969,-0.00166612824256021
230,43.8219909667969,-0.013033227501394
231.25,43.8219909667969,-0.022525310429829
232.5,43.8219909667969,-0.0307394819204761
233.75,43.8219909667969,-0.0382385701938317
235,43.8219909667969,-0.0442468070527215
236.25,43.8219909667969,-0.0464952227802754
160,44.764404296875,-0.01298980546042
161.25,44.764404296875,-0.0170921749692206
162.5,44.764404296875,-0.0220221784132215
163.75,44.764404296875,-0.0252435978331655
165,44.764404296875,-0.0265519525549766
166.25,44.764404296875,-0.0269567450265251
167.5,44.764404296875,-0.0272969303457431
168.75,44.764404296875,-0.0253449135037419
170,44.764404296875,-0.0204324006821448
171.25,44.764404296875,-0.0191418978024943
172.5,44.764404296875,-0.0221273618741958
173.75,44.764404296875,-0.0250869126488256
175,44.764404296875,-0.0290027352266076
176.25,44.764404296875,-0.0334821450850209
177.5,44.764404296875,-0.0367012669701103
178.75,44.764404296875,-0.0385029251467446
180,44.764404296875,-0.0398160677660466
181.25,44.764404296875,-0.0407456002987345
182.5,44.764404296875,-0.0410416432442718
183.75,44.764404296875,-0.0402484051861606
185,44.764404296875,-0.0382923989480971
186.25,44.764404296875,-0.0354132342410539
187.5,44.764404296875,-0.0321210465191478
188.75,44.764404296875,-0.0287342947000021
190,44.764404296875,-0.0255402722118899
191.25,44.764404296875,-0.0226408587737637
192.5,44.764404296875,-0.0198407346056464
193.75,44.764404296875,-0.016873765608138
195,44.764404296875,-0.01344684974327
196.25,44.764404296875,-0.0100253507545297
197.5,44.764404296875,-0.00629185697347346
198.75,44.764404296875,-0.00211309385524593
200,44.764404296875,0.00191308289302408
201.25,44.764404296875,0.00516681644528448
202.5,44.764404296875,0.00736359615689717
203.75,44.764404296875,0.00838885576568174
205,44.764404296875,0.00712077085249057
206.25,44.764404296875,0.003677097154543
207.5,44.764404296875,0.00018361875551361
208.75,44.764404296875,-0.0024995159469785
210,44.764404296875,-0.00430544134810738
211.25,44.764404296875,-0.00487145052522316
212.5,44.764404296875,-0.00425693343829719
213.75,44.764404296875,-0.00385822776882082
215,44.764404296875,-0.00445590569085741
216.25,44.764404296875,-0.00418761503866921
217.5,44.764404296875,-0.00112335978215315
218.75,44.764404296875,0.00580613380202637
220,44.764404296875,0.0135757749566768
221.25,44.764404296875,0.018764024896266
222.5,44.764404296875,0.0208724175171746
223.75,44.764404296875,0.0211830903041685
225,44.764404296875,0.0195180209240618
226.25,44.764404296875,0.0149392720954221
227.5,44.764404296875,0.00759892508605119
228.75,44.764404296875,-0.00175148997103553
230,44.764404296875,-0.0120668658879538
231.25,44.764404296875,-0.0219753397948184
232.5,44.764404296875,-0.030129033586297
233.75,44.764404296875,-0.0371285029699129
235,44.764404296875,-0.0427815135500612
236.25,44.764404296875,-0.0452428071601444
160,45.7068023681641,-0.0107342564890985
161.25,45.7068023681641,-0.0137811423652011
162.5,45.7068023681641,-0.0196009536763642
163.75,45.7068023681641,-0.0256386255913349
165,45.7068023681641,-0.0292028484138971
166.25,45.7068023681641,-0.030559731323648
167.5,45.7068023681641,-0.0308594522855795
168.75,45.7068023681641,-0.0284696297905311
170,45.7068023681641,-0.0244177799152875
171.25,45.7068023681641,-0.0255497796158822
172.5,45.7068023681641,-0.0286770742001305
173.75,45.7068023681641,-0.0300527440038562
175,45.7068023681641,-0.0318298632779307
176.25,45.7068023681641,-0.0348159421826925
177.5,45.7068023681641,-0.0376550918921365
178.75,45.7068023681641,-0.0397863644194302
180,45.7068023681641,-0.0413665683184126
181.25,45.7068023681641,-0.0427876640474017
182.5,45.7068023681641,-0.0436585157654846
183.75,45.7068023681641,-0.0434886945536858
185,45.7068023681641,-0.0420601503560932
186.25,45.7068023681641,-0.0390600977880626
187.5,45.7068023681641,-0.0348091102304764
188.75,45.7068023681641,-0.0298503704190334
190,45.7068023681641,-0.0249698626893064
191.25,45.7068023681641,-0.020895259842454
192.5,45.7068023681641,-0.0176247508671658
193.75,45.7068023681641,-0.014529693878842
195,45.7068023681641,-0.0113130638172918
196.25,45.7068023681641,-0.00764069466847714
197.5,45.7068023681641,-0.00321049633092665
198.75,45.7068023681641,0.00154884625279697
200,45.7068023681641,0.00632898298372801
201.25,45.7068023681641,0.0107968698498336
202.5,45.7068023681641,0.0139864607610304
203.75,45.7068023681641,0.0149006365285778
205,45.7068023681641,0.0128960674028414
206.25,45.7068023681641,0.00838392868609818
207.5,45.7068023681641,0.00363270766764134
208.75,45.7068023681641,-0.000186122050091562
210,45.7068023681641,-0.00312730692048216
211.25,45.7068023681641,-0.00489953236953197
212.5,45.7068023681641,-0.00570833146456063
213.75,45.7068023681641,-0.00650046939349722
215,45.7068023681641,-0.00716954352535344
216.25,45.7068023681641,-0.00623121779077152
217.5,45.7068023681641,-0.00223479201814024
218.75,45.7068023681641,0.00480025353790837
220,45.7068023681641,0.0117978295822928
221.25,45.7068023681641,0.0153952911959548
222.5,45.7068023681641,0.0167047272344316
223.75,45.7068023681641,0.016947315536001
225,45.7068023681641,0.0154450171229628
226.25,45.7068023681641,0.0116862353819961
227.5,45.7068023681641,0.00532975867136506
228.75,45.7068023681641,-0.00321238364282262
230,45.7068023681641,-0.0125992897527183
231.25,45.7068023681641,-0.0215911701406482
232.5,45.7068023681641,-0.0299307784072645
233.75,45.7068023681641,-0.0363493258865952
235,45.7068023681641,-0.0400517953490544
236.25,45.7068023681641,-0.0411693265220634
160,46.6492156982422,-0.00929345868085936
161.25,46.6492156982422,-0.0108244185146107
162.5,46.6492156982422,-0.0149183513469336
163.75,46.6492156982422,-0.0208411529720041
165,46.6492156982422,-0.0278886407816553
166.25,46.6492156982422,-0.0330854076617703
167.5,46.6492156982422,-0.0355069901000568
168.75,46.6492156982422,-0.035164607841409
170,46.6492156982422,-0.0348244261693644
171.25,46.6492156982422,-0.0365353456899834
172.5,46.6492156982422,-0.0374746644602192
173.75,46.6492156982422,-0.0366330174487565
175,46.6492156982422,-0.0364585456042353
176.25,46.6492156982422,-0.0377747827269149
177.5,46.6492156982422,-0.0396910786724376
178.75,46.6492156982422,-0.0414414522198672
180,46.6492156982422,-0.0432944664285053
181.25,46.6492156982422,-0.0452701003403609
182.5,46.6492156982422,-0.046963236520294
183.75,46.6492156982422,-0.047540109887864
185,46.6492156982422,-0.0462170217939926
186.25,46.6492156982422,-0.0424592223608351
187.5,46.6492156982422,-0.0365952167571159
188.75,46.6492156982422,-0.0298272728256702
190,46.6492156982422,-0.0234664960885075
191.25,46.6492156982422,-0.0183868547828595
192.5,46.6492156982422,-0.0146373273792348
193.75,46.6492156982422,-0.0118693094917767
195,46.6492156982422,-0.00989110288038117
196.25,46.6492156982422,-0.00721222597984411
197.5,46.6492156982422,-0.0029152971984104
198.75,46.6492156982422,0.00272742858649631
200,46.6492156982422,0.00887824594500925
201.25,46.6492156982422,0.014305363282807
202.5,46.6492156982422,0.0174810703677076
203.75,46.6492156982422,0.0176674524707308
205,46.6492156982422,0.0150216951799162
206.25,46.6492156982422,0.0104195246929801
207.5,46.6492156982422,0.00518679125696267
208.75,46.6492156982422,-2.2575967866515e-06
210,46.6492156982422,-0.00422721078017667
211.25,46.6492156982422,-0.00722155849514037
212.5,46.6492156982422,-0.00895810189464178
213.75,46.6492156982422,-0.0093919869450228
215,46.6492156982422,-0.00842534631430207
216.25,46.6492156982422,-0.00530418070633321
217.5,46.6492156982422,0.000299827322730216
218.75,46.6492156982422,0.00665285601287772
220,46.6492156982422,0.0106554974655776
221.25,46.6492156982422,0.0123485138082789
222.5,46.6492156982422,0.0130306229794275
223.75,46.6492156982422,0.012785558071507
225,46.6492156982422,0.0110123415712574
226.25,46.6492156982422,0.00742361527705205
227.5,46.6492156982422,0.00181012409986015
228.75,46.6492156982422,-0.00576873300834441
230,46.6492156982422,-0.0146214167951193
231.25,46.6492156982422,-0.0232543112486228
232.5,46.6492156982422,-0.0306141409096809
233.75,46.6492156982422,-0.0358073959871836
235,46.6492156982422,-0.0377229943401613
236.25,46.6492156982422,-0.0372432880636567
160,47.5916290283203,-0.0088695007202662
161.25,47.5916290283203,-0.010798688940348
162.5,47.5916290283203,-0.0142032303758615
163.75,47.5916290283203,-0.019313421938641
165,47.5916290283203,-0.02691234141424
166.25,47.5916290283203,-0.0339269910315004
167.5,47.5916290283203,-0.0381258455778524
168.75,47.5916290283203,-0.0397402337856464
170,47.5916290283203,-0.0404509976534303
171.25,47.5916290283203,-0.0410577819755393
172.5,47.5916290283203,-0.0410658744695202
173.75,47.5916290283203,-0.0404931193286652
175,47.5916290283203,-0.0402745791235526
176.25,47.5916290283203,-0.0407962346738841
177.5,47.5916290283203,-0.0417980102287246
178.75,47.5916290283203,-0.0434376510680921
180,47.5916290283203,-0.0459276236981711
181.25,47.5916290283203,-0.0484659890871873
182.5,47.5916290283203,-0.049537035451756
183.75,47.5916290283203,-0.0488733562147913
185,47.5916290283203,-0.0462224872993784
186.25,47.5916290283203,-0.0411398436188162
187.5,47.5916290283203,-0.0338810225626977
188.75,47.5916290283203,-0.026000654230991
190,47.5916290283203,-0.0195804179180584
191.25,47.5916290283203,-0.0153654779210074
192.5,47.5916290283203,-0.0132322048148258
193.75,47.5916290283203,-0.0130894711211849
195,47.5916290283203,-0.0138171327518182
196.25,47.5916290283203,-0.0130601667306796
197.5,47.5916290283203,-0.0096097714901174
198.75,47.5916290283203,-0.00314062486445221
200,47.5916290283203,0.00496629935215037
201.25,47.5916290283203,0.0121202539518218
202.5,47.5916290283203,0.0164600162606156
203.75,47.5916290283203,0.0171728024573662
205,47.5916290283203,0.0146309001470297
206.25,47.5916290283203,0.00987989553325126
207.5,47.5916290283203,0.00401783562555348
208.75,47.5916290283203,-0.00158068072849692
210,47.5916290283203,-0.00610647507601708
211.25,47.5916290283203,-0.0089587541089159
212.5,47.5916290283203,-0.00985441070655539
213.75,47.5916290283203,-0.00864704162463587
215,47.5916290283203,-0.00531480571581991
216.25,47.5916290283203,-0.00071375538294609
217.5,47.5916290283203,0.00392116595236791
218.75,47.5916290283203,0.00736943504716161
220,47.5916290283203,0.00889259609229848
221.25,47.5916290283203,0.00919281357312875
222.5,47.5916290283203,0.00884548297480234
223.75,47.5916290283203,0.00806324731265899
225,47.5916290283203,0.00608430688143008
226.25,47.5916290283203,0.00290947361748324
227.5,47.5916290283203,-0.00204490728789869
228.75,47.5916290283203,-0.009328168598226
230,47.5916290283203,-0.0178100706846151
231.25,47.5916290283203,-0.0257794555732949
232.5,47.5916290283203,-0.0315944998750623
233.75,47.5916290283203,-0.0349412960597438
235,47.5916290283203,-0.0362554003292743
236.25,47.5916290283203,-0.0356632821885072
160,48.5340270996094,-0.0130572946228879
161.25,48.5340270996094,-0.0140039915036973
162.5,48.5340270996094,-0.0161610592185483
163.75,48.5340270996094,-0.0204325583063125
165,48.5340270996094,-0.0265313117508192
166.25,48.5340270996094,-0.0322598484754221
167.5,48.5340270996094,-0.0356844733353697
168.75,48.5340270996094,-0.0372599420962671
170,48.5340270996094,-0.0383074227191646
171.25,48.5340270996094,-0.0395121591916265
172.5,48.5340270996094,-0.0404607535858685
173.75,48.5340270996094,-0.0407014178901571
175,48.5340270996094,-0.0406798055561566
176.25,48.5340270996094,-0.0412009586796849
177.5,48.5340270996094,-0.0426782553533873
178.75,48.5340270996094,-0.0449788778306749
180,48.5340270996094,-0.0473363307775391
181.25,48.5340270996094,-0.0484129664254953
182.5,48.5340270996094,-0.0470573624420015
183.75,48.5340270996094,-0.0437125903526793
185,48.5340270996094,-0.0391854037698882
186.25,48.5340270996094,-0.0333109402350609
187.5,48.5340270996094,-0.0263130872988785
188.75,48.5340270996094,-0.0195290636927824
190,48.5340270996094,-0.0151418269312959
191.25,48.5340270996094,-0.013997499695973
192.5,48.5340270996094,-0.0153689287589256
193.75,48.5340270996094,-0.0174843916406813
195,48.5340270996094,-0.0179680781747741
196.25,48.5340270996094,-0.0157932697914723
197.5,48.5340270996094,-0.0109940252567032
198.75,48.5340270996094,-0.00386612241461621
200,48.5340270996094,0.00416791177414632
201.25,48.5340270996094,0.0110946966775381
202.5,48.5340270996094,0.015059624197207
203.75,48.5340270996094,0.0153882161619416
205,48.5340270996094,0.0124986679462122
206.25,48.5340270996094,0.00740792868678549
207.5,48.5340270996094,0.00140206564896736
208.75,48.5340270996094,-0.0035991453221077
210,48.5340270996094,-0.00635503759881118
211.25,48.5340270996094,-0.00728107554295771
212.5,48.5340270996094,-0.00686470139759262
213.75,48.5340270996094,-0.00462942825157334
215,48.5340270996094,-0.000930348884239471
216.25,48.5340270996094,0.00270497113207392
217.5,48.5340270996094,0.00500279870124054
218.75,48.5340270996094,0.0060042146826311
220,48.5340270996094,0.00636367515656344
221.25,48.5340270996094,0.00600173874713031
222.5,48.5340270996094,0.00483349466879802
223.75,48.5340270996094,0.00302667388336247
225,48.5340270996094,0.00094101356761244
226.25,48.5340270996094,-0.00164992207720842
227.5,48.5340270996094,-0.00612372422572559
228.75,48.5340270996094,-0.0134308472404733
230,48.5340270996094,-0.0218224741069722
231.25,48.5340270996094,-0.0280217683333133
232.5,48.5340270996094,-0.031684120510386
233.75,48.5340270996094,-0.0334096047543055
235,48.5340270996094,-0.0336892447530627
236.25,48.5340270996094,-0.0333985806019595
160,49.4764404296875,-0.0224815586179785
161.25,49.4764404296875,-0.0218931968400444
162.5,49.4764404296875,-0.0223092890017282
163.75,49.4764404296875,-0.0250232811971431
165,49.4764404296875,-0.0292009809873112
166.25,49.4764404296875,-0.0328572631989473
167.5,49.4764404296875,-0.0349115413214561
168.75,49.4764404296875,-0.0357787844502696
170,49.4764404296875,-0.0366281978775578
171.25,49.4764404296875,-0.0377430584697811
172.5,49.4764404296875,-0.0388113856406137
173.75,49.4764404296875,-0.0397605723563487
175,49.4764404296875,-0.0409688206431223
176.25,49.4764404296875,-0.0424699141806191
177.5,49.4764404296875,-0.0436129405887506
178.75,49.4764404296875,-0.0440358429016457
180,49.4764404296875,-0.0433673370681118
181.25,49.4764404296875,-0.0409876738434497
182.5,49.4764404296875,-0.0363888343741988
183.75,49.4764404296875,-0.0298193364831306
185,49.4764404296875,-0.0230556590036533
186.25,49.4764404296875,-0.0167176475128059
187.5,49.4764404296875,-0.0119253927855863
188.75,49.4764404296875,-0.010245522016249
190,49.4764404296875,-0.0109510208086507
191.25,49.4764404296875,-0.012587106011805
192.5,49.4764404296875,-0.0139898450894975
193.75,49.4764404296875,-0.0140293104132483
195,49.4764404296875,-0.0117774530063159
196.25,49.4764404296875,-0.00743715278977144
197.5,49.4764404296875,-0.00244546603594909
198.75,49.4764404296875,0.0022012263756422
200,49.4764404296875,0.00676653840093796
201.25,49.4764404296875,0.0103246473283158
202.5,49.4764404296875,0.0118476418012401
203.75,49.4764404296875,0.0110231344579716
205,49.4764404296875,0.00785249663324304
206.25,49.4764404296875,0.00323699380046937
207.5,49.4764404296875,-0.00130610450221542
208.75,49.4764404296875,-0.00417383528256688
210,49.4764404296875,-0.00459724519341453
211.25,49.4764404296875,-0.00340047732275352
212.5,49.4764404296875,-0.00173695164900879
213.75,49.4764404296875,3.91295627320156e-05
215,49.4764404296875,0.00156768811004906
216.25,49.4764404296875,0.00261814021496436
217.5,49.4764404296875,0.00301731606399264
218.75,49.4764404296875,0.00307460905309309
220,49.4764404296875,0.0030606157464853
221.25,49.4764404296875,0.00265782385625793
222.5,49.4764404296875,0.00126097019764795
223.75,49.4764404296875,-0.000909213469626907
225,49.4764404296875,-0.00317331711167346
226.25,49.4764404296875,-0.00581439053698984
227.5,49.4764404296875,-0.0100965852459628
228.75,49.4764404296875,-0.0174272774310574
230,49.4764404296875,-0.0244385208776002
231.25,49.4764404296875,-0.0283665089189219
232.5,49.4764404296875,-0.0305980572068534
233.75,49.4764404296875,-0.031928200016173
235,49.4764404296875,-0.0323804500497951
160,50.4188537597656,-0.0290437097845097
161.25,50.4188537597656,-0.0299984510212474
162.5,50.4188537597656,-0.0300718873900384
163.75,50.4188537597656,-0.031605767054774
165,50.4188537597656,-0.0341326699593607
166.25,50.4188537597656,-0.0357684964633845
167.5,50.4188537597656,-0.0358264969234431
168.75,50.4188537597656,-0.035830385005641
170,50.4188537597656,-0.0366415841836962
171.25,50.4188537597656,-0.0381965162834367
172.5,50.4188537597656,-0.0400738402942909
173.75,50.4188537597656,-0.0419174104664355
175,50.4188537597656,-0.043634303275906
176.25,50.4188537597656,-0.0446662552414159
177.5,50.4188537597656,-0.0438690198151528
178.75,50.4188537597656,-0.040853550379289
180,50.4188537597656,-0.0359638140777137
181.25,50.4188537597656,-0.0295328030964046
182.5,50.4188537597656,-0.0221672213459415
183.75,50.4188537597656,-0.0150670521653187
185,50.4188537597656,-0.00930308727541179
186.25,50.4188537597656,-0.00682513668109305
187.5,50.4188537597656,-0.00776087456802474
188.75,50.4188537597656,-0.0105475950665615
190,50.4188537597656,-0.0128885625416226
191.25,50.4188537597656,-0.01355017779382
192.5,50.4188537597656,-0.0125245364348057
193.75,50.4188537597656,-0.0102489776535855
195,50.4188537597656,-0.00692469745860197
196.25,50.4188537597656,-0.00314585145318687
197.5,50.4188537597656,-9.39513480095237e-05
198.75,50.4188537597656,0.00175489959495668
200,50.4188537597656,0.00309206206574427
201.25,50.4188537597656,0.00436933286130942
202.5,50.4188537597656,0.00538156168659668
203.75,50.4188537597656,0.00523887768173487
205,50.4188537597656,0.00318114123934414
206.25,50.4188537597656,-0.000327420935003955
207.5,50.4188537597656,-0.00342220158297031
208.75,50.4188537597656,-0.00401010603857786
210,50.4188537597656,-0.00221203666017593
211.25,50.4188537597656,-3.62326066233247e-05
212.5,50.4188537597656,0.0013008518734388
213.75,50.4188537597656,0.00145881528465415
215,50.4188537597656,0.000695642745293122
216.25,50.4188537597656,-0.000161006539748023
217.5,50.4188537597656,-0.000332291227863681
218.75,50.4188537597656,-0.000110997832459607
220,50.4188537597656,5.85552809182057e-05
221.25,50.4188537597656,-0.000408336789019259
222.5,50.4188537597656,-0.00183806459780793
223.75,50.4188537597656,-0.0038881727841034
225,50.4188537597656,-0.0061774960232742
226.25,50.4188537597656,-0.00896655911522407
227.5,50.4188537597656,-0.0135496750350311
228.75,50.4188537597656,-0.0194551695369577
230,50.4188537597656,-0.0242652102818221
231.25,50.4188537597656,-0.0259238522330617
232.5,50.4188537597656,-0.029660987071044
233.75,50.4188537597656,-0.0312166374524604
160,51.3612518310547,-0.0293443903728189
161.25,51.3612518310547,-0.0339267707098846
162.5,51.3612518310547,-0.0360774183853852
163.75,51.3612518310547,-0.0368056752362282
165,51.3612518310547,-0.0368612498582118
166.25,51.3612518310547,-0.0356298098077961
167.5,51.3612518310547,-0.0341376632527086
168.75,51.3612518310547,-0.0341571154426706
170,51.3612518310547,-0.035903231953498
171.25,51.3612518310547,-0.0385344164324654
172.5,51.3612518310547,-0.0413666676080027
173.75,51.3612518310547,-0.0439536249419514
175,51.3612518310547,-0.0459305732728353
176.25,51.3612518310547,-0.0464830577609031
177.5,51.3612518310547,-0.0444689659762961
178.75,51.3612518310547,-0.0395621319928758
180,51.3612518310547,-0.0329423330892108
181.25,51.3612518310547,-0.0256571514843525
182.5,51.3612518310547,-0.0182671763822217
183.75,51.3612518310547,-0.0114353234069559
185,51.3612518310547,-0.00708414052539654
186.25,51.3612518310547,-0.00710691214910651
187.5,51.3612518310547,-0.00908753651355469
188.75,51.3612518310547,-0.0100514557739134
190,51.3612518310547,-0.00991330565090388
191.25,51.3612518310547,-0.00939257753340355
192.5,51.3612518310547,-0.00882642570120858
193.75,51.3612518310547,-0.00824818306304958
195,51.3612518310547,-0.00732908992346128
196.25,51.3612518310547,-0.00622075453664149
197.5,51.3612518310547,-0.00533533538281037
198.75,51.3612518310547,-0.0046115972735155
200,51.3612518310547,-0.00367725825511781
201.25,51.3612518310547,-0.00278331899943508
202.5,51.3612518310547,-0.0020345845800162
203.75,51.3612518310547,-0.00188051945024809
205,51.3612518310547,-0.00242358473223372
206.25,51.3612518310547,-0.00355322120066392
207.5,51.3612518310547,-0.00433643411001651
208.75,51.3612518310547,-0.00324548059497039
210,51.3612518310547,-0.000673130800999098
211.25,51.3612518310547,0.00157869861895403
212.5,51.3612518310547,0.00206804132852262
213.75,51.3612518310547,0.000836854976363343
215,51.3612518310547,-0.00113746457287931
216.25,51.3612518310547,-0.00270690939965866
217.5,51.3612518310547,-0.00330208870854519
218.75,51.3612518310547,-0.00302508149096615
220,51.3612518310547,-0.00258195754338827
221.25,51.3612518310547,-0.00289403003104779
222.5,51.3612518310547,-0.00430770440294348
223.75,51.3612518310547,-0.00654771798779309
225,51.3612518310547,-0.00886439481523412
226.25,51.3612518310547,-0.0116984280388304
227.5,51.3612518310547,-0.0154117688503124
228.75,51.3612518310547,-0.0190007252615069
230,51.3612518310547,-0.0215000453256095
231.25,51.3612518310547,-0.0223375793155859
232.5,51.3612518310547,-0.0212525191268009
160,52.3036651611328,-0.0270238117952696
161.25,52.3036651611328,-0.0303803889656049
162.5,52.3036651611328,-0.035587782992905
163.75,52.3036651611328,-0.0387185821459293
165,52.3036651611328,-0.0375046249687864
166.25,52.3036651611328,-0.0342781057169205
167.5,52.3036651611328,-0.0320707209525052
168.75,52.3036651611328,-0.0321849716267211
170,52.3036651611328,-0.0344580635895627
171.25,52.3036651611328,-0.0376583476739649
172.5,52.3036651611328,-0.0407048742410139
173.75,52.3036651611328,-0.0435690277326742
175,52.3036651611328,-0.0456708194555846
176.25,52.3036651611328,-0.0460112381956074
177.5,52.3036651611328,-0.0435476115525636
178.75,52.3036651611328,-0.0377288476028373
180,52.3036651611328,-0.030203054499956
181.25,52.3036651611328,-0.0229475033434049
182.5,52.3036651611328,-0.0165133893265317
183.75,52.3036651611328,-0.0103353711893797
185,52.3036651611328,-0.00630766244295885
186.25,52.3036651611328,-0.00593411413295176
187.5,52.3036651611328,-0.00598751698604794
188.75,52.3036651611328,-0.00572653485949845
190,52.3036651611328,-0.00550563177456044
191.25,52.3036651611328,-0.00605074338077619
192.5,52.3036651611328,-0.00830105748778951
193.75,52.3036651611328,-0.0105934875086416
195,52.3036651611328,-0.0115374447165103
196.25,52.3036651611328,-0.0112409018410663
197.5,52.3036651611328,-0.0108079977462884
198.75,52.3036651611328,-0.0103970805623868
200,52.3036651611328,-0.00970247873288022
201.25,52.3036651611328,-0.00872045749976133
202.5,52.3036651611328,-0.00744641317229072
203.75,52.3036651611328,-0.00606257202369534
205,52.3036651611328,-0.00478825971873181
206.25,52.3036651611328,-0.00358587412066103
207.5,52.3036651611328,-0.00247730516929124
208.75,52.3036651611328,-0.00112648821217447
210,52.3036651611328,0.000618037539130441
211.25,52.3036651611328,0.0018378175750769
212.5,52.3036651611328,0.001394235194687
213.75,52.3036651611328,-0.000440793222957766
215,52.3036651611328,-0.00241069629158436
216.25,52.3036651611328,-0.00379760940018755
217.5,52.3036651611328,-0.00446724313009712
218.75,52.3036651611328,-0.00466390062123992
220,52.3036651611328,-0.004714220539588
221.25,52.3036651611328,-0.0050451832140989
222.5,52.3036651611328,-0.00657588567394031
223.75,52.3036651611328,-0.00921612794957978
225,52.3036651611328,-0.0120666568375689
226.25,52.3036651611328,-0.0145243163437208
227.5,52.3036651611328,-0.0161236457300008
228.75,52.3036651611328,-0.0162756973168501
230,52.3036651611328,-0.0165038481011402
231.25,52.3036651611328,-0.0177580474955306
232.5,52.3036651611328,-0.0188525333574877
160,53.2460784912109,-0.0250203790895886
161.25,53.2460784912109,-0.0250787455692606
162.5,53.2460784912109,-0.0270880931147153
163.75,53.2460784912109,-0.0314919279428781
165,53.2460784912109,-0.0328633741831079
166.25,53.2460784912109,-0.031082409458886
167.5,53.2460784912109,-0.0294899469193306
168.75,53.2460784912109,-0.0295236837948956
170,53.2460784912109,-0.0313469876356847
171.25,53.2460784912109,-0.0340101495259502
172.5,53.2460784912109,-0.0368585066393787
173.75,53.2460784912109,-0.0400132273775168
175,53.2460784912109,-0.0423684599715998
176.25,53.2460784912109,-0.0427906078163696
177.5,53.2460784912109,-0.04047393049001
178.75,53.2460784912109,-0.0346405406968941
180,53.2460784912109,-0.0269613650758267
181.25,53.2460784912109,-0.0199098718470714
182.5,53.2460784912109,-0.0140609648233884
183.75,53.2460784912109,-0.00942924495904983
185,53.2460784912109,-0.00655290791407611
186.25,53.2460784912109,-0.00528423502541335
187.5,53.2460784912109,-0.00435584992102895
188.75,53.2460784912109,-0.00354964461374498
190,53.2460784912109,-0.00278687449767005
191.25,53.2460784912109,-0.00403938299106878
192.5,53.2460784912109,-0.00791321340155901
193.75,53.2460784912109,-0.0124114933478028
195,53.2460784912109,-0.0153836243089317
196.25,53.2460784912109,-0.0164326668953754
197.5,53.2460784912109,-0.0154899316017797
198.75,53.2460784912109,-0.0141302363638891
200,53.2460784912109,-0.012644179901855
201.25,53.2460784912109,-0.0112998345845852
202.5,53.2460784912109,-0.00970855582423795
203.75,53.2460784912109,-0.00767161761115245
205,53.2460784912109,-0.00566668438866909
206.25,53.2460784912109,-0.00387149064722603
207.5,53.2460784912109,-0.00243038263732488
208.75,53.2460784912109,-0.00126245493706584
210,53.2460784912109,-0.000444820580142199
211.25,53.2460784912109,-0.000225429024268571
212.5,53.2460784912109,-0.000913494185150683
213.75,53.2460784912109,-0.00230283753149247
215,53.2460784912109,-0.0035223635269619
216.25,53.2460784912109,-0.00444588166629622
217.5,53.2460784912109,-0.00518366500073198
218.75,53.2460784912109,-0.0058508636452899
220,53.2460784912109,-0.00643120703029369
221.25,53.2460784912109,-0.00733455120415468
222.5,53.2460784912109,-0.00925251479211693
223.75,53.2460784912109,-0.0121104242972191
225,53.2460784912109,-0.0149954099246769
226.25,53.2460784912109,-0.0166396289374319
227.5,53.2460784912109,-0.0165823090415029
228.75,53.2460784912109,-0.0129168487626095
230,53.2460784912109,-0.0110716165345851
231.25,53.2460784912109,-0.0158954832445379
160,54.1884765625,-0.0237779282560191
161.25,54.1884765625,-0.0235352658605956
162.5,54.1884765625,-0.0233076986513297
163.75,54.1884765625,-0.0231846919086278
165,54.1884765625,-0.0229131350308245
166.25,54.1884765625,-0.0227125947079292
167.5,54.1884765625,-0.0226515153653921
168.75,54.1884765625,-0.0235987584900451
170,54.1884765625,-0.0257928202433176
171.25,54.1884765625,-0.0285102182879677
172.5,54.1884765625,-0.0314703150305687
173.75,54.1884765625,-0.0347528171592712
175,54.1884765625,-0.0372566438314184
176.25,54.1884765625,-0.0375745256937609
177.5,54.1884765625,-0.0352014996466859
178.75,54.1884765625,-0.0296148350232485
180,54.1884765625,-0.0221601618149532
181.25,54.1884765625,-0.0154787700106324
182.5,54.1884765625,-0.0107631115245745
183.75,54.1884765625,-0.00773119500151704
185,54.1884765625,-0.0059838097682204
186.25,54.1884765625,-0.00477405954572335
187.5,54.1884765625,-0.00362553328763317
188.75,54.1884765625,-0.00294966362204607
190,54.1884765625,-0.00353087094449962
191.25,54.1884765625,-0.00611715032595913
192.5,54.1884765625,-0.0103548590665087
193.75,54.1884765625,-0.0143840275944294
195,54.1884765625,-0.0183631489587185
196.25,54.1884765625,-0.0216520336056966
197.5,54.1884765625,-0.0223278448950333
198.75,54.1884765625,-0.0209777974791802
200,54.1884765625,-0.0179953919480281
201.25,54.1884765625,-0.0161863342325964
202.5,54.1884765625,-0.0144802489990712
203.75,54.1884765625,-0.012661725204097
205,54.1884765625,-0.0118985142954371
206.25,54.1884765625,-0.0113978405011205
207.5,54.1884765625,-0.00950920392168549
208.75,54.1884765625,-0.00719958707828361
210,54.1884765625,-0.00587000901917095
211.25,54.1884765625,-0.00547467149679083
212.5,54.1884765625,-0.00569366926344194
213.75,54.1884765625,-0.00567891993300441
215,54.1884765625,-0.00572929286457096
216.25,54.1884765625,-0.00627083653508941
217.5,54.1884765625,-0.00720826126110131
218.75,54.1884765625,-0.00806243487421813
220,54.1884765625,-0.00865739225341258
221.25,54.1884765625,-0.00986583301064727
222.5,54.1884765625,-0.0124107602923452
223.75,54.1884765625,-0.0154143639201765
225,54.1884765625,-0.0168104750062673
226.25,54.1884765625,-0.0159034552290029
227.5,54.1884765625,-0.0136768214035899
228.75,54.1884765625,-0.00764902021856859
230,54.1884765625,-0.0047897262288461
161.25,55.1308898925781,-0.0245332151330003
162.5,55.1308898925781,-0.0249595260696109
163.75,55.1308898925781,-0.0240274647350722
165,55.1308898925781,-0.0187118259205438
166.25,55.1308898925781,-0.014047179209981
167.5,55.1308898925781,-0.0141699751185891
168.75,55.1308898925781,-0.0166122843261871
170,55.1308898925781,-0.019592274656617
171.25,55.1308898925781,-0.0227684897852301
172.5,55.1308898925781,-0.0258984461089328
173.75,55.1308898925781,-0.0285340201163137
175,55.1308898925781,-0.0300750634718092
176.25,55.1308898925781,-0.0303886348967659
177.5,55.1308898925781,-0.0289750322247594
178.75,55.1308898925781,-0.0245409919819054
180,55.1308898925781,-0.0180902111048183
181.25,55.1308898925781,-0.0123902149234192
182.5,55.1308898925781,-0.00842250997621667
183.75,55.1308898925781,-0.00626616868024576
185,55.1308898925781,-0.005177499561331
186.25,55.1308898925781,-0.00416367079332209
187.5,55.1308898925781,-0.0033381497978407
188.75,55.1308898925781,-0.00344787324822071
190,55.1308898925781,-0.00509192095609661
191.25,55.1308898925781,-0.00839727548824372
192.5,55.1308898925781,-0.0128640614547614
193.75,55.1308898925781,-0.0169999294298306
195,55.1308898925781,-0.0207195176187106
196.25,55.1308898925781,-0.0223811737760538
197.5,55.1308898925781,-0.0253149483095521
198.75,55.1308898925781,-0.0265616193955001
200,55.1308898925781,-0.024510477825309
201.25,55.1308898925781,-0.0235561146580676
202.5,55.1308898925781,-0.021888264019784
203.75,55.1308898925781,-0.0191817008732212
205,55.1308898925781,-0.0185006919496132
206.25,55.1308898925781,-0.0196359779410264
207.5,55.1308898925781,-0.0200987491284642
208.75,55.1308898925781,-0.0185010373830995
210,55.1308898925781,-0.0150664359568714
211.25,55.1308898925781,-0.0124363096445843
212.5,55.1308898925781,-0.0112798942194469
213.75,55.1308898925781,-0.0104285878464565
215,55.1308898925781,-0.00971368962834032
216.25,55.1308898925781,-0.00942611167701831
217.5,55.1308898925781,-0.00994212669117962
218.75,55.1308898925781,-0.0106589471888188
220,55.1308898925781,-0.0115044372745668
221.25,55.1308898925781,-0.0130664817771529
222.5,55.1308898925781,-0.0157411229949262
223.75,55.1308898925781,-0.0175625607289031
225,55.1308898925781,-0.0168669414421045
226.25,55.1308898925781,-0.0132160194024291
227.5,55.1308898925781,-0.00823645042264966
228.75,55.1308898925781,-0.00537771432323745
230,55.1308898925781,-0.00478972637276795
161.25,56.0733032226562,-0.0254266390805268
162.5,56.0733032226562,-0.02858142774392
163.75,56.0733032226562,-0.0291541596725561
165,56.0733032226562,-0.0229565886400687
166.25,56.0733032226562,-0.0132125929086325
167.5,56.0733032226562,-0.00775515180643763
168.75,56.0733032226562,-0.00810268934051156
170,56.0733032226562,-0.0114167079871782
171.25,56.0733032226562,-0.0155144396676586
172.5,56.0733032226562,-0.0193838394692422
173.75,56.0733032226562,-0.0223971978285136
175,56.0733032226562,-0.0242756772027843
176.25,56.0733032226562,-0.0248160316653495
177.5,56.0733032226562,-0.0233403565731749
178.75,56.0733032226562,-0.0191878724189217
180,56.0733032226562,-0.013735119758953
181.25,56.0733032226562,-0.00914625473534357
182.5,56.0733032226562,-0.00654173783555083
183.75,56.0733032226562,-0.00584043221848181
185,56.0733032226562,-0.00558552073634491
186.25,56.0733032226562,-0.00512163216413664
187.5,56.0733032226562,-0.00518749629734667
188.75,56.0733032226562,-0.00613780798992464
190,56.0733032226562,-0.00772865230879371
191.25,56.0733032226562,-0.0101200232513408
192.5,56.0733032226562,-0.0137799358817473
193.75,56.0733032226562,-0.0171407765957792
195,56.0733032226562,-0.019441482052149
196.25,56.0733032226562,-0.0199360593023681
197.5,56.0733032226562,-0.0191935296641975
198.75,56.0733032226562,-0.018496739569714
200,56.0733032226562,-0.0245130653590045
201.25,56.0733032226562,-0.0282975132590913
202.5,56.0733032226562,-0.0268699264319892
203.75,56.0733032226562,-0.024923156487835
205,56.0733032226562,-0.0230486093989943
206.25,56.0733032226562,-0.0237328126052215
207.5,56.0733032226562,-0.0252597655911236
208.75,56.0733032226562,-0.0248449397433522
210,56.0733032226562,-0.0220590668898427
211.25,56.0733032226562,-0.0189029924097756
212.5,56.0733032226562,-0.0164849485183312
213.75,56.0733032226562,-0.0146188065745919
215,56.0733032226562,-0.013472887190158
216.25,56.0733032226562,-0.0130402879264326
217.5,56.0733032226562,-0.0129775284065138
218.75,56.0733032226562,-0.013232209269414
220,56.0733032226562,-0.0143016511119986
221.25,56.0733032226562,-0.0165956929234623
222.5,56.0733032226562,-0.0184192527802657
223.75,56.0733032226562,-0.0181246377343166
225,56.0733032226562,-0.0170878346484796
226.25,56.0733032226562,-0.0163923504514321
227.5,56.0733032226562,-0.00850770821283762
162.5,57.0157012939453,-0.0353349783562794
163.75,57.0157012939453,-0.0348970721871579
165,57.0157012939453,-0.0306938184560955
166.25,57.0157012939453,-0.0223539465988781
167.5,57.0157012939453,-0.0143695714830614
168.75,57.0157012939453,-0.010713383536075
170,57.0157012939453,-0.0111242662495797
171.25,57.0157012939453,-0.0136679535062205
172.5,57.0157012939453,-0.0164233769338007
173.75,57.0157012939453,-0.0181912074560533
175,57.0157012939453,-0.0188492079541779
176.25,57.0157012939453,-0.0189912168865221
177.5,57.0157012939453,-0.0181226636697332
178.75,57.0157012939453,-0.0148606085976633
180,57.0157012939453,-0.0102318887888789
181.25,57.0157012939453,-0.00680110110441189
182.5,57.0157012939453,-0.00571976172602032
183.75,57.0157012939453,-0.00643156170211834
185,57.0157012939453,-0.00751187578196185
186.25,57.0157012939453,-0.00831687023118193
187.5,57.0157012939453,-0.00900104007335516
188.75,57.0157012939453,-0.00990278454379752
190,57.0157012939453,-0.0116057275916623
191.25,57.0157012939453,-0.0118094214965625
192.5,57.0157012939453,-0.014741657321467
193.75,57.0157012939453,-0.0181757565699945
195,57.0157012939453,-0.0200453071360852
196.25,57.0157012939453,-0.0207115017938988
197.5,57.0157012939453,-0.0201880191192804
198.75,57.0157012939453,-0.0190673927786052
200,57.0157012939453,-0.0180277956043284
201.25,57.0157012939453,-0.0185437697029567
202.5,57.0157012939453,-0.0279795147286003
203.75,57.0157012939453,-0.0286838452257559
205,57.0157012939453,-0.0267026326674967
206.25,57.0157012939453,-0.0263187675127947
207.5,57.0157012939453,-0.0281908950955626
208.75,57.0157012939453,-0.0280274802560803
210,57.0157012939453,-0.024943114121637
211.25,57.0157012939453,-0.0214022110478476
212.5,57.0157012939453,-0.0191561793877181
213.75,57.0157012939453,-0.0174020905483298
215,57.0157012939453,-0.0160515768545639
216.25,57.0157012939453,-0.0153577948254633
217.5,57.0157012939453,-0.0154241625000002
218.75,57.0157012939453,-0.016345309421731
220,57.0157012939453,-0.0179927450254533
221.25,57.0157012939453,-0.0194804331102953
222.5,57.0157012939453,-0.0192631740412012
223.75,57.0157012939453,-0.0183971676838367
225,57.0157012939453,-0.0177459373302249
226.25,57.0157012939453,-0.0170531834537898
162.5,57.9581146240234,-0.0389492904204544
163.75,57.9581146240234,-0.039158296832713
165,57.9581146240234,-0.0377545206927703
166.25,57.9581146240234,-0.0336808736293626
167.5,57.9581146240234,-0.0291274429310593
168.75,57.9581146240234,-0.0262845579553376
170,57.9581146240234,-0.0248749637745184
171.25,57.9581146240234,-0.0238006898141564
172.5,57.9581146240234,-0.0227566916711166
173.75,57.9581146240234,-0.0214025445257634
175,57.9581146240234,-0.0197919799815653
176.25,57.9581146240234,-0.0177410175101266
177.5,57.9581146240234,-0.0141184828879971
178.75,57.9581146240234,-0.0099754639491438
180,57.9581146240234,-0.00723630088507107
181.25,57.9581146240234,-0.00612074851369372
182.5,57.9581146240234,-0.00644611070701388
183.75,57.9581146240234,-0.00820626069660511
185,57.9581146240234,-0.0103873933498062
186.25,57.9581146240234,-0.0120620526113162
187.5,57.9581146240234,-0.0118833959877772
188.75,57.9581146240234,-0.0119824240047222
190,57.9581146240234,-0.0129382426422381
191.25,57.9581146240234,-0.0127085426525466
192.5,57.9581146240234,-0.0146097710191535
193.75,57.9581146240234,-0.0173383790354463
195,57.9581146240234,-0.0200947158744067
196.25,57.9581146240234,-0.0220643425143834
197.5,57.9581146240234,-0.0211597632012373
198.75,57.9581146240234,-0.0195426405008071
200,57.9581146240234,-0.01881541350788
201.25,57.9581146240234,-0.0191098201148219
202.5,57.9581146240234,-0.0190909213062384
203.75,57.9581146240234,-0.0288883266587486
206.25,57.9581146240234,-0.0310118221442111
207.5,57.9581146240234,-0.0303341608554627
208.75,57.9581146240234,-0.0291635598188676
210,57.9581146240234,-0.0266965646515362
211.25,57.9581146240234,-0.0236652541049161
212.5,57.9581146240234,-0.0211858973970631
213.75,57.9581146240234,-0.01906563589018
215,57.9581146240234,-0.0176370530966216
216.25,57.9581146240234,-0.0172250052584539
217.5,57.9581146240234,-0.0180210493000876
218.75,57.9581146240234,-0.0199573451881832
220,57.9581146240234,-0.0211695394027206
221.25,57.9581146240234,-0.020724997327723
222.5,57.9581146240234,-0.0201122247200519
223.75,57.9581146240234,-0.0198921225829502
225,57.9581146240234,-0.0184490490592934
160,58.9005279541016,-0.0163072059785431
161.25,58.9005279541016,-0.0157484814575084
162.5,58.9005279541016,-0.0416380998008279
163.75,58.9005279541016,-0.0420706677638062
165,58.9005279541016,-0.0428498426054813
166.25,58.9005279541016,-0.0408691548680067
167.5,58.9005279541016,-0.0379856224260296
168.75,58.9005279541016,-0.0357493173509367
170,58.9005279541016,-0.0336329022467195
171.25,58.9005279541016,-0.0313240003210635
172.5,58.9005279541016,-0.0288435105139139
173.75,58.9005279541016,-0.0255233978313344
175,58.9005279541016,-0.0209232545071093
176.25,58.9005279541016,-0.0157467534188761
177.5,58.9005279541016,-0.011289810580905
178.75,58.9005279541016,-0.00834569521478455
180,58.9005279541016,-0.00703956618412546
181.25,58.9005279541016,-0.00706422047763498
182.5,58.9005279541016,-0.0084303812913126
183.75,58.9005279541016,-0.0113889582262994
185,58.9005279541016,-0.014951709463861
186.25,58.9005279541016,-0.0166901413330407
187.5,58.9005279541016,-0.0152166283718392
188.75,58.9005279541016,-0.0128100027182564
190,58.9005279541016,-0.0122448021196154
191.25,58.9005279541016,-0.0118447064579804
192.5,58.9005279541016,-0.0126403867494797
193.75,58.9005279541016,-0.014919129395445
195,58.9005279541016,-0.0181203117737853
196.25,58.9005279541016,-0.0197481848854427
197.5,58.9005279541016,-0.018894352808129
198.75,58.9005279541016,-0.0195961031887093
200,58.9005279541016,-0.0188538311570163
201.25,58.9005279541016,-0.0193240340704772
202.5,58.9005279541016,-0.0191728179212411
206.25,58.9005279541016,-0.0310960104958607
207.5,58.9005279541016,-0.0307612304035713
208.75,58.9005279541016,-0.0294731362016311
210,58.9005279541016,-0.0277040856330727
211.25,58.9005279541016,-0.0261264301760384
212.5,58.9005279541016,-0.0249263919819646
213.75,58.9005279541016,-0.022456136443806
215,58.9005279541016,-0.0203783997855861
216.25,58.9005279541016,-0.0205952325716629
217.5,58.9005279541016,-0.0221587238373861
218.75,58.9005279541016,-0.0233962701689664
220,58.9005279541016,-0.0234681081377452
221.25,58.9005279541016,-0.0228475041556595
222.5,58.9005279541016,-0.0218098072448916
160,59.8429260253906,-0.017773776732567
161.25,59.8429260253906,-0.0201002486897146
162.5,59.8429260253906,-0.0207571622958504
163.75,59.8429260253906,-0.0421589720998048
165,59.8429260253906,-0.0449873341804456
166.25,59.8429260253906,-0.0441164662800758
167.5,59.8429260253906,-0.0429613009427837
168.75,59.8429260253906,-0.042099318482004
170,59.8429260253906,-0.0389735443912982
171.25,59.8429260253906,-0.037133194949256
172.5,59.8429260253906,-0.0342052177046425
173.75,59.8429260253906,-0.0298331137097739
175,59.8429260253906,-0.0242839501670798
176.25,59.8429260253906,-0.0184289791260172
177.5,59.8429260253906,-0.0134673187637792
178.75,59.8429260253906,-0.0101657474169892
180,59.8429260253906,-0.00896698282300252
181.25,59.8429260253906,-0.00960897451204921
182.5,59.8429260253906,-0.0117964384905783
183.75,59.8429260253906,-0.0151383696928579
185,59.8429260253906,-0.0177199639227982
186.25,59.8429260253906,-0.0187335082060941
187.5,59.8429260253906,-0.0171639711079753
188.75,59.8429260253906,-0.014019001041204
190,59.8429260253906,-0.0128642860761076
191.25,59.8429260253906,-0.0123270145736734
192.5,59.8429260253906,-0.0125634916047131
193.75,59.8429260253906,-0.0150611068458479
195,59.8429260253906,-0.0174747435343925
196.25,59.8429260253906,-0.0185142406887576
197.5,59.8429260253906,-0.0176413339222693
198.75,59.8429260253906,-0.0172034463669372
206.25,59.8429260253906,-0.0310989592425544
207.5,59.8429260253906,-0.031014297719923
208.75,59.8429260253906,-0.0299266290370371
210,59.8429260253906,-0.0293855061622583
211.25,59.8429260253906,-0.0275610557125338
212.5,59.8429260253906,-0.0280505052096548
213.75,59.8429260253906,-0.0267183923670643
215,59.8429260253906,-0.0232172045111686
216.25,59.8429260253906,-0.0231092204152057
217.5,59.8429260253906,-0.0251405008543033
218.75,59.8429260253906,-0.0265517366706447
220,59.8429260253906,-0.0262010476977181
221.25,59.8429260253906,-0.0253764464519986
160,60.7853393554688,-0.0263453714030403
161.25,60.7853393554688,-0.0253056089041302
162.5,60.7853393554688,-0.025489898441053
167.5,60.7853393554688,-0.0447025193824845
168.75,60.7853393554688,-0.0442615081344521
170,60.7853393554688,-0.044211979472204
171.25,60.7853393554688,-0.0387270221200634
172.5,60.7853393554688,-0.0370387634987149
173.75,60.7853393554688,-0.0339377675061478
175,60.7853393554688,-0.0289350261501899
176.25,60.7853393554688,-0.0235792954783531
177.5,60.7853393554688,-0.0185431206436938
178.75,60.7853393554688,-0.0146773493379239
180,60.7853393554688,-0.0127915988720258
181.25,60.7853393554688,-0.0118426032499464
182.5,60.7853393554688,-0.013340703058623
183.75,60.7853393554688,-0.0150860697065646
185,60.7853393554688,-0.0146728016157444
186.25,60.7853393554688,-0.0147226991020194
187.5,60.7853393554688,-0.0159994446498447
188.75,60.7853393554688,-0.0145553617681593
190,60.7853393554688,-0.0144823057111749
191.25,60.7853393554688,-0.0140413793342188
192.5,60.7853393554688,-0.0122534961077753
193.75,60.7853393554688,-0.0109419512252139
195,60.7853393554688,-0.0108395453515597
212.5,60.7853393554688,-0.028469743586363
213.75,60.7853393554688,-0.0278214347610095
215,60.7853393554688,-0.0237474655077904
216.25,60.7853393554688,-0.022764668502877
160,61.7277526855469,-0.0375503040902973
173.75,61.7277526855469,-0.0341136675957405
175,61.7277526855469,-0.0286993771719127
176.25,61.7277526855469,-0.0248800222700117
177.5,61.7277526855469,-0.022659944253979
178.75,61.7277526855469,-0.0188451885466348
180,61.7277526855469,-0.0145618524082593
181.25,61.7277526855469,-0.00970387259466567
182.5,61.7277526855469,-0.00896854232039272
183.75,61.7277526855469,-0.0103516096756526
185,61.7277526855469,-0.0108032228881593
186.25,61.7277526855469,-0.0115672017696295
187.5,61.7277526855469,-0.01223703438915
188.75,61.7277526855469,-0.0115703641885522
190,61.7277526855469,-0.0117887236539666
191.25,61.7277526855469,-0.0106755191303807
192.5,61.7277526855469,-0.00721369265234514
193.75,61.7277526855469,-0.00593076403064478
195,61.7277526855469,-0.00907294552937349
175,62.6701507568359,-0.026903746412887
176.25,62.6701507568359,-0.0258395168459016
177.5,62.6701507568359,-0.032614824486957
178.75,62.6701507568359,-0.0309055563762229
180,62.6701507568359,-0.0229553569269313
181.25,62.6701507568359,-0.0144346838933552
182.5,62.6701507568359,-0.0114949637517963
183.75,62.6701507568359,-0.0117070054437428
185,62.6701507568359,-0.0124829987284205
186.25,62.6701507568359,-0.0132707528100147
187.5,62.6701507568359,-0.0131685050118445
188.75,62.6701507568359,-0.0118255295617846
190,62.6701507568359,-0.01005718908659
191.25,62.6701507568359,-0.00674372303218913
192.5,62.6701507568359,-0.00268916487600305
193.75,62.6701507568359,-0.00219278185258246
195,62.6701507568359,-0.00218367069031174
196.25,62.6701507568359,-0.00520436820335041
197.5,62.6701507568359,-0.00520437260434409
178.75,63.6125640869141,-0.0402029628591617
180,63.6125640869141,-0.0380407471983952
181.25,63.6125640869141,-0.0298294931428714
182.5,63.6125640869141,-0.0232519117217348
183.75,63.6125640869141,-0.0198299874440011
185,63.6125640869141,-0.018999198808169
186.25,63.6125640869141,-0.0198203085794571
187.5,63.6125640869141,-0.0211377093464181
188.75,63.6125640869141,-0.0202183527749655
190,63.6125640869141,-0.0140033835852939
191.25,63.6125640869141,-0.00527191337196821
192.5,63.6125640869141,-0.000153408488581758
193.75,63.6125640869141,-0.000581920814249277
195,63.6125640869141,-0.00251830936106935
196.25,63.6125640869141,-0.00446203071136313
197.5,63.6125640869141,-0.00509957442867217
178.75,64.5549774169922,-0.0390294108381017
180,64.5549774169922,-0.0390710979687739
181.25,64.5549774169922,-0.0362501270237578
182.5,64.5549774169922,-0.0333929374106334
183.75,64.5549774169922,-0.0305079586603119
185,64.5549774169922,-0.0287537501837366
186.25,64.5549774169922,-0.0285366077237701
187.5,64.5549774169922,-0.0280511391553654
188.75,64.5549774169922,-0.0229830881675242
190,64.5549774169922,-0.0143964896469174
191.25,64.5549774169922,-0.00360723045195765
192.5,64.5549774169922,0.000698185378785496
193.75,64.5549774169922,-0.00136938484382022
195,64.5549774169922,-0.00298082711422569
196.25,64.5549774169922,-0.00402890667219709
197.5,64.5549774169922,-0.0050407027321597
180,65.4973907470703,-0.0389936187971095
181.25,65.4973907470703,-0.0365072625012372
182.5,65.4973907470703,-0.0347368675771289
183.75,65.4973907470703,-0.0325575623060485
185,65.4973907470703,-0.0320358434325455
188.75,65.4973907470703,-0.0174461301430005
190,65.4973907470703,-0.011377477832477
191.25,65.4973907470703,-0.00584481436219297
192.5,65.4973907470703,-0.00242513438873454
193.75,65.4973907470703,-0.00154838865378536
