"lon","lat","beta"
160,20.2617797851562,0.00929676474329504
161.25,20.2617797851562,0.00933628870639902
162.5,20.2617797851562,0.00962481007796567
163.75,20.2617797851562,0.0103413237198245
165,20.2617797851562,0.0111311307398926
166.25,20.2617797851562,0.0119819543010433
167.5,20.2617797851562,0.01335785400161
168.75,20.2617797851562,0.0144564052018029
170,20.2617797851562,0.0154784103311485
171.25,20.2617797851562,0.016748637753407
172.5,20.2617797851562,0.0174619087317961
173.75,20.2617797851562,0.0174120073696375
175,20.2617797851562,0.0167195062533912
176.25,20.2617797851562,0.0155018527954263
177.5,20.2617797851562,0.01453618603163
178.75,20.2617797851562,0.0138102817690185
180,20.2617797851562,0.0132464085910572
181.25,20.2617797851562,0.0123655381828712
182.5,20.2617797851562,0.0116712145499046
183.75,20.2617797851562,0.011443406398581
185,20.2617797851562,0.0118934271797695
186.25,20.2617797851562,0.0131115018896596
187.5,20.2617797851562,0.01447102722201
188.75,20.2617797851562,0.0152341265615148
190,20.2617797851562,0.0152573933357926
191.25,20.2617797851562,0.0153278665490254
192.5,20.2617797851562,0.0152184708158538
193.75,20.2617797851562,0.0138527553009725
195,20.2617797851562,0.0104387278980315
196.25,20.2617797851562,0.00605713078807895
197.5,20.2617797851562,0.00187626782410998
198.75,20.2617797851562,-0.00178884939484574
200,20.2617797851562,-0.0050129427730572
201.25,20.2617797851562,-0.00741046517827512
202.5,20.2617797851562,-0.00866162753135162
203.75,20.2617797851562,-0.0114326502560477
205,20.2617797851562,-0.0179565115004315
206.25,20.2617797851562,-0.0295519378052148
207.5,20.2617797851562,-0.0397175684307251
208.75,20.2617797851562,-0.0469058632999153
210,20.2617797851562,-0.050835823718305
211.25,20.2617797851562,-0.0518770611599706
212.5,20.2617797851562,-0.051305507949464
213.75,20.2617797851562,-0.0490399905558003
215,20.2617797851562,-0.0449183299277026
216.25,20.2617797851562,-0.0408474584702879
217.5,20.2617797851562,-0.0369661019248366
218.75,20.2617797851562,-0.0333381849158475
220,20.2617797851562,-0.029621229908647
221.25,20.2617797851562,-0.0255613707935856
222.5,20.2617797851562,-0.0212669454698973
223.75,20.2617797851562,-0.0175404318578737
225,20.2617797851562,-0.0142564814289016
226.25,20.2617797851562,-0.0112630604533259
227.5,20.2617797851562,-0.00899224523101592
228.75,20.2617797851562,-0.00677135053399954
230,20.2617797851562,-0.00420934067388915
231.25,20.2617797851562,-0.00106607689806202
232.5,20.2617797851562,0.00192009283550655
233.75,20.2617797851562,0.00453054250862405
235,20.2617797851562,0.0069839908848055
236.25,20.2617797851562,0.00852568084727937
237.5,20.2617797851562,0.00883053181380648
238.75,20.2617797851562,0.00828442994848167
240,20.2617797851562,0.00636651206759631
241.25,20.2617797851562,0.00402269445827685
242.5,20.2617797851562,0.00218809109002442
243.75,20.2617797851562,0.00288671198836368
245,20.2617797851562,0.00855372858729642
246.25,20.2617797851562,0.0186503194726479
247.5,20.2617797851562,0.0243175799984879
248.75,20.2617797851562,0.0248313794688091
250,20.2617797851562,0.0237265311234152
160,21.2041854858398,0.00847473987813703
161.25,21.2041854858398,0.00822510291163296
162.5,21.2041854858398,0.0075578246649885
163.75,21.2041854858398,0.00710704681929411
165,21.2041854858398,0.00705487031294428
166.25,21.2041854858398,0.00768260288974646
167.5,21.2041854858398,0.00929428548211394
168.75,21.2041854858398,0.0107647048930743
170,21.2041854858398,0.0123357520711011
171.25,21.2041854858398,0.0141996954927371
172.5,21.2041854858398,0.0156000409818629
173.75,21.2041854858398,0.0163832711532376
175,21.2041854858398,0.0165071736293454
176.25,21.2041854858398,0.0159783346447824
177.5,21.2041854858398,0.0148747877071897
178.75,21.2041854858398,0.0135162581455646
180,21.2041854858398,0.0121309057360257
181.25,21.2041854858398,0.0108997356178521
182.5,21.2041854858398,0.0101352152270063
183.75,21.2041854858398,0.00970561517650858
185,21.2041854858398,0.00961760279765757
186.25,21.2041854858398,0.0100381114971716
187.5,21.2041854858398,0.0110969459498646
188.75,21.2041854858398,0.0119414211534811
190,21.2041854858398,0.0121798813409826
191.25,21.2041854858398,0.0132897559449197
192.5,21.2041854858398,0.0147505489507434
193.75,21.2041854858398,0.0140196036269634
195,21.2041854858398,0.0111112270271548
196.25,21.2041854858398,0.00696245592797862
197.5,21.2041854858398,0.00274980686655037
198.75,21.2041854858398,-0.00137093491489788
200,21.2041854858398,-0.00505898208340254
201.25,21.2041854858398,-0.00772196898453421
202.5,21.2041854858398,-0.00894819242242534
203.75,21.2041854858398,-0.0121046088501106
205,21.2041854858398,-0.0174195153741753
206.25,21.2041854858398,-0.0247338817971809
207.5,21.2041854858398,-0.0330894407085867
208.75,21.2041854858398,-0.0407210799686296
210,21.2041854858398,-0.0465634592479553
211.25,21.2041854858398,-0.050139456797439
212.5,21.2041854858398,-0.0515839013715569
213.75,21.2041854858398,-0.0507875243241724
215,21.2041854858398,-0.0481030635334861
216.25,21.2041854858398,-0.0444237293348894
217.5,21.2041854858398,-0.0407157842393926
218.75,21.2041854858398,-0.0374541702262031
220,21.2041854858398,-0.0342492277349502
221.25,21.2041854858398,-0.0308680747623101
222.5,21.2041854858398,-0.0270976757414126
223.75,21.2041854858398,-0.02320609668385
225,21.2041854858398,-0.0195927854530125
226.25,21.2041854858398,-0.0163912995816325
227.5,21.2041854858398,-0.0138849782470428
228.75,21.2041854858398,-0.0113530696638676
230,21.2041854858398,-0.00806396885655317
231.25,21.2041854858398,-0.00328183603779406
232.5,21.2041854858398,0.00233244283726443
233.75,21.2041854858398,0.00759582211635207
235,21.2041854858398,0.0126868268721498
236.25,21.2041854858398,0.0165719452379355
237.5,21.2041854858398,0.0180170178137329
238.75,21.2041854858398,0.014697203189211
240,21.2041854858398,0.00833651704504627
241.25,21.2041854858398,0.00341807002687969
242.5,21.2041854858398,0.000440240937293114
243.75,21.2041854858398,0.00080323244018852
245,21.2041854858398,0.0074223091079712
246.25,21.2041854858398,0.0170949225233815
247.5,21.2041854858398,0.0228789869830859
248.75,21.2041854858398,0.0252225200898876
250,21.2041854858398,0.0249745058553853
160,22.146598815918,0.008782468388141
161.25,22.146598815918,0.00747356455827335
162.5,22.146598815918,0.00586451684474819
163.75,22.146598815918,0.00450508983301374
165,22.146598815918,0.00373415248759529
166.25,22.146598815918,0.00386865618306724
167.5,22.146598815918,0.00495710188365991
168.75,22.146598815918,0.00613360963725092
170,22.146598815918,0.00773401189305654
171.25,22.146598815918,0.010343227653455
172.5,22.146598815918,0.0123889554762743
173.75,22.146598815918,0.0138583062637334
175,22.146598815918,0.0150223735427851
176.25,22.146598815918,0.0158197448955155
177.5,22.146598815918,0.0156193082648643
178.75,22.146598815918,0.0143458273116417
180,22.146598815918,0.0126323879893534
181.25,22.146598815918,0.0108274363909473
182.5,22.146598815918,0.00959569121829992
183.75,22.146598815918,0.00865712764031723
185,22.146598815918,0.00817050408680767
186.25,22.146598815918,0.00836964398064762
187.5,22.146598815918,0.0092345648636306
188.75,22.146598815918,0.0102599935063705
190,22.146598815918,0.0108507978025742
191.25,22.146598815918,0.0108316531089877
192.5,22.146598815918,0.0110703038364368
193.75,22.146598815918,0.00984058531987825
195,22.146598815918,0.00761313899253616
196.25,22.146598815918,0.00468222703754789
197.5,22.146598815918,0.000952638211418373
198.75,22.146598815918,-0.00301671827127016
200,22.146598815918,-0.00623808950242783
201.25,22.146598815918,-0.00841546187285146
202.5,22.146598815918,-0.010385711314372
203.75,22.146598815918,-0.0134582830980717
205,22.146598815918,-0.0170048415466693
206.25,22.146598815918,-0.0210680579711761
207.5,22.146598815918,-0.0261021564640227
208.75,22.146598815918,-0.031783048989455
210,22.146598815918,-0.0373534257933295
211.25,22.146598815918,-0.0421619185357819
212.5,22.146598815918,-0.0459199623376304
213.75,22.146598815918,-0.0478865032583961
215,22.146598815918,-0.0480865683199585
216.25,22.146598815918,-0.0456392613120698
217.5,22.146598815918,-0.0420962927991002
218.75,22.146598815918,-0.0385859610035496
220,22.146598815918,-0.0355310194158789
221.25,22.146598815918,-0.032859698184666
222.5,22.146598815918,-0.0301494013013064
223.75,22.146598815918,-0.0275113298589358
225,22.146598815918,-0.0250886204688484
226.25,22.146598815918,-0.0223760118499537
227.5,22.146598815918,-0.0199067449566814
228.75,22.146598815918,-0.0170756148669441
230,22.146598815918,-0.0128454865281328
231.25,22.146598815918,-0.00714583267141432
232.5,22.146598815918,-0.000425679635744836
233.75,22.146598815918,0.00565883189961823
235,22.146598815918,0.0117197868038265
236.25,22.146598815918,0.0173324781738952
237.5,22.146598815918,0.0193467395116602
238.75,22.146598815918,0.014144231245756
240,22.146598815918,0.00572917870387549
241.25,22.146598815918,0.00034593957056234
242.5,22.146598815918,-0.00134280325723236
243.75,22.146598815918,0.00107374429472373
245,22.146598815918,0.00796513480964571
246.25,22.146598815918,0.0147922833429369
247.5,22.146598815918,0.0192937316660666
248.75,22.146598815918,0.0233850789087066
250,22.146598815918,0.0255697208280327
160,23.0890045166016,0.00991161597885618
161.25,23.0890045166016,0.00704686663867952
162.5,23.0890045166016,0.00406907155212397
163.75,23.0890045166016,0.00199975461390582
165,23.0890045166016,0.000973761911355189
166.25,23.0890045166016,0.0010963727568095
167.5,23.0890045166016,0.00158328294930711
168.75,23.0890045166016,0.00193959641792488
170,23.0890045166016,0.00325010890788577
171.25,23.0890045166016,0.00593864409728709
172.5,23.0890045166016,0.0085080303260478
173.75,23.0890045166016,0.0106231121317397
175,23.0890045166016,0.0127131863002023
176.25,23.0890045166016,0.0146222560938542
177.5,23.0890045166016,0.0154346036376144
178.75,23.0890045166016,0.0148911061770375
180,23.0890045166016,0.0134133955459228
181.25,23.0890045166016,0.011471154034503
182.5,23.0890045166016,0.0095533179462719
183.75,23.0890045166016,0.00807254589386774
185,23.0890045166016,0.0072446593961386
186.25,23.0890045166016,0.00718577840902181
187.5,23.0890045166016,0.0076385272622135
188.75,23.0890045166016,0.00838032437005107
190,23.0890045166016,0.00935939377469278
191.25,23.0890045166016,0.00942918025286802
192.5,23.0890045166016,0.00888964910889697
193.75,23.0890045166016,0.00705681979726372
195,23.0890045166016,0.00466190385282805
196.25,23.0890045166016,0.00198636675970197
197.5,23.0890045166016,-0.00113781975143779
198.75,23.0890045166016,-0.00443499121797852
200,23.0890045166016,-0.00709654160423595
201.25,23.0890045166016,-0.00890593509076597
202.5,23.0890045166016,-0.0109082241068364
203.75,23.0890045166016,-0.013698605579046
205,23.0890045166016,-0.0163002140449886
206.25,23.0890045166016,-0.0186039365335482
207.5,23.0890045166016,-0.0215767549929059
208.75,23.0890045166016,-0.0249631044574162
210,23.0890045166016,-0.0282253111354781
211.25,23.0890045166016,-0.0312909912987839
212.5,23.0890045166016,-0.0348322752224211
213.75,23.0890045166016,-0.0385627184171742
215,23.0890045166016,-0.042289200270033
216.25,23.0890045166016,-0.0430711863603646
217.5,23.0890045166016,-0.0416283494657662
218.75,23.0890045166016,-0.0385249950923329
220,23.0890045166016,-0.0351384963347705
221.25,23.0890045166016,-0.0323438284264274
222.5,23.0890045166016,-0.0303701863712565
223.75,23.0890045166016,-0.0288762766837718
225,23.0890045166016,-0.0276582569974929
226.25,23.0890045166016,-0.0261617077578638
227.5,23.0890045166016,-0.0244493492905638
228.75,23.0890045166016,-0.0221421313461091
230,23.0890045166016,-0.0175182111126697
231.25,23.0890045166016,-0.011200206695168
232.5,23.0890045166016,-0.00451393099606468
233.75,23.0890045166016,0.00111549892937902
235,23.0890045166016,0.00580516352113197
236.25,23.0890045166016,0.0109118788953421
237.5,23.0890045166016,0.0131032598116564
238.75,23.0890045166016,0.00893833606033339
240,23.0890045166016,0.0017225699879898
241.25,23.0890045166016,-0.00240928960290065
242.5,23.0890045166016,-0.00155054220065218
243.75,23.0890045166016,0.00289695693922928
245,23.0890045166016,0.00873562002142136
246.25,23.0890045166016,0.0138378175309508
247.5,23.0890045166016,0.0163987282396188
248.75,23.0890045166016,0.0193619076673978
250,23.0890045166016,0.0237208018336128
160,24.0314178466797,0.00942114999383642
161.25,24.0314178466797,0.00602913557250561
162.5,24.0314178466797,0.00231533080455135
163.75,24.0314178466797,-0.000387190169726057
165,24.0314178466797,-0.00146146098688505
166.25,24.0314178466797,-0.00141488058535218
167.5,24.0314178466797,-0.00104395658519606
168.75,24.0314178466797,-0.000888992923136236
170,24.0314178466797,-3.92382307795402e-05
171.25,24.0314178466797,0.00225736232798817
172.5,24.0314178466797,0.00507155345108768
173.75,24.0314178466797,0.00764419753653481
175,24.0314178466797,0.0101258809566185
176.25,24.0314178466797,0.0124352567636989
177.5,24.0314178466797,0.0140960946538994
178.75,24.0314178466797,0.014288849247947
180,24.0314178466797,0.0132255915595179
181.25,24.0314178466797,0.0115754185561866
182.5,24.0314178466797,0.00917658515260594
183.75,24.0314178466797,0.00706506666277012
185,24.0314178466797,0.00584271950473666
186.25,24.0314178466797,0.00544412550476539
187.5,24.0314178466797,0.00562541486324581
188.75,24.0314178466797,0.00614861338663731
190,24.0314178466797,0.00653162804818184
191.25,24.0314178466797,0.00645274692275065
192.5,24.0314178466797,0.0071589400879744
193.75,24.0314178466797,0.00667164281993402
195,24.0314178466797,0.00430545237450835
196.25,24.0314178466797,0.0013976657771448
197.5,24.0314178466797,-0.00147086050424221
198.75,24.0314178466797,-0.00383268107860557
200,24.0314178466797,-0.00570712760768353
201.25,24.0314178466797,-0.00722707619582018
202.5,24.0314178466797,-0.00930020856901977
203.75,24.0314178466797,-0.0118831181466677
205,24.0314178466797,-0.0142787933797696
206.25,24.0314178466797,-0.0164748597375077
207.5,24.0314178466797,-0.0189831088151247
208.75,24.0314178466797,-0.021168983713285
210,24.0314178466797,-0.0225427983471098
211.25,24.0314178466797,-0.0233559342886501
212.5,24.0314178466797,-0.0247816310251684
213.75,24.0314178466797,-0.0272444458823627
215,24.0314178466797,-0.0310442481195798
216.25,24.0314178466797,-0.0347942275628516
217.5,24.0314178466797,-0.0367352651265979
218.75,24.0314178466797,-0.0361923804250442
220,24.0314178466797,-0.0335930872291628
221.25,24.0314178466797,-0.030686274451017
222.5,24.0314178466797,-0.0286852130204974
223.75,24.0314178466797,-0.0272591539370395
225,24.0314178466797,-0.0264830021358879
226.25,24.0314178466797,-0.0266238936042251
227.5,24.0314178466797,-0.0260903242851428
228.75,24.0314178466797,-0.0243165977336243
230,24.0314178466797,-0.0204076120653871
231.25,24.0314178466797,-0.0143943850797055
232.5,24.0314178466797,-0.0084134107867015
233.75,24.0314178466797,-0.00420455749839596
235,24.0314178466797,-0.00139943072661511
236.25,24.0314178466797,0.00197046461519819
237.5,24.0314178466797,0.00454401551438013
238.75,24.0314178466797,0.00278435339757258
240,24.0314178466797,-0.0012606799744307
241.25,24.0314178466797,-0.0027821232430016
242.5,24.0314178466797,0.000246602109596451
243.75,24.0314178466797,0.00518538980951581
245,24.0314178466797,0.0105641898177027
246.25,24.0314178466797,0.0136924334183686
247.5,24.0314178466797,0.0134830599144129
248.75,24.0314178466797,0.0152161016826935
250,24.0314178466797,0.011440119436467
160,24.9738235473633,0.00728083221041455
161.25,24.9738235473633,0.00386027374381836
162.5,24.9738235473633,0.000103813920368757
163.75,24.9738235473633,-0.00286966379679855
165,24.9738235473633,-0.00429428321502703
166.25,24.9738235473633,-0.00464126755820869
167.5,24.9738235473633,-0.00455933324889394
168.75,24.9738235473633,-0.00416410141944306
170,24.9738235473633,-0.00329479327174624
171.25,24.9738235473633,-0.00180788903899249
172.5,24.9738235473633,0.00025652671423888
173.75,24.9738235473633,0.00281635433655253
175,24.9738235473633,0.00549715079130555
176.25,24.9738235473633,0.00787496723766191
177.5,24.9738235473633,0.0101850978337203
178.75,24.9738235473633,0.0114814466310852
180,24.9738235473633,0.0114276928823725
181.25,24.9738235473633,0.00987447757015681
182.5,24.9738235473633,0.0075740101315152
183.75,24.9738235473633,0.00510933448230493
185,24.9738235473633,0.00339294235953846
186.25,24.9738235473633,0.00275486651017502
187.5,24.9738235473633,0.00289370399841788
188.75,24.9738235473633,0.00363637570743176
190,24.9738235473633,0.00450098098273284
191.25,24.9738235473633,0.00471130910411127
192.5,24.9738235473633,0.0048931904432633
193.75,24.9738235473633,0.00492539874997508
195,24.9738235473633,0.00383853404731925
196.25,24.9738235473633,0.00247281871068278
197.5,24.9738235473633,0.000661474318696505
198.75,24.9738235473633,-0.00150295416409773
200,24.9738235473633,-0.00296356768348918
201.25,24.9738235473633,-0.00373071513600247
202.5,24.9738235473633,-0.00501610403752214
203.75,24.9738235473633,-0.00717103854317598
205,24.9738235473633,-0.0093921654831771
206.25,24.9738235473633,-0.0118591449734662
207.5,24.9738235473633,-0.0147701425869592
208.75,24.9738235473633,-0.0171865274952274
210,24.9738235473633,-0.0180691729445494
211.25,24.9738235473633,-0.0180404794521744
212.5,24.9738235473633,-0.0183118458266068
213.75,24.9738235473633,-0.0196338880601426
215,24.9738235473633,-0.0219745289943936
216.25,24.9738235473633,-0.0251316682668278
217.5,24.9738235473633,-0.0283556679010509
218.75,24.9738235473633,-0.0305560163908176
220,24.9738235473633,-0.030747183087365
221.25,24.9738235473633,-0.0290635166679132
222.5,24.9738235473633,-0.0268448674055588
223.75,24.9738235473633,-0.0249260926885482
225,24.9738235473633,-0.0235889627824761
226.25,24.9738235473633,-0.023510314277793
227.5,24.9738235473633,-0.0233931032920198
228.75,24.9738235473633,-0.0225900991249299
230,24.9738235473633,-0.0205296641323584
231.25,24.9738235473633,-0.0163854389769328
232.5,24.9738235473633,-0.0118787281210768
233.75,24.9738235473633,-0.00923751874991592
235,24.9738235473633,-0.00831706752628143
236.25,24.9738235473633,-0.00645896671631351
237.5,24.9738235473633,-0.00381242068113996
238.75,24.9738235473633,-0.00331652611659102
240,24.9738235473633,-0.00406468242654902
241.25,24.9738235473633,-0.00249134053856446
242.5,24.9738235473633,0.00234762420567241
243.75,24.9738235473633,0.00750037808001239
245,24.9738235473633,0.0117517819916218
246.25,24.9738235473633,0.012357533298594
247.5,24.9738235473633,0.0116441866766211
248.75,24.9738235473633,0.00932833260969342
250,24.9738235473633,0.0122420239021997
160,25.9162292480469,0.00250265957577211
161.25,25.9162292480469,-0.000637117103693763
162.5,25.9162292480469,-0.00356020491762666
163.75,25.9162292480469,-0.00604261603905315
165,25.9162292480469,-0.00798009584037892
166.25,25.9162292480469,-0.00943264457300169
167.5,25.9162292480469,-0.00998786148034966
168.75,25.9162292480469,-0.00933787365580916
170,25.9162292480469,-0.00793548432470914
171.25,25.9162292480469,-0.00630933125248027
172.5,25.9162292480469,-0.00448948878543608
173.75,25.9162292480469,-0.00261291495235084
175,25.9162292480469,-0.000649504357279888
176.25,25.9162292480469,0.00140003259739568
177.5,25.9162292480469,0.00353897871318432
178.75,25.9162292480469,0.00519235812043208
180,25.9162292480469,0.00592355563688148
181.25,25.9162292480469,0.00459737167942937
182.5,25.9162292480469,0.00250093580074413
183.75,25.9162292480469,0.000373641039461754
185,25.9162292480469,-0.00107926872909376
186.25,25.9162292480469,-0.00176247686047904
187.5,25.9162292480469,-0.00191332716299913
188.75,25.9162292480469,-0.00151691453359686
190,25.9162292480469,-0.000109135170008436
191.25,25.9162292480469,0.00100601639773915
192.5,25.9162292480469,0.00171800794733413
193.75,25.9162292480469,0.00195686737505212
195,25.9162292480469,0.00110634070010421
196.25,25.9162292480469,0.00080879118543509
197.5,25.9162292480469,0.00136808582705255
198.75,25.9162292480469,0.00121499214063706
200,25.9162292480469,0.000999478015065237
201.25,25.9162292480469,0.00121923221795027
202.5,25.9162292480469,0.000894925690540431
203.75,25.9162292480469,-0.0001939341173177
205,25.9162292480469,-0.00153768977290871
206.25,25.9162292480469,-0.00344650141401564
207.5,25.9162292480469,-0.00649884737773711
208.75,25.9162292480469,-0.00984493156949105
210,25.9162292480469,-0.0119612130231155
211.25,25.9162292480469,-0.0127357777769488
212.5,25.9162292480469,-0.0131375444702167
213.75,25.9162292480469,-0.0142175021368124
215,25.9162292480469,-0.0161845465626596
216.25,25.9162292480469,-0.0186419944781818
217.5,25.9162292480469,-0.0213868117298603
218.75,25.9162292480469,-0.0242805395491432
220,25.9162292480469,-0.0264793994631269
221.25,25.9162292480469,-0.0268808503156265
222.5,25.9162292480469,-0.0258281737473399
223.75,25.9162292480469,-0.0239000206656944
225,25.9162292480469,-0.0213549274423633
226.25,25.9162292480469,-0.0191138018028223
227.5,25.9162292480469,-0.0177348560337486
228.75,25.9162292480469,-0.0176811786726792
230,25.9162292480469,-0.0186836759834243
231.25,25.9162292480469,-0.0179252053048191
232.5,25.9162292480469,-0.0152248557372211
233.75,25.9162292480469,-0.0135831456840913
235,25.9162292480469,-0.0140858664297419
236.25,25.9162292480469,-0.0134363846538757
237.5,25.9162292480469,-0.0104001777982168
238.75,25.9162292480469,-0.00783067719511247
240,25.9162292480469,-0.00600284344850939
241.25,25.9162292480469,-0.00234914601276041
242.5,25.9162292480469,0.00295983149140175
243.75,25.9162292480469,0.00808356213970042
245,25.9162292480469,0.01059793808986
246.25,25.9162292480469,0.0101134685353598
247.5,25.9162292480469,0.0106536650260447
248.75,25.9162292480469,0.0123381184271315
250,25.9162292480469,0.014511281356851
160,26.858642578125,-0.00437956222659884
161.25,26.858642578125,-0.00721774918851879
162.5,26.858642578125,-0.00902750994210294
163.75,26.858642578125,-0.0106078474121569
165,26.858642578125,-0.0125512163501476
166.25,26.858642578125,-0.0146000249482063
167.5,26.858642578125,-0.0161368651935643
168.75,26.858642578125,-0.0163623871129335
170,26.858642578125,-0.0147931659416173
171.25,26.858642578125,-0.0124427871172071
172.5,26.858642578125,-0.0099653360146622
173.75,26.858642578125,-0.00815470946371717
175,26.858642578125,-0.00719545278768461
176.25,26.858642578125,-0.00622418987338426
177.5,26.858642578125,-0.00477782487402493
178.75,26.858642578125,-0.00336582633864882
180,26.858642578125,-0.00277031587967329
181.25,26.858642578125,-0.00350117069349268
182.5,26.858642578125,-0.00506166114757425
183.75,26.858642578125,-0.0070798500158812
185,26.858642578125,-0.00864643087104974
186.25,26.858642578125,-0.00918738765486843
187.5,26.858642578125,-0.00908447115475672
188.75,26.858642578125,-0.00857719819746588
190,26.858642578125,-0.00748753150275899
191.25,26.858642578125,-0.00615439812147481
192.5,26.858642578125,-0.00480550910267706
193.75,26.858642578125,-0.00383321439628242
195,26.858642578125,-0.00363432394351204
196.25,26.858642578125,-0.00333521136998708
197.5,26.858642578125,-0.00158365134711972
198.75,26.858642578125,0.000827913614652476
200,26.858642578125,0.00286749558765609
201.25,26.858642578125,0.0049158700112473
202.5,26.858642578125,0.00642571842127228
203.75,26.858642578125,0.00680568976552032
205,26.858642578125,0.00690753636671754
206.25,26.858642578125,0.00630319853191369
207.5,26.858642578125,0.00425009618814642
208.75,26.858642578125,0.000669491524939915
210,26.858642578125,-0.00303060269117739
211.25,26.858642578125,-0.00578267469876532
212.5,26.858642578125,-0.00754403512101852
213.75,26.858642578125,-0.00933401940005897
215,26.858642578125,-0.0115138827300916
216.25,26.858642578125,-0.0143195839873415
217.5,26.858642578125,-0.0167312653589667
218.75,26.858642578125,-0.0189084708067505
220,26.858642578125,-0.0213340844402196
221.25,26.858642578125,-0.0231337963191986
222.5,26.858642578125,-0.0238006594734868
223.75,26.858642578125,-0.0230003600055178
225,26.858642578125,-0.0206291196571573
226.25,26.858642578125,-0.0170980440074579
227.5,26.858642578125,-0.013872229773935
228.75,26.858642578125,-0.0129993513803403
230,26.858642578125,-0.0156032555869012
231.25,26.858642578125,-0.0186003250287977
232.5,26.858642578125,-0.0185831446109605
233.75,26.858642578125,-0.0175431295314877
235,26.858642578125,-0.0176884218567545
236.25,26.858642578125,-0.0165852078715797
237.5,26.858642578125,-0.0132586501303764
238.75,26.858642578125,-0.00996030923283367
240,26.858642578125,-0.00611094595587464
241.25,26.858642578125,-0.00176417433535489
242.5,26.858642578125,0.00276296791744883
243.75,26.858642578125,0.00766459657481694
245,26.858642578125,0.00968041487636756
246.25,26.858642578125,0.00962685735923016
247.5,26.858642578125,0.0107862008964604
248.75,26.858642578125,0.0136528145448455
250,26.858642578125,0.0163340020306502
160,27.8010482788086,-0.0104181762462821
161.25,27.8010482788086,-0.013254321230344
162.5,27.8010482788086,-0.014794748586764
163.75,27.8010482788086,-0.0156898074669808
165,27.8010482788086,-0.0172453147173551
166.25,27.8010482788086,-0.0193626682044793
167.5,27.8010482788086,-0.0212072381337988
168.75,27.8010482788086,-0.0221239468427455
170,27.8010482788086,-0.0218926038750158
171.25,27.8010482788086,-0.0205830055317478
172.5,27.8010482788086,-0.0183600296659718
173.75,27.8010482788086,-0.0163543571715341
175,27.8010482788086,-0.0153971017772676
176.25,27.8010482788086,-0.0150309404408389
177.5,27.8010482788086,-0.0143674124078711
178.75,27.8010482788086,-0.0137692271111323
180,27.8010482788086,-0.0137827558183031
181.25,27.8010482788086,-0.0140801201159523
182.5,27.8010482788086,-0.0150115863848308
183.75,27.8010482788086,-0.0165719455031191
185,27.8010482788086,-0.0183053382545353
186.25,27.8010482788086,-0.0188539185511533
187.5,27.8010482788086,-0.0180659424597245
188.75,27.8010482788086,-0.0168285278467047
190,27.8010482788086,-0.0156641143864691
191.25,27.8010482788086,-0.0143392180710511
192.5,27.8010482788086,-0.0128796728886411
193.75,27.8010482788086,-0.0111960726516297
195,27.8010482788086,-0.0101163572020127
196.25,27.8010482788086,-0.00914614276355878
197.5,27.8010482788086,-0.00726078258234246
198.75,27.8010482788086,-0.00411223518288624
200,27.8010482788086,-0.000576261734303815
201.25,27.8010482788086,0.00347949737513436
202.5,27.8010482788086,0.00775159878825272
203.75,27.8010482788086,0.0111659981921856
205,27.8010482788086,0.0134441021741035
206.25,27.8010482788086,0.014124509022609
207.5,27.8010482788086,0.0137466215316216
208.75,27.8010482788086,0.0113860782718888
210,27.8010482788086,0.00758018573992785
211.25,27.8010482788086,0.00313062362142139
212.5,27.8010482788086,-0.000914500414379337
213.75,27.8010482788086,-0.00442548004318415
215,27.8010482788086,-0.00752507173195421
216.25,27.8010482788086,-0.0106937021396157
217.5,27.8010482788086,-0.0135012555753158
218.75,27.8010482788086,-0.0153108973155776
220,27.8010482788086,-0.0171128361772353
221.25,27.8010482788086,-0.019092426924766
222.5,27.8010482788086,-0.0206141222067961
223.75,27.8010482788086,-0.0211095043994322
225,27.8010482788086,-0.0204671115754541
226.25,27.8010482788086,-0.0183838055166234
227.5,27.8010482788086,-0.0148098865839694
228.75,27.8010482788086,-0.0121781656280249
230,27.8010482788086,-0.0137919548782547
231.25,27.8010482788086,-0.0183434507239972
232.5,27.8010482788086,-0.0208662465425817
233.75,27.8010482788086,-0.0209143909769012
235,27.8010482788086,-0.0198571778660331
236.25,27.8010482788086,-0.017533479708753
237.5,27.8010482788086,-0.0136735439827985
238.75,27.8010482788086,-0.0101428514957214
240,27.8010482788086,-0.00574970312870743
241.25,27.8010482788086,-0.00133568171925598
242.5,27.8010482788086,0.00247683780694658
243.75,27.8010482788086,0.00750297707525203
245,27.8010482788086,0.0102827462413927
246.25,27.8010482788086,0.0106922637283596
247.5,27.8010482788086,0.0147151397240751
248.75,27.8010482788086,0.0156644301024212
250,27.8010482788086,0.017772840277477
160,28.7434539794922,-0.0145401881042915
161.25,28.7434539794922,-0.0171819004348867
162.5,28.7434539794922,-0.0195138988495618
163.75,28.7434539794922,-0.020923417789614
165,28.7434539794922,-0.0225000278243809
166.25,28.7434539794922,-0.0246182584620518
167.5,28.7434539794922,-0.0261108141197231
168.75,28.7434539794922,-0.0268135508901454
170,28.7434539794922,-0.0274584766575385
171.25,28.7434539794922,-0.0276152735493054
172.5,28.7434539794922,-0.0264542247786611
173.75,28.7434539794922,-0.0248016635345773
175,28.7434539794922,-0.0237628410874152
176.25,28.7434539794922,-0.0237328393971096
177.5,28.7434539794922,-0.0240135569901779
178.75,28.7434539794922,-0.0245017519101883
180,28.7434539794922,-0.0253593231816068
181.25,28.7434539794922,-0.02614664438006
182.5,28.7434539794922,-0.0273950513369854
183.75,28.7434539794922,-0.0284654105717658
185,28.7434539794922,-0.0292203907962103
186.25,28.7434539794922,-0.0290073529806769
187.5,28.7434539794922,-0.0276488449750013
188.75,28.7434539794922,-0.0257898581998211
190,28.7434539794922,-0.0240026079240479
191.25,28.7434539794922,-0.0227149165484645
192.5,28.7434539794922,-0.0209588940093459
193.75,28.7434539794922,-0.0186285423050064
195,28.7434539794922,-0.0170589416008122
196.25,28.7434539794922,-0.015546743808803
197.5,28.7434539794922,-0.0133858254870425
198.75,28.7434539794922,-0.0103239406490355
200,28.7434539794922,-0.00657741252867391
201.25,28.7434539794922,-0.00127052108910974
202.5,28.7434539794922,0.0051414648436511
203.75,28.7434539794922,0.0107355726348076
205,28.7434539794922,0.0149047774627346
206.25,28.7434539794922,0.0176466699518884
207.5,28.7434539794922,0.0195715784700735
208.75,28.7434539794922,0.0200242977506908
210,28.7434539794922,0.0183032679422521
211.25,28.7434539794922,0.0140760034761252
212.5,28.7434539794922,0.0079277448334994
213.75,28.7434539794922,0.00132428516596679
215,28.7434539794922,-0.00444537251639139
216.25,28.7434539794922,-0.00907151500705834
217.5,28.7434539794922,-0.0123848082924394
218.75,28.7434539794922,-0.013647932774194
220,28.7434539794922,-0.014729845579752
221.25,28.7434539794922,-0.0163258109289257
222.5,28.7434539794922,-0.0181479118830806
223.75,28.7434539794922,-0.0195079230741122
225,28.7434539794922,-0.0203043678078796
226.25,28.7434539794922,-0.0199224433353233
227.5,28.7434539794922,-0.0179945429539898
228.75,28.7434539794922,-0.0148705181460926
230,28.7434539794922,-0.0141029281620254
231.25,28.7434539794922,-0.0173818429539648
232.5,28.7434539794922,-0.0213361928973589
233.75,28.7434539794922,-0.0226842609770668
235,28.7434539794922,-0.0209051151863884
236.25,28.7434539794922,-0.0178092562816064
237.5,28.7434539794922,-0.0132836912531481
238.75,28.7434539794922,-0.00900212216704362
240,28.7434539794922,-0.00556653587928382
241.25,28.7434539794922,-0.00225026618428134
242.5,28.7434539794922,0.00233589249156213
243.75,28.7434539794922,0.00803820166041755
245,28.7434539794922,0.0106665138685868
246.25,28.7434539794922,0.0107413231872979
160,29.6858673095703,-0.0174789257330727
161.25,29.6858673095703,-0.0205472060747518
162.5,29.6858673095703,-0.0229514897537602
163.75,29.6858673095703,-0.0239255156995115
165,29.6858673095703,-0.0247813628366557
166.25,29.6858673095703,-0.0269663590931386
167.5,29.6858673095703,-0.0293364639490683
168.75,29.6858673095703,-0.0311823159275617
170,29.6858673095703,-0.032223938500431
171.25,29.6858673095703,-0.0336000355718286
172.5,29.6858673095703,-0.0332609809703144
173.75,29.6858673095703,-0.0316407962123868
175,29.6858673095703,-0.0303445513094494
176.25,29.6858673095703,-0.030462968234222
177.5,29.6858673095703,-0.0314751912270377
178.75,29.6858673095703,-0.0328446242535765
180,29.6858673095703,-0.0342195982774216
181.25,29.6858673095703,-0.0354618189341203
182.5,29.6858673095703,-0.0375323500599786
183.75,29.6858673095703,-0.0386074068262238
185,29.6858673095703,-0.0385802356536059
186.25,29.6858673095703,-0.0373941681025279
187.5,29.6858673095703,-0.0356373200582177
188.75,29.6858673095703,-0.033738058583257
190,29.6858673095703,-0.0317363647471095
191.25,29.6858673095703,-0.0300653895051698
192.5,29.6858673095703,-0.0281859021513787
193.75,29.6858673095703,-0.0258801813595337
195,29.6858673095703,-0.0235620879916872
196.25,29.6858673095703,-0.0215735578596963
197.5,29.6858673095703,-0.0192674450127642
198.75,29.6858673095703,-0.016686608946654
200,29.6858673095703,-0.0135760321492768
201.25,29.6858673095703,-0.00806082175743547
202.5,29.6858673095703,-0.000636131583332301
203.75,29.6858673095703,0.00608554406574454
205,29.6858673095703,0.0112263260896617
206.25,29.6858673095703,0.0155616871981411
207.5,29.6858673095703,0.0194080980886213
208.75,29.6858673095703,0.0228021361775717
210,29.6858673095703,0.0243844214377805
211.25,29.6858673095703,0.022666414009681
212.5,29.6858673095703,0.017015036450221
213.75,29.6858673095703,0.00899946372212767
215,29.6858673095703,0.000539699019732385
216.25,29.6858673095703,-0.00678102227356058
217.5,29.6858673095703,-0.0122163046304707
218.75,29.6858673095703,-0.0144230654115448
220,29.6858673095703,-0.0148895133531207
221.25,29.6858673095703,-0.0155790344482445
222.5,29.6858673095703,-0.016854478892329
223.75,29.6858673095703,-0.0184299536109512
225,29.6858673095703,-0.0195777050336002
226.25,29.6858673095703,-0.0199820317850616
227.5,29.6858673095703,-0.019887620654049
228.75,29.6858673095703,-0.0183018429048107
230,29.6858673095703,-0.0163011766135248
231.25,29.6858673095703,-0.0169626490405565
232.5,29.6858673095703,-0.0202385556802455
233.75,29.6858673095703,-0.0220155680815387
235,29.6858673095703,-0.0204287456918107
236.25,29.6858673095703,-0.0176813912825741
237.5,29.6858673095703,-0.0129736126061057
238.75,29.6858673095703,-0.00828386662328222
240,29.6858673095703,-0.00568168752026924
241.25,29.6858673095703,-0.0032766956790134
242.5,29.6858673095703,0.00256508737576352
243.75,29.6858673095703,0.00795464619992672
245,29.6858673095703,0.0101718499323938
160,30.6282730102539,-0.0170074595546905
161.25,30.6282730102539,-0.0217346175691153
162.5,30.6282730102539,-0.0251013186036132
163.75,30.6282730102539,-0.0260647258812569
165,30.6282730102539,-0.0256127630776475
166.25,30.6282730102539,-0.0256261509914982
167.5,30.6282730102539,-0.0272682999644711
168.75,30.6282730102539,-0.0303154297064574
170,30.6282730102539,-0.0329828649106984
171.25,30.6282730102539,-0.0354207737818434
172.5,30.6282730102539,-0.036067185982662
173.75,30.6282730102539,-0.0351220671872228
175,30.6282730102539,-0.0343787932619557
176.25,30.6282730102539,-0.0347811345339706
177.5,30.6282730102539,-0.0360865608089593
178.75,30.6282730102539,-0.0381142562990728
180,30.6282730102539,-0.0400147870835604
181.25,30.6282730102539,-0.0416625757354714
182.5,30.6282730102539,-0.044772827738678
183.75,30.6282730102539,-0.0471474758407601
185,30.6282730102539,-0.0471004650083627
186.25,30.6282730102539,-0.0451984311069887
187.5,30.6282730102539,-0.0427431256701654
188.75,30.6282730102539,-0.0402899375267879
190,30.6282730102539,-0.0377723449979075
191.25,30.6282730102539,-0.0355353533082031
192.5,30.6282730102539,-0.0333866548729337
193.75,30.6282730102539,-0.0311900698632038
195,30.6282730102539,-0.0287568880189574
196.25,30.6282730102539,-0.0265549614264178
197.5,30.6282730102539,-0.0244651932801845
198.75,30.6282730102539,-0.0225038563351461
200,30.6282730102539,-0.0201564700630765
201.25,30.6282730102539,-0.0157032426236919
202.5,30.6282730102539,-0.00938144493751064
203.75,30.6282730102539,-0.00269607188870164
205,30.6282730102539,0.00316358295924837
206.25,30.6282730102539,0.00880081602386369
207.5,30.6282730102539,0.0143862363905383
208.75,30.6282730102539,0.019811825632315
210,30.6282730102539,0.0238314249714998
211.25,30.6282730102539,0.0249076488546335
212.5,30.6282730102539,0.0216102013631683
213.75,30.6282730102539,0.0148740495107445
215,30.6282730102539,0.00634845792541247
216.25,30.6282730102539,-0.00220316795847828
217.5,30.6282730102539,-0.0100032862102024
218.75,30.6282730102539,-0.0154353440287161
220,30.6282730102539,-0.0173508555104617
221.25,30.6282730102539,-0.0171296048068439
222.5,30.6282730102539,-0.0173278566309221
223.75,30.6282730102539,-0.0183795998918026
225,30.6282730102539,-0.0193550501028989
226.25,30.6282730102539,-0.0199187364081233
227.5,30.6282730102539,-0.0203347663747111
228.75,30.6282730102539,-0.0203685911417732
230,30.6282730102539,-0.0189631273503897
231.25,30.6282730102539,-0.017971322688336
232.5,30.6282730102539,-0.0194116028022238
233.75,30.6282730102539,-0.0200512316434841
235,30.6282730102539,-0.0181347340798956
236.25,30.6282730102539,-0.0159018096930935
237.5,30.6282730102539,-0.0118950773487383
238.75,30.6282730102539,-0.00848453472082299
240,30.6282730102539,-0.00685384595401835
241.25,30.6282730102539,-0.0044406849288248
242.5,30.6282730102539,0.00182718072856969
243.75,30.6282730102539,0.00591221819412119
160,31.5706787109375,-0.0141685345897506
161.25,31.5706787109375,-0.0207438483514044
162.5,31.5706787109375,-0.026589758120042
163.75,31.5706787109375,-0.0295349985261879
165,31.5706787109375,-0.0295211508160145
166.25,31.5706787109375,-0.0280112482223465
167.5,31.5706787109375,-0.0274702047042631
168.75,31.5706787109375,-0.0290052289114367
170,31.5706787109375,-0.0317119221144404
171.25,31.5706787109375,-0.0349705316774252
172.5,31.5706787109375,-0.036780889190039
173.75,31.5706787109375,-0.0374244975559418
175,31.5706787109375,-0.0375420854516447
176.25,31.5706787109375,-0.0375309946811305
177.5,31.5706787109375,-0.0381747568378762
178.75,31.5706787109375,-0.0399491858024309
180,31.5706787109375,-0.0418764941610676
181.25,31.5706787109375,-0.0435546143996839
182.5,31.5706787109375,-0.0478254683968041
183.75,31.5706787109375,-0.0517960157233978
185,31.5706787109375,-0.0530683607324707
186.25,31.5706787109375,-0.0521102714295016
187.5,31.5706787109375,-0.049809022993455
188.75,31.5706787109375,-0.0465823467556318
190,31.5706787109375,-0.0432038608637321
191.25,31.5706787109375,-0.0404859997610879
192.5,31.5706787109375,-0.0382078336852255
193.75,31.5706787109375,-0.0360127491656664
195,31.5706787109375,-0.033649002389254
196.25,31.5706787109375,-0.0313254910162038
197.5,31.5706787109375,-0.0292546092355355
198.75,31.5706787109375,-0.0274270037335686
200,31.5706787109375,-0.025122694770213
201.25,31.5706787109375,-0.0215757144839377
202.5,31.5706787109375,-0.017157992397716
203.75,31.5706787109375,-0.0121424396324001
205,31.5706787109375,-0.00655816915095758
206.25,31.5706787109375,-0.000265606794855388
207.5,31.5706787109375,0.00577827581683785
208.75,31.5706787109375,0.0116896744343158
210,31.5706787109375,0.016983102089648
211.25,31.5706787109375,0.020219786627119
212.5,31.5706787109375,0.0198974452524031
213.75,31.5706787109375,0.0157601164121425
215,31.5706787109375,0.00905059538922381
216.25,31.5706787109375,0.00127746866995069
217.5,31.5706787109375,-0.00648250821249556
218.75,31.5706787109375,-0.0139041928812695
220,31.5706787109375,-0.019024032307139
221.25,31.5706787109375,-0.0202506743654066
222.5,31.5706787109375,-0.0198567415331651
223.75,31.5706787109375,-0.0201336142488549
225,31.5706787109375,-0.0208223630878859
226.25,31.5706787109375,-0.0212708049766907
227.5,31.5706787109375,-0.0209780932215658
228.75,31.5706787109375,-0.0210080642352132
230,31.5706787109375,-0.0204748220264393
231.25,31.5706787109375,-0.0194962557279998
232.5,31.5706787109375,-0.0193913222848258
233.75,31.5706787109375,-0.0183021436568131
235,31.5706787109375,-0.0149221217554677
236.25,31.5706787109375,-0.0120794275247082
237.5,31.5706787109375,-0.00979700740541096
238.75,31.5706787109375,-0.00904602093052675
240,31.5706787109375,-0.00861025027391575
241.25,31.5706787109375,-0.00643024167934981
242.5,31.5706787109375,-0.00164902860320947
243.75,31.5706787109375,0.00481476836419719
160,32.5130920410156,-0.0092801729403837
161.25,32.5130920410156,-0.0161643520230681
162.5,32.5130920410156,-0.0244521526962817
163.75,32.5130920410156,-0.0309201048733191
165,32.5130920410156,-0.0338214041795026
166.25,32.5130920410156,-0.0339004140123672
167.5,32.5130920410156,-0.0332747630561072
168.75,32.5130920410156,-0.0335971953151118
170,32.5130920410156,-0.035259480164168
171.25,32.5130920410156,-0.0380324426855858
172.5,32.5130920410156,-0.0397891537848946
173.75,32.5130920410156,-0.0412858507569597
175,32.5130920410156,-0.0423275276412323
176.25,32.5130920410156,-0.0423012828069889
177.5,32.5130920410156,-0.0420038916039635
178.75,32.5130920410156,-0.0422946991128317
180,32.5130920410156,-0.0430439990311775
181.25,32.5130920410156,-0.0445230458654445
182.5,32.5130920410156,-0.0487131463333088
183.75,32.5130920410156,-0.0533058444090672
185,32.5130920410156,-0.0560486573634114
186.25,32.5130920410156,-0.0566833841765976
187.5,32.5130920410156,-0.0552236486212905
188.75,32.5130920410156,-0.0520944287802441
190,32.5130920410156,-0.0484916065437345
191.25,32.5130920410156,-0.0456574760260838
192.5,32.5130920410156,-0.0434442960877327
193.75,32.5130920410156,-0.0413019360909935
195,32.5130920410156,-0.039133031208881
196.25,32.5130920410156,-0.0371133459247503
197.5,32.5130920410156,-0.0347858130735995
198.75,32.5130920410156,-0.0322229419286019
200,32.5130920410156,-0.0292986661170319
201.25,32.5130920410156,-0.0262289941288897
202.5,32.5130920410156,-0.0230528088500815
203.75,32.5130920410156,-0.0192604582125398
205,32.5130920410156,-0.0143427524477923
206.25,32.5130920410156,-0.00885508448710465
207.5,32.5130920410156,-0.00326195682956402
208.75,32.5130920410156,0.00216099201420392
210,32.5130920410156,0.00757348914558837
211.25,32.5130920410156,0.0114483374053908
212.5,32.5130920410156,0.0127960338361165
213.75,32.5130920410156,0.0113581028070374
215,32.5130920410156,0.00724871852740433
216.25,32.5130920410156,0.00161411350631924
217.5,32.5130920410156,-0.00463222726295971
218.75,32.5130920410156,-0.0115799360578607
220,32.5130920410156,-0.0177314356725206
221.25,32.5130920410156,-0.021500142434501
222.5,32.5130920410156,-0.0222862471203629
223.75,32.5130920410156,-0.022422052322634
225,32.5130920410156,-0.0231319273392585
226.25,32.5130920410156,-0.0238357501391657
227.5,32.5130920410156,-0.0233135279706032
228.75,32.5130920410156,-0.0223705797378441
230,32.5130920410156,-0.0218233759402579
231.25,32.5130920410156,-0.0214881985122611
232.5,32.5130920410156,-0.0205291927182328
233.75,32.5130920410156,-0.0173412388340234
235,32.5130920410156,-0.0121625391045776
236.25,32.5130920410156,-0.00885045147275034
237.5,32.5130920410156,-0.00901733265958874
238.75,32.5130920410156,-0.0102689800262065
240,32.5130920410156,-0.0102128132499338
241.25,32.5130920410156,-0.007834664176312
242.5,32.5130920410156,-0.00454750701873373
160,33.4554977416992,-0.00409788182707773
161.25,33.4554977416992,-0.00953420341080669
162.5,33.4554977416992,-0.0176569517035359
163.75,33.4554977416992,-0.02662044408944
165,33.4554977416992,-0.0330845555009487
166.25,33.4554977416992,-0.0366629063826117
167.5,33.4554977416992,-0.0384054055965236
168.75,33.4554977416992,-0.0394911367440267
170,33.4554977416992,-0.040889698053098
171.25,33.4554977416992,-0.043162497447224
172.5,33.4554977416992,-0.0447232678458569
173.75,33.4554977416992,-0.0459368743072735
175,33.4554977416992,-0.0470511757831628
176.25,33.4554977416992,-0.0474388977024534
177.5,33.4554977416992,-0.0471065890784202
178.75,33.4554977416992,-0.0464209789227802
180,33.4554977416992,-0.0461911543799924
181.25,33.4554977416992,-0.0470871789162208
182.5,33.4554977416992,-0.0498542756694474
183.75,33.4554977416992,-0.0541936625047396
185,33.4554977416992,-0.0578509351505425
186.25,33.4554977416992,-0.0601254525054332
187.5,33.4554977416992,-0.0600380109934796
188.75,33.4554977416992,-0.0575927992862541
190,33.4554977416992,-0.0539986428299177
191.25,33.4554977416992,-0.0508876354209623
192.5,33.4554977416992,-0.0484099532706699
193.75,33.4554977416992,-0.0461268220902545
195,33.4554977416992,-0.0441106151899679
196.25,33.4554977416992,-0.0424183952885782
197.5,33.4554977416992,-0.0401139802749333
198.75,33.4554977416992,-0.0370370386924576
200,33.4554977416992,-0.0335097916715502
201.25,33.4554977416992,-0.030376735900175
202.5,33.4554977416992,-0.0276477756066074
203.75,33.4554977416992,-0.0244713049529129
205,33.4554977416992,-0.0202469619047712
206.25,33.4554977416992,-0.0156809372367129
207.5,33.4554977416992,-0.0109570736210288
208.75,33.4554977416992,-0.00612432565747796
210,33.4554977416992,-0.00102639177933645
211.25,33.4554977416992,0.00296625456283421
212.5,33.4554977416992,0.00501055245657704
213.75,33.4554977416992,0.00485943508692171
215,33.4554977416992,0.00233414712769953
216.25,33.4554977416992,-0.0019775747502939
217.5,33.4554977416992,-0.00711681050327093
218.75,33.4554977416992,-0.0121219901188007
220,33.4554977416992,-0.0168452493709199
221.25,33.4554977416992,-0.0209921592295327
222.5,33.4554977416992,-0.0234498474175883
223.75,33.4554977416992,-0.0245806491828479
225,33.4554977416992,-0.0254229249713421
226.25,33.4554977416992,-0.0260880390415459
227.5,33.4554977416992,-0.0259482871540685
228.75,33.4554977416992,-0.0250049132194385
230,33.4554977416992,-0.0242363760083767
231.25,33.4554977416992,-0.0239728822190847
232.5,33.4554977416992,-0.0220209401560233
233.75,33.4554977416992,-0.0165602470861992
235,33.4554977416992,-0.0102129762351965
236.25,33.4554977416992,-0.00812458020321743
237.5,33.4554977416992,-0.010317605019045
238.75,33.4554977416992,-0.0108907941491661
240,33.4554977416992,-0.00993614386811978
241.25,33.4554977416992,-0.00748590046728433
242.5,33.4554977416992,-0.00390084628965655
160,34.3979034423828,-0.00373678598427258
161.25,34.3979034423828,-0.00640894693975773
162.5,34.3979034423828,-0.0112662069049235
163.75,34.3979034423828,-0.0194921874846931
165,34.3979034423828,-0.0280510511780289
166.25,34.3979034423828,-0.0350002875725657
167.5,34.3979034423828,-0.0402077738412916
168.75,34.3979034423828,-0.043523245850774
170,34.3979034423828,-0.0455221491440663
171.25,34.3979034423828,-0.0471958397188481
172.5,34.3979034423828,-0.0484556344167527
173.75,34.3979034423828,-0.0495740738933133
175,34.3979034423828,-0.0505974558990068
176.25,34.3979034423828,-0.050930632433406
177.5,34.3979034423828,-0.0507514013220651
178.75,34.3979034423828,-0.0501890472593679
180,34.3979034423828,-0.0499922983595763
181.25,34.3979034423828,-0.0507014357446472
182.5,34.3979034423828,-0.0522379648996787
183.75,34.3979034423828,-0.0553580761532645
185,34.3979034423828,-0.058760996772595
186.25,34.3979034423828,-0.0612720856733825
187.5,34.3979034423828,-0.0621869490205747
188.75,34.3979034423828,-0.0610374680576466
190,34.3979034423828,-0.0585057817766547
191.25,34.3979034423828,-0.0557931865498761
192.5,34.3979034423828,-0.0529860262195337
193.75,34.3979034423828,-0.050570375634288
195,34.3979034423828,-0.0486798607292815
196.25,34.3979034423828,-0.0468872067661293
197.5,34.3979034423828,-0.0444525435102569
198.75,34.3979034423828,-0.0410659742408373
200,34.3979034423828,-0.0370795372066069
201.25,34.3979034423828,-0.0334211380678554
202.5,34.3979034423828,-0.030446930072555
203.75,34.3979034423828,-0.0274766932048828
205,34.3979034423828,-0.0239029190441228
206.25,34.3979034423828,-0.0203385255591438
207.5,34.3979034423828,-0.0166887403579098
208.75,34.3979034423828,-0.0122952349278445
210,34.3979034423828,-0.00808562214242065
211.25,34.3979034423828,-0.00481654809041223
212.5,34.3979034423828,-0.0026624892335009
213.75,34.3979034423828,-0.0021014015205554
215,34.3979034423828,-0.00388775618410166
216.25,34.3979034423828,-0.00758899856441928
217.5,34.3979034423828,-0.011737716426508
218.75,34.3979034423828,-0.0154509489848351
220,34.3979034423828,-0.0186012602510018
221.25,34.3979034423828,-0.0214157742517111
222.5,34.3979034423828,-0.0243420861195181
223.75,34.3979034423828,-0.0264997698886027
225,34.3979034423828,-0.0275773105375934
226.25,34.3979034423828,-0.0281425166126738
227.5,34.3979034423828,-0.0283898273891976
228.75,34.3979034423828,-0.0284028965514517
230,34.3979034423828,-0.0279426690295974
231.25,34.3979034423828,-0.0270403651415063
232.5,34.3979034423828,-0.0236674883765525
233.75,34.3979034423828,-0.016712390379229
235,34.3979034423828,-0.0110234187915674
236.25,34.3979034423828,-0.0105202618716682
237.5,34.3979034423828,-0.0117805107616565
238.75,34.3979034423828,-0.0111378092585181
240,34.3979034423828,-0.0103333682254255
241.25,34.3979034423828,-0.00757678311745891
160,35.3403167724609,-0.00855224725404733
161.25,35.3403167724609,-0.008888921639554
162.5,35.3403167724609,-0.0101361523075386
163.75,35.3403167724609,-0.015178237727199
165,35.3403167724609,-0.0226780261445871
166.25,35.3403167724609,-0.0303584280528214
167.5,35.3403167724609,-0.0375183492125517
168.75,35.3403167724609,-0.042884655698533
170,35.3403167724609,-0.0460566924120747
171.25,35.3403167724609,-0.0481209008981598
172.5,35.3403167724609,-0.0498225203674234
173.75,35.3403167724609,-0.0516595488042159
175,35.3403167724609,-0.0532032931421824
176.25,35.3403167724609,-0.0536860370648361
177.5,35.3403167724609,-0.0536855583901278
178.75,35.3403167724609,-0.0538199573126723
180,35.3403167724609,-0.0540663787181403
181.25,35.3403167724609,-0.0547261810329266
182.5,35.3403167724609,-0.0556394897588375
183.75,35.3403167724609,-0.0570653248055696
185,35.3403167724609,-0.0594307620252235
186.25,35.3403167724609,-0.061264465985697
187.5,35.3403167724609,-0.0620491234661157
188.75,35.3403167724609,-0.0615629781814724
190,35.3403167724609,-0.0600714540416962
191.25,35.3403167724609,-0.0581113079605104
192.5,35.3403167724609,-0.0558248626031755
193.75,35.3403167724609,-0.0536305088269811
195,35.3403167724609,-0.0517968779305476
196.25,35.3403167724609,-0.0497328478327713
197.5,35.3403167724609,-0.0474323785844903
198.75,35.3403167724609,-0.0442737879348611
200,35.3403167724609,-0.0402371539839472
201.25,35.3403167724609,-0.036154595047567
202.5,35.3403167724609,-0.0325181331990139
203.75,35.3403167724609,-0.0291643416405866
205,35.3403167724609,-0.0258794441012244
206.25,35.3403167724609,-0.0228989946122971
207.5,35.3403167724609,-0.0200865109987065
208.75,35.3403167724609,-0.0166213717276458
210,35.3403167724609,-0.0134712816413101
211.25,35.3403167724609,-0.0112387590436695
212.5,35.3403167724609,-0.00978475423239091
213.75,35.3403167724609,-0.0093742514136903
215,35.3403167724609,-0.0109157046391522
216.25,35.3403167724609,-0.0138468668530505
217.5,35.3403167724609,-0.017096028254055
218.75,35.3403167724609,-0.0199337551539454
220,35.3403167724609,-0.0217021254439462
221.25,35.3403167724609,-0.0233312076793923
222.5,35.3403167724609,-0.0259514987126913
223.75,35.3403167724609,-0.0280609782886745
225,35.3403167724609,-0.0288512932241274
226.25,35.3403167724609,-0.0289350341952689
227.5,35.3403167724609,-0.0295820416443483
228.75,35.3403167724609,-0.0309618687786473
230,35.3403167724609,-0.0316654703416395
231.25,35.3403167724609,-0.0305889740083939
232.5,35.3403167724609,-0.0257816766678527
233.75,35.3403167724609,-0.0180227804794232
235,35.3403167724609,-0.0131834631520405
236.25,35.3403167724609,-0.013651111294498
237.5,35.3403167724609,-0.0128001863590501
238.75,35.3403167724609,-0.0115632842196896
240,35.3403167724609,-0.0109832249531562
160,36.2827224731445,-0.0191292293654736
161.25,36.2827224731445,-0.0173958861904377
162.5,36.2827224731445,-0.0152316284542997
163.75,36.2827224731445,-0.0152682082018813
165,36.2827224731445,-0.0179229450393305
166.25,36.2827224731445,-0.022955752751891
167.5,36.2827224731445,-0.0300607290283384
168.75,36.2827224731445,-0.0370625636405869
170,36.2827224731445,-0.041963161931973
171.25,36.2827224731445,-0.0454167430572641
172.5,36.2827224731445,-0.0487423943994066
173.75,36.2827224731445,-0.0517185425977805
175,36.2827224731445,-0.0539987834385218
176.25,36.2827224731445,-0.0549230236854272
177.5,36.2827224731445,-0.0552224161758635
178.75,36.2827224731445,-0.05579156705088
180,36.2827224731445,-0.056716190749945
181.25,36.2827224731445,-0.0578778196946807
182.5,36.2827224731445,-0.0589186936201274
183.75,36.2827224731445,-0.059656278854422
185,36.2827224731445,-0.0608765225321836
186.25,36.2827224731445,-0.0617344408931852
187.5,36.2827224731445,-0.0614755057257291
188.75,36.2827224731445,-0.0604360842851733
190,36.2827224731445,-0.0591795838220257
191.25,36.2827224731445,-0.058153191952336
192.5,36.2827224731445,-0.0569354340272994
193.75,36.2827224731445,-0.0552203985219573
195,36.2827224731445,-0.0533404591269781
196.25,36.2827224731445,-0.0511945092745242
197.5,36.2827224731445,-0.0486929852434968
198.75,36.2827224731445,-0.0458239800787085
200,36.2827224731445,-0.0421443553351735
201.25,36.2827224731445,-0.0380265621213725
202.5,36.2827224731445,-0.0340061699717753
203.75,36.2827224731445,-0.0302218616901944
205,36.2827224731445,-0.0268140147944124
206.25,36.2827224731445,-0.0239758820712371
207.5,36.2827224731445,-0.0215742573907827
208.75,36.2827224731445,-0.0192612860968471
210,36.2827224731445,-0.0170585066922248
211.25,36.2827224731445,-0.0154382827840823
212.5,36.2827224731445,-0.0145072799256317
213.75,36.2827224731445,-0.0150927159081118
215,36.2827224731445,-0.0170906113721808
216.25,36.2827224731445,-0.0196931568308383
217.5,36.2827224731445,-0.0221674175004119
218.75,36.2827224731445,-0.0242288164206656
220,36.2827224731445,-0.0250332790680649
221.25,36.2827224731445,-0.0254468248896428
222.5,36.2827224731445,-0.0269164457226926
223.75,36.2827224731445,-0.0279936901761503
225,36.2827224731445,-0.0280608103130812
226.25,36.2827224731445,-0.027984398058234
227.5,36.2827224731445,-0.029435465349217
228.75,36.2827224731445,-0.0324336104890137
230,36.2827224731445,-0.034465717505205
231.25,36.2827224731445,-0.0341045716784772
232.5,36.2827224731445,-0.0288806249405414
233.75,36.2827224731445,-0.0196171074606649
235,36.2827224731445,-0.0144973148058596
236.25,36.2827224731445,-0.0146137645730224
237.5,36.2827224731445,-0.0124269966371387
238.75,36.2827224731445,-0.010839143424045
160,37.2251281738281,-0.0265718455424185
161.25,37.2251281738281,-0.0248749013500967
162.5,37.2251281738281,-0.021475748543425
163.75,37.2251281738281,-0.0184093365570639
165,37.2251281738281,-0.0164964424962998
166.25,37.2251281738281,-0.0168417165886987
167.5,37.2251281738281,-0.0212764943030721
168.75,37.2251281738281,-0.02858272377891
170,37.2251281738281,-0.0350042998739034
171.25,37.2251281738281,-0.0396141341896718
172.5,37.2251281738281,-0.0443795478060794
173.75,37.2251281738281,-0.0491119416140354
175,37.2251281738281,-0.0524933633312347
176.25,37.2251281738281,-0.0540728840537957
177.5,37.2251281738281,-0.054902872031024
178.75,37.2251281738281,-0.0561331188536251
180,37.2251281738281,-0.0582346554239735
181.25,37.2251281738281,-0.0605722170323002
182.5,37.2251281738281,-0.0620026978611665
183.75,37.2251281738281,-0.0621759328249849
185,37.2251281738281,-0.0621178008028119
186.25,37.2251281738281,-0.0619199728611141
187.5,37.2251281738281,-0.060747640577459
188.75,37.2251281738281,-0.0586919137755563
190,37.2251281738281,-0.0565885458139853
191.25,37.2251281738281,-0.0559322465057477
192.5,37.2251281738281,-0.0562024373295992
193.75,37.2251281738281,-0.0555986297042078
195,37.2251281738281,-0.0540124329056917
196.25,37.2251281738281,-0.0519533301144898
197.5,37.2251281738281,-0.0492401857722318
198.75,37.2251281738281,-0.046247939680394
200,37.2251281738281,-0.0427380395236771
201.25,37.2251281738281,-0.0386733342448957
202.5,37.2251281738281,-0.0345299500228603
203.75,37.2251281738281,-0.0305410074391812
205,37.2251281738281,-0.0269782509492439
206.25,37.2251281738281,-0.0239698163095247
207.5,37.2251281738281,-0.0217076681911922
208.75,37.2251281738281,-0.0203678921249416
210,37.2251281738281,-0.0192726526943203
211.25,37.2251281738281,-0.0185126044542475
212.5,37.2251281738281,-0.01814315631114
213.75,37.2251281738281,-0.0192474079083999
215,37.2251281738281,-0.0212095005537816
216.25,37.2251281738281,-0.0233671282509348
217.5,37.2251281738281,-0.025678099355935
218.75,37.2251281738281,-0.0276663168618483
220,37.2251281738281,-0.0281167362663668
221.25,37.2251281738281,-0.0271560013799067
222.5,37.2251281738281,-0.0266100671231592
223.75,37.2251281738281,-0.0259980281523723
225,37.2251281738281,-0.0248992051736616
226.25,37.2251281738281,-0.0250486857975368
227.5,37.2251281738281,-0.028151887150151
228.75,37.2251281738281,-0.0329024151728009
230,37.2251281738281,-0.0363620545976813
231.25,37.2251281738281,-0.0370722903123613
232.5,37.2251281738281,-0.0321745721372312
233.75,37.2251281738281,-0.021567312098663
235,37.2251281738281,-0.0155952782314756
236.25,37.2251281738281,-0.0142642551909834
237.5,37.2251281738281,-0.0120167018975791
238.75,37.2251281738281,-0.0103834661526343
160,38.1675415039062,-0.023811522661685
161.25,38.1675415039062,-0.0251900498167635
162.5,38.1675415039062,-0.0231344260621012
163.75,38.1675415039062,-0.0188842916861487
165,38.1675415039062,-0.014068534842291
166.25,38.1675415039062,-0.011318556580397
167.5,38.1675415039062,-0.0139389135145034
168.75,38.1675415039062,-0.0215063709107179
170,38.1675415039062,-0.0292906738102895
171.25,38.1675415039062,-0.0348392486882919
172.5,38.1675415039062,-0.0400320046897704
173.75,38.1675415039062,-0.0455671588744902
175,38.1675415039062,-0.0496116455571875
176.25,38.1675415039062,-0.0515072113256534
177.5,38.1675415039062,-0.0525123501434411
178.75,38.1675415039062,-0.0544777172730784
180,38.1675415039062,-0.0578666713534942
181.25,38.1675415039062,-0.0614872867161139
182.5,38.1675415039062,-0.0638722286188626
183.75,38.1675415039062,-0.0639107188383123
185,38.1675415039062,-0.0623568364164703
186.25,38.1675415039062,-0.0602365997952765
187.5,38.1675415039062,-0.058455953964862
188.75,38.1675415039062,-0.0560981336537616
190,38.1675415039062,-0.0535845809363883
191.25,38.1675415039062,-0.0529686865541022
192.5,38.1675415039062,-0.0539851813626731
193.75,38.1675415039062,-0.0543391681415208
195,38.1675415039062,-0.0531720823003726
196.25,38.1675415039062,-0.0508570890135217
197.5,38.1675415039062,-0.0477717483765028
198.75,38.1675415039062,-0.044121912019901
200,38.1675415039062,-0.0407271890188058
201.25,38.1675415039062,-0.0373706262374093
202.5,38.1675415039062,-0.0338571391631289
203.75,38.1675415039062,-0.0301852050610163
205,38.1675415039062,-0.0265681444518069
206.25,38.1675415039062,-0.0235598357931806
207.5,38.1675415039062,-0.0215997150458615
208.75,38.1675415039062,-0.0210164971110431
210,38.1675415039062,-0.0211134602301878
211.25,38.1675415039062,-0.0211511377903001
212.5,38.1675415039062,-0.0212206308880168
213.75,38.1675415039062,-0.0222674688888639
215,38.1675415039062,-0.0240202721166342
216.25,38.1675415039062,-0.0260465027307444
217.5,38.1675415039062,-0.0282670026221099
218.75,38.1675415039062,-0.029944879307737
220,38.1675415039062,-0.0297033627281163
221.25,38.1675415039062,-0.0274605981041283
222.5,38.1675415039062,-0.0245591377212384
223.75,38.1675415039062,-0.0220529335322237
225,38.1675415039062,-0.0200473572974099
226.25,38.1675415039062,-0.0206562203292364
227.5,38.1675415039062,-0.025384828365656
228.75,38.1675415039062,-0.0319489487484097
230,38.1675415039062,-0.0366298042150486
231.25,38.1675415039062,-0.0381503256594207
232.5,38.1675415039062,-0.0332291743307562
233.75,38.1675415039062,-0.0233713434020351
235,38.1675415039062,-0.0168993600335037
236.25,38.1675415039062,-0.0145661506048141
237.5,38.1675415039062,-0.0109412305626054
160,39.1099548339844,-0.00899513250819991
161.25,39.1099548339844,-0.0148652093023366
162.5,39.1099548339844,-0.0155579015533909
163.75,39.1099548339844,-0.0120429871398338
165,39.1099548339844,-0.00716362647439978
166.25,39.1099548339844,-0.00486624137508424
167.5,39.1099548339844,-0.00838750171101723
168.75,39.1099548339844,-0.0163030026966349
170,39.1099548339844,-0.024625478467066
171.25,39.1099548339844,-0.0314769403035119
172.5,39.1099548339844,-0.0370641068470553
173.75,39.1099548339844,-0.0423455685060677
175,39.1099548339844,-0.0464131805129215
176.25,39.1099548339844,-0.0483095862739836
177.5,39.1099548339844,-0.0493311568136514
178.75,39.1099548339844,-0.0517924056213187
180,39.1099548339844,-0.0558666227166628
181.25,39.1099548339844,-0.0600784623203902
182.5,39.1099548339844,-0.0629140063394374
183.75,39.1099548339844,-0.0632432026263766
185,39.1099548339844,-0.0609502395786337
186.25,39.1099548339844,-0.0573622519557168
187.5,39.1099548339844,-0.0548011005006742
188.75,39.1099548339844,-0.0523740714833746
190,39.1099548339844,-0.0500101395503045
191.25,39.1099548339844,-0.0491912943732089
192.5,39.1099548339844,-0.0501515448770266
193.75,39.1099548339844,-0.0510128864094102
195,39.1099548339844,-0.0503654123931981
196.25,39.1099548339844,-0.0477714925267724
197.5,39.1099548339844,-0.0438618961125944
198.75,39.1099548339844,-0.0397881362469623
200,39.1099548339844,-0.0366887074678393
201.25,39.1099548339844,-0.0342220915645537
202.5,39.1099548339844,-0.031503773594216
203.75,39.1099548339844,-0.0285608927464824
205,39.1099548339844,-0.0255486257748346
206.25,39.1099548339844,-0.0230523410957022
207.5,39.1099548339844,-0.0218033035696909
208.75,39.1099548339844,-0.0218082459449015
210,39.1099548339844,-0.0223027280878569
211.25,39.1099548339844,-0.0225447574671062
212.5,39.1099548339844,-0.0229026135741758
213.75,39.1099548339844,-0.0241947281409293
215,39.1099548339844,-0.0260572958886831
216.25,39.1099548339844,-0.028225189660062
217.5,39.1099548339844,-0.030239084908594
218.75,39.1099548339844,-0.0309210598909303
220,39.1099548339844,-0.0292425823706094
221.25,39.1099548339844,-0.0256114607503258
222.5,39.1099548339844,-0.021284435544321
223.75,39.1099548339844,-0.017287642418113
225,39.1099548339844,-0.0144902802897306
226.25,39.1099548339844,-0.0152360687116255
227.5,39.1099548339844,-0.0208761981143054
228.75,39.1099548339844,-0.0287577113124152
230,39.1099548339844,-0.0346625817827357
231.25,39.1099548339844,-0.0374649172163796
232.5,39.1099548339844,-0.0328030028303597
233.75,39.1099548339844,-0.0245001383668871
235,39.1099548339844,-0.0179830993444301
236.25,39.1099548339844,-0.0136541606081397
160,40.0523529052734,0.00983006808231491
161.25,40.0523529052734,0.00173475665078642
162.5,40.0523529052734,-0.00247341319134147
163.75,40.0523529052734,-0.001803723667296
165,40.0523529052734,0.000582204932042953
166.25,40.0523529052734,0.000235713180979843
167.5,40.0523529052734,-0.00457680905814754
168.75,40.0523529052734,-0.0118715849086954
170,40.0523529052734,-0.0202329457781301
171.25,40.0523529052734,-0.0287326117128962
172.5,40.0523529052734,-0.0350828362795371
173.75,40.0523529052734,-0.0398039105147542
175,40.0523529052734,-0.0436792566845569
176.25,40.0523529052734,-0.0453564076725478
177.5,40.0523529052734,-0.04623352790801
178.75,40.0523529052734,-0.0491615672697861
180,40.0523529052734,-0.0533296535898133
181.25,40.0523529052734,-0.0570354492967778
182.5,40.0523529052734,-0.0595255655572843
183.75,40.0523529052734,-0.0601263354952506
185,40.0523529052734,-0.0581749333035
186.25,40.0523529052734,-0.0545979629630382
187.5,40.0523529052734,-0.051378851956528
188.75,40.0523529052734,-0.0488652294787752
190,40.0523529052734,-0.046867290962251
191.25,40.0523529052734,-0.0462571593877811
192.5,40.0523529052734,-0.0468538197725289
193.75,40.0523529052734,-0.0471156920827123
195,40.0523529052734,-0.0459686323304299
196.25,40.0523529052734,-0.0428058384780945
197.5,40.0523529052734,-0.038508857174488
198.75,40.0523529052734,-0.0348308048798082
200,40.0523529052734,-0.0327375974377113
201.25,40.0523529052734,-0.0308706396370065
202.5,40.0523529052734,-0.0282664471847373
203.75,40.0523529052734,-0.0256078555374048
205,40.0523529052734,-0.0231469565646799
206.25,40.0523529052734,-0.0214071158316017
207.5,40.0523529052734,-0.0209933656860661
208.75,40.0523529052734,-0.0216169468277725
210,40.0523529052734,-0.0223943549775389
211.25,40.0523529052734,-0.0229869572435282
212.5,40.0523529052734,-0.0237158154072018
213.75,40.0523529052734,-0.0247424555981254
215,40.0523529052734,-0.026352889353982
216.25,40.0523529052734,-0.0286562572588236
217.5,40.0523529052734,-0.0303740239630229
218.75,40.0523529052734,-0.0297682121051463
220,40.0523529052734,-0.0266841502135443
221.25,40.0523529052734,-0.0221761334123191
222.5,40.0523529052734,-0.0174091602581213
223.75,40.0523529052734,-0.0131593464978189
225,40.0523529052734,-0.010140072285027
226.25,40.0523529052734,-0.0103515080195985
227.5,40.0523529052734,-0.0152539747032665
228.75,40.0523529052734,-0.023955059695316
230,40.0523529052734,-0.0317114146612696
231.25,40.0523529052734,-0.036370508339933
232.5,40.0523529052734,-0.0332625964766589
233.75,40.0523529052734,-0.0266908416059162
235,40.0523529052734,-0.0202881265684447
236.25,40.0523529052734,-0.0155820936251639
160,40.9947662353516,0.00979743224552801
161.25,40.9947662353516,0.00728612452107965
162.5,40.9947662353516,0.00201515400763294
163.75,40.9947662353516,0.00043119713104415
165,40.9947662353516,0.00110544090532775
166.25,40.9947662353516,0.000350003696231717
167.5,40.9947662353516,-0.00309929494755815
168.75,40.9947662353516,-0.0080515009432986
170,40.9947662353516,-0.014644826633183
171.25,40.9947662353516,-0.0233790383323635
172.5,40.9947662353516,-0.0316734048877393
173.75,40.9947662353516,-0.0372765709142399
175,40.9947662353516,-0.0410569429793806
176.25,40.9947662353516,-0.042435675525438
177.5,40.9947662353516,-0.0436530518123448
178.75,40.9947662353516,-0.0474028809043434
180,40.9947662353516,-0.0518105514247427
181.25,40.9947662353516,-0.0547025431721496
182.5,40.9947662353516,-0.0562632064979812
183.75,40.9947662353516,-0.056556644776944
185,40.9947662353516,-0.0550439624642439
186.25,40.9947662353516,-0.0520772207746078
187.5,40.9947662353516,-0.0487750813733412
188.75,40.9947662353516,-0.0456243041878016
190,40.9947662353516,-0.0436436886911997
191.25,40.9947662353516,-0.0431408759962246
192.5,40.9947662353516,-0.0434492880751401
193.75,40.9947662353516,-0.043164727997533
195,40.9947662353516,-0.0416025810084499
196.25,40.9947662353516,-0.0386847875439793
197.5,40.9947662353516,-0.0348447270970391
198.75,40.9947662353516,-0.031386099636624
200,40.9947662353516,-0.0293287212709495
201.25,40.9947662353516,-0.0267454336821996
202.5,40.9947662353516,-0.0235311401678825
203.75,40.9947662353516,-0.020813338817743
205,40.9947662353516,-0.0191582815117426
206.25,40.9947662353516,-0.0183128662648159
207.5,40.9947662353516,-0.0185075674273764
208.75,40.9947662353516,-0.0196310493736348
210,40.9947662353516,-0.0208647410551372
211.25,40.9947662353516,-0.0218424425602787
212.5,40.9947662353516,-0.0226759702901255
213.75,40.9947662353516,-0.023390872176976
215,40.9947662353516,-0.0247968629971922
216.25,40.9947662353516,-0.0270891523350984
217.5,40.9947662353516,-0.0284886467801543
218.75,40.9947662353516,-0.0271911302259665
220,40.9947662353516,-0.0235176364518009
221.25,40.9947662353516,-0.0189052453654862
222.5,40.9947662353516,-0.014468816398603
223.75,40.9947662353516,-0.0105083909665152
225,40.9947662353516,-0.00738572646926238
226.25,40.9947662353516,-0.00689010847303479
227.5,40.9947662353516,-0.0106942338623953
228.75,40.9947662353516,-0.0191734809702663
230,40.9947662353516,-0.0288633736317968
231.25,40.9947662353516,-0.0353904354736196
232.5,40.9947662353516,-0.0340514779509007
233.75,40.9947662353516,-0.0283097895880538
235,40.9947662353516,-0.0218898799781017
236.25,40.9947662353516,-0.0207910085379508
160,41.9371795654297,-0.00479697481795207
161.25,41.9371795654297,-0.00395130864325393
162.5,41.9371795654297,-0.0073870561712914
163.75,41.9371795654297,-0.00798220608545608
165,41.9371795654297,-0.00602773711398531
166.25,41.9371795654297,-0.00484138644120478
167.5,41.9371795654297,-0.00602736446570559
168.75,41.9371795654297,-0.00898601881152997
170,41.9371795654297,-0.0135557225898387
171.25,41.9371795654297,-0.0207883412152821
172.5,41.9371795654297,-0.0298712420807972
173.75,41.9371795654297,-0.0367338508292025
175,41.9371795654297,-0.0410699660740008
176.25,41.9371795654297,-0.0423643804285878
177.5,41.9371795654297,-0.0431946985536764
178.75,41.9371795654297,-0.0464231861948283
180,41.9371795654297,-0.0498133614628248
181.25,41.9371795654297,-0.0515302664435499
182.5,41.9371795654297,-0.0522625008584081
183.75,41.9371795654297,-0.0526045970231589
185,41.9371795654297,-0.0519957505531733
186.25,41.9371795654297,-0.0498383790555522
187.5,41.9371795654297,-0.0467841972228678
188.75,41.9371795654297,-0.0433857743483056
190,41.9371795654297,-0.040915448024603
191.25,41.9371795654297,-0.039734004903249
192.5,41.9371795654297,-0.0392462749980865
193.75,41.9371795654297,-0.0383038060253528
195,41.9371795654297,-0.0368026592613238
196.25,41.9371795654297,-0.0347888773264384
197.5,41.9371795654297,-0.0317993622249486
198.75,41.9371795654297,-0.0283888247067683
200,41.9371795654297,-0.0255620284688221
201.25,41.9371795654297,-0.0221460630784609
202.5,41.9371795654297,-0.018057328003059
203.75,41.9371795654297,-0.01480139040468
205,41.9371795654297,-0.013201788380929
206.25,41.9371795654297,-0.0131996362181818
207.5,41.9371795654297,-0.0142989431674881
208.75,41.9371795654297,-0.0162240645319889
210,41.9371795654297,-0.0179986427656195
211.25,41.9371795654297,-0.0190633984697208
212.5,41.9371795654297,-0.0195878409876944
213.75,41.9371795654297,-0.0200074678391984
215,41.9371795654297,-0.0214649963458307
216.25,41.9371795654297,-0.0239016852893077
217.5,41.9371795654297,-0.0254731472296983
218.75,41.9371795654297,-0.0245175335526472
220,41.9371795654297,-0.0212489965642022
221.25,41.9371795654297,-0.0171985875109358
222.5,41.9371795654297,-0.0134038174705442
223.75,41.9371795654297,-0.00986019311604926
225,41.9371795654297,-0.00677703490379999
226.25,41.9371795654297,-0.00565303451972471
227.5,41.9371795654297,-0.00839543155722845
228.75,41.9371795654297,-0.0160324616775694
230,41.9371795654297,-0.0269214370922684
231.25,41.9371795654297,-0.0349717091890049
232.5,41.9371795654297,-0.0345469066865221
233.75,41.9371795654297,-0.0286537931591722
235,41.9371795654297,-0.0223926879461273
236.25,41.9371795654297,-0.0206614241068885
160,42.8795776367188,-0.0201131364531432
161.25,42.8795776367188,-0.0207634085349246
162.5,42.8795776367188,-0.0213310722348361
163.75,42.8795776367188,-0.0201346862181288
165,42.8795776367188,-0.0169785136626413
166.25,42.8795776367188,-0.014347305955182
167.5,42.8795776367188,-0.0143169920998681
168.75,42.8795776367188,-0.0162230502821969
170,42.8795776367188,-0.0190819232758766
171.25,42.8795776367188,-0.0240505892159896
172.5,42.8795776367188,-0.0320640744491555
173.75,42.8795776367188,-0.0394808744393838
175,42.8795776367188,-0.0448273465702399
176.25,42.8795776367188,-0.0455135895185547
177.5,42.8795776367188,-0.0445874008213032
178.75,42.8795776367188,-0.0457514395281315
180,42.8795776367188,-0.0471578184534342
181.25,42.8795776367188,-0.0473657852400938
182.5,42.8795776367188,-0.0472216725231688
183.75,42.8795776367188,-0.047401186703872
185,42.8795776367188,-0.0472888567778477
186.25,42.8795776367188,-0.0457115087706275
187.5,42.8795776367188,-0.0429426020315027
188.75,42.8795776367188,-0.0398811310130439
190,42.8795776367188,-0.0374125830522487
191.25,42.8795776367188,-0.0360097235689567
192.5,42.8795776367188,-0.03497928465827
193.75,42.8795776367188,-0.0334572615996213
195,42.8795776367188,-0.0317995751081239
196.25,42.8795776367188,-0.0301440273749453
197.5,42.8795776367188,-0.0274140456223486
198.75,42.8795776367188,-0.0235339062731071
200,42.8795776367188,-0.0197137581194248
201.25,42.8795776367188,-0.0160644764216359
202.5,42.8795776367188,-0.0121998144667113
203.75,42.8795776367188,-0.00882972482179513
205,42.8795776367188,-0.00746405521180427
206.25,42.8795776367188,-0.0079520606174172
207.5,42.8795776367188,-0.00958887730361348
208.75,42.8795776367188,-0.0118814552235646
210,42.8795776367188,-0.0141946457791792
211.25,42.8795776367188,-0.0156050923014634
212.5,42.8795776367188,-0.0161070639870388
213.75,42.8795776367188,-0.0166079389358977
215,42.8795776367188,-0.0181374720855657
216.25,42.8795776367188,-0.0204885904522429
217.5,42.8795776367188,-0.0222371121377726
218.75,42.8795776367188,-0.0221298910022823
220,42.8795776367188,-0.0197892115815946
221.25,42.8795776367188,-0.0165952728708192
222.5,42.8795776367188,-0.0138409120566546
223.75,42.8795776367188,-0.0111632246092921
225,42.8795776367188,-0.00832338858947989
226.25,42.8795776367188,-0.00653739883890805
227.5,42.8795776367188,-0.00754107687571707
228.75,42.8795776367188,-0.0143347722141827
230,42.8795776367188,-0.0255855578852356
231.25,42.8795776367188,-0.0348001482568553
232.5,42.8795776367188,-0.0353496796776648
233.75,42.8795776367188,-0.0288679033246534
235,42.8795776367188,-0.0216930134803516
236.25,42.8795776367188,-0.0191844801906176
160,43.8219909667969,-0.0309288523276586
161.25,43.8219909667969,-0.032679601234532
162.5,43.8219909667969,-0.0306756073677332
163.75,43.8219909667969,-0.0281578106912966
165,43.8219909667969,-0.025282802118901
166.25,43.8219909667969,-0.0225656145393567
167.5,43.8219909667969,-0.0213824935857719
168.75,43.8219909667969,-0.0218842331263016
170,43.8219909667969,-0.0231751058906728
171.25,43.8219909667969,-0.0268293970745669
172.5,43.8219909667969,-0.0331030951260347
173.75,43.8219909667969,-0.0397794239293105
175,43.8219909667969,-0.0451196972404582
176.25,43.8219909667969,-0.047002470730519
177.5,43.8219909667969,-0.0459633258160782
178.75,43.8219909667969,-0.0446113655077248
180,43.8219909667969,-0.0433848472896023
181.25,43.8219909667969,-0.0420457850314213
182.5,43.8219909667969,-0.0412534621358489
183.75,43.8219909667969,-0.0415381579071405
185,43.8219909667969,-0.041857077173607
186.25,43.8219909667969,-0.0404570285010663
187.5,43.8219909667969,-0.0372548265330598
188.75,43.8219909667969,-0.0335516881048205
190,43.8219909667969,-0.0306810719786575
191.25,43.8219909667969,-0.0288096792994263
192.5,43.8219909667969,-0.0276204392529412
193.75,43.8219909667969,-0.0260294220118526
195,43.8219909667969,-0.0246698061669609
196.25,43.8219909667969,-0.0236424338759327
197.5,43.8219909667969,-0.0213285967308195
198.75,43.8219909667969,-0.0174663619775128
200,43.8219909667969,-0.0130285107562145
201.25,43.8219909667969,-0.00882640491796552
202.5,43.8219909667969,-0.00501037673083051
203.75,43.8219909667969,-0.00207670272704982
205,43.8219909667969,-0.00115337263627132
206.25,43.8219909667969,-0.00240248585365318
207.5,43.8219909667969,-0.00485095811913103
208.75,43.8219909667969,-0.00772962168939524
210,43.8219909667969,-0.0104223701442236
211.25,43.8219909667969,-0.0122322128560754
212.5,43.8219909667969,-0.0131125822860738
213.75,43.8219909667969,-0.0139593900271925
215,43.8219909667969,-0.0154063316364178
216.25,43.8219909667969,-0.017725883537234
217.5,43.8219909667969,-0.0203043762583718
218.75,43.8219909667969,-0.0209313647959546
220,43.8219909667969,-0.0194995468460506
221.25,43.8219909667969,-0.0176498259904819
222.5,43.8219909667969,-0.0159282520003111
223.75,43.8219909667969,-0.0137372741808386
225,43.8219909667969,-0.0106708335076483
226.25,43.8219909667969,-0.00782165335016939
227.5,43.8219909667969,-0.00739780492372527
228.75,43.8219909667969,-0.0129600004671919
230,43.8219909667969,-0.0244873302732418
231.25,43.8219909667969,-0.0340229671628125
232.5,43.8219909667969,-0.0359987350550335
233.75,43.8219909667969,-0.0300181238099516
235,43.8219909667969,-0.022195735968066
236.25,43.8219909667969,-0.0187070331662398
160,44.764404296875,-0.0316303607586161
161.25,44.764404296875,-0.0317083071797237
162.5,44.764404296875,-0.0297032198002925
163.75,44.764404296875,-0.0277196914602227
165,44.764404296875,-0.0257553395534312
166.25,44.764404296875,-0.0238258671862844
167.5,44.764404296875,-0.022102807289952
168.75,44.764404296875,-0.0215749469773892
170,44.764404296875,-0.0224194053871569
171.25,44.764404296875,-0.0248889715291735
172.5,44.764404296875,-0.0280027436743999
173.75,44.764404296875,-0.0328061371786033
175,44.764404296875,-0.0386696162443416
176.25,44.764404296875,-0.0424201061088189
177.5,44.764404296875,-0.0427836098800022
178.75,44.764404296875,-0.0410720713012587
180,44.764404296875,-0.0390757433624072
181.25,44.764404296875,-0.0371364289216587
182.5,44.764404296875,-0.0357077811828961
183.75,44.764404296875,-0.035285793397614
185,44.764404296875,-0.034937869445553
186.25,44.764404296875,-0.0330718095789552
187.5,44.764404296875,-0.0290794665694148
188.75,44.764404296875,-0.0244264471523214
190,44.764404296875,-0.0210490822931141
191.25,44.764404296875,-0.0192761753163888
192.5,44.764404296875,-0.0183524700918949
193.75,44.764404296875,-0.0168685514455153
195,44.764404296875,-0.0156570711449051
196.25,44.764404296875,-0.0144364439723203
197.5,44.764404296875,-0.0124550559237405
198.75,44.764404296875,-0.00941349056708236
200,44.764404296875,-0.00564707508348261
201.25,44.764404296875,-0.00176232752033726
202.5,44.764404296875,0.00166603128861238
203.75,44.764404296875,0.00385861757438074
205,44.764404296875,0.00452557010327183
206.25,44.764404296875,0.0030675104416987
207.5,44.764404296875,-3.16417791171988e-05
208.75,44.764404296875,-0.00369180321235519
210,44.764404296875,-0.00709100369533771
211.25,44.764404296875,-0.00950573455769879
212.5,44.764404296875,-0.011016650099473
213.75,44.764404296875,-0.0123638750917117
215,44.764404296875,-0.0140975167875693
216.25,44.764404296875,-0.0166936648404101
217.5,44.764404296875,-0.0195190553691708
218.75,44.764404296875,-0.0208254558149395
220,44.764404296875,-0.0204814940262945
221.25,44.764404296875,-0.0199811887337335
222.5,44.764404296875,-0.0190664708705204
223.75,44.764404296875,-0.0166718992362095
225,44.764404296875,-0.0127376280127964
226.25,44.764404296875,-0.00875519877578067
227.5,44.764404296875,-0.00746049208092497
228.75,44.764404296875,-0.0123522644293904
230,44.764404296875,-0.022736205630656
231.25,44.764404296875,-0.0322668731115599
232.5,44.764404296875,-0.0352048261629476
233.75,44.764404296875,-0.0310876689297613
235,44.764404296875,-0.025216861234138
236.25,44.764404296875,-0.0221845274173598
160,45.7068023681641,-0.0221498992104554
161.25,45.7068023681641,-0.0211034678151988
162.5,45.7068023681641,-0.0200911508177528
163.75,45.7068023681641,-0.0193749012026879
165,45.7068023681641,-0.0186617197643346
166.25,45.7068023681641,-0.0177158738683395
167.5,45.7068023681641,-0.0161597741208777
168.75,45.7068023681641,-0.0152520035063108
170,45.7068023681641,-0.0164916475743828
171.25,45.7068023681641,-0.0182063368522211
172.5,45.7068023681641,-0.0187437692010135
173.75,45.7068023681641,-0.0219459702354755
175,45.7068023681641,-0.0276195201148627
176.25,45.7068023681641,-0.032350963303277
177.5,45.7068023681641,-0.034649889320653
178.75,45.7068023681641,-0.0351604279655788
180,45.7068023681641,-0.0348967298495693
181.25,45.7068023681641,-0.0340765839079782
182.5,45.7068023681641,-0.0327746537564824
183.75,45.7068023681641,-0.0315526851012127
185,45.7068023681641,-0.0299327883921883
186.25,45.7068023681641,-0.026585594698255
187.5,45.7068023681641,-0.0212065646545436
188.75,45.7068023681641,-0.0150714781521057
190,45.7068023681641,-0.0100879272786606
191.25,45.7068023681641,-0.00785735235325328
192.5,45.7068023681641,-0.00767510134659177
193.75,45.7068023681641,-0.0071916356715965
195,45.7068023681641,-0.00695638597425946
196.25,45.7068023681641,-0.00579572694244938
197.5,45.7068023681641,-0.00381244827853254
198.75,45.7068023681641,-0.00128741775388604
200,45.7068023681641,0.00199082041851083
201.25,45.7068023681641,0.00533901515508216
202.5,45.7068023681641,0.00761566302174076
203.75,45.7068023681641,0.00840571926653247
205,45.7068023681641,0.0079280474313661
206.25,45.7068023681641,0.00614964273099952
207.5,45.7068023681641,0.00281612152534371
208.75,45.7068023681641,-0.00088824241263449
210,45.7068023681641,-0.00426037497983951
211.25,45.7068023681641,-0.0070317929341351
212.5,45.7068023681641,-0.00929653636881936
213.75,45.7068023681641,-0.0115400475636222
215,45.7068023681641,-0.0141415185884559
216.25,45.7068023681641,-0.0171137014225541
217.5,45.7068023681641,-0.0198377073629541
218.75,45.7068023681641,-0.0215120663688219
220,45.7068023681641,-0.0223299929661419
221.25,45.7068023681641,-0.0227077140079407
222.5,45.7068023681641,-0.0217719882842174
223.75,45.7068023681641,-0.0187381656072707
225,45.7068023681641,-0.0139835186480316
226.25,45.7068023681641,-0.00936502227258676
227.5,45.7068023681641,-0.00781278858840248
228.75,45.7068023681641,-0.0126798209338091
230,45.7068023681641,-0.0216590502498635
231.25,45.7068023681641,-0.0295257320865356
232.5,45.7068023681641,-0.0323956492914605
233.75,45.7068023681641,-0.0302586518986482
235,45.7068023681641,-0.0277352322155275
236.25,45.7068023681641,-0.0259488280298203
160,46.6492156982422,-0.0120117151571554
161.25,46.6492156982422,-0.0108984188491039
162.5,46.6492156982422,-0.00969103191215948
163.75,46.6492156982422,-0.00861244243587343
165,46.6492156982422,-0.00832592370359041
166.25,46.6492156982422,-0.00811664284222241
167.5,46.6492156982422,-0.00708112504376068
168.75,46.6492156982422,-0.00671860846772705
170,46.6492156982422,-0.0078983752016141
171.25,46.6492156982422,-0.00829765820207722
172.5,46.6492156982422,-0.00888955787113328
173.75,46.6492156982422,-0.0122956036840341
175,46.6492156982422,-0.0180642557719494
176.25,46.6492156982422,-0.0240330322149879
177.5,46.6492156982422,-0.0284491873852013
178.75,46.6492156982422,-0.0314800838325946
180,46.6492156982422,-0.0333077976303474
181.25,46.6492156982422,-0.0334070226495629
182.5,46.6492156982422,-0.0321452923541436
183.75,46.6492156982422,-0.0301809734668867
185,46.6492156982422,-0.0274562755566504
186.25,46.6492156982422,-0.0231342757651558
187.5,46.6492156982422,-0.0173225099191181
188.75,46.6492156982422,-0.0109155405276072
190,46.6492156982422,-0.00490150419747473
191.25,46.6492156982422,-0.000377199091661865
192.5,46.6492156982422,0.00210238550943895
193.75,46.6492156982422,0.00376240401971735
195,46.6492156982422,0.00466087193672425
196.25,46.6492156982422,0.00520979468039718
197.5,46.6492156982422,0.00544934687604174
198.75,46.6492156982422,0.00576374700042921
200,46.6492156982422,0.00729807891982711
201.25,46.6492156982422,0.00934168099361385
202.5,46.6492156982422,0.0105773213623692
203.75,46.6492156982422,0.0102734168323927
205,46.6492156982422,0.00868369268227759
206.25,46.6492156982422,0.00653728790949328
207.5,46.6492156982422,0.00355156498417377
208.75,46.6492156982422,-0.000152258583402111
210,46.6492156982422,-0.00343209574060071
211.25,46.6492156982422,-0.0062496220240028
212.5,46.6492156982422,-0.00898135526866446
213.75,46.6492156982422,-0.0119769793516119
215,46.6492156982422,-0.0152863120560675
216.25,46.6492156982422,-0.0187580610548493
217.5,46.6492156982422,-0.0217669705444631
218.75,46.6492156982422,-0.0239626895746936
220,46.6492156982422,-0.0254037588770606
221.25,46.6492156982422,-0.0255917220525767
222.5,46.6492156982422,-0.0238375772058183
223.75,46.6492156982422,-0.0200243442141972
225,46.6492156982422,-0.014797853588722
226.25,46.6492156982422,-0.0102003763547428
227.5,46.6492156982422,-0.00939181724368203
228.75,46.6492156982422,-0.0145125865937609
230,46.6492156982422,-0.0220127872004103
231.25,46.6492156982422,-0.0275832492018966
232.5,46.6492156982422,-0.0284716321400008
233.75,46.6492156982422,-0.0264846699942678
235,46.6492156982422,-0.0246905026340153
236.25,46.6492156982422,-0.0228929661143975
160,47.5916290283203,-0.0207332775827427
161.25,47.5916290283203,-0.0197605302855183
162.5,47.5916290283203,-0.0187154935437267
163.75,47.5916290283203,-0.0168060048703578
165,47.5916290283203,-0.016031173640955
166.25,47.5916290283203,-0.0134900187505374
167.5,47.5916290283203,-0.00872163600763615
168.75,47.5916290283203,-0.00406321450342898
170,47.5916290283203,-0.00113847635559487
171.25,47.5916290283203,-0.000313496139541517
172.5,47.5916290283203,-0.00204507631757762
173.75,47.5916290283203,-0.00631849322703075
175,47.5916290283203,-0.0121051092387471
176.25,47.5916290283203,-0.0181114645508234
177.5,47.5916290283203,-0.0236850314330942
178.75,47.5916290283203,-0.0284305350858441
180,47.5916290283203,-0.031729434920084
181.25,47.5916290283203,-0.0327368851052713
182.5,47.5916290283203,-0.0318070046799555
183.75,47.5916290283203,-0.0298640111926021
185,47.5916290283203,-0.0269341984623708
186.25,47.5916290283203,-0.0221270373406645
187.5,47.5916290283203,-0.0156931842305812
188.75,47.5916290283203,-0.00851845010900153
190,47.5916290283203,-0.00107850227695646
191.25,47.5916290283203,0.00559905510611841
192.5,47.5916290283203,0.0101736113716861
193.75,47.5916290283203,0.0129498246910253
195,47.5916290283203,0.0146329823294622
196.25,47.5916290283203,0.0150145387354909
197.5,47.5916290283203,0.0134733371432038
198.75,47.5916290283203,0.0114917085055891
200,47.5916290283203,0.0107140437754761
201.25,47.5916290283203,0.0108064933889108
202.5,47.5916290283203,0.0104994884631171
203.75,47.5916290283203,0.0090585210564554
205,47.5916290283203,0.00672151430320211
206.25,47.5916290283203,0.00416359281744733
207.5,47.5916290283203,0.0014746869252196
208.75,47.5916290283203,-0.00162161836085233
210,47.5916290283203,-0.00488036118345847
211.25,47.5916290283203,-0.00791566640016757
212.5,47.5916290283203,-0.0109790600944099
213.75,47.5916290283203,-0.0144740604781938
215,47.5916290283203,-0.0185071239696384
216.25,47.5916290283203,-0.0224901270549388
217.5,47.5916290283203,-0.0257571877163687
218.75,47.5916290283203,-0.0281179413786538
220,47.5916290283203,-0.0290822998126848
221.25,47.5916290283203,-0.0282036376006107
222.5,47.5916290283203,-0.0253770812934171
223.75,47.5916290283203,-0.0207279746379912
225,47.5916290283203,-0.0154050461491882
226.25,47.5916290283203,-0.0113426885396015
227.5,47.5916290283203,-0.0117770929921667
228.75,47.5916290283203,-0.0176352495672221
230,47.5916290283203,-0.0233112873103186
231.25,47.5916290283203,-0.0250722965499872
232.5,47.5916290283203,-0.0234046870967374
233.75,47.5916290283203,-0.0205786548626034
235,47.5916290283203,-0.0160942489761264
236.25,47.5916290283203,-0.0124858041490818
160,48.5340270996094,-0.0205669818885013
161.25,48.5340270996094,-0.0178036911105427
162.5,48.5340270996094,-0.0145623542016078
163.75,48.5340270996094,-0.00927500832392969
165,48.5340270996094,-0.00370772015279827
166.25,48.5340270996094,0.00140106635604758
167.5,48.5340270996094,0.00601332984689107
168.75,48.5340270996094,0.00966951266711428
170,48.5340270996094,0.0101324965433091
171.25,48.5340270996094,0.00758971834449847
172.5,48.5340270996094,0.00278512127477862
173.75,48.5340270996094,-0.00365827834755193
175,48.5340270996094,-0.0108261736740354
176.25,48.5340270996094,-0.0177004100126116
177.5,48.5340270996094,-0.0237883873271261
178.75,48.5340270996094,-0.0284297895391055
180,48.5340270996094,-0.0307464340850825
181.25,48.5340270996094,-0.0305146106971876
182.5,48.5340270996094,-0.0281635186812637
183.75,48.5340270996094,-0.0248128906623407
185,48.5340270996094,-0.0205518209739098
186.25,48.5340270996094,-0.0148023930205009
187.5,48.5340270996094,-0.0080755142970343
188.75,48.5340270996094,-0.000604528870663518
190,48.5340270996094,0.00734839789533762
191.25,48.5340270996094,0.014547816305992
192.5,48.5340270996094,0.0197632265432216
193.75,48.5340270996094,0.0224400721030757
195,48.5340270996094,0.022642655239571
196.25,48.5340270996094,0.0208825651665793
197.5,48.5340270996094,0.0167585546811189
198.75,48.5340270996094,0.0126353834824919
200,48.5340270996094,0.0101668255110148
201.25,48.5340270996094,0.00863908648633364
202.5,48.5340270996094,0.00693057567690455
203.75,48.5340270996094,0.00494194379280212
205,48.5340270996094,0.00252228829819603
206.25,48.5340270996094,-0.000159128072401935
207.5,48.5340270996094,-0.00300346897272503
208.75,48.5340270996094,-0.00613153479521602
210,48.5340270996094,-0.00934703921877776
211.25,48.5340270996094,-0.0121932734091604
212.5,48.5340270996094,-0.0152070581438397
213.75,48.5340270996094,-0.0189742058673685
215,48.5340270996094,-0.0235555806619222
216.25,48.5340270996094,-0.0279643936817995
217.5,48.5340270996094,-0.031408380451501
218.75,48.5340270996094,-0.0329486911266793
220,48.5340270996094,-0.0323749350543619
221.25,48.5340270996094,-0.0299560495203598
222.5,48.5340270996094,-0.0261045871698294
223.75,48.5340270996094,-0.0213592797480131
225,48.5340270996094,-0.0163426946230432
226.25,48.5340270996094,-0.0127479598551578
227.5,48.5340270996094,-0.0140651396190234
228.75,48.5340270996094,-0.0193298885446565
230,48.5340270996094,-0.0213580071008736
231.25,48.5340270996094,-0.0188916770997624
232.5,48.5340270996094,-0.0153101959106858
233.75,48.5340270996094,-0.011813803869105
235,48.5340270996094,-0.00920493907876826
236.25,48.5340270996094,-0.00837882187918754
160,49.4764404296875,-0.0236890766900639
161.25,49.4764404296875,-0.0186801007234771
162.5,49.4764404296875,-0.0130560660220312
163.75,49.4764404296875,-0.00572414722315545
165,49.4764404296875,0.00209935888159137
166.25,49.4764404296875,0.00905980662397884
167.5,49.4764404296875,0.0138007555971116
168.75,49.4764404296875,0.0157489005320359
170,49.4764404296875,0.0145217602464958
171.25,49.4764404296875,0.0107294455793393
172.5,49.4764404296875,0.0047797638005572
173.75,49.4764404296875,-0.00300054105121219
175,49.4764404296875,-0.011454310475357
176.25,49.4764404296875,-0.0188968163535578
177.5,49.4764404296875,-0.0243188218848634
178.75,49.4764404296875,-0.0270484193520403
180,49.4764404296875,-0.0266894167479652
181.25,49.4764404296875,-0.0235604680514786
182.5,49.4764404296875,-0.0180136610431341
183.75,49.4764404296875,-0.0100942898031942
185,49.4764404296875,-0.00152464291094894
186.25,49.4764404296875,0.00691515571436406
187.5,49.4764404296875,0.013815526484959
188.75,49.4764404296875,0.0179631935735489
190,49.4764404296875,0.0205907459075612
191.25,49.4764404296875,0.022723579576773
192.5,49.4764404296875,0.0241693402671431
193.75,49.4764404296875,0.0241511206650486
195,49.4764404296875,0.022533602047118
196.25,49.4764404296875,0.0191293372305706
197.5,49.4764404296875,0.0140318698110623
198.75,49.4764404296875,0.00900533404156318
200,49.4764404296875,0.00551076294216837
201.25,49.4764404296875,0.0034324042311428
202.5,49.4764404296875,0.00126865532935244
203.75,49.4764404296875,-0.00110398418903915
205,49.4764404296875,-0.00393639205455024
206.25,49.4764404296875,-0.00693116690703566
207.5,49.4764404296875,-0.00964248538480899
208.75,49.4764404296875,-0.0123497563489453
210,49.4764404296875,-0.0153059876166992
211.25,49.4764404296875,-0.018331357755021
212.5,49.4764404296875,-0.0218574278225902
213.75,49.4764404296875,-0.0258568309040799
215,49.4764404296875,-0.0295498556036932
216.25,49.4764404296875,-0.0326944578052841
217.5,49.4764404296875,-0.0351473395341524
218.75,49.4764404296875,-0.0357607639153608
220,49.4764404296875,-0.0339758076381533
221.25,49.4764404296875,-0.0305892136024766
222.5,49.4764404296875,-0.0263600167716408
223.75,49.4764404296875,-0.021751793485812
225,49.4764404296875,-0.017455842629008
226.25,49.4764404296875,-0.0146018815318552
227.5,49.4764404296875,-0.0153842847141177
228.75,49.4764404296875,-0.0177474155744988
230,49.4764404296875,-0.0158431635032844
231.25,49.4764404296875,-0.0102084586423319
232.5,49.4764404296875,-0.0049588252304178
233.75,49.4764404296875,-0.00367120225662424
235,49.4764404296875,-0.00578333660442548
160,50.4188537597656,-0.025087825326247
161.25,50.4188537597656,-0.0209016010707014
162.5,50.4188537597656,-0.0140648804653945
163.75,50.4188537597656,-0.0063840847234902
165,50.4188537597656,0.000641085304545939
166.25,50.4188537597656,0.00662240189940551
167.5,50.4188537597656,0.0106946710266881
168.75,50.4188537597656,0.011446521451312
170,50.4188537597656,0.00899942842079841
171.25,50.4188537597656,0.00445503629490036
172.5,50.4188537597656,-0.00163323881312567
173.75,50.4188537597656,-0.00890017339665894
175,50.4188537597656,-0.0159993135663149
176.25,50.4188537597656,-0.0215011027357209
177.5,50.4188537597656,-0.0242013232240837
178.75,50.4188537597656,-0.0237906111156852
180,50.4188537597656,-0.0201252133964056
181.25,50.4188537597656,-0.0129420430391801
182.5,50.4188537597656,-0.0034827128543008
183.75,50.4188537597656,0.00692163480840749
185,50.4188537597656,0.0161581830497148
186.25,50.4188537597656,0.0221649678038922
187.5,50.4188537597656,0.0245982008427789
188.75,50.4188537597656,0.0239425226987995
190,50.4188537597656,0.0216462966098298
191.25,50.4188537597656,0.0189849431370576
192.5,50.4188537597656,0.0164067504944254
193.75,50.4188537597656,0.0144229045963082
195,50.4188537597656,0.0124036085599296
196.25,50.4188537597656,0.0096879214669138
197.5,50.4188537597656,0.00573942478676275
198.75,50.4188537597656,0.00178543843946668
200,50.4188537597656,-0.00138162473927291
201.25,50.4188537597656,-0.00365080840595443
202.5,50.4188537597656,-0.00550598285149518
203.75,50.4188537597656,-0.00736159746438143
205,50.4188537597656,-0.00979301483039748
206.25,50.4188537597656,-0.0128091803889513
207.5,50.4188537597656,-0.0161341071066081
208.75,50.4188537597656,-0.0195972344296939
210,50.4188537597656,-0.0225786109480822
211.25,50.4188537597656,-0.0255327202792078
212.5,50.4188537597656,-0.0289539159935048
213.75,50.4188537597656,-0.0320414800028038
215,50.4188537597656,-0.0341164027133349
216.25,50.4188537597656,-0.0354000611151956
217.5,50.4188537597656,-0.0365379876903537
218.75,50.4188537597656,-0.0359070150676605
220,50.4188537597656,-0.0333957491093729
221.25,50.4188537597656,-0.0299118192255413
222.5,50.4188537597656,-0.025933695838242
223.75,50.4188537597656,-0.0218640836216361
225,50.4188537597656,-0.0180766851950289
226.25,50.4188537597656,-0.0155268587127796
227.5,50.4188537597656,-0.0147386929576001
228.75,50.4188537597656,-0.014303604928629
230,50.4188537597656,-0.0116630393302642
231.25,50.4188537597656,-0.00735714990462517
232.5,50.4188537597656,-0.00304042242506719
233.75,50.4188537597656,-0.00122171639372305
160,51.3612518310547,-0.0223794975370444
161.25,51.3612518310547,-0.0225005579300337
162.5,51.3612518310547,-0.0178324836065357
163.75,51.3612518310547,-0.0110612055013911
165,51.3612518310547,-0.00593231136423727
166.25,51.3612518310547,-0.00242615622872439
167.5,51.3612518310547,-0.000104565004507366
168.75,51.3612518310547,-0.000100569484696127
170,51.3612518310547,-0.00352143615762948
171.25,51.3612518310547,-0.00933770627458332
172.5,51.3612518310547,-0.0158860884267743
173.75,51.3612518310547,-0.022243575410929
175,51.3612518310547,-0.0272170515895309
176.25,51.3612518310547,-0.0290968425548664
177.5,51.3612518310547,-0.0277459994446125
178.75,51.3612518310547,-0.0243776733714035
180,51.3612518310547,-0.0191096902125684
181.25,51.3612518310547,-0.0112391505609779
182.5,51.3612518310547,-0.00129103266942102
183.75,51.3612518310547,0.0102308173394459
185,51.3612518310547,0.019490604896283
186.25,51.3612518310547,0.023817173080163
187.5,51.3612518310547,0.0240775338214943
188.75,51.3612518310547,0.021350379870824
190,51.3612518310547,0.017784272787372
191.25,51.3612518310547,0.0137444962954869
192.5,51.3612518310547,0.00969748541957155
193.75,51.3612518310547,0.00609159066039723
195,51.3612518310547,0.00313627079441433
196.25,51.3612518310547,0.000810793315600707
197.5,51.3612518310547,-0.00107359593644583
198.75,51.3612518310547,-0.00291103276315702
200,51.3612518310547,-0.00490679054587133
201.25,51.3612518310547,-0.00689363331891053
202.5,51.3612518310547,-0.00905328463193844
203.75,51.3612518310547,-0.0115667900601195
205,51.3612518310547,-0.0142320859768144
206.25,51.3612518310547,-0.0170793498242328
207.5,51.3612518310547,-0.0205259429465147
208.75,51.3612518310547,-0.0247827145108564
210,51.3612518310547,-0.0290285489392876
211.25,51.3612518310547,-0.0328128248184978
212.5,51.3612518310547,-0.0353058114895584
213.75,51.3612518310547,-0.0362441441966967
215,51.3612518310547,-0.0362546292345115
216.25,51.3612518310547,-0.0361310015030047
217.5,51.3612518310547,-0.0356437084663387
218.75,51.3612518310547,-0.0337567027674714
220,51.3612518310547,-0.0311085442732761
221.25,51.3612518310547,-0.0280618151958064
222.5,51.3612518310547,-0.0245443670908526
223.75,51.3612518310547,-0.0208055681904816
225,51.3612518310547,-0.0174778159095631
226.25,51.3612518310547,-0.0146799931153483
227.5,51.3612518310547,-0.0123060672114413
228.75,51.3612518310547,-0.0100254422881112
230,51.3612518310547,-0.00709346194855945
231.25,51.3612518310547,-0.00453289518785996
232.5,51.3612518310547,-0.00285241184941506
160,52.3036651611328,-0.0194757286097251
161.25,52.3036651611328,-0.0212926963922736
162.5,52.3036651611328,-0.021498144782369
163.75,52.3036651611328,-0.0185216133653702
165,52.3036651611328,-0.0161400060852121
166.25,52.3036651611328,-0.0152491791504065
167.5,52.3036651611328,-0.0147099608711214
168.75,52.3036651611328,-0.01446989096436
170,52.3036651611328,-0.0161698120504128
171.25,52.3036651611328,-0.020600956543177
172.5,52.3036651611328,-0.0258587787949599
173.75,52.3036651611328,-0.0306680826384955
175,52.3036651611328,-0.0334862466433943
176.25,52.3036651611328,-0.0325382171349934
177.5,52.3036651611328,-0.0286868231525858
178.75,52.3036651611328,-0.0237646247404698
180,52.3036651611328,-0.0180239794259483
181.25,52.3036651611328,-0.0113191638590681
182.5,52.3036651611328,-0.00318118747923851
183.75,52.3036651611328,0.00637054120169077
185,52.3036651611328,0.0145286363687888
186.25,52.3036651611328,0.0196397202126413
187.5,52.3036651611328,0.0211590944463986
188.75,52.3036651611328,0.0196689226373069
190,52.3036651611328,0.0178472366067818
191.25,52.3036651611328,0.0146749069526229
192.5,52.3036651611328,0.0103333514672465
193.75,52.3036651611328,0.00601637347870904
195,52.3036651611328,0.00280312807932179
196.25,52.3036651611328,0.000730687145773753
197.5,52.3036651611328,-0.000454191119500404
198.75,52.3036651611328,-0.00147668630780229
200,52.3036651611328,-0.0031700954790933
201.25,52.3036651611328,-0.00543968978438363
202.5,52.3036651611328,-0.00831950738597536
203.75,52.3036651611328,-0.0117991026873044
205,52.3036651611328,-0.0155250301857969
206.25,52.3036651611328,-0.0196580998539739
207.5,52.3036651611328,-0.0243411079128557
208.75,52.3036651611328,-0.0291897475291913
210,52.3036651611328,-0.0335313803759696
211.25,52.3036651611328,-0.0370474979365557
212.5,52.3036651611328,-0.0388458452678093
213.75,52.3036651611328,-0.0384955830837056
215,52.3036651611328,-0.0369959094000177
216.25,52.3036651611328,-0.0354012259999376
217.5,52.3036651611328,-0.0332080428283035
218.75,52.3036651611328,-0.0304144621418503
220,52.3036651611328,-0.02798226343143
221.25,52.3036651611328,-0.0258190256752954
222.5,52.3036651611328,-0.0229086744916871
223.75,52.3036651611328,-0.0194073562627453
225,52.3036651611328,-0.0161840396569256
226.25,52.3036651611328,-0.0128737606717587
227.5,52.3036651611328,-0.0094209612226317
228.75,52.3036651611328,-0.00517304345217808
230,52.3036651611328,7.1759416265853e-05
231.25,52.3036651611328,0.000573445381574791
232.5,52.3036651611328,-0.000937406132589705
160,53.2460784912109,-0.0179798342533307
161.25,53.2460784912109,-0.019007905773586
162.5,53.2460784912109,-0.0210276031911612
163.75,53.2460784912109,-0.022252958200371
165,53.2460784912109,-0.0225326621540552
166.25,53.2460784912109,-0.0228027160755405
167.5,53.2460784912109,-0.0226308560787951
168.75,53.2460784912109,-0.0218880791365736
170,53.2460784912109,-0.0223745034369834
171.25,53.2460784912109,-0.025321729708077
172.5,53.2460784912109,-0.0294902555625537
173.75,53.2460784912109,-0.0331151374538488
175,53.2460784912109,-0.0331321276384225
176.25,53.2460784912109,-0.0289936917902092
177.5,53.2460784912109,-0.0230855794646388
178.75,53.2460784912109,-0.0174269483519505
180,53.2460784912109,-0.0123108716308072
181.25,53.2460784912109,-0.00714296012600834
182.5,53.2460784912109,-0.00133501922513005
183.75,53.2460784912109,0.00425432339000076
185,53.2460784912109,0.00913933322957588
186.25,53.2460784912109,0.0133521444119813
187.5,53.2460784912109,0.0162411877106313
188.75,53.2460784912109,0.0173481475438548
190,53.2460784912109,0.0176652381901635
191.25,53.2460784912109,0.0164183400083182
192.5,53.2460784912109,0.0138345392331906
193.75,53.2460784912109,0.00844415803503212
195,53.2460784912109,0.00486169680907516
196.25,53.2460784912109,0.00322556684488419
197.5,53.2460784912109,0.00265607176518021
198.75,53.2460784912109,0.00182935083254965
200,53.2460784912109,-0.000175169493405054
201.25,53.2460784912109,-0.0028932230979603
202.5,53.2460784912109,-0.00645205849062429
203.75,53.2460784912109,-0.010632536817459
205,53.2460784912109,-0.014872853620456
206.25,53.2460784912109,-0.0197024730705734
207.5,53.2460784912109,-0.0251978846611891
208.75,53.2460784912109,-0.0305964080122747
210,53.2460784912109,-0.0349388731588414
211.25,53.2460784912109,-0.0379967110012773
212.5,53.2460784912109,-0.0390897941925979
213.75,53.2460784912109,-0.0380592499177508
215,53.2460784912109,-0.035681543783913
216.25,53.2460784912109,-0.0326475054817009
217.5,53.2460784912109,-0.0297397271360251
218.75,53.2460784912109,-0.0272245758594992
220,53.2460784912109,-0.0252733013908516
221.25,53.2460784912109,-0.0234687847640214
222.5,53.2460784912109,-0.0211414163614128
223.75,53.2460784912109,-0.0184138361797045
225,53.2460784912109,-0.0154205762710551
226.25,53.2460784912109,-0.0117606739911061
227.5,53.2460784912109,-0.00811353214760681
228.75,53.2460784912109,-0.00488256422570501
230,53.2460784912109,0.000264583611963432
231.25,53.2460784912109,0.00398428913933668
160,54.1884765625,-0.0177665661072395
161.25,54.1884765625,-0.0182249292458126
162.5,54.1884765625,-0.0195684824057988
163.75,54.1884765625,-0.0204403302181454
165,54.1884765625,-0.020785022016431
166.25,54.1884765625,-0.0220135080806064
167.5,54.1884765625,-0.0231527455484027
168.75,54.1884765625,-0.0233856172417171
170,54.1884765625,-0.0238585386186615
171.25,54.1884765625,-0.0256968265672472
172.5,54.1884765625,-0.0278035734341446
173.75,54.1884765625,-0.0287132918229476
175,54.1884765625,-0.0264494636432673
176.25,54.1884765625,-0.0205750610514993
177.5,54.1884765625,-0.0136036753278086
178.75,54.1884765625,-0.00760569090420492
180,54.1884765625,-0.00280016528418846
181.25,54.1884765625,0.00081820576033792
182.5,54.1884765625,0.00329198473978972
183.75,54.1884765625,0.00528281939194702
185,54.1884765625,0.0076802215097932
186.25,54.1884765625,0.0107706828929069
187.5,54.1884765625,0.0134805942868502
188.75,54.1884765625,0.0149630966208795
190,54.1884765625,0.0155475320474545
191.25,54.1884765625,0.0146891302306824
192.5,54.1884765625,0.0119077594621313
193.75,54.1884765625,0.00820596930929372
195,54.1884765625,0.00454685839473156
196.25,54.1884765625,0.00111399346226532
197.5,54.1884765625,0.00287460815542717
198.75,54.1884765625,0.00472405838223462
200,54.1884765625,0.00250060813314916
201.25,54.1884765625,-0.000861767110587371
202.5,54.1884765625,-0.00512289179595193
203.75,54.1884765625,-0.00960879632054292
205,54.1884765625,-0.0132225428988003
206.25,54.1884765625,-0.0166685673548661
207.5,54.1884765625,-0.0208139432620546
208.75,54.1884765625,-0.0257342979381578
210,54.1884765625,-0.0302964198254799
211.25,54.1884765625,-0.0336718963056584
212.5,54.1884765625,-0.0352951129485968
213.75,54.1884765625,-0.0352123380318965
215,54.1884765625,-0.0331476760462586
216.25,54.1884765625,-0.0296304133278984
217.5,54.1884765625,-0.0262598541311462
218.75,54.1884765625,-0.0239921890312322
220,54.1884765625,-0.0226782083764792
221.25,54.1884765625,-0.0211964148440516
222.5,54.1884765625,-0.0189943132092359
223.75,54.1884765625,-0.0164445473677297
225,54.1884765625,-0.0135439387608671
226.25,54.1884765625,-0.00955309359341862
227.5,54.1884765625,-0.00382887816624145
228.75,54.1884765625,-0.00566098460235015
230,54.1884765625,-0.00613761924249804
161.25,55.1308898925781,-0.0189106464305514
162.5,55.1308898925781,-0.0199314404203951
163.75,55.1308898925781,-0.0216513645094115
165,55.1308898925781,-0.0204353632087283
166.25,55.1308898925781,-0.0192081817020499
167.5,55.1308898925781,-0.0202955592813599
168.75,55.1308898925781,-0.0213863269109382
170,55.1308898925781,-0.0220627185034852
171.25,55.1308898925781,-0.022730862148345
172.5,55.1308898925781,-0.022432834362832
173.75,55.1308898925781,-0.0200098315502621
175,55.1308898925781,-0.0153928060302543
176.25,55.1308898925781,-0.00996400309576119
177.5,55.1308898925781,-0.00491253788163501
178.75,55.1308898925781,-0.000946945409373331
180,55.1308898925781,0.00195757212940003
181.25,55.1308898925781,0.00375302418499165
182.5,55.1308898925781,0.00484592120526437
183.75,55.1308898925781,0.00618044406943004
185,55.1308898925781,0.00841084029791792
186.25,55.1308898925781,0.0105084590630141
187.5,55.1308898925781,0.011692309245503
188.75,55.1308898925781,0.0121252334385616
190,55.1308898925781,0.0119147615663404
191.25,55.1308898925781,0.0103272199725272
192.5,55.1308898925781,0.00686595497277915
193.75,55.1308898925781,0.00270689937729679
195,55.1308898925781,-0.00253390495815938
196.25,55.1308898925781,-0.00634060545828556
197.5,55.1308898925781,-0.00295636047208248
198.75,55.1308898925781,0.00618377405321412
200,55.1308898925781,0.0042634911628765
201.25,55.1308898925781,0.00163427065108774
202.5,55.1308898925781,-0.00389824829991909
203.75,55.1308898925781,-0.00941408992142316
205,55.1308898925781,-0.0129315385046603
206.25,55.1308898925781,-0.0159842345888228
207.5,55.1308898925781,-0.0188618825353619
208.75,55.1308898925781,-0.0217128342462269
210,55.1308898925781,-0.0251255085712079
211.25,55.1308898925781,-0.0288318778262828
212.5,55.1308898925781,-0.031300332174803
213.75,55.1308898925781,-0.0319600012701917
215,55.1308898925781,-0.0305080469898057
216.25,55.1308898925781,-0.0274106645621984
217.5,55.1308898925781,-0.0237606542355623
218.75,55.1308898925781,-0.0210693410744305
220,55.1308898925781,-0.0194899758906313
221.25,55.1308898925781,-0.0182988283246378
222.5,55.1308898925781,-0.0162607858838582
223.75,55.1308898925781,-0.0136234046449126
225,55.1308898925781,-0.0108647404670655
226.25,55.1308898925781,-0.0085370502399701
227.5,55.1308898925781,-0.0055294104577962
228.75,55.1308898925781,-0.00521580254169338
230,55.1308898925781,-0.00613761812322687
161.25,56.0733032226562,-0.0189082332668859
162.5,56.0733032226562,-0.0225800282088766
163.75,56.0733032226562,-0.0250679963243837
165,56.0733032226562,-0.0248023561708375
166.25,56.0733032226562,-0.022286795467244
167.5,56.0733032226562,-0.0208599037398983
168.75,56.0733032226562,-0.0207103834291318
170,56.0733032226562,-0.0204143939009788
171.25,56.0733032226562,-0.0190112539470555
172.5,56.0733032226562,-0.0165236999592646
173.75,56.0733032226562,-0.0133438403489162
175,56.0733032226562,-0.00948955919750026
176.25,56.0733032226562,-0.00516957765754823
177.5,56.0733032226562,-0.00132934632409446
178.75,56.0733032226562,0.00103716085149531
180,56.0733032226562,0.00178085783040434
181.25,56.0733032226562,0.00205380313173417
182.5,56.0733032226562,0.00332006669121464
183.75,56.0733032226562,0.00565836513375239
185,56.0733032226562,0.00813005589774323
186.25,56.0733032226562,0.00933735993895972
187.5,56.0733032226562,0.00914986425860021
188.75,56.0733032226562,0.00834818247639302
190,56.0733032226562,0.00756832041536142
191.25,56.0733032226562,0.00632468775133767
192.5,56.0733032226562,0.00387765371813398
193.75,56.0733032226562,0.00142980584328554
195,56.0733032226562,-0.00233636924849351
196.25,56.0733032226562,-0.0053762351201695
197.5,56.0733032226562,-0.00611463309011141
198.75,56.0733032226562,-0.00684894173320737
200,56.0733032226562,0.000247854183446261
201.25,56.0733032226562,-0.000816310906045181
202.5,56.0733032226562,-0.00559169810189191
203.75,56.0733032226562,-0.0108818591532481
205,56.0733032226562,-0.0148597757262105
206.25,56.0733032226562,-0.0171304082135459
207.5,56.0733032226562,-0.020086605936171
208.75,56.0733032226562,-0.0230832002686022
210,56.0733032226562,-0.0254754727292556
211.25,56.0733032226562,-0.0275123416322107
212.5,56.0733032226562,-0.0290135058684043
213.75,56.0733032226562,-0.02937336593367
215,56.0733032226562,-0.0277906709085205
216.25,56.0733032226562,-0.024586484947905
217.5,56.0733032226562,-0.0209878624902806
218.75,56.0733032226562,-0.0182865653822153
220,56.0733032226562,-0.0163759986898067
221.25,56.0733032226562,-0.014549657457964
222.5,56.0733032226562,-0.0125744573586372
223.75,56.0733032226562,-0.010958004784981
225,56.0733032226562,-0.00947927480782697
226.25,56.0733032226562,-0.00919865628973123
227.5,56.0733032226562,-0.00942980654852097
162.5,57.0157012939453,-0.027501229910044
163.75,57.0157012939453,-0.0280843709792914
165,57.0157012939453,-0.0291094437902497
166.25,57.0157012939453,-0.0274963270895813
167.5,57.0157012939453,-0.0251851143555936
168.75,57.0157012939453,-0.0235666320614383
170,57.0157012939453,-0.0217454616256387
171.25,57.0157012939453,-0.0186628783669159
172.5,57.0157012939453,-0.0147516701532509
173.75,57.0157012939453,-0.0107824294874035
175,57.0157012939453,-0.00692095649576683
176.25,57.0157012939453,-0.00372232860550962
177.5,57.0157012939453,-0.00176523692005012
178.75,57.0157012939453,-0.00130538747617817
180,57.0157012939453,-0.00149797109110515
181.25,57.0157012939453,-0.000816673249276429
182.5,57.0157012939453,0.00132141104217244
183.75,57.0157012939453,0.00427937212174155
185,57.0157012939453,0.00673564301996318
186.25,57.0157012939453,0.00775004713060747
187.5,57.0157012939453,0.00725548121473316
188.75,57.0157012939453,0.00575654802771513
190,57.0157012939453,0.00448054957503971
191.25,57.0157012939453,0.00287710123326519
192.5,57.0157012939453,0.00142785225409953
193.75,57.0157012939453,0.000828651301434694
195,57.0157012939453,-0.00140104320345946
196.25,57.0157012939453,-0.00427115703274886
197.5,57.0157012939453,-0.00594284887351447
198.75,57.0157012939453,-0.0059568176077748
200,57.0157012939453,-0.00530618668942366
201.25,57.0157012939453,-0.00375404821602591
202.5,57.0157012939453,-0.00820796162120326
203.75,57.0157012939453,-0.00789630913529017
205,57.0157012939453,-0.0123915789547035
206.25,57.0157012939453,-0.0167510277452582
207.5,57.0157012939453,-0.0204748780733165
208.75,57.0157012939453,-0.0243277927482977
210,57.0157012939453,-0.0261055987147943
211.25,57.0157012939453,-0.0267232412371422
212.5,57.0157012939453,-0.026455035287041
213.75,57.0157012939453,-0.0255885766137583
215,57.0157012939453,-0.0240026094925708
216.25,57.0157012939453,-0.0210485243368424
217.5,57.0157012939453,-0.0175051832081185
218.75,57.0157012939453,-0.0147865677284899
220,57.0157012939453,-0.0130834831052925
221.25,57.0157012939453,-0.0116659862157901
222.5,57.0157012939453,-0.010699206880193
223.75,57.0157012939453,-0.00998313835569418
225,57.0157012939453,-0.00908984125496432
226.25,57.0157012939453,-0.0094737828917792
162.5,57.9581146240234,-0.0296725406625361
163.75,57.9581146240234,-0.0303102918734392
165,57.9581146240234,-0.0325453355203525
166.25,57.9581146240234,-0.0318508758069153
167.5,57.9581146240234,-0.029638895590766
168.75,57.9581146240234,-0.027165894475257
170,57.9581146240234,-0.0241370052449175
171.25,57.9581146240234,-0.0199713564920376
172.5,57.9581146240234,-0.0148596968273635
173.75,57.9581146240234,-0.00992480000091192
175,57.9581146240234,-0.00624672654733861
176.25,57.9581146240234,-0.00431508079176373
177.5,57.9581146240234,-0.00382837968710783
178.75,57.9581146240234,-0.00409278420003066
180,57.9581146240234,-0.00409627405998098
181.25,57.9581146240234,-0.0029018298182134
182.5,57.9581146240234,-0.000240327198771844
183.75,57.9581146240234,0.00304852402486353
185,57.9581146240234,0.00564766410817649
186.25,57.9581146240234,0.00668464953341008
187.5,57.9581146240234,0.00608813057084647
188.75,57.9581146240234,0.00425874037058765
190,57.9581146240234,0.00246395875383816
191.25,57.9581146240234,-0.000411793848081915
192.5,57.9581146240234,-0.00155664067423237
193.75,57.9581146240234,-0.003198382119801
195,57.9581146240234,-0.00721130030921678
196.25,57.9581146240234,-0.00897466945679833
197.5,57.9581146240234,-0.00766907916619463
198.75,57.9581146240234,-0.00394516954314835
200,57.9581146240234,-0.00275177078740792
201.25,57.9581146240234,-0.000826148516348391
202.5,57.9581146240234,0.00109802167394158
203.75,57.9581146240234,-0.00717814481974187
206.25,57.9581146240234,-0.0116308968878897
207.5,57.9581146240234,-0.0166709006876236
208.75,57.9581146240234,-0.0238636619796396
210,57.9581146240234,-0.0264171198495888
211.25,57.9581146240234,-0.0252784734612145
212.5,57.9581146240234,-0.023232115794665
213.75,57.9581146240234,-0.0211936999640598
215,57.9581146240234,-0.0190017495992546
216.25,57.9581146240234,-0.0166333540934336
217.5,57.9581146240234,-0.0143012635824014
218.75,57.9581146240234,-0.0126503738519269
220,57.9581146240234,-0.0120349535707371
221.25,57.9581146240234,-0.0117479460023228
222.5,57.9581146240234,-0.0112661619747048
223.75,57.9581146240234,-0.0111281556534331
225,57.9581146240234,-0.010167105914796
160,58.9005279541016,-0.0195826265649324
161.25,58.9005279541016,-0.0207890251490106
162.5,58.9005279541016,-0.0316315891496259
163.75,58.9005279541016,-0.0322776260867217
165,58.9005279541016,-0.035258360420464
166.25,58.9005279541016,-0.03444711958158
167.5,58.9005279541016,-0.0314723505716887
168.75,58.9005279541016,-0.0274056107018498
170,58.9005279541016,-0.0232682320285208
171.25,58.9005279541016,-0.0199272448316852
172.5,58.9005279541016,-0.0163113609493747
173.75,58.9005279541016,-0.0117900970831051
175,58.9005279541016,-0.00787380926177638
176.25,58.9005279541016,-0.00558321275246037
177.5,58.9005279541016,-0.00479544219161668
178.75,58.9005279541016,-0.00507871474225613
180,58.9005279541016,-0.00539990576911564
181.25,58.9005279541016,-0.00490226396287249
182.5,58.9005279541016,-0.00347058853520961
183.75,58.9005279541016,-0.00112765653270198
185,58.9005279541016,0.00025090134902991
186.25,58.9005279541016,0.000534306998281759
187.5,58.9005279541016,0.000995296057167101
188.75,58.9005279541016,0.00143393894046178
190,58.9005279541016,2.25781274759159e-05
191.25,58.9005279541016,-0.00195706364726861
192.5,58.9005279541016,-0.00422822588898448
193.75,58.9005279541016,-0.00872905271789269
195,58.9005279541016,-0.0119453983121398
196.25,58.9005279541016,-0.0108952475669123
197.5,58.9005279541016,-0.00911270787460693
198.75,58.9005279541016,-0.00463854405846387
200,58.9005279541016,0.000617998775944573
201.25,58.9005279541016,0.00218593660339701
202.5,58.9005279541016,0.00264870151933379
206.25,58.9005279541016,-0.0143745016091127
207.5,58.9005279541016,-0.0167835885554674
208.75,58.9005279541016,-0.0233759237424644
210,58.9005279541016,-0.0262016162543797
211.25,58.9005279541016,-0.0240555661280737
212.5,58.9005279541016,-0.0205672597881163
213.75,58.9005279541016,-0.018027209238376
215,58.9005279541016,-0.0163151869382211
216.25,58.9005279541016,-0.0151780978854415
217.5,58.9005279541016,-0.0144196788187143
218.75,58.9005279541016,-0.0142799291371701
220,58.9005279541016,-0.0152200072732432
221.25,58.9005279541016,-0.0152720279773869
222.5,58.9005279541016,-0.0137909053626308
160,59.8429260253906,-0.0235265737118731
161.25,59.8429260253906,-0.0267938726894487
162.5,59.8429260253906,-0.0273800590597546
163.75,59.8429260253906,-0.0322426938570819
165,59.8429260253906,-0.0362070568559704
166.25,59.8429260253906,-0.0352171306665751
167.5,59.8429260253906,-0.0329591940634851
168.75,59.8429260253906,-0.0303803571856854
170,59.8429260253906,-0.0248982498959852
171.25,59.8429260253906,-0.0237488876486104
172.5,59.8429260253906,-0.0234173886548261
173.75,59.8429260253906,-0.0212373651656208
175,59.8429260253906,-0.0172192898941648
176.25,59.8429260253906,-0.0137911824549789
177.5,59.8429260253906,-0.0130369821963874
178.75,59.8429260253906,-0.0138518029047128
180,59.8429260253906,-0.0149846069818659
181.25,59.8429260253906,-0.015127463605924
182.5,59.8429260253906,-0.0133983030451146
183.75,59.8429260253906,-0.0120976414586255
185,59.8429260253906,-0.0120888564751547
186.25,59.8429260253906,-0.0118276463804594
187.5,59.8429260253906,-0.00936608258957079
188.75,59.8429260253906,-0.00624482010824545
190,59.8429260253906,-0.00421736398645533
191.25,59.8429260253906,-0.00350244055402246
192.5,59.8429260253906,-0.00448413880950489
193.75,59.8429260253906,-0.00657626233363745
195,59.8429260253906,-0.00805600051957272
196.25,59.8429260253906,-0.0075283658484779
197.5,59.8429260253906,-0.00913975528010653
198.75,59.8429260253906,-0.00983450314419626
206.25,59.8429260253906,-0.0153716760873965
207.5,59.8429260253906,-0.0160523618472874
208.75,59.8429260253906,-0.024834765997346
210,59.8429260253906,-0.0259060339662473
211.25,59.8429260253906,-0.0232456972750347
212.5,59.8429260253906,-0.0196653029602516
213.75,59.8429260253906,-0.0184087462156139
215,59.8429260253906,-0.018059335229518
216.25,59.8429260253906,-0.0182769201520337
217.5,59.8429260253906,-0.0182262655273523
218.75,59.8429260253906,-0.0184570595006564
220,59.8429260253906,-0.0196283546337962
221.25,59.8429260253906,-0.0202797058940888
160,60.7853393554688,-0.0293146413317835
161.25,60.7853393554688,-0.0306024568586929
162.5,60.7853393554688,-0.030953502814036
167.5,60.7853393554688,-0.0334581640022892
168.75,60.7853393554688,-0.0326426776754197
170,60.7853393554688,-0.0325369137916702
171.25,60.7853393554688,-0.0240711549141247
172.5,60.7853393554688,-0.0248622134624072
173.75,60.7853393554688,-0.0253024921831045
175,60.7853393554688,-0.0240800092565414
176.25,60.7853393554688,-0.0244153956115851
177.5,60.7853393554688,-0.0266003017458863
178.75,60.7853393554688,-0.028078959150844
180,60.7853393554688,-0.0279196085808997
181.25,60.7853393554688,-0.0257986634380547
182.5,60.7853393554688,-0.0226846335103238
183.75,60.7853393554688,-0.0237040895502529
185,60.7853393554688,-0.0278193502768246
186.25,60.7853393554688,-0.027279781335468
187.5,60.7853393554688,-0.0172409868854935
188.75,60.7853393554688,-0.00962914846782194
190,60.7853393554688,-0.00631751313929473
191.25,60.7853393554688,-0.00704807081719748
192.5,60.7853393554688,-0.0102934852487859
193.75,60.7853393554688,-0.0170670157097686
195,60.7853393554688,-0.0237513672821183
212.5,60.7853393554688,-0.0193578266890163
213.75,60.7853393554688,-0.0195067776280161
215,60.7853393554688,-0.0194391846922693
216.25,60.7853393554688,-0.019652188541029
160,61.7277526855469,-0.0254385949026784
173.75,61.7277526855469,-0.0237615351739868
175,61.7277526855469,-0.0208570128267095
176.25,61.7277526855469,-0.0221069916246026
177.5,61.7277526855469,-0.0274681097730432
178.75,61.7277526855469,-0.0278316696046785
180,61.7277526855469,-0.0236982422250148
181.25,61.7277526855469,-0.0216500250550793
182.5,61.7277526855469,-0.0262058337563121
183.75,61.7277526855469,-0.0306421250001806
185,61.7277526855469,-0.0329809794576211
186.25,61.7277526855469,-0.0297400831218068
187.5,61.7277526855469,-0.0202724501682774
188.75,61.7277526855469,-0.0114171575796734
190,61.7277526855469,-0.00752148014426993
191.25,61.7277526855469,-0.0115627970646343
192.5,61.7277526855469,-0.021954450320474
193.75,61.7277526855469,-0.0326201090520108
195,61.7277526855469,-0.0319819518170078
175,62.6701507568359,-0.0187742593256294
176.25,62.6701507568359,-0.0197550909772842
177.5,62.6701507568359,-0.00666249663834512
178.75,62.6701507568359,-0.0137453466187799
180,62.6701507568359,-0.0129567391626761
181.25,62.6701507568359,-0.0155405702710378
182.5,62.6701507568359,-0.0257447477615682
183.75,62.6701507568359,-0.0312390887567119
185,62.6701507568359,-0.031170274511151
186.25,62.6701507568359,-0.0273568719481318
187.5,62.6701507568359,-0.0177770495524654
188.75,62.6701507568359,-0.00755121924963748
190,62.6701507568359,-0.00383720360926932
191.25,62.6701507568359,-0.0113023839600309
192.5,62.6701507568359,-0.0267735820204948
193.75,62.6701507568359,-0.0379319855305907
195,62.6701507568359,-0.0404276848764271
196.25,62.6701507568359,-0.0329292601962733
197.5,62.6701507568359,-0.0329292500717087
178.75,63.6125640869141,-0.00577868996527779
180,63.6125640869141,-0.00745042606883728
181.25,63.6125640869141,-0.0141084426625932
182.5,63.6125640869141,-0.0199297578222535
183.75,63.6125640869141,-0.0230349913401648
185,63.6125640869141,-0.0220730727887769
186.25,63.6125640869141,-0.0194342817766341
187.5,63.6125640869141,-0.0131407204769949
188.75,63.6125640869141,-0.00614227602072751
190,63.6125640869141,-0.0044296514847218
191.25,63.6125640869141,-0.0131108093891938
192.5,63.6125640869141,-0.0280311853468687
193.75,63.6125640869141,-0.0354240449956041
195,63.6125640869141,-0.0332006684183453
196.25,63.6125640869141,-0.0316068021690308
197.5,63.6125640869141,-0.0315370233426838
178.75,64.5549774169922,-0.00333182396782605
180,64.5549774169922,-0.00304901881580655
181.25,64.5549774169922,-0.00961002496932822
182.5,64.5549774169922,-0.0133808330222346
183.75,64.5549774169922,-0.0126980700732923
185,64.5549774169922,-0.0105324041110355
186.25,64.5549774169922,-0.00849969126896977
187.5,64.5549774169922,-0.00584612977560297
188.75,64.5549774169922,-0.00279147259204943
190,64.5549774169922,-0.00872050437576989
191.25,64.5549774169922,-0.0206331807993344
192.5,64.5549774169922,-0.0294766728284706
193.75,64.5549774169922,-0.0294827330395014
195,64.5549774169922,-0.0279797489983361
196.25,64.5549774169922,-0.0292002124408545
197.5,64.5549774169922,-0.0300780300357486
180,65.4973907470703,-0.00150680815629769
181.25,65.4973907470703,-0.00141684768246441
182.5,65.4973907470703,-0.00294224942532371
183.75,65.4973907470703,-0.00471813408100783
185,65.4973907470703,-0.00502921571058527
188.75,65.4973907470703,-0.00401139675106007
190,65.4973907470703,-0.0128414565593892
191.25,65.4973907470703,-0.0212235988544396
192.5,65.4973907470703,-0.0259641961449488
193.75,65.4973907470703,-0.02677025111424
