"lon","lat","beta"
160,20.2617797851562,-0.0149340896010386
161.25,20.2617797851562,-0.0164455441058256
162.5,20.2617797851562,-0.0173536837966923
163.75,20.2617797851562,-0.0181393627740717
165,20.2617797851562,-0.0187288623551474
166.25,20.2617797851562,-0.0194017132884471
167.5,20.2617797851562,-0.0200504271212642
168.75,20.2617797851562,-0.0209275316859715
170,20.2617797851562,-0.0222458630197505
171.25,20.2617797851562,-0.0236514649850418
172.5,20.2617797851562,-0.0251175282411991
173.75,20.2617797851562,-0.0254875782882233
175,20.2617797851562,-0.0241225370583073
176.25,20.2617797851562,-0.0217281365204597
177.5,20.2617797851562,-0.0180769666658059
178.75,20.2617797851562,-0.0126855086306464
180,20.2617797851562,-0.00582873282440644
181.25,20.2617797851562,0.00211593445412498
182.5,20.2617797851562,0.0106770005110586
183.75,20.2617797851562,0.0188546073614635
185,20.2617797851562,0.0266877599223796
186.25,20.2617797851562,0.0342486641543902
187.5,20.2617797851562,0.0415103275749981
188.75,20.2617797851562,0.0483327206582142
190,20.2617797851562,0.0538223420126247
191.25,20.2617797851562,0.0563389899973417
192.5,20.2617797851562,0.0558415215685524
193.75,20.2617797851562,0.0537678201147795
195,20.2617797851562,0.0487562236283516
196.25,20.2617797851562,0.0410415377303126
197.5,20.2617797851562,0.0331451967996809
198.75,20.2617797851562,0.0264691565211294
200,20.2617797851562,0.0201475899955529
201.25,20.2617797851562,0.0135327887416268
202.5,20.2617797851562,0.00478506854422704
203.75,20.2617797851562,-0.00396226644075657
205,20.2617797851562,-0.00604222832905748
206.25,20.2617797851562,-0.0159676601093146
207.5,20.2617797851562,-0.0234603888486382
208.75,20.2617797851562,-0.0272524202871139
210,20.2617797851562,-0.0297048140511152
211.25,20.2617797851562,-0.0319298346807146
212.5,20.2617797851562,-0.0341000066111204
213.75,20.2617797851562,-0.0360048241220797
215,20.2617797851562,-0.0380902021727985
216.25,20.2617797851562,-0.03922994909254
217.5,20.2617797851562,-0.0394872362867307
218.75,20.2617797851562,-0.0391501643971004
220,20.2617797851562,-0.03821673193761
221.25,20.2617797851562,-0.0363760458212667
222.5,20.2617797851562,-0.0340378044591068
223.75,20.2617797851562,-0.0321006477654618
225,20.2617797851562,-0.0306551023214068
226.25,20.2617797851562,-0.0295480485540387
227.5,20.2617797851562,-0.0282088318008665
228.75,20.2617797851562,-0.0264714110564291
230,20.2617797851562,-0.0241818571866608
231.25,20.2617797851562,-0.0218615750726893
232.5,20.2617797851562,-0.0207821759565858
233.75,20.2617797851562,-0.0215961287306055
235,20.2617797851562,-0.0230145782527446
236.25,20.2617797851562,-0.023177704311016
237.5,20.2617797851562,-0.022873293722865
238.75,20.2617797851562,-0.0244581210460865
240,20.2617797851562,-0.0266126463612758
241.25,20.2617797851562,-0.0276322719564512
242.5,20.2617797851562,-0.0271300676961961
243.75,20.2617797851562,-0.0264981816981542
245,20.2617797851562,-0.0275598660579535
246.25,20.2617797851562,-0.0295493535918993
247.5,20.2617797851562,-0.0307200120920755
248.75,20.2617797851562,-0.0299411384191037
250,20.2617797851562,-0.0233502366032008
160,21.2041854858398,-0.0131128132551012
161.25,21.2041854858398,-0.0142502069660458
162.5,21.2041854858398,-0.0151592151798867
163.75,21.2041854858398,-0.0158481139756847
165,21.2041854858398,-0.0162960051792165
166.25,21.2041854858398,-0.0172411660924447
167.5,21.2041854858398,-0.0184497877953356
168.75,21.2041854858398,-0.020210984184039
170,21.2041854858398,-0.0223996902048568
171.25,21.2041854858398,-0.0245919927521991
172.5,21.2041854858398,-0.0270492574614385
173.75,21.2041854858398,-0.0285674714926511
175,21.2041854858398,-0.0285026591600441
176.25,21.2041854858398,-0.0271389880018625
177.5,21.2041854858398,-0.0243337264548113
178.75,21.2041854858398,-0.0200113465478899
180,21.2041854858398,-0.0147857962578609
181.25,21.2041854858398,-0.00915083960123166
182.5,21.2041854858398,-0.00206530425372715
183.75,21.2041854858398,0.00610107059425886
185,21.2041854858398,0.0150319828226862
186.25,21.2041854858398,0.0242156660826425
187.5,21.2041854858398,0.0338316740986637
188.75,21.2041854858398,0.0436686173272644
190,21.2041854858398,0.0521410466728116
191.25,21.2041854858398,0.0579483190680736
192.5,21.2041854858398,0.0603997124773006
193.75,21.2041854858398,0.0602245174664973
195,21.2041854858398,0.0566803655284061
196.25,21.2041854858398,0.0492691311009089
197.5,21.2041854858398,0.0404889514413199
198.75,21.2041854858398,0.0323857645768329
200,21.2041854858398,0.025104975270995
201.25,21.2041854858398,0.0180163596462579
202.5,21.2041854858398,0.0101738258372802
203.75,21.2041854858398,0.00258711791028465
205,21.2041854858398,-0.00152916634317832
206.25,21.2041854858398,-0.00736692339887018
207.5,21.2041854858398,-0.0136260469210757
208.75,21.2041854858398,-0.0185448565568915
210,21.2041854858398,-0.0225739688054987
211.25,21.2041854858398,-0.0262417794728802
212.5,21.2041854858398,-0.0296354639830706
213.75,21.2041854858398,-0.0327045693105015
215,21.2041854858398,-0.0357716039980458
216.25,21.2041854858398,-0.037586630453974
217.5,21.2041854858398,-0.0383773623975612
218.75,21.2041854858398,-0.038518993960572
220,21.2041854858398,-0.0381611827601764
221.25,21.2041854858398,-0.0370597474083741
222.5,21.2041854858398,-0.0354977704623062
223.75,21.2041854858398,-0.0342946057019386
225,21.2041854858398,-0.0333577006325069
226.25,21.2041854858398,-0.0322002491403044
227.5,21.2041854858398,-0.0303484208387387
228.75,21.2041854858398,-0.0286523999932578
230,21.2041854858398,-0.0266310968223924
231.25,21.2041854858398,-0.0242091096813363
232.5,21.2041854858398,-0.0225870396636179
233.75,21.2041854858398,-0.0222353174944747
235,21.2041854858398,-0.0210421482498706
236.25,21.2041854858398,-0.0181740532944758
237.5,21.2041854858398,-0.0156767972339376
238.75,21.2041854858398,-0.0169943040551368
240,21.2041854858398,-0.0195649845961686
241.25,21.2041854858398,-0.0211546324237997
242.5,21.2041854858398,-0.0218579301541856
243.75,21.2041854858398,-0.0226115854059858
245,21.2041854858398,-0.0256785844301472
246.25,21.2041854858398,-0.0288331592565442
247.5,21.2041854858398,-0.0287054240981872
248.75,21.2041854858398,-0.0257881004135781
250,21.2041854858398,-0.0195891078166486
160,22.146598815918,-0.0113480953813957
161.25,22.146598815918,-0.0117995530551802
162.5,22.146598815918,-0.0119377487645251
163.75,22.146598815918,-0.0120446956400305
165,22.146598815918,-0.012266947135558
166.25,22.146598815918,-0.0131753859719304
167.5,22.146598815918,-0.0148501266549437
168.75,22.146598815918,-0.0172963974089375
170,22.146598815918,-0.0201031702546235
171.25,22.146598815918,-0.0233311862921064
172.5,22.146598815918,-0.0263235735010469
173.75,22.146598815918,-0.0283936804116162
175,22.146598815918,-0.029387129409234
176.25,22.146598815918,-0.0294403994273228
177.5,22.146598815918,-0.0279004769342042
178.75,22.146598815918,-0.0248002305001268
180,22.146598815918,-0.0209146561816419
181.25,22.146598815918,-0.0168137630629163
182.5,22.146598815918,-0.0113812789660854
183.75,22.146598815918,-0.00418840081617497
185,22.146598815918,0.00451675896190625
186.25,22.146598815918,0.0142952323091942
187.5,22.146598815918,0.0254240483385948
188.75,22.146598815918,0.0370834965288787
190,22.146598815918,0.0476867634202905
191.25,22.146598815918,0.0558992153505324
192.5,22.146598815918,0.0614003202023213
193.75,22.146598815918,0.0635780584724003
195,22.146598815918,0.0612402170958244
196.25,22.146598815918,0.0544179589691498
197.5,22.146598815918,0.0454148357185227
198.75,22.146598815918,0.0367545897464885
200,22.146598815918,0.0286854568326416
201.25,22.146598815918,0.0212134863841879
202.5,22.146598815918,0.0142808659002316
203.75,22.146598815918,0.0091014996071938
205,22.146598815918,0.00640320579860957
206.25,22.146598815918,0.0028431948543464
207.5,22.146598815918,-0.00202004270900681
208.75,22.146598815918,-0.00727385574130585
210,22.146598815918,-0.0125754661550864
211.25,22.146598815918,-0.0178865184390602
212.5,22.146598815918,-0.0228384897486593
213.75,22.146598815918,-0.0272779822900256
215,22.146598815918,-0.0311474990136813
216.25,22.146598815918,-0.0336811670226115
217.5,22.146598815918,-0.0351571929854188
218.75,22.146598815918,-0.0359580289674189
220,22.146598815918,-0.0360957421305389
221.25,22.146598815918,-0.0357735137370188
222.5,22.146598815918,-0.0353148508361251
223.75,22.146598815918,-0.034996384752003
225,22.146598815918,-0.0345706915833665
226.25,22.146598815918,-0.0340136744034813
227.5,22.146598815918,-0.0331418377493792
228.75,22.146598815918,-0.0323786017908578
230,22.146598815918,-0.0310607186034636
231.25,22.146598815918,-0.0287534669487316
232.5,22.146598815918,-0.0265108936161355
233.75,22.146598815918,-0.0246457088620182
235,22.146598815918,-0.0218713916010057
236.25,22.146598815918,-0.0172094848649274
237.5,22.146598815918,-0.0130266786154842
238.75,22.146598815918,-0.0124983792449128
240,22.146598815918,-0.0135444613556273
241.25,22.146598815918,-0.0147795234911817
242.5,22.146598815918,-0.0165033069189596
243.75,22.146598815918,-0.019277496713332
245,22.146598815918,-0.02331071098334
246.25,22.146598815918,-0.0247975433289348
247.5,22.146598815918,-0.022642978572231
248.75,22.146598815918,-0.0182916866146335
250,22.146598815918,-0.0131280312705853
160,23.0890045166016,-0.0099112300510871
161.25,23.0890045166016,-0.00953208425764907
162.5,23.0890045166016,-0.00930295302512458
163.75,23.0890045166016,-0.00907697240245424
165,23.0890045166016,-0.00908216309621851
166.25,23.0890045166016,-0.00994498839395604
167.5,23.0890045166016,-0.0116134428904437
168.75,23.0890045166016,-0.0136133881695233
170,23.0890045166016,-0.0161327132389748
171.25,23.0890045166016,-0.0191021517014491
172.5,23.0890045166016,-0.0223464448138845
173.75,23.0890045166016,-0.0248882431230743
175,23.0890045166016,-0.0267649514536474
176.25,23.0890045166016,-0.0281388659226641
177.5,23.0890045166016,-0.0282082792142256
178.75,23.0890045166016,-0.0268037125316963
180,23.0890045166016,-0.0241163750137042
181.25,23.0890045166016,-0.0208376211414271
182.5,23.0890045166016,-0.0170179366940004
183.75,23.0890045166016,-0.0111247972681123
185,23.0890045166016,-0.00339907359030585
186.25,23.0890045166016,0.005942948202768
187.5,23.0890045166016,0.0169449928410035
188.75,23.0890045166016,0.0286373560497058
190,23.0890045166016,0.0397662770584021
191.25,23.0890045166016,0.0490904002287774
192.5,23.0890045166016,0.0561530656552933
193.75,23.0890045166016,0.0609181289137041
195,23.0890045166016,0.0613583327577069
196.25,23.0890045166016,0.0570812916532502
197.5,23.0890045166016,0.0494842944986406
198.75,23.0890045166016,0.0412038966554158
200,23.0890045166016,0.0338598038297263
201.25,23.0890045166016,0.0274904255356393
202.5,23.0890045166016,0.0220669084028201
203.75,23.0890045166016,0.0183727825770722
205,23.0890045166016,0.0167494714749695
206.25,23.0890045166016,0.0145001235563969
207.5,23.0890045166016,0.0105759143785677
208.75,23.0890045166016,0.00552259103109179
210,23.0890045166016,-0.000326340462937625
211.25,23.0890045166016,-0.00686391317083136
212.5,23.0890045166016,-0.0133989021503916
213.75,23.0890045166016,-0.0192521383590836
215,23.0890045166016,-0.0244712840239124
216.25,23.0890045166016,-0.0279848533544577
217.5,23.0890045166016,-0.0302054072484113
218.75,23.0890045166016,-0.0315792896112625
220,23.0890045166016,-0.0324411467822643
221.25,23.0890045166016,-0.0330134647295738
222.5,23.0890045166016,-0.0336108646719351
223.75,23.0890045166016,-0.0343889790213173
225,23.0890045166016,-0.0348315763122781
226.25,23.0890045166016,-0.0347675187340009
227.5,23.0890045166016,-0.0348245878479219
228.75,23.0890045166016,-0.0351565505727407
230,23.0890045166016,-0.0346273463456689
231.25,23.0890045166016,-0.0332301453534532
232.5,23.0890045166016,-0.0311698107610054
233.75,23.0890045166016,-0.0282476067242224
235,23.0890045166016,-0.0240573802762718
236.25,23.0890045166016,-0.0179641665618806
237.5,23.0890045166016,-0.0124711643578507
238.75,23.0890045166016,-0.0107290226666692
240,23.0890045166016,-0.0100417942961487
241.25,23.0890045166016,-0.0101257965456943
242.5,23.0890045166016,-0.0120194689116991
243.75,23.0890045166016,-0.0159013040186986
245,23.0890045166016,-0.0192246681670961
246.25,23.0890045166016,-0.019498061175078
247.5,23.0890045166016,-0.0183190679949096
248.75,23.0890045166016,-0.0168113148706028
250,23.0890045166016,-0.0104896209408641
160,24.0314178466797,-0.011238085520867
161.25,24.0314178466797,-0.00911717002159329
162.5,24.0314178466797,-0.00744618932144392
163.75,24.0314178466797,-0.0066847041028269
165,24.0314178466797,-0.00661760960980117
166.25,24.0314178466797,-0.00728354570269789
167.5,24.0314178466797,-0.00857659030568599
168.75,24.0314178466797,-0.00998493128689972
170,24.0314178466797,-0.0111722502266109
171.25,24.0314178466797,-0.0127955033238752
172.5,24.0314178466797,-0.0152689250618703
173.75,24.0314178466797,-0.0186056242408525
175,24.0314178466797,-0.021664502523659
176.25,24.0314178466797,-0.0238097068368966
177.5,24.0314178466797,-0.0246400873424464
178.75,24.0314178466797,-0.0238640919306605
180,24.0314178466797,-0.0224428216421162
181.25,24.0314178466797,-0.0202760225179457
182.5,24.0314178466797,-0.0178451076522973
183.75,24.0314178466797,-0.0134719970712517
185,24.0314178466797,-0.00729379900865793
186.25,24.0314178466797,0.000335993285489583
187.5,24.0314178466797,0.00937399436188705
188.75,24.0314178466797,0.0193460661529166
190,24.0314178466797,0.0292561779537467
191.25,24.0314178466797,0.0383343714588802
192.5,24.0314178466797,0.0461519430750677
193.75,24.0314178466797,0.0517800688014224
195,24.0314178466797,0.055205832821614
196.25,24.0314178466797,0.0556598957213832
197.5,24.0314178466797,0.0522382190166304
198.75,24.0314178466797,0.0459697456209621
200,24.0314178466797,0.0390240978544096
201.25,24.0314178466797,0.0328794451515343
202.5,24.0314178466797,0.0288888508143627
203.75,24.0314178466797,0.0266237217595607
205,24.0314178466797,0.0264948387648232
206.25,24.0314178466797,0.025531696730011
207.5,24.0314178466797,0.0229902579445581
208.75,24.0314178466797,0.0186611586518428
210,24.0314178466797,0.0131529446340491
211.25,24.0314178466797,0.00630801193727375
212.5,24.0314178466797,-0.00124366442455631
213.75,24.0314178466797,-0.00829004613458694
215,24.0314178466797,-0.0151932162106135
216.25,24.0314178466797,-0.0202242910353299
217.5,24.0314178466797,-0.0236856316227883
218.75,24.0314178466797,-0.0259337871433183
220,24.0314178466797,-0.0277605417917324
221.25,24.0314178466797,-0.0291475640194347
222.5,24.0314178466797,-0.0303071321707902
223.75,24.0314178466797,-0.0317659491039895
225,24.0314178466797,-0.03307130421996
226.25,24.0314178466797,-0.0339124419768677
227.5,24.0314178466797,-0.0345324227657389
228.75,24.0314178466797,-0.0354515854750354
230,24.0314178466797,-0.0359060914725904
231.25,24.0314178466797,-0.0353723172197359
232.5,24.0314178466797,-0.0336834928985689
233.75,24.0314178466797,-0.0305470479629663
235,24.0314178466797,-0.0257286047698074
236.25,24.0314178466797,-0.0191404634086192
237.5,24.0314178466797,-0.0129120914531523
238.75,24.0314178466797,-0.00991063850413343
240,24.0314178466797,-0.0081515554340043
241.25,24.0314178466797,-0.0073948184796744
242.5,24.0314178466797,-0.00837663384520491
243.75,24.0314178466797,-0.0115311768252584
245,24.0314178466797,-0.0145957743541118
246.25,24.0314178466797,-0.0164234365545509
247.5,24.0314178466797,-0.0180334270749135
248.75,24.0314178466797,-0.020224030446776
250,24.0314178466797,-0.0143824741928859
160,24.9738235473633,-0.0179316759557931
161.25,24.9738235473633,-0.014450765617656
162.5,24.9738235473633,-0.0108305384802523
163.75,24.9738235473633,-0.00835028771194003
165,24.9738235473633,-0.0070833672358067
166.25,24.9738235473633,-0.00682242263905378
167.5,24.9738235473633,-0.00735333327220531
168.75,24.9738235473633,-0.00816378731218672
170,24.9738235473633,-0.00855113613383337
171.25,24.9738235473633,-0.00903795931692645
172.5,24.9738235473633,-0.01018627941945
173.75,24.9738235473633,-0.0125087190896386
175,24.9738235473633,-0.0154703752850749
176.25,24.9738235473633,-0.0177774939380029
177.5,24.9738235473633,-0.0187011063775519
178.75,24.9738235473633,-0.0185873171800684
180,24.9738235473633,-0.0180162171261312
181.25,24.9738235473633,-0.0168356616562875
182.5,24.9738235473633,-0.0150723226412051
183.75,24.9738235473633,-0.0114639991472218
185,24.9738235473633,-0.00676031349967703
186.25,24.9738235473633,-0.00142935445531044
187.5,24.9738235473633,0.00471342388432227
188.75,24.9738235473633,0.0116223919848486
190,24.9738235473633,0.0191433428991458
191.25,24.9738235473633,0.0268246229370751
192.5,24.9738235473633,0.0342371670973234
193.75,24.9738235473633,0.0404826364761135
195,24.9738235473633,0.0448020129967184
196.25,24.9738235473633,0.0476434637690121
197.5,24.9738235473633,0.0480812725891391
198.75,24.9738235473633,0.0458839445300304
200,24.9738235473633,0.0413736639211031
201.25,24.9738235473633,0.0355662148092266
202.5,24.9738235473633,0.0306517123535838
203.75,24.9738235473633,0.028941372003774
205,24.9738235473633,0.029864338170048
206.25,24.9738235473633,0.0309277900252543
207.5,24.9738235473633,0.0312239537088762
208.75,24.9738235473633,0.0293328169682432
210,24.9738235473633,0.0250642005721941
211.25,24.9738235473633,0.0191360150041114
212.5,24.9738235473633,0.0120675788830455
213.75,24.9738235473633,0.00461258322123723
215,24.9738235473633,-0.00329224094210448
216.25,24.9738235473633,-0.00998415858806913
217.5,24.9738235473633,-0.0152351518024735
218.75,24.9738235473633,-0.0191902295108203
220,24.9738235473633,-0.0223462845584116
221.25,24.9738235473633,-0.0246590196030654
222.5,24.9738235473633,-0.0263702851234295
223.75,24.9738235473633,-0.0280352957962854
225,24.9738235473633,-0.0294885560016008
226.25,24.9738235473633,-0.031202929683245
227.5,24.9738235473633,-0.0326958222905651
228.75,24.9738235473633,-0.0341948971042385
230,24.9738235473633,-0.0354695256894615
231.25,24.9738235473633,-0.0357810264446555
232.5,24.9738235473633,-0.0343863137903445
233.75,24.9738235473633,-0.0313331713092701
235,24.9738235473633,-0.0267811808347231
236.25,24.9738235473633,-0.0207767695467636
237.5,24.9738235473633,-0.014734897299952
238.75,24.9738235473633,-0.0103879992142398
240,24.9738235473633,-0.00763831571103923
241.25,24.9738235473633,-0.00561771172985126
242.5,24.9738235473633,-0.00497302252681681
243.75,24.9738235473633,-0.00661961412920669
245,24.9738235473633,-0.0100867340644619
246.25,24.9738235473633,-0.0146635751710772
247.5,24.9738235473633,-0.0188388421839507
248.75,24.9738235473633,-0.0176553138690261
250,24.9738235473633,-0.0135505240081126
160,25.9162292480469,-0.0242563573486075
161.25,25.9162292480469,-0.0208641107195745
162.5,25.9162292480469,-0.0166496109925886
163.75,25.9162292480469,-0.0127179821675838
165,25.9162292480469,-0.0100560880579316
166.25,25.9162292480469,-0.00923258230742435
167.5,25.9162292480469,-0.00967628879604014
168.75,25.9162292480469,-0.00995506811193185
170,25.9162292480469,-0.00992859654295741
171.25,25.9162292480469,-0.00963581079554257
172.5,25.9162292480469,-0.00962461165001186
173.75,25.9162292480469,-0.0102167618553445
175,25.9162292480469,-0.0117442649374429
176.25,25.9162292480469,-0.0131340773628101
177.5,25.9162292480469,-0.0137288909089761
178.75,25.9162292480469,-0.0138939566126455
180,25.9162292480469,-0.014179776977137
181.25,25.9162292480469,-0.013540691771459
182.5,25.9162292480469,-0.0123339368165975
183.75,25.9162292480469,-0.00905146902394142
185,25.9162292480469,-0.00478002465372807
186.25,25.9162292480469,-0.00117548176680377
187.5,25.9162292480469,0.00229766554735787
188.75,25.9162292480469,0.0062563939461761
190,25.9162292480469,0.0107935120550995
191.25,25.9162292480469,0.015821035208013
192.5,25.9162292480469,0.0216468694375484
193.75,25.9162292480469,0.0282803131887128
195,25.9162292480469,0.0336748157398164
196.25,25.9162292480469,0.0372509907950067
197.5,25.9162292480469,0.0384802487097424
198.75,25.9162292480469,0.0384808764661847
200,25.9162292480469,0.0373513694422232
201.25,25.9162292480469,0.03446524643869
202.5,25.9162292480469,0.0305152449711798
203.75,25.9162292480469,0.027480020133248
205,25.9162292480469,0.027149086537744
206.25,25.9162292480469,0.0288322693622358
207.5,25.9162292480469,0.0314171360950671
208.75,25.9162292480469,0.0325369870737494
210,25.9162292480469,0.0309691756077381
211.25,25.9162292480469,0.027243030506647
212.5,25.9162292480469,0.0225849071777947
213.75,25.9162292480469,0.0171354704889204
215,25.9162292480469,0.0100760110682276
216.25,25.9162292480469,0.00149771614291034
217.5,25.9162292480469,-0.00593599650677565
218.75,25.9162292480469,-0.0117334061657511
220,25.9162292480469,-0.0162445855467294
221.25,25.9162292480469,-0.0197077996655396
222.5,25.9162292480469,-0.0223514980950803
223.75,25.9162292480469,-0.0245224803935574
225,25.9162292480469,-0.0263123953656922
226.25,25.9162292480469,-0.0283356567591053
227.5,25.9162292480469,-0.0305901318830524
228.75,25.9162292480469,-0.0324616402728307
230,25.9162292480469,-0.0341368979346376
231.25,25.9162292480469,-0.0351780865110555
232.5,25.9162292480469,-0.0341286855559687
233.75,25.9162292480469,-0.0313502642544261
235,25.9162292480469,-0.027459747200669
236.25,25.9162292480469,-0.022961377598215
237.5,25.9162292480469,-0.017749119893894
238.75,25.9162292480469,-0.0126610956593166
240,25.9162292480469,-0.00826224314363974
241.25,25.9162292480469,-0.0042328975373396
242.5,25.9162292480469,-0.00183206059607078
243.75,25.9162292480469,-0.00252790079658231
245,25.9162292480469,-0.00648657412313147
246.25,25.9162292480469,-0.0123861723683708
247.5,25.9162292480469,-0.0166148159107122
248.75,25.9162292480469,-0.011279187956857
250,25.9162292480469,-0.0101568872250039
160,26.858642578125,-0.0262099429233636
161.25,26.858642578125,-0.0236546607836943
162.5,26.858642578125,-0.0204779490156153
163.75,26.858642578125,-0.0171118085447811
165,26.858642578125,-0.0146193696911953
166.25,26.858642578125,-0.0135136338196056
167.5,26.858642578125,-0.0134862266490687
168.75,26.858642578125,-0.0136669950943961
170,26.858642578125,-0.0135840938178975
171.25,26.858642578125,-0.0126118208511564
172.5,26.858642578125,-0.01120991926746
173.75,26.858642578125,-0.00995177787056925
175,26.858642578125,-0.00965288654863016
176.25,26.858642578125,-0.00988767223126652
177.5,26.858642578125,-0.00990846727016492
178.75,26.858642578125,-0.00989329905906375
180,26.858642578125,-0.0100403150146216
181.25,26.858642578125,-0.0100302141361281
182.5,26.858642578125,-0.00947634565755907
183.75,26.858642578125,-0.00711086639705885
185,26.858642578125,-0.00403555287078121
186.25,26.858642578125,-0.00202871105557019
187.5,26.858642578125,-0.000582332102778746
188.75,26.858642578125,0.001457402697985
190,26.858642578125,0.00382986640621508
191.25,26.858642578125,0.00636518505783603
192.5,26.858642578125,0.00966230304093312
193.75,26.858642578125,0.0139990866145749
195,26.858642578125,0.0191293659129298
196.25,26.858642578125,0.0239498213533974
197.5,26.858642578125,0.0269176557360497
198.75,26.858642578125,0.0273054441778306
200,26.858642578125,0.0272432497721114
201.25,26.858642578125,0.027383743193328
202.5,26.858642578125,0.0265467017508164
203.75,26.858642578125,0.0245613399562575
205,26.858642578125,0.0226960375188026
206.25,26.858642578125,0.0229454995024237
207.5,26.858642578125,0.0247588658739991
208.75,26.858642578125,0.0269168246281206
210,26.858642578125,0.0279718100710663
211.25,26.858642578125,0.0273298046814575
212.5,26.858642578125,0.0255883937942755
213.75,26.858642578125,0.0230577843654943
215,26.858642578125,0.0190297919114364
216.25,26.858642578125,0.0124902626117726
217.5,26.858642578125,0.00516670756570696
218.75,26.858642578125,-0.00221895252998557
220,26.858642578125,-0.00853447354996626
221.25,26.858642578125,-0.0135641989384052
222.5,26.858642578125,-0.0178851573586504
223.75,26.858642578125,-0.0214435570999696
225,26.858642578125,-0.0241904400013085
226.25,26.858642578125,-0.026414182609601
227.5,26.858642578125,-0.0291894229050917
228.75,26.858642578125,-0.0313485694370714
230,26.858642578125,-0.0334016226642467
231.25,26.858642578125,-0.035033936643054
232.5,26.858642578125,-0.034632551466438
233.75,26.858642578125,-0.0322695531140426
235,26.858642578125,-0.0291566711828108
236.25,26.858642578125,-0.0257751175779275
237.5,26.858642578125,-0.021319733076775
238.75,26.858642578125,-0.0159562701009873
240,26.858642578125,-0.00988191520564361
241.25,26.858642578125,-0.00404438861129478
242.5,26.858642578125,-5.3299224335972e-05
243.75,26.858642578125,-0.000204294789931936
245,26.858642578125,-0.00395693563188909
246.25,26.858642578125,-0.00903406223601854
247.5,26.858642578125,-0.00945805911924008
248.75,26.858642578125,-0.00982096350309062
250,26.858642578125,-0.00801371714746301
160,27.8010482788086,-0.0231652345695064
161.25,27.8010482788086,-0.0217402196244796
162.5,27.8010482788086,-0.0199208738217517
163.75,27.8010482788086,-0.0181932448313504
165,27.8010482788086,-0.016729225190974
166.25,27.8010482788086,-0.015833214653875
167.5,27.8010482788086,-0.0157099371868769
168.75,27.8010482788086,-0.0159885354442451
170,27.8010482788086,-0.01635495130789
171.25,27.8010482788086,-0.0157614485628021
172.5,27.8010482788086,-0.0133838079001795
173.75,27.8010482788086,-0.0104103664175244
175,27.8010482788086,-0.00833368892671579
176.25,27.8010482788086,-0.00724414169995517
177.5,27.8010482788086,-0.00660028784462383
178.75,27.8010482788086,-0.00628223150810291
180,27.8010482788086,-0.00629373618570976
181.25,27.8010482788086,-0.00659983062223276
182.5,27.8010482788086,-0.00658830484619095
183.75,27.8010482788086,-0.00520329187688792
185,27.8010482788086,-0.003670084860349
186.25,27.8010482788086,-0.00314965155391012
187.5,27.8010482788086,-0.00290426825857899
188.75,27.8010482788086,-0.00218856016606526
190,27.8010482788086,-0.00139941845239448
191.25,27.8010482788086,-0.000545035492230168
192.5,27.8010482788086,0.000902999008563651
193.75,27.8010482788086,0.00310417293916217
195,27.8010482788086,0.00679776735746696
196.25,27.8010482788086,0.0109083156930845
197.5,27.8010482788086,0.0143621099180002
198.75,27.8010482788086,0.015935224799258
200,27.8010482788086,0.0168063155741397
201.25,27.8010482788086,0.0179532252650665
202.5,27.8010482788086,0.0187500416739184
203.75,27.8010482788086,0.0189228348483359
205,27.8010482788086,0.0183538821090754
206.25,27.8010482788086,0.0178482787474975
207.5,27.8010482788086,0.0180136683771895
208.75,27.8010482788086,0.0190853879833156
210,27.8010482788086,0.0201241454513549
211.25,27.8010482788086,0.0206706581495637
212.5,27.8010482788086,0.0207167607100716
213.75,27.8010482788086,0.0203041526897272
215,27.8010482788086,0.0191698209677922
216.25,27.8010482788086,0.0166546642445446
217.5,27.8010482788086,0.0122252968606596
218.75,27.8010482788086,0.00618137535675106
220,27.8010482788086,5.43256777008899e-05
221.25,27.8010482788086,-0.00562408990031768
222.5,27.8010482788086,-0.0112400497524978
223.75,27.8010482788086,-0.0165339798945716
225,27.8010482788086,-0.0207415074090199
226.25,27.8010482788086,-0.0241130098387089
227.5,27.8010482788086,-0.0275038263015886
228.75,27.8010482788086,-0.0301560502997308
230,27.8010482788086,-0.0326141903982794
231.25,27.8010482788086,-0.0349380836054449
232.5,27.8010482788086,-0.0354824951631994
233.75,27.8010482788086,-0.0336154135385501
235,27.8010482788086,-0.0311200035378386
236.25,27.8010482788086,-0.0284067854583746
237.5,27.8010482788086,-0.0250216440618652
238.75,27.8010482788086,-0.0198663976452797
240,27.8010482788086,-0.0124164255418796
241.25,27.8010482788086,-0.00521060936986501
242.5,27.8010482788086,0.000147894988167052
243.75,27.8010482788086,0.000342608058991414
245,27.8010482788086,-0.00534587509353547
246.25,27.8010482788086,-0.00904597528047271
247.5,27.8010482788086,-0.00831737893706678
248.75,27.8010482788086,-0.0076602274867279
250,27.8010482788086,-0.00598960324452533
160,28.7434539794922,-0.0219818582718353
161.25,28.7434539794922,-0.020539513558961
162.5,28.7434539794922,-0.0194824664525884
163.75,28.7434539794922,-0.0184025179481285
165,28.7434539794922,-0.0169542985896854
166.25,28.7434539794922,-0.0158349063815872
167.5,28.7434539794922,-0.0156588609994631
168.75,28.7434539794922,-0.0163901579673836
170,28.7434539794922,-0.0171403169959338
171.25,28.7434539794922,-0.0171115634218003
172.5,28.7434539794922,-0.0145594424777925
173.75,28.7434539794922,-0.0104377139197374
175,28.7434539794922,-0.00723984790339391
176.25,28.7434539794922,-0.00540372854102281
177.5,28.7434539794922,-0.00423085698506588
178.75,28.7434539794922,-0.00342995264917452
180,28.7434539794922,-0.00306374202682536
181.25,28.7434539794922,-0.00313960909175351
182.5,28.7434539794922,-0.00308786375763839
183.75,28.7434539794922,-0.00249435397361521
185,28.7434539794922,-0.00235187150274684
186.25,28.7434539794922,-0.00300371165041374
187.5,28.7434539794922,-0.0039717401426052
188.75,28.7434539794922,-0.00468450825999324
190,28.7434539794922,-0.00529844571042136
191.25,28.7434539794922,-0.00568609639463269
192.5,28.7434539794922,-0.00575598086632642
193.75,28.7434539794922,-0.00465323589161772
195,28.7434539794922,-0.00172461480638916
196.25,28.7434539794922,0.00195325152318726
197.5,28.7434539794922,0.00552027284973535
198.75,28.7434539794922,0.00814310226838083
200,28.7434539794922,0.0102520833400873
201.25,28.7434539794922,0.0119257977183796
202.5,28.7434539794922,0.0127506369163892
203.75,28.7434539794922,0.0132320719810209
205,28.7434539794922,0.0141869642092953
206.25,28.7434539794922,0.0147922576947672
207.5,28.7434539794922,0.0146566995021544
208.75,28.7434539794922,0.0140060700927115
210,28.7434539794922,0.0129386838558848
211.25,28.7434539794922,0.0121461083946551
212.5,28.7434539794922,0.0119251052761635
213.75,28.7434539794922,0.0121287587610827
215,28.7434539794922,0.0128391060130386
216.25,28.7434539794922,0.0135177819911508
217.5,28.7434539794922,0.0127788878871012
218.75,28.7434539794922,0.0098224504304997
220,28.7434539794922,0.00596572441534923
221.25,28.7434539794922,0.001655698459477
222.5,28.7434539794922,-0.00369641806158895
223.75,28.7434539794922,-0.00944643130291824
225,28.7434539794922,-0.0145568489396544
226.25,28.7434539794922,-0.0189555735239244
227.5,28.7434539794922,-0.0232771461103344
228.75,28.7434539794922,-0.0270309505879211
230,28.7434539794922,-0.0304596918628992
231.25,28.7434539794922,-0.0337329648189313
232.5,28.7434539794922,-0.0355441776145099
233.75,28.7434539794922,-0.0346893803884173
235,28.7434539794922,-0.032438625911673
236.25,28.7434539794922,-0.0298601650950408
237.5,28.7434539794922,-0.0272408181346004
238.75,28.7434539794922,-0.0226913889598117
240,28.7434539794922,-0.0148754173885479
241.25,28.7434539794922,-0.00620241158302076
242.5,28.7434539794922,-0.000187521630162515
243.75,28.7434539794922,-0.000412127054920313
245,28.7434539794922,-0.00671823463609002
246.25,28.7434539794922,-0.0142021247367342
160,29.6858673095703,-0.0255059991059679
161.25,29.6858673095703,-0.024171941912936
162.5,29.6858673095703,-0.0235026995364678
163.75,29.6858673095703,-0.0220118745134247
165,29.6858673095703,-0.019029722324577
166.25,29.6858673095703,-0.0161476176019575
167.5,29.6858673095703,-0.0146367487059144
168.75,29.6858673095703,-0.0147251561357354
170,29.6858673095703,-0.0157911590702508
171.25,29.6858673095703,-0.0167620984938563
172.5,29.6858673095703,-0.0150873065829062
173.75,29.6858673095703,-0.0111024667487327
175,29.6858673095703,-0.00779442639473734
176.25,29.6858673095703,-0.00585768860898522
177.5,29.6858673095703,-0.00428116402062686
178.75,29.6858673095703,-0.00280208597763262
180,29.6858673095703,-0.00157406500766908
181.25,29.6858673095703,-0.000607317045973801
182.5,29.6858673095703,-0.000283500410507482
183.75,29.6858673095703,-0.000172260228389388
185,29.6858673095703,-0.000157439289303727
186.25,29.6858673095703,-0.00097502542784503
187.5,29.6858673095703,-0.002596392767218
188.75,29.6858673095703,-0.0043863239724549
190,29.6858673095703,-0.00603276922212638
191.25,29.6858673095703,-0.00740673571220084
192.5,29.6858673095703,-0.00834979162145934
193.75,29.6858673095703,-0.00806316624011517
195,29.6858673095703,-0.00648780396253907
196.25,29.6858673095703,-0.00363816069243432
197.5,29.6858673095703,-7.05366833288025e-05
198.75,29.6858673095703,0.00347352060059219
200,29.6858673095703,0.00657869708373562
201.25,29.6858673095703,0.00861398857579856
202.5,29.6858673095703,0.00989202697992054
203.75,29.6858673095703,0.0109608047774253
205,29.6858673095703,0.0120757546866532
206.25,29.6858673095703,0.0131655970282784
207.5,29.6858673095703,0.013704675834144
208.75,29.6858673095703,0.0132264213823185
210,29.6858673095703,0.0114440460149585
211.25,29.6858673095703,0.00913423931029556
212.5,29.6858673095703,0.0071850797808275
213.75,29.6858673095703,0.0060897968819103
215,29.6858673095703,0.00615470707933511
216.25,29.6858673095703,0.0077473502008493
217.5,29.6858673095703,0.00929369083501532
218.75,29.6858673095703,0.00877563512796736
220,29.6858673095703,0.00707309859387099
221.25,29.6858673095703,0.00508895078765607
222.5,29.6858673095703,0.00265050062109699
223.75,29.6858673095703,-0.00117207729737435
225,29.6858673095703,-0.00618343350006447
226.25,29.6858673095703,-0.0114876841795011
227.5,29.6858673095703,-0.0162978870266464
228.75,29.6858673095703,-0.0208990509961989
230,29.6858673095703,-0.0256489391654357
231.25,29.6858673095703,-0.0300222868606422
232.5,29.6858673095703,-0.0334830133035328
233.75,29.6858673095703,-0.0339148843576047
235,29.6858673095703,-0.0318234323473013
236.25,29.6858673095703,-0.0292184830266923
237.5,29.6858673095703,-0.0272007197617045
238.75,29.6858673095703,-0.0240221191318047
240,29.6858673095703,-0.016617507005583
241.25,29.6858673095703,-0.00677670885612066
242.5,29.6858673095703,-0.000715000477081705
243.75,29.6858673095703,-0.000955453875517842
245,29.6858673095703,-0.00338057039794019
160,30.6282730102539,-0.0266378293312401
161.25,30.6282730102539,-0.0275661799766325
162.5,30.6282730102539,-0.0285207829479634
163.75,30.6282730102539,-0.0286470058521516
165,30.6282730102539,-0.0254399969550723
166.25,30.6282730102539,-0.0202534325446086
167.5,30.6282730102539,-0.0158208382537305
168.75,30.6282730102539,-0.013178943182932
170,30.6282730102539,-0.0121131032455157
171.25,30.6282730102539,-0.0128330658685216
172.5,30.6282730102539,-0.0125822046718456
173.75,30.6282730102539,-0.0101687546938585
175,30.6282730102539,-0.00774898193837341
176.25,30.6282730102539,-0.00635042092747302
177.5,30.6282730102539,-0.00511783686114214
178.75,30.6282730102539,-0.0035521189610979
180,30.6282730102539,-0.00144792113712021
181.25,30.6282730102539,0.000815303656473497
182.5,30.6282730102539,0.00204508244953116
183.75,30.6282730102539,0.00200401233591704
185,30.6282730102539,0.00227947986597375
186.25,30.6282730102539,0.00221661983903887
187.5,30.6282730102539,0.000950372796160872
188.75,30.6282730102539,-0.000857626749343009
190,30.6282730102539,-0.00268575749634019
191.25,30.6282730102539,-0.00451583464138751
192.5,30.6282730102539,-0.00594391073260048
193.75,30.6282730102539,-0.00652744082869328
195,30.6282730102539,-0.00597686231090658
196.25,30.6282730102539,-0.00414349843321308
197.5,30.6282730102539,-0.0014114301079428
198.75,30.6282730102539,0.0019097016026749
200,30.6282730102539,0.00524433656671406
201.25,30.6282730102539,0.00761440194749942
202.5,30.6282730102539,0.00940627922582394
203.75,30.6282730102539,0.011496764454108
205,30.6282730102539,0.0130754417410696
206.25,30.6282730102539,0.0142041975164501
207.5,30.6282730102539,0.0149769625304761
208.75,30.6282730102539,0.0152931467580792
210,30.6282730102539,0.0139081822628157
211.25,30.6282730102539,0.0112397975127772
212.5,30.6282730102539,0.00833471747695166
213.75,30.6282730102539,0.00585240862714682
215,30.6282730102539,0.0041038864079608
216.25,30.6282730102539,0.003765938608224
217.5,30.6282730102539,0.00427926647294458
218.75,30.6282730102539,0.00398649263388219
220,30.6282730102539,0.00310088062408164
221.25,30.6282730102539,0.00313764370717531
222.5,30.6282730102539,0.00418351995212203
223.75,30.6282730102539,0.00442629319059277
225,30.6282730102539,0.00178963513950834
226.25,30.6282730102539,-0.00313874570164533
227.5,30.6282730102539,-0.00847711670638684
228.75,30.6282730102539,-0.0135472505578536
230,30.6282730102539,-0.0189866373732149
231.25,30.6282730102539,-0.0238912866199697
232.5,30.6282730102539,-0.0284283665093204
233.75,30.6282730102539,-0.0300941447492163
235,30.6282730102539,-0.0283713599808472
236.25,30.6282730102539,-0.0259316023000361
237.5,30.6282730102539,-0.0246104818621846
238.75,30.6282730102539,-0.0232192103130914
240,30.6282730102539,-0.0173379451163109
241.25,30.6282730102539,-0.00709176448089767
242.5,30.6282730102539,-0.00193072428562508
243.75,30.6282730102539,-0.00132286367959023
160,31.5706787109375,-0.0193597690476895
161.25,31.5706787109375,-0.0253716720008182
162.5,31.5706787109375,-0.0291247183744042
163.75,31.5706787109375,-0.0316037838695549
165,31.5706787109375,-0.0312835905832655
166.25,31.5706787109375,-0.0273798729397087
167.5,31.5706787109375,-0.0220314447201994
168.75,31.5706787109375,-0.0172887487226705
170,31.5706787109375,-0.014047738094558
171.25,31.5706787109375,-0.012638253868566
172.5,31.5706787109375,-0.0113738144163444
173.75,31.5706787109375,-0.00866223768965453
175,31.5706787109375,-0.00629788614428493
176.25,31.5706787109375,-0.00516262045929468
177.5,31.5706787109375,-0.00436093194728893
178.75,31.5706787109375,-0.00313209958252662
180,31.5706787109375,-0.00102664837032451
181.25,31.5706787109375,0.00139323346484454
182.5,31.5706787109375,0.00266267763945646
183.75,31.5706787109375,0.00264690259748871
185,31.5706787109375,0.00382145268813795
186.25,31.5706787109375,0.00577165569030386
187.5,31.5706787109375,0.00622060454437245
188.75,31.5706787109375,0.00518338581759239
190,31.5706787109375,0.00348042429447333
191.25,31.5706787109375,0.00144870657224831
192.5,31.5706787109375,-0.000320287889144016
193.75,31.5706787109375,-0.00134547773388623
195,31.5706787109375,-0.00168791936236031
196.25,31.5706787109375,-0.000995177952852566
197.5,31.5706787109375,0.000550755297029743
198.75,31.5706787109375,0.00296371983960356
200,31.5706787109375,0.00571922840777729
201.25,31.5706787109375,0.00809784371075625
202.5,31.5706787109375,0.0105555280602635
203.75,31.5706787109375,0.0133925791421666
205,31.5706787109375,0.0159726534602385
206.25,31.5706787109375,0.0179908965304545
207.5,31.5706787109375,0.0190414148795826
208.75,31.5706787109375,0.0192312477306584
210,31.5706787109375,0.0179028584964165
211.25,31.5706787109375,0.0153015444727037
212.5,31.5706787109375,0.0121068681133115
213.75,31.5706787109375,0.00870896997270177
215,31.5706787109375,0.00531001686026232
216.25,31.5706787109375,0.00243140265793394
217.5,31.5706787109375,0.000469332685203688
218.75,31.5706787109375,-0.0019854603534225
220,31.5706787109375,-0.00405423307562012
221.25,31.5706787109375,-0.00347978430795158
222.5,31.5706787109375,-0.000101558487264859
223.75,31.5706787109375,0.00413975749303893
225,31.5706787109375,0.00586723876322943
226.25,31.5706787109375,0.00336806846740013
227.5,31.5706787109375,-0.00153738934641433
228.75,31.5706787109375,-0.0064431507359079
230,31.5706787109375,-0.011899138913913
231.25,31.5706787109375,-0.0166746735079978
232.5,31.5706787109375,-0.0214331212452153
233.75,31.5706787109375,-0.0241128071968549
235,31.5706787109375,-0.0233528463823243
236.25,31.5706787109375,-0.0212324971368962
237.5,31.5706787109375,-0.0209093492796705
238.75,31.5706787109375,-0.0213203870923559
240,31.5706787109375,-0.0166217356287268
241.25,31.5706787109375,-0.0080672764335241
242.5,31.5706787109375,-0.00416246626077068
243.75,31.5706787109375,-0.00221644190223281
160,32.5130920410156,-0.0102890595730141
161.25,32.5130920410156,-0.0182738639183445
162.5,32.5130920410156,-0.0248423759386513
163.75,32.5130920410156,-0.0287634342723863
165,32.5130920410156,-0.0313229027096653
166.25,32.5130920410156,-0.0313445381245804
167.5,32.5130920410156,-0.028782203307776
168.75,32.5130920410156,-0.0248231500638427
170,32.5130920410156,-0.0210656593801435
171.25,32.5130920410156,-0.0180410316313862
172.5,32.5130920410156,-0.0144519256366327
173.75,32.5130920410156,-0.0101908135372897
175,32.5130920410156,-0.00678577343312839
176.25,32.5130920410156,-0.00462757322814453
177.5,32.5130920410156,-0.00337839791857091
178.75,32.5130920410156,-0.00215805157961821
180,32.5130920410156,-0.000240786918644813
181.25,32.5130920410156,0.00178739295535524
182.5,32.5130920410156,0.00236268343103903
183.75,32.5130920410156,0.00182150926970511
185,32.5130920410156,0.00357885097305521
186.25,32.5130920410156,0.00753683675837455
187.5,32.5130920410156,0.0100359218950864
188.75,32.5130920410156,0.0102031719525164
190,32.5130920410156,0.00934524663812421
191.25,32.5130920410156,0.00840268995909457
192.5,32.5130920410156,0.00744037137542498
193.75,32.5130920410156,0.00642635717082768
195,32.5130920410156,0.00572340394973914
196.25,32.5130920410156,0.00549400502716904
197.5,32.5130920410156,0.00569038961263038
198.75,32.5130920410156,0.00678599878879833
200,32.5130920410156,0.00843096948869388
201.25,32.5130920410156,0.0104927870378283
202.5,32.5130920410156,0.0135003197669087
203.75,32.5130920410156,0.0168685833236794
205,32.5130920410156,0.0200970880491569
206.25,32.5130920410156,0.0226956932793495
207.5,32.5130920410156,0.0238951956365285
208.75,32.5130920410156,0.0235956161412746
210,32.5130920410156,0.0219084152868848
211.25,32.5130920410156,0.0195564135691834
212.5,32.5130920410156,0.0166600324226689
213.75,32.5130920410156,0.0128538454627998
215,32.5130920410156,0.00783088413924754
216.25,32.5130920410156,0.00257941315821924
217.5,32.5130920410156,-0.00182025920300828
218.75,32.5130920410156,-0.00702205047189366
220,32.5130920410156,-0.011642572508981
221.25,32.5130920410156,-0.0125207771340193
222.5,32.5130920410156,-0.00870664821366118
223.75,32.5130920410156,-0.00256157464820176
225,32.5130920410156,0.00260429848903289
226.25,32.5130920410156,0.00450566310300417
227.5,32.5130920410156,0.00322886039240071
228.75,32.5130920410156,9.69592032789285e-06
230,32.5130920410156,-0.00462892229613616
231.25,32.5130920410156,-0.00914783441022713
232.5,32.5130920410156,-0.0135759257956048
233.75,32.5130920410156,-0.0164559330957611
235,32.5130920410156,-0.0165523649697987
236.25,32.5130920410156,-0.0157195179811013
237.5,32.5130920410156,-0.0175842837967283
238.75,32.5130920410156,-0.0183940288357883
240,32.5130920410156,-0.0134387194994296
241.25,32.5130920410156,-0.0082135397309047
242.5,32.5130920410156,-0.00679435036573457
160,33.4554977416992,-0.00738345421026103
161.25,33.4554977416992,-0.0108059505862962
162.5,33.4554977416992,-0.016240306890464
163.75,33.4554977416992,-0.0209863286095548
165,33.4554977416992,-0.0256689804733688
166.25,33.4554977416992,-0.02930493510911
167.5,33.4554977416992,-0.0300185968759736
168.75,33.4554977416992,-0.0283456562007198
170,33.4554977416992,-0.0258728958552401
171.25,33.4554977416992,-0.0232844874785539
172.5,33.4554977416992,-0.0187450555960044
173.75,33.4554977416992,-0.0135638092684174
175,33.4554977416992,-0.00931094758786061
176.25,33.4554977416992,-0.00570031185128488
177.5,33.4554977416992,-0.00310480710017151
178.75,33.4554977416992,-0.00139839894568357
180,33.4554977416992,0.000167841386044095
181.25,33.4554977416992,0.00143841005092687
182.5,33.4554977416992,0.00146309174843552
183.75,33.4554977416992,0.000853679628078801
185,33.4554977416992,0.0028619401260427
186.25,33.4554977416992,0.00808563920293401
187.5,33.4554977416992,0.012816383162057
188.75,33.4554977416992,0.0146384366887109
190,33.4554977416992,0.0147182783588813
191.25,33.4554977416992,0.0147094033041296
192.5,33.4554977416992,0.0146626254994107
193.75,33.4554977416992,0.0140801129926966
195,33.4554977416992,0.013507879478083
196.25,33.4554977416992,0.0129322460475149
197.5,33.4554977416992,0.0125125548705244
198.75,33.4554977416992,0.01297914542489
200,33.4554977416992,0.0140395379638959
201.25,33.4554977416992,0.0158006690596194
202.5,33.4554977416992,0.0185847484871976
203.75,33.4554977416992,0.0219257291889777
205,33.4554977416992,0.0251698986699789
206.25,33.4554977416992,0.0274930159211134
207.5,33.4554977416992,0.0285023315443863
208.75,33.4554977416992,0.0278215583942797
210,33.4554977416992,0.0254472470944181
211.25,33.4554977416992,0.0226612961201877
212.5,33.4554977416992,0.0198627794067355
213.75,33.4554977416992,0.0160589719718826
215,33.4554977416992,0.0101683840025376
216.25,33.4554977416992,0.0032745228493706
217.5,33.4554977416992,-0.00310773030910357
218.75,33.4554977416992,-0.00992302824522492
220,33.4554977416992,-0.0168413716113918
221.25,33.4554977416992,-0.0205994479055176
222.5,33.4554977416992,-0.0180830355340739
223.75,33.4554977416992,-0.011495475807313
225,33.4554977416992,-0.004404656048555
226.25,33.4554977416992,0.00101617953227168
227.5,33.4554977416992,0.00391028145721615
228.75,33.4554977416992,0.00440050621339219
230,33.4554977416992,0.00272867676788122
231.25,33.4554977416992,-0.000112248309724459
232.5,33.4554977416992,-0.00450290223206197
233.75,33.4554977416992,-0.00764574652524981
235,33.4554977416992,-0.00852359528344343
236.25,33.4554977416992,-0.0106247330816817
237.5,33.4554977416992,-0.0147068715809172
238.75,33.4554977416992,-0.013341194981248
240,33.4554977416992,-0.0091478992245236
241.25,33.4554977416992,-0.00770674943434701
242.5,33.4554977416992,-0.00755275682377052
160,34.3979034423828,-0.00989378056923176
161.25,34.3979034423828,-0.00997488666768595
162.5,34.3979034423828,-0.0131003378302099
163.75,34.3979034423828,-0.0163638483592872
165,34.3979034423828,-0.0195706511757725
166.25,34.3979034423828,-0.0233866995744303
167.5,34.3979034423828,-0.0259877788668547
168.75,34.3979034423828,-0.0265484463902454
170,34.3979034423828,-0.0268093461157401
171.25,34.3979034423828,-0.0265730141523667
172.5,34.3979034423828,-0.0226762163078424
173.75,34.3979034423828,-0.017164930873919
175,34.3979034423828,-0.0116901629526357
176.25,34.3979034423828,-0.00643219808149358
177.5,34.3979034423828,-0.00244463726320718
178.75,34.3979034423828,-0.000181049125789278
180,34.3979034423828,0.000925525345000556
181.25,34.3979034423828,0.00133617279646172
182.5,34.3979034423828,0.00127884028548118
183.75,34.3979034423828,0.00144054942005253
185,34.3979034423828,0.00354244281681872
186.25,34.3979034423828,0.00868107940790099
187.5,34.3979034423828,0.014670686001598
188.75,34.3979034423828,0.0186310736768605
190,34.3979034423828,0.0205266722336362
191.25,34.3979034423828,0.0217944108555851
192.5,34.3979034423828,0.0227370743610982
193.75,34.3979034423828,0.0229230710288498
195,34.3979034423828,0.0225452876211836
196.25,34.3979034423828,0.0212533550399857
197.5,34.3979034423828,0.0200384663540434
198.75,34.3979034423828,0.0199044652660161
200,34.3979034423828,0.0206793768678162
201.25,34.3979034423828,0.0220871174844176
202.5,34.3979034423828,0.0242119494497277
203.75,34.3979034423828,0.0267686138290831
205,34.3979034423828,0.0292678622043379
206.25,34.3979034423828,0.0311212913624314
207.5,34.3979034423828,0.0319050030462866
208.75,34.3979034423828,0.030916479037836
210,34.3979034423828,0.0281464637402531
211.25,34.3979034423828,0.0249560043496116
212.5,34.3979034423828,0.0222325685588367
213.75,34.3979034423828,0.0186033134796417
215,34.3979034423828,0.01246499691225
216.25,34.3979034423828,0.00463957389975911
217.5,34.3979034423828,-0.00299113639960298
218.75,34.3979034423828,-0.0104977576478639
220,34.3979034423828,-0.0188562597736744
221.25,34.3979034423828,-0.0248031552841103
222.5,34.3979034423828,-0.0253187356077261
223.75,34.3979034423828,-0.0194062106618156
225,34.3979034423828,-0.0112637158778223
226.25,34.3979034423828,-0.00337343998684301
227.5,34.3979034423828,0.00286933897422366
228.75,34.3979034423828,0.00704355633290733
230,34.3979034423828,0.0092947137201185
231.25,34.3979034423828,0.00897412963803277
232.5,34.3979034423828,0.00557598370708239
233.75,34.3979034423828,0.0019675194119426
235,34.3979034423828,-0.00106451482746481
236.25,34.3979034423828,-0.00669169068125722
237.5,34.3979034423828,-0.012094701359289
238.75,34.3979034423828,-0.0115311275565781
240,34.3979034423828,-0.00946701361242672
241.25,34.3979034423828,-0.00763642854534608
160,35.3403167724609,-0.00910346817898861
161.25,35.3403167724609,-0.0082164190959825
162.5,35.3403167724609,-0.0111209215351531
163.75,35.3403167724609,-0.0148776871436146
165,35.3403167724609,-0.0174894212528224
166.25,35.3403167724609,-0.0197889128136454
167.5,35.3403167724609,-0.0216106883983855
168.75,35.3403167724609,-0.0223399931414463
170,35.3403167724609,-0.0232766299416004
171.25,35.3403167724609,-0.0244936223746438
172.5,35.3403167724609,-0.0231015735950559
173.75,35.3403167724609,-0.0196839812356004
175,35.3403167724609,-0.0148695808562812
176.25,35.3403167724609,-0.00859010920414521
177.5,35.3403167724609,-0.00274634990600073
178.75,35.3403167724609,0.000961575184437585
180,35.3403167724609,0.00257196002680604
181.25,35.3403167724609,0.00303330376785768
182.5,35.3403167724609,0.00301816166501991
183.75,35.3403167724609,0.00327755265799315
185,35.3403167724609,0.00533917961402474
186.25,35.3403167724609,0.0100734632091661
187.5,35.3403167724609,0.0163979063563706
188.75,35.3403167724609,0.0217941159415327
190,35.3403167724609,0.0253307913416773
191.25,35.3403167724609,0.0279289699338991
192.5,35.3403167724609,0.0302308274232184
193.75,35.3403167724609,0.0315025856985515
195,35.3403167724609,0.0315988385483064
196.25,35.3403167724609,0.0299254575248527
197.5,35.3403167724609,0.0280321993056867
198.75,35.3403167724609,0.0272722492473124
200,35.3403167724609,0.0279248899040725
201.25,35.3403167724609,0.0289512650958841
202.5,35.3403167724609,0.0297645933915422
203.75,35.3403167724609,0.0305816940568568
205,35.3403167724609,0.0314945153353905
206.25,35.3403167724609,0.032557571787252
207.5,35.3403167724609,0.0333108682553177
208.75,35.3403167724609,0.0324792249107708
210,35.3403167724609,0.0301677815873685
211.25,35.3403167724609,0.0269427650921604
212.5,35.3403167724609,0.0239288093525143
213.75,35.3403167724609,0.0203279059794877
215,35.3403167724609,0.0143574462465544
216.25,35.3403167724609,0.00633054287531896
217.5,35.3403167724609,-0.00182051851254897
218.75,35.3403167724609,-0.00975536943594673
220,35.3403167724609,-0.0184750521706254
221.25,35.3403167724609,-0.0259675942873552
222.5,35.3403167724609,-0.02894087761007
223.75,35.3403167724609,-0.0249416694219361
225,35.3403167724609,-0.0163770759688429
226.25,35.3403167724609,-0.00626421953219765
227.5,35.3403167724609,0.00305803155824158
228.75,35.3403167724609,0.0103615118843754
230,35.3403167724609,0.0151024283765771
231.25,35.3403167724609,0.016312769881473
232.5,35.3403167724609,0.0129760690839163
233.75,35.3403167724609,0.00869368760244836
235,35.3403167724609,0.00440468050291352
236.25,35.3403167724609,-0.00305402624489276
237.5,35.3403167724609,-0.00971553139628561
238.75,35.3403167724609,-0.0118083748637816
240,35.3403167724609,-0.0119043832606764
160,36.2827224731445,-0.00752246757093159
161.25,36.2827224731445,-0.00609231050850869
162.5,36.2827224731445,-0.00803011074623517
163.75,36.2827224731445,-0.0115273590187313
165,36.2827224731445,-0.0139960147481917
166.25,36.2827224731445,-0.0155639891715809
167.5,36.2827224731445,-0.0166184910020463
168.75,36.2827224731445,-0.0171083566534575
170,36.2827224731445,-0.0178003315511967
171.25,36.2827224731445,-0.019028388818003
172.5,36.2827224731445,-0.0196054319145029
173.75,36.2827224731445,-0.0188733954731822
175,36.2827224731445,-0.0165046515444193
176.25,36.2827224731445,-0.0115155420494926
177.5,36.2827224731445,-0.00527699983664314
178.75,36.2827224731445,-0.000291085503399018
180,36.2827224731445,0.00289537315422402
181.25,36.2827224731445,0.00473716416801537
182.5,36.2827224731445,0.00553164362083699
183.75,36.2827224731445,0.00601888396912677
185,36.2827224731445,0.00809290070928045
186.25,36.2827224731445,0.0124293956492894
187.5,36.2827224731445,0.0188053976094738
188.75,36.2827224731445,0.0252592356879243
190,36.2827224731445,0.0302582145961346
191.25,36.2827224731445,0.0339972361013135
192.5,36.2827224731445,0.0370277468447293
193.75,36.2827224731445,0.0386513182038535
195,36.2827224731445,0.03876811455827
196.25,36.2827224731445,0.0367182590124122
197.5,36.2827224731445,0.0338836895332996
198.75,36.2827224731445,0.0324021240123095
200,36.2827224731445,0.0327048163573934
201.25,36.2827224731445,0.0336353188105134
202.5,36.2827224731445,0.0339216481606115
203.75,36.2827224731445,0.033261249383138
205,36.2827224731445,0.0323697469559093
206.25,36.2827224731445,0.03265333391702
207.5,36.2827224731445,0.033670264370212
208.75,36.2827224731445,0.0336070412772716
210,36.2827224731445,0.0317625559186276
211.25,36.2827224731445,0.0283306383377624
212.5,36.2827224731445,0.0243074025014838
213.75,36.2827224731445,0.0198022224444569
215,36.2827224731445,0.0139222667652547
216.25,36.2827224731445,0.00674039006961633
217.5,36.2827224731445,-0.00109778124203188
218.75,36.2827224731445,-0.00916773087263126
220,36.2827224731445,-0.0172819821226522
221.25,36.2827224731445,-0.0253774128249294
222.5,36.2827224731445,-0.0293578016246685
223.75,36.2827224731445,-0.0267614678235434
225,36.2827224731445,-0.0182535187798762
226.25,36.2827224731445,-0.00715847302411266
227.5,36.2827224731445,0.00449839940536951
228.75,36.2827224731445,0.0141586057724168
230,36.2827224731445,0.0202669630314676
231.25,36.2827224731445,0.0214646741828015
232.5,36.2827224731445,0.0173458667169395
233.75,36.2827224731445,0.013328391024031
235,36.2827224731445,0.00827875257116979
236.25,36.2827224731445,-0.000870232279604629
237.5,36.2827224731445,-0.0080624192663042
238.75,36.2827224731445,-0.0100837567554667
160,37.2251281738281,-0.00918946420526634
161.25,37.2251281738281,-0.00792334024723976
162.5,37.2251281738281,-0.00964923566523457
163.75,37.2251281738281,-0.0116166020617491
165,37.2251281738281,-0.0120500318888174
166.25,37.2251281738281,-0.0123736657284766
167.5,37.2251281738281,-0.0128615210029112
168.75,37.2251281738281,-0.0126535148609428
170,37.2251281738281,-0.0119572977006725
171.25,37.2251281738281,-0.0121044042021209
172.5,37.2251281738281,-0.013594731412708
173.75,37.2251281738281,-0.0152329987335251
175,37.2251281738281,-0.0151277338218019
176.25,37.2251281738281,-0.0126096047035733
177.5,37.2251281738281,-0.00821491825416929
178.75,37.2251281738281,-0.00338727870664552
180,37.2251281738281,0.00114832633521088
181.25,37.2251281738281,0.00478979487930211
182.5,37.2251281738281,0.00706984245338461
183.75,37.2251281738281,0.0083989313127043
185,37.2251281738281,0.0104489497103322
186.25,37.2251281738281,0.0144233635052319
187.5,37.2251281738281,0.0205868944398802
188.75,37.2251281738281,0.0275352664954832
190,37.2251281738281,0.0337687889652103
191.25,37.2251281738281,0.0390894019940764
192.5,37.2251281738281,0.0433375758127463
193.75,37.2251281738281,0.0451964070144043
195,37.2251281738281,0.0448648034995111
196.25,37.2251281738281,0.042458648877432
197.5,37.2251281738281,0.0388440133994769
198.75,37.2251281738281,0.0361785982322078
200,37.2251281738281,0.0353843927322156
201.25,37.2251281738281,0.0357778230953152
202.5,37.2251281738281,0.0357960548572472
203.75,37.2251281738281,0.0346971475572336
205,37.2251281738281,0.0330959881264961
206.25,37.2251281738281,0.0326100939858734
207.5,37.2251281738281,0.0336324927017283
208.75,37.2251281738281,0.0342751526978218
210,37.2251281738281,0.0327501371046596
211.25,37.2251281738281,0.0287177104094857
212.5,37.2251281738281,0.0230937770860309
213.75,37.2251281738281,0.0171582234662158
215,37.2251281738281,0.011283624586178
216.25,37.2251281738281,0.00487893502922445
217.5,37.2251281738281,-0.00238273569842822
218.75,37.2251281738281,-0.0100627422152778
220,37.2251281738281,-0.0173309697419802
221.25,37.2251281738281,-0.023917023793778
222.5,37.2251281738281,-0.0279754291059333
223.75,37.2251281738281,-0.0258538212763182
225,37.2251281738281,-0.017764582904106
226.25,37.2251281738281,-0.00674412570168095
227.5,37.2251281738281,0.00598063672968307
228.75,37.2251281738281,0.0171791428517025
230,37.2251281738281,0.0239091403546985
231.25,37.2251281738281,0.0241809144237239
232.5,37.2251281738281,0.0194979933178016
233.75,37.2251281738281,0.0160962391192282
235,37.2251281738281,0.0105859648171915
236.25,37.2251281738281,0.00147006237555982
237.5,37.2251281738281,-0.0039094057684478
238.75,37.2251281738281,-0.00979859893960595
160,38.1675415039062,-0.0146074521184192
161.25,38.1675415039062,-0.0125373317727398
162.5,38.1675415039062,-0.0131750937111734
163.75,38.1675415039062,-0.0117810087392797
165,38.1675415039062,-0.00894175305183586
166.25,38.1675415039062,-0.00830926613487871
167.5,38.1675415039062,-0.00931825485936021
168.75,38.1675415039062,-0.00937517921375467
170,38.1675415039062,-0.00778923089473809
171.25,38.1675415039062,-0.00682062894318313
172.5,38.1675415039062,-0.0080290385239949
173.75,38.1675415039062,-0.0106662353918216
175,38.1675415039062,-0.0118026517091344
176.25,38.1675415039062,-0.010927983856915
177.5,38.1675415039062,-0.00902878855125691
178.75,38.1675415039062,-0.0058203042839098
180,38.1675415039062,-0.00130865266054306
181.25,38.1675415039062,0.00334782435031869
182.5,38.1675415039062,0.00702216366611026
183.75,38.1675415039062,0.00967898250298389
185,38.1675415039062,0.0119423721600423
186.25,38.1675415039062,0.015344967138454
187.5,38.1675415039062,0.020539160836911
188.75,38.1675415039062,0.0273834000070225
190,38.1675415039062,0.0346076837354885
191.25,38.1675415039062,0.041568450052412
192.5,38.1675415039062,0.0471869024438874
193.75,38.1675415039062,0.0494366771440396
195,38.1675415039062,0.0487436286421224
196.25,38.1675415039062,0.0462788391572295
197.5,38.1675415039062,0.0424574629108227
198.75,38.1675415039062,0.0390304010084697
200,38.1675415039062,0.0372345831258573
201.25,38.1675415039062,0.0366938961669474
202.5,38.1675415039062,0.0365926216761296
203.75,38.1675415039062,0.0358127828124196
205,38.1675415039062,0.0341116057079419
206.25,38.1675415039062,0.0327857515324013
207.5,38.1675415039062,0.03277412542902
208.75,38.1675415039062,0.0329273389946059
210,38.1675415039062,0.0310688453834511
211.25,38.1675415039062,0.0262406405077748
212.5,38.1675415039062,0.0199071865071462
213.75,38.1675415039062,0.013794476694647
215,38.1675415039062,0.00843880161609871
216.25,38.1675415039062,0.00275140383068253
217.5,38.1675415039062,-0.00419452194905928
218.75,38.1675415039062,-0.0116178039992898
220,38.1675415039062,-0.0180459851358228
221.25,38.1675415039062,-0.0229762498959218
222.5,38.1675415039062,-0.025441767842345
223.75,38.1675415039062,-0.0227250535694345
225,38.1675415039062,-0.015842909076511
226.25,38.1675415039062,-0.00615099302422562
227.5,38.1675415039062,0.00673428261663442
228.75,38.1675415039062,0.0189717137699313
230,38.1675415039062,0.0260823995849927
231.25,38.1675415039062,0.0260658927129798
232.5,38.1675415039062,0.021075570554026
233.75,38.1675415039062,0.0179113567258711
235,38.1675415039062,0.0124452118201221
236.25,38.1675415039062,0.00564839510320637
237.5,38.1675415039062,-0.00144894034957993
160,39.1099548339844,-0.00962278043407946
161.25,39.1099548339844,-0.00659153809975163
162.5,39.1099548339844,-0.00519628674478558
163.75,39.1099548339844,-0.0029583416643329
165,39.1099548339844,-0.000928614988349861
166.25,39.1099548339844,-0.00169217326752759
167.5,39.1099548339844,-0.00402012250553221
168.75,39.1099548339844,-0.0053418881007037
170,39.1099548339844,-0.00492111885462289
171.25,39.1099548339844,-0.00426617957607431
172.5,39.1099548339844,-0.00420358136585676
173.75,39.1099548339844,-0.00531156235368692
175,39.1099548339844,-0.00686583671392021
176.25,39.1099548339844,-0.00721097882773544
177.5,39.1099548339844,-0.00697472779479858
178.75,39.1099548339844,-0.00545367734637845
180,39.1099548339844,-0.00219369461608223
181.25,39.1099548339844,0.00203182333885714
182.5,39.1099548339844,0.00609055663722357
183.75,39.1099548339844,0.00939974550619871
185,39.1099548339844,0.0119718353415494
186.25,39.1099548339844,0.0147937626444595
187.5,39.1099548339844,0.0186632244881089
188.75,39.1099548339844,0.0241363365651177
190,39.1099548339844,0.0312816636175915
191.25,39.1099548339844,0.0396054837491756
192.5,39.1099548339844,0.0470441061225192
193.75,39.1099548339844,0.0503223081041663
195,39.1099548339844,0.0498739482064137
196.25,39.1099548339844,0.0478008147744655
197.5,39.1099548339844,0.0447753543234885
198.75,39.1099548339844,0.0415325154548341
200,39.1099548339844,0.0387759168937459
201.25,39.1099548339844,0.0369003067934286
202.5,39.1099548339844,0.036150642812218
203.75,39.1099548339844,0.0358358353339127
205,39.1099548339844,0.0345544930458057
206.25,39.1099548339844,0.0326618728266501
207.5,39.1099548339844,0.031239486255879
208.75,39.1099548339844,0.0299417765388947
210,39.1099548339844,0.0273255888868504
211.25,39.1099548339844,0.0225058603922225
212.5,39.1099548339844,0.0165737694891621
213.75,39.1099548339844,0.011061440130808
215,39.1099548339844,0.00616460839399616
216.25,39.1099548339844,0.000696948270689316
217.5,39.1099548339844,-0.00608991531544958
218.75,39.1099548339844,-0.013024287269386
220,39.1099548339844,-0.0185038315523496
221.25,39.1099548339844,-0.0220135485233052
222.5,39.1099548339844,-0.0223926482581264
223.75,39.1099548339844,-0.0186764458720878
225,39.1099548339844,-0.0133796072942477
226.25,39.1099548339844,-0.00630416528507777
227.5,39.1099548339844,0.0053580658998021
228.75,39.1099548339844,0.0183665570853294
230,39.1099548339844,0.0262240502125135
231.25,39.1099548339844,0.0270736020785987
232.5,39.1099548339844,0.0223562301355589
233.75,39.1099548339844,0.0190143215075433
235,39.1099548339844,0.0155807888697722
236.25,39.1099548339844,0.009954426499958
160,40.0523529052734,0.00284360004486903
161.25,40.0523529052734,0.00409542019549687
162.5,40.0523529052734,0.00575310271188192
163.75,40.0523529052734,0.00687852854988184
165,40.0523529052734,0.00662152583564394
166.25,40.0523529052734,0.00419572352398554
167.5,40.0523529052734,0.00116136755279012
168.75,40.0523529052734,-0.000871000650214451
170,40.0523529052734,-0.00207451583360083
171.25,40.0523529052734,-0.0031741849716936
172.5,40.0523529052734,-0.0031101874829971
173.75,40.0523529052734,-0.0025163217830186
175,40.0523529052734,-0.00288471605458071
176.25,40.0523529052734,-0.0025884713531572
177.5,40.0523529052734,-0.00170467562806512
178.75,40.0523529052734,-0.00134471057634551
180,40.0523529052734,-0.000585598542061165
181.25,40.0523529052734,0.00149407710676899
182.5,40.0523529052734,0.00451399427889499
183.75,40.0523529052734,0.00764165491681986
185,40.0523529052734,0.0103553373902571
186.25,40.0523529052734,0.0129185087118046
187.5,40.0523529052734,0.0162187034909313
188.75,40.0523529052734,0.0204919035748252
190,40.0523529052734,0.0261190413973501
191.25,40.0523529052734,0.0332802465764533
192.5,40.0523529052734,0.0402234733317201
193.75,40.0523529052734,0.0441032175288123
195,40.0523529052734,0.0454409003742766
196.25,40.0523529052734,0.0461741847178803
197.5,40.0523529052734,0.0460410618317813
198.75,40.0523529052734,0.0439443641661836
200,40.0523529052734,0.0400089319102379
201.25,40.0523529052734,0.0365043083891987
202.5,40.0523529052734,0.0347674835058269
203.75,40.0523529052734,0.0345662352068901
205,40.0523529052734,0.0338293172067732
206.25,40.0523529052734,0.0318778905001058
207.5,40.0523529052734,0.0294398246749992
208.75,40.0523529052734,0.0264598802420179
210,40.0523529052734,0.0227961914714521
211.25,40.0523529052734,0.0184519134419377
212.5,40.0523529052734,0.0131097996217645
213.75,40.0523529052734,0.00820349389172905
215,40.0523529052734,0.00362590453389423
216.25,40.0523529052734,-0.00180408305647045
217.5,40.0523529052734,-0.00842778023753595
218.75,40.0523529052734,-0.0147310571376045
220,40.0523529052734,-0.0192864713557757
221.25,40.0523529052734,-0.0212942167639306
222.5,40.0523529052734,-0.0200530205760021
223.75,40.0523529052734,-0.0161508931046382
225,40.0523529052734,-0.0120184416823013
226.25,40.0523529052734,-0.00725592341678255
227.5,40.0523529052734,0.0015875147882626
228.75,40.0523529052734,0.0143284919973894
230,40.0523529052734,0.0233780414862717
231.25,40.0523529052734,0.0258167300357338
232.5,40.0523529052734,0.0233836768546561
233.75,40.0523529052734,0.0207818556509384
235,40.0523529052734,0.0197590048929684
236.25,40.0523529052734,0.0136112792085895
160,40.9947662353516,0.00782185217829991
161.25,40.9947662353516,0.00672965788455212
162.5,40.9947662353516,0.00806991178234609
163.75,40.9947662353516,0.00827769367396309
165,40.9947662353516,0.00742967053155184
166.25,40.9947662353516,0.00590334567322994
167.5,40.9947662353516,0.00435071565191414
168.75,40.9947662353516,0.00328915063372497
170,40.9947662353516,0.00202406409399676
171.25,40.9947662353516,0.000196915231614273
172.5,40.9947662353516,-0.00140230334871758
173.75,40.9947662353516,-0.00180176491084766
175,40.9947662353516,-0.000210615477169604
176.25,40.9947662353516,0.00240274088619568
177.5,40.9947662353516,0.0041046829547243
178.75,40.9947662353516,0.00331189819469969
180,40.9947662353516,0.00206287775143892
181.25,40.9947662353516,0.00215487666730291
182.5,40.9947662353516,0.00337278425746067
183.75,40.9947662353516,0.00541352541602229
185,40.9947662353516,0.00794111196235058
186.25,40.9947662353516,0.0109349533503391
187.5,40.9947662353516,0.0146160934691082
188.75,40.9947662353516,0.0181691389789773
190,40.9947662353516,0.0217465496248285
191.25,40.9947662353516,0.0256935038493307
192.5,40.9947662353516,0.0296489398482494
193.75,40.9947662353516,0.0326229151154781
195,40.9947662353516,0.0349651488627794
196.25,40.9947662353516,0.0384635753301438
197.5,40.9947662353516,0.0417728201870877
198.75,40.9947662353516,0.0419498654002248
200,40.9947662353516,0.0390242032870806
201.25,40.9947662353516,0.0352457994709269
202.5,40.9947662353516,0.0324581579616854
203.75,40.9947662353516,0.0315751679639203
205,40.9947662353516,0.0312900179584968
206.25,40.9947662353516,0.0296652114946558
207.5,40.9947662353516,0.0267636046248823
208.75,40.9947662353516,0.0228733379436993
210,40.9947662353516,0.0182631653369232
211.25,40.9947662353516,0.0136558964334437
212.5,40.9947662353516,0.00904352345461775
213.75,40.9947662353516,0.00439878712245858
215,40.9947662353516,-7.97652038852812e-05
216.25,40.9947662353516,-0.00556379487743953
217.5,40.9947662353516,-0.011730419540269
218.75,40.9947662353516,-0.0170685743990244
220,40.9947662353516,-0.0204809730278495
221.25,40.9947662353516,-0.0209282408449783
222.5,40.9947662353516,-0.018697450431602
223.75,40.9947662353516,-0.0150270393641046
225,40.9947662353516,-0.0110581894470515
226.25,40.9947662353516,-0.0067474232392159
227.5,40.9947662353516,-9.39415672701173e-05
228.75,40.9947662353516,0.0105564031510581
230,40.9947662353516,0.0201984355612568
231.25,40.9947662353516,0.0242201882779648
232.5,40.9947662353516,0.0241690019338179
233.75,40.9947662353516,0.0228112007545146
235,40.9947662353516,0.0211491922824823
236.25,40.9947662353516,0.0208859467154905
160,41.9371795654297,0.00846619329597391
161.25,41.9371795654297,0.00255953594195401
162.5,41.9371795654297,0.00120098247227372
163.75,41.9371795654297,0.00115206986810089
165,41.9371795654297,0.00236436582258696
166.25,41.9371795654297,0.00349967307873041
167.5,41.9371795654297,0.00382500328843822
168.75,41.9371795654297,0.00358275749264997
170,41.9371795654297,0.00268021174193356
171.25,41.9371795654297,0.000700532905941199
172.5,41.9371795654297,-0.00130049281687302
173.75,41.9371795654297,-0.00159799720286878
175,41.9371795654297,0.00199897016710249
176.25,41.9371795654297,0.0062099717898051
177.5,41.9371795654297,0.00791893764409838
178.75,41.9371795654297,0.00681552474430103
180,41.9371795654297,0.00481110319165816
181.25,41.9371795654297,0.00324240385053726
182.5,41.9371795654297,0.002613817199464
183.75,41.9371795654297,0.00344916418214018
185,41.9371795654297,0.00602956857898124
186.25,41.9371795654297,0.0100076536221343
187.5,41.9371795654297,0.01450443257751
188.75,41.9371795654297,0.0179939112226246
190,41.9371795654297,0.0197955404423295
191.25,41.9371795654297,0.0201929987893892
192.5,41.9371795654297,0.0199113540275285
193.75,41.9371795654297,0.0195109758205287
195,41.9371795654297,0.0208461584474686
196.25,41.9371795654297,0.0249444770634357
197.5,41.9371795654297,0.0298500823426371
198.75,41.9371795654297,0.0326558143785263
200,41.9371795654297,0.0325041886385826
201.25,41.9371795654297,0.0312654227546233
202.5,41.9371795654297,0.0291805349633011
203.75,41.9371795654297,0.0273083216710577
205,41.9371795654297,0.0262015809464441
206.25,41.9371795654297,0.0248673738677216
207.5,41.9371795654297,0.0223645276534398
208.75,41.9371795654297,0.0186442891604456
210,41.9371795654297,0.0142225522947564
211.25,41.9371795654297,0.00992441681861098
212.5,41.9371795654297,0.00570527283676437
213.75,41.9371795654297,0.00103838943596695
215,41.9371795654297,-0.00435297761387425
216.25,41.9371795654297,-0.0101624065007134
217.5,41.9371795654297,-0.0158416794188621
218.75,41.9371795654297,-0.0201047135279415
220,41.9371795654297,-0.0219358598218336
221.25,41.9371795654297,-0.0211574039888503
222.5,41.9371795654297,-0.0188858202541321
223.75,41.9371795654297,-0.0155131120489685
225,41.9371795654297,-0.010664579440949
226.25,41.9371795654297,-0.00511825084335364
227.5,41.9371795654297,0.00142530496157782
228.75,41.9371795654297,0.00984292591846719
230,41.9371795654297,0.0189072049531692
231.25,41.9371795654297,0.0238853263151759
232.5,41.9371795654297,0.0251220027956703
233.75,41.9371795654297,0.0246851092115177
235,41.9371795654297,0.0220832877514129
236.25,41.9371795654297,0.0215921304470079
160,42.8795776367188,0.00824769486233327
161.25,42.8795776367188,-0.00100933908578568
162.5,42.8795776367188,-0.0073494656741755
163.75,42.8795776367188,-0.00910660839909797
165,42.8795776367188,-0.00702689669181511
166.25,42.8795776367188,-0.00377567028955607
167.5,42.8795776367188,-0.00145407573125291
168.75,42.8795776367188,-0.0006307081855572
170,42.8795776367188,-0.00159643549122275
171.25,42.8795776367188,-0.00434813768245374
172.5,42.8795776367188,-0.00584353254241944
173.75,42.8795776367188,-0.0036714603030432
175,42.8795776367188,0.00165522113249349
176.25,42.8795776367188,0.0059908113269342
177.5,42.8795776367188,0.00786053751096523
178.75,42.8795776367188,0.00748761720413989
180,42.8795776367188,0.00585122885314465
181.25,42.8795776367188,0.00384626571133901
182.5,42.8795776367188,0.00232288853561499
183.75,42.8795776367188,0.00249120491940319
185,42.8795776367188,0.00514452467119404
186.25,42.8795776367188,0.00970301514127438
187.5,42.8795776367188,0.0144364481213074
188.75,42.8795776367188,0.0175049015211169
190,42.8795776367188,0.0179358202362053
191.25,42.8795776367188,0.0159048341644152
192.5,42.8795776367188,0.0130430564880576
193.75,42.8795776367188,0.0107328419807659
195,42.8795776367188,0.0106649849743792
196.25,42.8795776367188,0.0128008224596953
197.5,42.8795776367188,0.0157743201560079
198.75,42.8795776367188,0.0186677578272244
200,42.8795776367188,0.0212803747780289
201.25,42.8795776367188,0.0232214167544507
202.5,42.8795776367188,0.0239187598450261
203.75,42.8795776367188,0.0233183844691099
205,42.8795776367188,0.0218650806868685
206.25,42.8795776367188,0.020078523581073
207.5,42.8795776367188,0.0176906501722116
208.75,42.8795776367188,0.014494019400746
210,42.8795776367188,0.0110532559645421
211.25,42.8795776367188,0.00741521870691745
212.5,42.8795776367188,0.00336018403619289
213.75,42.8795776367188,-0.00143127599235728
215,42.8795776367188,-0.00738689958126259
216.25,42.8795776367188,-0.0141979369504236
217.5,42.8795776367188,-0.0197427371442854
218.75,42.8795776367188,-0.0227077301340004
220,42.8795776367188,-0.0232171844865023
221.25,42.8795776367188,-0.0221589255261428
222.5,42.8795776367188,-0.0204380641176508
223.75,42.8795776367188,-0.0173909738184599
225,42.8795776367188,-0.0117418621156624
226.25,42.8795776367188,-0.00424845496425944
227.5,42.8795776367188,0.00399652531657419
228.75,42.8795776367188,0.0113629498840649
230,42.8795776367188,0.0182752632953766
231.25,42.8795776367188,0.0237482934057422
232.5,42.8795776367188,0.0263641224659422
233.75,42.8795776367188,0.0273369638596633
235,42.8795776367188,0.0250365949332752
236.25,42.8795776367188,0.0244237041730274
160,43.8219909667969,0.0038669082297623
161.25,43.8219909667969,-0.00506167182954643
162.5,43.8219909667969,-0.0118703921436548
163.75,43.8219909667969,-0.014544155436675
165,43.8219909667969,-0.0140178981089066
166.25,43.8219909667969,-0.0110371372013087
167.5,43.8219909667969,-0.00719965208926087
168.75,43.8219909667969,-0.00483351090087641
170,43.8219909667969,-0.00639588343660378
171.25,43.8219909667969,-0.0108598839909299
172.5,43.8219909667969,-0.0133500428990936
173.75,43.8219909667969,-0.0102672737046172
175,43.8219909667969,-0.00341861843463378
176.25,43.8219909667969,0.00220229980467915
177.5,43.8219909667969,0.00529597740769568
178.75,43.8219909667969,0.0061397566744953
180,43.8219909667969,0.00546466184350889
181.25,43.8219909667969,0.00377680746473848
182.5,43.8219909667969,0.00216065346442323
183.75,43.8219909667969,0.00232743946705851
185,43.8219909667969,0.00503247607811431
186.25,43.8219909667969,0.00930872618041322
187.5,43.8219909667969,0.0133455000761375
188.75,43.8219909667969,0.015611360290941
190,43.8219909667969,0.0147293285859733
191.25,43.8219909667969,0.0106695134242132
192.5,43.8219909667969,0.00607067234841611
193.75,43.8219909667969,0.00327712177287992
195,43.8219909667969,0.00327914355284395
196.25,43.8219909667969,0.00490486425270693
197.5,43.8219909667969,0.00684157338473167
198.75,43.8219909667969,0.00916504284337368
200,43.8219909667969,0.011872053821418
201.25,43.8219909667969,0.0144312703798977
202.5,43.8219909667969,0.0165914225055393
203.75,43.8219909667969,0.0184215486992778
205,43.8219909667969,0.0182090826362773
206.25,43.8219909667969,0.0165531657531825
207.5,43.8219909667969,0.0145892573939356
208.75,43.8219909667969,0.0123440605389128
210,43.8219909667969,0.00968696839354641
211.25,43.8219909667969,0.00616856765586544
212.5,43.8219909667969,0.00135148025955763
213.75,43.8219909667969,-0.00436868631765066
215,43.8219909667969,-0.0106767553573805
216.25,43.8219909667969,-0.0171908823020267
217.5,43.8219909667969,-0.0222129674635464
218.75,43.8219909667969,-0.0244047177599426
220,43.8219909667969,-0.0246934135735819
221.25,43.8219909667969,-0.0240176444056384
222.5,43.8219909667969,-0.0225203087074953
223.75,43.8219909667969,-0.0193447421901462
225,43.8219909667969,-0.0134861011878789
226.25,43.8219909667969,-0.00496725903664271
227.5,43.8219909667969,0.00482851074850775
228.75,43.8219909667969,0.0127587364821462
230,43.8219909667969,0.0180699821686006
231.25,43.8219909667969,0.0231111721461199
232.5,43.8219909667969,0.0273680345114306
233.75,43.8219909667969,0.030723219966299
235,43.8219909667969,0.0312546239641274
236.25,43.8219909667969,0.0315448524728015
160,44.764404296875,-0.0049419328863259
161.25,44.764404296875,-0.0120547696684491
162.5,44.764404296875,-0.0154945918588741
163.75,44.764404296875,-0.0154790123563201
165,44.764404296875,-0.0142894086060609
166.25,44.764404296875,-0.0124701586231804
167.5,44.764404296875,-0.00937217906512469
168.75,44.764404296875,-0.00731711320271643
170,44.764404296875,-0.00995331905928626
171.25,44.764404296875,-0.0154232505106735
172.5,44.764404296875,-0.0194096496528077
173.75,44.764404296875,-0.0157889707982203
175,44.764404296875,-0.0071816429909434
176.25,44.764404296875,-0.000503530983789996
177.5,44.764404296875,0.00364297603234919
178.75,44.764404296875,0.00510177795847692
180,44.764404296875,0.0046542762006459
181.25,44.764404296875,0.00300319119506631
182.5,44.764404296875,0.00149062404287905
183.75,44.764404296875,0.00186297012763151
185,44.764404296875,0.004402404274085
186.25,44.764404296875,0.00774116701439585
187.5,44.764404296875,0.0106866223996558
188.75,44.764404296875,0.0121468256971951
190,44.764404296875,0.0107555497227078
191.25,44.764404296875,0.00626744881382686
192.5,44.764404296875,0.00109006454464886
193.75,44.764404296875,-0.00172143911331161
195,44.764404296875,-0.00174472748327925
196.25,44.764404296875,-0.000361007695463593
197.5,44.764404296875,0.00126477959277825
198.75,44.764404296875,0.00303754249846982
200,44.764404296875,0.00531232772949388
201.25,44.764404296875,0.00818134601547342
202.5,44.764404296875,0.0112434147422261
203.75,44.764404296875,0.0136747122024318
205,44.764404296875,0.0142036772900502
206.25,44.764404296875,0.0130473339799853
207.5,44.764404296875,0.0119089423998862
208.75,44.764404296875,0.0105727379131471
210,44.764404296875,0.00836110635960326
211.25,44.764404296875,0.00453706315757371
212.5,44.764404296875,-0.00117835971701871
213.75,44.764404296875,-0.00810636868733008
215,44.764404296875,-0.0150832577919145
216.25,44.764404296875,-0.0206534574439624
217.5,44.764404296875,-0.0241863991201646
218.75,44.764404296875,-0.0257358439839278
220,44.764404296875,-0.0256921622346199
221.25,44.764404296875,-0.0249351747756078
222.5,44.764404296875,-0.0232559618554977
223.75,44.764404296875,-0.0197826265971604
225,44.764404296875,-0.0139679091924777
226.25,44.764404296875,-0.00558555070690149
227.5,44.764404296875,0.00416435644884412
228.75,44.764404296875,0.0120793828365818
230,44.764404296875,0.0173798103436341
231.25,44.764404296875,0.0224639337888353
232.5,44.764404296875,0.0281888602117535
233.75,44.764404296875,0.0341515013610384
235,44.764404296875,0.0377593585467807
236.25,44.764404296875,0.0394507332355256
160,45.7068023681641,-0.00986573180341242
161.25,45.7068023681641,-0.0137520973491493
162.5,45.7068023681641,-0.014875758641543
163.75,45.7068023681641,-0.012247923642191
165,45.7068023681641,-0.00884610965653836
166.25,45.7068023681641,-0.00690791118115687
167.5,45.7068023681641,-0.00573322661130701
168.75,45.7068023681641,-0.00547484611896503
170,45.7068023681641,-0.00785649677059555
171.25,45.7068023681641,-0.0119567226362206
172.5,45.7068023681641,-0.0152653953642894
173.75,45.7068023681641,-0.0121446301156422
175,45.7068023681641,-0.0055894985786669
176.25,45.7068023681641,-0.000334951145369616
177.5,45.7068023681641,0.00285323382348783
178.75,45.7068023681641,0.00404355508584819
180,45.7068023681641,0.00311670948361328
181.25,45.7068023681641,0.00100095592547287
182.5,45.7068023681641,-0.000706901290652681
183.75,45.7068023681641,-0.000517316583688128
185,45.7068023681641,0.00153579242643507
186.25,45.7068023681641,0.00423101119385949
187.5,45.7068023681641,0.00651990076884173
188.75,45.7068023681641,0.00738293910342011
190,45.7068023681641,0.0058478423218593
191.25,45.7068023681641,0.00208234568671788
192.5,45.7068023681641,-0.00226562790347699
193.75,45.7068023681641,-0.00466275880926389
195,45.7068023681641,-0.00479933518013651
196.25,45.7068023681641,-0.00368096720349139
197.5,45.7068023681641,-0.00230035551642329
198.75,45.7068023681641,-0.000925456442255278
200,45.7068023681641,0.000716753076133866
201.25,45.7068023681641,0.00315577009030775
202.5,45.7068023681641,0.00635463959518006
203.75,45.7068023681641,0.00898399662368288
205,45.7068023681641,0.00976041892612827
206.25,45.7068023681641,0.00890216991561601
207.5,45.7068023681641,0.00779787241503377
208.75,45.7068023681641,0.00638227884388955
210,45.7068023681641,0.00408244883382156
211.25,45.7068023681641,0.000302916110625488
212.5,45.7068023681641,-0.00534970373364278
213.75,45.7068023681641,-0.0121826051368421
215,45.7068023681641,-0.0186610596579252
216.25,45.7068023681641,-0.023387904143283
217.5,45.7068023681641,-0.0256956816526466
218.75,45.7068023681641,-0.025981157890488
220,45.7068023681641,-0.0251739625668899
221.25,45.7068023681641,-0.0237693545669318
222.5,45.7068023681641,-0.0217614839061835
223.75,45.7068023681641,-0.0183566303864407
225,45.7068023681641,-0.0129107736490977
226.25,45.7068023681641,-0.00547653900920663
227.5,45.7068023681641,0.00282851099761762
228.75,45.7068023681641,0.00993562433574457
230,45.7068023681641,0.0152010410154352
231.25,45.7068023681641,0.0204959013984773
232.5,45.7068023681641,0.0282723903088107
233.75,45.7068023681641,0.036747447507212
235,45.7068023681641,0.0434179356297699
236.25,45.7068023681641,0.0483525834640522
160,46.6492156982422,-0.00634880157661192
161.25,46.6492156982422,-0.0065989362718705
162.5,46.6492156982422,-0.00686922067903572
163.75,46.6492156982422,-0.00519083381379421
165,46.6492156982422,-0.00203715216575167
166.25,46.6492156982422,-0.000947098552402798
167.5,46.6492156982422,-0.00149707461159402
168.75,46.6492156982422,-0.00238178500339455
170,46.6492156982422,-0.00364447609140525
171.25,46.6492156982422,-0.00618703128163757
172.5,46.6492156982422,-0.00841005120171723
173.75,46.6492156982422,-0.0070706231493792
175,46.6492156982422,-0.00373626860404572
176.25,46.6492156982422,-0.000500582487067308
177.5,46.6492156982422,0.0014032844862565
178.75,46.6492156982422,0.00153008575563232
180,46.6492156982422,-0.000293116507331277
181.25,46.6492156982422,-0.00309389568820859
182.5,46.6492156982422,-0.00526926334023637
183.75,46.6492156982422,-0.00562080540033877
185,46.6492156982422,-0.00385400506321275
186.25,46.6492156982422,-0.000949935090887685
187.5,46.6492156982422,0.00178741530180108
188.75,46.6492156982422,0.00322488179881532
190,46.6492156982422,0.00256494563747167
191.25,46.6492156982422,2.30308473171821e-05
192.5,46.6492156982422,-0.00301684177775704
193.75,46.6492156982422,-0.00529195224512383
195,46.6492156982422,-0.00673545262691961
196.25,46.6492156982422,-0.00716849841962128
197.5,46.6492156982422,-0.00673239466148717
198.75,46.6492156982422,-0.00568170084614816
200,46.6492156982422,-0.00421437894352446
201.25,46.6492156982422,-0.00211021555229562
202.5,46.6492156982422,0.000444056934212331
203.75,46.6492156982422,0.00254468911258565
205,46.6492156982422,0.00332920823163238
206.25,46.6492156982422,0.00284561295470947
207.5,46.6492156982422,0.00171670132285193
208.75,46.6492156982422,-0.000259922454482968
210,46.6492156982422,-0.00296506250444802
211.25,46.6492156982422,-0.00656403657352908
212.5,46.6492156982422,-0.0111995655699249
213.75,46.6492156982422,-0.0162342991690738
215,46.6492156982422,-0.020925741738918
216.25,46.6492156982422,-0.0240376262681416
217.5,46.6492156982422,-0.0249120355024458
218.75,46.6492156982422,-0.0240684946153135
220,46.6492156982422,-0.0224570704701608
221.25,46.6492156982422,-0.0207831652263588
222.5,46.6492156982422,-0.0189283298389944
223.75,46.6492156982422,-0.0159937258346714
225,46.6492156982422,-0.0112336995738967
226.25,46.6492156982422,-0.00463272933361036
227.5,46.6492156982422,0.0023963628524386
228.75,46.6492156982422,0.00857416399258955
230,46.6492156982422,0.0136425670629688
231.25,46.6492156982422,0.0194240602275727
232.5,46.6492156982422,0.0282631503880378
233.75,46.6492156982422,0.0386108961459073
235,46.6492156982422,0.0477835495471563
236.25,46.6492156982422,0.0569610009031212
160,47.5916290283203,-0.00446357349769362
161.25,47.5916290283203,-0.00227673623520205
162.5,47.5916290283203,-0.00160564892576502
163.75,47.5916290283203,-0.00127116374590336
165,47.5916290283203,-0.00095174063229683
166.25,47.5916290283203,-0.00225264133060913
167.5,47.5916290283203,-0.00421769444029078
168.75,47.5916290283203,-0.00598663525736072
170,47.5916290283203,-0.00745556005423874
171.25,47.5916290283203,-0.00810449179949329
172.5,47.5916290283203,-0.00752344585298487
173.75,47.5916290283203,-0.00613328208962366
175,47.5916290283203,-0.00446043650625296
176.25,47.5916290283203,-0.0029793227078065
177.5,47.5916290283203,-0.00236419844036085
178.75,47.5916290283203,-0.00307625763032858
180,47.5916290283203,-0.00518641582443944
181.25,47.5916290283203,-0.00802983799200996
182.5,47.5916290283203,-0.00997116538011273
183.75,47.5916290283203,-0.010364027297984
185,47.5916290283203,-0.00875148186020843
186.25,47.5916290283203,-0.00593729006192141
187.5,47.5916290283203,-0.0032658515520934
188.75,47.5916290283203,-0.00161630773557921
190,47.5916290283203,-0.00103532858077957
191.25,47.5916290283203,-0.00187121446158135
192.5,47.5916290283203,-0.00376223263021331
193.75,47.5916290283203,-0.00602171837958689
195,47.5916290283203,-0.00842469251302255
196.25,47.5916290283203,-0.010553329475847
197.5,47.5916290283203,-0.0123620851623498
198.75,47.5916290283203,-0.0132467587592805
200,47.5916290283203,-0.0122316667195964
201.25,47.5916290283203,-0.00961462367024756
202.5,47.5916290283203,-0.006502870691408
203.75,47.5916290283203,-0.00432401080888379
205,47.5916290283203,-0.00370758810817613
206.25,47.5916290283203,-0.0046293784901627
207.5,47.5916290283203,-0.00653951391042775
208.75,47.5916290283203,-0.00874950335794313
210,47.5916290283203,-0.0110444109112464
211.25,47.5916290283203,-0.0135191101440329
212.5,47.5916290283203,-0.0161929222793997
213.75,47.5916290283203,-0.0189580515703384
215,47.5916290283203,-0.0213756051372544
216.25,47.5916290283203,-0.0225542607870769
217.5,47.5916290283203,-0.0222203592689558
218.75,47.5916290283203,-0.0207673292328594
220,47.5916290283203,-0.0189501258067864
221.25,47.5916290283203,-0.0171646199527831
222.5,47.5916290283203,-0.0155281305710359
223.75,47.5916290283203,-0.013162709728865
225,47.5916290283203,-0.00877720013372354
226.25,47.5916290283203,-0.00266218390995932
227.5,47.5916290283203,0.00370543709359164
228.75,47.5916290283203,0.00946595266842751
230,47.5916290283203,0.014684716926223
231.25,47.5916290283203,0.0214014366953054
232.5,47.5916290283203,0.0297142140009264
233.75,47.5916290283203,0.0369258004047173
235,47.5916290283203,0.0397746552602397
236.25,47.5916290283203,0.0364183722947164
160,48.5340270996094,-0.00198360898781437
161.25,48.5340270996094,0.000495938417300271
162.5,48.5340270996094,0.000866411827779339
163.75,48.5340270996094,0.000205787848699531
165,48.5340270996094,-0.00143508014569423
166.25,48.5340270996094,-0.00404526577702293
167.5,48.5340270996094,-0.00591164711099158
168.75,48.5340270996094,-0.0061857169157652
170,48.5340270996094,-0.00609468857531384
171.25,48.5340270996094,-0.00640284227628174
172.5,48.5340270996094,-0.0068486210691539
173.75,48.5340270996094,-0.00721406535092765
175,48.5340270996094,-0.00718075807767655
176.25,48.5340270996094,-0.00718326136246234
177.5,48.5340270996094,-0.00782590419845419
178.75,48.5340270996094,-0.00940680382622041
180,48.5340270996094,-0.0119492879782735
181.25,48.5340270996094,-0.0145672533737784
182.5,48.5340270996094,-0.0161034363207251
183.75,48.5340270996094,-0.016361709536657
185,48.5340270996094,-0.0152214055786012
186.25,48.5340270996094,-0.0133615021426626
187.5,48.5340270996094,-0.0117271183310486
188.75,48.5340270996094,-0.0104596416106651
190,48.5340270996094,-0.00913586403122901
191.25,48.5340270996094,-0.00809457956448134
192.5,48.5340270996094,-0.00798275172768733
193.75,48.5340270996094,-0.00934358282708959
195,48.5340270996094,-0.0119355087130341
196.25,48.5340270996094,-0.0150715378280123
197.5,48.5340270996094,-0.018384708921634
198.75,48.5340270996094,-0.0206325612575941
200,48.5340270996094,-0.0205643520571103
201.25,48.5340270996094,-0.0182168260556475
202.5,48.5340270996094,-0.0149419799701131
203.75,48.5340270996094,-0.0120610020586622
205,48.5340270996094,-0.010617010451542
206.25,48.5340270996094,-0.010969586250143
207.5,48.5340270996094,-0.0130087239865147
208.75,48.5340270996094,-0.0157755854721254
210,48.5340270996094,-0.0184941186444889
211.25,48.5340270996094,-0.0201773536480679
212.5,48.5340270996094,-0.0204395276595617
213.75,48.5340270996094,-0.0204453776988677
215,48.5340270996094,-0.0204959031768612
216.25,48.5340270996094,-0.0198362453882126
217.5,48.5340270996094,-0.0183791180114033
218.75,48.5340270996094,-0.0169137147211165
220,48.5340270996094,-0.0155247714706353
221.25,48.5340270996094,-0.0141259601934126
222.5,48.5340270996094,-0.0127694655945138
223.75,48.5340270996094,-0.0103177058673299
225,48.5340270996094,-0.00580049901665269
226.25,48.5340270996094,8.71542010523283e-07
227.5,48.5340270996094,0.00589464498687911
228.75,48.5340270996094,0.0118434579430532
230,48.5340270996094,0.0187468619625563
231.25,48.5340270996094,0.0253702666214596
232.5,48.5340270996094,0.0299222177918945
233.75,48.5340270996094,0.0329438710922728
235,48.5340270996094,0.0321297999669459
236.25,48.5340270996094,0.0302606368772242
160,49.4764404296875,-0.00737870494051578
161.25,49.4764404296875,-0.00478829065480476
162.5,49.4764404296875,-0.00285075754324177
163.75,49.4764404296875,-0.00185647903510582
165,49.4764404296875,-0.0019267733932826
166.25,49.4764404296875,-0.00231042958749905
167.5,49.4764404296875,-0.00172639193202702
168.75,49.4764404296875,-0.000726307061324765
170,49.4764404296875,-0.0014986825942095
171.25,49.4764404296875,-0.00395662530084479
172.5,49.4764404296875,-0.00737487852969875
173.75,49.4764404296875,-0.0107583843861684
175,49.4764404296875,-0.013305916090385
176.25,49.4764404296875,-0.0150192541611145
177.5,49.4764404296875,-0.0160335522983009
178.75,49.4764404296875,-0.0171447594123617
180,49.4764404296875,-0.01893912840256
181.25,49.4764404296875,-0.0211172093622499
182.5,49.4764404296875,-0.0237367601366605
183.75,49.4764404296875,-0.0269970636809887
185,49.4764404296875,-0.0292720905268192
186.25,49.4764404296875,-0.0303142951613535
187.5,49.4764404296875,-0.0301494800577293
188.75,49.4764404296875,-0.0273359093174214
190,49.4764404296875,-0.0226298242688013
191.25,49.4764404296875,-0.0179722398553601
192.5,49.4764404296875,-0.0153356995989769
193.75,49.4764404296875,-0.0161387907060571
195,49.4764404296875,-0.0193401076539052
196.25,49.4764404296875,-0.0232988357271185
197.5,49.4764404296875,-0.0264825248185541
198.75,49.4764404296875,-0.0277356572608013
200,49.4764404296875,-0.0268644452944379
201.25,49.4764404296875,-0.0238470501457639
202.5,49.4764404296875,-0.0199832092491788
203.75,49.4764404296875,-0.0167623878751186
205,49.4764404296875,-0.0152835232164241
206.25,49.4764404296875,-0.0159072677161248
207.5,49.4764404296875,-0.0181401173782457
208.75,49.4764404296875,-0.0210234323006666
210,49.4764404296875,-0.0236895975156272
211.25,49.4764404296875,-0.0247174779062927
212.5,49.4764404296875,-0.0235394650768021
213.75,49.4764404296875,-0.0211891397293513
215,49.4764404296875,-0.0193039208555803
216.25,49.4764404296875,-0.0176029458254289
217.5,49.4764404296875,-0.0157406153402492
218.75,49.4764404296875,-0.013940084473564
220,49.4764404296875,-0.0124774842860546
221.25,49.4764404296875,-0.011419437405062
222.5,49.4764404296875,-0.0100619017848064
223.75,49.4764404296875,-0.00720415739760307
225,49.4764404296875,-0.00243490698553363
226.25,49.4764404296875,0.00317280230868908
227.5,49.4764404296875,0.00900972937043198
228.75,49.4764404296875,0.0162073458970274
230,49.4764404296875,0.0241274028202441
231.25,49.4764404296875,0.0283585880159156
232.5,49.4764404296875,0.0284049134321107
233.75,49.4764404296875,0.0302731613317394
235,49.4764404296875,0.0356372041187202
160,50.4188537597656,-0.00577169821793494
161.25,50.4188537597656,-0.00672933039241451
162.5,50.4188537597656,-0.00607135698828922
163.75,50.4188537597656,-0.00372294649371297
165,50.4188537597656,-0.000577702146805206
166.25,50.4188537597656,0.00281977392060718
167.5,50.4188537597656,0.00527778367927611
168.75,50.4188537597656,0.00469429701874935
170,50.4188537597656,0.0017249473232219
171.25,50.4188537597656,-0.00224229499332877
172.5,50.4188537597656,-0.00715158220656056
173.75,50.4188537597656,-0.0122806339529787
175,50.4188537597656,-0.0167797599433191
176.25,50.4188537597656,-0.0202196417925876
177.5,50.4188537597656,-0.0224470641438387
178.75,50.4188537597656,-0.0240788077570812
180,50.4188537597656,-0.0267545048516751
181.25,50.4188537597656,-0.0309847370743642
182.5,50.4188537597656,-0.0349369253711522
183.75,50.4188537597656,-0.0367980013480882
185,50.4188537597656,-0.0365104977803669
186.25,50.4188537597656,-0.0348262680077832
187.5,50.4188537597656,-0.0320419574306052
188.75,50.4188537597656,-0.0285072193158996
190,50.4188537597656,-0.0250367226033659
191.25,50.4188537597656,-0.0227262914918494
192.5,50.4188537597656,-0.0225185551425358
193.75,50.4188537597656,-0.024155266521166
195,50.4188537597656,-0.0264659811817576
196.25,50.4188537597656,-0.0281060638533228
197.5,50.4188537597656,-0.0281650648654965
198.75,50.4188537597656,-0.0267891250017085
200,50.4188537597656,-0.0245856799938338
201.25,50.4188537597656,-0.0219222389076776
202.5,50.4188537597656,-0.0193778978024586
203.75,50.4188537597656,-0.0177621596263014
205,50.4188537597656,-0.0176251987830645
206.25,50.4188537597656,-0.0193233197168433
207.5,50.4188537597656,-0.0223275104927896
208.75,50.4188537597656,-0.0256339327643126
210,50.4188537597656,-0.0276171047106459
211.25,50.4188537597656,-0.0273211266317622
212.5,50.4188537597656,-0.024988690907102
213.75,50.4188537597656,-0.0216629003109516
215,50.4188537597656,-0.0187814623578938
216.25,50.4188537597656,-0.0163867881663786
217.5,50.4188537597656,-0.0141414894814555
218.75,50.4188537597656,-0.0119307377508692
220,50.4188537597656,-0.010166617714519
221.25,50.4188537597656,-0.00838904818670839
222.5,50.4188537597656,-0.00606155658560341
223.75,50.4188537597656,-0.00268357686026531
225,50.4188537597656,0.0021399359484742
226.25,50.4188537597656,0.00767680526272002
227.5,50.4188537597656,0.0142312508925142
228.75,50.4188537597656,0.0215190098746468
230,50.4188537597656,0.0285983582193796
231.25,50.4188537597656,0.0324496448405854
232.5,50.4188537597656,0.0278375192221005
233.75,50.4188537597656,0.027316881354274
160,51.3612518310547,0.00179328200593656
161.25,51.3612518310547,-0.00147537899389618
162.5,51.3612518310547,-0.00274070713695016
163.75,51.3612518310547,-0.00053869853850891
165,51.3612518310547,0.00348817439521792
166.25,51.3612518310547,0.00733880244577776
167.5,51.3612518310547,0.0089587939136082
168.75,51.3612518310547,0.00730005387406811
170,51.3612518310547,0.00345836911585799
171.25,51.3612518310547,-0.000991831837619277
172.5,51.3612518310547,-0.00611349900449461
173.75,51.3612518310547,-0.0116305869742909
175,51.3612518310547,-0.0172138932504664
176.25,51.3612518310547,-0.0218621440574856
177.5,51.3612518310547,-0.0249131576987739
178.75,51.3612518310547,-0.0271791327443896
180,51.3612518310547,-0.0303153506830394
181.25,51.3612518310547,-0.034939013899437
182.5,51.3612518310547,-0.0385644464513045
183.75,51.3612518310547,-0.0379091651466471
185,51.3612518310547,-0.033929725221116
186.25,51.3612518310547,-0.0295023263143449
187.5,51.3612518310547,-0.0242445176341473
188.75,51.3612518310547,-0.0197555872905275
190,51.3612518310547,-0.0170543998359961
191.25,51.3612518310547,-0.0164043146783076
192.5,51.3612518310547,-0.0172900621407461
193.75,51.3612518310547,-0.0184829209122154
195,51.3612518310547,-0.019163239200635
196.25,51.3612518310547,-0.0187975693263347
197.5,51.3612518310547,-0.0182392248265765
198.75,51.3612518310547,-0.0178328931487071
200,51.3612518310547,-0.0175468277532198
201.25,51.3612518310547,-0.0172602584214987
202.5,51.3612518310547,-0.0173436193456921
203.75,51.3612518310547,-0.0183527506253056
205,51.3612518310547,-0.0200127369670614
206.25,51.3612518310547,-0.0222848990935571
207.5,51.3612518310547,-0.0252971024139386
208.75,51.3612518310547,-0.0284609431003645
210,51.3612518310547,-0.029942188936272
211.25,51.3612518310547,-0.0288477413263206
212.5,51.3612518310547,-0.0257751122421292
213.75,51.3612518310547,-0.0220762375542334
215,51.3612518310547,-0.0187385595041418
216.25,51.3612518310547,-0.0157406520376285
217.5,51.3612518310547,-0.0126600134764517
218.75,51.3612518310547,-0.00961598285941835
220,51.3612518310547,-0.00700384683242355
221.25,51.3612518310547,-0.0036771625907929
222.5,51.3612518310547,0.000224672472942931
223.75,51.3612518310547,0.0044082442877432
225,51.3612518310547,0.00839469486899265
226.25,51.3612518310547,0.0136384672246634
227.5,51.3612518310547,0.0201497040155764
228.75,51.3612518310547,0.026282318611408
230,51.3612518310547,0.0315173259885007
231.25,51.3612518310547,0.0338683894308627
232.5,51.3612518310547,0.0336406637819238
160,52.3036651611328,0.0100151399726223
161.25,52.3036651611328,0.00808665863085821
162.5,52.3036651611328,0.00202324242217404
163.75,52.3036651611328,0.000185800663979846
165,52.3036651611328,0.00204610720120513
166.25,52.3036651611328,0.00441924471090608
167.5,52.3036651611328,0.00570856648749084
168.75,52.3036651611328,0.00536558678863978
170,52.3036651611328,0.00315427286189716
171.25,52.3036651611328,-0.00059834522533422
172.5,52.3036651611328,-0.00481193566312625
173.75,52.3036651611328,-0.00950664638690975
175,52.3036651611328,-0.0150474245326862
176.25,52.3036651611328,-0.0195932603417046
177.5,52.3036651611328,-0.0226255369096593
178.75,52.3036651611328,-0.0258208160074541
180,52.3036651611328,-0.030352785752131
181.25,52.3036651611328,-0.0363308980443417
182.5,52.3036651611328,-0.0408381099837432
183.75,52.3036651611328,-0.0390230143896556
185,52.3036651611328,-0.0335329950764055
186.25,52.3036651611328,-0.0281330579625513
187.5,52.3036651611328,-0.0215211469346053
188.75,52.3036651611328,-0.0170518130495965
190,52.3036651611328,-0.0139177090255432
191.25,52.3036651611328,-0.0131071310508221
192.5,52.3036651611328,-0.0151103523572404
193.75,52.3036651611328,-0.0164626651215179
195,52.3036651611328,-0.0169924867462641
196.25,52.3036651611328,-0.016930019324133
197.5,52.3036651611328,-0.0161947959374335
198.75,52.3036651611328,-0.0151552414460915
200,52.3036651611328,-0.0148916375186462
201.25,52.3036651611328,-0.0156270510032035
202.5,52.3036651611328,-0.0170479419110126
203.75,52.3036651611328,-0.0189725955083096
205,52.3036651611328,-0.0211699325385334
206.25,52.3036651611328,-0.0238271771832817
207.5,52.3036651611328,-0.0268354139550023
208.75,52.3036651611328,-0.029288276068243
210,52.3036651611328,-0.0301700341930956
211.25,52.3036651611328,-0.0289124932413435
212.5,52.3036651611328,-0.0259100296028476
213.75,52.3036651611328,-0.0221828802693376
215,52.3036651611328,-0.0183029217019528
216.25,52.3036651611328,-0.014360546229443
217.5,52.3036651611328,-0.0101582698152729
218.75,52.3036651611328,-0.0057999875727194
220,52.3036651611328,-0.00111581342793779
221.25,52.3036651611328,0.00357193132039326
222.5,52.3036651611328,0.00793356028935356
223.75,52.3036651611328,0.0112719110537165
225,52.3036651611328,0.0145650275778213
226.25,52.3036651611328,0.0195224261220237
227.5,52.3036651611328,0.0250371120118057
228.75,52.3036651611328,0.029896984240812
230,52.3036651611328,0.0333841461940001
231.25,52.3036651611328,0.0342049777761209
232.5,52.3036651611328,0.0342225203403449
160,53.2460784912109,0.0172375802644279
161.25,53.2460784912109,0.0205199253698244
162.5,53.2460784912109,0.0155004487867046
163.75,53.2460784912109,0.00588570021964968
165,53.2460784912109,0.001123901574457
166.25,53.2460784912109,0.000254946934998424
167.5,53.2460784912109,0.00108979960119417
168.75,53.2460784912109,0.0023503778143304
170,53.2460784912109,0.00227147828543372
171.25,53.2460784912109,0.00040433653549034
172.5,53.2460784912109,-0.00222886619176739
173.75,53.2460784912109,-0.00603703822084647
175,53.2460784912109,-0.0109605386773709
176.25,53.2460784912109,-0.0150309194911726
177.5,53.2460784912109,-0.0181298233202906
178.75,53.2460784912109,-0.022011641600733
180,53.2460784912109,-0.0278460474781654
181.25,53.2460784912109,-0.034386066365412
182.5,53.2460784912109,-0.0384644699473211
183.75,53.2460784912109,-0.0369866524275214
185,53.2460784912109,-0.0318318565782135
186.25,53.2460784912109,-0.0263744962783788
187.5,53.2460784912109,-0.0217092040549025
188.75,53.2460784912109,-0.0183449250616162
190,53.2460784912109,-0.0156322815746904
191.25,53.2460784912109,-0.0144961125963691
192.5,53.2460784912109,-0.0152769590194082
193.75,53.2460784912109,-0.0165149467635159
195,53.2460784912109,-0.0159357307783193
196.25,53.2460784912109,-0.0145802459114546
197.5,53.2460784912109,-0.0127354576432782
198.75,53.2460784912109,-0.0109231032687311
200,53.2460784912109,-0.0106542215941027
201.25,53.2460784912109,-0.0116042923822885
202.5,53.2460784912109,-0.0131537429029715
203.75,53.2460784912109,-0.0152675271459105
205,53.2460784912109,-0.0174491347015868
206.25,53.2460784912109,-0.0198228194334673
207.5,53.2460784912109,-0.0221248486942678
208.75,53.2460784912109,-0.0242397185441513
210,53.2460784912109,-0.0256994613451466
211.25,53.2460784912109,-0.0259702272236395
212.5,53.2460784912109,-0.0241979408169502
213.75,53.2460784912109,-0.020709928804586
215,53.2460784912109,-0.0160694688357871
216.25,53.2460784912109,-0.0108181092900671
217.5,53.2460784912109,-0.00571259935156642
218.75,53.2460784912109,-0.000200956959670759
220,53.2460784912109,0.00615979771979237
221.25,53.2460784912109,0.0120472990624663
222.5,53.2460784912109,0.0151325119455215
223.75,53.2460784912109,0.0158549723090853
225,53.2460784912109,0.0176811954798053
226.25,53.2460784912109,0.0220193399568188
227.5,53.2460784912109,0.0276880359307293
228.75,53.2460784912109,0.0321495826357188
230,53.2460784912109,0.0331213264776262
231.25,53.2460784912109,0.0335175549079353
160,54.1884765625,0.0254461889205468
161.25,54.1884765625,0.026636893058087
162.5,54.1884765625,0.0264123536231846
163.75,54.1884765625,0.0205984593769226
165,54.1884765625,0.0119381562486513
166.25,54.1884765625,0.00482523005079778
167.5,54.1884765625,0.00144215455526202
168.75,54.1884765625,0.00192277400041975
170,54.1884765625,0.00303893133505918
171.25,54.1884765625,0.00230221365015002
172.5,54.1884765625,-0.000126906690734972
173.75,54.1884765625,-0.00402122881055521
175,54.1884765625,-0.00867928342009978
176.25,54.1884765625,-0.0122592473309765
177.5,54.1884765625,-0.0150592891330522
178.75,54.1884765625,-0.0187784524647501
180,54.1884765625,-0.0234840040713259
181.25,54.1884765625,-0.0274064990444137
182.5,54.1884765625,-0.0291578902745097
183.75,54.1884765625,-0.0279221174368931
185,54.1884765625,-0.024844077050034
186.25,54.1884765625,-0.0215691570136975
187.5,54.1884765625,-0.0189591642162839
188.75,54.1884765625,-0.0177529918236995
190,54.1884765625,-0.0173655623985651
191.25,54.1884765625,-0.017144112841448
192.5,54.1884765625,-0.0168212690249754
193.75,54.1884765625,-0.0164060252981302
195,54.1884765625,-0.0155517570016808
196.25,54.1884765625,-0.0140142045308753
197.5,54.1884765625,-0.0121474084690213
198.75,54.1884765625,-0.00731485429168989
200,54.1884765625,-0.00523371136254094
201.25,54.1884765625,-0.00448413463152273
202.5,54.1884765625,-0.004962435975918
203.75,54.1884765625,-0.00579849155538024
205,54.1884765625,-0.00508185584031227
206.25,54.1884765625,-0.00475089098170853
207.5,54.1884765625,-0.00781185297779965
208.75,54.1884765625,-0.0125993678808976
210,54.1884765625,-0.016245084932571
211.25,54.1884765625,-0.0182518680403797
212.5,54.1884765625,-0.0181990485708792
213.75,54.1884765625,-0.0161033825680087
215,54.1884765625,-0.0117806978740185
216.25,54.1884765625,-0.00591264879685241
217.5,54.1884765625,0.000550536011985291
218.75,54.1884765625,0.00728509981577591
220,54.1884765625,0.013541049754299
221.25,54.1884765625,0.0180957930016522
222.5,54.1884765625,0.019018603956116
223.75,54.1884765625,0.0188179081364476
225,54.1884765625,0.020493418012327
226.25,54.1884765625,0.0243830687463484
227.5,54.1884765625,0.0295440365702113
228.75,54.1884765625,0.0319141064549384
230,54.1884765625,0.0313876269128339
161.25,55.1308898925781,0.0301608863987663
162.5,55.1308898925781,0.0295630802136229
163.75,55.1308898925781,0.0278847294265064
165,55.1308898925781,0.0254768752402489
166.25,55.1308898925781,0.0183733328000089
167.5,55.1308898925781,0.0105280115574431
168.75,55.1308898925781,0.00709106380790213
170,55.1308898925781,0.00616234767813684
171.25,55.1308898925781,0.00407604058628628
172.5,55.1308898925781,0.000457430644561073
173.75,55.1308898925781,-0.00405928398650823
175,55.1308898925781,-0.00839674393483947
176.25,55.1308898925781,-0.0117913440736279
177.5,55.1308898925781,-0.0146024046143746
178.75,55.1308898925781,-0.0169620320894066
180,55.1308898925781,-0.0184856524268699
181.25,55.1308898925781,-0.0189216460719023
182.5,55.1308898925781,-0.0178323564632187
183.75,55.1308898925781,-0.0160842007335344
185,55.1308898925781,-0.0145193675727139
186.25,55.1308898925781,-0.0138966842465292
187.5,55.1308898925781,-0.0141884818164655
188.75,55.1308898925781,-0.014589229806968
190,55.1308898925781,-0.014900559429665
191.25,55.1308898925781,-0.0151123728073419
192.5,55.1308898925781,-0.0153616571961144
193.75,55.1308898925781,-0.0157613552229159
195,55.1308898925781,-0.0160345249969594
196.25,55.1308898925781,-0.0157159162174816
197.5,55.1308898925781,-0.014384894069222
198.75,55.1308898925781,-0.00608805877628383
200,55.1308898925781,-0.00331969378789723
201.25,55.1308898925781,0.000584164842816393
202.5,55.1308898925781,0.00151364527741839
203.75,55.1308898925781,0.00161264888847836
205,55.1308898925781,0.00445251923430909
206.25,55.1308898925781,0.00866721631195337
207.5,55.1308898925781,0.0106614180053689
208.75,55.1308898925781,0.00843138865554677
210,55.1308898925781,0.00161772807191579
211.25,55.1308898925781,-0.00437787044684658
212.5,55.1308898925781,-0.00630466708706552
213.75,55.1308898925781,-0.00566040453267272
215,55.1308898925781,-0.00315294396602506
216.25,55.1308898925781,0.000919086622674743
217.5,55.1308898925781,0.00723161715455389
218.75,55.1308898925781,0.0145337769344591
220,55.1308898925781,0.0201239723688742
221.25,55.1308898925781,0.0215179386592797
222.5,55.1308898925781,0.020698023815431
223.75,55.1308898925781,0.0210352833111887
225,55.1308898925781,0.023320285208702
226.25,55.1308898925781,0.0260324607391214
227.5,55.1308898925781,0.0286241552883305
228.75,55.1308898925781,0.0299256576882839
230,55.1308898925781,0.031387639247145
161.25,56.0733032226562,0.030539602559579
162.5,56.0733032226562,0.0273286893547946
163.75,56.0733032226562,0.0250235167844184
165,56.0733032226562,0.026230409497857
166.25,56.0733032226562,0.0256289161489776
167.5,56.0733032226562,0.0201262362906798
168.75,56.0733032226562,0.0137422074141578
170,56.0733032226562,0.00881667682352677
171.25,56.0733032226562,0.00464903157116448
172.5,56.0733032226562,0.000214978058080172
173.75,56.0733032226562,-0.00466449001285029
175,56.0733032226562,-0.00901567651663097
176.25,56.0733032226562,-0.0121402821861218
177.5,56.0733032226562,-0.0132154856246603
178.75,56.0733032226562,-0.0118924527810703
180,56.0733032226562,-0.00954181973810257
181.25,56.0733032226562,-0.00754151502513231
182.5,56.0733032226562,-0.006244332501433
183.75,56.0733032226562,-0.00586557937206942
185,56.0733032226562,-0.00652281570771708
186.25,56.0733032226562,-0.00742844347077597
187.5,56.0733032226562,-0.00793099047492074
188.75,56.0733032226562,-0.00860463748925075
190,56.0733032226562,-0.00990581157505636
191.25,56.0733032226562,-0.0113572187885715
192.5,56.0733032226562,-0.0125221865518501
193.75,56.0733032226562,-0.0135864140887377
195,56.0733032226562,-0.0141859795517904
196.25,56.0733032226562,-0.0128012994082482
197.5,56.0733032226562,-0.00821159074080289
198.75,56.0733032226562,-0.00407742470830515
200,56.0733032226562,-0.00291906003206131
201.25,56.0733032226562,-0.000303177333141249
202.5,56.0733032226562,0.00102923932553848
203.75,56.0733032226562,0.00100887377287338
205,56.0733032226562,0.00561629967725726
206.25,56.0733032226562,0.013827548564972
207.5,56.0733032226562,0.018359958770189
208.75,56.0733032226562,0.0206463826576841
210,56.0733032226562,0.0194298423281726
211.25,56.0733032226562,0.0155744228657978
212.5,56.0733032226562,0.0112151940634345
213.75,56.0733032226562,0.00841840642471828
215,56.0733032226562,0.00877132694819533
216.25,56.0733032226562,0.0117333934399662
217.5,56.0733032226562,0.0162230799244009
218.75,56.0733032226562,0.020802814953704
220,56.0733032226562,0.0233122936184096
221.25,56.0733032226562,0.0227734014475605
222.5,56.0733032226562,0.0222616187985932
223.75,56.0733032226562,0.0233404551916214
225,56.0733032226562,0.0248010641831048
226.25,56.0733032226562,0.025466921678388
227.5,56.0733032226562,0.0264222917305077
162.5,57.0157012939453,0.0191900279633506
163.75,57.0157012939453,0.0186517585326685
165,57.0157012939453,0.0174771930326928
166.25,57.0157012939453,0.0186853163896506
167.5,57.0157012939453,0.017574594880743
168.75,57.0157012939453,0.0127942681775746
170,57.0157012939453,0.00798789700691552
171.25,57.0157012939453,0.00416714950861835
172.5,57.0157012939453,0.00037293103272349
173.75,57.0157012939453,-0.00324107081029154
175,57.0157012939453,-0.00548138302036199
176.25,57.0157012939453,-0.00609397843320836
177.5,57.0157012939453,-0.00517160172567642
178.75,57.0157012939453,-0.00336949157505024
180,57.0157012939453,-0.00153956924257574
181.25,57.0157012939453,0.000193769543504524
182.5,57.0157012939453,0.00180344881182344
183.75,57.0157012939453,0.00252572705109244
185,57.0157012939453,0.00234171604061097
186.25,57.0157012939453,0.00174085392439677
187.5,57.0157012939453,0.000875238245503602
188.75,57.0157012939453,-0.000784941121254928
190,57.0157012939453,-0.00426577948631761
191.25,57.0157012939453,-0.00672366544655446
192.5,57.0157012939453,-0.00782668106709213
193.75,57.0157012939453,-0.00855918101552555
195,57.0157012939453,-0.00924724833608917
196.25,57.0157012939453,-0.00808752580011291
197.5,57.0157012939453,-0.00461325135021545
198.75,57.0157012939453,-0.000708653978111214
200,57.0157012939453,0.00265492901678155
201.25,57.0157012939453,0.0056063331276737
202.5,57.0157012939453,0.00333075742434134
203.75,57.0157012939453,-0.000684183279808617
205,57.0157012939453,0.0029027820156572
206.25,57.0157012939453,0.0106302045930787
207.5,57.0157012939453,0.0171258659875842
208.75,57.0157012939453,0.0223685703388568
210,57.0157012939453,0.0244997937968147
211.25,57.0157012939453,0.0244174230994373
212.5,57.0157012939453,0.023697415706218
213.75,57.0157012939453,0.0219874075272676
215,57.0157012939453,0.0203416440771336
216.25,57.0157012939453,0.0210586990080673
217.5,57.0157012939453,0.0232788366992398
218.75,57.0157012939453,0.0243656824580331
220,57.0157012939453,0.0236104496701744
221.25,57.0157012939453,0.0228032494682863
222.5,57.0157012939453,0.0230683096476106
223.75,57.0157012939453,0.023846148987122
225,57.0157012939453,0.0249131086679793
226.25,57.0157012939453,0.0251574580876705
162.5,57.9581146240234,0.0140300785477357
163.75,57.9581146240234,0.0127086335681911
165,57.9581146240234,0.00624793861071798
166.25,57.9581146240234,0.0027806898993857
167.5,57.9581146240234,0.00321667290049922
168.75,57.9581146240234,0.0037132295029194
170,57.9581146240234,0.00336441487183644
171.25,57.9581146240234,0.00272074429603262
172.5,57.9581146240234,0.00179799165338803
173.75,57.9581146240234,0.000843673011402694
175,57.9581146240234,0.000358244832587553
176.25,57.9581146240234,0.000552989286369822
177.5,57.9581146240234,0.00168026037616457
178.75,57.9581146240234,0.00357182626177259
180,57.9581146240234,0.00591560180033903
181.25,57.9581146240234,0.00836905284661846
182.5,57.9581146240234,0.010350314722574
183.75,57.9581146240234,0.0115144976091962
185,57.9581146240234,0.0115557098864747
186.25,57.9581146240234,0.01102835088388
187.5,57.9581146240234,0.0102028230074704
188.75,57.9581146240234,0.00911270317587042
190,57.9581146240234,0.00497703665494536
191.25,57.9581146240234,0.000216022421682239
192.5,57.9581146240234,-0.00195176451710747
193.75,57.9581146240234,-0.00303694585339621
195,57.9581146240234,-0.00321185313104785
196.25,57.9581146240234,-0.000667988360874289
197.5,57.9581146240234,0.00176433641738186
198.75,57.9581146240234,0.00290927223072284
200,57.9581146240234,0.00450917448931055
201.25,57.9581146240234,0.00653309504398507
202.5,57.9581146240234,0.0073354111520775
203.75,57.9581146240234,-0.00048083265195994
206.25,57.9581146240234,0.0134229789282187
207.5,57.9581146240234,0.0156335681789377
208.75,57.9581146240234,0.0203738717211913
210,57.9581146240234,0.0244941521933088
211.25,57.9581146240234,0.026095908382805
212.5,57.9581146240234,0.0262336981045223
213.75,57.9581146240234,0.0258755454834538
215,57.9581146240234,0.0254897589581934
216.25,57.9581146240234,0.0250012011198344
217.5,57.9581146240234,0.0240844311425197
218.75,57.9581146240234,0.0226694452533464
220,57.9581146240234,0.0216031078375015
221.25,57.9581146240234,0.0214080139919037
222.5,57.9581146240234,0.0214385292565516
223.75,57.9581146240234,0.0212354833031684
225,57.9581146240234,0.023026346392101
160,58.9005279541016,0.00590710282667201
161.25,58.9005279541016,0.0054784927904599
162.5,58.9005279541016,0.00967042492779047
163.75,58.9005279541016,0.00717246377807494
165,58.9005279541016,-0.000686796602347087
166.25,58.9005279541016,-0.00716230631666821
167.5,58.9005279541016,-0.00967230425171248
168.75,58.9005279541016,-0.00892523588732559
170,58.9005279541016,-0.00748897891233001
171.25,58.9005279541016,-0.00729824825365223
172.5,58.9005279541016,-0.00778899550167131
173.75,58.9005279541016,-0.00700763548773599
175,58.9005279541016,-0.00379020106393093
176.25,58.9005279541016,0.000522898685407373
177.5,58.9005279541016,0.00468688275183938
178.75,58.9005279541016,0.0082930587591098
180,58.9005279541016,0.0115566434034364
181.25,58.9005279541016,0.014899175642833
182.5,58.9005279541016,0.0185869049951387
183.75,58.9005279541016,0.0218543253215466
185,58.9005279541016,0.0237460101798855
186.25,58.9005279541016,0.0233233199946275
187.5,58.9005279541016,0.0212425472149397
188.75,58.9005279541016,0.0173508861155478
190,58.9005279541016,0.0119169185130506
191.25,58.9005279541016,0.0063026118233099
192.5,58.9005279541016,0.00244469046670873
193.75,58.9005279541016,0.000120223885690603
195,58.9005279541016,-0.000259550261555075
196.25,58.9005279541016,0.00263525900488458
197.5,58.9005279541016,0.00439359909613935
198.75,58.9005279541016,0.00460323577996526
200,58.9005279541016,0.00728355908316099
201.25,58.9005279541016,0.00758117698965087
202.5,58.9005279541016,0.00767365613477446
206.25,58.9005279541016,0.0120560984194874
207.5,58.9005279541016,0.0129257193201111
208.75,58.9005279541016,0.0173174572997713
210,58.9005279541016,0.0232131444115333
211.25,58.9005279541016,0.0265636140632069
212.5,58.9005279541016,0.026733415416512
213.75,58.9005279541016,0.0255686661617648
215,58.9005279541016,0.0243166324877925
216.25,58.9005279541016,0.0230583263828677
217.5,58.9005279541016,0.0216096479707754
218.75,58.9005279541016,0.0204773417303074
220,58.9005279541016,0.019657669811149
221.25,58.9005279541016,0.0195468169736954
222.5,58.9005279541016,0.020140618159905
160,59.8429260253906,0.00533296490562175
161.25,59.8429260253906,0.00358196068223745
162.5,59.8429260253906,0.0031726910981189
163.75,59.8429260253906,0.0043756312250927
165,59.8429260253906,-0.00336946569948631
166.25,59.8429260253906,-0.00801623779406712
167.5,59.8429260253906,-0.0107196470732185
168.75,59.8429260253906,-0.0119781442812592
170,59.8429260253906,-0.0118548465332226
171.25,59.8429260253906,-0.0140052541824489
172.5,59.8429260253906,-0.0164727587405859
173.75,59.8429260253906,-0.0159543718806259
175,59.8429260253906,-0.010283654181063
176.25,59.8429260253906,-0.00232550034933107
177.5,59.8429260253906,0.00506793746637206
178.75,59.8429260253906,0.0113925621759356
180,59.8429260253906,0.0170253930021303
181.25,59.8429260253906,0.0226044284941759
182.5,59.8429260253906,0.0278265752481786
183.75,59.8429260253906,0.0313212080940478
185,59.8429260253906,0.0315385413482172
186.25,59.8429260253906,0.0284736014897814
187.5,59.8429260253906,0.0228330163066034
188.75,59.8429260253906,0.0158875419517736
190,59.8429260253906,0.00974944875641627
191.25,59.8429260253906,0.00368189500942844
192.5,59.8429260253906,-0.0023153175846667
193.75,59.8429260253906,-0.00497076559575438
195,59.8429260253906,-0.00276382114204207
196.25,59.8429260253906,0.00187124580625834
197.5,59.8429260253906,0.00466651338922997
198.75,59.8429260253906,0.00522526255516131
206.25,59.8429260253906,0.011436704171912
207.5,59.8429260253906,0.0117879516647351
208.75,59.8429260253906,0.0194030153765241
210,59.8429260253906,0.0229461171986128
211.25,59.8429260253906,0.0266640305970739
212.5,59.8429260253906,0.0266345321825198
213.75,59.8429260253906,0.0256389223919335
215,59.8429260253906,0.022859429226468
216.25,59.8429260253906,0.0208820685209099
217.5,59.8429260253906,0.0201323455350162
218.75,59.8429260253906,0.0195514386063688
220,59.8429260253906,0.0187601914022148
221.25,59.8429260253906,0.0181736863125181
160,60.7853393554688,0.00599853525256285
161.25,60.7853393554688,0.00327664427263783
162.5,60.7853393554688,0.00267225423771641
167.5,60.7853393554688,-0.00967224413796156
168.75,60.7853393554688,-0.0102596332332926
170,60.7853393554688,-0.0103073450850537
171.25,60.7853393554688,-0.0145879181218917
172.5,60.7853393554688,-0.0183148671858894
173.75,60.7853393554688,-0.0184443599362033
175,60.7853393554688,-0.0147065466344726
176.25,60.7853393554688,-0.00704343718275156
177.5,60.7853393554688,0.00203503476507093
178.75,60.7853393554688,0.0100715242660901
180,60.7853393554688,0.0163230509611786
181.25,60.7853393554688,0.0233623455041488
182.5,60.7853393554688,0.0304740914844564
183.75,60.7853393554688,0.0315631573258307
185,60.7853393554688,0.0269487702477354
186.25,60.7853393554688,0.0205913331761965
187.5,60.7853393554688,0.0135775231088239
188.75,60.7853393554688,0.00776892507918559
190,60.7853393554688,0.00437568801547285
191.25,60.7853393554688,0.000370489821022661
192.5,60.7853393554688,-0.00635760869098088
193.75,60.7853393554688,-0.00911879828784583
195,60.7853393554688,-0.00797107830041908
212.5,60.7853393554688,0.0264731547519985
213.75,60.7853393554688,0.0253016059692838
215,60.7853393554688,0.0224995003316201
216.25,60.7853393554688,0.0203136177920061
160,61.7277526855469,0.00712581315658988
173.75,61.7277526855469,-0.0178328218836263
175,61.7277526855469,-0.0154955262243488
176.25,61.7277526855469,-0.0116090519664077
177.5,61.7277526855469,-0.00595483064069677
178.75,61.7277526855469,0.00211928969993246
180,61.7277526855469,0.00860588315999069
181.25,61.7277526855469,0.017981215073882
182.5,61.7277526855469,0.0253649144129882
183.75,61.7277526855469,0.0246995219501085
185,61.7277526855469,0.0204644265870398
186.25,61.7277526855469,0.0158220667103025
187.5,61.7277526855469,0.0101223527015628
188.75,61.7277526855469,0.00477226458577479
190,61.7277526855469,0.00196658092491661
191.25,61.7277526855469,0.000227382654412426
192.5,61.7277526855469,-0.00529440054799194
193.75,61.7277526855469,-0.00722912128244307
195,61.7277526855469,-0.00598637752667511
175,62.6701507568359,-0.01509225640247
176.25,62.6701507568359,-0.0139568904708462
177.5,62.6701507568359,-0.0150987877613427
178.75,62.6701507568359,-0.00836678643444723
180,62.6701507568359,-0.00337400163450244
181.25,62.6701507568359,0.00465976829463962
182.5,62.6701507568359,0.0132209588914612
183.75,62.6701507568359,0.0159104982492613
185,62.6701507568359,0.0146884232647669
186.25,62.6701507568359,0.0119228332789236
187.5,62.6701507568359,0.00832558118484538
188.75,62.6701507568359,0.00437350625110147
190,62.6701507568359,0.00156692718947247
191.25,62.6701507568359,0.000324295514911313
192.5,62.6701507568359,-0.00107261394248166
193.75,62.6701507568359,-0.000830381154686746
195,62.6701507568359,0.000135073565950201
196.25,62.6701507568359,-0.0112557411369324
197.5,62.6701507568359,-0.0112557432090782
178.75,63.6125640869141,-0.0162779814519955
180,63.6125640869141,-0.016439902468878
181.25,63.6125640869141,-0.0112077944404838
182.5,63.6125640869141,-0.00202098784232628
183.75,63.6125640869141,0.00410763923735418
185,63.6125640869141,0.00498145249072999
186.25,63.6125640869141,0.00380743516086854
187.5,63.6125640869141,0.00201524276268243
188.75,63.6125640869141,-0.000381837703483532
190,63.6125640869141,-0.00238565943050859
191.25,63.6125640869141,-0.000876230160234305
192.5,63.6125640869141,0.000552211228603661
193.75,63.6125640869141,0.000951937325899962
195,63.6125640869141,-0.00296100515877199
196.25,63.6125640869141,-0.0100138439306178
197.5,63.6125640869141,-0.0114853403864391
178.75,64.5549774169922,-0.0161512483229195
180,64.5549774169922,-0.0194327471797412
181.25,64.5549774169922,-0.0213809586829985
182.5,64.5549774169922,-0.0179431587932202
183.75,64.5549774169922,-0.0140009574825566
185,64.5549774169922,-0.00865073869138104
186.25,64.5549774169922,-0.00717527795373987
187.5,64.5549774169922,-0.00630198913769474
188.75,64.5549774169922,-0.0108195093169462
190,64.5549774169922,-0.0103704110426406
191.25,64.5549774169922,-0.00621931065493184
192.5,64.5549774169922,-0.00371337522115222
193.75,64.5549774169922,-0.00501032692174669
195,64.5549774169922,-0.0069810634060288
196.25,64.5549774169922,-0.00998918689748813
197.5,64.5549774169922,-0.0117384548321265
180,65.4973907470703,-0.0222585615080367
181.25,65.4973907470703,-0.0198824075342212
182.5,65.4973907470703,-0.0202640216594467
183.75,65.4973907470703,-0.0205245091155988
185,65.4973907470703,-0.0204978325167016
188.75,65.4973907470703,-0.0188828221329126
190,65.4973907470703,-0.0158477556030482
191.25,65.4973907470703,-0.0118796970390065
192.5,65.4973907470703,-0.00892367076319973
193.75,65.4973907470703,-0.00804198419369231
