"lon","lat","beta"
160,20.2617797851562,-0.0145470396532405
161.25,20.2617797851562,-0.015297393951745
162.5,20.2617797851562,-0.0160947941931603
163.75,20.2617797851562,-0.0168352806026286
165,20.2617797851562,-0.0175090518492156
166.25,20.2617797851562,-0.0178646475938797
167.5,20.2617797851562,-0.0175474701007716
168.75,20.2617797851562,-0.0162613891398345
170,20.2617797851562,-0.0149183396453955
171.25,20.2617797851562,-0.0140465707475378
172.5,20.2617797851562,-0.0137702763223768
173.75,20.2617797851562,-0.0140627492242371
175,20.2617797851562,-0.0147006885509744
176.25,20.2617797851562,-0.0150931250897403
177.5,20.2617797851562,-0.0152925964433627
178.75,20.2617797851562,-0.0156904368489581
180,20.2617797851562,-0.0166429754610716
181.25,20.2617797851562,-0.0175865062343991
182.5,20.2617797851562,-0.0186975899617546
183.75,20.2617797851562,-0.0206750153503924
185,20.2617797851562,-0.0232574457365886
186.25,20.2617797851562,-0.0255137541988708
187.5,20.2617797851562,-0.0269925501378991
188.75,20.2617797851562,-0.0272797645084513
190,20.2617797851562,-0.0257828195269531
191.25,20.2617797851562,-0.0232077255163698
192.5,20.2617797851562,-0.0214057942543442
193.75,20.2617797851562,-0.0207768486626636
195,20.2617797851562,-0.0202028263424266
196.25,20.2617797851562,-0.0190053567625286
197.5,20.2617797851562,-0.0170896803085029
198.75,20.2617797851562,-0.0139449762033382
200,20.2617797851562,-0.00979426326835908
201.25,20.2617797851562,-0.00596840918737131
202.5,20.2617797851562,-0.0046562135057271
203.75,20.2617797851562,-0.0068648391255115
205,20.2617797851562,-0.0128483793138801
206.25,20.2617797851562,-0.018605235957065
207.5,20.2617797851562,-0.0205790524976933
208.75,20.2617797851562,-0.0211156804951877
210,20.2617797851562,-0.0214305602196819
211.25,20.2617797851562,-0.0218331485244679
212.5,20.2617797851562,-0.0217775188129265
213.75,20.2617797851562,-0.0209647981604493
215,20.2617797851562,-0.0194427749727691
216.25,20.2617797851562,-0.0178054581183629
217.5,20.2617797851562,-0.0155211951857846
218.75,20.2617797851562,-0.0125345573735137
220,20.2617797851562,-0.00938190283274966
221.25,20.2617797851562,-0.0066513932285596
222.5,20.2617797851562,-0.00497049744310799
223.75,20.2617797851562,-0.00416025776054701
225,20.2617797851562,-0.00382004266433084
226.25,20.2617797851562,-0.00330368826766821
227.5,20.2617797851562,-0.0020460158211083
228.75,20.2617797851562,-0.000249474712126063
230,20.2617797851562,0.00145158464851145
231.25,20.2617797851562,0.00292553151949581
232.5,20.2617797851562,0.00447179026131829
233.75,20.2617797851562,0.00594359365349072
235,20.2617797851562,0.00738963967978118
236.25,20.2617797851562,0.00961171907535811
237.5,20.2617797851562,0.013164053981492
238.75,20.2617797851562,0.0161608027965014
240,20.2617797851562,0.0182893462728277
241.25,20.2617797851562,0.0196061773907193
242.5,20.2617797851562,0.0198055082761413
243.75,20.2617797851562,0.0187873957575115
245,20.2617797851562,0.0176594515384034
246.25,20.2617797851562,0.0185035419229057
247.5,20.2617797851562,0.0229268286084049
248.75,20.2617797851562,0.0266652087207158
250,20.2617797851562,0.0276776810987778
160,21.2041854858398,-0.0158949820649355
161.25,21.2041854858398,-0.0169793337808831
162.5,21.2041854858398,-0.0176726247171985
163.75,21.2041854858398,-0.0182291606780937
165,21.2041854858398,-0.0190768574102363
166.25,21.2041854858398,-0.0199988495536374
167.5,21.2041854858398,-0.0201329519938951
168.75,21.2041854858398,-0.0193404007369749
170,21.2041854858398,-0.0182367028820537
171.25,21.2041854858398,-0.0170675880775353
172.5,21.2041854858398,-0.0163596135500114
173.75,21.2041854858398,-0.016079264767312
175,21.2041854858398,-0.015974617483523
176.25,21.2041854858398,-0.0154595356721934
177.5,21.2041854858398,-0.0146840054180414
178.75,21.2041854858398,-0.0143108628542672
180,21.2041854858398,-0.0143633750451544
181.25,21.2041854858398,-0.0141076186728012
182.5,21.2041854858398,-0.0144401059614799
183.75,21.2041854858398,-0.0160366081109616
185,21.2041854858398,-0.0185643330151281
186.25,21.2041854858398,-0.0214912274986164
187.5,21.2041854858398,-0.0243308724935969
188.75,21.2041854858398,-0.026196619363949
190,21.2041854858398,-0.0260272818602017
191.25,21.2041854858398,-0.0242629491758456
192.5,21.2041854858398,-0.0223893026158827
193.75,21.2041854858398,-0.0218391595316068
195,21.2041854858398,-0.0214882104978775
196.25,21.2041854858398,-0.0204678152512159
197.5,21.2041854858398,-0.0185910032935363
198.75,21.2041854858398,-0.0152609047471253
200,21.2041854858398,-0.010177602384504
201.25,21.2041854858398,-0.00476426417838168
202.5,21.2041854858398,-0.00138466418918989
203.75,21.2041854858398,-0.00290471820958529
205,21.2041854858398,-0.00991293477213808
206.25,21.2041854858398,-0.0163091291340417
207.5,21.2041854858398,-0.0191157156751878
208.75,21.2041854858398,-0.0202989441274702
210,21.2041854858398,-0.0211471560891195
211.25,21.2041854858398,-0.0220134420431953
212.5,21.2041854858398,-0.022510486591563
213.75,21.2041854858398,-0.0222636945764646
215,21.2041854858398,-0.020996452372016
216.25,21.2041854858398,-0.019412723235326
217.5,21.2041854858398,-0.0172307641997369
218.75,21.2041854858398,-0.0145230220835242
220,21.2041854858398,-0.0115164702706746
221.25,21.2041854858398,-0.0086354812265768
222.5,21.2041854858398,-0.00657598524707244
223.75,21.2041854858398,-0.00550454725657724
225,21.2041854858398,-0.00520498439489692
226.25,21.2041854858398,-0.0045122969276256
227.5,21.2041854858398,-0.00301229753161307
228.75,21.2041854858398,-0.000941861753490933
230,21.2041854858398,0.00143267057969606
231.25,21.2041854858398,0.00378284305994201
232.5,21.2041854858398,0.00596989902104987
233.75,21.2041854858398,0.00775211119727608
235,21.2041854858398,0.00967240412562047
236.25,21.2041854858398,0.011898445045972
237.5,21.2041854858398,0.0150152747119211
238.75,21.2041854858398,0.0171652261896504
240,21.2041854858398,0.0186215252901984
241.25,21.2041854858398,0.0196738294662319
242.5,21.2041854858398,0.0201056289221678
243.75,21.2041854858398,0.0203854580410051
245,21.2041854858398,0.0213164569741651
246.25,21.2041854858398,0.0242418391084737
247.5,21.2041854858398,0.0293826385186761
248.75,21.2041854858398,0.0318668901691229
250,21.2041854858398,0.031268261504503
160,22.146598815918,-0.0165333733900197
161.25,22.146598815918,-0.0179000560447177
162.5,22.146598815918,-0.0186034773229706
163.75,22.146598815918,-0.0190745723971485
165,22.146598815918,-0.0196542165971532
166.25,22.146598815918,-0.0205752902908089
167.5,22.146598815918,-0.0211886634676838
168.75,22.146598815918,-0.0210526044908152
170,22.146598815918,-0.0203438483132552
171.25,22.146598815918,-0.019707773576888
172.5,22.146598815918,-0.0191368725427786
173.75,22.146598815918,-0.0185987531705132
175,22.146598815918,-0.0179939131777755
176.25,22.146598815918,-0.0166309118324234
177.5,22.146598815918,-0.0146822278724885
178.75,22.146598815918,-0.0132458771683216
180,22.146598815918,-0.0119089828874004
181.25,22.146598815918,-0.0104968221674026
182.5,22.146598815918,-0.00993592412595631
183.75,22.146598815918,-0.0109039630425317
185,22.146598815918,-0.0130723311421151
186.25,22.146598815918,-0.0160112164183221
187.5,22.146598815918,-0.0190133111864634
188.75,22.146598815918,-0.0214495894239207
190,22.146598815918,-0.0225753034381698
191.25,22.146598815918,-0.0224275591022802
192.5,22.146598815918,-0.021558738349796
193.75,22.146598815918,-0.021214661398474
195,22.146598815918,-0.0210497604037378
196.25,22.146598815918,-0.0201020405187479
197.5,22.146598815918,-0.018038584361005
198.75,22.146598815918,-0.0144083443218732
200,22.146598815918,-0.00898639885000321
201.25,22.146598815918,-0.00367601881323464
202.5,22.146598815918,-0.000949633863805064
203.75,22.146598815918,-0.00276740739690924
205,22.146598815918,-0.00796341001423216
206.25,22.146598815918,-0.0128103719847863
207.5,22.146598815918,-0.0158338382548334
208.75,22.146598815918,-0.0179227908324069
210,22.146598815918,-0.0195830782078961
211.25,22.146598815918,-0.0208971645439919
212.5,22.146598815918,-0.0218856583130435
213.75,22.146598815918,-0.0222870793121564
215,22.146598815918,-0.0214351458993378
216.25,22.146598815918,-0.019999379154841
217.5,22.146598815918,-0.0181038351127714
218.75,22.146598815918,-0.0160404634120336
220,22.146598815918,-0.0137642013384114
221.25,22.146598815918,-0.0113242995992348
222.5,22.146598815918,-0.00912442081582577
223.75,22.146598815918,-0.00747892593103955
225,22.146598815918,-0.00645780383730812
226.25,22.146598815918,-0.00534139880792881
227.5,22.146598815918,-0.00371815533152579
228.75,22.146598815918,-0.00162842244619785
230,22.146598815918,0.000886306363662829
231.25,22.146598815918,0.00367245251692298
232.5,22.146598815918,0.00617997418528648
233.75,22.146598815918,0.00800925608515209
235,22.146598815918,0.010062439323711
236.25,22.146598815918,0.0124053249380226
237.5,22.146598815918,0.0152210743685948
238.75,22.146598815918,0.01635201788862
240,22.146598815918,0.0162240604710344
241.25,22.146598815918,0.0151109128789624
242.5,22.146598815918,0.0132347610690672
243.75,22.146598815918,0.0127331847872933
245,22.146598815918,0.0164249013603576
246.25,22.146598815918,0.0240240078846319
247.5,22.146598815918,0.0314361989570038
248.75,22.146598815918,0.0325425781185935
250,22.146598815918,0.0311960256597556
160,23.0890045166016,-0.015936722840311
161.25,23.0890045166016,-0.0175327797391148
162.5,23.0890045166016,-0.0181997486575067
163.75,23.0890045166016,-0.0185377096065673
165,23.0890045166016,-0.0189731101704772
166.25,23.0890045166016,-0.0199740000121789
167.5,23.0890045166016,-0.0207510108152022
168.75,23.0890045166016,-0.0212154443840889
170,23.0890045166016,-0.0214530305205603
171.25,23.0890045166016,-0.0215932757526595
172.5,23.0890045166016,-0.021687492042025
173.75,23.0890045166016,-0.0213654276957978
175,23.0890045166016,-0.0206007040851409
176.25,23.0890045166016,-0.0186375838567388
177.5,23.0890045166016,-0.015467754703456
178.75,23.0890045166016,-0.0121463658693226
180,23.0890045166016,-0.00859248074425814
181.25,23.0890045166016,-0.00580264276735877
182.5,23.0890045166016,-0.00459552914465232
183.75,23.0890045166016,-0.00511543289273286
185,23.0890045166016,-0.00691854586754168
186.25,23.0890045166016,-0.00964727601480938
187.5,23.0890045166016,-0.0123121936049759
188.75,23.0890045166016,-0.0143836603026907
190,23.0890045166016,-0.0160193157976247
191.25,23.0890045166016,-0.0173588074022249
192.5,23.0890045166016,-0.0188163615794685
193.75,23.0890045166016,-0.0198053089945973
195,23.0890045166016,-0.020220348393876
196.25,23.0890045166016,-0.0196017045611119
197.5,23.0890045166016,-0.0174363141286437
198.75,23.0890045166016,-0.0140229769056223
200,23.0890045166016,-0.00946767205940869
201.25,23.0890045166016,-0.00532476546587437
202.5,23.0890045166016,-0.00298590236158628
203.75,23.0890045166016,-0.00357626697967607
205,23.0890045166016,-0.0060209864144497
206.25,23.0890045166016,-0.00855932204003044
207.5,23.0890045166016,-0.0111613663018784
208.75,23.0890045166016,-0.0139018111965106
210,23.0890045166016,-0.0165961076785493
211.25,23.0890045166016,-0.0189131748180909
212.5,23.0890045166016,-0.0207018418635359
213.75,23.0890045166016,-0.021708090469287
215,23.0890045166016,-0.0213348559012317
216.25,23.0890045166016,-0.0201044421599219
217.5,23.0890045166016,-0.0186487433600076
218.75,23.0890045166016,-0.01713789220848
220,23.0890045166016,-0.0154948529319784
221.25,23.0890045166016,-0.0136295813512567
222.5,23.0890045166016,-0.0115563024323069
223.75,23.0890045166016,-0.00955196530519872
225,23.0890045166016,-0.0077996128102969
226.25,23.0890045166016,-0.00572477646661708
227.5,23.0890045166016,-0.00377820967961732
228.75,23.0890045166016,-0.00172879912489951
230,23.0890045166016,0.000767381544197935
231.25,23.0890045166016,0.00356461111143246
232.5,23.0890045166016,0.0061004292333173
233.75,23.0890045166016,0.00808308502164646
235,23.0890045166016,0.0101076458724017
236.25,23.0890045166016,0.0120896717790093
237.5,23.0890045166016,0.0141883291302089
238.75,23.0890045166016,0.0142543001610177
240,23.0890045166016,0.0116003680499771
241.25,23.0890045166016,0.0068661502506315
242.5,23.0890045166016,0.00284581280470461
243.75,23.0890045166016,0.00425215210543096
245,23.0890045166016,0.0120480995368085
246.25,23.0890045166016,0.0227048986671474
247.5,23.0890045166016,0.0304199775373987
248.75,23.0890045166016,0.0330530505792251
250,23.0890045166016,0.0322175508136068
160,24.0314178466797,-0.014360684299204
161.25,24.0314178466797,-0.0158672175663614
162.5,24.0314178466797,-0.0167782614370014
163.75,24.0314178466797,-0.0170787231955111
165,24.0314178466797,-0.0172941824733058
166.25,24.0314178466797,-0.0182196737468475
167.5,24.0314178466797,-0.0191843196952997
168.75,24.0314178466797,-0.0198718133281848
170,24.0314178466797,-0.0207859442054157
171.25,24.0314178466797,-0.0217648569399549
172.5,24.0314178466797,-0.0223933929832643
173.75,24.0314178466797,-0.0223301850167555
175,24.0314178466797,-0.0215918078593186
176.25,24.0314178466797,-0.0197901268451453
177.5,24.0314178466797,-0.0163853931436359
178.75,24.0314178466797,-0.0117237255210021
180,24.0314178466797,-0.00638721823285856
181.25,24.0314178466797,-0.00204635354950704
182.5,24.0314178466797,0.00062589912365341
183.75,24.0314178466797,0.00118526235886323
185,24.0314178466797,-0.000148739205160575
186.25,24.0314178466797,-0.00264299981312246
187.5,24.0314178466797,-0.00533079484449304
188.75,24.0314178466797,-0.00722077241822688
190,24.0314178466797,-0.00823439704830119
191.25,24.0314178466797,-0.00949562213466629
192.5,24.0314178466797,-0.0117960155134463
193.75,24.0314178466797,-0.0146193229563888
195,24.0314178466797,-0.0170794479736309
196.25,24.0314178466797,-0.0183957695016177
197.5,24.0314178466797,-0.0180052950247768
198.75,24.0314178466797,-0.0160636911739904
200,24.0314178466797,-0.0128033909149575
201.25,24.0314178466797,-0.00960851778440456
202.5,24.0314178466797,-0.00737381695506093
203.75,24.0314178466797,-0.0062554453785497
205,24.0314178466797,-0.00560812279633424
206.25,24.0314178466797,-0.00526598911807664
207.5,24.0314178466797,-0.00623496624803678
208.75,24.0314178466797,-0.00870743914927144
210,24.0314178466797,-0.0121894170529043
211.25,24.0314178466797,-0.0159448220674638
212.5,24.0314178466797,-0.0190365956713446
213.75,24.0314178466797,-0.0207807300225095
215,24.0314178466797,-0.0208370979244196
216.25,24.0314178466797,-0.0200829864456783
217.5,24.0314178466797,-0.019274825460092
218.75,24.0314178466797,-0.0180802744211626
220,24.0314178466797,-0.0165494688724886
221.25,24.0314178466797,-0.0148263714342235
222.5,24.0314178466797,-0.0128594371844215
223.75,24.0314178466797,-0.0107240769749268
225,24.0314178466797,-0.00854744883090129
226.25,24.0314178466797,-0.00594968195572434
227.5,24.0314178466797,-0.00344753895533585
228.75,24.0314178466797,-0.00167195385898068
230,24.0314178466797,0.000417103802364666
231.25,24.0314178466797,0.00312640138441914
232.5,24.0314178466797,0.00581132606929573
233.75,24.0314178466797,0.00786284766445559
235,24.0314178466797,0.00938853586408782
236.25,24.0314178466797,0.0108231587188887
237.5,24.0314178466797,0.0122317963796771
238.75,24.0314178466797,0.0113113196360916
240,24.0314178466797,0.00674893377847181
241.25,24.0314178466797,9.35954651826195e-05
242.5,24.0314178466797,-0.00305703225479838
243.75,24.0314178466797,0.00168922971194222
245,24.0314178466797,0.0104175363003639
246.25,24.0314178466797,0.0199993922548772
247.5,24.0314178466797,0.0275387231092527
248.75,24.0314178466797,0.0326924739473122
250,24.0314178466797,0.0292755379596155
160,24.9738235473633,-0.0151613007201928
161.25,24.9738235473633,-0.0162274956395546
162.5,24.9738235473633,-0.016477976245881
163.75,24.9738235473633,-0.0163017037521376
165,24.9738235473633,-0.0162099795653845
166.25,24.9738235473633,-0.0168719064066335
167.5,24.9738235473633,-0.0177877659886227
168.75,24.9738235473633,-0.0185166025312806
170,24.9738235473633,-0.0193113024098653
171.25,24.9738235473633,-0.0204815143575796
172.5,24.9738235473633,-0.0214056788245738
173.75,24.9738235473633,-0.0218007764825954
175,24.9738235473633,-0.0216394291341065
176.25,24.9738235473633,-0.0205242909999206
177.5,24.9738235473633,-0.0179463749123431
178.75,24.9738235473633,-0.0133316155780189
180,24.9738235473633,-0.0069438162791339
181.25,24.9738235473633,-0.000926034491967238
182.5,24.9738235473633,0.00366519106523676
183.75,24.9738235473633,0.00553022201191215
185,24.9738235473633,0.00521169694432514
186.25,24.9738235473633,0.00358308534024499
187.5,24.9738235473633,0.0016348595928076
188.75,24.9738235473633,-0.000136685446337821
190,24.9738235473633,-0.00131162892299845
191.25,24.9738235473633,-0.00227381755048036
192.5,24.9738235473633,-0.0035782786284978
193.75,24.9738235473633,-0.0052476180503801
195,24.9738235473633,-0.00832582079905827
196.25,24.9738235473633,-0.0115323971797872
197.5,24.9738235473633,-0.0139188905102082
198.75,24.9738235473633,-0.0149647602237674
200,24.9738235473633,-0.0142651237533318
201.25,24.9738235473633,-0.0128207020883945
202.5,24.9738235473633,-0.0115541345174462
203.75,24.9738235473633,-0.0104770663059537
205,24.9738235473633,-0.0085106062013486
206.25,24.9738235473633,-0.00616383323139844
207.5,24.9738235473633,-0.00466996645380426
208.75,24.9738235473633,-0.0046193393208741
210,24.9738235473633,-0.00672909113211133
211.25,24.9738235473633,-0.0109426104536397
212.5,24.9738235473633,-0.0156231934016158
213.75,24.9738235473633,-0.0189058043665026
215,24.9738235473633,-0.0199792049457955
216.25,24.9738235473633,-0.0197567711290334
217.5,24.9738235473633,-0.0196718155843761
218.75,24.9738235473633,-0.0188403176928641
220,24.9738235473633,-0.0172273113364649
221.25,24.9738235473633,-0.0153529709463477
222.5,24.9738235473633,-0.0132963458190754
223.75,24.9738235473633,-0.0111185532751162
225,24.9738235473633,-0.00885477434119493
226.25,24.9738235473633,-0.00629450437515374
227.5,24.9738235473633,-0.00362168367700919
228.75,24.9738235473633,-0.0017820646217581
230,24.9738235473633,-9.76302699402486e-05
231.25,24.9738235473633,0.00216460369880224
232.5,24.9738235473633,0.00461837421802312
233.75,24.9738235473633,0.00673595501474487
235,24.9738235473633,0.00785034889742415
236.25,24.9738235473633,0.00843082796947161
237.5,24.9738235473633,0.00880448715078545
238.75,24.9738235473633,0.0071787022089149
240,24.9738235473633,0.00294539252834373
241.25,24.9738235473633,-0.00233480912600601
242.5,24.9738235473633,-0.00296140337703757
243.75,24.9738235473633,0.00317042706673408
245,24.9738235473633,0.0105773438253312
246.25,24.9738235473633,0.017186240013814
247.5,24.9738235473633,0.0219330527901907
248.75,24.9738235473633,0.0281871083138352
250,24.9738235473633,0.0295474509322887
160,25.9162292480469,-0.017323154094748
161.25,25.9162292480469,-0.0182742759865911
162.5,25.9162292480469,-0.0186660835040949
163.75,25.9162292480469,-0.0186791963664378
165,25.9162292480469,-0.0185770347791762
166.25,25.9162292480469,-0.0187987137897415
167.5,25.9162292480469,-0.0194249503932094
168.75,25.9162292480469,-0.0201705077634673
170,25.9162292480469,-0.0205077825305977
171.25,25.9162292480469,-0.0209361194493208
172.5,25.9162292480469,-0.0216492242153865
173.75,25.9162292480469,-0.0222008344091332
175,25.9162292480469,-0.0223440905362171
176.25,25.9162292480469,-0.0218668217125438
177.5,25.9162292480469,-0.0200750981205627
178.75,25.9162292480469,-0.0160917691498386
180,25.9162292480469,-0.00984318922809601
181.25,25.9162292480469,-0.0034493060962788
182.5,25.9162292480469,0.00222296466429883
183.75,25.9162292480469,0.00539878101395188
185,25.9162292480469,0.00655800936292909
186.25,25.9162292480469,0.00667480858531668
187.5,25.9162292480469,0.00633363980809427
188.75,25.9162292480469,0.00551842115477463
190,25.9162292480469,0.00427513513372774
191.25,25.9162292480469,0.00289662871254662
192.5,25.9162292480469,0.00205174997021417
193.75,25.9162292480469,0.0021695325703846
195,25.9162292480469,0.000873581821789563
196.25,25.9162292480469,-0.00158198328437499
197.5,25.9162292480469,-0.00466656975871288
198.75,25.9162292480469,-0.0076583327803503
200,25.9162292480469,-0.00954277041724835
201.25,25.9162292480469,-0.010001630827663
202.5,25.9162292480469,-0.0100300470809339
203.75,25.9162292480469,-0.0108715586248599
205,25.9162292480469,-0.0115959039667808
206.25,25.9162292480469,-0.0104867725725066
207.5,25.9162292480469,-0.00840916271257348
208.75,25.9162292480469,-0.00609136241992264
210,25.9162292480469,-0.00497231092150584
211.25,25.9162292480469,-0.00638386178025818
212.5,25.9162292480469,-0.0100960636975867
213.75,25.9162292480469,-0.0143949712785696
215,25.9162292480469,-0.0173170241902868
216.25,25.9162292480469,-0.0186286852024234
217.5,25.9162292480469,-0.0193584318339706
218.75,25.9162292480469,-0.0191532849029552
220,25.9162292480469,-0.0179789540734464
221.25,25.9162292480469,-0.0161579440693177
222.5,25.9162292480469,-0.013961733145588
223.75,25.9162292480469,-0.0116792188502936
225,25.9162292480469,-0.00939750459661519
226.25,25.9162292480469,-0.00699662613196595
227.5,25.9162292480469,-0.00465806451454545
228.75,25.9162292480469,-0.00282673586906253
230,25.9162292480469,-0.00119915597726451
231.25,25.9162292480469,0.00065359591341288
232.5,25.9162292480469,0.00258504838814729
233.75,25.9162292480469,0.00439128183690305
235,25.9162292480469,0.00533656304863953
236.25,25.9162292480469,0.00524844116218833
237.5,25.9162292480469,0.00489735229745037
238.75,25.9162292480469,0.0029400864416483
240,25.9162292480469,-0.000205396164096553
241.25,25.9162292480469,-0.00276708696581235
242.5,25.9162292480469,-0.000911103379720374
243.75,25.9162292480469,0.00537715159544481
245,25.9162292480469,0.0112102057568845
246.25,25.9162292480469,0.0153076118720265
247.5,25.9162292480469,0.018482721839523
248.75,25.9162292480469,0.0302638615057858
250,25.9162292480469,0.0310639268603441
160,26.858642578125,-0.0188405307780242
161.25,26.858642578125,-0.0198921718859897
162.5,26.858642578125,-0.0206186772551621
163.75,26.858642578125,-0.0214137173983567
165,26.858642578125,-0.0220821663519058
166.25,26.858642578125,-0.0223283017133581
167.5,26.858642578125,-0.0223237323176273
168.75,26.858642578125,-0.0225710277218636
170,26.858642578125,-0.0224641809859946
171.25,26.858642578125,-0.0229543656004633
172.5,26.858642578125,-0.0241964552081227
173.75,26.858642578125,-0.025253559811976
175,26.858642578125,-0.0255681040326004
176.25,26.858642578125,-0.0253784077416084
177.5,26.858642578125,-0.0244041474748418
178.75,26.858642578125,-0.0217253773905134
180,26.858642578125,-0.0169405549385758
181.25,26.858642578125,-0.0109755810298412
182.5,26.858642578125,-0.00488132910107752
183.75,26.858642578125,-1.29418980601015e-05
185,26.858642578125,0.00297873917530951
186.25,26.858642578125,0.00427375452013864
187.5,26.858642578125,0.00497567864667146
188.75,26.858642578125,0.00548416324296099
190,26.858642578125,0.00517547967030048
191.25,26.858642578125,0.00407700911171029
192.5,26.858642578125,0.00346286998998482
193.75,26.858642578125,0.00467532950091226
195,26.858642578125,0.00629747468346959
196.25,26.858642578125,0.00616669176805681
197.5,26.858642578125,0.00416796546428725
198.75,26.858642578125,0.00155259453560767
200,26.858642578125,-0.00103041659732194
201.25,26.858642578125,-0.00306311093489379
202.5,26.858642578125,-0.00441481237072929
203.75,26.858642578125,-0.00597538425385604
205,26.858642578125,-0.0086527256849672
206.25,26.858642578125,-0.011587076079338
207.5,26.858642578125,-0.0135238909081207
208.75,26.858642578125,-0.0128456209210633
210,26.858642578125,-0.0104022194933871
211.25,26.858642578125,-0.00811414091048899
212.5,26.858642578125,-0.00792137010884465
213.75,26.858642578125,-0.0103059286791066
215,26.858642578125,-0.0134931492822266
216.25,26.858642578125,-0.0159264526930964
217.5,26.858642578125,-0.0175722894714328
218.75,26.858642578125,-0.018368302730457
220,26.858642578125,-0.0182001323431513
221.25,26.858642578125,-0.0171503661080416
222.5,26.858642578125,-0.0152313738678158
223.75,26.858642578125,-0.0129824582459947
225,26.858642578125,-0.0106903831511054
226.25,26.858642578125,-0.00852138506924677
227.5,26.858642578125,-0.00647791035454925
228.75,26.858642578125,-0.00470644689139475
230,26.858642578125,-0.00302684139644672
231.25,26.858642578125,-0.00127211949709203
232.5,26.858642578125,-2.79102575295324e-05
233.75,26.858642578125,0.000996957528392501
235,26.858642578125,0.00173561080974132
236.25,26.858642578125,0.00141511776426105
237.5,26.858642578125,0.000284865546989882
238.75,26.858642578125,-0.00128548624748495
240,26.858642578125,-0.00332526274059751
241.25,26.858642578125,-0.0037487789089896
242.5,26.858642578125,8.65156426459515e-05
243.75,26.858642578125,0.00624639768716699
245,26.858642578125,0.0106664870091059
246.25,26.858642578125,0.0133903985659908
247.5,26.858642578125,0.0256321926244469
248.75,26.858642578125,0.0293739812417356
250,26.858642578125,0.0312810814587431
160,27.8010482788086,-0.0189379526427036
161.25,27.8010482788086,-0.0196659023245637
162.5,27.8010482788086,-0.0204297688309605
163.75,27.8010482788086,-0.0216038765773528
165,27.8010482788086,-0.0230673154786318
166.25,27.8010482788086,-0.0241622452161652
167.5,27.8010482788086,-0.0242720497959005
168.75,27.8010482788086,-0.0236512694034014
170,27.8010482788086,-0.0232775269156514
171.25,27.8010482788086,-0.0239968188999368
172.5,27.8010482788086,-0.0257486054443038
173.75,27.8010482788086,-0.0271084220141102
175,27.8010482788086,-0.0278053891413252
176.25,27.8010482788086,-0.0282313761538931
177.5,27.8010482788086,-0.0283250636545985
178.75,27.8010482788086,-0.0275663032516712
180,27.8010482788086,-0.0249364475554973
181.25,27.8010482788086,-0.0208274576851836
182.5,27.8010482788086,-0.015862201221346
183.75,27.8010482788086,-0.0105132601060642
185,27.8010482788086,-0.00609820054103944
186.25,27.8010482788086,-0.00342008836475622
187.5,27.8010482788086,-0.00170149498399119
188.75,27.8010482788086,-0.000310177447692486
190,27.8010482788086,0.000486619615923752
191.25,27.8010482788086,0.000778193092716891
192.5,27.8010482788086,0.00102580019856213
193.75,27.8010482788086,0.00285554061576395
195,27.8010482788086,0.00564746941739135
196.25,27.8010482788086,0.00764950411724785
197.5,27.8010482788086,0.00789520084232793
198.75,27.8010482788086,0.00761381206479154
200,27.8010482788086,0.00690499776822134
201.25,27.8010482788086,0.00567900800415334
202.5,27.8010482788086,0.00400226659335957
203.75,27.8010482788086,0.00219638195251604
205,27.8010482788086,-0.000764129602386993
206.25,27.8010482788086,-0.00542220513735146
207.5,27.8010482788086,-0.0109260387645261
208.75,27.8010482788086,-0.0150009146879025
210,27.8010482788086,-0.01647957506083
211.25,27.8010482788086,-0.0150091047799446
212.5,27.8010482788086,-0.0120689338818876
213.75,27.8010482788086,-0.0102004437949691
215,27.8010482788086,-0.0107056575325856
216.25,27.8010482788086,-0.0124095162979569
217.5,27.8010482788086,-0.0144675916927208
218.75,27.8010482788086,-0.0159607108014291
220,27.8010482788086,-0.0168108632532307
221.25,27.8010482788086,-0.0169448367208096
222.5,27.8010482788086,-0.0159901130918881
223.75,27.8010482788086,-0.0143214635185704
225,27.8010482788086,-0.0124202227135003
226.25,27.8010482788086,-0.010564306202792
227.5,27.8010482788086,-0.00869126288228688
228.75,27.8010482788086,-0.00687046613941157
230,27.8010482788086,-0.00514092675436163
231.25,27.8010482788086,-0.00357224302639777
232.5,27.8010482788086,-0.00289344755653658
233.75,27.8010482788086,-0.00269960124016316
235,27.8010482788086,-0.00260094676257493
236.25,27.8010482788086,-0.00299363835207082
237.5,27.8010482788086,-0.00406592578197496
238.75,27.8010482788086,-0.00476397073977931
240,27.8010482788086,-0.00569348063314875
241.25,27.8010482788086,-0.00525442448958588
242.5,27.8010482788086,-0.000691762601482724
243.75,27.8010482788086,0.00521999409905793
245,27.8010482788086,0.00894785112092591
246.25,27.8010482788086,0.0104686587056714
247.5,27.8010482788086,0.0270423875533587
248.75,27.8010482788086,0.0283320358795153
250,27.8010482788086,0.0302486249121741
160,28.7434539794922,-0.0199448059793539
161.25,28.7434539794922,-0.020976684816993
162.5,28.7434539794922,-0.0213542544809452
163.75,28.7434539794922,-0.0215419129786371
165,28.7434539794922,-0.0223055154490824
166.25,28.7434539794922,-0.0237045130382888
167.5,28.7434539794922,-0.0247933258960481
168.75,28.7434539794922,-0.0249181954715541
170,28.7434539794922,-0.0250195537760408
171.25,28.7434539794922,-0.025366386862385
172.5,28.7434539794922,-0.0262474018567982
173.75,28.7434539794922,-0.0265362939815094
175,28.7434539794922,-0.0265131647255612
176.25,28.7434539794922,-0.0269208378676954
177.5,28.7434539794922,-0.0276829576449834
178.75,28.7434539794922,-0.0284929746851477
180,28.7434539794922,-0.028855959535395
181.25,28.7434539794922,-0.028089509767394
182.5,28.7434539794922,-0.0252918350704212
183.75,28.7434539794922,-0.0213018418530772
185,28.7434539794922,-0.017289345383475
186.25,28.7434539794922,-0.0137128836868573
187.5,28.7434539794922,-0.0106064497875044
188.75,28.7434539794922,-0.00850649826637783
190,28.7434539794922,-0.00705408609657413
191.25,28.7434539794922,-0.00532361833769528
192.5,28.7434539794922,-0.00315566010429599
193.75,28.7434539794922,0.00024839205852726
195,28.7434539794922,0.00368741092371575
196.25,28.7434539794922,0.00644614759319739
197.5,28.7434539794922,0.00781705900221101
198.75,28.7434539794922,0.00903402962270969
200,28.7434539794922,0.0102438831103903
201.25,28.7434539794922,0.0106382107274932
202.5,28.7434539794922,0.00999448361271321
203.75,28.7434539794922,0.00928017564329338
205,28.7434539794922,0.00821791823144977
206.25,28.7434539794922,0.00510477573172198
207.5,28.7434539794922,0.000153682977979766
208.75,28.7434539794922,-0.00522614948514347
210,28.7434539794922,-0.0104221123022822
211.25,28.7434539794922,-0.0137873045589399
212.5,28.7434539794922,-0.014332993981533
213.75,28.7434539794922,-0.0123957305290393
215,28.7434539794922,-0.0104925650551326
216.25,28.7434539794922,-0.0101872768606636
217.5,28.7434539794922,-0.0115322922919235
218.75,28.7434539794922,-0.0131182498639518
220,28.7434539794922,-0.0145393796838969
221.25,28.7434539794922,-0.015672638964114
222.5,28.7434539794922,-0.0158066948710141
223.75,28.7434539794922,-0.0152037114860722
225,28.7434539794922,-0.0141145977078923
226.25,28.7434539794922,-0.0125748581229178
227.5,28.7434539794922,-0.0108389600138056
228.75,28.7434539794922,-0.00916701941972017
230,28.7434539794922,-0.00751941072187668
231.25,28.7434539794922,-0.00618475872160884
232.5,28.7434539794922,-0.00588459766666376
233.75,28.7434539794922,-0.00616177689228767
235,28.7434539794922,-0.00669689211034792
236.25,28.7434539794922,-0.00725355493942499
237.5,28.7434539794922,-0.00786010813889674
238.75,28.7434539794922,-0.00789520714294115
240,28.7434539794922,-0.0079221558907044
241.25,28.7434539794922,-0.00653465863728751
242.5,28.7434539794922,-0.00166661986270143
243.75,28.7434539794922,0.0044636646079359
245,28.7434539794922,0.00818532409474223
246.25,28.7434539794922,0.0116498692325733
160,29.6858673095703,-0.0191691283538842
161.25,29.6858673095703,-0.0218640740773246
162.5,29.6858673095703,-0.0239342114626919
163.75,29.6858673095703,-0.0237737025361853
165,29.6858673095703,-0.0232452844648252
166.25,29.6858673095703,-0.0238802891547517
167.5,29.6858673095703,-0.0248812730593138
168.75,29.6858673095703,-0.0256968947680079
170,29.6858673095703,-0.0261013203990157
171.25,29.6858673095703,-0.025977892499778
172.5,29.6858673095703,-0.0261792289779843
173.75,29.6858673095703,-0.0258957319130117
175,29.6858673095703,-0.0253474641846096
176.25,29.6858673095703,-0.0254014061580346
177.5,29.6858673095703,-0.0260363987338327
178.75,29.6858673095703,-0.0269956005668546
180,29.6858673095703,-0.0285237900852963
181.25,29.6858673095703,-0.0295674355319048
182.5,29.6858673095703,-0.0276298958054978
183.75,29.6858673095703,-0.0248172671419214
185,29.6858673095703,-0.0231131146558293
186.25,29.6858673095703,-0.0211468157803635
187.5,29.6858673095703,-0.0183333884987015
188.75,29.6858673095703,-0.0161343849078796
190,29.6858673095703,-0.0146228768260252
191.25,29.6858673095703,-0.0123339743520172
192.5,29.6858673095703,-0.00892731886388332
193.75,29.6858673095703,-0.00468240484985611
195,29.6858673095703,-0.000118987891815531
196.25,29.6858673095703,0.00374901726630742
197.5,29.6858673095703,0.00624142004598927
198.75,29.6858673095703,0.00864618796652397
200,29.6858673095703,0.0111492612873216
201.25,29.6858673095703,0.0127959568599401
202.5,29.6858673095703,0.0135059864233949
203.75,29.6858673095703,0.0142453329844712
205,29.6858673095703,0.0151485207182621
206.25,29.6858673095703,0.0148894901288949
207.5,29.6858673095703,0.0124836997183299
208.75,29.6858673095703,0.00870700338457824
210,29.6858673095703,0.00382539887417542
211.25,29.6858673095703,-0.00127384226232591
212.5,29.6858673095703,-0.0054499716349397
213.75,29.6858673095703,-0.00807468676321462
215,29.6858673095703,-0.0091330234183699
216.25,29.6858673095703,-0.00931423665693078
217.5,29.6858673095703,-0.00988965226090265
218.75,29.6858673095703,-0.0108348080760595
220,29.6858673095703,-0.0124510912397923
221.25,29.6858673095703,-0.0142090708896843
222.5,29.6858673095703,-0.015299811940881
223.75,29.6858673095703,-0.0157282342595064
225,29.6858673095703,-0.0156418540636234
226.25,29.6858673095703,-0.0148703652896264
227.5,29.6858673095703,-0.0136760289376633
228.75,29.6858673095703,-0.0122287171268075
230,29.6858673095703,-0.010764927977142
231.25,29.6858673095703,-0.00943160764622824
232.5,29.6858673095703,-0.00889910134517815
233.75,29.6858673095703,-0.0090986171419296
235,29.6858673095703,-0.00970049741241152
236.25,29.6858673095703,-0.0103171744935058
237.5,29.6858673095703,-0.0109515505974866
238.75,29.6858673095703,-0.0112488259680769
240,29.6858673095703,-0.0105650513167128
241.25,29.6858673095703,-0.00786958955281085
242.5,29.6858673095703,-0.00267588500306728
243.75,29.6858673095703,0.00357166382813527
245,29.6858673095703,0.00791743702260213
160,30.6282730102539,-0.0181634338574331
161.25,30.6282730102539,-0.0214942399278144
162.5,30.6282730102539,-0.0255000706881882
163.75,30.6282730102539,-0.0267815388465656
165,30.6282730102539,-0.0261469480908664
166.25,30.6282730102539,-0.026007042542693
167.5,30.6282730102539,-0.0262462846907836
168.75,30.6282730102539,-0.0267349533701138
170,30.6282730102539,-0.0271122163259076
171.25,30.6282730102539,-0.0266492797236812
172.5,30.6282730102539,-0.0258856066440546
173.75,30.6282730102539,-0.0250848645264095
175,30.6282730102539,-0.024873279961338
176.25,30.6282730102539,-0.0249548448695612
177.5,30.6282730102539,-0.0251784124500824
178.75,30.6282730102539,-0.025699840867662
180,30.6282730102539,-0.0267699544908814
181.25,30.6282730102539,-0.027915516698377
182.5,30.6282730102539,-0.0271908420323149
183.75,30.6282730102539,-0.0263737720705562
185,30.6282730102539,-0.0260068689482549
186.25,30.6282730102539,-0.0250544887357112
187.5,30.6282730102539,-0.0230060311455113
188.75,30.6282730102539,-0.0213436800923135
190,30.6282730102539,-0.0200831801905931
191.25,30.6282730102539,-0.0176465436288985
192.5,30.6282730102539,-0.0138651811553937
193.75,30.6282730102539,-0.00949178604515787
195,30.6282730102539,-0.00524968867100579
196.25,30.6282730102539,-0.00134534779667854
197.5,30.6282730102539,0.00215923333441651
198.75,30.6282730102539,0.00603281494866259
200,30.6282730102539,0.00989895947888565
201.25,30.6282730102539,0.0126412183690664
202.5,30.6282730102539,0.0145968465012276
203.75,30.6282730102539,0.0168952030035283
205,30.6282730102539,0.0190688775037283
206.25,30.6282730102539,0.0204417704712087
207.5,30.6282730102539,0.0202583607262491
208.75,30.6282730102539,0.0191490049762336
210,30.6282730102539,0.0168820548541748
211.25,30.6282730102539,0.0129250960746941
212.5,30.6282730102539,0.00759089709125871
213.75,30.6282730102539,0.0020733213596544
215,30.6282730102539,-0.00259337564393562
216.25,30.6282730102539,-0.00606570060122873
217.5,30.6282730102539,-0.00831310754518829
218.75,30.6282730102539,-0.00956287802153738
220,30.6282730102539,-0.0114113039406674
221.25,30.6282730102539,-0.0135667625272062
222.5,30.6282730102539,-0.01517308890238
223.75,30.6282730102539,-0.0162452938792948
225,30.6282730102539,-0.0170633617094566
226.25,30.6282730102539,-0.0173612037123307
227.5,30.6282730102539,-0.0168244931345134
228.75,30.6282730102539,-0.0158273626067815
230,30.6282730102539,-0.0145035088890068
231.25,30.6282730102539,-0.013036638465463
232.5,30.6282730102539,-0.0119279312221297
233.75,30.6282730102539,-0.011409288179514
235,30.6282730102539,-0.0116132005806916
236.25,30.6282730102539,-0.011961979079697
237.5,30.6282730102539,-0.0125416451591004
238.75,30.6282730102539,-0.0133663057595648
240,30.6282730102539,-0.0122155420648441
241.25,30.6282730102539,-0.00841374191777178
242.5,30.6282730102539,-0.00357868767173996
243.75,30.6282730102539,-2.30767308985529e-05
160,31.5706787109375,-0.0168001164173625
161.25,31.5706787109375,-0.0203633502393822
162.5,31.5706787109375,-0.0252212518498983
163.75,31.5706787109375,-0.0284723596706119
165,31.5706787109375,-0.0289325122304376
166.25,31.5706787109375,-0.0285498493762831
167.5,31.5706787109375,-0.0282850966722304
168.75,31.5706787109375,-0.02795718885013
170,31.5706787109375,-0.0276702098982366
171.25,31.5706787109375,-0.0268110941357644
172.5,31.5706787109375,-0.025351180198092
173.75,31.5706787109375,-0.0246947479889536
175,31.5706787109375,-0.025097255999672
176.25,31.5706787109375,-0.0255987716126722
177.5,31.5706787109375,-0.0255880151400488
178.75,31.5706787109375,-0.0254794877730063
180,31.5706787109375,-0.0257597980349288
181.25,31.5706787109375,-0.0259546359586287
182.5,31.5706787109375,-0.0262118479428284
183.75,31.5706787109375,-0.0268925867812442
185,31.5706787109375,-0.0270855720947383
186.25,31.5706787109375,-0.0266954855237829
187.5,31.5706787109375,-0.0260835876481724
188.75,31.5706787109375,-0.0257099507807083
190,31.5706787109375,-0.0247554737617873
191.25,31.5706787109375,-0.0222105730137785
192.5,31.5706787109375,-0.0183472743447339
193.75,31.5706787109375,-0.0140979079461232
195,31.5706787109375,-0.00977511333592477
196.25,31.5706787109375,-0.00595252057873286
197.5,31.5706787109375,-0.00201236914510398
198.75,31.5706787109375,0.0026566767258794
200,31.5706787109375,0.00766443224069181
201.25,31.5706787109375,0.0116011454557984
202.5,31.5706787109375,0.0145502822687983
203.75,31.5706787109375,0.0175593794682562
205,31.5706787109375,0.0202789493630154
206.25,31.5706787109375,0.0223424772795443
207.5,31.5706787109375,0.0228325203866692
208.75,31.5706787109375,0.0229653067432803
210,31.5706787109375,0.0233322959948705
211.25,31.5706787109375,0.0229838341613551
212.5,31.5706787109375,0.0199763645587558
213.75,31.5706787109375,0.0139747161641669
215,31.5706787109375,0.00699660507408639
216.25,31.5706787109375,0.000164051254704998
217.5,31.5706787109375,-0.00565864262537173
218.75,31.5706787109375,-0.00918686307264544
220,31.5706787109375,-0.0114821186082352
221.25,31.5706787109375,-0.0137976210776026
222.5,31.5706787109375,-0.0159168347128683
223.75,31.5706787109375,-0.0177455074479717
225,31.5706787109375,-0.0194595082089808
226.25,31.5706787109375,-0.0204850443158757
227.5,31.5706787109375,-0.0206355384452612
228.75,31.5706787109375,-0.0201659148280535
230,31.5706787109375,-0.0189760391528503
231.25,31.5706787109375,-0.0172921501126556
232.5,31.5706787109375,-0.0152372901596095
233.75,31.5706787109375,-0.0134233998634459
235,31.5706787109375,-0.0127152747922879
236.25,31.5706787109375,-0.0126020217042445
237.5,31.5706787109375,-0.013102907960979
238.75,31.5706787109375,-0.0142014295953818
240,31.5706787109375,-0.0129801432679681
241.25,31.5706787109375,-0.00860509529709672
242.5,31.5706787109375,-0.00449817766426448
243.75,31.5706787109375,-0.000289806978922632
160,32.5130920410156,-0.0114626617512054
161.25,32.5130920410156,-0.0153333249868708
162.5,32.5130920410156,-0.0205887269741612
163.75,32.5130920410156,-0.0259031856805713
165,32.5130920410156,-0.0284895395041562
166.25,32.5130920410156,-0.0288474298170659
167.5,32.5130920410156,-0.028222884080276
168.75,32.5130920410156,-0.0269019066311877
170,32.5130920410156,-0.0254940366555763
171.25,32.5130920410156,-0.023992867685788
172.5,32.5130920410156,-0.0225529170981183
173.75,32.5130920410156,-0.0225258541956322
175,32.5130920410156,-0.0239520985887441
176.25,32.5130920410156,-0.0253096861606757
177.5,32.5130920410156,-0.0258772447700984
178.75,32.5130920410156,-0.0259161996136442
180,32.5130920410156,-0.0256647626469093
181.25,32.5130920410156,-0.0254965027954753
182.5,32.5130920410156,-0.0258391819912102
183.75,32.5130920410156,-0.0264978946612724
185,32.5130920410156,-0.0267140637541625
186.25,32.5130920410156,-0.0266460178415689
187.5,32.5130920410156,-0.0271381169833672
188.75,32.5130920410156,-0.0280401870378396
190,32.5130920410156,-0.0278026516282386
191.25,32.5130920410156,-0.0259268963223685
192.5,32.5130920410156,-0.0227285671806724
193.75,32.5130920410156,-0.0188417194861455
195,32.5130920410156,-0.0145672453350615
196.25,32.5130920410156,-0.0104248209817058
197.5,32.5130920410156,-0.00598087915472015
198.75,32.5130920410156,-0.000694408470350173
200,32.5130920410156,0.0049559160791153
201.25,32.5130920410156,0.00979504708756744
202.5,32.5130920410156,0.0135446836099028
203.75,32.5130920410156,0.0169212108456596
205,32.5130920410156,0.0200241452049086
206.25,32.5130920410156,0.0222411847043829
207.5,32.5130920410156,0.0228987712714607
208.75,32.5130920410156,0.0234371008599279
210,32.5130920410156,0.0249370210666711
211.25,32.5130920410156,0.0274451673156892
212.5,32.5130920410156,0.028818906808594
213.75,32.5130920410156,0.0256615990216512
215,32.5130920410156,0.0180280578658307
216.25,32.5130920410156,0.00845488384770029
217.5,32.5130920410156,-0.00058296170818024
218.75,32.5130920410156,-0.00736384074180018
220,32.5130920410156,-0.0111567005692517
221.25,32.5130920410156,-0.0142020426070602
222.5,32.5130920410156,-0.017404953411046
223.75,32.5130920410156,-0.0203450549429164
225,32.5130920410156,-0.0229146701484196
226.25,32.5130920410156,-0.024637170732345
227.5,32.5130920410156,-0.0257062587192557
228.75,32.5130920410156,-0.0259074709588508
230,32.5130920410156,-0.0246319358837704
231.25,32.5130920410156,-0.0221148168920063
232.5,32.5130920410156,-0.0190247653065795
233.75,32.5130920410156,-0.0158891376763869
235,32.5130920410156,-0.0139467738008772
236.25,32.5130920410156,-0.0131774139118904
237.5,32.5130920410156,-0.0133407837003114
238.75,32.5130920410156,-0.0135281868049292
240,32.5130920410156,-0.0110288565778211
241.25,32.5130920410156,-0.00720950604628809
242.5,32.5130920410156,-0.00405165858824281
160,33.4554977416992,-0.000303265572490426
161.25,33.4554977416992,-0.00409371260389489
162.5,33.4554977416992,-0.0089076154383358
163.75,33.4554977416992,-0.0154681065482765
165,33.4554977416992,-0.0213484814666807
166.25,33.4554977416992,-0.0242059823879157
167.5,33.4554977416992,-0.0245584092512271
168.75,33.4554977416992,-0.0234559612407878
170,33.4554977416992,-0.0218126999985908
171.25,33.4554977416992,-0.0199131771104374
172.5,33.4554977416992,-0.0184230443138003
173.75,33.4554977416992,-0.0185220550962784
175,33.4554977416992,-0.0204755648463059
176.25,33.4554977416992,-0.0226841297299451
177.5,33.4554977416992,-0.0241976710559691
178.75,33.4554977416992,-0.0251484410313353
180,33.4554977416992,-0.0255492669959237
181.25,33.4554977416992,-0.025496626253115
182.5,33.4554977416992,-0.025361931022577
183.75,33.4554977416992,-0.0252966137106189
185,33.4554977416992,-0.0256315380229212
186.25,33.4554977416992,-0.0260469467172285
187.5,33.4554977416992,-0.0271177385207397
188.75,33.4554977416992,-0.0288730811430366
190,33.4554977416992,-0.0296432271876478
191.25,33.4554977416992,-0.0287787865918975
192.5,33.4554977416992,-0.0264533417191922
193.75,33.4554977416992,-0.0231848580235667
195,33.4554977416992,-0.0192590327083351
196.25,33.4554977416992,-0.014939879258303
197.5,33.4554977416992,-0.0102295292593301
198.75,33.4554977416992,-0.00456189896654195
200,33.4554977416992,0.00143833110368735
201.25,33.4554977416992,0.00664424442658398
202.5,33.4554977416992,0.0109499524666382
203.75,33.4554977416992,0.0149639218669229
205,33.4554977416992,0.0188121229601441
206.25,33.4554977416992,0.0215790233295983
207.5,33.4554977416992,0.022630073357691
208.75,33.4554977416992,0.0231156828004272
210,33.4554977416992,0.0248504099244901
211.25,33.4554977416992,0.0283833146566969
212.5,33.4554977416992,0.0320860530099644
213.75,33.4554977416992,0.032156608837767
215,33.4554977416992,0.0265667902282541
216.25,33.4554977416992,0.0170159549326927
217.5,33.4554977416992,0.00670645778983153
218.75,33.4554977416992,-0.00263805570576348
220,33.4554977416992,-0.0090398139115802
221.25,33.4554977416992,-0.0136673111785965
222.5,33.4554977416992,-0.0183283496635752
223.75,33.4554977416992,-0.0228194968613451
225,33.4554977416992,-0.0265510877991854
226.25,33.4554977416992,-0.0289422638397645
227.5,33.4554977416992,-0.0306123161769301
228.75,33.4554977416992,-0.0317738707797993
230,33.4554977416992,-0.03140124380771
231.25,33.4554977416992,-0.0285237589977049
232.5,33.4554977416992,-0.0239384743147739
233.75,33.4554977416992,-0.0190667901991641
235,33.4554977416992,-0.0155177752554132
236.25,33.4554977416992,-0.014139907494084
237.5,33.4554977416992,-0.013320477888571
238.75,33.4554977416992,-0.0108815273973166
240,33.4554977416992,-0.00768898970294139
241.25,33.4554977416992,-0.00509047653972696
242.5,33.4554977416992,-0.00308214368585145
160,34.3979034423828,0.0155151079502418
161.25,34.3979034423828,0.0127730756988293
162.5,34.3979034423828,0.00910687942286144
163.75,34.3979034423828,0.0047252527767647
165,34.3979034423828,-0.00171181246289327
166.25,34.3979034423828,-0.00800501927298015
167.5,34.3979034423828,-0.0125719739644861
168.75,34.3979034423828,-0.0150409870417272
170,34.3979034423828,-0.015632607620764
171.25,34.3979034423828,-0.0148272985593685
172.5,34.3979034423828,-0.0138447969249326
173.75,34.3979034423828,-0.014338625421137
175,34.3979034423828,-0.0163736583447116
176.25,34.3979034423828,-0.0188753593769976
177.5,34.3979034423828,-0.0209856179222367
178.75,34.3979034423828,-0.0226512206041413
180,34.3979034423828,-0.0239384060263991
181.25,34.3979034423828,-0.0245179541248028
182.5,34.3979034423828,-0.0244309886027516
183.75,34.3979034423828,-0.0245803757232476
185,34.3979034423828,-0.0252993176754225
186.25,34.3979034423828,-0.0262351372868229
187.5,34.3979034423828,-0.0273155929244715
188.75,34.3979034423828,-0.0287810956375063
190,34.3979034423828,-0.0301591032890442
191.25,34.3979034423828,-0.0306979070590847
192.5,34.3979034423828,-0.0299204071464589
193.75,34.3979034423828,-0.0277479829705188
195,34.3979034423828,-0.0244894694186136
196.25,34.3979034423828,-0.0201617946440134
197.5,34.3979034423828,-0.0151811362861007
198.75,34.3979034423828,-0.00921081506261092
200,34.3979034423828,-0.00280217044648721
201.25,34.3979034423828,0.00303390914441654
202.5,34.3979034423828,0.00792254590493484
203.75,34.3979034423828,0.0123496191509653
205,34.3979034423828,0.0167088063694813
206.25,34.3979034423828,0.0201724896776577
207.5,34.3979034423828,0.0221143857800683
208.75,34.3979034423828,0.0227482304589959
210,34.3979034423828,0.0240239012695812
211.25,34.3979034423828,0.0271274535938429
212.5,34.3979034423828,0.0314288967434461
213.75,34.3979034423828,0.0334523900496101
215,34.3979034423828,0.0303256593625651
216.25,34.3979034423828,0.0220795509500927
217.5,34.3979034423828,0.0114868152493672
218.75,34.3979034423828,0.00141930282343472
220,34.3979034423828,-0.00654798258011453
221.25,34.3979034423828,-0.0119460614366369
222.5,34.3979034423828,-0.017315801818598
223.75,34.3979034423828,-0.0231840305175115
225,34.3979034423828,-0.028919911356299
226.25,34.3979034423828,-0.0326956040545754
227.5,34.3979034423828,-0.0352598465919558
228.75,34.3979034423828,-0.0373586075628056
230,34.3979034423828,-0.0375266343603001
231.25,34.3979034423828,-0.0349838154589666
232.5,34.3979034423828,-0.0297079349891823
233.75,34.3979034423828,-0.0233808164122496
235,34.3979034423828,-0.0179443021242805
236.25,34.3979034423828,-0.0152284968891801
237.5,34.3979034423828,-0.0125540627660577
238.75,34.3979034423828,-0.00803560610912384
240,34.3979034423828,-0.00647936568008141
241.25,34.3979034423828,-0.00459404875024663
160,35.3403167724609,0.0296044153715121
161.25,35.3403167724609,0.0280429305099007
162.5,35.3403167724609,0.0251384245594705
163.75,35.3403167724609,0.0221574176259951
165,35.3403167724609,0.0174640196775174
166.25,35.3403167724609,0.0110215263719029
167.5,35.3403167724609,0.00394318257247905
168.75,35.3403167724609,-0.00240175243975202
170,35.3403167724609,-0.0066828793725598
171.25,35.3403167724609,-0.00885415982071808
172.5,35.3403167724609,-0.00966294788715208
173.75,35.3403167724609,-0.0112300796903418
175,35.3403167724609,-0.0138502406076134
176.25,35.3403167724609,-0.0160975332926305
177.5,35.3403167724609,-0.0175039919578598
178.75,35.3403167724609,-0.0187835949236749
180,35.3403167724609,-0.0202782364580741
181.25,35.3403167724609,-0.021654484210956
182.5,35.3403167724609,-0.0226977168508395
183.75,35.3403167724609,-0.0237443273275517
185,35.3403167724609,-0.0248776173497342
186.25,35.3403167724609,-0.0259372187408267
187.5,35.3403167724609,-0.0271004933759454
188.75,35.3403167724609,-0.0285279595492884
190,35.3403167724609,-0.0301402672009186
191.25,35.3403167724609,-0.0314779031467885
192.5,35.3403167724609,-0.0319371418823569
193.75,35.3403167724609,-0.0310001275932952
195,35.3403167724609,-0.0288342760034792
196.25,35.3403167724609,-0.025391629517234
197.5,35.3403167724609,-0.0206551239745219
198.75,35.3403167724609,-0.0147904908072863
200,35.3403167724609,-0.00817486205149091
201.25,35.3403167724609,-0.00160473168615407
202.5,35.3403167724609,0.00424237985589674
203.75,35.3403167724609,0.00927780386446255
205,35.3403167724609,0.0138213451711891
206.25,35.3403167724609,0.0177944675436065
207.5,35.3403167724609,0.0205335879769668
208.75,35.3403167724609,0.0218068067330209
210,35.3403167724609,0.0223869050016197
211.25,35.3403167724609,0.023978701809186
212.5,35.3403167724609,0.0273934912164244
213.75,35.3403167724609,0.0306184435749944
215,35.3403167724609,0.0298566304630866
216.25,35.3403167724609,0.0233772074139525
217.5,35.3403167724609,0.0134398678910819
218.75,35.3403167724609,0.00320843940632732
220,35.3403167724609,-0.00502327384114007
221.25,35.3403167724609,-0.0105886699276821
222.5,35.3403167724609,-0.0156434109463475
223.75,35.3403167724609,-0.0217430401472938
225,35.3403167724609,-0.0293010869934489
226.25,35.3403167724609,-0.0352418609098429
227.5,35.3403167724609,-0.0389611964900158
228.75,35.3403167724609,-0.0415912500126587
230,35.3403167724609,-0.0421911723424011
231.25,35.3403167724609,-0.0402492205001987
232.5,35.3403167724609,-0.034498586042296
233.75,35.3403167724609,-0.0270910070295606
235,35.3403167724609,-0.020116293872138
236.25,35.3403167724609,-0.015587545285836
237.5,35.3403167724609,-0.0116674458672256
238.75,35.3403167724609,-0.00791873303171064
240,35.3403167724609,-0.00559002247739111
160,36.2827224731445,0.0404761451852203
161.25,36.2827224731445,0.0430209804152563
162.5,36.2827224731445,0.0433006065848626
163.75,36.2827224731445,0.041131345626338
165,36.2827224731445,0.0364954013310061
166.25,36.2827224731445,0.0300594996417163
167.5,36.2827224731445,0.0224322987361122
168.75,36.2827224731445,0.0137957545560785
170,36.2827224731445,0.00619735401062881
171.25,36.2827224731445,0.000564467096898872
172.5,36.2827224731445,-0.00324900343032625
173.75,36.2827224731445,-0.00703532459850615
175,36.2827224731445,-0.0113272774171123
176.25,36.2827224731445,-0.0141614047497718
177.5,36.2827224731445,-0.0152847272047653
178.75,36.2827224731445,-0.0159497137074847
180,36.2827224731445,-0.0169832428395042
181.25,36.2827224731445,-0.0184071847584114
182.5,36.2827224731445,-0.0200591118071765
183.75,36.2827224731445,-0.0217377711290892
185,36.2827224731445,-0.0233825935932107
186.25,36.2827224731445,-0.0244590866374627
187.5,36.2827224731445,-0.025717363540705
188.75,36.2827224731445,-0.027661232104393
190,36.2827224731445,-0.029650716918139
191.25,36.2827224731445,-0.0313663481180324
192.5,36.2827224731445,-0.0325117961078504
193.75,36.2827224731445,-0.0323209935421294
195,36.2827224731445,-0.0309327056763592
196.25,36.2827224731445,-0.0283563713017423
197.5,36.2827224731445,-0.0240788936970728
198.75,36.2827224731445,-0.0187893559709384
200,36.2827224731445,-0.0128874384267825
201.25,36.2827224731445,-0.00653877586753439
202.5,36.2827224731445,-0.000273737522644793
203.75,36.2827224731445,0.00515095809066206
205,36.2827224731445,0.00987416689277224
206.25,36.2827224731445,0.014111009885081
207.5,36.2827224731445,0.0174344926901706
208.75,36.2827224731445,0.0191749535406565
210,36.2827224731445,0.0192818729985451
211.25,36.2827224731445,0.0195613571550819
212.5,36.2827224731445,0.0214577485578938
213.75,36.2827224731445,0.0242218679137789
215,36.2827224731445,0.0248661273508135
216.25,36.2827224731445,0.0207079759195573
217.5,36.2827224731445,0.0128157734191543
218.75,36.2827224731445,0.00381196895559523
220,36.2827224731445,-0.00382858819382264
221.25,36.2827224731445,-0.00943572148206709
222.5,36.2827224731445,-0.0140069065069665
223.75,36.2827224731445,-0.0200589573438123
225,36.2827224731445,-0.0288322837728331
226.25,36.2827224731445,-0.0364134841950027
227.5,36.2827224731445,-0.0406805490070574
228.75,36.2827224731445,-0.0432312575146332
230,36.2827224731445,-0.0439949043214795
231.25,36.2827224731445,-0.0428126045070019
232.5,36.2827224731445,-0.0376390667034701
233.75,36.2827224731445,-0.0293174434602428
235,36.2827224731445,-0.0207402750685068
236.25,36.2827224731445,-0.0147780131295315
237.5,36.2827224731445,-0.0103856250225299
238.75,36.2827224731445,-0.0081805493980205
160,37.2251281738281,0.0448456851282246
161.25,37.2251281738281,0.0507867631339384
162.5,37.2251281738281,0.0543197135963575
163.75,37.2251281738281,0.0538351250207158
165,37.2251281738281,0.0495909441697536
166.25,37.2251281738281,0.0429766302363884
167.5,37.2251281738281,0.0355662111369887
168.75,37.2251281738281,0.0271737314092397
170,37.2251281738281,0.0190107429767652
171.25,37.2251281738281,0.0122962666533423
172.5,37.2251281738281,0.00608776717957567
173.75,37.2251281738281,-0.000179033247580933
175,37.2251281738281,-0.00599240428221701
176.25,37.2251281738281,-0.00986867306129665
177.5,37.2251281738281,-0.0114605315897284
178.75,37.2251281738281,-0.0117362993516273
180,37.2251281738281,-0.0123791320056512
181.25,37.2251281738281,-0.0138862016146572
182.5,37.2251281738281,-0.0158760147708129
183.75,37.2251281738281,-0.0181429808332325
185,37.2251281738281,-0.0203539097959525
186.25,37.2251281738281,-0.0219075830629203
187.5,37.2251281738281,-0.023651721532094
188.75,37.2251281738281,-0.0260083284018343
190,37.2251281738281,-0.028268571794585
191.25,37.2251281738281,-0.0302221631307768
192.5,37.2251281738281,-0.0317903149848941
193.75,37.2251281738281,-0.032354484100925
195,37.2251281738281,-0.0316071604470605
196.25,37.2251281738281,-0.0298231918896377
197.5,37.2251281738281,-0.0262565807758798
198.75,37.2251281738281,-0.0213478825563365
200,37.2251281738281,-0.0159666382828997
201.25,37.2251281738281,-0.0101284876437681
202.5,37.2251281738281,-0.00410088825160712
203.75,37.2251281738281,0.00123784552892074
205,37.2251281738281,0.00573355126853162
206.25,37.2251281738281,0.00972001161732936
207.5,37.2251281738281,0.0128888765009472
208.75,37.2251281738281,0.0143020355989625
210,37.2251281738281,0.0138391361581718
211.25,37.2251281738281,0.0131686583018221
212.5,37.2251281738281,0.0137923583588461
213.75,37.2251281738281,0.0157291863138846
215,37.2251281738281,0.0173464997828971
216.25,37.2251281738281,0.0156599540989946
217.5,37.2251281738281,0.00992514395926869
218.75,37.2251281738281,0.00292685890301418
220,37.2251281738281,-0.00307758193860891
221.25,37.2251281738281,-0.00796227501225652
222.5,37.2251281738281,-0.0127763221466336
223.75,37.2251281738281,-0.0191360733063764
225,37.2251281738281,-0.0285029587256455
226.25,37.2251281738281,-0.0371082971781332
227.5,37.2251281738281,-0.0408437154631803
228.75,37.2251281738281,-0.0425559468763163
230,37.2251281738281,-0.0434698262413886
231.25,37.2251281738281,-0.0433194066270838
232.5,37.2251281738281,-0.039664433882672
233.75,37.2251281738281,-0.0299587379151401
235,37.2251281738281,-0.019825981439724
236.25,37.2251281738281,-0.0135732760699895
237.5,37.2251281738281,-0.0109750139677438
238.75,37.2251281738281,-0.00783307924486074
160,38.1675415039062,0.0469081217418924
161.25,38.1675415039062,0.0527770332132226
162.5,38.1675415039062,0.0580347106908403
163.75,38.1675415039062,0.0599542192398943
165,38.1675415039062,0.0586567900908021
166.25,38.1675415039062,0.0545501449139066
167.5,38.1675415039062,0.0478904829031202
168.75,38.1675415039062,0.0387605180835306
170,38.1675415039062,0.0296170040973806
171.25,38.1675415039062,0.0219716297897621
172.5,38.1675415039062,0.0143506285584136
173.75,38.1675415039062,0.00651721201237465
175,38.1675415039062,0.000107765175017171
176.25,38.1675415039062,-0.00408086885018108
177.5,38.1675415039062,-0.00546013784302449
178.75,38.1675415039062,-0.00515694328791397
180,38.1675415039062,-0.00534069935363179
181.25,38.1675415039062,-0.00656820125671432
182.5,38.1675415039062,-0.0085114666061284
183.75,38.1675415039062,-0.011099013263797
185,38.1675415039062,-0.0140398472245326
186.25,38.1675415039062,-0.0168202010755028
187.5,38.1675415039062,-0.0197616599387225
188.75,38.1675415039062,-0.0230468036410521
190,38.1675415039062,-0.026106354740641
191.25,38.1675415039062,-0.0287161646270925
192.5,38.1675415039062,-0.0309225795339739
193.75,38.1675415039062,-0.0320089510446268
195,38.1675415039062,-0.0316339447378667
196.25,38.1675415039062,-0.0302216885789474
197.5,38.1675415039062,-0.0275230901225443
198.75,38.1675415039062,-0.023050029538674
200,38.1675415039062,-0.0181544683510559
201.25,38.1675415039062,-0.0130254199417602
202.5,38.1675415039062,-0.00778044285198764
203.75,38.1675415039062,-0.00294171370008428
205,38.1675415039062,0.00120506321419407
206.25,38.1675415039062,0.00481836850620082
207.5,38.1675415039062,0.00764843862211386
208.75,38.1675415039062,0.0085307067707594
210,38.1675415039062,0.00725140108857855
211.25,38.1675415039062,0.00544841544382194
212.5,38.1675415039062,0.00511515077992285
213.75,38.1675415039062,0.00674465452189617
215,38.1675415039062,0.009193902237539
216.25,38.1675415039062,0.00931659693245417
217.5,38.1675415039062,0.00538855944075892
218.75,38.1675415039062,0.000205712946616186
220,38.1675415039062,-0.00419931500082216
221.25,38.1675415039062,-0.00849563726863142
222.5,38.1675415039062,-0.0141969708788239
223.75,38.1675415039062,-0.0202340039512396
225,38.1675415039062,-0.0285635306697376
226.25,38.1675415039062,-0.0379897461717572
227.5,38.1675415039062,-0.0410787329014799
228.75,38.1675415039062,-0.0413533997678939
230,38.1675415039062,-0.0419925273904979
231.25,38.1675415039062,-0.0424894193294142
232.5,38.1675415039062,-0.0400455994790911
233.75,38.1675415039062,-0.0296290574431861
235,38.1675415039062,-0.0194607265400823
236.25,38.1675415039062,-0.0138902665460427
237.5,38.1675415039062,-0.0109555450331782
160,39.1099548339844,0.0474704072429607
161.25,39.1099548339844,0.0500286071231109
162.5,39.1099548339844,0.0538237060847947
163.75,39.1099548339844,0.0570511235453174
165,39.1099548339844,0.0597142144372188
166.25,39.1099548339844,0.0602610145184864
167.5,39.1099548339844,0.0568637451079579
168.75,39.1099548339844,0.0489640462602637
170,39.1099548339844,0.0399167986357694
171.25,39.1099548339844,0.031437924191423
172.5,39.1099548339844,0.023300934189518
173.75,39.1099548339844,0.0155311598145368
175,39.1099548339844,0.00921294174627156
176.25,39.1099548339844,0.00481317522642152
177.5,39.1099548339844,0.00337733342187571
178.75,39.1099548339844,0.00323510698623641
180,39.1099548339844,0.00237777183474391
181.25,39.1099548339844,0.000727965383503934
182.5,39.1099548339844,-0.00134976414442008
183.75,39.1099548339844,-0.00421077428729661
185,39.1099548339844,-0.00756961260524108
186.25,39.1099548339844,-0.0110139917400718
187.5,39.1099548339844,-0.0146625471090331
188.75,39.1099548339844,-0.0187026772457834
190,39.1099548339844,-0.022749437069252
191.25,39.1099548339844,-0.0265168346222673
192.5,39.1099548339844,-0.029724290977705
193.75,39.1099548339844,-0.0313141528866166
195,39.1099548339844,-0.0312679737769245
196.25,39.1099548339844,-0.0301734322396503
197.5,39.1099548339844,-0.0279563238863324
198.75,39.1099548339844,-0.0241444975179685
200,39.1099548339844,-0.0196267360421875
201.25,39.1099548339844,-0.015377418110335
202.5,39.1099548339844,-0.0113974600823538
203.75,39.1099548339844,-0.007898912765662
205,39.1099548339844,-0.00478001527451039
206.25,39.1099548339844,-0.00183516343902593
207.5,39.1099548339844,0.000735255530563966
208.75,39.1099548339844,0.0017828924544186
210,39.1099548339844,0.000720621781888327
211.25,39.1099548339844,-0.00092697652476004
212.5,39.1099548339844,-0.00140280726261344
213.75,39.1099548339844,-0.000414577038116379
215,39.1099548339844,0.00113154752115555
216.25,39.1099548339844,0.00135115494879801
217.5,39.1099548339844,-0.000983103988628508
218.75,39.1099548339844,-0.00429491356792476
220,39.1099548339844,-0.00788462050493552
221.25,39.1099548339844,-0.0124593092832802
222.5,39.1099548339844,-0.0181730324883248
223.75,39.1099548339844,-0.0231186399232073
225,39.1099548339844,-0.0287235844159655
226.25,39.1099548339844,-0.0378461146692691
227.5,39.1099548339844,-0.0422738263352196
228.75,39.1099548339844,-0.0405565792156175
230,39.1099548339844,-0.0399596681577375
231.25,39.1099548339844,-0.0408185349547961
232.5,39.1099548339844,-0.0392189747356801
233.75,39.1099548339844,-0.0293806989219875
235,39.1099548339844,-0.0199853666958755
236.25,39.1099548339844,-0.0150895394369707
160,40.0523529052734,0.0469883068170435
161.25,40.0523529052734,0.0472762899718587
162.5,40.0523529052734,0.0478838872348347
163.75,40.0523529052734,0.0506127897237558
165,40.0523529052734,0.0551213854152684
166.25,40.0523529052734,0.0580297769716846
167.5,40.0523529052734,0.0568293006892276
168.75,40.0523529052734,0.0514806090309725
170,40.0523529052734,0.044767369660306
171.25,40.0523529052734,0.0371854717822653
172.5,40.0523529052734,0.0293828185630155
173.75,40.0523529052734,0.0231890627058169
175,40.0523529052734,0.01853838784941
176.25,40.0523529052734,0.01519564736245
177.5,40.0523529052734,0.0135004686009962
178.75,40.0523529052734,0.0125796152368283
180,40.0523529052734,0.0111914896354001
181.25,40.0523529052734,0.00903187748803193
182.5,40.0523529052734,0.00605598748473895
183.75,40.0523529052734,0.00232071709315257
185,40.0523529052734,-0.00153381040506616
186.25,40.0523529052734,-0.00530971154793221
187.5,40.0523529052734,-0.00953599921966719
188.75,40.0523529052734,-0.0141516465403996
190,40.0523529052734,-0.0190994848659196
191.25,40.0523529052734,-0.0240400523512031
192.5,40.0523529052734,-0.0279834830366711
193.75,40.0523529052734,-0.0299424517065739
195,40.0523529052734,-0.0303314800755406
196.25,40.0523529052734,-0.0297121663602466
197.5,40.0523529052734,-0.0279275981926166
198.75,40.0523529052734,-0.0249347208388566
200,40.0523529052734,-0.0211370195657075
201.25,40.0523529052734,-0.0177484260598141
202.5,40.0523529052734,-0.0149614266599382
203.75,40.0523529052734,-0.012689831989703
205,40.0523529052734,-0.0108458035965855
206.25,40.0523529052734,-0.00921450609259649
207.5,40.0523529052734,-0.00759643623359892
208.75,40.0523529052734,-0.00649793762424337
210,40.0523529052734,-0.00630637539256575
211.25,40.0523529052734,-0.00661916330227865
212.5,40.0523529052734,-0.00642503845607445
213.75,40.0523529052734,-0.00581136776761306
215,40.0523529052734,-0.00529253555819034
216.25,40.0523529052734,-0.00589396441448048
217.5,40.0523529052734,-0.00797299504979888
218.75,40.0523529052734,-0.0102417763656033
220,40.0523529052734,-0.0129257195547614
221.25,40.0523529052734,-0.0171874466942538
222.5,40.0523529052734,-0.0223220697262858
223.75,40.0523529052734,-0.0259319279686407
225,40.0523529052734,-0.0293049446407321
226.25,40.0523529052734,-0.0362989055935221
227.5,40.0523529052734,-0.0429546046535934
228.75,40.0523529052734,-0.0407078589716614
230,40.0523529052734,-0.0380139515082297
231.25,40.0523529052734,-0.0385101081073427
232.5,40.0523529052734,-0.0383634883763316
233.75,40.0523529052734,-0.030694159512433
235,40.0523529052734,-0.023106465297951
236.25,40.0523529052734,-0.0179457886063357
160,40.9947662353516,0.0419946886084799
161.25,40.9947662353516,0.0432508916444843
162.5,40.9947662353516,0.0421702970659657
163.75,40.9947662353516,0.0430976245991114
165,40.9947662353516,0.0471467251530878
166.25,40.9947662353516,0.0508683534161456
167.5,40.9947662353516,0.0508986368338768
168.75,40.9947662353516,0.0473423378601394
170,40.9947662353516,0.0425721282384311
171.25,40.9947662353516,0.0369860364472259
172.5,40.9947662353516,0.0309212723162308
173.75,40.9947662353516,0.0263408181168136
175,40.9947662353516,0.024725298844216
176.25,40.9947662353516,0.0234860430081018
177.5,40.9947662353516,0.020888662573302
178.75,40.9947662353516,0.0190820682059473
180,40.9947662353516,0.0171578952711002
181.25,40.9947662353516,0.0143580294740532
182.5,40.9947662353516,0.0107886955721177
183.75,40.9947662353516,0.00688139055082142
185,40.9947662353516,0.00325416131017512
186.25,40.9947662353516,-0.000239557785432352
187.5,40.9947662353516,-0.00419697743049048
188.75,40.9947662353516,-0.00901907108186506
190,40.9947662353516,-0.0147416185812189
191.25,40.9947662353516,-0.0206056145338019
192.5,40.9947662353516,-0.0252283576523439
193.75,40.9947662353516,-0.0278601705653421
195,40.9947662353516,-0.0289783113123825
196.25,40.9947662353516,-0.0290940267496807
197.5,40.9947662353516,-0.0280659029820361
198.75,40.9947662353516,-0.0259617957098403
200,40.9947662353516,-0.0233865745900543
201.25,40.9947662353516,-0.0210472644858715
202.5,40.9947662353516,-0.0193809125270293
203.75,40.9947662353516,-0.0180255830463389
205,40.9947662353516,-0.0168154228837656
206.25,40.9947662353516,-0.0157183723055953
207.5,40.9947662353516,-0.0143741022571208
208.75,40.9947662353516,-0.0129212359945868
210,40.9947662353516,-0.0118378469891985
211.25,40.9947662353516,-0.0111716711740036
212.5,40.9947662353516,-0.010380554585819
213.75,40.9947662353516,-0.0100991373948373
215,40.9947662353516,-0.0104153230644248
216.25,40.9947662353516,-0.0115567559051774
217.5,40.9947662353516,-0.0133644812478908
218.75,40.9947662353516,-0.0149919987318342
220,40.9947662353516,-0.0170585194834244
221.25,40.9947662353516,-0.0204565975509212
222.5,40.9947662353516,-0.0244558739419844
223.75,40.9947662353516,-0.0273225852178554
225,40.9947662353516,-0.0297743073089024
226.25,40.9947662353516,-0.0348359067617347
227.5,40.9947662353516,-0.0413258745329295
228.75,40.9947662353516,-0.0412937328569006
230,40.9947662353516,-0.0374176334998729
231.25,40.9947662353516,-0.0371201040469662
232.5,40.9947662353516,-0.0379231073191722
233.75,40.9947662353516,-0.0326825724228672
235,40.9947662353516,-0.0263211977608017
236.25,40.9947662353516,-0.0257210705126031
160,41.9371795654297,0.0344080894525467
161.25,41.9371795654297,0.0367219151019481
162.5,41.9371795654297,0.036332886251528
163.75,41.9371795654297,0.0362723033046678
165,41.9371795654297,0.0395243735788276
166.25,41.9371795654297,0.0437939547864597
167.5,41.9371795654297,0.0447669504713648
168.75,41.9371795654297,0.0418434505512258
170,41.9371795654297,0.037008548271142
171.25,41.9371795654297,0.030751833188874
172.5,41.9371795654297,0.0245230568355776
173.75,41.9371795654297,0.0224519877305525
175,41.9371795654297,0.02490104005357
176.25,41.9371795654297,0.0263649653564103
177.5,41.9371795654297,0.0244623680513956
178.75,41.9371795654297,0.0223192968154729
180,41.9371795654297,0.0197776097137546
181.25,41.9371795654297,0.0165287650718791
182.5,41.9371795654297,0.0130303276844264
183.75,41.9371795654297,0.00960240275199148
185,41.9371795654297,0.0064859014667905
186.25,41.9371795654297,0.0033149996138898
187.5,41.9371795654297,-0.000307600116521159
188.75,41.9371795654297,-0.00509995195407021
190,41.9371795654297,-0.0105742889512263
191.25,41.9371795654297,-0.0163064801660573
192.5,41.9371795654297,-0.0212445652436832
193.75,41.9371795654297,-0.0247146156564387
195,41.9371795654297,-0.0270155553191611
196.25,41.9371795654297,-0.028237663139194
197.5,41.9371795654297,-0.0282520718580057
198.75,41.9371795654297,-0.0271200499018135
200,41.9371795654297,-0.0254783578013244
201.25,41.9371795654297,-0.0239747736756614
202.5,41.9371795654297,-0.0231948742775738
203.75,41.9371795654297,-0.0227353754499594
205,41.9371795654297,-0.0222020022496215
206.25,41.9371795654297,-0.0212749309299593
207.5,41.9371795654297,-0.0198445288521772
208.75,41.9371795654297,-0.0177622382652185
210,41.9371795654297,-0.0155802440712405
211.25,41.9371795654297,-0.0139209768682571
212.5,41.9371795654297,-0.0129171674610631
213.75,41.9371795654297,-0.013205734666008
215,41.9371795654297,-0.014486039446122
216.25,41.9371795654297,-0.0159300987325422
217.5,41.9371795654297,-0.017408625491399
218.75,41.9371795654297,-0.0186937862704302
220,41.9371795654297,-0.0200277480421237
221.25,41.9371795654297,-0.0221042933639355
222.5,41.9371795654297,-0.0250738602027641
223.75,41.9371795654297,-0.0278335378025216
225,41.9371795654297,-0.0300757372215224
226.25,41.9371795654297,-0.0333475657682548
227.5,41.9371795654297,-0.0385667670762304
228.75,41.9371795654297,-0.0413096186900402
230,41.9371795654297,-0.0387884476033843
231.25,41.9371795654297,-0.037893184011809
232.5,41.9371795654297,-0.0384193885815836
233.75,41.9371795654297,-0.0346818351765455
235,41.9371795654297,-0.0290052617515283
236.25,41.9371795654297,-0.027946652775225
160,42.8795776367188,0.0289560156719987
161.25,42.8795776367188,0.030675012052011
162.5,42.8795776367188,0.0318067665141895
163.75,42.8795776367188,0.0321056692571986
165,42.8795776367188,0.0340382804157399
166.25,42.8795776367188,0.0370362576112354
167.5,42.8795776367188,0.0381452378980593
168.75,42.8795776367188,0.0359628022048978
170,42.8795776367188,0.0308888094327834
171.25,42.8795776367188,0.0228395069900299
172.5,42.8795776367188,0.0154020480453455
173.75,42.8795776367188,0.0154922744819822
175,42.8795776367188,0.020977169692942
176.25,42.8795776367188,0.0248437600017706
177.5,42.8795776367188,0.0244801843601893
178.75,42.8795776367188,0.0222922933078298
180,42.8795776367188,0.0190544297269241
181.25,42.8795776367188,0.0154683405093502
182.5,42.8795776367188,0.0124316029086976
183.75,42.8795776367188,0.0101619844043114
185,42.8795776367188,0.00828075629255394
186.25,42.8795776367188,0.00614826718769349
187.5,42.8795776367188,0.00313709123045184
188.75,42.8795776367188,-0.00100359171926086
190,42.8795776367188,-0.00636413957393597
191.25,42.8795776367188,-0.012134495889603
192.5,42.8795776367188,-0.0175734167783423
193.75,42.8795776367188,-0.0218828275016488
195,42.8795776367188,-0.0249424822234444
196.25,42.8795776367188,-0.0268025368516376
197.5,42.8795776367188,-0.0275436561529192
198.75,42.8795776367188,-0.0272237511530583
200,42.8795776367188,-0.0262757824804734
201.25,42.8795776367188,-0.0254134623575926
202.5,42.8795776367188,-0.0253320300723651
203.75,42.8795776367188,-0.0254397274520577
205,42.8795776367188,-0.0249663011201973
206.25,42.8795776367188,-0.024179122156693
207.5,42.8795776367188,-0.0228868424794214
208.75,42.8795776367188,-0.0208486158685466
210,42.8795776367188,-0.0182609445876201
211.25,42.8795776367188,-0.0160599371162902
212.5,42.8795776367188,-0.0148711549294298
213.75,42.8795776367188,-0.0152162429554804
215,42.8795776367188,-0.0167940818546272
216.25,42.8795776367188,-0.0187701749835021
217.5,42.8795776367188,-0.0206808528399825
218.75,42.8795776367188,-0.0220927517062278
220,42.8795776367188,-0.0228620030657172
221.25,42.8795776367188,-0.024108292940833
222.5,42.8795776367188,-0.0263071188944765
223.75,42.8795776367188,-0.0284207543219998
225,42.8795776367188,-0.0301192245088749
226.25,42.8795776367188,-0.0318859330126348
227.5,42.8795776367188,-0.0355290938743051
228.75,42.8795776367188,-0.0399478295436959
230,42.8795776367188,-0.0401196837823258
231.25,42.8795776367188,-0.0397417528516939
232.5,42.8795776367188,-0.0398684668013817
233.75,42.8795776367188,-0.0368439020959563
235,42.8795776367188,-0.0314285169096893
236.25,42.8795776367188,-0.0298383686241836
160,43.8219909667969,0.0252786818166512
161.25,43.8219909667969,0.0247669250478095
162.5,43.8219909667969,0.025815298778209
163.75,43.8219909667969,0.0273789600355511
165,43.8219909667969,0.0292069077877631
166.25,43.8219909667969,0.0314490473170804
167.5,43.8219909667969,0.0332373974952932
168.75,43.8219909667969,0.0328384355269591
170,43.8219909667969,0.0283412594472447
171.25,43.8219909667969,0.0192625375523168
172.5,43.8219909667969,0.0116130555001986
173.75,43.8219909667969,0.0123695527362217
175,43.8219909667969,0.018273898382574
176.25,43.8219909667969,0.021896124187338
177.5,43.8219909667969,0.0223883302382689
178.75,43.8219909667969,0.0207234780045161
180,43.8219909667969,0.0173793037518287
181.25,43.8219909667969,0.0138800752954153
182.5,43.8219909667969,0.011288262805762
183.75,43.8219909667969,0.00979271704015658
185,43.8219909667969,0.00874453972037564
186.25,43.8219909667969,0.00732096141257588
187.5,43.8219909667969,0.0052127099051206
188.75,43.8219909667969,0.00221524471465277
190,43.8219909667969,-0.00211238111214837
191.25,43.8219909667969,-0.00790132779722002
192.5,43.8219909667969,-0.0137371363695559
193.75,43.8219909667969,-0.0186843608263171
195,43.8219909667969,-0.0219416434754656
196.25,43.8219909667969,-0.0237833787668147
197.5,43.8219909667969,-0.0245730518518092
198.75,43.8219909667969,-0.0244646134570757
200,43.8219909667969,-0.0239567465320524
201.25,43.8219909667969,-0.023791875254735
202.5,43.8219909667969,-0.0243701455351755
203.75,43.8219909667969,-0.0251724685332593
205,43.8219909667969,-0.0251302699110512
206.25,43.8219909667969,-0.0245033117189718
207.5,43.8219909667969,-0.023171033403611
208.75,43.8219909667969,-0.0211031019048971
210,43.8219909667969,-0.0188003999788935
211.25,43.8219909667969,-0.0170745359973454
212.5,43.8219909667969,-0.0162985200984757
213.75,43.8219909667969,-0.0165863630403188
215,43.8219909667969,-0.0179928985925984
216.25,43.8219909667969,-0.0199891258074649
217.5,43.8219909667969,-0.022233312871065
218.75,43.8219909667969,-0.0240002335938357
220,43.8219909667969,-0.0252775808888859
221.25,43.8219909667969,-0.0267440493687597
222.5,43.8219909667969,-0.0282590646097016
223.75,43.8219909667969,-0.0293569279327504
225,43.8219909667969,-0.0302574984102691
226.25,43.8219909667969,-0.0313284214635369
227.5,43.8219909667969,-0.0337471885579037
228.75,43.8219909667969,-0.0376160058045928
230,43.8219909667969,-0.0399199798347571
231.25,43.8219909667969,-0.0409737527892372
232.5,43.8219909667969,-0.0414768956885746
233.75,43.8219909667969,-0.0388342096231582
235,43.8219909667969,-0.033812168067279
236.25,43.8219909667969,-0.0318121058820661
160,44.764404296875,0.0212727681491182
161.25,44.764404296875,0.0197200414084757
162.5,44.764404296875,0.0179011547350002
163.75,44.764404296875,0.0187159619316434
165,44.764404296875,0.0212575972698615
166.25,44.764404296875,0.0249866330048802
167.5,44.764404296875,0.029403112503468
168.75,44.764404296875,0.0321656073241602
170,44.764404296875,0.0295457207342958
171.25,44.764404296875,0.0213907665801926
172.5,44.764404296875,0.0155215648835014
173.75,44.764404296875,0.0167755337274495
175,44.764404296875,0.0198459759787885
176.25,44.764404296875,0.0206498685617552
177.5,44.764404296875,0.0201872540667153
178.75,44.764404296875,0.0185421920049097
180,44.764404296875,0.0157708565080102
181.25,44.764404296875,0.0129975980059292
182.5,44.764404296875,0.0110097155007405
183.75,44.764404296875,0.00980378154922939
185,44.764404296875,0.00896457258183804
186.25,44.764404296875,0.00801601634128933
187.5,44.764404296875,0.00672159948398509
188.75,44.764404296875,0.00462558694361022
190,44.764404296875,0.00112228995146795
191.25,44.764404296875,-0.00435034117803542
192.5,44.764404296875,-0.0105394684546958
193.75,44.764404296875,-0.0150253211505341
195,44.764404296875,-0.0171291980160142
196.25,44.764404296875,-0.0175897496050915
197.5,44.764404296875,-0.0176069904525741
198.75,44.764404296875,-0.0177099826387425
200,44.764404296875,-0.0183509646928982
201.25,44.764404296875,-0.0195752837787569
202.5,44.764404296875,-0.0207873315146373
203.75,44.764404296875,-0.021663580960003
205,44.764404296875,-0.0222370656447883
206.25,44.764404296875,-0.022150649390931
207.5,44.764404296875,-0.0211829934016952
208.75,44.764404296875,-0.0194686165645993
210,44.764404296875,-0.017892157426024
211.25,44.764404296875,-0.0171666311593745
212.5,44.764404296875,-0.0171473388405395
213.75,44.764404296875,-0.0176040716797546
215,44.764404296875,-0.0186861339204051
216.25,44.764404296875,-0.0201048182540996
217.5,44.764404296875,-0.021895848705736
218.75,44.764404296875,-0.0238565178348001
220,44.764404296875,-0.0257519187302733
221.25,44.764404296875,-0.0279006690869982
222.5,44.764404296875,-0.0292433898880341
223.75,44.764404296875,-0.0295563887256033
225,44.764404296875,-0.0298077200930826
226.25,44.764404296875,-0.0307690575881108
227.5,44.764404296875,-0.0329057896198397
228.75,44.764404296875,-0.0356874513977227
230,44.764404296875,-0.038031246375634
231.25,44.764404296875,-0.04038528322901
232.5,44.764404296875,-0.0419849416526864
233.75,44.764404296875,-0.0398306134596638
235,44.764404296875,-0.0348581561729226
236.25,44.764404296875,-0.0323018055722987
160,45.7068023681641,0.0143816837200367
161.25,45.7068023681641,0.0142040804711385
162.5,45.7068023681641,0.0117961465585942
163.75,45.7068023681641,0.0106734783580493
165,45.7068023681641,0.0135650021116467
166.25,45.7068023681641,0.019690469616649
167.5,45.7068023681641,0.02732426423207
168.75,45.7068023681641,0.0329486861027809
170,45.7068023681641,0.0327954517711136
171.25,45.7068023681641,0.0279818619207436
172.5,45.7068023681641,0.0249548471772336
173.75,45.7068023681641,0.0248239911373326
175,45.7068023681641,0.0237633908516738
176.25,45.7068023681641,0.0213039175315344
177.5,45.7068023681641,0.0186416871220979
178.75,45.7068023681641,0.0162966512097757
180,45.7068023681641,0.0142622142325549
181.25,45.7068023681641,0.0127321848382859
182.5,45.7068023681641,0.0115515810411664
183.75,45.7068023681641,0.01044403238641
185,45.7068023681641,0.00939138952124307
186.25,45.7068023681641,0.00843581154395136
187.5,45.7068023681641,0.00753313198470615
188.75,45.7068023681641,0.00613701728988865
190,45.7068023681641,0.00353802541654473
191.25,45.7068023681641,-0.000848096706464729
192.5,45.7068023681641,-0.00635540951382779
193.75,45.7068023681641,-0.0102878890418033
195,45.7068023681641,-0.0113512857735257
196.25,45.7068023681641,-0.010722315668398
197.5,45.7068023681641,-0.00957111293171972
198.75,45.7068023681641,-0.00910324603955427
200,45.7068023681641,-0.0103790652604047
201.25,45.7068023681641,-0.0130591116371147
202.5,45.7068023681641,-0.0156283374577823
203.75,45.7068023681641,-0.0173918210702492
205,45.7068023681641,-0.0189398797201542
206.25,45.7068023681641,-0.0199070363089404
207.5,45.7068023681641,-0.0193293063899747
208.75,45.7068023681641,-0.0178839496977171
210,45.7068023681641,-0.0170755366771954
211.25,45.7068023681641,-0.0173518677232346
212.5,45.7068023681641,-0.0179064322950001
213.75,45.7068023681641,-0.0184098237225878
215,45.7068023681641,-0.0190692676826289
216.25,45.7068023681641,-0.019769283677309
217.5,45.7068023681641,-0.020729627607312
218.75,45.7068023681641,-0.0223006929103587
220,45.7068023681641,-0.0245903189076767
221.25,45.7068023681641,-0.0270484387513699
222.5,45.7068023681641,-0.0282348950639076
223.75,45.7068023681641,-0.0281405028305213
225,45.7068023681641,-0.0282455395414906
226.25,45.7068023681641,-0.0296740778985033
227.5,45.7068023681641,-0.0319558063308514
228.75,45.7068023681641,-0.0341471442810618
230,45.7068023681641,-0.0362468056843341
231.25,45.7068023681641,-0.0389711250368624
232.5,45.7068023681641,-0.0412622098740021
233.75,45.7068023681641,-0.038801497720927
235,45.7068023681641,-0.0340386884266411
236.25,45.7068023681641,-0.032171644767748
160,46.6492156982422,0.00847448323197079
161.25,46.6492156982422,0.00967958554060042
162.5,46.6492156982422,0.00886614167886841
163.75,46.6492156982422,0.00750329432470815
165,46.6492156982422,0.0104545104971613
166.25,46.6492156982422,0.0175985514468532
167.5,46.6492156982422,0.0264978458260729
168.75,46.6492156982422,0.0334456395203643
170,46.6492156982422,0.0357322079336129
171.25,46.6492156982422,0.0348885465550752
172.5,46.6492156982422,0.0332976861918167
173.75,46.6492156982422,0.0307345999314079
175,46.6492156982422,0.0268080215360714
176.25,46.6492156982422,0.0220393830548017
177.5,46.6492156982422,0.0179758691770472
178.75,46.6492156982422,0.0152090715509873
180,46.6492156982422,0.0134003412603236
181.25,46.6492156982422,0.0126024668175353
182.5,46.6492156982422,0.0119776304625364
183.75,46.6492156982422,0.0112002513938675
185,46.6492156982422,0.0105368450531451
186.25,46.6492156982422,0.0100473866006515
187.5,46.6492156982422,0.00951275920254971
188.75,46.6492156982422,0.00840088737812442
190,46.6492156982422,0.00616449219665574
191.25,46.6492156982422,0.00257519636847708
192.5,46.6492156982422,-0.00133540514026122
193.75,46.6492156982422,-0.00364386185714082
195,46.6492156982422,-0.00388845137989788
196.25,46.6492156982422,-0.00302522656709841
197.5,46.6492156982422,-0.00168828346010495
198.75,46.6492156982422,-0.00172760390112335
200,46.6492156982422,-0.00402052335027987
201.25,46.6492156982422,-0.00767942210617602
202.5,46.6492156982422,-0.0111025717912194
203.75,46.6492156982422,-0.0139236753983809
205,46.6492156982422,-0.0165425092183821
206.25,46.6492156982422,-0.0183822518960811
207.5,46.6492156982422,-0.018498378490879
208.75,46.6492156982422,-0.0174827285364216
210,46.6492156982422,-0.0172174889637912
211.25,46.6492156982422,-0.01777305792404
212.5,46.6492156982422,-0.0182762727710618
213.75,46.6492156982422,-0.0186417472825706
215,46.6492156982422,-0.0189859112886928
216.25,46.6492156982422,-0.0190656712629166
217.5,46.6492156982422,-0.0191184842935217
218.75,46.6492156982422,-0.0199121677029931
220,46.6492156982422,-0.0217810546001879
221.25,46.6492156982422,-0.0243720161027632
222.5,46.6492156982422,-0.0258558704141589
223.75,46.6492156982422,-0.0257444789083953
225,46.6492156982422,-0.0261674763908385
226.25,46.6492156982422,-0.0280058364558149
227.5,46.6492156982422,-0.0305827488839808
228.75,46.6492156982422,-0.0330573505161054
230,46.6492156982422,-0.035327827063459
231.25,46.6492156982422,-0.0379099074979881
232.5,46.6492156982422,-0.0393573144603215
233.75,46.6492156982422,-0.0369140637731592
235,46.6492156982422,-0.0333688639832825
236.25,46.6492156982422,-0.0322614172426478
160,47.5916290283203,0.0039660786386623
161.25,47.5916290283203,0.00562244185486552
162.5,47.5916290283203,0.00599334325115296
163.75,47.5916290283203,0.00628027101207996
165,47.5916290283203,0.010263075976042
166.25,47.5916290283203,0.0174773980478851
167.5,47.5916290283203,0.0258215588124263
168.75,47.5916290283203,0.0329655782216189
170,47.5916290283203,0.0371492979824235
171.25,47.5916290283203,0.03815531706341
172.5,47.5916290283203,0.0359757158522616
173.75,47.5916290283203,0.0314071432633657
175,47.5916290283203,0.0252832064722371
176.25,47.5916290283203,0.0192597056510169
177.5,47.5916290283203,0.0154633132023001
178.75,47.5916290283203,0.0135986516133396
180,47.5916290283203,0.0127756303193219
181.25,47.5916290283203,0.0126279277459843
182.5,47.5916290283203,0.0122121241243817
183.75,47.5916290283203,0.011945744962102
185,47.5916290283203,0.0127902120299384
186.25,47.5916290283203,0.014057766570013
187.5,47.5916290283203,0.0146482612651842
188.75,47.5916290283203,0.0138985477293142
190,47.5916290283203,0.0111797025424702
191.25,47.5916290283203,0.00725977919492937
192.5,47.5916290283203,0.00381474774961081
193.75,47.5916290283203,0.0019495688071015
195,47.5916290283203,0.00132366007247028
196.25,47.5916290283203,0.00221237953511976
197.5,47.5916290283203,0.00389168870085135
198.75,47.5916290283203,0.00338906045947692
200,47.5916290283203,-0.000101716618619611
201.25,47.5916290283203,-0.0048421334295457
202.5,47.5916290283203,-0.00917204951317161
203.75,47.5916290283203,-0.0126289774433914
205,47.5916290283203,-0.0153450840345877
206.25,47.5916290283203,-0.0170483325082309
207.5,47.5916290283203,-0.0174556061893904
208.75,47.5916290283203,-0.0172468089707468
210,47.5916290283203,-0.0174387240157145
211.25,47.5916290283203,-0.0181227483816646
212.5,47.5916290283203,-0.0185840451285272
213.75,47.5916290283203,-0.0187434677783399
215,47.5916290283203,-0.0185256538634791
216.25,47.5916290283203,-0.0177547004339237
217.5,47.5916290283203,-0.0170515183728996
218.75,47.5916290283203,-0.0173733759274379
220,47.5916290283203,-0.0189706858640889
221.25,47.5916290283203,-0.0210209788450868
222.5,47.5916290283203,-0.0223355082850911
223.75,47.5916290283203,-0.0227341889658111
225,47.5916290283203,-0.0238911145537271
226.25,47.5916290283203,-0.0264872395011498
227.5,47.5916290283203,-0.02991951918819
228.75,47.5916290283203,-0.0331874099930602
230,47.5916290283203,-0.0356148419345545
231.25,47.5916290283203,-0.0373334676308893
232.5,47.5916290283203,-0.0374772215355449
233.75,47.5916290283203,-0.0357164409854049
235,47.5916290283203,-0.0333392709111756
236.25,47.5916290283203,-0.0333222186584413
160,48.5340270996094,-0.00548931118290068
161.25,48.5340270996094,-0.00290415294003287
162.5,48.5340270996094,-0.00168432670539272
163.75,48.5340270996094,0.000155725461744359
165,48.5340270996094,0.00485142624451491
166.25,48.5340270996094,0.0123907166123949
167.5,48.5340270996094,0.0204343600397693
168.75,48.5340270996094,0.0271987416065858
170,48.5340270996094,0.0305991991638721
171.25,48.5340270996094,0.0303491537268556
172.5,48.5340270996094,0.027818948548253
173.75,48.5340270996094,0.0237841505104759
175,48.5340270996094,0.0190234244523173
176.25,48.5340270996094,0.0150487677716016
177.5,48.5340270996094,0.0131525192045229
178.75,48.5340270996094,0.0131734529952499
180,48.5340270996094,0.0140640268495926
181.25,48.5340270996094,0.0150022112017771
182.5,48.5340270996094,0.015082269499891
183.75,48.5340270996094,0.0147817724172762
185,48.5340270996094,0.0156144142931104
186.25,48.5340270996094,0.0169001469240761
187.5,48.5340270996094,0.0172441924347931
188.75,48.5340270996094,0.0157431049646888
190,48.5340270996094,0.0118376362465055
191.25,48.5340270996094,0.0069196584782798
192.5,48.5340270996094,0.00324545551052716
193.75,48.5340270996094,0.00163559190801206
195,48.5340270996094,0.00146452101603379
196.25,48.5340270996094,0.00252371459932077
197.5,48.5340270996094,0.00371982468054778
198.75,48.5340270996094,0.00199396112031682
200,48.5340270996094,-0.00214455916518606
201.25,48.5340270996094,-0.00674858143263379
202.5,48.5340270996094,-0.0103428193661482
203.75,48.5340270996094,-0.0127026345867146
205,48.5340270996094,-0.0143090023138362
206.25,48.5340270996094,-0.0153423323998349
207.5,48.5340270996094,-0.015754434715698
208.75,48.5340270996094,-0.0161292839054065
210,48.5340270996094,-0.0169383284236405
211.25,48.5340270996094,-0.0179575231600835
212.5,48.5340270996094,-0.0187553668234563
213.75,48.5340270996094,-0.0188516065268597
215,48.5340270996094,-0.0180256230622565
216.25,48.5340270996094,-0.0164412652056357
217.5,48.5340270996094,-0.0150942959620046
218.75,48.5340270996094,-0.0150773766667033
220,48.5340270996094,-0.0162267245627616
221.25,48.5340270996094,-0.0176896335252567
222.5,48.5340270996094,-0.0188204231677784
223.75,48.5340270996094,-0.0198204891539556
225,48.5340270996094,-0.0218988086438239
226.25,48.5340270996094,-0.0256350072365257
227.5,48.5340270996094,-0.030241433379286
228.75,48.5340270996094,-0.0340423858538512
230,48.5340270996094,-0.0363003997124957
231.25,48.5340270996094,-0.0367670157120559
232.5,48.5340270996094,-0.0361693615557307
233.75,48.5340270996094,-0.035006575377594
235,48.5340270996094,-0.0339630398590147
236.25,48.5340270996094,-0.0337212463059981
160,49.4764404296875,-0.0198988895018064
161.25,49.4764404296875,-0.0157856277360117
162.5,49.4764404296875,-0.0129495053543669
163.75,49.4764404296875,-0.00996929984974874
165,49.4764404296875,-0.00512023548343995
166.25,49.4764404296875,0.00219293985294352
167.5,49.4764404296875,0.0102754872738143
168.75,49.4764404296875,0.0158013409143147
170,49.4764404296875,0.0178968735285633
171.25,49.4764404296875,0.0178610059821067
172.5,49.4764404296875,0.0173910140262943
173.75,49.4764404296875,0.0159334969892241
175,49.4764404296875,0.0137822192694916
176.25,49.4764404296875,0.0125956986863705
177.5,49.4764404296875,0.013343800675762
178.75,49.4764404296875,0.0151947753492297
180,49.4764404296875,0.0165697519597786
181.25,49.4764404296875,0.0168542697367055
182.5,49.4764404296875,0.0155839126659128
183.75,49.4764404296875,0.012992055951016
185,49.4764404296875,0.0108752273665415
186.25,49.4764404296875,0.00892564704945394
187.5,49.4764404296875,0.00610376948127446
188.75,49.4764404296875,0.00244654393394997
190,49.4764404296875,-0.00187876423636146
191.25,49.4764404296875,-0.00563204729797557
192.5,49.4764404296875,-0.00730130900560045
193.75,49.4764404296875,-0.00738061786985659
195,49.4764404296875,-0.00651697812952691
196.25,49.4764404296875,-0.00539962347387338
197.5,49.4764404296875,-0.00513437858931277
198.75,49.4764404296875,-0.00612878251239393
200,49.4764404296875,-0.00821735082968308
201.25,49.4764404296875,-0.0102286826892976
202.5,49.4764404296875,-0.011490721473704
203.75,49.4764404296875,-0.0120595789522955
205,49.4764404296875,-0.0124132785936918
206.25,49.4764404296875,-0.0128884954685039
207.5,49.4764404296875,-0.0136502465715763
208.75,49.4764404296875,-0.0147480008029461
210,49.4764404296875,-0.0161734156499842
211.25,49.4764404296875,-0.0175905149152605
212.5,49.4764404296875,-0.0186223714273718
213.75,49.4764404296875,-0.0186985181120115
215,49.4764404296875,-0.0174500676149357
216.25,49.4764404296875,-0.0154296473690752
217.5,49.4764404296875,-0.0137548025643108
218.75,49.4764404296875,-0.0133208313934108
220,49.4764404296875,-0.0138047049043112
221.25,49.4764404296875,-0.0148383812849577
222.5,49.4764404296875,-0.0162017360201994
223.75,49.4764404296875,-0.0181870074988334
225,49.4764404296875,-0.0211724529146272
226.25,49.4764404296875,-0.0253933344145974
227.5,49.4764404296875,-0.0305408757641369
228.75,49.4764404296875,-0.0345384953669757
230,49.4764404296875,-0.0360656691573341
231.25,49.4764404296875,-0.0357128161045353
232.5,49.4764404296875,-0.0351563355369062
233.75,49.4764404296875,-0.0344094485575378
235,49.4764404296875,-0.0338154730597395
160,50.4188537597656,-0.0250837734799452
161.25,50.4188537597656,-0.0250067372330077
162.5,50.4188537597656,-0.0227173488532906
163.75,50.4188537597656,-0.0199263566904591
165,50.4188537597656,-0.0158234473442326
166.25,50.4188537597656,-0.0102966506546056
167.5,50.4188537597656,-0.0041308067913355
168.75,50.4188537597656,0.00164710376208138
170,50.4188537597656,0.00627402579822461
171.25,50.4188537597656,0.0101556110611245
172.5,50.4188537597656,0.0122716206453631
173.75,50.4188537597656,0.0115690390812486
175,50.4188537597656,0.00962644552861466
176.25,50.4188537597656,0.00920663785261933
177.5,50.4188537597656,0.0113992922786968
178.75,50.4188537597656,0.0145390531411791
180,50.4188537597656,0.0158308003094841
181.25,50.4188537597656,0.0142638096784745
182.5,50.4188537597656,0.0101367069053736
183.75,50.4188537597656,0.00492455012698703
185,50.4188537597656,2.79991786285887e-05
186.25,50.4188537597656,-0.00439460310390401
187.5,50.4188537597656,-0.00846230176437279
188.75,50.4188537597656,-0.0125862955695612
190,50.4188537597656,-0.0155058536927261
191.25,50.4188537597656,-0.0165319999427448
192.5,50.4188537597656,-0.0162115693165587
193.75,50.4188537597656,-0.0152729955048979
195,50.4188537597656,-0.0138510593031274
196.25,50.4188537597656,-0.0125125948190928
197.5,50.4188537597656,-0.0120649456864791
198.75,50.4188537597656,-0.0120298306062626
200,50.4188537597656,-0.0117057413880181
201.25,50.4188537597656,-0.0109792093918406
202.5,50.4188537597656,-0.0102901261591136
203.75,50.4188537597656,-0.01014717406883
205,50.4188537597656,-0.0105718347405749
206.25,50.4188537597656,-0.0113149170981478
207.5,50.4188537597656,-0.0124078967284142
208.75,50.4188537597656,-0.0139405468660678
210,50.4188537597656,-0.0157699019860332
211.25,50.4188537597656,-0.0173491972225979
212.5,50.4188537597656,-0.0181752833644357
213.75,50.4188537597656,-0.0178690205587097
215,50.4188537597656,-0.0164021218122489
216.25,50.4188537597656,-0.0142589768557134
217.5,50.4188537597656,-0.0125756326575959
218.75,50.4188537597656,-0.012226010161203
220,50.4188537597656,-0.0126752931190861
221.25,50.4188537597656,-0.0134563325082782
222.5,50.4188537597656,-0.0149613137117679
223.75,50.4188537597656,-0.017621753563892
225,50.4188537597656,-0.0213838323669017
226.25,50.4188537597656,-0.0258463485915754
227.5,50.4188537597656,-0.030505156027004
228.75,50.4188537597656,-0.0338047630897809
230,50.4188537597656,-0.0347947049841188
231.25,50.4188537597656,-0.0341466381587448
232.5,50.4188537597656,-0.0349308283027579
233.75,50.4188537597656,-0.0344481734821393
160,51.3612518310547,-0.0162461862106918
161.25,51.3612518310547,-0.0236136978588725
162.5,51.3612518310547,-0.0288907675651925
163.75,51.3612518310547,-0.0278023450339441
165,51.3612518310547,-0.0239236776907074
166.25,51.3612518310547,-0.0182281985285049
167.5,51.3612518310547,-0.0115039992335165
168.75,51.3612518310547,-0.00435096785204222
170,51.3612518310547,0.00277915271507063
171.25,51.3612518310547,0.00855367549426067
172.5,51.3612518310547,0.0115496792859061
173.75,51.3612518310547,0.0103846672188379
175,51.3612518310547,0.00616761342078512
176.25,51.3612518310547,0.00319970573136918
177.5,51.3612518310547,0.00425897847371638
178.75,51.3612518310547,0.00860496803324364
180,51.3612518310547,0.0116150199754937
181.25,51.3612518310547,0.0105493232380656
182.5,51.3612518310547,0.00580867342805931
183.75,51.3612518310547,-0.00040766247584948
185,51.3612518310547,-0.00573123963823572
186.25,51.3612518310547,-0.0102589717314507
187.5,51.3612518310547,-0.013274776128789
188.75,51.3612518310547,-0.0141008145509867
190,51.3612518310547,-0.0130440689714854
191.25,51.3612518310547,-0.0113167866191033
192.5,51.3612518310547,-0.00998411070103999
193.75,51.3612518310547,-0.00939938699486339
195,51.3612518310547,-0.0094151543162191
196.25,51.3612518310547,-0.00976479647390981
197.5,51.3612518310547,-0.0104119367074212
198.75,51.3612518310547,-0.010613818367935
200,51.3612518310547,-0.0102414067528519
201.25,51.3612518310547,-0.00974516378062267
202.5,51.3612518310547,-0.00947411091380727
203.75,51.3612518310547,-0.00964322669945242
205,51.3612518310547,-0.0103909324275944
206.25,51.3612518310547,-0.0115207241760956
207.5,51.3612518310547,-0.0128592367991923
208.75,51.3612518310547,-0.0146496098485893
210,51.3612518310547,-0.0164154528164892
211.25,51.3612518310547,-0.0174410981723806
212.5,51.3612518310547,-0.017489069310532
213.75,51.3612518310547,-0.0167062463763604
215,51.3612518310547,-0.0152043527465092
216.25,51.3612518310547,-0.0133135122384054
217.5,51.3612518310547,-0.0120072880634172
218.75,51.3612518310547,-0.0119038217720311
220,51.3612518310547,-0.0125146365445923
221.25,51.3612518310547,-0.0134077246955742
222.5,51.3612518310547,-0.0152111120431692
223.75,51.3612518310547,-0.0184920695886606
225,51.3612518310547,-0.0225246579349274
226.25,51.3612518310547,-0.0267788199120246
227.5,51.3612518310547,-0.0305192772115491
228.75,51.3612518310547,-0.0325559832864569
230,51.3612518310547,-0.0329172637826997
231.25,51.3612518310547,-0.0320345733553256
232.5,51.3612518310547,-0.0312274548607742
160,52.3036651611328,-0.00612130809388345
161.25,52.3036651611328,-0.00777914538601833
162.5,52.3036651611328,-0.0177558449094486
163.75,52.3036651611328,-0.0275308476326426
165,52.3036651611328,-0.0285795667432056
166.25,52.3036651611328,-0.0233122336962079
167.5,52.3036651611328,-0.0148026185069094
168.75,52.3036651611328,-0.00575238321571737
170,52.3036651611328,0.00255602869953851
171.25,52.3036651611328,0.00883291068401493
172.5,52.3036651611328,0.011994613070176
173.75,52.3036651611328,0.0107308900667022
175,52.3036651611328,0.00552761623632441
176.25,52.3036651611328,-0.00036194158523316
177.5,52.3036651611328,-0.00446139277429306
178.75,52.3036651611328,-0.00365966674118554
180,52.3036651611328,0.000260432171600437
181.25,52.3036651611328,0.00184155370205398
182.5,52.3036651611328,-0.00017951864252905
183.75,52.3036651611328,-0.00382316533464327
185,52.3036651611328,-0.00685092986245226
186.25,52.3036651611328,-0.00915437227216332
187.5,52.3036651611328,-0.00957246225639034
188.75,52.3036651611328,-0.00810728096358957
190,52.3036651611328,-0.00503294130274993
191.25,52.3036651611328,-0.00277381375537148
192.5,52.3036651611328,-0.00411096346630861
193.75,52.3036651611328,-0.00626511357179699
195,52.3036651611328,-0.00823467413803682
196.25,52.3036651611328,-0.00993291928226827
197.5,52.3036651611328,-0.0118661650463621
198.75,52.3036651611328,-0.0132942184708174
200,52.3036651611328,-0.0134690110246841
201.25,52.3036651611328,-0.0130839079246456
202.5,52.3036651611328,-0.012857770871143
203.75,52.3036651611328,-0.0132197774553363
205,52.3036651611328,-0.0141210973872996
206.25,52.3036651611328,-0.0150437328054393
207.5,52.3036651611328,-0.0157787390137676
208.75,52.3036651611328,-0.0167816364398862
210,52.3036651611328,-0.0178659528950717
211.25,52.3036651611328,-0.0182885475012904
212.5,52.3036651611328,-0.0177839046329723
213.75,52.3036651611328,-0.0166746369174191
215,52.3036651611328,-0.0152034847302531
216.25,52.3036651611328,-0.0136938926510662
217.5,52.3036651611328,-0.0128657562117498
218.75,52.3036651611328,-0.0129245576712455
220,52.3036651611328,-0.0134763406764642
221.25,52.3036651611328,-0.0145893619505937
222.5,52.3036651611328,-0.0168789768434155
223.75,52.3036651611328,-0.0202750119900653
225,52.3036651611328,-0.0241817164270803
226.25,52.3036651611328,-0.0279517278738097
227.5,52.3036651611328,-0.0303982545658848
228.75,52.3036651611328,-0.0301725535068251
230,52.3036651611328,-0.0289529758914455
231.25,52.3036651611328,-0.0297330176508376
232.5,52.3036651611328,-0.0304255431731899
160,53.2460784912109,0.000275147737671468
161.25,53.2460784912109,0.00431524545003621
162.5,53.2460784912109,0.00269901482632936
163.75,53.2460784912109,-0.00505497886689806
165,53.2460784912109,-0.0115329320575987
166.25,53.2460784912109,-0.0116982196938834
167.5,53.2460784912109,-0.00802218635880826
168.75,53.2460784912109,-0.00198726093955752
170,53.2460784912109,0.00416443170778336
171.25,53.2460784912109,0.00853448574153514
172.5,53.2460784912109,0.0106350321384479
173.75,53.2460784912109,0.00894917597776966
175,53.2460784912109,0.0039620205205282
176.25,53.2460784912109,-0.00318364834345834
177.5,53.2460784912109,-0.0109015929085533
178.75,53.2460784912109,-0.0149174184935041
180,53.2460784912109,-0.0127878379664848
181.25,53.2460784912109,-0.00818946724599934
182.5,53.2460784912109,-0.00609147938703841
183.75,53.2460784912109,-0.00664665213654153
185,53.2460784912109,-0.00732132737220387
186.25,53.2460784912109,-0.00702392304205048
187.5,53.2460784912109,-0.00549456590636047
188.75,53.2460784912109,-0.00268474997480074
190,53.2460784912109,0.00107411156777972
191.25,53.2460784912109,0.00204055171583927
192.5,53.2460784912109,-0.00134775276918706
193.75,53.2460784912109,-0.00698192511862147
195,53.2460784912109,-0.0113065240042419
196.25,53.2460784912109,-0.0145198218076451
197.5,53.2460784912109,-0.0169731259555067
198.75,53.2460784912109,-0.0186205074239488
200,53.2460784912109,-0.0190634172639781
201.25,53.2460784912109,-0.0188909579268101
202.5,53.2460784912109,-0.0187556295551104
203.75,53.2460784912109,-0.0188027265912752
205,53.2460784912109,-0.0191557664408918
206.25,53.2460784912109,-0.0195336067218852
207.5,53.2460784912109,-0.0198974710552871
208.75,53.2460784912109,-0.020295839994318
210,53.2460784912109,-0.0206634689754039
211.25,53.2460784912109,-0.0203127992519282
212.5,53.2460784912109,-0.0194303730636834
213.75,53.2460784912109,-0.0181993909691363
215,53.2460784912109,-0.0167851354905873
216.25,53.2460784912109,-0.01549927845361
217.5,53.2460784912109,-0.014685537833624
218.75,53.2460784912109,-0.0145774636179435
220,53.2460784912109,-0.0152256784768562
221.25,53.2460784912109,-0.0168844146118458
222.5,53.2460784912109,-0.0191175149275072
223.75,53.2460784912109,-0.0216204875804152
225,53.2460784912109,-0.0247746729742865
226.25,53.2460784912109,-0.027729510140876
227.5,53.2460784912109,-0.0301194491173933
228.75,53.2460784912109,-0.0310030193339768
230,53.2460784912109,-0.0283751321938521
231.25,53.2460784912109,-0.0278658606992324
160,54.1884765625,0.00655898665195124
161.25,54.1884765625,0.00781474938522115
162.5,54.1884765625,0.00959817819920274
163.75,54.1884765625,0.00986221847824449
165,54.1884765625,0.00912847593443132
166.25,54.1884765625,0.00727719788851206
167.5,54.1884765625,0.0066685223665902
168.75,54.1884765625,0.00782961876320933
170,54.1884765625,0.00942915031463994
171.25,54.1884765625,0.0104041692233908
172.5,54.1884765625,0.0103041877943486
173.75,54.1884765625,0.0080693072213482
175,54.1884765625,0.00258155301070763
176.25,54.1884765625,-0.00588404249004894
177.5,54.1884765625,-0.0145382424291716
178.75,54.1884765625,-0.0197151664851502
180,54.1884765625,-0.0189135245128166
181.25,54.1884765625,-0.0140489433612451
182.5,54.1884765625,-0.00956621056890465
183.75,54.1884765625,-0.00735092672994304
185,54.1884765625,-0.00616755177724531
186.25,54.1884765625,-0.00425241365953066
187.5,54.1884765625,-0.00104816862972318
188.75,54.1884765625,0.00243469076393553
190,54.1884765625,0.0048235518054588
191.25,54.1884765625,0.00448095626271069
192.5,54.1884765625,0.00128376740000267
193.75,54.1884765625,-0.00398083623098883
195,54.1884765625,-0.0114018870964492
196.25,54.1884765625,-0.0174045277921387
197.5,54.1884765625,-0.0206844852500114
198.75,54.1884765625,-0.0220979045243716
200,54.1884765625,-0.0232961877449064
201.25,54.1884765625,-0.0233647109894595
202.5,54.1884765625,-0.0229833447606401
203.75,54.1884765625,-0.0228736609298906
205,54.1884765625,-0.0235104442643862
206.25,54.1884765625,-0.0242664016591785
207.5,54.1884765625,-0.0245226456830957
208.75,54.1884765625,-0.0243334775964836
210,54.1884765625,-0.0239040990588348
211.25,54.1884765625,-0.0230940437009901
212.5,54.1884765625,-0.0218942184469445
213.75,54.1884765625,-0.0202666422035477
215,54.1884765625,-0.0185668146995841
216.25,54.1884765625,-0.0172727681755313
217.5,54.1884765625,-0.0165523832898956
218.75,54.1884765625,-0.0163713456296072
220,54.1884765625,-0.0170062642342073
221.25,54.1884765625,-0.0186608996521353
222.5,54.1884765625,-0.0205592853637401
223.75,54.1884765625,-0.0224200160558485
225,54.1884765625,-0.0240967717164319
226.25,54.1884765625,-0.0248583190350892
227.5,54.1884765625,-0.0247937689581383
228.75,54.1884765625,-0.028075645461637
230,54.1884765625,-0.0269294153979779
161.25,55.1308898925781,0.0106989414407043
162.5,55.1308898925781,0.0106853796146681
163.75,55.1308898925781,0.0112273083294677
165,55.1308898925781,0.0148496440815187
166.25,55.1308898925781,0.0197024538400076
167.5,55.1308898925781,0.0205543112874394
168.75,55.1308898925781,0.0195347621402646
170,55.1308898925781,0.0186399497761554
171.25,55.1308898925781,0.017083275451074
172.5,55.1308898925781,0.0143169338968233
173.75,55.1308898925781,0.009427277879256
175,55.1308898925781,0.00147532491283588
176.25,55.1308898925781,-0.00778268615249832
177.5,55.1308898925781,-0.0150164246349624
178.75,55.1308898925781,-0.0183555026560639
180,55.1308898925781,-0.017186535083951
181.25,55.1308898925781,-0.0133114347061919
182.5,55.1308898925781,-0.00926845068627912
183.75,55.1308898925781,-0.0063425794988726
185,55.1308898925781,-0.00370724461801265
186.25,55.1308898925781,-0.000478308842047048
187.5,55.1308898925781,0.00273082490234659
188.75,55.1308898925781,0.00510808669468233
190,55.1308898925781,0.00597239200191084
191.25,55.1308898925781,0.00480099170306213
192.5,55.1308898925781,0.00175406740815322
193.75,55.1308898925781,-0.00387057272303698
195,55.1308898925781,-0.0120230382883177
196.25,55.1308898925781,-0.0175831106055584
197.5,55.1308898925781,-0.0217071523818114
198.75,55.1308898925781,-0.025617112101423
200,55.1308898925781,-0.0266787416285618
201.25,55.1308898925781,-0.0266654454592328
202.5,55.1308898925781,-0.0259601902822678
203.75,55.1308898925781,-0.025191551482718
205,55.1308898925781,-0.0254434517192913
206.25,55.1308898925781,-0.0259491374311458
207.5,55.1308898925781,-0.0261890028657173
208.75,55.1308898925781,-0.0260482826010374
210,55.1308898925781,-0.0254523139756117
211.25,55.1308898925781,-0.0243536404013625
212.5,55.1308898925781,-0.022906511344061
213.75,55.1308898925781,-0.0213270518245465
215,55.1308898925781,-0.0197889071555335
216.25,55.1308898925781,-0.0184766095313342
217.5,55.1308898925781,-0.0175451803751991
218.75,55.1308898925781,-0.0172878996801025
220,55.1308898925781,-0.018152231271998
221.25,55.1308898925781,-0.0195762780418619
222.5,55.1308898925781,-0.0209592493852096
223.75,55.1308898925781,-0.022042983336597
225,55.1308898925781,-0.0226738772277863
226.25,55.1308898925781,-0.0241637871957195
227.5,55.1308898925781,-0.025546446370498
228.75,55.1308898925781,-0.0263056517781245
230,55.1308898925781,-0.0269294192112577
161.25,56.0733032226562,0.0107510114234591
162.5,56.0733032226562,0.0094565016506079
163.75,56.0733032226562,0.00859433286816126
165,56.0733032226562,0.0105711372569596
166.25,56.0733032226562,0.0166169537460624
167.5,56.0733032226562,0.0225998158820755
168.75,56.0733032226562,0.024550132002733
170,56.0733032226562,0.0231417339579776
171.25,56.0733032226562,0.0196737034638898
172.5,56.0733032226562,0.0142645019008881
173.75,56.0733032226562,0.00668740430783581
175,56.0733032226562,-0.00223689215094548
176.25,56.0733032226562,-0.0103627200476045
177.5,56.0733032226562,-0.0148947350345837
178.75,56.0733032226562,-0.0152862052137302
180,56.0733032226562,-0.0131004630931246
181.25,56.0733032226562,-0.0102471836767802
182.5,56.0733032226562,-0.00787826659627495
183.75,56.0733032226562,-0.00539868984275775
185,56.0733032226562,-0.0023223959982694
186.25,56.0733032226562,0.00089071444222725
187.5,56.0733032226562,0.00336266829383911
188.75,56.0733032226562,0.00461809133726108
190,56.0733032226562,0.00432146368546535
191.25,56.0733032226562,0.00232990544156259
192.5,56.0733032226562,-0.00108340535113456
193.75,56.0733032226562,-0.00600874140480852
195,56.0733032226562,-0.0118915951360081
196.25,56.0733032226562,-0.0161762395857806
197.5,56.0733032226562,-0.0190282268016208
198.75,56.0733032226562,-0.0209597986691917
200,56.0733032226562,-0.0273035403116569
201.25,56.0733032226562,-0.028780147705004
202.5,56.0733032226562,-0.0278030959657525
203.75,56.0733032226562,-0.0272980003893024
205,56.0733032226562,-0.0270935695067986
206.25,56.0733032226562,-0.0261946214114683
207.5,56.0733032226562,-0.0257028747499421
208.75,56.0733032226562,-0.0247082842118535
210,56.0733032226562,-0.0236507609227416
211.25,56.0733032226562,-0.0227295199463031
212.5,56.0733032226562,-0.0217156952607254
213.75,56.0733032226562,-0.0205063917595111
215,56.0733032226562,-0.0191385763214915
216.25,56.0733032226562,-0.01794712135045
217.5,56.0733032226562,-0.017181735131401
218.75,56.0733032226562,-0.017210697431611
220,56.0733032226562,-0.0181901126155855
221.25,56.0733032226562,-0.0195039191446342
222.5,56.0733032226562,-0.0205324973322727
223.75,56.0733032226562,-0.021080712887788
225,56.0733032226562,-0.0211133398269304
226.25,56.0733032226562,-0.0211282045187161
227.5,56.0733032226562,-0.0271678007670106
162.5,57.0157012939453,0.00579784093572657
163.75,57.0157012939453,0.00522223056749503
165,57.0157012939453,0.00330543087321046
166.25,57.0157012939453,0.00421911127460945
167.5,57.0157012939453,0.00739213151750529
168.75,57.0157012939453,0.00948903942871224
170,57.0157012939453,0.0089092886184577
171.25,57.0157012939453,0.00591741253189339
172.5,57.0157012939453,0.000957248022726343
173.75,57.0157012939453,-0.00571974519198046
175,57.0157012939453,-0.0117379260742862
176.25,57.0157012939453,-0.0143315112252682
177.5,57.0157012939453,-0.0140485728243324
178.75,57.0157012939453,-0.0125857329489803
180,57.0157012939453,-0.0108677848939616
181.25,57.0157012939453,-0.00933744538790827
182.5,57.0157012939453,-0.00802280872621141
183.75,57.0157012939453,-0.00612484004094013
185,57.0157012939453,-0.00314252064384315
186.25,57.0157012939453,-0.000352912436372641
187.5,57.0157012939453,0.000878665363446555
188.75,57.0157012939453,0.000212610393391635
190,57.0157012939453,-0.00234378215798874
191.25,57.0157012939453,-0.00478047175751945
192.5,57.0157012939453,-0.00729345745943291
193.75,57.0157012939453,-0.0104226927176013
195,57.0157012939453,-0.0135340084494249
196.25,57.0157012939453,-0.0161826625574405
197.5,57.0157012939453,-0.0181303447376728
198.75,57.0157012939453,-0.0196788010941112
200,57.0157012939453,-0.0204109430757824
201.25,57.0157012939453,-0.0206378106930803
202.5,57.0157012939453,-0.0277077363400598
203.75,57.0157012939453,-0.0278809346786585
205,57.0157012939453,-0.0280144855463897
206.25,57.0157012939453,-0.0272193471178012
207.5,57.0157012939453,-0.025631542847179
208.75,57.0157012939453,-0.0241258998821373
210,57.0157012939453,-0.0218411331472433
211.25,57.0157012939453,-0.0199258249251118
212.5,57.0157012939453,-0.0185291275087762
213.75,57.0157012939453,-0.0176552178281788
215,57.0157012939453,-0.0168840785997579
216.25,57.0157012939453,-0.0160608533031648
217.5,57.0157012939453,-0.0156557157197497
218.75,57.0157012939453,-0.0161559618847601
220,57.0157012939453,-0.0174748444595934
221.25,57.0157012939453,-0.0188647294248261
222.5,57.0157012939453,-0.0197670570491546
223.75,57.0157012939453,-0.0201766402286089
225,57.0157012939453,-0.0203119928931541
226.25,57.0157012939453,-0.0207754514129053
162.5,57.9581146240234,0.00388387581239375
163.75,57.9581146240234,0.00302573015934929
165,57.9581146240234,-0.00292268035719671
166.25,57.9581146240234,-0.00795989573130709
167.5,57.9581146240234,-0.0106122011051401
168.75,57.9581146240234,-0.0123600748187455
170,57.9581146240234,-0.0134021555563408
171.25,57.9581146240234,-0.01326939725759
172.5,57.9581146240234,-0.0133318969782625
173.75,57.9581146240234,-0.0142867081843356
175,57.9581146240234,-0.0146620886151989
176.25,57.9581146240234,-0.0137157990307821
177.5,57.9581146240234,-0.012180176671237
178.75,57.9581146240234,-0.0109044306859918
180,57.9581146240234,-0.00982522540189016
181.25,57.9581146240234,-0.00898027729033055
182.5,57.9581146240234,-0.0083041434341489
183.75,57.9581146240234,-0.00731553863244712
185,57.9581146240234,-0.00574027596830887
186.25,57.9581146240234,-0.00485995638865877
187.5,57.9581146240234,-0.00670477873345438
188.75,57.9581146240234,-0.00913137488942276
190,57.9581146240234,-0.00836663376999608
191.25,57.9581146240234,-0.00820253614151263
192.5,57.9581146240234,-0.00959572541481712
193.75,57.9581146240234,-0.0116649870176617
195,57.9581146240234,-0.0142620311733107
196.25,57.9581146240234,-0.0169854146150429
197.5,57.9581146240234,-0.0181081774228158
198.75,57.9581146240234,-0.0170288388385357
200,57.9581146240234,-0.017975089637478
201.25,57.9581146240234,-0.020288157444112
202.5,57.9581146240234,-0.0222603580364459
203.75,57.9581146240234,-0.0276595680726822
206.25,57.9581146240234,-0.0264882979105456
207.5,57.9581146240234,-0.0261499562068784
208.75,57.9581146240234,-0.0247982182922882
210,57.9581146240234,-0.0216876100932502
211.25,57.9581146240234,-0.0183412917076131
212.5,57.9581146240234,-0.0161197868404895
213.75,57.9581146240234,-0.0148800356998243
215,57.9581146240234,-0.0141429345786414
216.25,57.9581146240234,-0.0136801819828586
217.5,57.9581146240234,-0.0136948209258785
218.75,57.9581146240234,-0.0144996856411029
220,57.9581146240234,-0.0163572589177854
221.25,57.9581146240234,-0.0180575023081653
222.5,57.9581146240234,-0.0187361700972847
223.75,57.9581146240234,-0.0189050145331561
225,57.9581146240234,-0.0199918647620326
160,58.9005279541016,0.0142165698000963
161.25,58.9005279541016,0.0150128903673851
162.5,58.9005279541016,0.00367191137830488
163.75,58.9005279541016,0.00452177640861438
165,58.9005279541016,-0.00383277999745822
166.25,58.9005279541016,-0.0107972713972474
167.5,58.9005279541016,-0.015019459152611
168.75,58.9005279541016,-0.0163220946974912
170,58.9005279541016,-0.0153297666300204
171.25,58.9005279541016,-0.0127634113248444
172.5,58.9005279541016,-0.0107915085096689
173.75,58.9005279541016,-0.0100714478786141
175,58.9005279541016,-0.00959765325293014
176.25,58.9005279541016,-0.00903432201354155
177.5,58.9005279541016,-0.00870017696874481
178.75,58.9005279541016,-0.00847909129625656
180,58.9005279541016,-0.00812513629856622
181.25,58.9005279541016,-0.00765215683046418
182.5,58.9005279541016,-0.00732043329211532
183.75,58.9005279541016,-0.00826318767046172
185,58.9005279541016,-0.0106903602195976
186.25,58.9005279541016,-0.0136965764038313
187.5,58.9005279541016,-0.0169169203174284
188.75,58.9005279541016,-0.0164508589640094
190,58.9005279541016,-0.0141972370397914
191.25,58.9005279541016,-0.0132599787382055
192.5,58.9005279541016,-0.0133209446050345
193.75,58.9005279541016,-0.0142636007182162
195,58.9005279541016,-0.0161732904105815
196.25,58.9005279541016,-0.0191795125214639
197.5,58.9005279541016,-0.022804899572416
198.75,58.9005279541016,-0.0175936213714938
200,58.9005279541016,-0.0192609360100082
201.25,58.9005279541016,-0.0227525003710721
202.5,58.9005279541016,-0.0256154949505464
206.25,58.9005279541016,-0.0268649995270719
207.5,58.9005279541016,-0.0268982810304456
208.75,58.9005279541016,-0.0260237583488942
210,58.9005279541016,-0.0226931721014296
211.25,58.9005279541016,-0.0187793890733768
212.5,58.9005279541016,-0.0160512451499424
213.75,58.9005279541016,-0.0142087829901988
215,58.9005279541016,-0.0130964718057675
216.25,58.9005279541016,-0.0122830863767862
217.5,58.9005279541016,-0.0118473465701079
218.75,58.9005279541016,-0.0125898188062423
220,58.9005279541016,-0.0147121225248054
221.25,58.9005279541016,-0.0165724245364463
222.5,58.9005279541016,-0.0175244320432696
160,59.8429260253906,0.0135932692335578
161.25,59.8429260253906,0.0151454523031931
162.5,59.8429260253906,0.0154745596601158
163.75,59.8429260253906,0.00689762668440346
165,59.8429260253906,-0.00226979891925738
166.25,59.8429260253906,-0.0074660646325915
167.5,59.8429260253906,-0.00991873619320782
168.75,59.8429260253906,-0.0110279622473503
170,59.8429260253906,-0.0110688627268842
171.25,59.8429260253906,-0.00807938728482656
172.5,59.8429260253906,-0.00566299357655768
173.75,59.8429260253906,-0.00423952063534823
175,59.8429260253906,-0.00384131628284522
176.25,59.8429260253906,-0.00368933267291193
177.5,59.8429260253906,-0.00385620748420136
178.75,59.8429260253906,-0.0039995332401746
180,59.8429260253906,-0.00360067458460581
181.25,59.8429260253906,-0.00334568633094049
182.5,59.8429260253906,-0.00456741828209623
183.75,59.8429260253906,-0.00839355168087908
185,59.8429260253906,-0.0139318026194099
186.25,59.8429260253906,-0.0190757192363254
187.5,59.8429260253906,-0.0232915801105909
188.75,59.8429260253906,-0.0239831348177844
190,59.8429260253906,-0.0214166244996585
191.25,59.8429260253906,-0.0180766841805079
192.5,59.8429260253906,-0.0179090267113529
193.75,59.8429260253906,-0.0224899997029328
195,59.8429260253906,-0.0248488770653168
196.25,59.8429260253906,-0.0263283156185265
197.5,59.8429260253906,-0.029305218300286
198.75,59.8429260253906,-0.0299606063428939
206.25,59.8429260253906,-0.0271351942967202
207.5,59.8429260253906,-0.0271336292907036
208.75,59.8429260253906,-0.0249745406253636
210,59.8429260253906,-0.0230160460679292
211.25,59.8429260253906,-0.0194424865076483
212.5,59.8429260253906,-0.0183559301823741
213.75,59.8429260253906,-0.0160620869624764
215,59.8429260253906,-0.0151914134749248
216.25,59.8429260253906,-0.013922004218632
217.5,59.8429260253906,-0.0121719722003226
218.75,59.8429260253906,-0.0119546167229956
220,59.8429260253906,-0.0131502162081621
221.25,59.8429260253906,-0.0140297602504624
160,60.7853393554688,0.00779128666119086
161.25,60.7853393554688,0.0114627128087837
162.5,60.7853393554688,0.0118236666279572
167.5,60.7853393554688,-0.00673582645046401
168.75,60.7853393554688,-0.00756630608119764
170,60.7853393554688,-0.00765165251781632
171.25,60.7853393554688,-0.00778368234802138
172.5,60.7853393554688,-0.00441453024386932
173.75,60.7853393554688,-0.00219843937243043
175,60.7853393554688,-0.00104930970197901
176.25,60.7853393554688,-8.08216576938496e-05
177.5,60.7853393554688,1.6171578043778e-05
178.75,60.7853393554688,9.50756245109318e-05
180,60.7853393554688,8.56412272795934e-05
181.25,60.7853393554688,-0.00161629971169061
182.5,60.7853393554688,-0.00582643442121111
183.75,60.7853393554688,-0.0108879792765183
185,60.7853393554688,-0.0173416102513611
186.25,60.7853393554688,-0.023313969620958
187.5,60.7853393554688,-0.0263167320733684
188.75,60.7853393554688,-0.025491334088144
190,60.7853393554688,-0.0220872217225226
191.25,60.7853393554688,-0.0203582511042223
192.5,60.7853393554688,-0.0266813080826826
193.75,60.7853393554688,-0.0316920470165722
195,60.7853393554688,-0.0323165768859861
212.5,60.7853393554688,-0.0195461089905116
213.75,60.7853393554688,-0.0173362851527194
215,60.7853393554688,-0.016419499209499
216.25,60.7853393554688,-0.0154554477146268
160,61.7277526855469,-0.00446789137042832
173.75,61.7277526855469,-0.00217397924503553
175,61.7277526855469,-0.000698681725688683
176.25,61.7277526855469,0.000176493330206993
177.5,61.7277526855469,0.000316916347040583
178.75,61.7277526855469,-0.000791981482006643
180,61.7277526855469,-0.000172028859600163
181.25,61.7277526855469,-0.00396842094618778
182.5,61.7277526855469,-0.0113817690374616
183.75,61.7277526855469,-0.0168507157938953
185,61.7277526855469,-0.0227273031757835
186.25,61.7277526855469,-0.0269401545776394
187.5,61.7277526855469,-0.0273591200607989
188.75,61.7277526855469,-0.0253931069876321
190,61.7277526855469,-0.0222507936110334
191.25,61.7277526855469,-0.0214871975033587
192.5,61.7277526855469,-0.0265921259022036
193.75,61.7277526855469,-0.0288972212367099
195,61.7277526855469,-0.0307452134704193
175,62.6701507568359,-0.000216953303739159
176.25,62.6701507568359,7.00277350780602e-05
177.5,62.6701507568359,-0.0133567783292527
178.75,62.6701507568359,-0.0133980390663085
180,62.6701507568359,-0.0101139023337184
181.25,62.6701507568359,-0.00883732952679679
182.5,62.6701507568359,-0.0172786122562399
183.75,62.6701507568359,-0.0243435580943594
185,62.6701507568359,-0.0272263902786938
186.25,62.6701507568359,-0.0282360046402122
187.5,62.6701507568359,-0.0289720626930662
188.75,62.6701507568359,-0.027928930117293
190,62.6701507568359,-0.0247668473932161
191.25,62.6701507568359,-0.0215819328854866
192.5,62.6701507568359,-0.0231025427729082
193.75,62.6701507568359,-0.0255222373631268
195,62.6701507568359,-0.0257273289471088
196.25,62.6701507568359,-0.024546551056363
197.5,62.6701507568359,-0.0245465534669006
178.75,63.6125640869141,-0.0207364499666211
180,63.6125640869141,-0.0212541956951411
181.25,63.6125640869141,-0.0214630790675168
182.5,63.6125640869141,-0.0239804158521889
183.75,63.6125640869141,-0.0273729964837128
185,63.6125640869141,-0.0280255245197109
186.25,63.6125640869141,-0.027670147259802
187.5,63.6125640869141,-0.0277174360826005
188.75,63.6125640869141,-0.0273176167597016
190,63.6125640869141,-0.0252297532191549
191.25,63.6125640869141,-0.021693043052297
192.5,63.6125640869141,-0.021670699548266
193.75,63.6125640869141,-0.0244459405335354
195,63.6125640869141,-0.0253987646739954
196.25,63.6125640869141,-0.0252664272601917
197.5,63.6125640869141,-0.0246217328505005
178.75,64.5549774169922,-0.0181412593865378
180,64.5549774169922,-0.0155637912574267
181.25,64.5549774169922,-0.0183094778628706
182.5,64.5549774169922,-0.0221974462465744
183.75,64.5549774169922,-0.0242801264154911
185,64.5549774169922,-0.0254719790151001
186.25,64.5549774169922,-0.0246097326617616
187.5,64.5549774169922,-0.0241043630131006
188.75,64.5549774169922,-0.0223876090456207
190,64.5549774169922,-0.0234186972829224
191.25,64.5549774169922,-0.0218358061627675
192.5,64.5549774169922,-0.0222743931613843
193.75,64.5549774169922,-0.0249134104053841
195,64.5549774169922,-0.02600837753671
196.25,64.5549774169922,-0.025580988040692
197.5,64.5549774169922,-0.0245828240595925
180,65.4973907470703,-0.0124490228225012
181.25,65.4973907470703,-0.0076433445940451
182.5,65.4973907470703,-0.0101373778642318
183.75,65.4973907470703,-0.0135877251094772
185,65.4973907470703,-0.0143715248545565
188.75,65.4973907470703,-0.0192161711908016
190,65.4973907470703,-0.0218847789686351
191.25,65.4973907470703,-0.0222659605013583
192.5,65.4973907470703,-0.0230282608146693
193.75,65.4973907470703,-0.0236130912594356
