"lon","lat","beta"
160,20.2617797851562,-0.0281592359581413
161.25,20.2617797851562,-0.0265041501343159
162.5,20.2617797851562,-0.0252114337556398
163.75,20.2617797851562,-0.0242029399706655
165,20.2617797851562,-0.0233461471673508
166.25,20.2617797851562,-0.0227029196757738
167.5,20.2617797851562,-0.0222197597733969
168.75,20.2617797851562,-0.0209223845482716
170,20.2617797851562,-0.0193048238702916
171.25,20.2617797851562,-0.0174452025071014
172.5,20.2617797851562,-0.0155681362782925
173.75,20.2617797851562,-0.0141743203913456
175,20.2617797851562,-0.013279997294841
176.25,20.2617797851562,-0.0126561000894124
177.5,20.2617797851562,-0.012206514204773
178.75,20.2617797851562,-0.0116498875243914
180,20.2617797851562,-0.0112123512570937
181.25,20.2617797851562,-0.0108025866269789
182.5,20.2617797851562,-0.00957409418714668
183.75,20.2617797851562,-0.0074281372575189
185,20.2617797851562,-0.0050541375711306
186.25,20.2617797851562,-0.00269948107007662
187.5,20.2617797851562,-0.000505328984839002
188.75,20.2617797851562,0.00113156944091004
190,20.2617797851562,0.00141176424747524
191.25,20.2617797851562,0.00061459336007663
192.5,20.2617797851562,0.000222603614648374
193.75,20.2617797851562,0.00102679353087485
195,20.2617797851562,0.0028718640301357
196.25,20.2617797851562,0.00568293656017425
197.5,20.2617797851562,0.00949037283098107
198.75,20.2617797851562,0.0135250323615139
200,20.2617797851562,0.0165601540538782
201.25,20.2617797851562,0.0180139065872005
202.5,20.2617797851562,0.0182131765515616
203.75,20.2617797851562,0.01884525981357
205,20.2617797851562,0.0187808674426206
206.25,20.2617797851562,0.0170466137954251
207.5,20.2617797851562,0.015864814030875
208.75,20.2617797851562,0.0157917479322346
210,20.2617797851562,0.0154911188485342
211.25,20.2617797851562,0.0149393868715755
212.5,20.2617797851562,0.0141724811353294
213.75,20.2617797851562,0.0127120380576882
215,20.2617797851562,0.0109247391891851
216.25,20.2617797851562,0.00885387020363489
217.5,20.2617797851562,0.0066405668074698
218.75,20.2617797851562,0.00454339160155819
220,20.2617797851562,0.00311831492877521
221.25,20.2617797851562,0.00266841342156217
222.5,20.2617797851562,0.00292110708840183
223.75,20.2617797851562,0.00283187804815094
225,20.2617797851562,0.00245220264142467
226.25,20.2617797851562,0.00123546568769845
227.5,20.2617797851562,-0.000156806672119284
228.75,20.2617797851562,-0.000326992434768943
230,20.2617797851562,0.00213088587044257
231.25,20.2617797851562,0.00618724335457899
232.5,20.2617797851562,0.00946391821797478
233.75,20.2617797851562,0.00963023641432302
235,20.2617797851562,0.00594493353253339
236.25,20.2617797851562,9.50439578559743e-05
237.5,20.2617797851562,-0.00682398433557339
238.75,20.2617797851562,-0.0109970618813815
240,20.2617797851562,-0.01149789529804
241.25,20.2617797851562,-0.00745282700864396
242.5,20.2617797851562,-0.00109113589513968
243.75,20.2617797851562,0.00276981021921273
245,20.2617797851562,-0.000197296144476798
246.25,20.2617797851562,-0.0107011150352417
247.5,20.2617797851562,-0.0184608354852821
248.75,20.2617797851562,-0.0212051002106212
250,20.2617797851562,-0.0235136128334255
160,21.2041854858398,-0.0295333060076474
161.25,21.2041854858398,-0.0269730799586902
162.5,21.2041854858398,-0.0240872410787617
163.75,21.2041854858398,-0.0218839898726167
165,21.2041854858398,-0.0202645091193846
166.25,21.2041854858398,-0.0194462224062423
167.5,21.2041854858398,-0.0190865872062484
168.75,21.2041854858398,-0.0183583258991943
170,21.2041854858398,-0.0170876580745509
171.25,21.2041854858398,-0.0153284687063523
172.5,21.2041854858398,-0.0135550286187854
173.75,21.2041854858398,-0.0123505422067472
175,21.2041854858398,-0.0116638499563428
176.25,21.2041854858398,-0.0113491383684153
177.5,21.2041854858398,-0.0112535762181177
178.75,21.2041854858398,-0.0111609453080255
180,21.2041854858398,-0.0112694203914372
181.25,21.2041854858398,-0.0112011619807012
182.5,21.2041854858398,-0.0109292182223277
183.75,21.2041854858398,-0.00983935622542369
185,21.2041854858398,-0.00833976111385171
186.25,21.2041854858398,-0.00628728999171367
187.5,21.2041854858398,-0.00343085710521512
188.75,21.2041854858398,-0.000627255874255433
190,21.2041854858398,0.00057042000268079
191.25,21.2041854858398,0.000227639830184446
192.5,21.2041854858398,-0.000575319079697724
193.75,21.2041854858398,-0.00100481651293818
195,21.2041854858398,-0.00121336452714137
196.25,21.2041854858398,-0.000264777038727282
197.5,21.2041854858398,0.00265468113873581
198.75,21.2041854858398,0.00672633636862332
200,21.2041854858398,0.0103378195649883
201.25,21.2041854858398,0.0126082724715489
202.5,21.2041854858398,0.0137199862368189
203.75,21.2041854858398,0.0145746515057726
205,21.2041854858398,0.0151799395237066
206.25,21.2041854858398,0.0144242226198319
207.5,21.2041854858398,0.0141104469278166
208.75,21.2041854858398,0.0143554394445212
210,21.2041854858398,0.0143825940752875
211.25,21.2041854858398,0.0143477229225633
212.5,21.2041854858398,0.013956464293751
213.75,21.2041854858398,0.0129773000304347
215,21.2041854858398,0.0114164381381609
216.25,21.2041854858398,0.0096276019491894
217.5,21.2041854858398,0.0076447209015955
218.75,21.2041854858398,0.00568056234629955
220,21.2041854858398,0.00441962432105248
221.25,21.2041854858398,0.00450679804545653
222.5,21.2041854858398,0.00538450338073828
223.75,21.2041854858398,0.00558063067547954
225,21.2041854858398,0.00507125673092082
226.25,21.2041854858398,0.00328497990265556
227.5,21.2041854858398,0.00127115431012288
228.75,21.2041854858398,6.03167941725765e-05
230,21.2041854858398,0.00144619022791538
231.25,21.2041854858398,0.00526718645472679
232.5,21.2041854858398,0.00943716284917874
233.75,21.2041854858398,0.0109759123615796
235,21.2041854858398,0.00888663734262814
236.25,21.2041854858398,0.00462166025336093
237.5,21.2041854858398,-0.00141067010191611
238.75,21.2041854858398,-0.00542865967538013
240,21.2041854858398,-0.00739823323723153
241.25,21.2041854858398,-0.00488085590667224
242.5,21.2041854858398,0.00109689557922985
243.75,21.2041854858398,0.00585099640501111
245,21.2041854858398,0.00420349234223228
246.25,21.2041854858398,-0.00639400877748266
247.5,21.2041854858398,-0.0163142163332313
248.75,21.2041854858398,-0.0234009608160082
250,21.2041854858398,-0.0285677516753292
160,22.146598815918,-0.0267837587078869
161.25,22.146598815918,-0.0238996653956657
162.5,22.146598815918,-0.020858927296402
163.75,22.146598815918,-0.0180560594349498
165,22.146598815918,-0.0157208272962012
166.25,22.146598815918,-0.014534774978259
167.5,22.146598815918,-0.0140792998966812
168.75,22.146598815918,-0.0138162892271232
170,22.146598815918,-0.0129101211600297
171.25,22.146598815918,-0.0115383302927427
172.5,22.146598815918,-0.0103372783838971
173.75,22.146598815918,-0.00977629886390716
175,22.146598815918,-0.00970346338151472
176.25,22.146598815918,-0.0098869567232339
177.5,22.146598815918,-0.0102791923226565
178.75,22.146598815918,-0.0106768663779697
180,22.146598815918,-0.011105321185729
181.25,22.146598815918,-0.0111957919025238
182.5,22.146598815918,-0.0114567907956851
183.75,22.146598815918,-0.0111491557845356
185,22.146598815918,-0.0106047742602855
186.25,22.146598815918,-0.00927175860459334
187.5,22.146598815918,-0.00678264391182126
188.75,22.146598815918,-0.00401769722666631
190,22.146598815918,-0.00225843656143204
191.25,22.146598815918,-0.00158466511965263
192.5,22.146598815918,-0.00193275421628953
193.75,22.146598815918,-0.00236637076146106
195,22.146598815918,-0.00309463068463008
196.25,22.146598815918,-0.0035302207052313
197.5,22.146598815918,-0.00272115956259647
198.75,22.146598815918,-0.000510776907897157
200,22.146598815918,0.00211703493597865
201.25,22.146598815918,0.00460865765099443
202.5,22.146598815918,0.00670650795688616
203.75,22.146598815918,0.00821834882036485
205,22.146598815918,0.00936103100682077
206.25,22.146598815918,0.010338195093059
207.5,22.146598815918,0.0112809322739066
208.75,22.146598815918,0.0121416628580842
210,22.146598815918,0.0124949205001512
211.25,22.146598815918,0.012434832586305
212.5,22.146598815918,0.0121044823807123
213.75,22.146598815918,0.0113075386850658
215,22.146598815918,0.0102315401614496
216.25,22.146598815918,0.0090676279935854
217.5,22.146598815918,0.00772138823983754
218.75,22.146598815918,0.006297483772003
220,22.146598815918,0.00525268545801774
221.25,22.146598815918,0.00531275577008406
222.5,22.146598815918,0.0061653477961261
223.75,22.146598815918,0.00656371003608018
225,22.146598815918,0.00547091106903977
226.25,22.146598815918,0.00337392450542882
227.5,22.146598815918,0.000845068991628082
228.75,22.146598815918,-0.000516976723171715
230,22.146598815918,0.000288933841468882
231.25,22.146598815918,0.0037324115469856
232.5,22.146598815918,0.00829544334725979
233.75,22.146598815918,0.0112232317915904
235,22.146598815918,0.0110949636547831
236.25,22.146598815918,0.0084768666243806
237.5,22.146598815918,0.00354418454666105
238.75,22.146598815918,-0.00030493068465739
240,22.146598815918,-0.00293734481231877
241.25,22.146598815918,-0.00185294619035974
242.5,22.146598815918,0.00255931738551622
243.75,22.146598815918,0.00672094566904647
245,22.146598815918,0.00732308659144986
246.25,22.146598815918,0.00010194503247912
247.5,22.146598815918,-0.011987462004739
248.75,22.146598815918,-0.0242087846248432
250,22.146598815918,-0.0319140711651345
160,23.0890045166016,-0.0219005263140355
161.25,23.0890045166016,-0.0193834435938039
162.5,23.0890045166016,-0.0167320444062819
163.75,23.0890045166016,-0.0139198037680669
165,23.0890045166016,-0.0112084185972907
166.25,23.0890045166016,-0.00929590633187101
167.5,23.0890045166016,-0.00840391841660828
168.75,23.0890045166016,-0.00782302620035117
170,23.0890045166016,-0.00711258980308265
171.25,23.0890045166016,-0.00614078300892168
172.5,23.0890045166016,-0.00532628524213226
173.75,23.0890045166016,-0.00510034473868266
175,23.0890045166016,-0.00567205516104703
176.25,23.0890045166016,-0.00682259000808446
177.5,23.0890045166016,-0.00814754756618146
178.75,23.0890045166016,-0.00938904235969853
180,23.0890045166016,-0.0105045283451706
181.25,23.0890045166016,-0.0112771634932835
182.5,23.0890045166016,-0.0117212228109859
183.75,23.0890045166016,-0.0115763425811672
185,23.0890045166016,-0.0111233920776117
186.25,23.0890045166016,-0.00990559278990873
187.5,23.0890045166016,-0.00796186134839212
188.75,23.0890045166016,-0.0060981010171789
190,23.0890045166016,-0.00469520730578761
191.25,23.0890045166016,-0.00378297234697915
192.5,23.0890045166016,-0.00343608480536506
193.75,23.0890045166016,-0.00344868111950767
195,23.0890045166016,-0.00374674919859195
196.25,23.0890045166016,-0.00432881906201105
197.5,23.0890045166016,-0.00506484876483372
198.75,23.0890045166016,-0.00541133846198653
200,23.0890045166016,-0.00520221184200587
201.25,23.0890045166016,-0.0043522826865316
202.5,23.0890045166016,-0.00258785310225948
203.75,23.0890045166016,-0.000103979751672609
205,23.0890045166016,0.00214867598789854
206.25,23.0890045166016,0.00428029077028596
207.5,23.0890045166016,0.0061879300949224
208.75,23.0890045166016,0.00762364934611022
210,23.0890045166016,0.0083818390259597
211.25,23.0890045166016,0.00863083794489957
212.5,23.0890045166016,0.00853924035997963
213.75,23.0890045166016,0.00798924227116787
215,23.0890045166016,0.00748605515234378
216.25,23.0890045166016,0.00698961234245298
217.5,23.0890045166016,0.00631774652963972
218.75,23.0890045166016,0.00551157453067957
220,23.0890045166016,0.00495077670171886
221.25,23.0890045166016,0.00499737115992632
222.5,23.0890045166016,0.00555865781467154
223.75,23.0890045166016,0.00600122537871648
225,23.0890045166016,0.00504486159519573
226.25,23.0890045166016,0.00310786854118457
227.5,23.0890045166016,0.00039889417644189
228.75,23.0890045166016,-0.00153773916864725
230,23.0890045166016,-0.00134635540649714
231.25,23.0890045166016,0.00165466450041574
232.5,23.0890045166016,0.00667835567797319
233.75,23.0890045166016,0.0111819752970475
235,23.0890045166016,0.0134396277111287
236.25,23.0890045166016,0.0127956996099326
237.5,23.0890045166016,0.00860099783442608
238.75,23.0890045166016,0.00426638535578266
240,23.0890045166016,0.00141773536497296
241.25,23.0890045166016,0.00217305386954903
242.5,23.0890045166016,0.00534068513015619
243.75,23.0890045166016,0.00920743336620377
245,23.0890045166016,0.0111130611599311
246.25,23.0890045166016,0.0064851657166484
247.5,23.0890045166016,-0.00806093085594899
248.75,23.0890045166016,-0.0208227626921389
250,23.0890045166016,-0.0327517253775995
160,24.0314178466797,-0.0153682009556166
161.25,24.0314178466797,-0.013683191876916
162.5,24.0314178466797,-0.0120681838042789
163.75,24.0314178466797,-0.0102244889228858
165,24.0314178466797,-0.0079701694708015
166.25,24.0314178466797,-0.00588899783394742
167.5,24.0314178466797,-0.00424442595933479
168.75,24.0314178466797,-0.0026871942697293
170,24.0314178466797,-0.00114848003742025
171.25,24.0314178466797,0.000238972261211215
172.5,24.0314178466797,0.00134362249522579
173.75,24.0314178466797,0.00187420100122641
175,24.0314178466797,0.00127603106274584
176.25,24.0314178466797,-0.000611247043115608
177.5,24.0314178466797,-0.00302978636153065
178.75,24.0314178466797,-0.00548991221869088
180,24.0314178466797,-0.00778514730372381
181.25,24.0314178466797,-0.0095287690059014
182.5,24.0314178466797,-0.0103615924766298
183.75,24.0314178466797,-0.0104625201588485
185,24.0314178466797,-0.0100318672052404
186.25,24.0314178466797,-0.00892725488807164
187.5,24.0314178466797,-0.0074981409752539
188.75,24.0314178466797,-0.00607938508634844
190,24.0314178466797,-0.00477524810398971
191.25,24.0314178466797,-0.00389841298624667
192.5,24.0314178466797,-0.0030705098742152
193.75,24.0314178466797,-0.00256885936359722
195,24.0314178466797,-0.0024565155533019
196.25,24.0314178466797,-0.00272891034039557
197.5,24.0314178466797,-0.00325270117205923
198.75,24.0314178466797,-0.00405303353096499
200,24.0314178466797,-0.00500923789664448
201.25,24.0314178466797,-0.00593823394472989
202.5,24.0314178466797,-0.00652290770999798
203.75,24.0314178466797,-0.00593200797892198
205,24.0314178466797,-0.00425684123685344
206.25,24.0314178466797,-0.00220485499306125
207.5,24.0314178466797,-0.000147777077549312
208.75,24.0314178466797,0.00160306255299067
210,24.0314178466797,0.00259570202790668
211.25,24.0314178466797,0.00313843910254075
212.5,24.0314178466797,0.00336315841201878
213.75,24.0314178466797,0.00323473338726044
215,24.0314178466797,0.0032333819918996
216.25,24.0314178466797,0.00325259747500857
217.5,24.0314178466797,0.00325522142590715
218.75,24.0314178466797,0.00307781209770593
220,24.0314178466797,0.00297396851599658
221.25,24.0314178466797,0.00327242075238275
222.5,24.0314178466797,0.00401669013761649
223.75,24.0314178466797,0.00472803061944675
225,24.0314178466797,0.00430675444359194
226.25,24.0314178466797,0.0026212950554457
227.5,24.0314178466797,0.000202551984407054
228.75,24.0314178466797,-0.00222957840788407
230,24.0314178466797,-0.00299416571032203
231.25,24.0314178466797,-0.000979570217314971
232.5,24.0314178466797,0.00375334550762586
233.75,24.0314178466797,0.00970082096754559
235,24.0314178466797,0.0144379726292118
236.25,24.0314178466797,0.0157546786851978
237.5,24.0314178466797,0.0123389034745946
238.75,24.0314178466797,0.0075602887066599
240,24.0314178466797,0.00460817821390841
241.25,24.0314178466797,0.00538172677102758
242.5,24.0314178466797,0.00833724070001635
243.75,24.0314178466797,0.0123722551808857
245,24.0314178466797,0.014596457432286
246.25,24.0314178466797,0.0120922277288565
247.5,24.0314178466797,0.00216623677333245
248.75,24.0314178466797,-0.0135177921922167
250,24.0314178466797,-0.0259620537006984
160,24.9738235473633,-0.0115963666638701
161.25,24.9738235473633,-0.0102490863721415
162.5,24.9738235473633,-0.0093895505299942
163.75,24.9738235473633,-0.0086860683752874
165,24.9738235473633,-0.00751186382152914
166.25,24.9738235473633,-0.00581398285057318
167.5,24.9738235473633,-0.00400994773479672
168.75,24.9738235473633,-0.00177963550765098
170,24.9738235473633,0.00111667234685644
171.25,24.9738235473633,0.0037518239482475
172.5,24.9738235473633,0.00614369799979996
173.75,24.9738235473633,0.0078120618419776
175,24.9738235473633,0.00816403950029053
176.25,24.9738235473633,0.00696985315423725
177.5,24.9738235473633,0.00439434688983906
178.75,24.9738235473633,0.0011014815066476
180,24.9738235473633,-0.00198109105301925
181.25,24.9738235473633,-0.00459407390581708
182.5,24.9738235473633,-0.00605357093328406
183.75,24.9738235473633,-0.00677508929911114
185,24.9738235473633,-0.00676235238063983
186.25,24.9738235473633,-0.0061408548011685
187.5,24.9738235473633,-0.00542938689145106
188.75,24.9738235473633,-0.00473925845298704
190,24.9738235473633,-0.00390640503669161
191.25,24.9738235473633,-0.0030172811191906
192.5,24.9738235473633,-0.00204471070083761
193.75,24.9738235473633,-0.00135165826220524
195,24.9738235473633,-0.00068001019907171
196.25,24.9738235473633,-6.01185106482536e-05
197.5,24.9738235473633,0.000885449003783372
198.75,24.9738235473633,0.00175605622004708
200,24.9738235473633,0.00201558609953105
201.25,24.9738235473633,0.00121062470944775
202.5,24.9738235473633,-0.000496830014264391
203.75,24.9738235473633,-0.00187643318413107
205,24.9738235473633,-0.00263817892674233
206.25,24.9738235473633,-0.00347567745035206
207.5,24.9738235473633,-0.00389657834922459
208.75,24.9738235473633,-0.00338930736936049
210,24.9738235473633,-0.00236370715861774
211.25,24.9738235473633,-0.00161631248287127
212.5,24.9738235473633,-0.00151998681091899
213.75,24.9738235473633,-0.00159633377450543
215,24.9738235473633,-0.00140191639019158
216.25,24.9738235473633,-0.00102797988739385
217.5,24.9738235473633,-0.000431232015424457
218.75,24.9738235473633,7.72799805220914e-05
220,24.9738235473633,0.000372942299487379
221.25,24.9738235473633,0.000883007869876128
222.5,24.9738235473633,0.0018105325171983
223.75,24.9738235473633,0.00291392610534025
225,24.9738235473633,0.0031441571627783
226.25,24.9738235473633,0.00208213091468309
227.5,24.9738235473633,0.000271148649108294
228.75,24.9738235473633,-0.0025993357209899
230,24.9738235473633,-0.00468068653289778
231.25,24.9738235473633,-0.00403715934585629
232.5,24.9738235473633,-0.000379691281919332
233.75,24.9738235473633,0.0061068757683397
235,24.9738235473633,0.0127955868760173
236.25,24.9738235473633,0.0157243501949023
237.5,24.9738235473633,0.0135821156074974
238.75,24.9738235473633,0.00870804643074602
240,24.9738235473633,0.00595730060035726
241.25,24.9738235473633,0.00738242092806168
242.5,24.9738235473633,0.0109065884183586
243.75,24.9738235473633,0.0146119446565885
245,24.9738235473633,0.0153430883215641
246.25,24.9738235473633,0.0142092644040428
247.5,24.9738235473633,0.0119654159736457
248.75,24.9738235473633,7.19420361643359e-05
250,24.9738235473633,-0.0254844805570018
160,25.9162292480469,-0.0117854627818877
161.25,25.9162292480469,-0.0107245061469857
162.5,25.9162292480469,-0.0101583830127171
163.75,25.9162292480469,-0.00979609294874019
165,25.9162292480469,-0.00896923843239912
166.25,25.9162292480469,-0.0075846055423841
167.5,25.9162292480469,-0.00615979539950369
168.75,25.9162292480469,-0.0045514935260867
170,25.9162292480469,-0.00209236893172429
171.25,25.9162292480469,0.000906423194284663
172.5,25.9162292480469,0.00413935005787401
173.75,25.9162292480469,0.00706420558560399
175,25.9162292480469,0.00877021849695478
176.25,25.9162292480469,0.00923426248591087
177.5,25.9162292480469,0.00844198431539554
178.75,25.9162292480469,0.00627860331655617
180,25.9162292480469,0.0032953736637014
181.25,25.9162292480469,0.000703088433215952
182.5,25.9162292480469,-0.000653810650116717
183.75,25.9162292480469,-0.00132325295545513
185,25.9162292480469,-0.00130767138166484
186.25,25.9162292480469,-0.00110352829455906
187.5,25.9162292480469,-0.00136567577435416
188.75,25.9162292480469,-0.0019054806171228
190,25.9162292480469,-0.00214729399365286
191.25,25.9162292480469,-0.00207592300341293
192.5,25.9162292480469,-0.0021171283501978
193.75,25.9162292480469,-0.00195345770603147
195,25.9162292480469,-0.00123867727527135
196.25,25.9162292480469,-5.17582818579584e-05
197.5,25.9162292480469,0.00185060275564549
198.75,25.9162292480469,0.00429730229971355
200,25.9162292480469,0.0069866364122458
201.25,25.9162292480469,0.00880590081442999
202.5,25.9162292480469,0.00861897995463376
203.75,25.9162292480469,0.00728623325185127
205,25.9162292480469,0.00544319481631005
206.25,25.9162292480469,0.00303175955554139
207.5,25.9162292480469,-5.93116165348457e-05
208.75,25.9162292480469,-0.00238405415029783
210,25.9162292480469,-0.00311457865163392
211.25,25.9162292480469,-0.00317367514333887
212.5,25.9162292480469,-0.00361009822419322
213.75,25.9162292480469,-0.0044365331183549
215,25.9162292480469,-0.00508824211159013
216.25,25.9162292480469,-0.00485515823334419
217.5,25.9162292480469,-0.00387409218540869
218.75,25.9162292480469,-0.00283913273436373
220,25.9162292480469,-0.00217621082603829
221.25,25.9162292480469,-0.00154963472841422
222.5,25.9162292480469,-0.000641358314995288
223.75,25.9162292480469,0.000658718088420176
225,25.9162292480469,0.00173280741709412
226.25,25.9162292480469,0.00152131413743062
227.5,25.9162292480469,0.000471073478675192
228.75,25.9162292480469,-0.00229698838277863
230,25.9162292480469,-0.00579041197699304
231.25,25.9162292480469,-0.00736140950563114
232.5,25.9162292480469,-0.00539058318063519
233.75,25.9162292480469,0.000534232107606522
235,25.9162292480469,0.00817214631488574
236.25,25.9162292480469,0.0129150919431772
237.5,25.9162292480469,0.0126510874393705
238.75,25.9162292480469,0.00899380157706456
240,25.9162292480469,0.00688375102061873
241.25,25.9162292480469,0.00870668962990946
242.5,25.9162292480469,0.0119544762115106
243.75,25.9162292480469,0.0146035398893965
245,25.9162292480469,0.0142106791324684
246.25,25.9162292480469,0.0130630886293407
247.5,25.9162292480469,0.0123437074142395
248.75,25.9162292480469,-0.0161164263883664
250,25.9162292480469,-0.0275766657396976
160,26.858642578125,-0.0155675353669844
161.25,26.858642578125,-0.0146560837717951
162.5,26.858642578125,-0.0140758783923269
163.75,26.858642578125,-0.0132670174948875
165,26.858642578125,-0.0120226931785125
166.25,26.858642578125,-0.010483729078163
167.5,26.858642578125,-0.00879971719463589
168.75,26.858642578125,-0.00729517076583541
170,26.858642578125,-0.00576572176368258
171.25,26.858642578125,-0.00394618138562871
172.5,26.858642578125,-0.00170408057892952
173.75,26.858642578125,0.00106011800888088
175,26.858642578125,0.00369911957905949
176.25,26.858642578125,0.0055455043981971
177.5,26.858642578125,0.00625473060058273
178.75,26.858642578125,0.00579055134499994
180,26.858642578125,0.0044445371438331
181.25,26.858642578125,0.00291766418693715
182.5,26.858642578125,0.00254918012628349
183.75,26.858642578125,0.00264967486341197
185,26.858642578125,0.00303248154708868
186.25,26.858642578125,0.00308703450452146
187.5,26.858642578125,0.0024453325160338
188.75,26.858642578125,0.00138752466550869
190,26.858642578125,0.000320943609884411
191.25,26.858642578125,-0.000614380725204027
192.5,26.858642578125,-0.00157449270895524
193.75,26.858642578125,-0.00193572047799784
195,26.858642578125,-0.00134158398823093
196.25,26.858642578125,-0.000507426373575838
197.5,26.858642578125,0.000266439231736809
198.75,26.858642578125,0.0017342323610661
200,26.858642578125,0.00505939592027718
201.25,26.858642578125,0.00951587148442438
202.5,26.858642578125,0.0125518852453159
203.75,26.858642578125,0.0133189489837154
205,26.858642578125,0.0122351436634304
206.25,26.858642578125,0.0101902677852808
207.5,26.858642578125,0.00770262247339692
208.75,26.858642578125,0.00517541026090744
210,26.858642578125,0.00248324419360614
211.25,26.858642578125,0.000322826381969295
212.5,26.858642578125,-0.00133947733950586
213.75,26.858642578125,-0.00283470010176537
215,26.858642578125,-0.00424629682030252
216.25,26.858642578125,-0.0050763234668734
217.5,26.858642578125,-0.00482082227342048
218.75,26.858642578125,-0.00435603414671185
220,26.858642578125,-0.00412375370622495
221.25,26.858642578125,-0.00388935147597306
222.5,26.858642578125,-0.00315476322300611
223.75,26.858642578125,-0.00171701872648187
225,26.858642578125,-0.000167424199607639
226.25,26.858642578125,0.000556365683589058
227.5,26.858642578125,0.000697477966860144
228.75,26.858642578125,-0.00121159093757343
230,26.858642578125,-0.00534211313990071
231.25,26.858642578125,-0.00899652502537738
232.5,26.858642578125,-0.00962544219541691
233.75,26.858642578125,-0.00546473574842248
235,26.858642578125,0.00179415857175196
236.25,26.858642578125,0.0075860326413878
237.5,26.858642578125,0.00957523428876916
238.75,26.858642578125,0.00844756955947877
240,26.858642578125,0.00746795340674265
241.25,26.858642578125,0.00921826009767554
242.5,26.858642578125,0.0118601123457401
243.75,26.858642578125,0.0133612523439518
245,26.858642578125,0.0124304659260041
246.25,26.858642578125,0.0119787318703158
247.5,26.858642578125,-0.00239596192639824
248.75,26.858642578125,-0.0167295652699554
250,26.858642578125,-0.0262446144917848
160,27.8010482788086,-0.021245093741708
161.25,27.8010482788086,-0.0199621832671006
162.5,27.8010482788086,-0.0188033327973032
163.75,27.8010482788086,-0.0171585864249386
165,27.8010482788086,-0.0152741616283957
166.25,27.8010482788086,-0.0134216065896467
167.5,27.8010482788086,-0.0114070935131284
168.75,27.8010482788086,-0.0093470587354675
170,27.8010482788086,-0.00712945547783856
171.25,27.8010482788086,-0.00558411778792343
172.5,27.8010482788086,-0.00500121007086105
173.75,27.8010482788086,-0.00424306822728903
175,27.8010482788086,-0.00255085741296964
176.25,27.8010482788086,-0.000207575817909754
177.5,27.8010482788086,0.00175836277900254
178.75,27.8010482788086,0.00265068767801381
180,27.8010482788086,0.00272549893483888
181.25,27.8010482788086,0.00258602829501952
182.5,27.8010482788086,0.00336016723659367
183.75,27.8010482788086,0.00427565637677719
185,27.8010482788086,0.00489142259688721
186.25,27.8010482788086,0.00469550596998494
187.5,27.8010482788086,0.0039074011498764
188.75,27.8010482788086,0.00287480810748752
190,27.8010482788086,0.00179530725686941
191.25,27.8010482788086,0.000754587924410749
192.5,27.8010482788086,-0.0001380067957735
193.75,27.8010482788086,-0.000209682351284382
195,27.8010482788086,0.00058935511307308
196.25,27.8010482788086,0.00111670297554408
197.5,27.8010482788086,0.000585555978759581
198.75,27.8010482788086,-0.000113703145362177
200,27.8010482788086,0.00102473442970026
201.25,27.8010482788086,0.00469097270985516
202.5,27.8010482788086,0.00927730441646428
203.75,27.8010482788086,0.0123547221168733
205,27.8010482788086,0.0132948817393565
206.25,27.8010482788086,0.0126440250552433
207.5,27.8010482788086,0.0113643276540242
208.75,27.8010482788086,0.0107689374949828
210,27.8010482788086,0.0103282887537082
211.25,27.8010482788086,0.00833678627002936
212.5,27.8010482788086,0.00545327301159171
213.75,27.8010482788086,0.00296850198593525
215,27.8010482788086,0.000779687455041759
216.25,27.8010482788086,-0.000959446326562115
217.5,27.8010482788086,-0.00172147329234674
218.75,27.8010482788086,-0.00247514828068923
220,27.8010482788086,-0.00350586586179537
221.25,27.8010482788086,-0.0045659738936347
222.5,27.8010482788086,-0.0046034899835687
223.75,27.8010482788086,-0.00334981728699039
225,27.8010482788086,-0.00179106272373505
226.25,27.8010482788086,-0.000831866614675782
227.5,27.8010482788086,1.07271266615705e-05
228.75,27.8010482788086,-0.000463565147553281
230,27.8010482788086,-0.00363861295715324
231.25,27.8010482788086,-0.00795002352455387
232.5,27.8010482788086,-0.0111188052645477
233.75,27.8010482788086,-0.01008993812846
235,27.8010482788086,-0.00481855157011623
236.25,27.8010482788086,0.00119902431574461
237.5,27.8010482788086,0.00517627693244675
238.75,27.8010482788086,0.00660974160243498
240,27.8010482788086,0.00750073900152748
241.25,27.8010482788086,0.00962221507365836
242.5,27.8010482788086,0.0114110341824037
243.75,27.8010482788086,0.0120415564929785
245,27.8010482788086,0.0103171102534016
246.25,27.8010482788086,0.00890524781744405
247.5,27.8010482788086,-0.00995815066641447
248.75,27.8010482788086,-0.01548862173589
250,27.8010482788086,-0.0244146734685582
160,28.7434539794922,-0.0256519365489406
161.25,28.7434539794922,-0.0238316379788127
162.5,28.7434539794922,-0.022422525038857
163.75,28.7434539794922,-0.0204769953526217
165,28.7434539794922,-0.0179316383435813
166.25,28.7434539794922,-0.0154785169188623
167.5,28.7434539794922,-0.0133009957971614
168.75,28.7434539794922,-0.0113075600281909
170,28.7434539794922,-0.0089784005003414
171.25,28.7434539794922,-0.00656715839799304
172.5,28.7434539794922,-0.00563861234448921
173.75,28.7434539794922,-0.00593527023811749
175,28.7434539794922,-0.00584281072061939
176.25,28.7434539794922,-0.00452535330716256
177.5,28.7434539794922,-0.00268107902339114
178.75,28.7434539794922,-0.00107413508663954
180,28.7434539794922,4.58515573108998e-05
181.25,28.7434539794922,0.00075737392360445
182.5,28.7434539794922,0.00205572004228983
183.75,28.7434539794922,0.00335382651815163
185,28.7434539794922,0.00425512040736996
186.25,28.7434539794922,0.00445630741156393
187.5,28.7434539794922,0.00414379091281163
188.75,28.7434539794922,0.00345706778851624
190,28.7434539794922,0.00286387087550592
191.25,28.7434539794922,0.00256809702492943
192.5,28.7434539794922,0.00242485804084321
193.75,28.7434539794922,0.00276618016806136
195,28.7434539794922,0.00359067499457243
196.25,28.7434539794922,0.0037404787357709
197.5,28.7434539794922,0.00295271141622984
198.75,28.7434539794922,0.00183324297999458
200,28.7434539794922,0.001593163005285
201.25,28.7434539794922,0.00321911363048011
202.5,28.7434539794922,0.0062797907433811
203.75,28.7434539794922,0.00904072528139441
205,28.7434539794922,0.0103696173314902
206.25,28.7434539794922,0.0105785833608161
207.5,28.7434539794922,0.00985719477062191
208.75,28.7434539794922,0.00921472306121261
210,28.7434539794922,0.0109111017485078
211.25,28.7434539794922,0.0133866123867033
212.5,28.7434539794922,0.0137475315737577
213.75,28.7434539794922,0.0119712142368308
215,28.7434539794922,0.00870412426829694
216.25,28.7434539794922,0.00577802609679303
217.5,28.7434539794922,0.00376049237150811
218.75,28.7434539794922,0.00148953087777335
220,28.7434539794922,-0.00101296652491565
221.25,28.7434539794922,-0.00321211172554813
222.5,28.7434539794922,-0.00409493276518151
223.75,28.7434539794922,-0.0034772518082814
225,28.7434539794922,-0.00222560177168312
226.25,28.7434539794922,-0.00138620192643944
227.5,28.7434539794922,-0.000735290314806725
228.75,28.7434539794922,-0.000746180315220309
230,28.7434539794922,-0.0022436552238307
231.25,28.7434539794922,-0.00564566202621245
232.5,28.7434539794922,-0.00954313913329511
233.75,28.7434539794922,-0.0113055201439922
235,28.7434539794922,-0.00893562478155943
236.25,28.7434539794922,-0.00373984439637574
237.5,28.7434539794922,0.00139322604301906
238.75,28.7434539794922,0.00495256095487326
240,28.7434539794922,0.00793334291106127
241.25,28.7434539794922,0.010705109286836
242.5,28.7434539794922,0.0116822076749155
243.75,28.7434539794922,0.0111134480605584
245,28.7434539794922,0.00909972004927905
246.25,28.7434539794922,0.00687261834574266
160,29.6858673095703,-0.0293763529024522
161.25,29.6858673095703,-0.0271329265308602
162.5,29.6858673095703,-0.0254698402147749
163.75,29.6858673095703,-0.0236067740372337
165,29.6858673095703,-0.0209188058027935
166.25,29.6858673095703,-0.01802249643946
167.5,29.6858673095703,-0.015547988544288
168.75,29.6858673095703,-0.0136229227209895
170,29.6858673095703,-0.0114036443783187
171.25,29.6858673095703,-0.00885667630258201
172.5,29.6858673095703,-0.00716379835118768
173.75,29.6858673095703,-0.0070483469147464
175,29.6858673095703,-0.0073748185184331
176.25,29.6858673095703,-0.00704743020032261
177.5,29.6858673095703,-0.00619925099284538
178.75,29.6858673095703,-0.00487895122847121
180,29.6858673095703,-0.00316521676228757
181.25,29.6858673095703,-0.00151103625827611
182.5,29.6858673095703,0.000343550838501494
183.75,29.6858673095703,0.00179808934507662
185,29.6858673095703,0.00259769962507419
186.25,29.6858673095703,0.00313827829327954
187.5,29.6858673095703,0.00369424980329506
188.75,29.6858673095703,0.00396441964382366
190,29.6858673095703,0.00407994756261952
191.25,29.6858673095703,0.00434333636794806
192.5,29.6858673095703,0.00476921086594054
193.75,29.6858673095703,0.00549262156691499
195,29.6858673095703,0.0059590858898387
196.25,29.6858673095703,0.00589219682701092
197.5,29.6858673095703,0.0054157834209928
198.75,29.6858673095703,0.00459634472920194
200,29.6858673095703,0.00397488022493787
201.25,29.6858673095703,0.00437196737821581
202.5,29.6858673095703,0.00591104807080798
203.75,29.6858673095703,0.00761149012182188
205,29.6858673095703,0.00879653903073415
206.25,29.6858673095703,0.00919155856220645
207.5,29.6858673095703,0.00889583350343537
208.75,29.6858673095703,0.00748488588870527
210,29.6858673095703,0.00689289880036081
211.25,29.6858673095703,0.00955556308883143
212.5,29.6858673095703,0.0145261084731755
213.75,29.6858673095703,0.0181909244860462
215,29.6858673095703,0.0178514239909758
216.25,29.6858673095703,0.0146093229258962
217.5,29.6858673095703,0.0106638661314344
218.75,29.6858673095703,0.00635334078339469
220,29.6858673095703,0.00215737233657966
221.25,29.6858673095703,-0.00108061333105141
222.5,29.6858673095703,-0.00232586894928325
223.75,29.6858673095703,-0.00206163065258194
225,29.6858673095703,-0.00118336608149765
226.25,29.6858673095703,-0.000698778908808906
227.5,29.6858673095703,-0.000944238720713338
228.75,29.6858673095703,-0.00120516564518745
230,29.6858673095703,-0.00183666213335438
231.25,29.6858673095703,-0.00379247152995584
232.5,29.6858673095703,-0.00671220397405979
233.75,29.6858673095703,-0.00924159194958273
235,29.6858673095703,-0.00897409870319915
236.25,29.6858673095703,-0.00513547407029507
237.5,29.6858673095703,7.24853908922272e-05
238.75,29.6858673095703,0.00463104270548052
240,29.6858673095703,0.00879559587941293
241.25,29.6858673095703,0.0120784011076736
242.5,29.6858673095703,0.0127203314455484
243.75,29.6858673095703,0.0115905732009853
245,29.6858673095703,0.0098283404243114
160,30.6282730102539,-0.0311472156863467
161.25,30.6282730102539,-0.0294214940475068
162.5,30.6282730102539,-0.0272001486934717
163.75,30.6282730102539,-0.0250742943230911
165,30.6282730102539,-0.0225339983521847
166.25,30.6282730102539,-0.0198881266078945
167.5,30.6282730102539,-0.0175723656689406
168.75,30.6282730102539,-0.0155133184504983
170,30.6282730102539,-0.0131332718299759
171.25,30.6282730102539,-0.0108977863585165
172.5,30.6282730102539,-0.00927250115042089
173.75,30.6282730102539,-0.00857358881036508
175,30.6282730102539,-0.00834986418395386
176.25,30.6282730102539,-0.00818127228978559
177.5,30.6282730102539,-0.00818313796189418
178.75,30.6282730102539,-0.00778185484824363
180,30.6282730102539,-0.00621777868813861
181.25,30.6282730102539,-0.00414769591050762
182.5,30.6282730102539,-0.00187642204479286
183.75,30.6282730102539,0.000119625051041646
185,30.6282730102539,0.00163234733496021
186.25,30.6282730102539,0.00282561612289489
187.5,30.6282730102539,0.00378831855253054
188.75,30.6282730102539,0.00440871861656475
190,30.6282730102539,0.00474042685072277
191.25,30.6282730102539,0.00522878209676068
192.5,30.6282730102539,0.00592294030385693
193.75,30.6282730102539,0.0067020780728736
195,30.6282730102539,0.0070677769778615
196.25,30.6282730102539,0.00706649680570866
197.5,30.6282730102539,0.00676627665172301
198.75,30.6282730102539,0.00614543659855781
200,30.6282730102539,0.00550773530718167
201.25,30.6282730102539,0.00505923495577917
202.5,30.6282730102539,0.00540887061215839
203.75,30.6282730102539,0.00672771485836073
205,30.6282730102539,0.00832430412505032
206.25,30.6282730102539,0.00951401351108302
207.5,30.6282730102539,0.00958845480698961
208.75,30.6282730102539,0.00815530559613827
210,30.6282730102539,0.00651126787840768
211.25,30.6282730102539,0.00626275674223851
212.5,30.6282730102539,0.00925485351714025
213.75,30.6282730102539,0.0162160914687145
215,30.6282730102539,0.0217892914217524
216.25,30.6282730102539,0.0223327890990484
217.5,30.6282730102539,0.0180083186406267
218.75,30.6282730102539,0.0116558750299146
220,30.6282730102539,0.00552079614255176
221.25,30.6282730102539,0.00105196067542246
222.5,30.6282730102539,-0.000748080013817487
223.75,30.6282730102539,-0.000699458472448292
225,30.6282730102539,-8.86385583507386e-05
226.25,30.6282730102539,0.00011096997289843
227.5,30.6282730102539,-0.000595023935809893
228.75,30.6282730102539,-0.00118167210972777
230,30.6282730102539,-0.00135433491009615
231.25,30.6282730102539,-0.00219624862254489
232.5,30.6282730102539,-0.00386880861998529
233.75,30.6282730102539,-0.00582383656385558
235,30.6282730102539,-0.00582558785131015
236.25,30.6282730102539,-0.0026657867202448
237.5,30.6282730102539,0.00205381734322308
238.75,30.6282730102539,0.00603169778290031
240,30.6282730102539,0.00986417462793274
241.25,30.6282730102539,0.0133927944534715
242.5,30.6282730102539,0.0136430776437192
243.75,30.6282730102539,0.0129061365877426
160,31.5706787109375,-0.0300338437225485
161.25,31.5706787109375,-0.0303343041077471
162.5,31.5706787109375,-0.0281226292993342
163.75,31.5706787109375,-0.0253429096994973
165,31.5706787109375,-0.0225540377578434
166.25,31.5706787109375,-0.0199461596859466
167.5,31.5706787109375,-0.0178916456318662
168.75,31.5706787109375,-0.0160272851208443
170,31.5706787109375,-0.0141259033082747
171.25,31.5706787109375,-0.0121804413234945
172.5,31.5706787109375,-0.0105526383600787
173.75,31.5706787109375,-0.00927791883415847
175,31.5706787109375,-0.00852731049491077
176.25,31.5706787109375,-0.00782442358832257
177.5,31.5706787109375,-0.00763293481629131
178.75,31.5706787109375,-0.00771340750285423
180,31.5706787109375,-0.00681020415192976
181.25,31.5706787109375,-0.00533667487420007
182.5,31.5706787109375,-0.00385490943536968
183.75,31.5706787109375,-0.00121526908808157
185,31.5706787109375,0.00211277770648543
186.25,31.5706787109375,0.00422094209951267
187.5,31.5706787109375,0.00478357450883019
188.75,31.5706787109375,0.00474557931728592
190,31.5706787109375,0.00487539229968737
191.25,31.5706787109375,0.00561082386255391
192.5,31.5706787109375,0.00656394073823732
193.75,31.5706787109375,0.00738828885857546
195,31.5706787109375,0.0075492959672421
196.25,31.5706787109375,0.00730874290711033
197.5,31.5706787109375,0.00694609846516488
198.75,31.5706787109375,0.00654146590386354
200,31.5706787109375,0.00609737821714989
201.25,31.5706787109375,0.00517432118965709
202.5,31.5706787109375,0.00464924268237374
203.75,31.5706787109375,0.00576194227638418
205,31.5706787109375,0.00800606340421787
206.25,31.5706787109375,0.0104281679773941
207.5,31.5706787109375,0.0113865190563503
208.75,31.5706787109375,0.0104582226509942
210,31.5706787109375,0.00856390445555762
211.25,31.5706787109375,0.00724869156945414
212.5,31.5706787109375,0.00737334125753055
213.75,31.5706787109375,0.0110692741650917
215,31.5706787109375,0.0193046627050675
216.25,31.5706787109375,0.0251550259650851
217.5,31.5706787109375,0.0239361709893831
218.75,31.5706787109375,0.0167589773406922
220,31.5706787109375,0.0090231363678902
221.25,31.5706787109375,0.00331560920536216
222.5,31.5706787109375,7.77928427029802e-05
223.75,31.5706787109375,-0.00108045384998964
225,31.5706787109375,-0.00104843789811936
226.25,31.5706787109375,-0.000911768555615837
227.5,31.5706787109375,-0.00101756861015109
228.75,31.5706787109375,-0.0009782283532824
230,31.5706787109375,-0.000556414610186607
231.25,31.5706787109375,-0.000222982150116287
232.5,31.5706787109375,-0.000430684855015592
233.75,31.5706787109375,-0.00123207334228622
235,31.5706787109375,-0.000842448510653451
236.25,31.5706787109375,0.00206072322701733
237.5,31.5706787109375,0.00578984939269089
238.75,31.5706787109375,0.00803398060558742
240,31.5706787109375,0.0104665177985733
241.25,31.5706787109375,0.0140263321560637
242.5,31.5706787109375,0.0148542332214941
243.75,31.5706787109375,0.0130346310640081
160,32.5130920410156,-0.0248265208611652
161.25,32.5130920410156,-0.0286270967766896
162.5,32.5130920410156,-0.0288624102726157
163.75,32.5130920410156,-0.0265319769523499
165,32.5130920410156,-0.0233332523606147
166.25,32.5130920410156,-0.0202133385437182
167.5,32.5130920410156,-0.0179956367506867
168.75,32.5130920410156,-0.0164900696685713
170,32.5130920410156,-0.0154268867717169
171.25,32.5130920410156,-0.0140373221433336
172.5,32.5130920410156,-0.0121756458865391
173.75,32.5130920410156,-0.0102346515371709
175,32.5130920410156,-0.00879373290603597
176.25,32.5130920410156,-0.00753094388274519
177.5,32.5130920410156,-0.00675987364226692
178.75,32.5130920410156,-0.00641171048193718
180,32.5130920410156,-0.00573453398715318
181.25,32.5130920410156,-0.00529601918739282
182.5,32.5130920410156,-0.00509009146337938
183.75,32.5130920410156,-0.00167420696792732
185,32.5130920410156,0.00350465781452576
186.25,32.5130920410156,0.00614986359624142
187.5,32.5130920410156,0.00601893046295136
188.75,32.5130920410156,0.005166902304418
190,32.5130920410156,0.00487531963774886
191.25,32.5130920410156,0.00533915252954109
192.5,32.5130920410156,0.00628650909686462
193.75,32.5130920410156,0.0073616953014701
195,32.5130920410156,0.00757825460134617
196.25,32.5130920410156,0.00716993191723024
197.5,32.5130920410156,0.00665723412061233
198.75,32.5130920410156,0.00650299288765443
200,32.5130920410156,0.00622952033725518
201.25,32.5130920410156,0.00529323800545204
202.5,32.5130920410156,0.00460649968710703
203.75,32.5130920410156,0.00560599378829627
205,32.5130920410156,0.00813798604537567
206.25,32.5130920410156,0.011261050160757
207.5,32.5130920410156,0.0133930028290267
208.75,32.5130920410156,0.0134447323972697
210,32.5130920410156,0.0120783477102622
211.25,32.5130920410156,0.0100244438013352
212.5,32.5130920410156,0.00856439469473081
213.75,32.5130920410156,0.00947195418404012
215,32.5130920410156,0.0142774974296735
216.25,32.5130920410156,0.0219967695765401
217.5,32.5130920410156,0.0254687205892035
218.75,32.5130920410156,0.020617501913668
220,32.5130920410156,0.0124607149025788
221.25,32.5130920410156,0.0056814199382383
222.5,32.5130920410156,0.00109379049258379
223.75,32.5130920410156,-0.00181526897543918
225,32.5130920410156,-0.00335152908886085
226.25,32.5130920410156,-0.00378544270998467
227.5,32.5130920410156,-0.00327302530115729
228.75,32.5130920410156,-0.00188471103861033
230,32.5130920410156,0.000274802374458713
231.25,32.5130920410156,0.00229472128326417
232.5,32.5130920410156,0.00377945461153001
233.75,32.5130920410156,0.00447752660301634
235,32.5130920410156,0.00508225636038802
236.25,32.5130920410156,0.00705988048295029
237.5,32.5130920410156,0.00925383608754259
238.75,32.5130920410156,0.00998316622113139
240,32.5130920410156,0.011228490257182
241.25,32.5130920410156,0.0135789208398806
242.5,32.5130920410156,0.0151207720290629
160,33.4554977416992,-0.016249537322133
161.25,33.4554977416992,-0.0227242155243787
162.5,33.4554977416992,-0.0269072439400653
163.75,33.4554977416992,-0.0275538870864305
165,33.4554977416992,-0.0254198334822223
166.25,33.4554977416992,-0.0221192844834973
167.5,33.4554977416992,-0.0195584748572137
168.75,33.4554977416992,-0.0183161408461749
170,33.4554977416992,-0.0177373965774088
171.25,33.4554977416992,-0.0164999827670629
172.5,33.4554977416992,-0.014282418605155
173.75,33.4554977416992,-0.0120729255651874
175,33.4554977416992,-0.0104362280363541
176.25,33.4554977416992,-0.00903170447742981
177.5,33.4554977416992,-0.00757511269781498
178.75,33.4554977416992,-0.00623944715579153
180,33.4554977416992,-0.00534579001274842
181.25,33.4554977416992,-0.00539426168879649
182.5,33.4554977416992,-0.00514211625053688
183.75,33.4554977416992,-0.00076244525749941
185,33.4554977416992,0.00531524796505414
186.25,33.4554977416992,0.00804848853908889
187.5,33.4554977416992,0.00735208548688759
188.75,33.4554977416992,0.00596461848309574
190,33.4554977416992,0.00541046686341207
191.25,33.4554977416992,0.00540155516219249
192.5,33.4554977416992,0.00583332880511322
193.75,33.4554977416992,0.00652506242200444
195,33.4554977416992,0.00689006078744194
196.25,33.4554977416992,0.00663797591199611
197.5,33.4554977416992,0.00639546628276615
198.75,33.4554977416992,0.00644868130011167
200,33.4554977416992,0.00632726357195468
201.25,33.4554977416992,0.00586251303307281
202.5,33.4554977416992,0.00560211352581375
203.75,33.4554977416992,0.00645069082623749
205,33.4554977416992,0.00870032454556534
206.25,33.4554977416992,0.0121277886250555
207.5,33.4554977416992,0.0151954591423898
208.75,33.4554977416992,0.016680978495341
210,33.4554977416992,0.0162368206197472
211.25,33.4554977416992,0.0139578590452629
212.5,33.4554977416992,0.0110161213432377
213.75,33.4554977416992,0.0100058588924845
215,33.4554977416992,0.012347049355944
216.25,33.4554977416992,0.0169206830458755
217.5,33.4554977416992,0.02133037379301
218.75,33.4554977416992,0.0204973557472024
220,33.4554977416992,0.0143659044741119
221.25,33.4554977416992,0.00767520050024273
222.5,33.4554977416992,0.0023892363421469
223.75,33.4554977416992,-0.00169977216021102
225,33.4554977416992,-0.00465595032033806
226.25,33.4554977416992,-0.00597329436507548
227.5,33.4554977416992,-0.00542859494454432
228.75,33.4554977416992,-0.00335756196822789
230,33.4554977416992,0.000338412751820021
231.25,33.4554977416992,0.00507942918978302
232.5,33.4554977416992,0.00894576594730346
233.75,33.4554977416992,0.0110535894017981
235,33.4554977416992,0.0111343654086969
236.25,33.4554977416992,0.0109753605471305
237.5,33.4554977416992,0.011422640116577
238.75,33.4554977416992,0.0115392666427691
240,33.4554977416992,0.012223014727993
241.25,33.4554977416992,0.0132470238917698
242.5,33.4554977416992,0.0145853640281009
160,34.3979034423828,-0.00621446013539741
161.25,34.3979034423828,-0.0131510192809408
162.5,34.3979034423828,-0.0198359541714704
163.75,34.3979034423828,-0.0246463239160619
165,34.3979034423828,-0.0259583571457122
166.25,34.3979034423828,-0.0244217808796184
167.5,34.3979034423828,-0.0223769303017646
168.75,34.3979034423828,-0.0213289452352832
170,34.3979034423828,-0.0207907147299121
171.25,34.3979034423828,-0.0196141566191097
172.5,34.3979034423828,-0.0174848544155251
173.75,34.3979034423828,-0.0153891290755455
175,34.3979034423828,-0.0136388567490404
176.25,34.3979034423828,-0.0120271253224239
177.5,34.3979034423828,-0.010044131394548
178.75,34.3979034423828,-0.007975219040795
180,34.3979034423828,-0.00667453515856619
181.25,34.3979034423828,-0.00617077258849043
182.5,34.3979034423828,-0.00475213428876486
183.75,34.3979034423828,-0.000359878311474888
185,34.3979034423828,0.00552202581265281
186.25,34.3979034423828,0.00887734141179342
187.5,34.3979034423828,0.00865602103402358
188.75,34.3979034423828,0.00731463470204799
190,34.3979034423828,0.00646356694514472
191.25,34.3979034423828,0.00601221279824848
192.5,34.3979034423828,0.00580050314316459
193.75,34.3979034423828,0.00578839063043063
195,34.3979034423828,0.00607998295621259
196.25,34.3979034423828,0.00619397337488272
197.5,34.3979034423828,0.00641230541348711
198.75,34.3979034423828,0.00665322507387558
200,34.3979034423828,0.00676877391857222
201.25,34.3979034423828,0.00683634730051755
202.5,34.3979034423828,0.00702969178984659
203.75,34.3979034423828,0.00787380169029155
205,34.3979034423828,0.00970512097514158
206.25,34.3979034423828,0.0128702240202048
207.5,34.3979034423828,0.0163892125299038
208.75,34.3979034423828,0.019120300877639
210,34.3979034423828,0.019826758691481
211.25,34.3979034423828,0.0177733382552252
212.5,34.3979034423828,0.0138801886581514
213.75,34.3979034423828,0.0110529262698291
215,34.3979034423828,0.011308017025936
216.25,34.3979034423828,0.0139086030725384
217.5,34.3979034423828,0.0164353757649681
218.75,34.3979034423828,0.0168097657945488
220,34.3979034423828,0.0135219511234365
221.25,34.3979034423828,0.00836284888494492
222.5,34.3979034423828,0.00309254819652299
223.75,34.3979034423828,-0.00131408132750095
225,34.3979034423828,-0.00478309958327625
226.25,34.3979034423828,-0.00673723558004405
227.5,34.3979034423828,-0.0064654834203654
228.75,34.3979034423828,-0.00407033207887762
230,34.3979034423828,0.000473849870598771
231.25,34.3979034423828,0.007696666099838
232.5,34.3979034423828,0.0144587732352633
233.75,34.3979034423828,0.0178069641887934
235,34.3979034423828,0.016708046979195
236.25,34.3979034423828,0.0137027256607655
237.5,34.3979034423828,0.0121035018385114
238.75,34.3979034423828,0.0115813042662354
240,34.3979034423828,0.012124191985257
241.25,34.3979034423828,0.013055714729672
160,35.3403167724609,0.000874071798448174
161.25,35.3403167724609,-0.00567057288019817
162.5,35.3403167724609,-0.0127897220086878
163.75,35.3403167724609,-0.0192951521380857
165,35.3403167724609,-0.0233319300525561
166.25,35.3403167724609,-0.0238934964818546
167.5,35.3403167724609,-0.0230122395101047
168.75,35.3403167724609,-0.0224869990974963
170,35.3403167724609,-0.0222458792749486
171.25,35.3403167724609,-0.0216446314431488
172.5,35.3403167724609,-0.0202475655149947
173.75,35.3403167724609,-0.0188909162684377
175,35.3403167724609,-0.0176733128339228
176.25,35.3403167724609,-0.0160753893156714
177.5,35.3403167724609,-0.0137620529161568
178.75,35.3403167724609,-0.0112312262426783
180,35.3403167724609,-0.00910881155700742
181.25,35.3403167724609,-0.00751671527063654
182.5,35.3403167724609,-0.00541601844293961
183.75,35.3403167724609,-0.00177094103498047
185,35.3403167724609,0.00338603424751862
186.25,35.3403167724609,0.00775905201842567
187.5,35.3403167724609,0.00912197316749684
188.75,35.3403167724609,0.00853196874541291
190,35.3403167724609,0.00742530233878352
191.25,35.3403167724609,0.00649645066848077
192.5,35.3403167724609,0.00592416897122157
193.75,35.3403167724609,0.00576635216455778
195,35.3403167724609,0.00607853003121877
196.25,35.3403167724609,0.00666138862258368
197.5,35.3403167724609,0.00727752890960786
198.75,35.3403167724609,0.00767001781250967
200,35.3403167724609,0.00796910797743406
201.25,35.3403167724609,0.00818306109021733
202.5,35.3403167724609,0.00850277336198091
203.75,35.3403167724609,0.00925251184267876
205,35.3403167724609,0.0107278819296998
206.25,35.3403167724609,0.0134022866737837
207.5,35.3403167724609,0.0168726291135845
208.75,35.3403167724609,0.020109905898452
210,35.3403167724609,0.0213580143670464
211.25,35.3403167724609,0.0197048218788352
212.5,35.3403167724609,0.0157999566583864
213.75,35.3403167724609,0.0122813356422447
215,35.3403167724609,0.0106500546744929
216.25,35.3403167724609,0.0114275345791154
217.5,35.3403167724609,0.0128493362702787
218.75,35.3403167724609,0.0131896989745163
220,35.3403167724609,0.0115088791943103
221.25,35.3403167724609,0.00775191903697523
222.5,35.3403167724609,0.00294293568125666
223.75,35.3403167724609,-0.0016593471302039
225,35.3403167724609,-0.00493487316868859
226.25,35.3403167724609,-0.00670966758502581
227.5,35.3403167724609,-0.00648927515645187
228.75,35.3403167724609,-0.00373994631060151
230,35.3403167724609,0.00208466003141711
231.25,35.3403167724609,0.011001434269278
232.5,35.3403167724609,0.019865974971233
233.75,35.3403167724609,0.0233893945033578
235,35.3403167724609,0.0212032187587406
236.25,35.3403167724609,0.0160341573092438
237.5,35.3403167724609,0.0126312440164993
238.75,35.3403167724609,0.0114434319091124
240,35.3403167724609,0.0106806986830678
160,36.2827224731445,0.00254243027231377
161.25,36.2827224731445,-0.00258997645033288
162.5,36.2827224731445,-0.00811380688183002
163.75,36.2827224731445,-0.0135951681583526
165,36.2827224731445,-0.017999680575205
166.25,36.2827224731445,-0.0203358250873996
167.5,36.2827224731445,-0.0212675803884509
168.75,36.2827224731445,-0.0215205397156295
170,36.2827224731445,-0.0214921473865306
171.25,36.2827224731445,-0.0214385560982191
172.5,36.2827224731445,-0.020939668253611
173.75,36.2827224731445,-0.0204829721164791
175,36.2827224731445,-0.0201711987408763
176.25,36.2827224731445,-0.0189574430522377
177.5,36.2827224731445,-0.0165162468821752
178.75,36.2827224731445,-0.0136672939002895
180,36.2827224731445,-0.0110532731556656
181.25,36.2827224731445,-0.00891005490074101
182.5,36.2827224731445,-0.00673305811973415
183.75,36.2827224731445,-0.00379415323596559
185,36.2827224731445,0.000547824444500741
186.25,36.2827224731445,0.00543929368875728
187.5,36.2827224731445,0.00855390313310975
188.75,36.2827224731445,0.00910918375272718
190,36.2827224731445,0.00830364009320969
191.25,36.2827224731445,0.00719541124816295
192.5,36.2827224731445,0.00644798097212018
193.75,36.2827224731445,0.00630756298006228
195,36.2827224731445,0.00667349293695119
196.25,36.2827224731445,0.00741865228962951
197.5,36.2827224731445,0.00826864534544261
198.75,36.2827224731445,0.00879538339875212
200,36.2827224731445,0.00927455825120977
201.25,36.2827224731445,0.00974024672034268
202.5,36.2827224731445,0.0103126581896478
203.75,36.2827224731445,0.0110726253281231
205,36.2827224731445,0.012180501906293
206.25,36.2827224731445,0.0142188881979148
207.5,36.2827224731445,0.017172440781483
208.75,36.2827224731445,0.0201151913585289
210,36.2827224731445,0.0215162650680449
211.25,36.2827224731445,0.0202940796240987
212.5,36.2827224731445,0.0169858816772621
213.75,36.2827224731445,0.0132660666925765
215,36.2827224731445,0.00992938219659012
216.25,36.2827224731445,0.00852448152017796
217.5,36.2827224731445,0.00944333963173363
218.75,36.2827224731445,0.0102817498210231
220,36.2827224731445,0.00948092067692398
221.25,36.2827224731445,0.00668857496959273
222.5,36.2827224731445,0.00249235383657926
223.75,36.2827224731445,-0.0020267593508787
225,36.2827224731445,-0.00537537212034511
226.25,36.2827224731445,-0.00684603864726528
227.5,36.2827224731445,-0.00624769712201454
228.75,36.2827224731445,-0.00264226103760024
230,36.2827224731445,0.00474522265496995
231.25,36.2827224731445,0.0152178561400894
232.5,36.2827224731445,0.025586178992358
233.75,36.2827224731445,0.0283905143759039
235,36.2827224731445,0.0237593692921587
236.25,36.2827224731445,0.016928768919381
237.5,36.2827224731445,0.0131124540138377
238.75,36.2827224731445,0.0121517438790572
160,37.2251281738281,-2.7607682234309e-05
161.25,37.2251281738281,-0.00423447143558964
162.5,37.2251281738281,-0.00790605954672628
163.75,37.2251281738281,-0.0110549132942424
165,37.2251281738281,-0.0129394320117098
166.25,37.2251281738281,-0.0139135714042533
167.5,37.2251281738281,-0.0152213724190196
168.75,37.2251281738281,-0.0168255920948042
170,37.2251281738281,-0.0176804615284255
171.25,37.2251281738281,-0.0179202558450459
172.5,37.2251281738281,-0.0183696219299069
173.75,37.2251281738281,-0.0192878781520153
175,37.2251281738281,-0.0200335958314809
176.25,37.2251281738281,-0.0194679987292903
177.5,37.2251281738281,-0.0174937807791101
178.75,37.2251281738281,-0.0147769398421725
180,37.2251281738281,-0.0120537253452181
181.25,37.2251281738281,-0.00971711020825227
182.5,37.2251281738281,-0.00741955332627263
183.75,37.2251281738281,-0.00461349480664319
185,37.2251281738281,-0.000576130315010023
186.25,37.2251281738281,0.0042859226383861
187.5,37.2251281738281,0.00774081678518911
188.75,37.2251281738281,0.00878237455843685
190,37.2251281738281,0.00878014367990914
191.25,37.2251281738281,0.00822582987539809
192.5,37.2251281738281,0.00766559433824125
193.75,37.2251281738281,0.00770009355933411
195,37.2251281738281,0.0078590076964384
196.25,37.2251281738281,0.00813318919776222
197.5,37.2251281738281,0.00883825631142974
198.75,37.2251281738281,0.00955986051948966
200,37.2251281738281,0.0103327641188056
201.25,37.2251281738281,0.0113154547073371
202.5,37.2251281738281,0.0122396861648618
203.75,37.2251281738281,0.0130751619728381
205,37.2251281738281,0.0140579407482775
206.25,37.2251281738281,0.0156621616434839
207.5,37.2251281738281,0.0178438708462403
208.75,37.2251281738281,0.0197070521996103
210,37.2251281738281,0.0209402194859772
211.25,37.2251281738281,0.0204649391020041
212.5,37.2251281738281,0.0180732287111297
213.75,37.2251281738281,0.0138796321712939
215,37.2251281738281,0.00909504898747832
216.25,37.2251281738281,0.006309361126007
217.5,37.2251281738281,0.00630398810358105
218.75,37.2251281738281,0.0071550379714435
220,37.2251281738281,0.00690298517517416
221.25,37.2251281738281,0.0051034057593641
222.5,37.2251281738281,0.00178711614983453
223.75,37.2251281738281,-0.00205923009471076
225,37.2251281738281,-0.00525039796576293
226.25,37.2251281738281,-0.00630870445312231
227.5,37.2251281738281,-0.00500515031619491
228.75,37.2251281738281,-0.000560342843977344
230,37.2251281738281,0.00824837320657997
231.25,37.2251281738281,0.0203934922024568
232.5,37.2251281738281,0.0309420415243216
233.75,37.2251281738281,0.0317983360784632
235,37.2251281738281,0.0247848641556989
236.25,37.2251281738281,0.0173062346443437
237.5,37.2251281738281,0.0141969374648098
238.75,37.2251281738281,0.0122376829751258
160,38.1675415039062,0.00295861057531487
161.25,38.1675415039062,-0.00168499291864249
162.5,38.1675415039062,-0.0043825679497576
163.75,38.1675415039062,-0.0050053073869856
165,38.1675415039062,-0.00449584089977703
166.25,38.1675415039062,-0.00465186401606736
167.5,38.1675415039062,-0.00583609252688842
168.75,38.1675415039062,-0.00811572069953844
170,38.1675415039062,-0.0103083099293167
171.25,38.1675415039062,-0.0115238431778223
172.5,38.1675415039062,-0.0132516513960653
173.75,38.1675415039062,-0.0151876221005405
175,38.1675415039062,-0.0165728667329967
176.25,38.1675415039062,-0.0169264259318451
177.5,38.1675415039062,-0.0158490535705532
178.75,38.1675415039062,-0.0136015081614068
180,38.1675415039062,-0.0112353885862689
181.25,38.1675415039062,-0.00921790291654739
182.5,38.1675415039062,-0.00702258206883184
183.75,38.1675415039062,-0.00411659616831806
185,38.1675415039062,-0.000192655847440103
186.25,38.1675415039062,0.00427654683388167
187.5,38.1675415039062,0.00737915377308249
188.75,38.1675415039062,0.00874372553297011
190,38.1675415039062,0.0093744312084753
191.25,38.1675415039062,0.00921246928708925
192.5,38.1675415039062,0.00864721755053063
193.75,38.1675415039062,0.00854496551041414
195,38.1675415039062,0.0085008840614933
196.25,38.1675415039062,0.00838513482240271
197.5,38.1675415039062,0.00877346796776128
198.75,38.1675415039062,0.00994116285692176
200,38.1675415039062,0.0114639980300312
201.25,38.1675415039062,0.0132339690322489
202.5,38.1675415039062,0.014570973211083
203.75,38.1675415039062,0.0152149820069964
205,38.1675415039062,0.015660977291716
206.25,38.1675415039062,0.0164989777885298
207.5,38.1675415039062,0.0178263772548162
208.75,38.1675415039062,0.0191629918425648
210,38.1675415039062,0.0202108506985386
211.25,38.1675415039062,0.0203924011390195
212.5,38.1675415039062,0.0187377757907533
213.75,38.1675415039062,0.0144270272568781
215,38.1675415039062,0.00858190969301379
216.25,38.1675415039062,0.00439266974807434
217.5,38.1675415039062,0.00320923228996376
218.75,38.1675415039062,0.00377005062720691
220,38.1675415039062,0.00403849941093443
221.25,38.1675415039062,0.00308707421297741
222.5,38.1675415039062,0.000980010744870176
223.75,38.1675415039062,-0.00201594822947982
225,38.1675415039062,-0.00473743065305911
226.25,38.1675415039062,-0.00514176070967415
227.5,38.1675415039062,-0.00287048772970077
228.75,38.1675415039062,0.00214893955319211
230,38.1675415039062,0.0114790126206564
231.25,38.1675415039062,0.0244406749342239
232.5,38.1675415039062,0.0344208595990193
233.75,38.1675415039062,0.0332224741856298
235,38.1675415039062,0.0256566474389355
236.25,38.1675415039062,0.0197071812070248
237.5,38.1675415039062,0.0144510961329496
160,39.1099548339844,0.0159281100039829
161.25,39.1099548339844,0.010530335943584
162.5,39.1099548339844,0.00764434718046517
163.75,39.1099548339844,0.00721289947084454
165,39.1099548339844,0.00697218107456171
166.25,39.1099548339844,0.00490459842811418
167.5,39.1099548339844,0.00289741466136661
168.75,39.1099548339844,0.00168612158576179
170,39.1099548339844,0.000317468604238587
171.25,39.1099548339844,-0.00168681504286609
172.5,39.1099548339844,-0.00480361584326598
173.75,39.1099548339844,-0.00764898241476982
175,39.1099548339844,-0.00949431584411963
176.25,39.1099548339844,-0.0115824944874889
177.5,39.1099548339844,-0.0118492229081216
178.75,39.1099548339844,-0.0104426501199422
180,39.1099548339844,-0.00893500703430584
181.25,39.1099548339844,-0.0074118699454192
182.5,39.1099548339844,-0.00547640093989464
183.75,39.1099548339844,-0.00275408312581199
185,39.1099548339844,0.000868377349524805
186.25,39.1099548339844,0.00483092784820264
187.5,39.1099548339844,0.007802888526603
188.75,39.1099548339844,0.00943247123934059
190,39.1099548339844,0.0101499503672442
191.25,39.1099548339844,0.00984755296628289
192.5,39.1099548339844,0.00906862922506328
193.75,39.1099548339844,0.00895698262260495
195,39.1099548339844,0.00896809821937904
196.25,39.1099548339844,0.00869395951979713
197.5,39.1099548339844,0.00878662599333585
198.75,39.1099548339844,0.00992626394892915
200,39.1099548339844,0.0121288666368112
201.25,39.1099548339844,0.0147362527595522
202.5,39.1099548339844,0.0164173390568422
203.75,39.1099548339844,0.016472569848092
205,39.1099548339844,0.0157583218280273
206.25,39.1099548339844,0.0154060380263122
207.5,39.1099548339844,0.0159617363584208
208.75,39.1099548339844,0.017281430997055
210,39.1099548339844,0.0186740601706297
211.25,39.1099548339844,0.0194066430079195
212.5,39.1099548339844,0.0179741789199156
213.75,39.1099548339844,0.013918944196701
215,39.1099548339844,0.00794653720199155
216.25,39.1099548339844,0.0030244189398516
217.5,39.1099548339844,0.000975224362018628
218.75,39.1099548339844,0.000997542832774915
220,39.1099548339844,0.00138629758425816
221.25,39.1099548339844,0.0011366801364903
222.5,39.1099548339844,-3.1769113420416e-05
223.75,39.1099548339844,-0.00246576170198545
225,39.1099548339844,-0.00468795115409824
226.25,39.1099548339844,-0.00449678727947807
227.5,39.1099548339844,-0.00123130611909387
228.75,39.1099548339844,0.00460111301066369
230,39.1099548339844,0.0138725436580039
231.25,39.1099548339844,0.02619623848987
232.5,39.1099548339844,0.0352651315582507
233.75,39.1099548339844,0.0335893471595645
235,39.1099548339844,0.0269389870881018
236.25,39.1099548339844,0.0229881256888815
160,40.0523529052734,0.0266283211147369
161.25,40.0523529052734,0.0236510236380869
162.5,40.0523529052734,0.0204470825304869
163.75,40.0523529052734,0.0185173380108766
165,40.0523529052734,0.0161176457333065
166.25,40.0523529052734,0.0120535782311159
167.5,40.0523529052734,0.0100127381891745
168.75,40.0523529052734,0.00982820848790236
170,40.0523529052734,0.00924565460070908
171.25,40.0523529052734,0.00690840444061537
172.5,40.0523529052734,0.00261926375454524
173.75,40.0523529052734,-0.00124452434108707
175,40.0523529052734,-0.0034004037309439
176.25,40.0523529052734,-0.00580725126308969
177.5,40.0523529052734,-0.00684507639629517
178.75,40.0523529052734,-0.00650823212254826
180,40.0523529052734,-0.00559896925927861
181.25,40.0523529052734,-0.00430433958157074
182.5,40.0523529052734,-0.00291595843790508
183.75,40.0523529052734,-0.00096173665138158
185,40.0523529052734,0.00176184042637788
186.25,40.0523529052734,0.0050125778874352
187.5,40.0523529052734,0.00813059768128396
188.75,40.0523529052734,0.00989660693196595
190,40.0523529052734,0.0104534924496468
191.25,40.0523529052734,0.00989717315483084
192.5,40.0523529052734,0.00915197006152241
193.75,40.0523529052734,0.00917909061403669
195,40.0523529052734,0.00950643382511949
196.25,40.0523529052734,0.00946136547674058
197.5,40.0523529052734,0.00939108895850084
198.75,40.0523529052734,0.0101680710656851
200,40.0523529052734,0.0125789637166617
201.25,40.0523529052734,0.0154062207746579
202.5,40.0523529052734,0.0167676952506067
203.75,40.0523529052734,0.0159516518181368
205,40.0523529052734,0.0140325268278306
206.25,40.0523529052734,0.0124489080037688
207.5,40.0523529052734,0.0120470582272924
208.75,40.0523529052734,0.0130361057469518
210,40.0523529052734,0.0147004536954193
211.25,40.0523529052734,0.0155704593023352
212.5,40.0523529052734,0.0142936433713902
213.75,40.0523529052734,0.0108170945029951
215,40.0523529052734,0.00618766725833574
216.25,40.0523529052734,0.00240323902964493
217.5,40.0523529052734,0.000271084382779387
218.75,40.0523529052734,-0.000573061862111033
220,40.0523529052734,-0.00066009809775446
221.25,40.0523529052734,-0.000675860232367003
222.5,40.0523529052734,-0.00147853158985832
223.75,40.0523529052734,-0.00338049431058983
225,40.0523529052734,-0.00534434930780332
226.25,40.0523529052734,-0.00482808317475321
227.5,40.0523529052734,-0.000750314484045009
228.75,40.0523529052734,0.00607683936327473
230,40.0523529052734,0.0149782233307189
231.25,40.0523529052734,0.0262169781659486
232.5,40.0523529052734,0.0352732552470299
233.75,40.0523529052734,0.0357313605568236
235,40.0523529052734,0.0315525717679129
236.25,40.0523529052734,0.0264114642796226
160,40.9947662353516,0.0220609013658905
161.25,40.9947662353516,0.0231567439556265
162.5,40.9947662353516,0.0211280390672896
163.75,40.9947662353516,0.019275641224667
165,40.9947662353516,0.017292747227284
166.25,40.9947662353516,0.0147117775495936
167.5,40.9947662353516,0.0145406652224504
168.75,40.9947662353516,0.0158558460527553
170,40.9947662353516,0.0166518091292787
171.25,40.9947662353516,0.0154090968077852
172.5,40.9947662353516,0.0114046827012409
173.75,40.9947662353516,0.00618741383192806
175,40.9947662353516,0.00177778244319237
176.25,40.9947662353516,-0.00135694406818941
177.5,40.9947662353516,-0.0030756368999528
178.75,40.9947662353516,-0.00361280986538934
180,40.9947662353516,-0.00319157056025092
181.25,40.9947662353516,-0.00212169294581447
182.5,40.9947662353516,-0.00102983498310137
183.75,40.9947662353516,0.000268547900945242
185,40.9947662353516,0.00203456342278561
186.25,40.9947662353516,0.00436567619597491
187.5,40.9947662353516,0.0072681177832783
188.75,40.9947662353516,0.00953321170024468
190,40.9947662353516,0.0103549459460473
191.25,40.9947662353516,0.010084073680987
192.5,40.9947662353516,0.00974466504839202
193.75,40.9947662353516,0.0100052490675603
195,40.9947662353516,0.0104275519203824
196.25,40.9947662353516,0.0102929140147138
197.5,40.9947662353516,0.0100240925904485
198.75,40.9947662353516,0.0106851211680506
200,40.9947662353516,0.0128332044089383
201.25,40.9947662353516,0.015351166020963
202.5,40.9947662353516,0.0160019038626906
203.75,40.9947662353516,0.0145077880692526
205,40.9947662353516,0.0117365872600311
206.25,40.9947662353516,0.00925151189739967
207.5,40.9947662353516,0.00818362595997241
208.75,40.9947662353516,0.0085189562326937
210,40.9947662353516,0.00911726555745855
211.25,40.9947662353516,0.00864996419917924
212.5,40.9947662353516,0.0070764573911291
213.75,40.9947662353516,0.00514049297405661
215,40.9947662353516,0.0032447404601314
216.25,40.9947662353516,0.00148649075089593
217.5,40.9947662353516,-0.000214041989799347
218.75,40.9947662353516,-0.00172078183039407
220,40.9947662353516,-0.00250629344307361
221.25,40.9947662353516,-0.00273214384985629
222.5,40.9947662353516,-0.0034425349325944
223.75,40.9947662353516,-0.00490959509121486
225,40.9947662353516,-0.00605517866023302
226.25,40.9947662353516,-0.00478297798920554
227.5,40.9947662353516,-0.000423444974595916
228.75,40.9947662353516,0.00672404997740681
230,40.9947662353516,0.0151378847169754
231.25,40.9947662353516,0.0252263525451782
232.5,40.9947662353516,0.0346896382660729
233.75,40.9947662353516,0.0381920868479962
235,40.9947662353516,0.0361069210451217
236.25,40.9947662353516,0.0360567493730713
160,41.9371795654297,0.0123833039723353
161.25,41.9371795654297,0.0156209695688058
162.5,41.9371795654297,0.015163182450743
163.75,41.9371795654297,0.0138008161051659
165,41.9371795654297,0.0128912725002729
166.25,41.9371795654297,0.0126632165675219
167.5,41.9371795654297,0.0142324874369681
168.75,41.9371795654297,0.0167816663854907
170,41.9371795654297,0.0186748504222948
171.25,41.9371795654297,0.0189079466164059
172.5,41.9371795654297,0.0170798005304734
173.75,41.9371795654297,0.0126076040109158
175,41.9371795654297,0.00656365549089737
176.25,41.9371795654297,0.00210081104095872
177.5,41.9371795654297,-4.18221754922387e-06
178.75,41.9371795654297,-0.00108090873246595
180,41.9371795654297,-0.00134273054270832
181.25,41.9371795654297,-0.000867012507644343
182.5,41.9371795654297,-0.000126488148237761
183.75,41.9371795654297,0.000779841054319802
185,41.9371795654297,0.00191960535577584
186.25,41.9371795654297,0.00349857512979089
187.5,41.9371795654297,0.00596646805835669
188.75,41.9371795654297,0.00862341189747436
190,41.9371795654297,0.0102823461423216
191.25,41.9371795654297,0.0110488384545219
192.5,41.9371795654297,0.0113600698109433
193.75,41.9371795654297,0.011712494630395
195,41.9371795654297,0.0118399552184964
196.25,41.9371795654297,0.0113871481870921
197.5,41.9371795654297,0.0109617944591318
198.75,41.9371795654297,0.0116490954493803
200,41.9371795654297,0.0136404369505327
201.25,41.9371795654297,0.0154592338915203
202.5,41.9371795654297,0.0153899251913625
203.75,41.9371795654297,0.0133210877081309
205,41.9371795654297,0.00996870782052802
206.25,41.9371795654297,0.00680644479000916
207.5,41.9371795654297,0.00500753496792589
208.75,41.9371795654297,0.0045153647658177
210,41.9371795654297,0.00384146548845401
211.25,41.9371795654297,0.00204282838634658
212.5,41.9371795654297,-7.04359887994732e-05
213.75,41.9371795654297,-0.00114515121476987
215,41.9371795654297,-0.000808488613934226
216.25,41.9371795654297,-0.000423856403248939
217.5,41.9371795654297,-0.00144300888968543
218.75,41.9371795654297,-0.00347852290953041
220,41.9371795654297,-0.00471247212702091
221.25,41.9371795654297,-0.00490921702322733
222.5,41.9371795654297,-0.00546070277695717
223.75,41.9371795654297,-0.00617658390915988
225,41.9371795654297,-0.00577289609828069
226.25,41.9371795654297,-0.00350489480521678
227.5,41.9371795654297,0.00114133898787752
228.75,41.9371795654297,0.0077943027091259
230,41.9371795654297,0.0152134518385672
231.25,41.9371795654297,0.023792361490483
232.5,41.9371795654297,0.0331473130839595
233.75,41.9371795654297,0.0392841505335439
235,41.9371795654297,0.0396197883714905
236.25,41.9371795654297,0.039578453476172
160,42.8795776367188,0.00834841999100864
161.25,42.8795776367188,0.00945360695675946
162.5,42.8795776367188,0.00821341592378984
163.75,42.8795776367188,0.00712633598175757
165,42.8795776367188,0.00697609054544545
166.25,42.8795776367188,0.00801371975686898
167.5,42.8795776367188,0.0103857203845145
168.75,42.8795776367188,0.0139358100767745
170,42.8795776367188,0.0180034320267608
171.25,42.8795776367188,0.0207464091413119
172.5,42.8795776367188,0.0206739910969328
173.75,42.8795776367188,0.0170773022880421
175,42.8795776367188,0.0110020877974216
176.25,42.8795776367188,0.00554537583358167
177.5,42.8795776367188,0.00251967712893348
178.75,42.8795776367188,0.000547024320813111
180,42.8795776367188,-0.000482513955374
181.25,42.8795776367188,-0.000702729915365475
182.5,42.8795776367188,-0.000475348791989812
183.75,42.8795776367188,0.00030847423704191
185,42.8795776367188,0.00153457721692662
186.25,42.8795776367188,0.00301523932855409
187.5,42.8795776367188,0.00523956658830227
188.75,42.8795776367188,0.00788082955966056
190,42.8795776367188,0.0104851911956543
191.25,42.8795776367188,0.0121913879201204
192.5,42.8795776367188,0.0129542342385176
193.75,42.8795776367188,0.01320571937231
195,42.8795776367188,0.0131562328521279
196.25,42.8795776367188,0.0127738843344106
197.5,42.8795776367188,0.0125576898962123
198.75,42.8795776367188,0.0132845951121268
200,42.8795776367188,0.0148821081763312
201.25,42.8795776367188,0.015894942430709
202.5,42.8795776367188,0.0150440555048363
203.75,42.8795776367188,0.0126913990940131
205,42.8795776367188,0.00960779115414588
206.25,42.8795776367188,0.00635297836544651
207.5,42.8795776367188,0.00362399661824158
208.75,42.8795776367188,0.00154712856667087
210,42.8795776367188,-0.000640667305568259
211.25,42.8795776367188,-0.00328802594368276
212.5,42.8795776367188,-0.00547758789675362
213.75,42.8795776367188,-0.00606130309380486
215,42.8795776367188,-0.00467191870974707
216.25,42.8795776367188,-0.00321547429001422
217.5,42.8795776367188,-0.00395178306555641
218.75,42.8795776367188,-0.0061729820343038
220,42.8795776367188,-0.00739278920802829
221.25,42.8795776367188,-0.00709791506390912
222.5,42.8795776367188,-0.0066516269436016
223.75,42.8795776367188,-0.00578906438032707
225,42.8795776367188,-0.00359122231177704
226.25,42.8795776367188,-0.000132638116707411
227.5,42.8795776367188,0.0042253794739415
228.75,42.8795776367188,0.00978149022927545
230,42.8795776367188,0.0158889493645242
231.25,42.8795776367188,0.0229893615208685
232.5,42.8795776367188,0.0316622365976608
233.75,42.8795776367188,0.0390813188609894
235,42.8795776367188,0.0420371969834189
236.25,42.8795776367188,0.0424198248326798
160,43.8219909667969,0.00872401962288564
161.25,43.8219909667969,0.00708216853176743
162.5,43.8219909667969,0.00437177039325387
163.75,43.8219909667969,0.00399017916368471
165,43.8219909667969,0.00454413823202066
166.25,43.8219909667969,0.00573395339594859
167.5,43.8219909667969,0.00784104841559243
168.75,43.8219909667969,0.0113696853244418
170,43.8219909667969,0.0167482875974623
171.25,43.8219909667969,0.0208163107245267
172.5,43.8219909667969,0.0208716325964464
173.75,43.8219909667969,0.0180796827690595
175,43.8219909667969,0.0134235316435213
176.25,43.8219909667969,0.00856087977496955
177.5,43.8219909667969,0.00467961151682748
178.75,43.8219909667969,0.0017921142871398
180,43.8219909667969,8.15848833657163e-05
181.25,43.8219909667969,-0.000684680301688536
182.5,43.8219909667969,-0.000892799792645412
183.75,43.8219909667969,-0.000227352416314496
185,43.8219909667969,0.00121562438997467
186.25,43.8219909667969,0.0029548064121934
187.5,43.8219909667969,0.00519649748619359
188.75,43.8219909667969,0.00804769313223416
190,43.8219909667969,0.01127812239499
191.25,43.8219909667969,0.0136847818863914
192.5,43.8219909667969,0.0146931223064437
193.75,43.8219909667969,0.0150477906159314
195,43.8219909667969,0.015169959084896
196.25,43.8219909667969,0.0150302868132981
197.5,43.8219909667969,0.0149305400782078
198.75,43.8219909667969,0.0153443401782666
200,43.8219909667969,0.0161276755943902
201.25,43.8219909667969,0.0160704611948874
202.5,43.8219909667969,0.0143614027934344
203.75,43.8219909667969,0.0116747847924697
205,43.8219909667969,0.00909054648115735
206.25,43.8219909667969,0.00641168551892254
207.5,43.8219909667969,0.00345809771686088
208.75,43.8219909667969,0.000451903855162
210,43.8219909667969,-0.00285032275988607
211.25,43.8219909667969,-0.00630178287588906
212.5,43.8219909667969,-0.0088555604023069
213.75,43.8219909667969,-0.00937764687256947
215,43.8219909667969,-0.00793851781025054
216.25,43.8219909667969,-0.00649526438354572
217.5,43.8219909667969,-0.00689211540210072
218.75,43.8219909667969,-0.00874754099188184
220,43.8219909667969,-0.00962048806598467
221.25,43.8219909667969,-0.00856921802456831
222.5,43.8219909667969,-0.00666031857122567
223.75,43.8219909667969,-0.00394019443436953
225,43.8219909667969,3.67079845094785e-05
226.25,43.8219909667969,0.0046252553372967
227.5,43.8219909667969,0.00894372118018915
228.75,43.8219909667969,0.0129143477017533
230,43.8219909667969,0.0173152105259763
231.25,43.8219909667969,0.0231479637269784
232.5,43.8219909667969,0.03096105094419
233.75,43.8219909667969,0.0383401960634872
235,43.8219909667969,0.0423629773810601
236.25,43.8219909667969,0.043162888009251
160,44.764404296875,0.00902438983264147
161.25,44.764404296875,0.00686735687287414
162.5,44.764404296875,0.00519961326536151
163.75,44.764404296875,0.00616730209091364
165,44.764404296875,0.00689696260716676
166.25,44.764404296875,0.00706605480702289
167.5,44.764404296875,0.00798081407006741
168.75,44.764404296875,0.0104474946781991
170,44.764404296875,0.0150025465685213
171.25,44.764404296875,0.0184971559631084
172.5,44.764404296875,0.0186543464411581
173.75,44.764404296875,0.0172653495926834
175,44.764404296875,0.0144087466758674
176.25,44.764404296875,0.0105321112160573
177.5,44.764404296875,0.00618146113994548
178.75,44.764404296875,0.00276250843847318
180,44.764404296875,0.00074085010651851
181.25,44.764404296875,-7.62354667335854e-05
182.5,44.764404296875,-5.45658867544964e-05
183.75,44.764404296875,0.0010626876646982
185,44.764404296875,0.00299838442593932
186.25,44.764404296875,0.00497177728471979
187.5,44.764404296875,0.00700877858817175
188.75,44.764404296875,0.0096751710906752
190,44.764404296875,0.0128649663630044
191.25,44.764404296875,0.0153794839503296
192.5,44.764404296875,0.0165704620948647
193.75,44.764404296875,0.017604695871212
195,44.764404296875,0.0186172041205722
196.25,44.764404296875,0.0190222965811062
197.5,44.764404296875,0.0186960425236347
198.75,44.764404296875,0.0183769828116591
200,44.764404296875,0.0178276271382897
201.25,44.764404296875,0.0161898271074126
202.5,44.764404296875,0.0134248741580463
203.75,44.764404296875,0.0102929178593371
205,44.764404296875,0.00765812583584999
206.25,44.764404296875,0.00532001564023727
207.5,44.764404296875,0.00285873043250052
208.75,44.764404296875,-0.000120697299507839
210,44.764404296875,-0.0036990669658711
211.25,44.764404296875,-0.00746138538084328
212.5,44.764404296875,-0.0101780186335399
213.75,44.764404296875,-0.010987707320276
215,44.764404296875,-0.0102308667841183
216.25,44.764404296875,-0.00920693406069662
217.5,44.764404296875,-0.00905194832845912
218.75,44.764404296875,-0.00981942871616411
220,44.764404296875,-0.00988106079652642
221.25,44.764404296875,-0.00815066950622129
222.5,44.764404296875,-0.00492704261760356
223.75,44.764404296875,-0.000473428636219279
225,44.764404296875,0.00488584650655039
226.25,44.764404296875,0.0102817569300063
227.5,44.764404296875,0.0143051549316686
228.75,44.764404296875,0.0168892329820056
230,44.764404296875,0.0195593654831387
231.25,44.764404296875,0.0243450755249274
232.5,44.764404296875,0.0315885441479539
233.75,44.764404296875,0.0386376346195585
235,44.764404296875,0.0423581640526127
236.25,44.764404296875,0.0430786661229068
160,45.7068023681641,0.00675328162987253
161.25,45.7068023681641,0.00615365318478814
162.5,45.7068023681641,0.0073081104683901
163.75,45.7068023681641,0.00961851951583211
165,45.7068023681641,0.0104803903724261
166.25,45.7068023681641,0.00993320895649434
167.5,45.7068023681641,0.00998356273218898
168.75,45.7068023681641,0.0111796677933591
170,45.7068023681641,0.0136615442069323
171.25,45.7068023681641,0.0160139334985364
172.5,45.7068023681641,0.0177345559755475
173.75,45.7068023681641,0.018624173820429
175,45.7068023681641,0.0171416553815319
176.25,45.7068023681641,0.0138823080313123
177.5,45.7068023681641,0.010032003208717
178.75,45.7068023681641,0.0063186204878801
180,45.7068023681641,0.00391320891066051
181.25,45.7068023681641,0.00285392680556595
182.5,45.7068023681641,0.0032115575697477
183.75,45.7068023681641,0.00492183209088302
185,45.7068023681641,0.00753806874116064
186.25,45.7068023681641,0.010019047435407
187.5,45.7068023681641,0.0120905199186071
188.75,45.7068023681641,0.0142254951037703
190,45.7068023681641,0.0166316489853129
191.25,45.7068023681641,0.0183917010086968
192.5,45.7068023681641,0.019464152338641
193.75,45.7068023681641,0.0209864759506415
195,45.7068023681641,0.0226835163806538
196.25,45.7068023681641,0.023280502601883
197.5,45.7068023681641,0.0225382450178533
198.75,45.7068023681641,0.0214359522232428
200,45.7068023681641,0.0198759476752637
201.25,45.7068023681641,0.0169763587428405
202.5,45.7068023681641,0.0130738459390796
203.75,45.7068023681641,0.00934325440776498
205,45.7068023681641,0.0065111533739318
206.25,45.7068023681641,0.00421580708959783
207.5,45.7068023681641,0.00185010822129897
208.75,45.7068023681641,-0.00104990185203723
210,45.7068023681641,-0.00472644003878472
211.25,45.7068023681641,-0.0084804869375314
212.5,45.7068023681641,-0.0110101829698525
213.75,45.7068023681641,-0.0117695818175189
215,45.7068023681641,-0.011146738284763
216.25,45.7068023681641,-0.00997062699877644
217.5,45.7068023681641,-0.00883726765225516
218.75,45.7068023681641,-0.00831696145248643
220,45.7068023681641,-0.00785519842008248
221.25,45.7068023681641,-0.00599538684399108
222.5,45.7068023681641,-0.00232200192679295
223.75,45.7068023681641,0.00334889714130191
225,45.7068023681641,0.0100772723270093
226.25,45.7068023681641,0.0155671980156547
227.5,45.7068023681641,0.0189114835691349
228.75,45.7068023681641,0.0206853535545599
230,45.7068023681641,0.0224015589747485
231.25,45.7068023681641,0.0263097183040161
232.5,45.7068023681641,0.0337304796306166
233.75,45.7068023681641,0.0405653041637438
235,45.7068023681641,0.0433349696767063
236.25,45.7068023681641,0.0432556388640348
160,46.6492156982422,0.00424861545278092
161.25,46.6492156982422,0.0056024022088949
162.5,46.6492156982422,0.00888046737667591
163.75,46.6492156982422,0.0126119131038858
165,46.6492156982422,0.0151565041693371
166.25,46.6492156982422,0.0164401430940561
167.5,46.6492156982422,0.0174871813567152
168.75,46.6492156982422,0.0181992131906368
170,46.6492156982422,0.0190434714193111
171.25,46.6492156982422,0.0210504271422792
172.5,46.6492156982422,0.0240679563633645
173.75,46.6492156982422,0.0254783634472123
175,46.6492156982422,0.0237447368588389
176.25,46.6492156982422,0.0203005680623295
177.5,46.6492156982422,0.0166546056115614
178.75,46.6492156982422,0.0131735499797718
180,46.6492156982422,0.0104810210173571
181.25,46.6492156982422,0.00932876715863889
182.5,46.6492156982422,0.0101837995015917
183.75,46.6492156982422,0.0127319921467136
185,46.6492156982422,0.0155848317684538
186.25,46.6492156982422,0.0179253219242187
187.5,46.6492156982422,0.0195139023043451
188.75,46.6492156982422,0.0204535138404127
190,46.6492156982422,0.0210580351336572
191.25,46.6492156982422,0.0214265836648501
192.5,46.6492156982422,0.0221832856420479
193.75,46.6492156982422,0.0239420352698338
195,46.6492156982422,0.0259991520306491
196.25,46.6492156982422,0.02633398719233
197.5,46.6492156982422,0.0250881791589803
198.75,46.6492156982422,0.0232873770488752
200,46.6492156982422,0.0211756532380094
201.25,46.6492156982422,0.0179506643024186
202.5,46.6492156982422,0.0135717861867454
203.75,46.6492156982422,0.00928835119583571
205,46.6492156982422,0.00603382302344683
206.25,46.6492156982422,0.00355771061355577
207.5,46.6492156982422,0.00117747812368208
208.75,46.6492156982422,-0.00189191345304109
210,46.6492156982422,-0.00552404324142807
211.25,46.6492156982422,-0.00916454334863287
212.5,46.6492156982422,-0.0115162617989406
213.75,46.6492156982422,-0.0118884748942043
215,46.6492156982422,-0.0108396849137745
216.25,46.6492156982422,-0.00899689760504432
217.5,46.6492156982422,-0.00688152168701042
218.75,46.6492156982422,-0.00526601540523651
220,46.6492156982422,-0.00429726461111893
221.25,46.6492156982422,-0.00297284887830506
222.5,46.6492156982422,0.000570828320083779
223.75,46.6492156982422,0.00679861236352742
225,46.6492156982422,0.0136571000516956
226.25,46.6492156982422,0.0189190910134446
227.5,46.6492156982422,0.021983680745912
228.75,46.6492156982422,0.0237696506766882
230,46.6492156982422,0.025810372487637
231.25,46.6492156982422,0.0299563786015618
232.5,46.6492156982422,0.036846844387768
233.75,46.6492156982422,0.0428411164738003
235,46.6492156982422,0.0433493550156106
236.25,46.6492156982422,0.0415211331597213
160,47.5916290283203,0.0030083779306679
161.25,47.5916290283203,0.00752913721438864
162.5,47.5916290283203,0.012849506249471
163.75,47.5916290283203,0.0177859340546826
165,47.5916290283203,0.0223065596110618
166.25,47.5916290283203,0.0257474906969839
167.5,47.5916290283203,0.0282182868375999
168.75,47.5916290283203,0.0299718735398287
170,47.5916290283203,0.0318876311940967
171.25,47.5916290283203,0.0348865896395198
172.5,47.5916290283203,0.0373129235749255
173.75,47.5916290283203,0.0375189818211566
175,47.5916290283203,0.0357072159733248
176.25,47.5916290283203,0.0326183868516082
177.5,47.5916290283203,0.0283686958973315
178.75,47.5916290283203,0.02350185699566
180,47.5916290283203,0.0190412639937191
181.25,47.5916290283203,0.0166260779399639
182.5,47.5916290283203,0.0171469436549766
183.75,47.5916290283203,0.0194988047392605
185,47.5916290283203,0.0223192391649536
186.25,47.5916290283203,0.0248709765118186
187.5,47.5916290283203,0.0265854742101209
188.75,47.5916290283203,0.0270200490543541
190,47.5916290283203,0.0258764376116754
191.25,47.5916290283203,0.0242166255094192
192.5,47.5916290283203,0.0235062496818672
193.75,47.5916290283203,0.0242081214768264
195,47.5916290283203,0.0252859170821535
196.25,47.5916290283203,0.0254892784879964
197.5,47.5916290283203,0.0243891391990607
198.75,47.5916290283203,0.0225733263563754
200,47.5916290283203,0.0205897916759648
201.25,47.5916290283203,0.0177205181026315
202.5,47.5916290283203,0.0136249361311613
203.75,47.5916290283203,0.00928870256988873
205,47.5916290283203,0.00591806092550749
206.25,47.5916290283203,0.00332294697825762
207.5,47.5916290283203,0.000805094866222287
208.75,47.5916290283203,-0.00196000527661539
210,47.5916290283203,-0.00538317455569075
211.25,47.5916290283203,-0.00894977736640709
212.5,47.5916290283203,-0.011038436431583
213.75,47.5916290283203,-0.0110520982250038
215,47.5916290283203,-0.00948785150365816
216.25,47.5916290283203,-0.00708782446413564
217.5,47.5916290283203,-0.00452382104390683
218.75,47.5916290283203,-0.00248734156997337
220,47.5916290283203,-0.00149727478825309
221.25,47.5916290283203,-0.000305279218801046
222.5,47.5916290283203,0.00362997965791869
223.75,47.5916290283203,0.0101437636456838
225,47.5916290283203,0.0164253100361663
226.25,47.5916290283203,0.0208376723867316
227.5,47.5916290283203,0.0237340623148134
228.75,47.5916290283203,0.0263771412787476
230,47.5916290283203,0.0294094258115103
231.25,47.5916290283203,0.0341330270524587
232.5,47.5916290283203,0.0399717332942019
233.75,47.5916290283203,0.0438651261280673
235,47.5916290283203,0.0432822989823458
236.25,47.5916290283203,0.0422400881229498
160,48.5340270996094,0.0149091811207843
161.25,48.5340270996094,0.0168160736705
162.5,48.5340270996094,0.0217933154804675
163.75,48.5340270996094,0.0273281658728048
165,48.5340270996094,0.0318457594026599
166.25,48.5340270996094,0.0346019328769636
167.5,48.5340270996094,0.0360178551127486
168.75,48.5340270996094,0.0369727150894258
170,48.5340270996094,0.0383052714325475
171.25,48.5340270996094,0.0396618763885272
172.5,48.5340270996094,0.0401938399969116
173.75,48.5340270996094,0.0396820616454187
175,48.5340270996094,0.0382156386152475
176.25,48.5340270996094,0.0356331007452523
177.5,48.5340270996094,0.0319154388738619
178.75,48.5340270996094,0.027455470375517
180,48.5340270996094,0.0232534715604937
181.25,48.5340270996094,0.0212672285756208
182.5,48.5340270996094,0.0221367892673746
183.75,48.5340270996094,0.0238713950240528
185,48.5340270996094,0.0260138388516944
186.25,48.5340270996094,0.0280754598409319
187.5,48.5340270996094,0.0290451099406768
188.75,48.5340270996094,0.0286842397792097
190,48.5340270996094,0.0272580267578782
191.25,48.5340270996094,0.0253869096859042
192.5,48.5340270996094,0.0240566660002887
193.75,48.5340270996094,0.0237072743214729
195,48.5340270996094,0.0239903357086643
196.25,48.5340270996094,0.0235411583405297
197.5,48.5340270996094,0.0219407453518841
198.75,48.5340270996094,0.0198475220443354
200,48.5340270996094,0.0176997049115515
201.25,48.5340270996094,0.0152987067439519
202.5,48.5340270996094,0.0122510202873275
203.75,48.5340270996094,0.00898823981735488
205,48.5340270996094,0.0062485889645825
206.25,48.5340270996094,0.00392013029088306
207.5,48.5340270996094,0.00137272965259216
208.75,48.5340270996094,-0.00162996874399
210,48.5340270996094,-0.00510015516891315
211.25,48.5340270996094,-0.00855533551816723
212.5,48.5340270996094,-0.0104218347209794
213.75,48.5340270996094,-0.0102208680477281
215,48.5340270996094,-0.00846260407687994
216.25,48.5340270996094,-0.00558015897144737
217.5,48.5340270996094,-0.00226171079860797
218.75,48.5340270996094,0.000257817519806503
220,48.5340270996094,0.00135540200971673
221.25,48.5340270996094,0.00310940830280214
222.5,48.5340270996094,0.00812531113677345
223.75,48.5340270996094,0.0141523620441301
225,48.5340270996094,0.0189454137703032
226.25,48.5340270996094,0.0223489136901343
227.5,48.5340270996094,0.0253238510175396
228.75,48.5340270996094,0.0286360919480271
230,48.5340270996094,0.0327698003401834
231.25,48.5340270996094,0.0374815296129087
232.5,48.5340270996094,0.0410558059532825
233.75,48.5340270996094,0.0418712855099588
235,48.5340270996094,0.0407320139917121
236.25,48.5340270996094,0.040069390846375
160,49.4764404296875,0.0214745120987191
161.25,49.4764404296875,0.0250401437239646
162.5,49.4764404296875,0.0301862707389458
163.75,49.4764404296875,0.0355644972697084
165,49.4764404296875,0.0383912051462751
166.25,49.4764404296875,0.0377428273667876
167.5,49.4764404296875,0.0354154505551223
168.75,49.4764404296875,0.0339043667427829
170,49.4764404296875,0.0338857588161919
171.25,49.4764404296875,0.034141261687897
172.5,49.4764404296875,0.0341042955718251
173.75,49.4764404296875,0.0341172010397567
175,49.4764404296875,0.0334341622343423
176.25,49.4764404296875,0.0312375242607648
177.5,49.4764404296875,0.0276904480660117
178.75,49.4764404296875,0.0236430247894795
180,49.4764404296875,0.0206317775987709
181.25,49.4764404296875,0.0201092543890316
182.5,49.4764404296875,0.0219076693133017
183.75,49.4764404296875,0.0248247729500716
185,49.4764404296875,0.0276623822263954
186.25,49.4764404296875,0.0294042719056056
187.5,49.4764404296875,0.0296804516636901
188.75,49.4764404296875,0.0290775178377547
190,49.4764404296875,0.0279891343516256
191.25,49.4764404296875,0.0263615211803776
192.5,49.4764404296875,0.0246067699979429
193.75,49.4764404296875,0.0230389536532702
195,49.4764404296875,0.021468548838385
196.25,49.4764404296875,0.0196290912125647
197.5,49.4764404296875,0.0178368730075861
198.75,49.4764404296875,0.0163190864262385
200,49.4764404296875,0.0149601721101844
201.25,49.4764404296875,0.0137950318613681
202.5,49.4764404296875,0.0121087108261107
203.75,49.4764404296875,0.0100283102315832
205,49.4764404296875,0.00787669571685558
206.25,49.4764404296875,0.00537532843428135
207.5,49.4764404296875,0.00207034534225026
208.75,49.4764404296875,-0.00168827715860771
210,49.4764404296875,-0.00544944760323484
211.25,49.4764404296875,-0.00841517552316675
212.5,49.4764404296875,-0.0096405254235806
213.75,49.4764404296875,-0.0090929325820031
215,49.4764404296875,-0.00694953075496679
216.25,49.4764404296875,-0.00341996601547879
217.5,49.4764404296875,0.000736251648715816
218.75,49.4764404296875,0.00396878585464694
220,49.4764404296875,0.00579124301584385
221.25,49.4764404296875,0.00859621096572399
222.5,49.4764404296875,0.013493692894961
223.75,49.4764404296875,0.0178874341080451
225,49.4764404296875,0.0208916650192536
226.25,49.4764404296875,0.0234961707880474
227.5,49.4764404296875,0.0268806160858546
228.75,49.4764404296875,0.0306633011999233
230,49.4764404296875,0.0350392442944868
231.25,49.4764404296875,0.0389439572089038
232.5,49.4764404296875,0.0403356584250709
233.75,49.4764404296875,0.0401842291205781
235,49.4764404296875,0.0400283498859641
160,50.4188537597656,0.0202981172978102
161.25,50.4188537597656,0.0244082935460983
162.5,50.4188537597656,0.0296733345933461
163.75,50.4188537597656,0.0344583302831828
165,50.4188537597656,0.0362534303110816
166.25,50.4188537597656,0.0345790312874727
167.5,50.4188537597656,0.0311843603738098
168.75,50.4188537597656,0.028976380157103
170,50.4188537597656,0.0277136878545358
171.25,50.4188537597656,0.0262293422845918
172.5,50.4188537597656,0.0259207806971008
173.75,50.4188537597656,0.0273833117044297
175,50.4188537597656,0.0277046339334425
176.25,50.4188537597656,0.025567017333342
177.5,50.4188537597656,0.021882697321916
178.75,50.4188537597656,0.0182758687817092
180,50.4188537597656,0.0164912894830294
181.25,50.4188537597656,0.0176694595118793
182.5,50.4188537597656,0.0214745047324672
183.75,50.4188537597656,0.0259215190829401
185,50.4188537597656,0.0291439376038488
186.25,50.4188537597656,0.0301307715421677
187.5,50.4188537597656,0.0296127429131444
188.75,50.4188537597656,0.0288488035741002
190,50.4188537597656,0.0278811816462712
191.25,50.4188537597656,0.0261871775728282
192.5,50.4188537597656,0.0240614452438417
193.75,50.4188537597656,0.0216314392611943
195,50.4188537597656,0.0196752045632507
196.25,50.4188537597656,0.0186065813180869
197.5,50.4188537597656,0.0179292530696533
198.75,50.4188537597656,0.0169651327715112
200,50.4188537597656,0.0157706353742085
201.25,50.4188537597656,0.0147603460142955
202.5,50.4188537597656,0.0134460128995261
203.75,50.4188537597656,0.0116536194883474
205,50.4188537597656,0.00933125935183928
206.25,50.4188537597656,0.00635107792948839
207.5,50.4188537597656,0.00254761867267418
208.75,50.4188537597656,-0.00154789965123244
210,50.4188537597656,-0.00488077104019217
211.25,50.4188537597656,-0.00676759307188321
212.5,50.4188537597656,-0.00688108190353643
213.75,50.4188537597656,-0.00520734503819455
215,50.4188537597656,-0.00181477208886161
216.25,50.4188537597656,0.00247167012063647
217.5,50.4188537597656,0.00642340422281418
218.75,50.4188537597656,0.00936418093520578
220,50.4188537597656,0.0116517382452102
221.25,50.4188537597656,0.0151388272668582
222.5,50.4188537597656,0.0184485282182298
223.75,50.4188537597656,0.0206075803830763
225,50.4188537597656,0.0223298145950301
226.25,50.4188537597656,0.024931552514718
227.5,50.4188537597656,0.0283499031771113
228.75,50.4188537597656,0.0315469038946397
230,50.4188537597656,0.035238494625193
231.25,50.4188537597656,0.0372512124872344
232.5,50.4188537597656,0.039991535108486
233.75,50.4188537597656,0.0398788623056595
160,51.3612518310547,0.0191928353799613
161.25,51.3612518310547,0.0221593579700738
162.5,51.3612518310547,0.0257565345175583
163.75,51.3612518310547,0.0294776740706443
165,51.3612518310547,0.0313442515906523
166.25,51.3612518310547,0.0306533857065628
167.5,51.3612518310547,0.0286878780948016
168.75,51.3612518310547,0.026895301125981
170,51.3612518310547,0.0251312480740145
171.25,51.3612518310547,0.0233781085540456
172.5,51.3612518310547,0.0223718878932837
173.75,51.3612518310547,0.0223480214623909
175,51.3612518310547,0.0221030598836806
176.25,51.3612518310547,0.0203934326190857
177.5,51.3612518310547,0.0178079859729372
178.75,51.3612518310547,0.0148414549229781
180,51.3612518310547,0.013079895255365
181.25,51.3612518310547,0.014706674982006
182.5,51.3612518310547,0.0193207753921758
183.75,51.3612518310547,0.0244958242935987
185,51.3612518310547,0.029089270405537
186.25,51.3612518310547,0.0320794025087487
187.5,51.3612518310547,0.0330303622053977
188.75,51.3612518310547,0.0326463782023317
190,51.3612518310547,0.0317280096863543
191.25,51.3612518310547,0.0305314869397935
192.5,51.3612518310547,0.0295242945440258
193.75,51.3612518310547,0.0282018246002504
195,51.3612518310547,0.0264594513954769
196.25,51.3612518310547,0.0247117920718078
197.5,51.3612518310547,0.0226319957299712
198.75,51.3612518310547,0.0203123335213284
200,51.3612518310547,0.017927310200376
201.25,51.3612518310547,0.0159749799138952
202.5,51.3612518310547,0.0144364354963346
203.75,51.3612518310547,0.0128432490885912
205,51.3612518310547,0.010897945853223
206.25,51.3612518310547,0.00845444263438117
207.5,51.3612518310547,0.0053841003393789
208.75,51.3612518310547,0.00227261879155541
210,51.3612518310547,7.97414864842953e-05
211.25,51.3612518310547,-0.000471230678210721
212.5,51.3612518310547,0.000275769172979806
213.75,51.3612518310547,0.00261881231108134
215,51.3612518310547,0.00692400666551439
216.25,51.3612518310547,0.0116051548348704
217.5,51.3612518310547,0.0151383825420018
218.75,51.3612518310547,0.0166071311925253
220,51.3612518310547,0.0178620174886082
221.25,51.3612518310547,0.0198021388796023
222.5,51.3612518310547,0.0212621967175118
223.75,51.3612518310547,0.0223019241200608
225,51.3612518310547,0.0238377711631029
226.25,51.3612518310547,0.0264553213831344
227.5,51.3612518310547,0.0288385186108425
228.75,51.3612518310547,0.0307020209134904
230,51.3612518310547,0.0326293672739997
231.25,51.3612518310547,0.0330860441889868
232.5,51.3612518310547,0.0316310615110568
160,52.3036651611328,0.0179457250004171
161.25,52.3036651611328,0.0200934796552059
162.5,52.3036651611328,0.0216909654708282
163.75,52.3036651611328,0.024021925237738
165,52.3036651611328,0.0263545582048413
166.25,52.3036651611328,0.0271805096708487
167.5,52.3036651611328,0.0269852713186461
168.75,52.3036651611328,0.0263401982604431
170,52.3036651611328,0.0255608365681926
171.25,52.3036651611328,0.0246483531519839
172.5,52.3036651611328,0.0236165935168184
173.75,52.3036651611328,0.0220627447246985
175,52.3036651611328,0.0201978556451493
176.25,52.3036651611328,0.0178903110804166
177.5,52.3036651611328,0.0150340664976087
178.75,52.3036651611328,0.010773058908973
180,52.3036651611328,0.00757356395803112
181.25,52.3036651611328,0.00890354768075209
182.5,52.3036651611328,0.0137818567046553
183.75,52.3036651611328,0.0198650285126085
185,52.3036651611328,0.026841385703354
186.25,52.3036651611328,0.0323567484557411
187.5,52.3036651611328,0.0347383324283079
188.75,52.3036651611328,0.0353106856631925
190,52.3036651611328,0.0344653774473823
191.25,52.3036651611328,0.0337583882761736
192.5,52.3036651611328,0.0332300756503993
193.75,52.3036651611328,0.0326100899180828
195,52.3036651611328,0.0304555262551564
196.25,52.3036651611328,0.027688401257839
197.5,52.3036651611328,0.0247849789876624
198.75,52.3036651611328,0.0220648471047038
200,52.3036651611328,0.0196644807882704
201.25,52.3036651611328,0.0178466751518193
202.5,52.3036651611328,0.0168139868682798
203.75,52.3036651611328,0.0161387474248719
205,52.3036651611328,0.0155603799736483
206.25,52.3036651611328,0.0149092999150818
207.5,52.3036651611328,0.0137434965747554
208.75,52.3036651611328,0.0114861450008644
210,52.3036651611328,0.00957498971669337
211.25,52.3036651611328,0.00953392135289598
212.5,52.3036651611328,0.0113464872803625
213.75,52.3036651611328,0.0147481426505776
215,52.3036651611328,0.0182896436941369
216.25,52.3036651611328,0.0213852758883142
217.5,52.3036651611328,0.0233959248709072
218.75,52.3036651611328,0.0237708015264279
220,52.3036651611328,0.0235532361529465
221.25,52.3036651611328,0.0229095905666043
222.5,52.3036651611328,0.0225621317503433
223.75,52.3036651611328,0.0230212216893275
225,52.3036651611328,0.0244869162172921
226.25,52.3036651611328,0.0260276485034772
227.5,52.3036651611328,0.0271015717677596
228.75,52.3036651611328,0.0281288351366721
230,52.3036651611328,0.0287726117300208
231.25,52.3036651611328,0.0295604990815846
232.5,52.3036651611328,0.030322654653954
160,53.2460784912109,0.0168667190684732
161.25,53.2460784912109,0.0183382648634548
162.5,53.2460784912109,0.019779528356745
163.75,53.2460784912109,0.0205598858224055
165,53.2460784912109,0.0226599425266029
166.25,53.2460784912109,0.0248095624468952
167.5,53.2460784912109,0.0258163968855835
168.75,53.2460784912109,0.0258828907910641
170,53.2460784912109,0.0256396180226333
171.25,53.2460784912109,0.0252627617372518
172.5,53.2460784912109,0.0240574421839833
173.75,53.2460784912109,0.0217887683920502
175,53.2460784912109,0.0185763843146956
176.25,53.2460784912109,0.0151338689941897
177.5,53.2460784912109,0.0112061144456992
178.75,53.2460784912109,0.00587508218787737
180,53.2460784912109,0.00220916539138547
181.25,53.2460784912109,0.00357704715480683
182.5,53.2460784912109,0.00918327544792324
183.75,53.2460784912109,0.0171499230936264
185,53.2460784912109,0.0254279654560809
186.25,53.2460784912109,0.0318101552706854
187.5,53.2460784912109,0.035203326768605
188.75,53.2460784912109,0.03598562687241
190,53.2460784912109,0.0351115259958132
191.25,53.2460784912109,0.0345860671622459
192.5,53.2460784912109,0.0347325969511985
193.75,53.2460784912109,0.0368202301671618
195,53.2460784912109,0.0362516108340928
196.25,53.2460784912109,0.0331744240084245
197.5,53.2460784912109,0.0288400626906462
198.75,53.2460784912109,0.024896634226968
200,53.2460784912109,0.0220148201119826
201.25,53.2460784912109,0.0206086353784517
202.5,53.2460784912109,0.0208172371650585
203.75,53.2460784912109,0.0215242652230799
205,53.2460784912109,0.0220475295228566
206.25,53.2460784912109,0.0226722177870911
207.5,53.2460784912109,0.0233587852342087
208.75,53.2460784912109,0.0232087446854657
210,53.2460784912109,0.0223971293251235
211.25,53.2460784912109,0.0216468322793439
212.5,53.2460784912109,0.0226870960010509
213.75,53.2460784912109,0.0257157066018575
215,53.2460784912109,0.028904405876548
216.25,53.2460784912109,0.0307514552121341
217.5,53.2460784912109,0.0303303530350765
218.75,53.2460784912109,0.0287621387196265
220,53.2460784912109,0.0267385303746793
221.25,53.2460784912109,0.0244067495190302
222.5,53.2460784912109,0.0228113279018819
223.75,53.2460784912109,0.0226989867027152
225,53.2460784912109,0.0233088770632398
226.25,53.2460784912109,0.0236018602764769
227.5,53.2460784912109,0.0240823075220354
228.75,53.2460784912109,0.0258585528798125
230,53.2460784912109,0.0268145899286224
231.25,53.2460784912109,0.0276287508879098
160,54.1884765625,0.0160722570784625
161.25,54.1884765625,0.0169778790397806
162.5,54.1884765625,0.0190421517309839
163.75,54.1884765625,0.0204936439158421
165,54.1884765625,0.0217675346657714
166.25,54.1884765625,0.0230655717991146
167.5,54.1884765625,0.0235392183357215
168.75,54.1884765625,0.0235609118247774
170,54.1884765625,0.0236439817273896
171.25,54.1884765625,0.0232843880689372
172.5,54.1884765625,0.0217946428003154
173.75,54.1884765625,0.0193853733256866
175,54.1884765625,0.0159103619213637
176.25,54.1884765625,0.0115513522274654
177.5,54.1884765625,0.00654494723486481
178.75,54.1884765625,0.00143811267441284
180,54.1884765625,-0.000663344153611501
181.25,54.1884765625,0.00248558851540376
182.5,54.1884765625,0.0100043880682828
183.75,54.1884765625,0.0191621677027789
185,54.1884765625,0.0272142586632196
186.25,54.1884765625,0.0325986593130314
187.5,54.1884765625,0.0350247236756518
188.75,54.1884765625,0.0351878271259141
190,54.1884765625,0.0351447103349181
191.25,54.1884765625,0.0364408759338819
192.5,54.1884765625,0.0387760705618904
193.75,54.1884765625,0.0421310742403663
195,54.1884765625,0.0420613832380103
196.25,54.1884765625,0.0389344433489529
197.5,54.1884765625,0.0344966379744731
198.75,54.1884765625,0.029204369034059
200,54.1884765625,0.0241497693932162
201.25,54.1884765625,0.0219144241966533
202.5,54.1884765625,0.0229121779023964
203.75,54.1884765625,0.0254532856998239
205,54.1884765625,0.0279750652540523
206.25,54.1884765625,0.0301446210608409
207.5,54.1884765625,0.0313836769427552
208.75,54.1884765625,0.0316025890282617
210,54.1884765625,0.0314794651096642
211.25,54.1884765625,0.0317284422397872
212.5,54.1884765625,0.0330288938700637
213.75,54.1884765625,0.0347994870569449
215,54.1884765625,0.0364879980432349
216.25,54.1884765625,0.0367471078318324
217.5,54.1884765625,0.0348883673786265
218.75,54.1884765625,0.031629859672622
220,54.1884765625,0.027883919870252
221.25,54.1884765625,0.0243009265764167
222.5,54.1884765625,0.022153999291335
223.75,54.1884765625,0.0216238206353269
225,54.1884765625,0.0216116653272534
226.25,54.1884765625,0.020996633229405
227.5,54.1884765625,0.0198843394109103
228.75,54.1884765625,0.0203291315083187
230,54.1884765625,0.0190475716264307
161.25,55.1308898925781,0.0164307580954202
162.5,55.1308898925781,0.0167292652016672
163.75,55.1308898925781,0.0174396033395556
165,55.1308898925781,0.0193454130357882
166.25,55.1308898925781,0.0213390289051838
167.5,55.1308898925781,0.0213568951085399
168.75,55.1308898925781,0.0206685911324129
170,55.1308898925781,0.0200399602796466
171.25,55.1308898925781,0.0190288203381361
172.5,55.1308898925781,0.0173088839214743
173.75,55.1308898925781,0.0148976447976054
175,55.1308898925781,0.0116939977626807
176.25,55.1308898925781,0.00786869473110394
177.5,55.1308898925781,0.0038108454951692
178.75,55.1308898925781,0.00124550939355954
180,55.1308898925781,0.00233171153487792
181.25,55.1308898925781,0.00814128032613924
182.5,55.1308898925781,0.0174746590706025
183.75,55.1308898925781,0.0264515258644725
185,55.1308898925781,0.0328091790043117
186.25,55.1308898925781,0.035738428547856
187.5,55.1308898925781,0.0357498592809367
188.75,55.1308898925781,0.0355059081799838
190,55.1308898925781,0.0370841032797722
191.25,55.1308898925781,0.0405126643790766
192.5,55.1308898925781,0.0440172468369366
193.75,55.1308898925781,0.0454434729167546
195,55.1308898925781,0.0401624539250729
196.25,55.1308898925781,0.0310275840502396
197.5,55.1308898925781,0.030170007433601
198.75,55.1308898925781,0.0224481260134937
200,55.1308898925781,0.0194764832703088
201.25,55.1308898925781,0.018620807028249
202.5,55.1308898925781,0.0209637273454213
203.75,55.1308898925781,0.0254688708118835
205,55.1308898925781,0.0291105133477382
206.25,55.1308898925781,0.0314359775225656
207.5,55.1308898925781,0.0331197638582587
208.75,55.1308898925781,0.0347626417034273
210,55.1308898925781,0.0361558402946509
211.25,55.1308898925781,0.036996568186026
212.5,55.1308898925781,0.0382287911900607
213.75,55.1308898925781,0.0397557194925829
215,55.1308898925781,0.0406525569040956
216.25,55.1308898925781,0.0397309061234949
217.5,55.1308898925781,0.036664945940485
218.75,55.1308898925781,0.0318178777122753
220,55.1308898925781,0.0265548940893553
221.25,55.1308898925781,0.0227756557346205
222.5,55.1308898925781,0.0209406309046185
223.75,55.1308898925781,0.0199878573659518
225,55.1308898925781,0.0187190904456955
226.25,55.1308898925781,0.0179672095379935
227.5,55.1308898925781,0.0172552231662406
228.75,55.1308898925781,0.0173379621663316
230,55.1308898925781,0.0190475737480414
161.25,56.0733032226562,0.0156587133375187
162.5,56.0733032226562,0.0144538660167092
163.75,56.0733032226562,0.0129582676935179
165,56.0733032226562,0.0141197718182782
166.25,56.0733032226562,0.0175330237433219
167.5,56.0733032226562,0.0187951331043406
168.75,56.0733032226562,0.0177611045730016
170,56.0733032226562,0.0165890591269977
171.25,56.0733032226562,0.015640240808071
172.5,56.0733032226562,0.0144591659031011
173.75,56.0733032226562,0.0127184435645533
175,56.0733032226562,0.0106672654740415
176.25,56.0733032226562,0.00864755916500155
177.5,56.0733032226562,0.00743563631327103
178.75,56.0733032226562,0.00858609312533038
180,56.0733032226562,0.0133684843252766
181.25,56.0733032226562,0.0209639646852849
182.5,56.0733032226562,0.0284543741011809
183.75,56.0733032226562,0.0340975830526
185,56.0733032226562,0.037328299539123
186.25,56.0733032226562,0.0381859372741995
187.5,56.0733032226562,0.0378912357709848
188.75,56.0733032226562,0.0391488828202727
190,56.0733032226562,0.042216164556416
191.25,56.0733032226562,0.0449409022433263
192.5,56.0733032226562,0.0462531815180341
193.75,56.0733032226562,0.0437474246345248
195,56.0733032226562,0.0359989911099717
196.25,56.0733032226562,0.0265106129716848
197.5,56.0733032226562,0.019322325590021
198.75,56.0733032226562,0.0146279198479815
200,56.0733032226562,0.0131479681703276
201.25,56.0733032226562,0.0142135465129116
202.5,56.0733032226562,0.017574115359743
203.75,56.0733032226562,0.0206576365220134
205,56.0733032226562,0.0250925244721498
206.25,56.0733032226562,0.0286722288692288
207.5,56.0733032226562,0.0294470288628636
208.75,56.0733032226562,0.0305940968373963
210,56.0733032226562,0.033121385354107
211.25,56.0733032226562,0.035586914760095
212.5,56.0733032226562,0.0376289411196252
213.75,56.0733032226562,0.0393247397239497
215,56.0733032226562,0.039928133844287
216.25,56.0733032226562,0.0385926207102122
217.5,56.0733032226562,0.0350532586366563
218.75,56.0733032226562,0.0296902953730439
220,56.0733032226562,0.02397083716912
221.25,56.0733032226562,0.020275214563003
222.5,56.0733032226562,0.0185841707905622
223.75,56.0733032226562,0.0169431196213156
225,56.0733032226562,0.0147604552252223
226.25,56.0733032226562,0.013137121962094
227.5,56.0733032226562,0.0175000015128194
162.5,57.0157012939453,0.0093560773407085
163.75,57.0157012939453,0.00908315704299041
165,57.0157012939453,0.00945092100311474
166.25,57.0157012939453,0.0128602087627483
167.5,57.0157012939453,0.0165511198954558
168.75,57.0157012939453,0.0177427139228659
170,57.0157012939453,0.0173825418026683
171.25,57.0157012939453,0.0166298912235621
172.5,57.0157012939453,0.0156452936314664
173.75,57.0157012939453,0.0146866446484934
175,57.0157012939453,0.0144173823085826
176.25,57.0157012939453,0.0151284351523969
177.5,57.0157012939453,0.016936467409096
178.75,57.0157012939453,0.0202790997019455
180,57.0157012939453,0.0250646031717175
181.25,57.0157012939453,0.0303365274545957
182.5,57.0157012939453,0.0349416315387107
183.75,57.0157012939453,0.0379116590585583
185,57.0157012939453,0.0393722655670944
186.25,57.0157012939453,0.0399999743632365
187.5,57.0157012939453,0.0407750671490737
188.75,57.0157012939453,0.0424372244972106
190,57.0157012939453,0.0413302618141566
191.25,57.0157012939453,0.0402688667421835
192.5,57.0157012939453,0.0357482635936481
193.75,57.0157012939453,0.0290672809205936
195,57.0157012939453,0.0233701653553189
196.25,57.0157012939453,0.0179344525797379
197.5,57.0157012939453,0.0128655690346491
198.75,57.0157012939453,0.00892408015696289
200,57.0157012939453,0.00586809953591872
201.25,57.0157012939453,0.00211558828714661
202.5,57.0157012939453,0.00683124708380232
203.75,57.0157012939453,0.0141301045367282
205,57.0157012939453,0.0178261156427285
206.25,57.0157012939453,0.0228205240752984
207.5,57.0157012939453,0.0234087156393415
208.75,57.0157012939453,0.0247538588661986
210,57.0157012939453,0.0273064353274846
211.25,57.0157012939453,0.0292912229604643
212.5,57.0157012939453,0.0311300487642049
213.75,57.0157012939453,0.0335618612876571
215,57.0157012939453,0.0352094719222855
216.25,57.0157012939453,0.0339740999696623
217.5,57.0157012939453,0.0298123117088442
218.75,57.0157012939453,0.0243400614839529
220,57.0157012939453,0.0199937464963946
221.25,57.0157012939453,0.0169821379239674
222.5,57.0157012939453,0.0144972024809492
223.75,57.0157012939453,0.0122281171774876
225,57.0157012939453,0.0114240817829589
226.25,57.0157012939453,0.0107794835516001
162.5,57.9581146240234,0.0066774713206195
163.75,57.9581146240234,0.00634071493285454
165,57.9581146240234,0.00629373320212246
166.25,57.9581146240234,0.0090075374987791
167.5,57.9581146240234,0.0138883393136399
168.75,57.9581146240234,0.0177136493839322
170,57.9581146240234,0.0196888241663176
171.25,57.9581146240234,0.0203653285937518
172.5,57.9581146240234,0.0201692538036744
173.75,57.9581146240234,0.0199864258354439
175,57.9581146240234,0.0207192852017165
176.25,57.9581146240234,0.023066859246595
177.5,57.9581146240234,0.0268352704490607
178.75,57.9581146240234,0.0307439736755366
180,57.9581146240234,0.0337925909264959
181.25,57.9581146240234,0.0361903018832277
182.5,57.9581146240234,0.038203183046609
183.75,57.9581146240234,0.0397090287720148
185,57.9581146240234,0.0408457589273583
186.25,57.9581146240234,0.0421415200152766
187.5,57.9581146240234,0.0429098017820044
188.75,57.9581146240234,0.0368081794808884
190,57.9581146240234,0.0301115025604203
191.25,57.9581146240234,0.02737703745558
192.5,57.9581146240234,0.0222418528886967
193.75,57.9581146240234,0.0158736011228829
195,57.9581146240234,0.0105004705154483
196.25,57.9581146240234,0.00629668755653553
197.5,57.9581146240234,0.00336491567293806
198.75,57.9581146240234,0.00093762468894917
200,57.9581146240234,-0.000350098687237376
201.25,57.9581146240234,-0.00131347177102773
202.5,57.9581146240234,-0.00260670867796234
203.75,57.9581146240234,0.0130598704082394
206.25,57.9581146240234,0.0128860257445634
207.5,57.9581146240234,0.0157607988548272
208.75,57.9581146240234,0.0192807866054081
210,57.9581146240234,0.021933264973872
211.25,57.9581146240234,0.0238314914929114
212.5,57.9581146240234,0.0252822933615681
213.75,57.9581146240234,0.0266633968508333
215,57.9581146240234,0.0273574692672257
216.25,57.9581146240234,0.026454034054968
217.5,57.9581146240234,0.0234691621223382
218.75,57.9581146240234,0.0192396321727465
220,57.9581146240234,0.015982462412876
221.25,57.9581146240234,0.0134744308187812
222.5,57.9581146240234,0.0112233305523269
223.75,57.9581146240234,0.010057442031972
225,57.9581146240234,0.0105810635691797
160,58.9005279541016,0.00879690624799918
161.25,58.9005279541016,0.00845526103515206
162.5,58.9005279541016,0.00404967846497827
163.75,58.9005279541016,0.00396053766688714
165,58.9005279541016,0.00442727393402792
166.25,58.9005279541016,0.00736236950970844
167.5,58.9005279541016,0.0130030109008644
168.75,58.9005279541016,0.018741620914552
170,58.9005279541016,0.0231139909737242
171.25,58.9005279541016,0.0259294582430863
172.5,58.9005279541016,0.026537829013069
173.75,58.9005279541016,0.0261485403443095
175,58.9005279541016,0.0265727633856531
176.25,58.9005279541016,0.0283742914956939
177.5,58.9005279541016,0.0307580576691966
178.75,58.9005279541016,0.0326047039511895
180,58.9005279541016,0.0339475300109816
181.25,58.9005279541016,0.0357860066526547
182.5,58.9005279541016,0.0381743868148059
183.75,58.9005279541016,0.0400732228189073
185,58.9005279541016,0.0409749580137055
186.25,58.9005279541016,0.041052502362131
187.5,58.9005279541016,0.0357143937980903
188.75,58.9005279541016,0.0274412972790402
190,58.9005279541016,0.0227096889957725
191.25,58.9005279541016,0.019480892992944
192.5,58.9005279541016,0.014432448894736
193.75,58.9005279541016,0.00859206284876076
195,58.9005279541016,0.00491288448088361
196.25,58.9005279541016,0.00295783000855548
197.5,58.9005279541016,0.00232756757849979
198.75,58.9005279541016,-0.000613808707423928
200,58.9005279541016,-0.00133932330337835
201.25,58.9005279541016,-0.00137413540889304
202.5,58.9005279541016,-0.00211987402110644
206.25,58.9005279541016,0.0121994909439071
207.5,58.9005279541016,0.0126075260286616
208.75,58.9005279541016,0.0149861985895696
210,58.9005279541016,0.0182073649050603
211.25,58.9005279541016,0.0202521851186469
212.5,58.9005279541016,0.0208734379740129
213.75,58.9005279541016,0.021459487144857
215,58.9005279541016,0.0215660810792711
216.25,58.9005279541016,0.0203570056219582
217.5,58.9005279541016,0.0184348141694886
218.75,58.9005279541016,0.0165794711545406
220,58.9005279541016,0.0148047435098802
221.25,58.9005279541016,0.0128782635263824
222.5,58.9005279541016,0.0118269337142524
160,59.8429260253906,0.00908678187284724
161.25,59.8429260253906,0.00694647737558317
162.5,59.8429260253906,0.00643231064906105
163.75,59.8429260253906,0.00348667005690102
165,59.8429260253906,0.00368418805014672
166.25,59.8429260253906,0.00602409968417499
167.5,59.8429260253906,0.0109582754328477
168.75,59.8429260253906,0.0163762754511886
170,59.8429260253906,0.0256937651192564
171.25,59.8429260253906,0.0312406902143914
172.5,59.8429260253906,0.0317144097143099
173.75,59.8429260253906,0.0292881935973006
175,59.8429260253906,0.027518895809552
176.25,59.8429260253906,0.0285631496647608
177.5,59.8429260253906,0.0317934094455088
178.75,59.8429260253906,0.0348140348937186
180,59.8429260253906,0.0372564172742325
181.25,59.8429260253906,0.039375971486157
182.5,59.8429260253906,0.0406124271267901
183.75,59.8429260253906,0.0407290255485891
185,59.8429260253906,0.0384510482353408
186.25,59.8429260253906,0.0343738052166316
187.5,59.8429260253906,0.028260056284658
188.75,59.8429260253906,0.0228731164455643
190,59.8429260253906,0.018131256532609
191.25,59.8429260253906,0.0144144225707402
192.5,59.8429260253906,0.0110275854045546
193.75,59.8429260253906,0.00832543675641433
195,59.8429260253906,0.00732297042023725
196.25,59.8429260253906,0.00667977577261191
197.5,59.8429260253906,0.00579244010183576
198.75,59.8429260253906,0.00537782182139639
206.25,59.8429260253906,0.0115051919754311
207.5,59.8429260253906,0.0116772591174731
208.75,59.8429260253906,0.0146103777743374
210,59.8429260253906,0.0161600746953807
211.25,59.8429260253906,0.0184222667762183
212.5,59.8429260253906,0.0174910384113056
213.75,59.8429260253906,0.0182600925216828
215,59.8429260253906,0.0182112980879184
216.25,59.8429260253906,0.0177939200401833
217.5,59.8429260253906,0.0173198509635729
218.75,59.8429260253906,0.0162041104339636
220,59.8429260253906,0.014832975438174
221.25,59.8429260253906,0.0143223930286253
160,60.7853393554688,0.0117852646256235
161.25,60.7853393554688,0.0100939194090449
162.5,60.7853393554688,0.00985902487985705
167.5,60.7853393554688,0.00931665506922102
168.75,60.7853393554688,0.0115702178807535
170,60.7853393554688,0.0118307429532847
171.25,60.7853393554688,0.0328187701907102
172.5,60.7853393554688,0.0389378636641131
173.75,60.7853393554688,0.041026222627991
175,60.7853393554688,0.0422675839215338
176.25,60.7853393554688,0.0417517982498355
177.5,60.7853393554688,0.0400293141789547
178.75,60.7853393554688,0.0380560051948687
180,60.7853393554688,0.0363510435716935
181.25,60.7853393554688,0.0351496457669105
182.5,60.7853393554688,0.0334825310834818
183.75,60.7853393554688,0.0319478867156508
185,60.7853393554688,0.0309287018878823
186.25,60.7853393554688,0.0287992734022657
187.5,60.7853393554688,0.024553697640378
188.75,60.7853393554688,0.0224727704292308
190,60.7853393554688,0.0188393387945545
191.25,60.7853393554688,0.0148664245319176
192.5,60.7853393554688,0.0120821312979928
193.75,60.7853393554688,0.0116215671156034
195,60.7853393554688,0.0128327127307122
212.5,60.7853393554688,0.0156418365851024
213.75,60.7853393554688,0.0171250786842021
215,60.7853393554688,0.0172479606211741
216.25,60.7853393554688,0.0172536687752093
160,61.7277526855469,0.00903204913903993
173.75,61.7277526855469,0.0426303495484783
175,61.7277526855469,0.0454591034007002
176.25,61.7277526855469,0.0457094659370403
177.5,61.7277526855469,0.0426967033986193
178.75,61.7277526855469,0.0382812782268136
180,61.7277526855469,0.0311497654714853
181.25,61.7277526855469,0.0265598122921567
182.5,61.7277526855469,0.0288477920354693
183.75,61.7277526855469,0.0312843837387327
185,61.7277526855469,0.0336745855371448
186.25,61.7277526855469,0.0332141997444105
187.5,61.7277526855469,0.0300446123425029
188.75,61.7277526855469,0.025580900556285
190,61.7277526855469,0.0201037655417227
191.25,61.7277526855469,0.0148780588711161
192.5,61.7277526855469,0.0128007046774705
193.75,61.7277526855469,0.0129342846178854
195,61.7277526855469,0.0139455688597025
175,62.6701507568359,0.0461234962732845
176.25,62.6701507568359,0.0462028672850529
177.5,62.6701507568359,0.0320796028846807
178.75,62.6701507568359,0.0396122442424422
180,62.6701507568359,0.0348225924898316
181.25,62.6701507568359,0.0305602516210157
182.5,62.6701507568359,0.0364114344452753
183.75,62.6701507568359,0.0438272570715821
185,62.6701507568359,0.0467844725611907
186.25,62.6701507568359,0.0455917725438621
187.5,62.6701507568359,0.0410335198347477
188.75,62.6701507568359,0.0347206051341387
190,62.6701507568359,0.027769885195471
191.25,62.6701507568359,0.0197211883281529
192.5,62.6701507568359,0.0150479131311392
193.75,62.6701507568359,0.0161129896942506
195,62.6701507568359,0.0178442696911086
196.25,62.6701507568359,0.0154555557121643
197.5,62.6701507568359,0.0154555553569974
178.75,63.6125640869141,0.059379455328602
180,63.6125640869141,0.0567267640033944
181.25,63.6125640869141,0.0486015938449534
182.5,63.6125640869141,0.048445906596471
183.75,63.6125640869141,0.055964565115474
185,63.6125640869141,0.0588089958051297
186.25,63.6125640869141,0.0556007755972065
187.5,63.6125640869141,0.05041427104853
188.75,63.6125640869141,0.045521949810431
190,63.6125640869141,0.0390796495388337
191.25,63.6125640869141,0.0282807886262779
192.5,63.6125640869141,0.0206647501080027
193.75,63.6125640869141,0.0216146723808428
195,63.6125640869141,0.0224846783106857
196.25,63.6125640869141,0.0170485331585979
197.5,63.6125640869141,0.0146069568456165
178.75,64.5549774169922,0.0503563804166187
180,64.5549774169922,0.0477891934173408
181.25,64.5549774169922,0.0543453565581756
182.5,64.5549774169922,0.0542247370907774
183.75,64.5549774169922,0.0543095704660838
185,64.5549774169922,0.0555939905621689
186.25,64.5549774169922,0.0529210996397707
187.5,64.5549774169922,0.0489399013752015
188.75,64.5549774169922,0.0418126866095697
190,64.5549774169922,0.0387874800864594
191.25,64.5549774169922,0.0296275084151658
192.5,64.5549774169922,0.0230355449496888
193.75,64.5549774169922,0.0225142883200299
195,64.5549774169922,0.0198046017096706
196.25,64.5549774169922,0.015736936021258
197.5,64.5549774169922,0.0136243708801041
180,65.4973907470703,0.0426858075125922
181.25,65.4973907470703,0.0399084623264556
182.5,65.4973907470703,0.036868470974378
183.75,65.4973907470703,0.0339541989673641
185,65.4973907470703,0.0332198626139476
188.75,65.4973907470703,0.0329745580842164
190,65.4973907470703,0.0309333788666744
191.25,65.4973907470703,0.0260055869686255
192.5,65.4973907470703,0.0227371152864547
193.75,65.4973907470703,0.0212809566123085
