"lon","lat","beta"
160,20.2617797851562,-0.000848400481144979
161.25,20.2617797851562,-0.00146942247705629
162.5,20.2617797851562,-0.00255690804180068
163.75,20.2617797851562,-0.00408019083435218
165,20.2617797851562,-0.00558860185177973
166.25,20.2617797851562,-0.0069456322105589
167.5,20.2617797851562,-0.00852566020892258
168.75,20.2617797851562,-0.0101700728283824
170,20.2617797851562,-0.0111107898505452
171.25,20.2617797851562,-0.0117927584060336
172.5,20.2617797851562,-0.012418749387598
173.75,20.2617797851562,-0.013124209714442
175,20.2617797851562,-0.0138584097462809
176.25,20.2617797851562,-0.0143947711619957
177.5,20.2617797851562,-0.014858433055614
178.75,20.2617797851562,-0.0154826854689577
180,20.2617797851562,-0.0166035100632374
181.25,20.2617797851562,-0.0178471422296788
182.5,20.2617797851562,-0.0194731770255746
183.75,20.2617797851562,-0.0211154904515554
185,20.2617797851562,-0.022405254658444
186.25,20.2617797851562,-0.0233107831874504
187.5,20.2617797851562,-0.0240459252281913
188.75,20.2617797851562,-0.0243421698476575
190,20.2617797851562,-0.0241064752061995
191.25,20.2617797851562,-0.0235266247466605
192.5,20.2617797851562,-0.0220539674099595
193.75,20.2617797851562,-0.0196412267451912
195,20.2617797851562,-0.0166683783954078
196.25,20.2617797851562,-0.0145287391982947
197.5,20.2617797851562,-0.0141875453486281
198.75,20.2617797851562,-0.0150719752829488
200,20.2617797851562,-0.0164621748206455
201.25,20.2617797851562,-0.0185149831951282
202.5,20.2617797851562,-0.0197042054588649
203.75,20.2617797851562,-0.0183224167264261
205,20.2617797851562,-0.01925831769732
206.25,20.2617797851562,-0.0283791983355641
207.5,20.2617797851562,-0.0322752959033868
208.75,20.2617797851562,-0.0296050100681899
210,20.2617797851562,-0.0258783964395615
211.25,20.2617797851562,-0.021618573000284
212.5,20.2617797851562,-0.0173317871849802
213.75,20.2617797851562,-0.01377225634498
215,20.2617797851562,-0.0103583690235182
216.25,20.2617797851562,-0.0076581416085384
217.5,20.2617797851562,-0.00543944018550123
218.75,20.2617797851562,-0.00401413088841478
220,20.2617797851562,-0.00350446792608101
221.25,20.2617797851562,-0.00340897841670471
222.5,20.2617797851562,-0.00373287665601439
223.75,20.2617797851562,-0.00433013654458261
225,20.2617797851562,-0.00473334445974806
226.25,20.2617797851562,-0.0052730198226794
227.5,20.2617797851562,-0.00614634909359609
228.75,20.2617797851562,-0.00731694817107862
230,20.2617797851562,-0.00812570245687006
231.25,20.2617797851562,-0.00917733950321955
232.5,20.2617797851562,-0.0109680630646643
233.75,20.2617797851562,-0.0135093203445347
235,20.2617797851562,-0.0161200444447332
236.25,20.2617797851562,-0.0172992572054616
237.5,20.2617797851562,-0.0168805624215623
238.75,20.2617797851562,-0.0143271346149457
240,20.2617797851562,-0.0103732136653579
241.25,20.2617797851562,-0.00634922902098113
242.5,20.2617797851562,-0.00263017521834033
243.75,20.2617797851562,0.000925670573354083
245,20.2617797851562,0.00229428259632364
246.25,20.2617797851562,-0.00105612813701063
247.5,20.2617797851562,-0.00821483088012213
248.75,20.2617797851562,-0.0144244149341288
250,20.2617797851562,-0.0160175985627697
160,21.2041854858398,0.00176037723121715
161.25,21.2041854858398,0.000946094208152534
162.5,21.2041854858398,-0.000443058453358242
163.75,21.2041854858398,-0.00209564223246659
165,21.2041854858398,-0.00334547280394561
166.25,21.2041854858398,-0.00436088916382932
167.5,21.2041854858398,-0.00547545624550027
168.75,21.2041854858398,-0.00678711577510097
170,21.2041854858398,-0.0076878050129694
171.25,21.2041854858398,-0.00826093640657853
172.5,21.2041854858398,-0.00867118705740744
173.75,21.2041854858398,-0.00919563266759697
175,21.2041854858398,-0.0098600730696244
176.25,21.2041854858398,-0.0105358458876297
177.5,21.2041854858398,-0.0111688264015991
178.75,21.2041854858398,-0.0118823129604175
180,21.2041854858398,-0.0129850545869526
181.25,21.2041854858398,-0.0145945087367623
182.5,21.2041854858398,-0.0164767332069873
183.75,21.2041854858398,-0.0184348186071278
185,21.2041854858398,-0.0202020723782584
186.25,21.2041854858398,-0.0214561492657273
187.5,21.2041854858398,-0.0223344766358496
188.75,21.2041854858398,-0.0227185768998369
190,21.2041854858398,-0.022681184968969
191.25,21.2041854858398,-0.0223572756329729
192.5,21.2041854858398,-0.0215397654396511
193.75,21.2041854858398,-0.0195836781888501
195,21.2041854858398,-0.0165619085576087
196.25,21.2041854858398,-0.013789222073378
197.5,21.2041854858398,-0.0119879979023985
198.75,21.2041854858398,-0.0112505261969036
200,21.2041854858398,-0.0116137390521646
201.25,21.2041854858398,-0.0135482326466274
202.5,21.2041854858398,-0.0155602666626443
203.75,21.2041854858398,-0.0158970822528499
205,21.2041854858398,-0.0188250222484465
206.25,21.2041854858398,-0.024658713448507
207.5,21.2041854858398,-0.0285102589525749
208.75,21.2041854858398,-0.0283901450962888
210,21.2041854858398,-0.0265974857108396
211.25,21.2041854858398,-0.0236465095256561
212.5,21.2041854858398,-0.019926922165781
213.75,21.2041854858398,-0.016503378269158
215,21.2041854858398,-0.0128838937788211
216.25,21.2041854858398,-0.00982064343673419
217.5,21.2041854858398,-0.00742914447632189
218.75,21.2041854858398,-0.00591168849612535
220,21.2041854858398,-0.00521280420724134
221.25,21.2041854858398,-0.0047534145052506
222.5,21.2041854858398,-0.00464662212823175
223.75,21.2041854858398,-0.00502333283513481
225,21.2041854858398,-0.00506463871920676
226.25,21.2041854858398,-0.0057664192906529
227.5,21.2041854858398,-0.00727962719475404
228.75,21.2041854858398,-0.00920794107448691
230,21.2041854858398,-0.010691342659677
231.25,21.2041854858398,-0.0120677066014949
232.5,21.2041854858398,-0.0138046283057888
233.75,21.2041854858398,-0.0160256302194499
235,21.2041854858398,-0.0180210599054331
236.25,21.2041854858398,-0.0188474491800858
237.5,21.2041854858398,-0.0174513003193108
238.75,21.2041854858398,-0.0148631273010826
240,21.2041854858398,-0.0107101360578675
241.25,21.2041854858398,-0.00506967087971728
242.5,21.2041854858398,0.000303901089787642
243.75,21.2041854858398,0.00412927981003237
245,21.2041854858398,0.00410607196373621
246.25,21.2041854858398,-0.000219143596038325
247.5,21.2041854858398,-0.00707178981106113
248.75,21.2041854858398,-0.0137851693214567
250,21.2041854858398,-0.0163122527671812
160,22.146598815918,0.00494212689376611
161.25,22.146598815918,0.00373012130438873
162.5,22.146598815918,0.00190868501859563
163.75,22.146598815918,-2.68057866594094e-05
165,22.146598815918,-0.00132695853802526
166.25,22.146598815918,-0.0022081455703379
167.5,22.146598815918,-0.00277924737401044
168.75,22.146598815918,-0.00352711349970367
170,22.146598815918,-0.0039627749710882
171.25,22.146598815918,-0.00443334597647327
172.5,22.146598815918,-0.00487161652068764
173.75,22.146598815918,-0.00548661687284518
175,22.146598815918,-0.00618789436707847
176.25,22.146598815918,-0.00677096365620437
177.5,22.146598815918,-0.00732953454799854
178.75,22.146598815918,-0.00821720862437237
180,22.146598815918,-0.00948651074564761
181.25,22.146598815918,-0.0112389138484333
182.5,22.146598815918,-0.013261027388949
183.75,22.146598815918,-0.0155399355984656
185,22.146598815918,-0.017736600292222
186.25,22.146598815918,-0.0195281947806787
187.5,22.146598815918,-0.0207954626721237
188.75,22.146598815918,-0.021235461288639
190,22.146598815918,-0.0208948950003107
191.25,22.146598815918,-0.0202780852190059
192.5,22.146598815918,-0.0194573526701097
193.75,22.146598815918,-0.0179414588590071
195,22.146598815918,-0.0154641371075722
196.25,22.146598815918,-0.012767062932283
197.5,22.146598815918,-0.0104631496724888
198.75,22.146598815918,-0.00893898641894624
200,22.146598815918,-0.00855247924497504
201.25,22.146598815918,-0.00998079085546687
202.5,22.146598815918,-0.0124326335349153
203.75,22.146598815918,-0.0148255986375856
205,22.146598815918,-0.0175477191842042
206.25,22.146598815918,-0.020326636328496
207.5,22.146598815918,-0.0224506611245382
208.75,22.146598815918,-0.0232277717172976
210,22.146598815918,-0.022916239475509
211.25,22.146598815918,-0.0217166202088993
212.5,22.146598815918,-0.01953976286462
213.75,22.146598815918,-0.0165788814788007
215,22.146598815918,-0.0128091907922655
216.25,22.146598815918,-0.0094840433010954
217.5,22.146598815918,-0.00702857343380257
218.75,22.146598815918,-0.00551583354026091
220,22.146598815918,-0.00498608288352755
221.25,22.146598815918,-0.00472712193823305
222.5,22.146598815918,-0.0045580690908948
223.75,22.146598815918,-0.00481083657563091
225,22.146598815918,-0.00495828018290237
226.25,22.146598815918,-0.00594358870161618
227.5,22.146598815918,-0.0076080825097134
228.75,22.146598815918,-0.00973691698708737
230,22.146598815918,-0.0117868413476323
231.25,22.146598815918,-0.0141616096539165
232.5,22.146598815918,-0.0167092415816814
233.75,22.146598815918,-0.0188183014231963
235,22.146598815918,-0.0200609948504624
236.25,22.146598815918,-0.0200872615653318
237.5,22.146598815918,-0.0169913326426868
238.75,22.146598815918,-0.0123465820895487
240,22.146598815918,-0.00678613109847624
241.25,22.146598815918,-0.00034490483408851
242.5,22.146598815918,0.00531894670484937
243.75,22.146598815918,0.00732136147094723
245,22.146598815918,0.00397278239252729
246.25,22.146598815918,-0.00226809442018697
247.5,22.146598815918,-0.00912168458204482
248.75,22.146598815918,-0.0160338910288732
250,22.146598815918,-0.0181092298370012
160,23.0890045166016,0.00720463302489201
161.25,23.0890045166016,0.00582049335452021
162.5,23.0890045166016,0.0037986306895508
163.75,23.0890045166016,0.00171036230757572
165,23.0890045166016,0.000439873545381764
166.25,23.0890045166016,-9.75595556276943e-05
167.5,23.0890045166016,-0.000272936247159793
168.75,23.0890045166016,-0.000602681844196539
170,23.0890045166016,-0.000967754557938839
171.25,23.0890045166016,-0.00102413591094674
172.5,23.0890045166016,-0.00100566290405454
173.75,23.0890045166016,-0.00143586210621192
175,23.0890045166016,-0.00220910293560742
176.25,23.0890045166016,-0.00300304734533325
177.5,23.0890045166016,-0.00380573512826435
178.75,23.0890045166016,-0.00463816357368066
180,23.0890045166016,-0.00566097631785319
181.25,23.0890045166016,-0.00725923336036553
182.5,23.0890045166016,-0.00931103762414562
183.75,23.0890045166016,-0.0117140938303252
185,23.0890045166016,-0.0141212253906914
186.25,23.0890045166016,-0.016291303295662
187.5,23.0890045166016,-0.0179331639004692
188.75,23.0890045166016,-0.0187278271126974
190,23.0890045166016,-0.0187439418941963
191.25,23.0890045166016,-0.0185729636188077
192.5,23.0890045166016,-0.0180373682319615
193.75,23.0890045166016,-0.0167705394921312
195,23.0890045166016,-0.0146387665352704
196.25,23.0890045166016,-0.0120492350411074
197.5,23.0890045166016,-0.00966083534672465
198.75,23.0890045166016,-0.00808719433893589
200,23.0890045166016,-0.0072998388409026
201.25,23.0890045166016,-0.00739197158190682
202.5,23.0890045166016,-0.00875071968753196
203.75,23.0890045166016,-0.0107391311788504
205,23.0890045166016,-0.0121659061622952
206.25,23.0890045166016,-0.0137104033597508
207.5,23.0890045166016,-0.0152819314248315
208.75,23.0890045166016,-0.0162637781172049
210,23.0890045166016,-0.016638352414371
211.25,23.0890045166016,-0.0166550482587492
212.5,23.0890045166016,-0.0158603258996497
213.75,23.0890045166016,-0.0137484603660899
215,23.0890045166016,-0.0109184093858705
216.25,23.0890045166016,-0.00810868075297233
217.5,23.0890045166016,-0.00587969785197444
218.75,23.0890045166016,-0.00443176587520062
220,23.0890045166016,-0.00393865613320737
221.25,23.0890045166016,-0.00393858651825074
222.5,23.0890045166016,-0.00395718317378694
223.75,23.0890045166016,-0.00418603476374152
225,23.0890045166016,-0.00462632394455126
226.25,23.0890045166016,-0.00615940760739536
227.5,23.0890045166016,-0.0080567664495839
228.75,23.0890045166016,-0.00992720516560785
230,23.0890045166016,-0.0120934960834094
231.25,23.0890045166016,-0.0150106788715775
232.5,23.0890045166016,-0.0185216076798993
233.75,23.0890045166016,-0.0213881363211864
235,23.0890045166016,-0.0220322311912746
236.25,23.0890045166016,-0.0207951553720153
237.5,23.0890045166016,-0.0168468382631157
238.75,23.0890045166016,-0.0107851285278481
240,23.0890045166016,-0.00416703471613088
241.25,23.0890045166016,0.00248142144976446
242.5,23.0890045166016,0.00709076059435815
243.75,23.0890045166016,0.0064778974700582
245,23.0890045166016,0.00120530444246525
246.25,23.0890045166016,-0.00527349776567034
247.5,23.0890045166016,-0.0108607220148756
248.75,23.0890045166016,-0.0156294842729809
250,23.0890045166016,-0.0166315809116125
160,24.0314178466797,0.00896442072866264
161.25,24.0314178466797,0.00774228730441106
162.5,24.0314178466797,0.00570171997824103
163.75,24.0314178466797,0.00350192903328801
165,24.0314178466797,0.00226475069254056
166.25,24.0314178466797,0.00177256150878743
167.5,24.0314178466797,0.00163028120393734
168.75,24.0314178466797,0.00173723798784126
170,24.0314178466797,0.00191253028096608
171.25,24.0314178466797,0.00267320215336173
172.5,24.0314178466797,0.00326867302233823
173.75,24.0314178466797,0.0031530232340912
175,24.0314178466797,0.00249329142131811
176.25,24.0314178466797,0.00150746115891221
177.5,24.0314178466797,0.000159802301603702
178.75,24.0314178466797,-0.00123087617294213
180,24.0314178466797,-0.0024393884049122
181.25,24.0314178466797,-0.00351712901958419
182.5,24.0314178466797,-0.00488621169280306
183.75,24.0314178466797,-0.00683956707431085
185,24.0314178466797,-0.0091847016016542
186.25,24.0314178466797,-0.0113973456654313
187.5,24.0314178466797,-0.0130839806786427
188.75,24.0314178466797,-0.0141604484630738
190,24.0314178466797,-0.0147674159914784
191.25,24.0314178466797,-0.0151668023411587
192.5,24.0314178466797,-0.0154864839405514
193.75,24.0314178466797,-0.0153099078314119
195,24.0314178466797,-0.0141861076236326
196.25,24.0314178466797,-0.01200083472123
197.5,24.0314178466797,-0.00947904303293748
198.75,24.0314178466797,-0.00770003206864735
200,24.0314178466797,-0.00669599961042473
201.25,24.0314178466797,-0.00580940632242264
202.5,24.0314178466797,-0.00522322436009773
203.75,24.0314178466797,-0.00441296616280439
205,24.0314178466797,-0.00381551847279417
206.25,24.0314178466797,-0.00435072234790475
207.5,24.0314178466797,-0.00556678406193297
208.75,24.0314178466797,-0.00718648812052678
210,24.0314178466797,-0.00869222955604131
211.25,24.0314178466797,-0.00969380020075338
212.5,24.0314178466797,-0.00981667303658145
213.75,24.0314178466797,-0.00903198902890352
215,24.0314178466797,-0.0079179405558795
216.25,24.0314178466797,-0.00666330510878968
217.5,24.0314178466797,-0.00531041702814026
218.75,24.0314178466797,-0.00408820844158311
220,24.0314178466797,-0.00364786195247938
221.25,24.0314178466797,-0.0038083324244406
222.5,24.0314178466797,-0.00403278095187103
223.75,24.0314178466797,-0.00436302354245312
225,24.0314178466797,-0.00481444044874924
226.25,24.0314178466797,-0.00616267478296975
227.5,24.0314178466797,-0.00824221845870577
228.75,24.0314178466797,-0.0100031810747862
230,24.0314178466797,-0.0122772778812975
231.25,24.0314178466797,-0.0150923027419444
232.5,24.0314178466797,-0.0184956437920954
233.75,24.0314178466797,-0.0218119698429045
235,24.0314178466797,-0.022503918475138
236.25,24.0314178466797,-0.0206281245540302
237.5,24.0314178466797,-0.0167871249813496
238.75,24.0314178466797,-0.0104119019849993
240,24.0314178466797,-0.00360331778996792
241.25,24.0314178466797,0.00239178393395654
242.5,24.0314178466797,0.00547450104210436
243.75,24.0314178466797,0.00312710468288423
245,24.0314178466797,-0.00222510608648349
246.25,24.0314178466797,-0.00717660196650078
247.5,24.0314178466797,-0.0105320433019846
248.75,24.0314178466797,-0.012486193540613
250,24.0314178466797,0.000574787184388091
160,24.9738235473633,0.01138264337385
161.25,24.9738235473633,0.0106957383836289
162.5,24.9738235473633,0.00877043739422015
163.75,24.9738235473633,0.00632072567295622
165,24.9738235473633,0.00456356664049219
166.25,24.9738235473633,0.00370508924714385
167.5,24.9738235473633,0.00344913586484644
168.75,24.9738235473633,0.00389654689756538
170,24.9738235473633,0.00459325762126239
171.25,24.9738235473633,0.00534317106218098
172.5,24.9738235473633,0.00625229329992052
173.75,24.9738235473633,0.00667591422104445
175,24.9738235473633,0.00655084984797274
176.25,24.9738235473633,0.0059325179986983
177.5,24.9738235473633,0.0047080688225517
178.75,24.9738235473633,0.00287889791330022
180,24.9738235473633,0.000940348228973242
181.25,24.9738235473633,-0.000239418263748769
182.5,24.9738235473633,-0.000916266818742186
183.75,24.9738235473633,-0.0019884997387255
185,24.9738235473633,-0.00383223224786669
186.25,24.9738235473633,-0.00583297336628186
187.5,24.9738235473633,-0.0073729044924622
188.75,24.9738235473633,-0.00839499448821618
190,24.9738235473633,-0.00919390895516432
191.25,24.9738235473633,-0.00989652664958308
192.5,24.9738235473633,-0.010726437671712
193.75,24.9738235473633,-0.0114637517602841
195,24.9738235473633,-0.0115462438890734
196.25,24.9738235473633,-0.0102730133445244
197.5,24.9738235473633,-0.00820307995675605
198.75,24.9738235473633,-0.00643984871625935
200,24.9738235473633,-0.00527773810454497
201.25,24.9738235473633,-0.00452135480075358
202.5,24.9738235473633,-0.0035518451718616
203.75,24.9738235473633,-0.00167189592904926
205,24.9738235473633,0.000557263799949552
206.25,24.9738235473633,0.0024176311545531
207.5,24.9738235473633,0.00373714956683435
208.75,24.9738235473633,0.00383813149217201
210,24.9738235473633,0.0021073014191438
211.25,24.9738235473633,-0.000565279672058525
212.5,24.9738235473633,-0.00286851923348257
213.75,24.9738235473633,-0.00417912506306313
215,24.9738235473633,-0.00444234368226284
216.25,24.9738235473633,-0.00417939535912922
217.5,24.9738235473633,-0.00394444816222514
218.75,24.9738235473633,-0.00380760413264383
220,24.9738235473633,-0.00422611899235342
221.25,24.9738235473633,-0.00487568686102214
222.5,24.9738235473633,-0.00538945705544526
223.75,24.9738235473633,-0.0059446372654652
225,24.9738235473633,-0.00668900181475414
226.25,24.9738235473633,-0.00789729550724986
227.5,24.9738235473633,-0.00908041419469825
228.75,24.9738235473633,-0.0102288141237361
230,24.9738235473633,-0.0120107881172475
231.25,24.9738235473633,-0.0144200575481488
232.5,24.9738235473633,-0.0175569552072428
233.75,24.9738235473633,-0.0211359320286343
235,24.9738235473633,-0.02280787824005
236.25,24.9738235473633,-0.0214022233107658
237.5,24.9738235473633,-0.0178302230846538
238.75,24.9738235473633,-0.0114420124863913
240,24.9738235473633,-0.00494473398083626
241.25,24.9738235473633,0.000391753645375482
242.5,24.9738235473633,0.00202468590209632
243.75,24.9738235473633,-0.00116101240162018
245,24.9738235473633,-0.00536252276350332
246.25,24.9738235473633,-0.00832761449264226
247.5,24.9738235473633,-0.00981886940814992
248.75,24.9738235473633,-0.008371411034366
250,24.9738235473633,0.0013349017602786
160,25.9162292480469,0.011484017231318
161.25,25.9162292480469,0.0122280777115678
162.5,25.9162292480469,0.0114012961637383
163.75,25.9162292480469,0.00945703588548211
165,25.9162292480469,0.00745440734127662
166.25,25.9162292480469,0.00600100719422444
167.5,25.9162292480469,0.00544962427395505
168.75,25.9162292480469,0.00554168706241939
170,25.9162292480469,0.00600542690793259
171.25,25.9162292480469,0.00673935250264847
172.5,25.9162292480469,0.00774332917603033
173.75,25.9162292480469,0.00849747646201
175,25.9162292480469,0.00869641438768222
176.25,25.9162292480469,0.00832804323013008
177.5,25.9162292480469,0.00756937981253589
178.75,25.9162292480469,0.00622290149060757
180,25.9162292480469,0.00424618697998121
181.25,25.9162292480469,0.00260562154399822
182.5,25.9162292480469,0.00206218286103039
183.75,25.9162292480469,0.00194572380517543
185,25.9162292480469,0.00140620724620074
186.25,25.9162292480469,0.000148339951857407
187.5,25.9162292480469,-0.00114954034368123
188.75,25.9162292480469,-0.00227391606218815
190,25.9162292480469,-0.00335341370830576
191.25,25.9162292480469,-0.00448445590861586
192.5,25.9162292480469,-0.00561840006480778
193.75,25.9162292480469,-0.00681592911334568
195,25.9162292480469,-0.00722121910706088
196.25,25.9162292480469,-0.00645369976806115
197.5,25.9162292480469,-0.00526484250175414
198.75,25.9162292480469,-0.00423942928305023
200,25.9162292480469,-0.00326307232110297
201.25,25.9162292480469,-0.00258638549291409
202.5,25.9162292480469,-0.00207682947702756
203.75,25.9162292480469,-0.00111510678745029
205,25.9162292480469,0.00101376345283987
206.25,25.9162292480469,0.00325599018403092
207.5,25.9162292480469,0.00556658933788578
208.75,25.9162292480469,0.00807093983390589
210,25.9162292480469,0.00969171641320712
211.25,25.9162292480469,0.00918492492447314
212.5,25.9162292480469,0.00613642369415495
213.75,25.9162292480469,0.00201702948559989
215,25.9162292480469,-0.000750117262141556
216.25,25.9162292480469,-0.00125963300249445
217.5,25.9162292480469,-0.00143352275289148
218.75,25.9162292480469,-0.00183962335694257
220,25.9162292480469,-0.00315430777956907
221.25,25.9162292480469,-0.00476707777604915
222.5,25.9162292480469,-0.00631514013001551
223.75,25.9162292480469,-0.00784117244867536
225,25.9162292480469,-0.00913071381140471
226.25,25.9162292480469,-0.010375352908043
227.5,25.9162292480469,-0.011064522919302
228.75,25.9162292480469,-0.0114042432342094
230,25.9162292480469,-0.0118559680987302
231.25,25.9162292480469,-0.0136805885349526
232.5,25.9162292480469,-0.0168790826355707
233.75,25.9162292480469,-0.0209119405185944
235,25.9162292480469,-0.0237885958025346
236.25,25.9162292480469,-0.0234001541368988
237.5,25.9162292480469,-0.0199032161329095
238.75,25.9162292480469,-0.0138423301163103
240,25.9162292480469,-0.00792870396586252
241.25,25.9162292480469,-0.00309510716477939
242.5,25.9162292480469,-0.00279678692129338
243.75,25.9162292480469,-0.00585993755501241
245,25.9162292480469,-0.00819571765634378
246.25,25.9162292480469,-0.00922584979801957
247.5,25.9162292480469,-0.00963275217240024
248.75,25.9162292480469,-0.00385238552473509
250,25.9162292480469,0.00197768769747723
160,26.858642578125,0.00611235281242221
161.25,26.858642578125,0.00875061176061436
162.5,26.858642578125,0.010037091166225
163.75,26.858642578125,0.0100254269864853
165,26.858642578125,0.00935248644982356
166.25,26.858642578125,0.00845066071021021
167.5,26.858642578125,0.00786227071824586
168.75,26.858642578125,0.00752230948913636
170,26.858642578125,0.0073212619837566
171.25,26.858642578125,0.00768164714118169
172.5,26.858642578125,0.00848500836981375
173.75,26.858642578125,0.00931699187972492
175,26.858642578125,0.00969236805117349
176.25,26.858642578125,0.00944145340076879
177.5,26.858642578125,0.00895754890826064
178.75,26.858642578125,0.00811386684811537
180,26.858642578125,0.00667175329241551
181.25,26.858642578125,0.00522915429699834
182.5,26.858642578125,0.00474253207060219
183.75,26.858642578125,0.00516434894454259
185,26.858642578125,0.00589008955310208
186.25,26.858642578125,0.00572481304472373
187.5,26.858642578125,0.00466029719318789
188.75,26.858642578125,0.00312353549677568
190,26.858642578125,0.00147088154496275
191.25,26.858642578125,-0.000112894244765521
192.5,26.858642578125,-0.00181409520924548
193.75,26.858642578125,-0.00325765252297148
195,26.858642578125,-0.00366830964809343
196.25,26.858642578125,-0.00300885318091743
197.5,26.858642578125,-0.00226294844220902
198.75,26.858642578125,-0.00185572552881634
200,26.858642578125,-0.00142270998172529
201.25,26.858642578125,-0.000987888198741469
202.5,26.858642578125,-0.000746140089966338
203.75,26.858642578125,-0.000604141294180912
205,26.858642578125,2.70698559386002e-05
206.25,26.858642578125,0.00119981455772547
207.5,26.858642578125,0.00256532580832741
208.75,26.858642578125,0.00478109995302537
210,26.858642578125,0.0078838699950234
211.25,26.858642578125,0.0106962811764338
212.5,26.858642578125,0.0114090065449338
213.75,26.858642578125,0.00900993190569746
215,26.858642578125,0.00558601287320245
216.25,26.858642578125,0.00340104387060251
217.5,26.858642578125,0.00224639133536264
218.75,26.858642578125,0.00129246003561714
220,26.858642578125,-0.00053647713206655
221.25,26.858642578125,-0.00310731355611221
222.5,26.858642578125,-0.00614273848765342
223.75,26.858642578125,-0.00904620924663381
225,26.858642578125,-0.0111980439981245
226.25,26.858642578125,-0.0122771053268317
227.5,26.858642578125,-0.0124519983915516
228.75,26.858642578125,-0.0122128348863822
230,26.858642578125,-0.0121541560872425
231.25,26.858642578125,-0.0132391405586673
232.5,26.858642578125,-0.0162426299823432
233.75,26.858642578125,-0.0206585168988372
235,26.858642578125,-0.0244027221950788
236.25,26.858642578125,-0.0250826282286701
237.5,26.858642578125,-0.0223363026394128
238.75,26.858642578125,-0.0170004797980991
240,26.858642578125,-0.0116846734735552
241.25,26.858642578125,-0.00746992771344412
242.5,26.858642578125,-0.00787965664047302
243.75,26.858642578125,-0.00991772236118903
245,26.858642578125,-0.0102672999010552
246.25,26.858642578125,-0.00979443115454182
247.5,26.858642578125,-0.00792909308048634
248.75,26.858642578125,-0.00381611535706211
250,26.858642578125,0.000902066702415909
160,27.8010482788086,-0.00106821323703333
161.25,27.8010482788086,0.00258096467052701
162.5,27.8010482788086,0.00541007514530598
163.75,27.8010482788086,0.00709174687545453
165,27.8010482788086,0.0079727082740688
166.25,27.8010482788086,0.00857292743608962
167.5,27.8010482788086,0.00910648758196147
168.75,27.8010482788086,0.00949965980104074
170,27.8010482788086,0.00958001569315235
171.25,27.8010482788086,0.00952904454967205
172.5,27.8010482788086,0.0097197959955305
173.75,27.8010482788086,0.0100125773162262
175,27.8010482788086,0.0102293771398953
176.25,27.8010482788086,0.0101951691271924
177.5,27.8010482788086,0.0101549164505736
178.75,27.8010482788086,0.00996778513146723
180,27.8010482788086,0.00922072536712398
181.25,27.8010482788086,0.00802845719095703
182.5,27.8010482788086,0.00742877026114594
183.75,27.8010482788086,0.00780013071793014
185,27.8010482788086,0.0092036854584495
186.25,27.8010482788086,0.010100837297812
187.5,27.8010482788086,0.00953962332889111
188.75,27.8010482788086,0.0077684811562673
190,27.8010482788086,0.00520445487078838
191.25,27.8010482788086,0.00249157382809281
192.5,27.8010482788086,-0.000121643121161927
193.75,27.8010482788086,-0.00212186482636138
195,27.8010482788086,-0.0023962388314442
196.25,27.8010482788086,-0.00174156631977981
197.5,27.8010482788086,-0.00102121449371269
198.75,27.8010482788086,-0.000381819388684228
200,27.8010482788086,0.00052607235076563
201.25,27.8010482788086,0.00137562839392391
202.5,27.8010482788086,0.00199882051745997
203.75,27.8010482788086,0.00227258564353386
205,27.8010482788086,0.00185309776632093
206.25,27.8010482788086,0.00107985574042752
207.5,27.8010482788086,-0.000169405169807857
208.75,27.8010482788086,-0.000799174727391983
210,27.8010482788086,0.000774997684742458
211.25,27.8010482788086,0.00423650038684333
212.5,27.8010482788086,0.0078810630814264
213.75,27.8010482788086,0.0105291580474808
215,27.8010482788086,0.0114980109485493
216.25,27.8010482788086,0.0105740532486396
217.5,27.8010482788086,0.00843620581954902
218.75,27.8010482788086,0.00541353303440881
220,27.8010482788086,0.00209450764971898
221.25,27.8010482788086,-0.00161735953478054
222.5,27.8010482788086,-0.0058370257991652
223.75,27.8010482788086,-0.00964212220924326
225,27.8010482788086,-0.0123666821207514
226.25,27.8010482788086,-0.0135139997180714
227.5,27.8010482788086,-0.0131898153742316
228.75,27.8010482788086,-0.01236114444434
230,27.8010482788086,-0.012078512401382
231.25,27.8010482788086,-0.0125596200055792
232.5,27.8010482788086,-0.0149702374317698
233.75,27.8010482788086,-0.0194824958192923
235,27.8010482788086,-0.0242801857448064
236.25,27.8010482788086,-0.0259636743786814
237.5,27.8010482788086,-0.0239076683698882
238.75,27.8010482788086,-0.0197072050822357
240,27.8010482788086,-0.0143567228913606
241.25,27.8010482788086,-0.0112136453037303
242.5,27.8010482788086,-0.0117660825654699
243.75,27.8010482788086,-0.0123601406855928
245,27.8010482788086,-0.011124250036447
246.25,27.8010482788086,-0.0101926518499944
247.5,27.8010482788086,-0.00655669631015211
248.75,27.8010482788086,-0.00394178462328305
250,27.8010482788086,-0.000143908609005046
160,28.7434539794922,-0.00563495400579118
161.25,28.7434539794922,-0.00180313609678904
162.5,28.7434539794922,0.00135216173039691
163.75,28.7434539794922,0.003430105876801
165,28.7434539794922,0.00455608450675913
166.25,28.7434539794922,0.00554937904103251
167.5,28.7434539794922,0.00679028809418073
168.75,28.7434539794922,0.00807655392200229
170,28.7434539794922,0.00950832136766889
171.25,28.7434539794922,0.0104080747316314
172.5,28.7434539794922,0.0109294791998784
173.75,28.7434539794922,0.0112122863729078
175,28.7434539794922,0.0114986314966682
176.25,28.7434539794922,0.0118168519550448
177.5,28.7434539794922,0.0122189254377348
178.75,28.7434539794922,0.0125150070122175
180,28.7434539794922,0.0120673819197813
181.25,28.7434539794922,0.0108711403941985
182.5,28.7434539794922,0.00992754214168742
183.75,28.7434539794922,0.00995438163272252
185,28.7434539794922,0.0111459576371898
186.25,28.7434539794922,0.0124561592125843
187.5,28.7434539794922,0.0127918930960857
188.75,28.7434539794922,0.0115607069136198
190,28.7434539794922,0.0087425143070712
191.25,28.7434539794922,0.00520195694389912
192.5,28.7434539794922,0.00169748494812023
193.75,28.7434539794922,-0.00123757176688536
195,28.7434539794922,-0.00214791800514345
196.25,28.7434539794922,-0.00182595442240093
197.5,28.7434539794922,-0.000946904195110452
198.75,28.7434539794922,0.000392644873914459
200,28.7434539794922,0.00209700634009559
201.25,28.7434539794922,0.00353175796242596
202.5,28.7434539794922,0.00449390151387251
203.75,28.7434539794922,0.00493238301969779
205,28.7434539794922,0.00451399468556048
206.25,28.7434539794922,0.0031192901104409
207.5,28.7434539794922,0.00105923241617251
208.75,28.7434539794922,-0.0018840425039712
210,28.7434539794922,-0.00399195235380132
211.25,28.7434539794922,-0.00333347853444059
212.5,28.7434539794922,-0.000152878388126218
213.75,28.7434539794922,0.00472880251370266
215,28.7434539794922,0.0105069748534783
216.25,28.7434539794922,0.0149720627647027
217.5,28.7434539794922,0.0155903443409762
218.75,28.7434539794922,0.0115781915487753
220,28.7434539794922,0.00582875253798087
221.25,28.7434539794922,0.000221960500269283
222.5,28.7434539794922,-0.00503051372648621
223.75,28.7434539794922,-0.00947501363146643
225,28.7434539794922,-0.0123943763098728
226.25,28.7434539794922,-0.0137144507455889
227.5,28.7434539794922,-0.0137136077928537
228.75,28.7434539794922,-0.0125996282098113
230,28.7434539794922,-0.0114343659437363
231.25,28.7434539794922,-0.0113375542748423
232.5,28.7434539794922,-0.0130341577891418
233.75,28.7434539794922,-0.017167649628093
235,28.7434539794922,-0.0227786634925519
236.25,28.7434539794922,-0.0255892220791972
237.5,28.7434539794922,-0.024077326518577
238.75,28.7434539794922,-0.0205780226380036
240,28.7434539794922,-0.016212006406517
241.25,28.7434539794922,-0.0142898534094748
242.5,28.7434539794922,-0.0145140182711318
243.75,28.7434539794922,-0.0138909112543343
245,28.7434539794922,-0.0118409165066991
246.25,28.7434539794922,-0.00926125292554761
160,29.6858673095703,-0.00694492657204232
161.25,29.6858673095703,-0.00355123563531043
162.5,29.6858673095703,-0.00101252659021209
163.75,29.6858673095703,0.000171209052056116
165,29.6858673095703,0.000417127471391253
166.25,29.6858673095703,0.000920516809161552
167.5,29.6858673095703,0.00224026858038806
168.75,29.6858673095703,0.00398250677783037
170,29.6858673095703,0.00628355954820914
171.25,29.6858673095703,0.00887343759290296
172.5,29.6858673095703,0.0109957589603627
173.75,29.6858673095703,0.0126259667523558
175,29.6858673095703,0.013922426870779
176.25,29.6858673095703,0.0146088769054653
177.5,29.6858673095703,0.0147575562007193
178.75,29.6858673095703,0.0148126270319993
180,29.6858673095703,0.0143379871935661
181.25,29.6858673095703,0.013080962473717
182.5,29.6858673095703,0.0118634116733739
183.75,29.6858673095703,0.0113791645845349
185,29.6858673095703,0.0114592796860056
186.25,29.6858673095703,0.0120883437023318
187.5,29.6858673095703,0.0128383773694601
188.75,29.6858673095703,0.0123924642011031
190,29.6858673095703,0.0103343838873217
191.25,29.6858673095703,0.00728973456828357
192.5,29.6858673095703,0.0041071020278529
193.75,29.6858673095703,0.000951742049120465
195,29.6858673095703,-0.00122807030569411
196.25,29.6858673095703,-0.00185703259296712
197.5,29.6858673095703,-0.0010509367865436
198.75,29.6858673095703,0.00106745972263164
200,29.6858673095703,0.00348123501290885
201.25,29.6858673095703,0.00501884475506684
202.5,29.6858673095703,0.00587153880151436
203.75,29.6858673095703,0.00609137287428119
205,29.6858673095703,0.00541945006340272
206.25,29.6858673095703,0.00410251699593821
207.5,29.6858673095703,0.00232168408378288
208.75,29.6858673095703,-0.000788581648547342
210,29.6858673095703,-0.00419529051211933
211.25,29.6858673095703,-0.00599121773458389
212.5,29.6858673095703,-0.00524765024638203
213.75,29.6858673095703,-0.00217301815096622
215,29.6858673095703,0.00336092297325
216.25,29.6858673095703,0.011525880543623
217.5,29.6858673095703,0.0184029482390832
218.75,29.6858673095703,0.017568642299905
220,29.6858673095703,0.0114368207008577
221.25,29.6858673095703,0.0042751417344211
222.5,29.6858673095703,-0.00249296666864447
223.75,29.6858673095703,-0.0080285563799206
225,29.6858673095703,-0.0115181868632177
226.25,29.6858673095703,-0.0128666574206216
227.5,29.6858673095703,-0.0126935611479978
228.75,29.6858673095703,-0.0115241944284333
230,29.6858673095703,-0.00986760135183432
231.25,29.6858673095703,-0.0089812966719424
232.5,29.6858673095703,-0.00977548109082167
233.75,29.6858673095703,-0.0134643177509386
235,29.6858673095703,-0.0193804570477377
236.25,29.6858673095703,-0.0230419617053206
237.5,29.6858673095703,-0.0224950002359482
238.75,29.6858673095703,-0.0201465670511833
240,29.6858673095703,-0.0176243551320012
241.25,29.6858673095703,-0.0167184312132384
242.5,29.6858673095703,-0.0163333773664516
243.75,29.6858673095703,-0.0150674518155739
245,29.6858673095703,-0.0136667948715308
160,30.6282730102539,-0.00654872428557101
161.25,30.6282730102539,-0.00322821567485083
162.5,30.6282730102539,-0.000811637515629423
163.75,30.6282730102539,-0.000416846355182902
165,30.6282730102539,-0.000977267388518213
166.25,30.6282730102539,-0.00124074872157823
167.5,30.6282730102539,-0.000557049236075853
168.75,30.6282730102539,0.00118605726672496
170,30.6282730102539,0.00352643027562097
171.25,30.6282730102539,0.00628768932721146
172.5,30.6282730102539,0.0091980061079572
173.75,30.6282730102539,0.0126080621036474
175,30.6282730102539,0.0158633013558109
176.25,30.6282730102539,0.0176898228548533
177.5,30.6282730102539,0.0180232909289661
178.75,30.6282730102539,0.017741249531721
180,30.6282730102539,0.0172397037131892
181.25,30.6282730102539,0.0162034929762241
182.5,30.6282730102539,0.014976092475025
183.75,30.6282730102539,0.0136185238406093
185,30.6282730102539,0.0118153447879459
186.25,30.6282730102539,0.010903296312315
187.5,30.6282730102539,0.0115072074573885
188.75,30.6282730102539,0.0117248660976342
190,30.6282730102539,0.0103979030611668
191.25,30.6282730102539,0.00802217508410162
192.5,30.6282730102539,0.00565496826667651
193.75,30.6282730102539,0.00314834705351447
195,30.6282730102539,0.000580800195595806
196.25,30.6282730102539,-0.000921625674462056
197.5,30.6282730102539,-0.0006551634381803
198.75,30.6282730102539,0.00148679045235009
200,30.6282730102539,0.00401784040543064
201.25,30.6282730102539,0.0054725890983281
202.5,30.6282730102539,0.00620313880680405
203.75,30.6282730102539,0.00643536294173588
205,30.6282730102539,0.00587885877078743
206.25,30.6282730102539,0.00456042209664995
207.5,30.6282730102539,0.00267804887276852
208.75,30.6282730102539,-6.1242596157571e-05
210,30.6282730102539,-0.00338543344344629
211.25,30.6282730102539,-0.00595294358189133
212.5,30.6282730102539,-0.00663726919629168
213.75,30.6282730102539,-0.0050517484998895
215,30.6282730102539,-0.00137601703122448
216.25,30.6282730102539,0.00466903261682798
217.5,30.6282730102539,0.0130605048790464
218.75,30.6282730102539,0.0187314305599145
220,30.6282730102539,0.0175744351259582
221.25,30.6282730102539,0.0116578408387121
222.5,30.6282730102539,0.00371871340968523
223.75,30.6282730102539,-0.00399761910314499
225,30.6282730102539,-0.00891078688152678
226.25,30.6282730102539,-0.0104065358634173
227.5,30.6282730102539,-0.00988264914693395
228.75,30.6282730102539,-0.00876394690134305
230,30.6282730102539,-0.00739250700737714
231.25,30.6282730102539,-0.00649168784445196
232.5,30.6282730102539,-0.0068977370383315
233.75,30.6282730102539,-0.0100431092098253
235,30.6282730102539,-0.0153389210667177
236.25,30.6282730102539,-0.0193318892945324
237.5,30.6282730102539,-0.0201922977282643
238.75,30.6282730102539,-0.0192549477580429
240,30.6282730102539,-0.0185462183861076
241.25,30.6282730102539,-0.0180871853141439
242.5,30.6282730102539,-0.0171790611824821
243.75,30.6282730102539,-0.016544731811198
160,31.5706787109375,-0.00384871871929442
161.25,31.5706787109375,-0.0023576056672784
162.5,31.5706787109375,0.000139360020808921
163.75,31.5706787109375,0.00122753534064967
165,31.5706787109375,0.00120812984088816
166.25,31.5706787109375,0.00115536879396402
167.5,31.5706787109375,0.00160885284335743
168.75,31.5706787109375,0.00296160039015601
170,31.5706787109375,0.00451277843463501
171.25,31.5706787109375,0.00618127176711042
172.5,31.5706787109375,0.00805094497853222
173.75,31.5706787109375,0.0113307088665494
175,31.5706787109375,0.0151674929386251
176.25,31.5706787109375,0.018196117473873
177.5,31.5706787109375,0.0200370140188596
178.75,31.5706787109375,0.020855656456418
180,31.5706787109375,0.0210457100191121
181.25,31.5706787109375,0.0208264396854648
182.5,31.5706787109375,0.0201352590583128
183.75,31.5706787109375,0.0173798229133774
185,31.5706787109375,0.0136445991529152
186.25,31.5706787109375,0.0115006542230979
187.5,31.5706787109375,0.0113269353866799
188.75,31.5706787109375,0.0113462302487213
190,31.5706787109375,0.0100903644687037
191.25,31.5706787109375,0.00813995902104026
192.5,31.5706787109375,0.00671025404501206
193.75,31.5706787109375,0.00519119328124816
195,31.5706787109375,0.00269009029501886
196.25,31.5706787109375,0.00045526799937218
197.5,31.5706787109375,4.11943493852582e-05
198.75,31.5706787109375,0.00150665487341689
200,31.5706787109375,0.00345916214586576
201.25,31.5706787109375,0.00468395031180874
202.5,31.5706787109375,0.0056617450129594
203.75,31.5706787109375,0.00642147450445588
205,31.5706787109375,0.00638156520243119
206.25,31.5706787109375,0.00543487683836256
207.5,31.5706787109375,0.00348905681716457
208.75,31.5706787109375,0.000658358643265786
210,31.5706787109375,-0.00243655546844135
211.25,31.5706787109375,-0.00482726966623145
212.5,31.5706787109375,-0.00582295113407964
213.75,31.5706787109375,-0.00523678192394857
215,31.5706787109375,-0.00303223424855252
216.25,31.5706787109375,0.00136220811659913
217.5,31.5706787109375,0.00778716115736143
218.75,31.5706787109375,0.0146550580047101
220,31.5706787109375,0.0187714766903783
221.25,31.5706787109375,0.0178100683460166
222.5,31.5706787109375,0.0117556904208892
223.75,31.5706787109375,0.00305188128978413
225,31.5706787109375,-0.00370386058510443
226.25,31.5706787109375,-0.00631047676110996
227.5,31.5706787109375,-0.00621044324765449
228.75,31.5706787109375,-0.00533439526241284
230,31.5706787109375,-0.00474299319088006
231.25,31.5706787109375,-0.00422769854224936
232.5,31.5706787109375,-0.00527869524905956
233.75,31.5706787109375,-0.00828275943789794
235,31.5706787109375,-0.012592825108188
236.25,31.5706787109375,-0.0164215244539623
237.5,31.5706787109375,-0.01829221314689
238.75,31.5706787109375,-0.0186708772136555
240,31.5706787109375,-0.0193876163669621
241.25,31.5706787109375,-0.0190053598206247
242.5,31.5706787109375,-0.0175641545615231
243.75,31.5706787109375,-0.0165502614445202
160,32.5130920410156,0.00211175489416524
161.25,32.5130920410156,0.000838156407310612
162.5,32.5130920410156,0.00127677613844717
163.75,32.5130920410156,0.00295909275380403
165,32.5130920410156,0.00447267297950864
166.25,32.5130920410156,0.0054873271881989
167.5,32.5130920410156,0.00619312453093097
168.75,32.5130920410156,0.0070786868352535
170,32.5130920410156,0.00794487705416271
171.25,32.5130920410156,0.00824582242952118
172.5,32.5130920410156,0.0084341555208955
173.75,32.5130920410156,0.0100009920358493
175,32.5130920410156,0.0129000371238581
176.25,32.5130920410156,0.0164013626788771
177.5,32.5130920410156,0.0197988716247161
178.75,32.5130920410156,0.0224994316098108
180,32.5130920410156,0.0242496268901987
181.25,32.5130920410156,0.0253128807221519
182.5,32.5130920410156,0.0250072289985552
183.75,32.5130920410156,0.02103217577507
185,32.5130920410156,0.0165182387848572
186.25,32.5130920410156,0.014365938178147
187.5,32.5130920410156,0.0135189893204622
188.75,32.5130920410156,0.0124058035288505
190,32.5130920410156,0.0102129836003761
191.25,32.5130920410156,0.00809887979891603
192.5,32.5130920410156,0.00730046100611949
193.75,32.5130920410156,0.00641474712677491
195,32.5130920410156,0.00433175951530017
196.25,32.5130920410156,0.00182885870981114
197.5,32.5130920410156,0.000344258030025705
198.75,32.5130920410156,0.000662794158044816
200,32.5130920410156,0.00179835633543039
201.25,32.5130920410156,0.00302245450815738
202.5,32.5130920410156,0.00458982288012602
203.75,32.5130920410156,0.0059474170592401
205,32.5130920410156,0.00630420424242281
206.25,32.5130920410156,0.00563132029537138
207.5,32.5130920410156,0.00385460007714458
208.75,32.5130920410156,0.0011122985327671
210,32.5130920410156,-0.00169544749938841
211.25,32.5130920410156,-0.00352240948098441
212.5,32.5130920410156,-0.004087011816137
213.75,32.5130920410156,-0.00388166597295051
215,32.5130920410156,-0.00273639855833732
216.25,32.5130920410156,0.000383022801231414
217.5,32.5130920410156,0.0053228083395419
218.75,32.5130920410156,0.0115724030573129
220,32.5130920410156,0.0169462306723697
221.25,32.5130920410156,0.0198367700901829
222.5,32.5130920410156,0.01727742746273
223.75,32.5130920410156,0.00998422788443814
225,32.5130920410156,0.00257542348704898
226.25,32.5130920410156,-0.00149918023187352
227.5,32.5130920410156,-0.00280276600622207
228.75,32.5130920410156,-0.00280429624893998
230,32.5130920410156,-0.00229966816119971
231.25,32.5130920410156,-0.00262139286052282
232.5,32.5130920410156,-0.00479408846614578
233.75,32.5130920410156,-0.00777499336698669
235,32.5130920410156,-0.0109262105919214
236.25,32.5130920410156,-0.0142950973549985
237.5,32.5130920410156,-0.0169855124394621
238.75,32.5130920410156,-0.0185148667532709
240,32.5130920410156,-0.019726004953817
241.25,32.5130920410156,-0.0197058085301135
242.5,32.5130920410156,-0.0178040898418813
160,33.4554977416992,0.00973000557867526
161.25,33.4554977416992,0.0063989517352685
162.5,33.4554977416992,0.00406108284167093
163.75,33.4554977416992,0.00442275066437829
165,33.4554977416992,0.00649388453138288
166.25,33.4554977416992,0.00823016785279511
167.5,33.4554977416992,0.00901902852082733
168.75,33.4554977416992,0.00951865300943764
170,33.4554977416992,0.00981593201117194
171.25,33.4554977416992,0.00958918248372281
172.5,33.4554977416992,0.00958417546685945
173.75,33.4554977416992,0.0104481750069448
175,33.4554977416992,0.0121086386310781
176.25,33.4554977416992,0.0144826811547807
177.5,33.4554977416992,0.0175952741716246
178.75,33.4554977416992,0.0211408577213605
180,33.4554977416992,0.0242201002534068
181.25,33.4554977416992,0.0265215511079028
182.5,33.4554977416992,0.0268055799280738
183.75,33.4554977416992,0.0232164988054374
185,33.4554977416992,0.0193113874106806
186.25,33.4554977416992,0.0175374197609025
187.5,33.4554977416992,0.0164415031233769
188.75,33.4554977416992,0.0143447586587312
190,33.4554977416992,0.0111757252081744
191.25,33.4554977416992,0.00861168034944164
192.5,33.4554977416992,0.00749572504322025
193.75,33.4554977416992,0.00648509219228016
195,33.4554977416992,0.00478050196744871
196.25,33.4554977416992,0.00235804594900631
197.5,33.4554977416992,0.000240625996544394
198.75,33.4554977416992,-0.000726741168941045
200,33.4554977416992,-0.00059755863027735
201.25,33.4554977416992,0.000482821387159225
202.5,33.4554977416992,0.00258333413635587
203.75,33.4554977416992,0.00462140621965766
205,33.4554977416992,0.0053116033890028
206.25,33.4554977416992,0.00477788346229228
207.5,33.4554977416992,0.00342959024397396
208.75,33.4554977416992,0.0009331776901615
210,33.4554977416992,-0.00177947032677904
211.25,33.4554977416992,-0.00351585538762432
212.5,33.4554977416992,-0.00388871410050632
213.75,33.4554977416992,-0.00349770443986289
215,33.4554977416992,-0.00272245352541345
216.25,33.4554977416992,-0.00051020882470115
217.5,33.4554977416992,0.00369440070433345
218.75,33.4554977416992,0.00946390965813652
220,33.4554977416992,0.0150248325816519
221.25,33.4554977416992,0.0191581664008289
222.5,33.4554977416992,0.0193883110258317
223.75,33.4554977416992,0.0149004808515935
225,33.4554977416992,0.00811505742627502
226.25,33.4554977416992,0.00249741049480122
227.5,33.4554977416992,-0.00067663027023855
228.75,33.4554977416992,-0.00158716889932246
230,33.4554977416992,-0.00194659889058808
231.25,33.4554977416992,-0.00348889994159408
232.5,33.4554977416992,-0.00632121690013793
233.75,33.4554977416992,-0.00858087759357653
235,33.4554977416992,-0.0102898861115677
236.25,33.4554977416992,-0.0128858334067677
237.5,33.4554977416992,-0.0166267773110782
238.75,33.4554977416992,-0.0192908897057779
240,33.4554977416992,-0.0197547465885051
241.25,33.4554977416992,-0.0197292361825753
242.5,33.4554977416992,-0.0171914773316384
160,34.3979034423828,0.0167398197373296
161.25,34.3979034423828,0.014085368850915
162.5,34.3979034423828,0.0113145936075972
163.75,34.3979034423828,0.00955118169228437
165,34.3979034423828,0.00973423562795714
166.25,34.3979034423828,0.010478024122681
167.5,34.3979034423828,0.0106881328857
168.75,34.3979034423828,0.010544190383132
170,34.3979034423828,0.0104863367641321
171.25,34.3979034423828,0.00969000562283757
172.5,34.3979034423828,0.00968581950836275
173.75,34.3979034423828,0.0103350820757936
175,34.3979034423828,0.0110765568606615
176.25,34.3979034423828,0.0123175690251095
177.5,34.3979034423828,0.0144811252928229
178.75,34.3979034423828,0.0176128369023086
180,34.3979034423828,0.0208833110786289
181.25,34.3979034423828,0.0236444630200985
182.5,34.3979034423828,0.0247269438426729
183.75,34.3979034423828,0.023004538180785
185,34.3979034423828,0.0204335281045306
186.25,34.3979034423828,0.0191954751484015
187.5,34.3979034423828,0.018694101884754
188.75,34.3979034423828,0.0166704609248645
190,34.3979034423828,0.0131880313068474
191.25,34.3979034423828,0.0098471624398401
192.5,34.3979034423828,0.00747576314120269
193.75,34.3979034423828,0.00567712192095573
195,34.3979034423828,0.00379555535347786
196.25,34.3979034423828,0.00154181734153467
197.5,34.3979034423828,-0.000486263770019825
198.75,34.3979034423828,-0.00194830384508913
200,34.3979034423828,-0.00233682608648365
201.25,34.3979034423828,-0.00136500918727677
202.5,34.3979034423828,0.000759684430408553
203.75,34.3979034423828,0.00278158109955437
205,34.3979034423828,0.00330432529865226
206.25,34.3979034423828,0.00241727558819263
207.5,34.3979034423828,0.000953370694700597
208.75,34.3979034423828,-0.00118426423663199
210,34.3979034423828,-0.00356109389455897
211.25,34.3979034423828,-0.00533650469558384
212.5,34.3979034423828,-0.00576473827220435
213.75,34.3979034423828,-0.00522585815831473
215,34.3979034423828,-0.00432304256856317
216.25,34.3979034423828,-0.00258976298477563
217.5,34.3979034423828,0.00106349754804376
218.75,34.3979034423828,0.00663334834460933
220,34.3979034423828,0.0125031337540467
221.25,34.3979034423828,0.0171423354792974
222.5,34.3979034423828,0.0191966612996736
223.75,34.3979034423828,0.0171661904353687
225,34.3979034423828,0.0116934359520635
226.25,34.3979034423828,0.00509743293352889
227.5,34.3979034423828,-0.000191222872592815
228.75,34.3979034423828,-0.00281164457344107
230,34.3979034423828,-0.00410794965259471
231.25,34.3979034423828,-0.00657219997692417
232.5,34.3979034423828,-0.00935253015808666
233.75,34.3979034423828,-0.0104876288513214
235,34.3979034423828,-0.0106457202242787
236.25,34.3979034423828,-0.0121303378677859
237.5,34.3979034423828,-0.0160296732022578
238.75,34.3979034423828,-0.01885110394964
240,34.3979034423828,-0.0196217593447333
241.25,34.3979034423828,-0.0198425407163813
160,35.3403167724609,0.0208700888697216
161.25,35.3403167724609,0.0190577768799721
162.5,35.3403167724609,0.0170734090360229
163.75,35.3403167724609,0.0154750079581948
165,35.3403167724609,0.0146549957469279
166.25,35.3403167724609,0.0138808553380348
167.5,35.3403167724609,0.0127402375647214
168.75,35.3403167724609,0.0120968029734527
170,35.3403167724609,0.0114950642567874
171.25,35.3403167724609,0.0100097369742353
172.5,35.3403167724609,0.00911495539943334
173.75,35.3403167724609,0.00883227246264039
175,35.3403167724609,0.00846581065497157
176.25,35.3403167724609,0.00869042881037107
177.5,35.3403167724609,0.0101597664887265
178.75,35.3403167724609,0.0126554724129773
180,35.3403167724609,0.0151350436988593
181.25,35.3403167724609,0.0174709299854045
182.5,35.3403167724609,0.0196305933188121
183.75,35.3403167724609,0.0204566109807965
185,35.3403167724609,0.019822781261226
186.25,35.3403167724609,0.0193223102636563
187.5,35.3403167724609,0.0197212716500366
188.75,35.3403167724609,0.018569961884189
190,35.3403167724609,0.0151152800747696
191.25,35.3403167724609,0.0109904926914459
192.5,35.3403167724609,0.00739929879402356
193.75,35.3403167724609,0.00438737223051605
195,35.3403167724609,0.00171746012710345
196.25,35.3403167724609,-0.000333885176396019
197.5,35.3403167724609,-0.00181245739389934
198.75,35.3403167724609,-0.0027342137085842
200,35.3403167724609,-0.00317465132458728
201.25,35.3403167724609,-0.00254067378093187
202.5,35.3403167724609,-0.000922642551712234
203.75,35.3403167724609,0.000564777086413997
205,35.3403167724609,0.000515844172018492
206.25,35.3403167724609,-0.000961255117208123
207.5,35.3403167724609,-0.0030667338019639
208.75,35.3403167724609,-0.00529006256918196
210,35.3403167724609,-0.0073793803150688
211.25,35.3403167724609,-0.00912956525090128
212.5,35.3403167724609,-0.00987215716420473
213.75,35.3403167724609,-0.00924709045585446
215,35.3403167724609,-0.00768863191990393
216.25,35.3403167724609,-0.00557548687345062
217.5,35.3403167724609,-0.00219065228923878
218.75,35.3403167724609,0.00298814629509887
220,35.3403167724609,0.00915735456518539
221.25,35.3403167724609,0.0147087579977239
222.5,35.3403167724609,0.0176796490290763
223.75,35.3403167724609,0.0171972257394443
225,35.3403167724609,0.0132254597759756
226.25,35.3403167724609,0.00647055334203779
227.5,35.3403167724609,-0.00046893299906793
228.75,35.3403167724609,-0.00439444420019777
230,35.3403167724609,-0.00619321177452384
231.25,35.3403167724609,-0.00849113953989299
232.5,35.3403167724609,-0.011501818079671
233.75,35.3403167724609,-0.0126945154191961
235,35.3403167724609,-0.0126989591506126
236.25,35.3403167724609,-0.0125992624193553
237.5,35.3403167724609,-0.0145547530519637
238.75,35.3403167724609,-0.0167091321559938
240,35.3403167724609,-0.0179270659076643
160,36.2827224731445,0.025159678353139
161.25,36.2827224731445,0.0238343799141064
162.5,36.2827224731445,0.0221316210311832
163.75,36.2827224731445,0.0206597148582495
165,36.2827224731445,0.0192466812747275
166.25,36.2827224731445,0.017860133828727
167.5,36.2827224731445,0.016379901989392
168.75,36.2827224731445,0.0152522579398197
170,36.2827224731445,0.0142032345142785
171.25,36.2827224731445,0.012557029915619
172.5,36.2827224731445,0.0105596079764769
173.75,36.2827224731445,0.00846796270404471
175,36.2827224731445,0.00640069826863513
176.25,36.2827224731445,0.00549128129581535
177.5,36.2827224731445,0.00675329371109406
178.75,36.2827224731445,0.00914347878304555
180,36.2827224731445,0.0106451840093168
181.25,36.2827224731445,0.0116476375742806
182.5,36.2827224731445,0.0135232529140481
183.75,36.2827224731445,0.0154657850630304
185,36.2827224731445,0.0163196810228316
186.25,36.2827224731445,0.0171732669024454
187.5,36.2827224731445,0.0188503698512859
188.75,36.2827224731445,0.0192515009777181
190,36.2827224731445,0.0161367639324274
191.25,36.2827224731445,0.0113920330289431
192.5,36.2827224731445,0.00701917162894171
193.75,36.2827224731445,0.00321502600936325
195,36.2827224731445,-8.58637206630487e-05
196.25,36.2827224731445,-0.00217581353700968
197.5,36.2827224731445,-0.00310069458281802
198.75,36.2827224731445,-0.00337803117543803
200,36.2827224731445,-0.00373820509192431
201.25,36.2827224731445,-0.00395325780861407
202.5,36.2827224731445,-0.00364549445306075
203.75,36.2827224731445,-0.00310947307802246
205,36.2827224731445,-0.00353463884940924
206.25,36.2827224731445,-0.00544493468893773
207.5,36.2827224731445,-0.00785905371883413
208.75,36.2827224731445,-0.00995675163500422
210,36.2827224731445,-0.011702284976495
211.25,36.2827224731445,-0.013302540423668
212.5,36.2827224731445,-0.014167953825615
213.75,36.2827224731445,-0.0135598371446234
215,36.2827224731445,-0.0115319981514581
216.25,36.2827224731445,-0.00864581481002577
217.5,36.2827224731445,-0.00506534834764206
218.75,36.2827224731445,-0.00024052228778363
220,36.2827224731445,0.00577465679847451
221.25,36.2827224731445,0.011748331496748
222.5,36.2827224731445,0.0151024559691946
223.75,36.2827224731445,0.0153300653533737
225,36.2827224731445,0.012351983984436
226.25,36.2827224731445,0.00679907566850786
227.5,36.2827224731445,-0.000445841398676122
228.75,36.2827224731445,-0.00525770430966405
230,36.2827224731445,-0.00749320110520056
231.25,36.2827224731445,-0.00910235783816052
232.5,36.2827224731445,-0.0116688822279841
233.75,36.2827224731445,-0.0136762695114806
235,36.2827224731445,-0.0144256886453352
236.25,36.2827224731445,-0.0132444144616087
237.5,36.2827224731445,-0.0127981465693725
238.75,36.2827224731445,-0.0126994987195232
160,37.2251281738281,0.027902670530986
161.25,37.2251281738281,0.0269425747714965
162.5,37.2251281738281,0.025597928219725
163.75,37.2251281738281,0.0242300354411037
165,37.2251281738281,0.0223050054124417
166.25,37.2251281738281,0.0201044176749463
167.5,37.2251281738281,0.0184166773011202
168.75,37.2251281738281,0.0175129567400817
170,37.2251281738281,0.0171217316416604
171.25,37.2251281738281,0.016396556704537
172.5,37.2251281738281,0.0143062523811351
173.75,37.2251281738281,0.0110250614294296
175,37.2251281738281,0.00765288348914667
176.25,37.2251281738281,0.00556534784657786
177.5,37.2251281738281,0.0055233658634141
178.75,37.2251281738281,0.00627501430812408
180,37.2251281738281,0.00616575442570397
181.25,37.2251281738281,0.00621180542187721
182.5,37.2251281738281,0.00781348466433929
183.75,37.2251281738281,0.0100139682401854
185,37.2251281738281,0.0116523803917609
186.25,37.2251281738281,0.0136632363584227
187.5,37.2251281738281,0.0166538377855931
188.75,37.2251281738281,0.01823578647767
190,37.2251281738281,0.0157910552278056
191.25,37.2251281738281,0.0112805914893751
192.5,37.2251281738281,0.0069967103566355
193.75,37.2251281738281,0.00293847432241464
195,37.2251281738281,-0.000736068968731681
196.25,37.2251281738281,-0.0031624671883091
197.5,37.2251281738281,-0.00413414716916047
198.75,37.2251281738281,-0.00423913518528958
200,37.2251281738281,-0.00471051844827777
201.25,37.2251281738281,-0.00578147475615483
202.5,37.2251281738281,-0.00666228412392249
203.75,37.2251281738281,-0.00692328994013997
205,37.2251281738281,-0.0074402199779249
206.25,37.2251281738281,-0.00927765579288877
207.5,37.2251281738281,-0.0117632936589949
208.75,37.2251281738281,-0.0136945469572762
210,37.2251281738281,-0.0152905629242675
211.25,37.2251281738281,-0.0168242965686661
212.5,37.2251281738281,-0.0177118872225896
213.75,37.2251281738281,-0.0167364902469543
215,37.2251281738281,-0.0140354903835113
216.25,37.2251281738281,-0.0102418300455233
217.5,37.2251281738281,-0.00616025786424635
218.75,37.2251281738281,-0.00167400999860933
220,37.2251281738281,0.00361334264689876
221.25,37.2251281738281,0.00891783612659046
222.5,37.2251281738281,0.0120763480955345
223.75,37.2251281738281,0.0125163115038678
225,37.2251281738281,0.0101845808403962
226.25,37.2251281738281,0.00602341926094855
227.5,37.2251281738281,7.70485156863713e-05
228.75,37.2251281738281,-0.00492954125317579
230,37.2251281738281,-0.00777819348255167
231.25,37.2251281738281,-0.00865749949156716
232.5,37.2251281738281,-0.0104685582090811
233.75,37.2251281738281,-0.0132083924709971
235,37.2251281738281,-0.0148615239737816
236.25,37.2251281738281,-0.0135855203190741
237.5,37.2251281738281,-0.0123267651014004
238.75,37.2251281738281,-0.0122872199715055
160,38.1675415039062,0.0297263797613945
161.25,38.1675415039062,0.0292380815591211
162.5,38.1675415039062,0.0285309003612793
163.75,38.1675415039062,0.0277970308282027
165,38.1675415039062,0.0258338179944753
166.25,38.1675415039062,0.0219087873676211
167.5,38.1675415039062,0.0185724525340495
168.75,38.1675415039062,0.0171649944892198
170,38.1675415039062,0.0172941009757557
171.25,38.1675415039062,0.0175504785892136
172.5,38.1675415039062,0.0165581628519484
173.75,38.1675415039062,0.0137788272472444
175,38.1675415039062,0.0109086492339459
176.25,38.1675415039062,0.00898347746919518
177.5,38.1675415039062,0.00674990077211041
178.75,38.1675415039062,0.00362795953102821
180,38.1675415039062,0.000841507851877192
181.25,38.1675415039062,7.76199173262509e-05
182.5,38.1675415039062,0.00167208247491429
183.75,38.1675415039062,0.00433003817621764
185,38.1675415039062,0.00670940140943061
186.25,38.1675415039062,0.00945806968807026
187.5,38.1675415039062,0.0130458076956693
188.75,38.1675415039062,0.0150893333876098
190,38.1675415039062,0.0137603421302641
191.25,38.1675415039062,0.0107257366156358
192.5,38.1675415039062,0.00739286698018152
193.75,38.1675415039062,0.00368164200696991
195,38.1675415039062,8.39296057847819e-05
196.25,38.1675415039062,-0.00280408032655681
197.5,38.1675415039062,-0.00445289105018501
198.75,38.1675415039062,-0.00504351806744838
200,38.1675415039062,-0.00587338934761546
201.25,38.1675415039062,-0.00743555719173809
202.5,38.1675415039062,-0.00885358062984446
203.75,38.1675415039062,-0.00954119210700525
205,38.1675415039062,-0.00985573781104497
206.25,38.1675415039062,-0.010963400793475
207.5,38.1675415039062,-0.0129289639392262
208.75,38.1675415039062,-0.0146663710076424
210,38.1675415039062,-0.0164129232458418
211.25,38.1675415039062,-0.0186306104945774
212.5,38.1675415039062,-0.0199067156012967
213.75,38.1675415039062,-0.018782984549745
215,38.1675415039062,-0.0152395120497809
216.25,38.1675415039062,-0.0105255436920292
217.5,38.1675415039062,-0.00620019990463119
218.75,38.1675415039062,-0.00229237568984466
220,38.1675415039062,0.00217953930165328
221.25,38.1675415039062,0.00661074985692621
222.5,38.1675415039062,0.0095769596684203
223.75,38.1675415039062,0.0100859819452636
225,38.1675415039062,0.00869899846215992
226.25,38.1675415039062,0.0057137853324171
227.5,38.1675415039062,0.000932901722721134
228.75,38.1675415039062,-0.00426816038852989
230,38.1675415039062,-0.00778198497729486
231.25,38.1675415039062,-0.00870477940769743
232.5,38.1675415039062,-0.0101138442313655
233.75,38.1675415039062,-0.0126587127302169
235,38.1675415039062,-0.0144190952899929
236.25,38.1675415039062,-0.0140819003646347
237.5,38.1675415039062,-0.0121842901014511
160,39.1099548339844,0.029825401075626
161.25,39.1099548339844,0.0291836470097046
162.5,39.1099548339844,0.0295335159098535
163.75,39.1099548339844,0.0300095326466673
165,39.1099548339844,0.0280936148011758
166.25,39.1099548339844,0.0224266580773806
167.5,39.1099548339844,0.0170801748832008
168.75,39.1099548339844,0.0145853352461139
170,39.1099548339844,0.0143055276636401
171.25,39.1099548339844,0.0148038013231774
172.5,39.1099548339844,0.0147764862164617
173.75,39.1099548339844,0.0130878117965427
175,39.1099548339844,0.0114428373929448
176.25,39.1099548339844,0.0101382417144279
177.5,39.1099548339844,0.00606143517053066
178.75,39.1099548339844,-0.000175861410302371
180,39.1099548339844,-0.00484646493629772
181.25,39.1099548339844,-0.00616734892564064
182.5,39.1099548339844,-0.0044093151196133
183.75,39.1099548339844,-0.000948910386520032
185,39.1099548339844,0.00247126374059595
186.25,39.1099548339844,0.00574668943190494
187.5,39.1099548339844,0.00875410226774782
188.75,39.1099548339844,0.0102837912505643
190,39.1099548339844,0.0100488973257435
191.25,39.1099548339844,0.00907991436417292
192.5,39.1099548339844,0.00733448715854903
193.75,39.1099548339844,0.00422931184679032
195,39.1099548339844,0.00074601797627568
196.25,39.1099548339844,-0.00232287350587941
197.5,39.1099548339844,-0.00424014066066179
198.75,39.1099548339844,-0.00497984082430282
200,39.1099548339844,-0.00581516219409869
201.25,39.1099548339844,-0.00735536362910848
202.5,39.1099548339844,-0.00885937505205838
203.75,39.1099548339844,-0.0099634107570395
205,39.1099548339844,-0.0106864323863971
206.25,39.1099548339844,-0.011345627120116
207.5,39.1099548339844,-0.0125389761034705
208.75,39.1099548339844,-0.0139276969766652
210,39.1099548339844,-0.0155930167970024
211.25,39.1099548339844,-0.0180772880565367
212.5,39.1099548339844,-0.0198101924638149
213.75,39.1099548339844,-0.0186663007655531
215,39.1099548339844,-0.0145032437613578
216.25,39.1099548339844,-0.00953831307796718
217.5,39.1099548339844,-0.00603729646238396
218.75,39.1099548339844,-0.00353023596095371
220,39.1099548339844,-0.000210448278758878
221.25,39.1099548339844,0.00370495965095223
222.5,39.1099548339844,0.00727693232835738
223.75,39.1099548339844,0.00911750610944768
225,39.1099548339844,0.00877300188724519
226.25,39.1099548339844,0.0059509936149843
227.5,39.1099548339844,0.00162081036882656
228.75,39.1099548339844,-0.00309027855900135
230,39.1099548339844,-0.00730391291805519
231.25,39.1099548339844,-0.00962589930308567
232.5,39.1099548339844,-0.0116176604750552
233.75,39.1099548339844,-0.012465482863044
235,39.1099548339844,-0.0130406821479177
236.25,39.1099548339844,-0.0135882477126499
160,40.0523529052734,0.0338673179381431
161.25,40.0523529052734,0.0315403375752938
162.5,40.0523529052734,0.0319182926594364
163.75,40.0523529052734,0.0330306134981528
165,40.0523529052734,0.0305186591031045
166.25,40.0523529052734,0.0234245448666841
167.5,40.0523529052734,0.017409625859377
168.75,40.0523529052734,0.0143647990756885
170,40.0523529052734,0.0126839918154662
171.25,40.0523529052734,0.0117129281669979
172.5,40.0523529052734,0.0109314208070845
173.75,40.0523529052734,0.00867710839075755
175,40.0523529052734,0.00677439895563205
176.25,40.0523529052734,0.00559180797004478
177.5,40.0523529052734,0.0019536681381743
178.75,40.0523529052734,-0.00376978731454115
180,40.0523529052734,-0.00892279380880498
181.25,40.0523529052734,-0.0113879837143466
182.5,40.0523529052734,-0.0101969255840963
183.75,40.0523529052734,-0.0064394348118722
185,40.0523529052734,-0.00227432533552779
186.25,40.0523529052734,0.00136072123715546
187.5,40.0523529052734,0.00440029883864273
188.75,40.0523529052734,0.00613981443306424
190,40.0523529052734,0.00694328199511403
191.25,40.0523529052734,0.0072534432885325
192.5,40.0523529052734,0.00664938348730101
193.75,40.0523529052734,0.00440700194043427
195,40.0523529052734,0.00138619194225261
196.25,40.0523529052734,-0.00140040499608846
197.5,40.0523529052734,-0.00331523650260865
198.75,40.0523529052734,-0.00422724036801291
200,40.0523529052734,-0.00492901733877647
201.25,40.0523529052734,-0.00610679273194535
202.5,40.0523529052734,-0.0075579017683236
203.75,40.0523529052734,-0.00911866678552491
205,40.0523529052734,-0.010294028082508
206.25,40.0523529052734,-0.0109355654161395
207.5,40.0523529052734,-0.0115191611981493
208.75,40.0523529052734,-0.0123450724610591
210,40.0523529052734,-0.0137400292731006
211.25,40.0523529052734,-0.015874172875292
212.5,40.0523529052734,-0.0177887992507156
213.75,40.0523529052734,-0.0167842887258084
215,40.0523529052734,-0.0127894521555459
216.25,40.0523529052734,-0.00855898448255139
217.5,40.0523529052734,-0.00660292170570794
218.75,40.0523529052734,-0.00604122976756902
220,40.0523529052734,-0.00386668550094952
221.25,40.0523529052734,0.00050207406043555
222.5,40.0523529052734,0.00520383387402981
223.75,40.0523529052734,0.00853389984151336
225,40.0523529052734,0.00908365532220252
226.25,40.0523529052734,0.006356342037907
227.5,40.0523529052734,0.00192199942599874
228.75,40.0523529052734,-0.00189796701211887
230,40.0523529052734,-0.00598519475936608
231.25,40.0523529052734,-0.00959924579383166
232.5,40.0523529052734,-0.0123712745490174
233.75,40.0523529052734,-0.012220218704929
235,40.0523529052734,-0.0111008214652609
236.25,40.0523529052734,-0.0125619992851156
160,40.9947662353516,0.0362583084363216
161.25,40.9947662353516,0.0376756568228258
162.5,40.9947662353516,0.0397100736008019
163.75,40.9947662353516,0.0402059254725248
165,40.9947662353516,0.0367791038163693
166.25,40.9947662353516,0.0304640582578565
167.5,40.9947662353516,0.0254546603188155
168.75,40.9947662353516,0.0212300997092906
170,40.9947662353516,0.0163550916009064
171.25,40.9947662353516,0.0111400998948518
172.5,40.9947662353516,0.00627563871004365
173.75,40.9947662353516,0.000737561709247815
175,40.9947662353516,-0.00319793635711294
176.25,40.9947662353516,-0.00321950675160525
177.5,40.9947662353516,-0.00346023118125635
178.75,40.9947662353516,-0.00610837141321941
180,40.9947662353516,-0.00995869454408188
181.25,40.9947662353516,-0.0123507182153111
182.5,40.9947662353516,-0.0118258498076415
183.75,40.9947662353516,-0.00908188373098355
185,40.9947662353516,-0.00565262944881392
186.25,40.9947662353516,-0.00248331578382769
187.5,40.9947662353516,0.000192724369831048
188.75,40.9947662353516,0.00227660354192376
190,40.9947662353516,0.00395103434492766
191.25,40.9947662353516,0.00524049381170553
192.5,40.9947662353516,0.00564950654892791
193.75,40.9947662353516,0.004492618350954
195,40.9947662353516,0.00214017337387972
196.25,40.9947662353516,-0.000459769894621067
197.5,40.9947662353516,-0.00256914727964956
198.75,40.9947662353516,-0.00371310934455612
200,40.9947662353516,-0.00399631152109265
201.25,40.9947662353516,-0.00435025075075616
202.5,40.9947662353516,-0.00561759947551431
203.75,40.9947662353516,-0.00754982068255416
205,40.9947662353516,-0.00929211800383584
206.25,40.9947662353516,-0.0104513140260962
207.5,40.9947662353516,-0.0112708109682911
208.75,40.9947662353516,-0.0118586134865409
210,40.9947662353516,-0.012439018127213
211.25,40.9947662353516,-0.0134374287513387
212.5,40.9947662353516,-0.0144580200809658
213.75,40.9947662353516,-0.0138013454382732
215,40.9947662353516,-0.0108568192394247
216.25,40.9947662353516,-0.00795361950659358
217.5,40.9947662353516,-0.00711727008267786
218.75,40.9947662353516,-0.0074538539589174
220,40.9947662353516,-0.00628696729491758
221.25,40.9947662353516,-0.00195912974696856
222.5,40.9947662353516,0.00364154977552583
223.75,40.9947662353516,0.00773180106661614
225,40.9947662353516,0.00874572249383759
226.25,40.9947662353516,0.00620464537599495
227.5,40.9947662353516,0.0019901573755819
228.75,40.9947662353516,-0.00137741326511791
230,40.9947662353516,-0.00447571581804296
231.25,40.9947662353516,-0.00839786126058092
232.5,40.9947662353516,-0.0119029115267352
233.75,40.9947662353516,-0.0115926342011784
235,40.9947662353516,-0.00934562654440059
236.25,40.9947662353516,-0.00878904401609426
160,41.9371795654297,0.0300032701139816
161.25,41.9371795654297,0.0333970819980468
162.5,41.9371795654297,0.0377441925177717
163.75,41.9371795654297,0.0392220387595449
165,41.9371795654297,0.0373456260653562
166.25,41.9371795654297,0.0346813811546431
167.5,41.9371795654297,0.0316441697797322
168.75,41.9371795654297,0.0266391225252635
170,41.9371795654297,0.0193528783795639
171.25,41.9371795654297,0.0106414597295353
172.5,41.9371795654297,0.00145827262874698
173.75,41.9371795654297,-0.00809344945344008
175,41.9371795654297,-0.0138576502107265
176.25,41.9371795654297,-0.0123338392007283
177.5,41.9371795654297,-0.00970360055429587
178.75,41.9371795654297,-0.00943391305533989
180,41.9371795654297,-0.0108063438831364
181.25,41.9371795654297,-0.0118684273216474
182.5,41.9371795654297,-0.0116657572253029
183.75,41.9371795654297,-0.0100953341010538
185,41.9371795654297,-0.00765430858297475
186.25,41.9371795654297,-0.00507530314371367
187.5,41.9371795654297,-0.00286719103809838
188.75,41.9371795654297,-0.000750678218676235
190,41.9371795654297,0.0011775318757536
191.25,41.9371795654297,0.00297448112255724
192.5,41.9371795654297,0.00430685812475069
193.75,41.9371795654297,0.00439255431466247
195,41.9371795654297,0.00265332008573527
196.25,41.9371795654297,-0.000167303698258094
197.5,41.9371795654297,-0.00255448070175397
198.75,41.9371795654297,-0.00360614706720676
200,41.9371795654297,-0.00347514963233463
201.25,41.9371795654297,-0.00330197583550063
202.5,41.9371795654297,-0.00436336453769339
203.75,41.9371795654297,-0.006460064621572
205,41.9371795654297,-0.00866230348193836
206.25,41.9371795654297,-0.0105247574609709
207.5,41.9371795654297,-0.0119484406153102
208.75,41.9371795654297,-0.012516336842504
210,41.9371795654297,-0.0123069946101163
211.25,41.9371795654297,-0.0120163404453523
212.5,41.9371795654297,-0.0117088750937726
213.75,41.9371795654297,-0.01057669737793
215,41.9371795654297,-0.00847703726911742
216.25,41.9371795654297,-0.00684767201472047
217.5,41.9371795654297,-0.00665862364860105
218.75,41.9371795654297,-0.00708747985725962
220,41.9371795654297,-0.00615734802358645
221.25,41.9371795654297,-0.00241797298170793
222.5,41.9371795654297,0.00274371908502625
223.75,41.9371795654297,0.00664297776851114
225,41.9371795654297,0.00780299798088842
226.25,41.9371795654297,0.00610578199319377
227.5,41.9371795654297,0.0027862726318939
228.75,41.9371795654297,-0.000879922985173581
230,41.9371795654297,-0.00414555494328439
231.25,41.9371795654297,-0.00759319435336129
232.5,41.9371795654297,-0.0107001117501829
233.75,41.9371795654297,-0.0106914181059801
235,41.9371795654297,-0.00853119604025702
236.25,41.9371795654297,-0.00790868350938055
160,42.8795776367188,0.0224827674124346
161.25,42.8795776367188,0.025065118663705
162.5,42.8795776367188,0.0301163485143005
163.75,42.8795776367188,0.0327550138228142
165,42.8795776367188,0.0325380301496491
166.25,42.8795776367188,0.0321193851357601
167.5,42.8795776367188,0.0308656848912645
168.75,42.8795776367188,0.0262460813831435
170,42.8795776367188,0.0179384735848534
171.25,42.8795776367188,0.00712926875002125
172.5,42.8795776367188,-0.00393629624348027
173.75,42.8795776367188,-0.0133482683203594
175,42.8795776367188,-0.0170688095815503
176.25,42.8795776367188,-0.0150617538973729
177.5,42.8795776367188,-0.0125413621021955
178.75,42.8795776367188,-0.0116449687219278
180,42.8795776367188,-0.012015530697125
181.25,42.8795776367188,-0.0125028766018178
182.5,42.8795776367188,-0.0123834995569229
183.75,42.8795776367188,-0.0114254016622973
185,42.8795776367188,-0.00994611088965578
186.25,42.8795776367188,-0.00846847635945402
187.5,42.8795776367188,-0.00683680776011786
188.75,42.8795776367188,-0.00473847532156913
190,42.8795776367188,-0.00210179041333397
191.25,42.8795776367188,0.00025500603324513
192.5,42.8795776367188,0.00226223517350225
193.75,42.8795776367188,0.0031979780575005
195,42.8795776367188,0.00197638155952007
196.25,42.8795776367188,-0.000853281191706974
197.5,42.8795776367188,-0.00321307260442577
198.75,42.8795776367188,-0.00387655446667282
200,42.8795776367188,-0.00332177256721052
201.25,42.8795776367188,-0.00281147914803941
202.5,42.8795776367188,-0.0036228856933557
203.75,42.8795776367188,-0.00578769920887268
205,42.8795776367188,-0.00809883555928491
206.25,42.8795776367188,-0.010238883762896
207.5,42.8795776367188,-0.0120743739065129
208.75,42.8795776367188,-0.0128558272528983
210,42.8795776367188,-0.0123467701095441
211.25,42.8795776367188,-0.0112796051274162
212.5,42.8795776367188,-0.0101027105185299
213.75,42.8795776367188,-0.00850725700546564
215,42.8795776367188,-0.00654427617079231
216.25,42.8795776367188,-0.00503172483496897
217.5,42.8795776367188,-0.00485660918931153
218.75,42.8795776367188,-0.00521038752170062
220,42.8795776367188,-0.00474831774732181
221.25,42.8795776367188,-0.00245461620294915
222.5,42.8795776367188,0.00116012784376608
223.75,42.8795776367188,0.00472932935036545
225,42.8795776367188,0.00707232750801802
226.25,42.8795776367188,0.00744746538610438
227.5,42.8795776367188,0.00519193230017127
228.75,42.8795776367188,0.000465779018048968
230,42.8795776367188,-0.0039606329916988
231.25,42.8795776367188,-0.00739645186699848
232.5,42.8795776367188,-0.0100987454427929
233.75,42.8795776367188,-0.0102958709337142
235,42.8795776367188,-0.00843872692966463
236.25,42.8795776367188,-0.00772569171556869
160,43.8219909667969,0.0196437869114369
161.25,43.8219909667969,0.0208025702480885
162.5,43.8219909667969,0.0239577890037994
163.75,43.8219909667969,0.026521720706195
165,43.8219909667969,0.0274180140024449
166.25,43.8219909667969,0.0278834974130841
167.5,43.8219909667969,0.0271971224029966
168.75,43.8219909667969,0.0229623959181659
170,43.8219909667969,0.0143506254524748
171.25,43.8219909667969,0.00330238236677399
172.5,43.8219909667969,-0.00643683713903456
173.75,43.8219909667969,-0.0122297343074484
175,43.8219909667969,-0.0128797236060461
176.25,43.8219909667969,-0.0118479876011114
177.5,43.8219909667969,-0.011328701956612
178.75,43.8219909667969,-0.0116864230556869
180,43.8219909667969,-0.0127140112104237
181.25,43.8219909667969,-0.0136240917999295
182.5,43.8219909667969,-0.0137134806743972
183.75,43.8219909667969,-0.0130141365330366
185,43.8219909667969,-0.0122294708152534
186.25,43.8219909667969,-0.0118934201152692
187.5,43.8219909667969,-0.0113800702534744
188.75,43.8219909667969,-0.00966786764830434
190,43.8219909667969,-0.0067134454542224
191.25,43.8219909667969,-0.00357639794438762
192.5,43.8219909667969,-0.000915298514079773
193.75,43.8219909667969,0.000771999924804793
195,43.8219909667969,0.000329908572143064
196.25,43.8219909667969,-0.00187952858469255
197.5,43.8219909667969,-0.00375898916741834
198.75,43.8219909667969,-0.0040319122554499
200,43.8219909667969,-0.00312380279630339
201.25,43.8219909667969,-0.00227402640592196
202.5,43.8219909667969,-0.00261951798331515
203.75,43.8219909667969,-0.00416570301419246
205,43.8219909667969,-0.00627803184467306
206.25,43.8219909667969,-0.00853050125001164
207.5,43.8219909667969,-0.0105216720011444
208.75,43.8219909667969,-0.0115395031836119
210,43.8219909667969,-0.0113588141118392
211.25,43.8219909667969,-0.010525466838028
212.5,43.8219909667969,-0.00929745787897785
213.75,43.8219909667969,-0.00759677466112505
215,43.8219909667969,-0.00541349935821536
216.25,43.8219909667969,-0.00360514550399177
217.5,43.8219909667969,-0.00327977507514705
218.75,43.8219909667969,-0.00356884853326671
220,43.8219909667969,-0.00370414030261516
221.25,43.8219909667969,-0.00317933919499708
222.5,43.8219909667969,-0.000729806052185877
223.75,43.8219909667969,0.00343746677002533
225,43.8219909667969,0.00756785802199197
226.25,43.8219909667969,0.00973799187427096
227.5,43.8219909667969,0.00843932831217834
228.75,43.8219909667969,0.00331919143649537
230,43.8219909667969,-0.00257645676416796
231.25,43.8219909667969,-0.0065848429331995
232.5,43.8219909667969,-0.00970243356660624
233.75,43.8219909667969,-0.010620123339578
235,43.8219909667969,-0.00961776733027527
236.25,43.8219909667969,-0.0091572031035934
160,44.764404296875,0.01637479618869
161.25,44.764404296875,0.0159331927857245
162.5,44.764404296875,0.0174241519310192
163.75,44.764404296875,0.0192562529762779
165,44.764404296875,0.0209626549681067
166.25,44.764404296875,0.0229515154171904
167.5,44.764404296875,0.0230823709655705
168.75,44.764404296875,0.0191501894936219
170,44.764404296875,0.0111495884349236
171.25,44.764404296875,0.00214723765020548
172.5,44.764404296875,-0.00442262378905549
173.75,44.764404296875,-0.00734666745538922
175,44.764404296875,-0.00727246865969432
176.25,44.764404296875,-0.00711866713277372
177.5,44.764404296875,-0.00774930609503798
178.75,44.764404296875,-0.00916581940963616
180,44.764404296875,-0.0111385027691975
181.25,44.764404296875,-0.0127486823968765
182.5,44.764404296875,-0.0133742636625707
183.75,44.764404296875,-0.0133255561375713
185,44.764404296875,-0.0137330585355191
186.25,44.764404296875,-0.0149010156283385
187.5,44.764404296875,-0.0156619971198687
188.75,44.764404296875,-0.0144071586034682
190,44.764404296875,-0.0110065114751173
191.25,44.764404296875,-0.0068173215543096
192.5,44.764404296875,-0.00312143349238161
193.75,44.764404296875,-0.000954258804039536
195,44.764404296875,-0.000790576667805889
196.25,44.764404296875,-0.00201018771501276
197.5,44.764404296875,-0.00277504395614951
198.75,44.764404296875,-0.00220325966837234
200,44.764404296875,-0.000962740588158691
201.25,44.764404296875,7.87589714561225e-06
202.5,44.764404296875,0.000234891701397503
203.75,44.764404296875,-0.000472416852450482
205,44.764404296875,-0.00230267540372074
206.25,44.764404296875,-0.00464908880255527
207.5,44.764404296875,-0.00708778949332196
208.75,44.764404296875,-0.00887168004017551
210,44.764404296875,-0.00956402002448387
211.25,44.764404296875,-0.00940282840031166
212.5,44.764404296875,-0.00853367496963609
213.75,44.764404296875,-0.006831605069046
215,44.764404296875,-0.00456016337377584
216.25,44.764404296875,-0.00273881047415438
217.5,44.764404296875,-0.00229652301208258
218.75,44.764404296875,-0.00222507698788715
220,44.764404296875,-0.0019638377131859
221.25,44.764404296875,-0.0017158187522254
222.5,44.764404296875,0.000449554525161978
223.75,44.764404296875,0.00498309633409452
225,44.764404296875,0.00963784949128253
226.25,44.764404296875,0.012383733101107
227.5,44.764404296875,0.0114191804911901
228.75,44.764404296875,0.00644916024355755
230,44.764404296875,0.000142207782161342
231.25,44.764404296875,-0.00487377379072986
232.5,44.764404296875,-0.00857319106344383
233.75,44.764404296875,-0.0106198676546334
235,44.764404296875,-0.0103946013372417
236.25,44.764404296875,-0.00978926271452384
160,45.7068023681641,0.0123410045967559
161.25,45.7068023681641,0.0121460431563854
162.5,45.7068023681641,0.0131997718710474
163.75,45.7068023681641,0.0142077146116537
165,45.7068023681641,0.0162955766245074
166.25,45.7068023681641,0.0190412124969175
167.5,45.7068023681641,0.0199604620412562
168.75,45.7068023681641,0.0175330861722435
170,45.7068023681641,0.011964911711857
171.25,45.7068023681641,0.00601880981548371
172.5,45.7068023681641,0.00140985930350619
173.75,45.7068023681641,-0.00169231949140392
175,45.7068023681641,-0.00267645957854632
176.25,45.7068023681641,-0.00299333163061457
177.5,45.7068023681641,-0.00382814360567632
178.75,45.7068023681641,-0.00572277885782269
180,45.7068023681641,-0.00792020090613989
181.25,45.7068023681641,-0.00973737584612709
182.5,45.7068023681641,-0.0109661508068244
183.75,45.7068023681641,-0.0119176980849499
185,45.7068023681641,-0.0136015182171325
186.25,45.7068023681641,-0.0161777948210835
187.5,45.7068023681641,-0.0180128987077074
188.75,45.7068023681641,-0.0172031679689362
190,45.7068023681641,-0.0136246060129986
191.25,45.7068023681641,-0.00868404003056811
192.5,45.7068023681641,-0.00388333688519568
193.75,45.7068023681641,-0.000783451535854938
195,45.7068023681641,0.000227119742373464
196.25,45.7068023681641,0.000688181385685302
197.5,45.7068023681641,0.00215664817430559
198.75,45.7068023681641,0.00445155689066722
200,45.7068023681641,0.00616166669220386
201.25,45.7068023681641,0.00673229399579575
202.5,45.7068023681641,0.00659543918976611
203.75,45.7068023681641,0.00573496134736326
205,45.7068023681641,0.00366858229836839
206.25,45.7068023681641,0.000748125959891616
207.5,45.7068023681641,-0.00233603855653462
208.75,45.7068023681641,-0.00459862058102703
210,45.7068023681641,-0.00593665631946655
211.25,45.7068023681641,-0.00654671989462868
212.5,45.7068023681641,-0.00624915315004154
213.75,45.7068023681641,-0.00472692968606746
215,45.7068023681641,-0.00268335053114623
216.25,45.7068023681641,-0.00125605338290022
217.5,45.7068023681641,-0.000836077496958199
218.75,45.7068023681641,-0.000328275712724477
220,45.7068023681641,0.000907595373846825
221.25,45.7068023681641,0.00226499179606687
222.5,45.7068023681641,0.00456583311674262
223.75,45.7068023681641,0.00870080879014745
225,45.7068023681641,0.0129340664736768
226.25,45.7068023681641,0.0150508230933022
227.5,45.7068023681641,0.013668692918812
228.75,45.7068023681641,0.0085843375128621
230,45.7068023681641,0.00214174754915134
231.25,45.7068023681641,-0.0033685466632344
232.5,45.7068023681641,-0.00742319292012175
233.75,45.7068023681641,-0.00964836345951801
235,45.7068023681641,-0.00941858903197875
236.25,45.7068023681641,-0.0082100075473961
160,46.6492156982422,0.0180599505256423
161.25,46.6492156982422,0.0163267924284817
162.5,46.6492156982422,0.0148286928659115
163.75,46.6492156982422,0.0138407745203124
165,46.6492156982422,0.0149350263153818
166.25,46.6492156982422,0.0165145446642976
167.5,46.6492156982422,0.017514109418803
168.75,46.6492156982422,0.0175042883484851
170,46.6492156982422,0.0149877198690161
171.25,46.6492156982422,0.0105916288354443
172.5,46.6492156982422,0.0054389436274382
173.75,46.6492156982422,0.00118094275615769
175,46.6492156982422,-0.000886592726986303
176.25,46.6492156982422,-0.00173096494413849
177.5,46.6492156982422,-0.00258047146500085
178.75,46.6492156982422,-0.00393555607062044
180,46.6492156982422,-0.00538823725163312
181.25,46.6492156982422,-0.00657201446319792
182.5,46.6492156982422,-0.00808729943272926
183.75,46.6492156982422,-0.010072848656507
185,46.6492156982422,-0.0128845965664165
186.25,46.6492156982422,-0.0161675180801703
187.5,46.6492156982422,-0.0179495330344912
188.75,46.6492156982422,-0.0165282423828247
190,46.6492156982422,-0.012192332858475
191.25,46.6492156982422,-0.0066389345006925
192.5,46.6492156982422,-0.00142780014877404
193.75,46.6492156982422,0.0026993059455914
195,46.6492156982422,0.00561599855132452
196.25,46.6492156982422,0.00817675579164898
197.5,46.6492156982422,0.0114152095429616
198.75,46.6492156982422,0.0142268398125239
200,46.6492156982422,0.0157483408400682
201.25,46.6492156982422,0.0159253159282315
202.5,46.6492156982422,0.015570639558426
203.75,46.6492156982422,0.0146133518528207
205,46.6492156982422,0.0121207939683676
206.25,46.6492156982422,0.0082421923674072
207.5,46.6492156982422,0.00434821343801409
208.75,46.6492156982422,0.00176110999065052
210,46.6492156982422,0.000233495509049597
211.25,46.6492156982422,-0.000826426981290782
212.5,46.6492156982422,-0.00110854580138666
213.75,46.6492156982422,-0.000425681128319446
215,46.6492156982422,0.000734332932452049
216.25,46.6492156982422,0.00177642884424004
217.5,46.6492156982422,0.00250499275201753
218.75,46.6492156982422,0.0036274553113255
220,46.6492156982422,0.00553871426866071
221.25,46.6492156982422,0.00732055962949752
222.5,46.6492156982422,0.00909635777047301
223.75,46.6492156982422,0.0121158757839279
225,46.6492156982422,0.0154774272436872
226.25,46.6492156982422,0.0169425489501498
227.5,46.6492156982422,0.0147195342721091
228.75,46.6492156982422,0.00936503401901581
230,46.6492156982422,0.00297226527265031
231.25,46.6492156982422,-0.00265823636743719
232.5,46.6492156982422,-0.00673216528244348
233.75,46.6492156982422,-0.00857556637786414
235,46.6492156982422,-0.00770913045696701
236.25,46.6492156982422,-0.00564436219590671
160,47.5916290283203,0.0189598458938984
161.25,47.5916290283203,0.0165390497325967
162.5,47.5916290283203,0.013850190579599
163.75,47.5916290283203,0.0130114159265405
165,47.5916290283203,0.0131686730965076
166.25,47.5916290283203,0.0131252229506631
167.5,47.5916290283203,0.013375025913534
168.75,47.5916290283203,0.0136421548710081
170,47.5916290283203,0.0113166897576484
171.25,47.5916290283203,0.00672205190487556
172.5,47.5916290283203,0.00177506524468535
173.75,47.5916290283203,-0.00189368002139601
175,47.5916290283203,-0.00402519246389703
176.25,47.5916290283203,-0.0052246734527217
177.5,47.5916290283203,-0.00575528516612256
178.75,47.5916290283203,-0.00609529897990775
180,47.5916290283203,-0.00609925261379087
181.25,47.5916290283203,-0.00612027074426623
182.5,47.5916290283203,-0.00725731883232058
183.75,47.5916290283203,-0.00912566992121537
185,47.5916290283203,-0.0115594025531932
186.25,47.5916290283203,-0.0138810360370601
187.5,47.5916290283203,-0.0139777363614002
188.75,47.5916290283203,-0.0107849531440357
190,47.5916290283203,-0.00569404812170908
191.25,47.5916290283203,-0.000208108456498773
192.5,47.5916290283203,0.00470803007492212
193.75,47.5916290283203,0.00899070619475559
195,47.5916290283203,0.0130782014125239
196.25,47.5916290283203,0.0176374687713129
197.5,47.5916290283203,0.0223180017757857
198.75,47.5916290283203,0.0254981790060318
200,47.5916290283203,0.0263975829853195
201.25,47.5916290283203,0.0257652485450151
202.5,47.5916290283203,0.024623091525765
203.75,47.5916290283203,0.0233128841751992
205,47.5916290283203,0.021103897980058
206.25,47.5916290283203,0.0180460962278662
207.5,47.5916290283203,0.015161215978456
208.75,47.5916290283203,0.0124819909572007
210,47.5916290283203,0.00956466536809841
211.25,47.5916290283203,0.00708340186725922
212.5,47.5916290283203,0.00605866356033624
213.75,47.5916290283203,0.00641782861032792
215,47.5916290283203,0.00735064531064977
216.25,47.5916290283203,0.00787695977423973
217.5,47.5916290283203,0.00825103841708919
218.75,47.5916290283203,0.00931696060880212
220,47.5916290283203,0.0108299795257788
221.25,47.5916290283203,0.0120712664909624
222.5,47.5916290283203,0.0129667077189369
223.75,47.5916290283203,0.0147028761144267
225,47.5916290283203,0.0170933303911218
226.25,47.5916290283203,0.0174792566524568
227.5,47.5916290283203,0.0143280809811764
228.75,47.5916290283203,0.00867380332926427
230,47.5916290283203,0.00270972738266293
231.25,47.5916290283203,-0.00259856238768603
232.5,47.5916290283203,-0.00617003226562684
233.75,47.5916290283203,-0.006530089830034
235,47.5916290283203,-0.00459412969814788
236.25,47.5916290283203,-0.00329020723948204
160,48.5340270996094,0.000158589871740857
161.25,48.5340270996094,0.00218681731927228
162.5,48.5340270996094,0.00368990920707538
163.75,48.5340270996094,0.00492698325101718
165,48.5340270996094,0.0046219854362406
166.25,48.5340270996094,0.00327595354703642
167.5,48.5340270996094,0.00264682783594927
168.75,48.5340270996094,0.0024318962710007
170,48.5340270996094,0.000570339519918373
171.25,48.5340270996094,-0.00305897299811093
172.5,48.5340270996094,-0.00666651345207622
173.75,48.5340270996094,-0.00949555152455802
175,48.5340270996094,-0.0114005478339977
176.25,48.5340270996094,-0.012353877454944
177.5,48.5340270996094,-0.0126108541108869
178.75,48.5340270996094,-0.012138560771261
180,48.5340270996094,-0.0107960256886755
181.25,48.5340270996094,-0.00839923553200166
182.5,48.5340270996094,-0.0058495453002409
183.75,48.5340270996094,-0.00539764866190468
185,48.5340270996094,-0.00622277081126135
186.25,48.5340270996094,-0.00703010019795511
187.5,48.5340270996094,-0.00623621109053226
188.75,48.5340270996094,-0.00273224071747471
190,48.5340270996094,0.00248828195046441
191.25,48.5340270996094,0.00807204124650895
192.5,48.5340270996094,0.0131023250659631
193.75,48.5340270996094,0.0175045755736583
195,48.5340270996094,0.0217415225390801
196.25,48.5340270996094,0.0263716367391145
197.5,48.5340270996094,0.030608114756689
198.75,48.5340270996094,0.0330210183515153
200,48.5340270996094,0.0338471233066143
201.25,48.5340270996094,0.0339731111959349
202.5,48.5340270996094,0.0341058562039585
203.75,48.5340270996094,0.0334242122169845
205,48.5340270996094,0.0316346668983917
206.25,48.5340270996094,0.0290680993716519
207.5,48.5340270996094,0.026399613486352
208.75,48.5340270996094,0.0235273081348023
210,48.5340270996094,0.0202546662802119
211.25,48.5340270996094,0.0169427864708705
212.5,48.5340270996094,0.0147719894109421
213.75,48.5340270996094,0.0144277632710314
215,48.5340270996094,0.0150043445350473
216.25,48.5340270996094,0.0153933920145531
217.5,48.5340270996094,0.0155843678651797
218.75,48.5340270996094,0.0157703085243128
220,48.5340270996094,0.0160880375505093
221.25,48.5340270996094,0.0162515216030922
222.5,48.5340270996094,0.0161873659174147
223.75,48.5340270996094,0.0168410061729783
225,48.5340270996094,0.0177707700242591
226.25,48.5340270996094,0.0164986617904843
227.5,48.5340270996094,0.012180690718391
228.75,48.5340270996094,0.00652174472794996
230,48.5340270996094,0.00126163668274589
231.25,48.5340270996094,-0.00277841098243502
232.5,48.5340270996094,-0.00428064446946973
233.75,48.5340270996094,-0.00287415320273507
235,48.5340270996094,-0.00250549124071372
236.25,48.5340270996094,-0.00305952469245183
160,49.4764404296875,-0.0137940216360393
161.25,49.4764404296875,-0.0129738027631851
162.5,49.4764404296875,-0.0095640683114298
163.75,49.4764404296875,-0.00597400935471926
165,49.4764404296875,-0.00409337239539394
166.25,49.4764404296875,-0.00310493563828572
167.5,49.4764404296875,-0.00204700969762097
168.75,49.4764404296875,-0.00170384650717891
170,49.4764404296875,-0.00334782052875778
171.25,49.4764404296875,-0.00697117432910435
172.5,49.4764404296875,-0.0114268861235706
173.75,49.4764404296875,-0.0159085789221003
175,49.4764404296875,-0.0191428122701139
176.25,49.4764404296875,-0.0203100374239842
177.5,49.4764404296875,-0.019577283541413
178.75,49.4764404296875,-0.0167857398840833
180,49.4764404296875,-0.0110540264196385
181.25,49.4764404296875,-0.00507322852559353
182.5,49.4764404296875,-0.00170789510041203
183.75,49.4764404296875,-1.53035694796337e-05
185,49.4764404296875,0.00145856937443444
186.25,49.4764404296875,0.00282423330960342
187.5,49.4764404296875,0.00456389283182348
188.75,49.4764404296875,0.00750135663177918
190,49.4764404296875,0.0119146007582101
191.25,49.4764404296875,0.0167062357757535
192.5,49.4764404296875,0.0206241509899236
193.75,49.4764404296875,0.0244399348726499
195,49.4764404296875,0.0289227089101188
196.25,49.4764404296875,0.033702267983132
197.5,49.4764404296875,0.0375101132953743
198.75,49.4764404296875,0.0393248454877244
200,49.4764404296875,0.0397947709752378
201.25,49.4764404296875,0.0401590028909947
202.5,49.4764404296875,0.0412206575359813
203.75,49.4764404296875,0.0419544866756489
205,49.4764404296875,0.0413581895027
206.25,49.4764404296875,0.0391562650832864
207.5,49.4764404296875,0.0354206451917754
208.75,49.4764404296875,0.031047585789312
210,49.4764404296875,0.0269125033893509
211.25,49.4764404296875,0.0238004744639667
212.5,49.4764404296875,0.0222167937796064
213.75,49.4764404296875,0.0218482487825545
215,49.4764404296875,0.0214418114232807
216.25,49.4764404296875,0.0209195118595454
217.5,49.4764404296875,0.0205624193465899
218.75,49.4764404296875,0.0204872952418794
220,49.4764404296875,0.0202557929027068
221.25,49.4764404296875,0.0193083806759453
222.5,49.4764404296875,0.0181694034335282
223.75,49.4764404296875,0.0175154298177695
225,49.4764404296875,0.0166020362929744
226.25,49.4764404296875,0.0136465191682849
227.5,49.4764404296875,0.00884637397843722
228.75,49.4764404296875,0.0038428740279172
230,49.4764404296875,2.06095769034368e-05
231.25,49.4764404296875,-0.00193905326374493
232.5,49.4764404296875,-0.00128912241069917
233.75,49.4764404296875,0.000141393904271127
235,49.4764404296875,0.00142972331910516
160,50.4188537597656,-0.0111864048853877
161.25,50.4188537597656,-0.014174836133474
162.5,50.4188537597656,-0.0157928477014228
163.75,50.4188537597656,-0.0129099175811987
165,50.4188537597656,-0.00884737647106626
166.25,50.4188537597656,-0.00530452664163451
167.5,50.4188537597656,-0.00302705780019802
168.75,50.4188537597656,-0.00264582359543288
170,50.4188537597656,-0.00416060836042849
171.25,50.4188537597656,-0.00760240862544292
172.5,50.4188537597656,-0.0123731520340258
173.75,50.4188537597656,-0.0174721370859402
175,50.4188537597656,-0.0210901640791059
176.25,50.4188537597656,-0.021833477661937
177.5,50.4188537597656,-0.019590188979274
178.75,50.4188537597656,-0.0141751468922385
180,50.4188537597656,-0.007275538042957
181.25,50.4188537597656,-0.00230407215707364
182.5,50.4188537597656,0.0011746333725516
183.75,50.4188537597656,0.00427334722004661
185,50.4188537597656,0.00727809659711942
186.25,50.4188537597656,0.0098775811783481
187.5,50.4188537597656,0.0128210275855072
188.75,50.4188537597656,0.0171090523104702
190,50.4188537597656,0.0224671978160002
191.25,50.4188537597656,0.0274671478047404
192.5,50.4188537597656,0.0307869613259557
193.75,50.4188537597656,0.0330498296569049
195,50.4188537597656,0.0359659010363816
196.25,50.4188537597656,0.0394412929256984
197.5,50.4188537597656,0.0424114204079727
198.75,50.4188537597656,0.0439960478269813
200,50.4188537597656,0.0446021368090073
201.25,50.4188537597656,0.0452778856253917
202.5,50.4188537597656,0.046043900045637
203.75,50.4188537597656,0.046275008889355
205,50.4188537597656,0.0451887454246262
206.25,50.4188537597656,0.0426813069213602
207.5,50.4188537597656,0.0389353851250806
208.75,50.4188537597656,0.0346000167901064
210,50.4188537597656,0.0305758187121873
211.25,50.4188537597656,0.0277606141251011
212.5,50.4188537597656,0.0264467502845621
213.75,50.4188537597656,0.0258070420747299
215,50.4188537597656,0.0249723610471244
216.25,50.4188537597656,0.0239840879516766
217.5,50.4188537597656,0.0233636868217126
218.75,50.4188537597656,0.0228806001019117
220,50.4188537597656,0.0218432227165435
221.25,50.4188537597656,0.0200523191028157
222.5,50.4188537597656,0.0180305939922583
223.75,50.4188537597656,0.0161352352484349
225,50.4188537597656,0.0136951563037117
226.25,50.4188537597656,0.00996944193326994
227.5,50.4188537597656,0.00567260229320165
228.75,50.4188537597656,0.00225926159278324
230,50.4188537597656,2.39334151831425e-05
231.25,50.4188537597656,-0.000729300662303926
232.5,50.4188537597656,-0.00095999295813553
233.75,50.4188537597656,5.51534084795068e-05
160,51.3612518310547,-0.013132717092352
161.25,51.3612518310547,-0.00853683675893042
162.5,51.3612518310547,-0.0120346669163598
163.75,51.3612518310547,-0.0130439317999837
165,51.3612518310547,-0.00939152256186852
166.25,51.3612518310547,-0.00518140596717941
167.5,51.3612518310547,-0.00301057838801674
168.75,51.3612518310547,-0.00310422573309344
170,51.3612518310547,-0.00500298487419788
171.25,51.3612518310547,-0.00821637072537575
172.5,51.3612518310547,-0.0118788265225707
173.75,51.3612518310547,-0.015603702750702
175,51.3612518310547,-0.0187357928182077
176.25,51.3612518310547,-0.0194715682688882
177.5,51.3612518310547,-0.016867543556478
178.75,51.3612518310547,-0.0114033691430217
180,51.3612518310547,-0.0051801186714549
181.25,51.3612518310547,-0.000484341043227034
182.5,51.3612518310547,0.00345277717013176
183.75,51.3612518310547,0.00751695694036947
185,51.3612518310547,0.0116403601382926
186.25,51.3612518310547,0.0154859161769436
187.5,51.3612518310547,0.0196881131930242
188.75,51.3612518310547,0.0240056840476849
190,51.3612518310547,0.0281138901255579
191.25,51.3612518310547,0.0313292908356219
192.5,51.3612518310547,0.033354132276514
193.75,51.3612518310547,0.0351236073439489
195,51.3612518310547,0.0372043978311323
196.25,51.3612518310547,0.0394926648594059
197.5,51.3612518310547,0.04176626157012
198.75,51.3612518310547,0.0433347837404277
200,51.3612518310547,0.0440534895229306
201.25,51.3612518310547,0.044157868893016
202.5,51.3612518310547,0.0441039753909879
203.75,51.3612518310547,0.0437227524395637
205,51.3612518310547,0.0428074067404927
206.25,51.3612518310547,0.0409378475123707
207.5,51.3612518310547,0.038024571651051
208.75,51.3612518310547,0.0347501598234882
210,51.3612518310547,0.0319420760877574
211.25,51.3612518310547,0.0299751857733703
212.5,51.3612518310547,0.0285244769232897
213.75,51.3612518310547,0.0270576417736096
215,51.3612518310547,0.0255910305705561
216.25,51.3612518310547,0.0246710536186375
217.5,51.3612518310547,0.0243107290617303
218.75,51.3612518310547,0.0234642467622401
220,51.3612518310547,0.0215818033379223
221.25,51.3612518310547,0.0189702140144913
222.5,51.3612518310547,0.0160830847372417
223.75,51.3612518310547,0.0130691034589534
225,51.3612518310547,0.0101129604891422
226.25,51.3612518310547,0.00686923372763275
227.5,51.3612518310547,0.00382988006368016
228.75,51.3612518310547,0.00140405914996725
230,51.3612518310547,-9.83454020462428e-05
231.25,51.3612518310547,0.00105655708800043
232.5,51.3612518310547,0.00257127785965083
160,52.3036651611328,-0.015582663662227
161.25,52.3036651611328,-0.00942949755688242
162.5,52.3036651611328,-0.00640440124492037
163.75,52.3036651611328,-0.00748870421862944
165,52.3036651611328,-0.00775280754650977
166.25,52.3036651611328,-0.00647664718975137
167.5,52.3036651611328,-0.00543960207217596
168.75,52.3036651611328,-0.00536163447212853
170,52.3036651611328,-0.00667782811075749
171.25,52.3036651611328,-0.00908852587336592
172.5,52.3036651611328,-0.0113938119840976
173.75,52.3036651611328,-0.0134105101353192
175,52.3036651611328,-0.0154502969415654
176.25,52.3036651611328,-0.0156481081046896
177.5,52.3036651611328,-0.0127102170139154
178.75,52.3036651611328,-0.00772215032583625
180,52.3036651611328,-0.00213259059089135
181.25,52.3036651611328,0.00282998302914382
182.5,52.3036651611328,0.00702589763631152
183.75,52.3036651611328,0.0108934006712221
185,52.3036651611328,0.0145713931426056
186.25,52.3036651611328,0.0175451273820282
187.5,52.3036651611328,0.0202438395616918
188.75,52.3036651611328,0.0230613335555959
190,52.3036651611328,0.0265325762497863
191.25,52.3036651611328,0.0290932163220072
192.5,52.3036651611328,0.0302321347954661
193.75,52.3036651611328,0.031754282031446
195,52.3036651611328,0.0330984822063383
196.25,52.3036651611328,0.0338479670342748
197.5,52.3036651611328,0.0342249473473369
198.75,52.3036651611328,0.0345628986118092
200,52.3036651611328,0.0350230869012934
201.25,52.3036651611328,0.0355568684225176
202.5,52.3036651611328,0.0360944648444739
203.75,52.3036651611328,0.0364379565077741
205,52.3036651611328,0.0362588396507883
206.25,52.3036651611328,0.0356496386664283
207.5,52.3036651611328,0.0347252571159513
208.75,52.3036651611328,0.0336133381386489
210,52.3036651611328,0.0319949883531925
211.25,52.3036651611328,0.0302346737224118
212.5,52.3036651611328,0.0285726182306763
213.75,52.3036651611328,0.0268599269654664
215,52.3036651611328,0.0254450181851299
216.25,52.3036651611328,0.02466622114961
217.5,52.3036651611328,0.0242075174385904
218.75,52.3036651611328,0.0229482248053722
220,52.3036651611328,0.0203959812664335
221.25,52.3036651611328,0.017246159477655
222.5,52.3036651611328,0.0136122502277351
223.75,52.3036651611328,0.00998634176347719
225,52.3036651611328,0.00679673691419618
226.25,52.3036651611328,0.00446301197886637
227.5,52.3036651611328,0.00282278145246239
228.75,52.3036651611328,0.00107283821799167
230,52.3036651611328,-0.000361724348891908
231.25,52.3036651611328,0.00156368550834738
232.5,52.3036651611328,0.00325829808363139
160,53.2460784912109,-0.0143833019216602
161.25,53.2460784912109,-0.00818342845194389
162.5,53.2460784912109,-0.00486446195675038
163.75,53.2460784912109,-0.0053203313167493
165,53.2460784912109,-0.00677787478322186
166.25,53.2460784912109,-0.00780714129878366
167.5,53.2460784912109,-0.0079629216328626
168.75,53.2460784912109,-0.00759191507294886
170,53.2460784912109,-0.00802387683946173
171.25,53.2460784912109,-0.00939915912352269
172.5,53.2460784912109,-0.0102789875153848
173.75,53.2460784912109,-0.0103978729771426
175,53.2460784912109,-0.0103240241167106
176.25,53.2460784912109,-0.00937771187305915
177.5,53.2460784912109,-0.00722583250224423
178.75,53.2460784912109,-0.00370563887142904
180,53.2460784912109,0.00121643163676023
181.25,53.2460784912109,0.00652592672268827
182.5,53.2460784912109,0.0115161815809964
183.75,53.2460784912109,0.0156434007753831
185,53.2460784912109,0.0186897484057528
186.25,53.2460784912109,0.0204618014942214
187.5,53.2460784912109,0.0213133459267059
188.75,53.2460784912109,0.0227546054164214
190,53.2460784912109,0.02555684475813
191.25,53.2460784912109,0.0284684758955688
192.5,53.2460784912109,0.0287805023713548
193.75,53.2460784912109,0.0293794755298289
195,53.2460784912109,0.0303594460610007
196.25,53.2460784912109,0.030498036541971
197.5,53.2460784912109,0.0297428057398882
198.75,53.2460784912109,0.0293697767875599
200,53.2460784912109,0.0297723244037203
201.25,53.2460784912109,0.0300042360713491
202.5,53.2460784912109,0.0299752930057123
203.75,53.2460784912109,0.0300820050826157
205,53.2460784912109,0.030290862317162
206.25,53.2460784912109,0.0305717407720075
207.5,53.2460784912109,0.0307459210077569
208.75,53.2460784912109,0.0305765843443008
210,53.2460784912109,0.0296476738462718
211.25,53.2460784912109,0.0284484533182377
212.5,53.2460784912109,0.0273025083947033
213.75,53.2460784912109,0.026143544330881
215,53.2460784912109,0.0251737499691466
216.25,53.2460784912109,0.0244015451463501
217.5,53.2460784912109,0.0234033215576646
218.75,53.2460784912109,0.0215580991177278
220,53.2460784912109,0.0184533113114559
221.25,53.2460784912109,0.0145124523845802
222.5,53.2460784912109,0.0107216126670334
223.75,53.2460784912109,0.00754184709713181
225,53.2460784912109,0.00503632801664154
226.25,53.2460784912109,0.00345731515961839
227.5,53.2460784912109,0.00192250473026334
228.75,53.2460784912109,0.000601194151050907
230,53.2460784912109,-5.89985284161416e-05
231.25,53.2460784912109,0.000611634486807843
160,54.1884765625,-0.00806450284619847
161.25,54.1884765625,-0.00510812184614856
162.5,54.1884765625,0.000960131108063224
163.75,54.1884765625,0.001407783095829
165,54.1884765625,-0.00230277158963647
166.25,54.1884765625,-0.00533149410279228
167.5,54.1884765625,-0.00684437654444241
168.75,54.1884765625,-0.00714211982293175
170,54.1884765625,-0.00725233896706227
171.25,54.1884765625,-0.00756902921134217
172.5,54.1884765625,-0.0074758770911532
173.75,54.1884765625,-0.00689228822080535
175,54.1884765625,-0.00601089821452058
176.25,54.1884765625,-0.00434257166155315
177.5,54.1884765625,-0.00208293435096473
178.75,54.1884765625,0.00157532603099562
180,54.1884765625,0.00698159351090669
181.25,54.1884765625,0.0131394948946964
182.5,54.1884765625,0.0182727399082722
183.75,54.1884765625,0.021153630426076
185,54.1884765625,0.0220018585773021
186.25,54.1884765625,0.0221619604698853
187.5,54.1884765625,0.0227779205291561
188.75,54.1884765625,0.024306795151207
190,54.1884765625,0.026834448169478
191.25,54.1884765625,0.0293731067725911
192.5,54.1884765625,0.0304170637621483
193.75,54.1884765625,0.0300429287260366
195,54.1884765625,0.0297456271979577
196.25,54.1884765625,0.0311889185677058
197.5,54.1884765625,0.0292118223637725
198.75,54.1884765625,0.0268119375778295
200,54.1884765625,0.0259570350281098
201.25,54.1884765625,0.0260842271269078
202.5,54.1884765625,0.0266373329780742
203.75,54.1884765625,0.0266790386068741
205,54.1884765625,0.0257690328756911
206.25,54.1884765625,0.0249196519301073
207.5,54.1884765625,0.0250418381085369
208.75,54.1884765625,0.0255073386540229
210,54.1884765625,0.0253656229481189
211.25,54.1884765625,0.0248787490648041
212.5,54.1884765625,0.0244573568325278
213.75,54.1884765625,0.0243469735475805
215,54.1884765625,0.0239382608234777
216.25,54.1884765625,0.0229729843416365
217.5,54.1884765625,0.0211542553945201
218.75,54.1884765625,0.0186224873955083
220,54.1884765625,0.0154342922205773
221.25,54.1884765625,0.0115156228975227
222.5,54.1884765625,0.00783379565107017
223.75,54.1884765625,0.00516732886575151
225,54.1884765625,0.00362118530929727
226.25,54.1884765625,0.00223375376326486
227.5,54.1884765625,0.00106200405615458
228.75,54.1884765625,-0.00127548437472667
230,54.1884765625,-0.00219723328656722
161.25,55.1308898925781,0.00546464377571054
162.5,55.1308898925781,0.007595919879847
163.75,55.1308898925781,0.0123284258557803
165,55.1308898925781,0.0120502593394139
166.25,55.1308898925781,0.00649913540507611
167.5,55.1308898925781,0.00162255653536739
168.75,55.1308898925781,-0.000355749210810412
170,55.1308898925781,-0.000243656819483777
171.25,55.1308898925781,0.00033421539061894
172.5,55.1308898925781,0.00068816303738917
173.75,55.1308898925781,0.00103768126318861
175,55.1308898925781,0.00168743547892442
176.25,55.1308898925781,0.0028816543016408
177.5,55.1308898925781,0.00517619277524106
178.75,55.1308898925781,0.00930878449291177
180,55.1308898925781,0.0149933405796004
181.25,55.1308898925781,0.0207839737778816
182.5,55.1308898925781,0.0241444847353991
183.75,55.1308898925781,0.0238956325906313
185,55.1308898925781,0.0225434014625231
186.25,55.1308898925781,0.0222980885277824
187.5,55.1308898925781,0.0233968596353531
188.75,55.1308898925781,0.0251621624520062
190,55.1308898925781,0.0270940541296505
191.25,55.1308898925781,0.0286524239413481
192.5,55.1308898925781,0.0296378434007838
193.75,55.1308898925781,0.0297804204033781
195,55.1308898925781,0.0287388906110465
196.25,55.1308898925781,0.0275460456100764
197.5,55.1308898925781,0.0277246927374736
198.75,55.1308898925781,0.021479073643926
200,55.1308898925781,0.0204549619974883
201.25,55.1308898925781,0.0212632098932525
202.5,55.1308898925781,0.0236951904538787
203.75,55.1308898925781,0.0253543032622023
205,55.1308898925781,0.024208587680761
206.25,55.1308898925781,0.0218144064344525
207.5,55.1308898925781,0.0197594455706495
208.75,55.1308898925781,0.0189338966632362
210,55.1308898925781,0.019573156165369
211.25,55.1308898925781,0.0204137527064904
212.5,55.1308898925781,0.0207984771842331
213.75,55.1308898925781,0.0210337360234313
215,55.1308898925781,0.0209296052154543
216.25,55.1308898925781,0.0201954401482034
217.5,55.1308898925781,0.0182286891038296
218.75,55.1308898925781,0.0154386823560546
220,55.1308898925781,0.0120832451196722
221.25,55.1308898925781,0.00860659403121677
222.5,55.1308898925781,0.0055750186844809
223.75,55.1308898925781,0.00352975566610085
225,55.1308898925781,0.00260307883505033
226.25,55.1308898925781,0.00136829058328792
227.5,55.1308898925781,0.000241913286476453
228.75,55.1308898925781,-0.000843908457854641
230,55.1308898925781,-0.00219723248639805
161.25,56.0733032226562,0.00692213553995992
162.5,56.0733032226562,0.0118699482179355
163.75,56.0733032226562,0.0170002662371351
165,56.0733032226562,0.0221798731046703
166.25,56.0733032226562,0.0222871578160851
167.5,56.0733032226562,0.0185791503384464
168.75,56.0733032226562,0.0162350107056177
170,56.0733032226562,0.0156728943764503
171.25,56.0733032226562,0.015444873642587
172.5,56.0733032226562,0.0146313505852998
173.75,56.0733032226562,0.0135843801254212
175,56.0733032226562,0.0128241391716255
176.25,56.0733032226562,0.0132199180052789
177.5,56.0733032226562,0.0156312460593118
178.75,56.0733032226562,0.0198334802717537
180,56.0733032226562,0.0237281486576048
181.25,56.0733032226562,0.0248626822813884
182.5,56.0733032226562,0.0234727104111845
183.75,56.0733032226562,0.0216049286987226
185,56.0733032226562,0.0206855569992215
186.25,56.0733032226562,0.0209920817928252
187.5,56.0733032226562,0.0217791763817116
188.75,56.0733032226562,0.0225590785668107
190,56.0733032226562,0.0233675989797435
191.25,56.0733032226562,0.024511782527984
192.5,56.0733032226562,0.0250728482893877
193.75,56.0733032226562,0.0256900645480718
195,56.0733032226562,0.0260375409734831
196.25,56.0733032226562,0.0255510453713867
197.5,56.0733032226562,0.0252005941182072
198.75,56.0733032226562,0.0254975090878737
200,56.0733032226562,0.0213417346331761
201.25,56.0733032226562,0.0200201626190588
202.5,56.0733032226562,0.0231154043449137
203.75,56.0733032226562,0.0253556731839602
205,56.0733032226562,0.0256976377480598
206.25,56.0733032226562,0.0224212957179597
207.5,56.0733032226562,0.0190011245975807
208.75,56.0733032226562,0.01671382030931
210,56.0733032226562,0.0156172847475866
211.25,56.0733032226562,0.0155198788400668
212.5,56.0733032226562,0.0161746554980551
213.75,56.0733032226562,0.0168824402446234
215,56.0733032226562,0.0169079703955244
216.25,56.0733032226562,0.0160796868154603
217.5,56.0733032226562,0.0145988291742963
218.75,56.0733032226562,0.012601689749293
220,56.0733032226562,0.0097807565685264
221.25,56.0733032226562,0.00668905963382771
222.5,56.0733032226562,0.00437880504750637
223.75,56.0733032226562,0.00337861699549736
225,56.0733032226562,0.00352465963212178
226.25,56.0733032226562,0.00370091119380315
227.5,56.0733032226562,0.000216034071528102
162.5,57.0157012939453,0.0157127876322756
163.75,57.0157012939453,0.0170753287617187
165,57.0157012939453,0.0229144305954886
166.25,57.0157012939453,0.0280075580095203
167.5,57.0157012939453,0.0292448931719246
168.75,57.0157012939453,0.0288824627520916
170,57.0157012939453,0.0290844264309879
171.25,57.0157012939453,0.0295096428332137
172.5,57.0157012939453,0.0292111710337684
173.75,57.0157012939453,0.0280565437065305
175,57.0157012939453,0.0262371282970415
176.25,57.0157012939453,0.0243794913987041
177.5,57.0157012939453,0.0233240582072709
178.75,57.0157012939453,0.0225828329432811
180,57.0157012939453,0.0212199908266649
181.25,57.0157012939453,0.0194232421869024
182.5,57.0157012939453,0.0179414838749644
183.75,57.0157012939453,0.0174010438841942
185,57.0157012939453,0.0174336982689003
186.25,57.0157012939453,0.0174606183695404
187.5,57.0157012939453,0.0167725504970232
188.75,57.0157012939453,0.0153610234983609
190,57.0157012939453,0.015007395905683
191.25,57.0157012939453,0.0174212131835912
192.5,57.0157012939453,0.0173677856094185
193.75,57.0157012939453,0.0182156294025934
195,57.0157012939453,0.0202515318731933
196.25,57.0157012939453,0.0225873860745253
197.5,57.0157012939453,0.0245179901096061
198.75,57.0157012939453,0.0252346098039742
200,57.0157012939453,0.0251706200708175
201.25,57.0157012939453,0.0244344164241016
202.5,57.0157012939453,0.0236285271093368
203.75,57.0157012939453,0.0253713663026489
205,57.0157012939453,0.0265290532295771
206.25,57.0157012939453,0.0253191681413571
207.5,57.0157012939453,0.0225394251216261
208.75,57.0157012939453,0.0194381954135753
210,57.0157012939453,0.0166216051710586
211.25,57.0157012939453,0.0148415439136455
212.5,57.0157012939453,0.0139214424797824
213.75,57.0157012939453,0.0135643644673483
215,57.0157012939453,0.0134345171640046
216.25,57.0157012939453,0.0128520683665459
217.5,57.0157012939453,0.0115575524373581
218.75,57.0157012939453,0.0098200411111611
220,57.0157012939453,0.00797865053307905
221.25,57.0157012939453,0.00623017665816016
222.5,57.0157012939453,0.00512517141020935
223.75,57.0157012939453,0.00456875710235745
225,57.0157012939453,0.00455061949047498
226.25,57.0157012939453,0.00466558674519006
162.5,57.9581146240234,0.0150905244879367
163.75,57.9581146240234,0.0155388668773286
165,57.9581146240234,0.0186546663052357
166.25,57.9581146240234,0.0224566797131506
167.5,57.9581146240234,0.0256894547976752
168.75,57.9581146240234,0.0284235260470216
170,57.9581146240234,0.03089841613839
171.25,57.9581146240234,0.0324641817792563
172.5,57.9581146240234,0.0320104596820816
173.75,57.9581146240234,0.0298671257225438
175,57.9581146240234,0.0266789383776507
176.25,57.9581146240234,0.0228038171365926
177.5,57.9581146240234,0.0185230341479057
178.75,57.9581146240234,0.0145181850802565
180,57.9581146240234,0.0115961431734199
181.25,57.9581146240234,0.0107324819215062
182.5,57.9581146240234,0.0117678372875721
183.75,57.9581146240234,0.012977001088239
185,57.9581146240234,0.0135049078613708
186.25,57.9581146240234,0.0129753945193547
187.5,57.9581146240234,0.0112891828890902
188.75,57.9581146240234,0.0108117268943935
190,57.9581146240234,0.0126775056619575
191.25,57.9581146240234,0.0142173440439409
192.5,57.9581146240234,0.0144490631326346
193.75,57.9581146240234,0.0155037702542505
195,57.9581146240234,0.0179657213206639
196.25,57.9581146240234,0.0211431915407836
197.5,57.9581146240234,0.0231958388011937
198.75,57.9581146240234,0.0226221228249814
200,57.9581146240234,0.0231329628522889
201.25,57.9581146240234,0.0236564304748928
202.5,57.9581146240234,0.0231102247785704
203.75,57.9581146240234,0.0257869662236346
206.25,57.9581146240234,0.0236441438340115
207.5,57.9581146240234,0.0239460301667551
208.75,57.9581146240234,0.0230443568383704
210,57.9581146240234,0.0205088087715961
211.25,57.9581146240234,0.0177229384468495
212.5,57.9581146240234,0.0153393034768001
213.75,57.9581146240234,0.0134304644410498
215,57.9581146240234,0.011897129473132
216.25,57.9581146240234,0.0106982219670662
217.5,57.9581146240234,0.00971361003834286
218.75,57.9581146240234,0.00879454320385829
220,57.9581146240234,0.00819690539560857
221.25,57.9581146240234,0.00759056194239908
222.5,57.9581146240234,0.00684412620274169
223.75,57.9581146240234,0.00608180255423997
225,57.9581146240234,0.00463235007569905
160,58.9005279541016,-0.000361933375315488
161.25,58.9005279541016,0.000754080639238574
162.5,58.9005279541016,0.0153189786873889
163.75,58.9005279541016,0.0163832500121663
165,58.9005279541016,0.0157231488317927
166.25,58.9005279541016,0.016316851142054
167.5,58.9005279541016,0.0183837569673497
168.75,58.9005279541016,0.0209937830724144
170,58.9005279541016,0.0237303563267767
171.25,58.9005279541016,0.0253321146358826
172.5,58.9005279541016,0.024589742798001
173.75,58.9005279541016,0.0218740680706215
175,58.9005279541016,0.0182788580550154
176.25,58.9005279541016,0.0137120922162075
177.5,58.9005279541016,0.00919800512412928
178.75,58.9005279541016,0.00580903041538443
180,58.9005279541016,0.00455260078408125
181.25,58.9005279541016,0.0054682768004669
182.5,58.9005279541016,0.00707250853796579
183.75,58.9005279541016,0.00788048859283517
185,58.9005279541016,0.00785766761712124
186.25,58.9005279541016,0.00816161494253604
187.5,58.9005279541016,0.00905477382379652
188.75,58.9005279541016,0.0111446844408898
190,58.9005279541016,0.013327920782679
191.25,58.9005279541016,0.0151040125335952
192.5,58.9005279541016,0.0163816033927502
193.75,58.9005279541016,0.0182183913135157
195,58.9005279541016,0.0211052013911694
196.25,58.9005279541016,0.0237405353394604
197.5,58.9005279541016,0.025552096571975
198.75,58.9005279541016,0.0232015893404217
200,58.9005279541016,0.0247843538874228
201.25,58.9005279541016,0.0242098289097759
202.5,58.9005279541016,0.0232522552734202
206.25,58.9005279541016,0.0247673109879338
207.5,58.9005279541016,0.0251940337109075
208.75,58.9005279541016,0.0251158719693709
210,58.9005279541016,0.0229094807652565
211.25,58.9005279541016,0.0205893333825223
212.5,58.9005279541016,0.0184349158676143
213.75,58.9005279541016,0.0151316213652468
215,58.9005279541016,0.0123319692064688
216.25,58.9005279541016,0.0106541762635288
217.5,58.9005279541016,0.0097400877705984
218.75,58.9005279541016,0.0098280226772101
220,58.9005279541016,0.0104799458859955
221.25,58.9005279541016,0.00987637625563737
222.5,58.9005279541016,0.00883930444300324
160,59.8429260253906,0.000956490882537271
161.25,59.8429260253906,0.00198814222606193
162.5,59.8429260253906,0.00216857639785443
163.75,59.8429260253906,0.0174681979000759
165,59.8429260253906,0.014303667960403
166.25,59.8429260253906,0.0132133392586975
167.5,59.8429260253906,0.013323040803665
168.75,59.8429260253906,0.0146177616024116
170,59.8429260253906,0.0184315890657115
171.25,59.8429260253906,0.0185178945016554
172.5,59.8429260253906,0.0175924178347852
173.75,59.8429260253906,0.0154366663178469
175,59.8429260253906,0.0124386644871212
176.25,59.8429260253906,0.00846345751058963
177.5,59.8429260253906,0.00433819218319053
178.75,59.8429260253906,0.00189857742137081
180,59.8429260253906,0.00177533818500345
181.25,59.8429260253906,0.00304504559586771
182.5,59.8429260253906,0.00440462619793867
183.75,59.8429260253906,0.00563039121389202
185,59.8429260253906,0.00743854905071032
186.25,59.8429260253906,0.00946954311145807
187.5,59.8429260253906,0.0117115897132988
188.75,59.8429260253906,0.0144029266194159
190,59.8429260253906,0.0160850861215793
191.25,59.8429260253906,0.0183834586902987
192.5,59.8429260253906,0.0217379896421077
193.75,59.8429260253906,0.0247190869641115
195,59.8429260253906,0.02637178314069
196.25,59.8429260253906,0.0270018887476891
197.5,59.8429260253906,0.0260070713290254
198.75,59.8429260253906,0.025446081962622
206.25,59.8429260253906,0.0254224822113275
207.5,59.8429260253906,0.0254917785791635
208.75,59.8429260253906,0.0251729965211906
210,59.8429260253906,0.0241843066767886
211.25,59.8429260253906,0.0227662493633313
212.5,59.8429260253906,0.0245354535687805
213.75,59.8429260253906,0.0209568164085957
215,59.8429260253906,0.0174876357026755
216.25,59.8429260253906,0.0145099708630323
217.5,59.8429260253906,0.0115653661404025
218.75,59.8429260253906,0.0109456567450685
220,59.8429260253906,0.0119825593539359
221.25,59.8429260253906,0.0123767776964566
160,60.7853393554688,0.00265372360598306
161.25,60.7853393554688,0.00429182359827587
162.5,60.7853393554688,0.00454427046527641
167.5,60.7853393554688,0.0108461865116933
168.75,60.7853393554688,0.0113252186339691
170,60.7853393554688,0.0113815898322559
171.25,60.7853393554688,0.016684241494125
172.5,60.7853393554688,0.0129312006667156
173.75,60.7853393554688,0.0113865010897469
175,60.7853393554688,0.00916348808431556
176.25,60.7853393554688,0.00745691498601235
177.5,60.7853393554688,0.00627793358184325
178.75,60.7853393554688,0.00539515364824286
180,60.7853393554688,0.00537808887100116
181.25,60.7853393554688,0.0052609758839
182.5,60.7853393554688,0.00656105059898331
183.75,60.7853393554688,0.00930081324155257
185,60.7853393554688,0.0115118272427889
186.25,60.7853393554688,0.0132099222613517
187.5,60.7853393554688,0.0163412125994581
188.75,60.7853393554688,0.0190176319052645
190,60.7853393554688,0.0205171009932887
191.25,60.7853393554688,0.0222788613728756
192.5,60.7853393554688,0.0235505497094925
193.75,60.7853393554688,0.0235741497638757
195,60.7853393554688,0.0222537478653346
212.5,60.7853393554688,0.0262391467711126
213.75,60.7853393554688,0.0239919979997807
215,60.7853393554688,0.0202009667217648
216.25,60.7853393554688,0.0168257158272721
160,61.7277526855469,-0.00153629781608546
173.75,61.7277526855469,0.00940180597582753
175,61.7277526855469,0.00676960556615907
176.25,61.7277526855469,0.00764158965888679
177.5,61.7277526855469,0.0122931411106128
178.75,61.7277526855469,0.0144114380879715
180,61.7277526855469,0.0167116957006757
181.25,61.7277526855469,0.0166142937393057
182.5,61.7277526855469,0.0155666451848873
183.75,61.7277526855469,0.0174111194578422
185,61.7277526855469,0.0193961573008249
186.25,61.7277526855469,0.0233845851429501
187.5,61.7277526855469,0.0272837751084746
188.75,61.7277526855469,0.0271962130154565
190,61.7277526855469,0.0254011125463544
191.25,61.7277526855469,0.0210345776909194
192.5,61.7277526855469,0.0183179508665058
193.75,61.7277526855469,0.0161562936547248
195,61.7277526855469,0.0180591029968446
175,62.6701507568359,0.00573352026702831
176.25,62.6701507568359,0.00653521531516133
177.5,62.6701507568359,0.0186050252963779
178.75,62.6701507568359,0.0182883935532559
180,62.6701507568359,0.0203330272152672
181.25,62.6701507568359,0.0241254902199089
182.5,62.6701507568359,0.0272579386895593
183.75,62.6701507568359,0.0298330851374265
185,62.6701507568359,0.0331121417371075
186.25,62.6701507568359,0.0354668673686169
187.5,62.6701507568359,0.0351162614435703
188.75,62.6701507568359,0.0325640548399335
190,62.6701507568359,0.0282195508753837
191.25,62.6701507568359,0.0206724295382969
192.5,62.6701507568359,0.0132575709491736
193.75,62.6701507568359,0.0103811848241179
195,62.6701507568359,0.00915881519484215
196.25,62.6701507568359,0.0025829322075689
197.5,62.6701507568359,0.00258293520041252
178.75,63.6125640869141,0.0114322059070872
180,63.6125640869141,0.0129699965626159
181.25,63.6125640869141,0.021832277849955
182.5,63.6125640869141,0.0299015605656742
183.75,63.6125640869141,0.0325778501480871
185,63.6125640869141,0.0334908925370958
186.25,63.6125640869141,0.0337904790008603
187.5,63.6125640869141,0.0328015892987239
188.75,63.6125640869141,0.031554099237828
190,63.6125640869141,0.0291992985419403
191.25,63.6125640869141,0.0213062528738221
192.5,63.6125640869141,0.0114632116217027
193.75,63.6125640869141,0.00673100926346208
195,63.6125640869141,0.00409961576495435
196.25,63.6125640869141,0.00189435321451446
197.5,63.6125640869141,0.00219889910969591
178.75,64.5549774169922,0.00487785218070011
180,64.5549774169922,0.00368539498372216
181.25,64.5549774169922,0.00630312617080188
182.5,64.5549774169922,0.0148766049000226
183.75,64.5549774169922,0.0176066005418604
185,64.5549774169922,0.020109588623569
186.25,64.5549774169922,0.0209886840870899
187.5,64.5549774169922,0.0226467326147711
188.75,64.5549774169922,0.0221618190448725
190,64.5549774169922,0.0225684094723441
191.25,64.5549774169922,0.0163622970495346
192.5,64.5549774169922,0.00625612173735928
193.75,64.5549774169922,0.00148295806517883
195,64.5549774169922,0.000167439737960578
196.25,64.5549774169922,0.000797001888331003
197.5,64.5549774169922,0.00166017208185496
180,65.4973907470703,0.00223963173160349
181.25,65.4973907470703,0.00464787065414316
182.5,65.4973907470703,0.00662991140721105
183.75,65.4973907470703,0.00874938390005208
185,65.4973907470703,0.00928845132764946
188.75,65.4973907470703,0.0101769024612805
190,65.4973907470703,0.0124229293527278
191.25,65.4973907470703,0.00981714698257968
192.5,65.4973907470703,0.00524117849486136
193.75,65.4973907470703,0.00197614185083107
