"lon","lat","beta"
160,20.2617797851562,0.00503924179199855
161.25,20.2617797851562,0.00186908942792523
162.5,20.2617797851562,0.000104094036818261
163.75,20.2617797851562,-0.0018097435047392
165,20.2617797851562,-0.0043639729242898
166.25,20.2617797851562,-0.00631218681169895
167.5,20.2617797851562,-0.00728224187708529
168.75,20.2617797851562,-0.00723363097454312
170,20.2617797851562,-0.00691769716418195
171.25,20.2617797851562,-0.00619815843654473
172.5,20.2617797851562,-0.00461210782630622
173.75,20.2617797851562,-0.002459381300768
175,20.2617797851562,-0.00060613936690655
176.25,20.2617797851562,0.000760909712704795
177.5,20.2617797851562,0.0017693395287892
178.75,20.2617797851562,0.00214798625545512
180,20.2617797851562,0.00226005291576152
181.25,20.2617797851562,0.00265191042250988
182.5,20.2617797851562,0.00294364130977433
183.75,20.2617797851562,0.00346340460802616
185,20.2617797851562,0.00522220126130186
186.25,20.2617797851562,0.00834006991533555
187.5,20.2617797851562,0.012458124048607
188.75,20.2617797851562,0.0170397252090245
190,20.2617797851562,0.0202867511281259
191.25,20.2617797851562,0.0217138381659042
192.5,20.2617797851562,0.0218887743601056
193.75,20.2617797851562,0.020097467197286
195,20.2617797851562,0.0159290468635289
196.25,20.2617797851562,0.0112177678676587
197.5,20.2617797851562,0.00713826228807381
198.75,20.2617797851562,0.00332794873441768
200,20.2617797851562,-0.000545172172351235
201.25,20.2617797851562,-0.00403480168290255
202.5,20.2617797851562,-0.0065750373867805
203.75,20.2617797851562,-0.00848162523574587
205,20.2617797851562,-0.0109883794808961
206.25,20.2617797851562,-0.0221948480374229
207.5,20.2617797851562,-0.0304172074004425
208.75,20.2617797851562,-0.0359777360191639
210,20.2617797851562,-0.0411756788267503
211.25,20.2617797851562,-0.0463809309877153
212.5,20.2617797851562,-0.0511638286700029
213.75,20.2617797851562,-0.0552496425771096
215,20.2617797851562,-0.0578751297137472
216.25,20.2617797851562,-0.0580141143253184
217.5,20.2617797851562,-0.0569865050227326
218.75,20.2617797851562,-0.0554992949476932
220,20.2617797851562,-0.0540759450701376
221.25,20.2617797851562,-0.0525520253790647
222.5,20.2617797851562,-0.0508087749470607
223.75,20.2617797851562,-0.0488252414171195
225,20.2617797851562,-0.0463692847409326
226.25,20.2617797851562,-0.0433499571663584
227.5,20.2617797851562,-0.0413336276556337
228.75,20.2617797851562,-0.0397768506701462
230,20.2617797851562,-0.0371934117952542
231.25,20.2617797851562,-0.032215521250599
232.5,20.2617797851562,-0.0246114864861324
233.75,20.2617797851562,-0.0149194714016368
235,20.2617797851562,-0.00428977822760617
236.25,20.2617797851562,0.00655436422709072
237.5,20.2617797851562,0.0164050990540207
238.75,20.2617797851562,0.0247044401137326
240,20.2617797851562,0.0320035638637527
241.25,20.2617797851562,0.0362825541143372
242.5,20.2617797851562,0.0356113269418169
243.75,20.2617797851562,0.0273085475860841
245,20.2617797851562,0.0133306974542621
246.25,20.2617797851562,0.00414788123301181
247.5,20.2617797851562,0.00379996369003805
248.75,20.2617797851562,-0.00333474003833776
250,20.2617797851562,-0.0218319338626516
160,21.2041854858398,0.0138561282887213
161.25,21.2041854858398,0.00767813408795882
162.5,21.2041854858398,0.00383414576450555
163.75,21.2041854858398,0.000764172912160649
165,21.2041854858398,-0.00221667264191578
166.25,21.2041854858398,-0.00485725286897819
167.5,21.2041854858398,-0.00693296094245976
168.75,21.2041854858398,-0.00831926438430533
170,21.2041854858398,-0.00843827146625565
171.25,21.2041854858398,-0.00822866608832938
172.5,21.2041854858398,-0.00701683515316076
173.75,21.2041854858398,-0.00499506972562316
175,21.2041854858398,-0.0029967251740821
176.25,21.2041854858398,-0.00139678037427361
177.5,21.2041854858398,1.77151392335888e-05
178.75,21.2041854858398,0.000791699566670502
180,21.2041854858398,0.00110057003388232
181.25,21.2041854858398,0.00178478262320423
182.5,21.2041854858398,0.00231836037495173
183.75,21.2041854858398,0.00251893326824767
185,21.2041854858398,0.00354321743825016
186.25,21.2041854858398,0.00589515877252588
187.5,21.2041854858398,0.00902504126928365
188.75,21.2041854858398,0.0125088013633102
190,21.2041854858398,0.0157045720923829
191.25,21.2041854858398,0.0184518093490444
192.5,21.2041854858398,0.0196992652147951
193.75,21.2041854858398,0.017994870932287
195,21.2041854858398,0.0140960461586536
196.25,21.2041854858398,0.0101533206516628
197.5,21.2041854858398,0.00685993356637325
198.75,21.2041854858398,0.00396155402190055
200,21.2041854858398,0.000831200051820115
201.25,21.2041854858398,-0.00246332746201461
202.5,21.2041854858398,-0.00441694801841653
203.75,21.2041854858398,-0.00589435860523962
205,21.2041854858398,-0.00897499601939322
206.25,21.2041854858398,-0.0161697195488998
207.5,21.2041854858398,-0.0227625826631535
208.75,21.2041854858398,-0.0282999554732942
210,21.2041854858398,-0.0341844593480241
211.25,21.2041854858398,-0.0404422962728949
212.5,21.2041854858398,-0.0463835692797916
213.75,21.2041854858398,-0.0521930133908639
215,21.2041854858398,-0.0575425346407882
216.25,21.2041854858398,-0.0596109308387181
217.5,21.2041854858398,-0.0595951105932789
218.75,21.2041854858398,-0.0589058801992719
220,21.2041854858398,-0.058146918033253
221.25,21.2041854858398,-0.0572606167143669
222.5,21.2041854858398,-0.0560556623813095
223.75,21.2041854858398,-0.0540958922023723
225,21.2041854858398,-0.0511241492922083
226.25,21.2041854858398,-0.0462995550909877
227.5,21.2041854858398,-0.0423085681826714
228.75,21.2041854858398,-0.0393389771217375
230,21.2041854858398,-0.0364056957281066
231.25,21.2041854858398,-0.0315384860916233
232.5,21.2041854858398,-0.0244237771990013
233.75,21.2041854858398,-0.0156181622645122
235,21.2041854858398,-0.00621270027232981
236.25,21.2041854858398,0.0034145748171479
237.5,21.2041854858398,0.0124280862758386
238.75,21.2041854858398,0.0197764965912458
240,21.2041854858398,0.0271089638912734
241.25,21.2041854858398,0.0325189776897092
242.5,21.2041854858398,0.0320944899812637
243.75,21.2041854858398,0.0225780283573729
245,21.2041854858398,0.00813546461990631
246.25,21.2041854858398,0.00244801836682953
247.5,21.2041854858398,0.00700408641824091
248.75,21.2041854858398,0.000940230356886191
250,21.2041854858398,-0.0199122079502109
160,22.146598815918,0.022126250638135
161.25,22.146598815918,0.0143797303485929
162.5,22.146598815918,0.0079961768409266
163.75,22.146598815918,0.00350975734885788
165,22.146598815918,0.000451162554967384
166.25,22.146598815918,-0.0020908240964593
167.5,22.146598815918,-0.00449294855866193
168.75,22.146598815918,-0.0066694616690023
170,22.146598815918,-0.0071185087436011
171.25,22.146598815918,-0.00697181979353657
172.5,22.146598815918,-0.00588878001635998
173.75,22.146598815918,-0.00438318397455352
175,22.146598815918,-0.00248592005648071
176.25,22.146598815918,-0.000524920045188733
177.5,22.146598815918,0.00170943267858903
178.75,22.146598815918,0.00333055125971776
180,22.146598815918,0.00413275758454339
181.25,22.146598815918,0.00479618773754259
182.5,22.146598815918,0.0050754499867392
183.75,22.146598815918,0.00473990669318763
185,22.146598815918,0.00477280204850023
186.25,22.146598815918,0.00578631898717082
187.5,22.146598815918,0.00749140502815694
188.75,22.146598815918,0.00926788917930968
190,22.146598815918,0.0109555258706423
191.25,22.146598815918,0.0132082407771557
192.5,22.146598815918,0.0155386376686128
193.75,22.146598815918,0.0152537272448909
195,22.146598815918,0.0132217422355758
196.25,22.146598815918,0.0106124018728691
197.5,22.146598815918,0.00739598731071092
198.75,22.146598815918,0.00389025813451891
200,22.146598815918,0.000689705688663476
201.25,22.146598815918,-0.0021446540744529
202.5,22.146598815918,-0.00445038451258719
203.75,22.146598815918,-0.00533035575106908
205,22.146598815918,-0.00759359011045528
206.25,22.146598815918,-0.0118943755392491
207.5,22.146598815918,-0.0162302793907037
208.75,22.146598815918,-0.0207307743726544
210,22.146598815918,-0.0263523849740745
211.25,22.146598815918,-0.0327504467996535
212.5,22.146598815918,-0.0390742703278557
213.75,22.146598815918,-0.0452937303111078
215,22.146598815918,-0.052296970012622
216.25,22.146598815918,-0.0569279547978119
217.5,22.146598815918,-0.0588665122586116
218.75,22.146598815918,-0.0596246690830999
220,22.146598815918,-0.059861958630506
221.25,22.146598815918,-0.0596116726478216
222.5,22.146598815918,-0.0589497365551348
223.75,22.146598815918,-0.0578766963129525
225,22.146598815918,-0.0559164243197385
226.25,22.146598815918,-0.0510765061684294
227.5,22.146598815918,-0.0456354484450348
228.75,22.146598815918,-0.0408561724518314
230,22.146598815918,-0.0368724263303008
231.25,22.146598815918,-0.0317722941565895
232.5,22.146598815918,-0.0250530037829516
233.75,22.146598815918,-0.0165351688446579
235,22.146598815918,-0.00706695650822694
236.25,22.146598815918,0.00152035179485022
237.5,22.146598815918,0.0096412398187218
238.75,22.146598815918,0.0158880345582173
240,22.146598815918,0.0215740067957341
241.25,22.146598815918,0.0262460725848696
242.5,22.146598815918,0.0249316042789152
243.75,22.146598815918,0.0149002996308395
245,22.146598815918,0.00416050995217538
246.25,22.146598815918,0.0025920899684228
247.5,22.146598815918,0.0053141248031773
248.75,22.146598815918,-0.00373713160167557
250,22.146598815918,-0.0199209882320741
160,23.0890045166016,0.0246079382428723
161.25,23.0890045166016,0.0176287466256555
162.5,23.0890045166016,0.0106139045600394
163.75,23.0890045166016,0.00522186724496035
165,23.0890045166016,0.00188914842339731
166.25,23.0890045166016,-0.000489935280703908
167.5,23.0890045166016,-0.00306830894436405
168.75,23.0890045166016,-0.00534427382132316
170,23.0890045166016,-0.00621644756264211
171.25,23.0890045166016,-0.00617885250612202
172.5,23.0890045166016,-0.00529218103867535
173.75,23.0890045166016,-0.00400758346698814
175,23.0890045166016,-0.00180550374861528
176.25,23.0890045166016,0.000652224996731738
177.5,23.0890045166016,0.00311343225039011
178.75,23.0890045166016,0.00549158153982372
180,23.0890045166016,0.00718651487137558
181.25,23.0890045166016,0.00890710941866299
182.5,23.0890045166016,0.00963812573067061
183.75,23.0890045166016,0.00918558926770808
185,23.0890045166016,0.00890731583493913
186.25,23.0890045166016,0.0088024071149954
187.5,23.0890045166016,0.00853735621511308
188.75,23.0890045166016,0.00815957575336039
190,23.0890045166016,0.00824460407500331
191.25,23.0890045166016,0.00916965529298369
192.5,23.0890045166016,0.0114002323687803
193.75,23.0890045166016,0.0131468326122618
195,23.0890045166016,0.0136797054304992
196.25,23.0890045166016,0.0126811248186901
197.5,23.0890045166016,0.010565270124796
198.75,23.0890045166016,0.0077979109766872
200,23.0890045166016,0.00486140820913323
201.25,23.0890045166016,0.00193153584129533
202.5,23.0890045166016,-0.00195112268363755
203.75,23.0890045166016,-0.00477984593988712
205,23.0890045166016,-0.0065085984746877
206.25,23.0890045166016,-0.00870506055455427
207.5,23.0890045166016,-0.0112641126100258
208.75,23.0890045166016,-0.0143303142884675
210,23.0890045166016,-0.0188722583940391
211.25,23.0890045166016,-0.0244391427913055
212.5,23.0890045166016,-0.0301586005956802
213.75,23.0890045166016,-0.0361967083732925
215,23.0890045166016,-0.043741899223301
216.25,23.0890045166016,-0.0505374123044649
217.5,23.0890045166016,-0.0547869754648482
218.75,23.0890045166016,-0.0569049093685401
220,23.0890045166016,-0.0580688216868752
221.25,23.0890045166016,-0.0585099864530106
222.5,23.0890045166016,-0.058480319317125
223.75,23.0890045166016,-0.0586929537049285
225,23.0890045166016,-0.0583956969661462
226.25,23.0890045166016,-0.0554056136324271
227.5,23.0890045166016,-0.0506349551010419
228.75,23.0890045166016,-0.0451704265409382
230,23.0890045166016,-0.0396269905959434
231.25,23.0890045166016,-0.0336176437128683
232.5,23.0890045166016,-0.0267995583658484
233.75,23.0890045166016,-0.0184169977476114
235,23.0890045166016,-0.00906689638728074
236.25,23.0890045166016,-0.000797362104388493
237.5,23.0890045166016,0.00682578339275311
238.75,23.0890045166016,0.0130960734695615
240,23.0890045166016,0.017043034528207
241.25,23.0890045166016,0.0186971528981578
242.5,23.0890045166016,0.0156427554211262
243.75,23.0890045166016,0.0082693105948382
245,23.0890045166016,0.00176142351450585
246.25,23.0890045166016,-0.000699675986923468
247.5,23.0890045166016,-0.00224930181916542
248.75,23.0890045166016,-0.00760006845879147
250,23.0890045166016,-0.0205406225344713
160,24.0314178466797,0.0210253308404164
161.25,24.0314178466797,0.014967441445647
162.5,24.0314178466797,0.00921095606245264
163.75,24.0314178466797,0.00454941788541924
165,24.0314178466797,0.00137524489887482
166.25,24.0314178466797,-0.000991801779327464
167.5,24.0314178466797,-0.00374205995697312
168.75,24.0314178466797,-0.00572691910388044
170,24.0314178466797,-0.00711073627255667
171.25,24.0314178466797,-0.00765367172383791
172.5,24.0314178466797,-0.00681695476986788
173.75,24.0314178466797,-0.00500776819197445
175,24.0314178466797,-0.00235166094243289
176.25,24.0314178466797,0.00040173582465997
177.5,24.0314178466797,0.00285772496977725
178.75,24.0314178466797,0.00518345484746769
180,24.0314178466797,0.00739515346243046
181.25,24.0314178466797,0.0102808801407827
182.5,24.0314178466797,0.0121835384103476
183.75,24.0314178466797,0.0130604847464766
185,24.0314178466797,0.0135444658241719
186.25,24.0314178466797,0.0129846092671458
187.5,24.0314178466797,0.0113256394404086
188.75,24.0314178466797,0.00979040041734959
190,24.0314178466797,0.00867943188273235
191.25,24.0314178466797,0.00785841555755061
192.5,24.0314178466797,0.00813111854070875
193.75,24.0314178466797,0.0100078356999545
195,24.0314178466797,0.0122951053493117
196.25,24.0314178466797,0.0142248273106726
197.5,24.0314178466797,0.0148902433142904
198.75,24.0314178466797,0.014522529712386
200,24.0314178466797,0.0136408302868553
201.25,24.0314178466797,0.0117385061632441
202.5,24.0314178466797,0.00796519431141983
203.75,24.0314178466797,0.00200697437180064
205,24.0314178466797,-0.00377481232735508
206.25,24.0314178466797,-0.00738306243418959
207.5,24.0314178466797,-0.00915844834938408
208.75,24.0314178466797,-0.0105557394294386
210,24.0314178466797,-0.0132683692363764
211.25,24.0314178466797,-0.0174460328571308
212.5,24.0314178466797,-0.02210037378991
213.75,24.0314178466797,-0.0272988052558471
215,24.0314178466797,-0.0344034414369348
216.25,24.0314178466797,-0.0419279283240206
217.5,24.0314178466797,-0.0476307991176592
218.75,24.0314178466797,-0.0508760297493524
220,24.0314178466797,-0.0529125703272018
221.25,24.0314178466797,-0.0541695960006604
222.5,24.0314178466797,-0.0549468787524081
223.75,24.0314178466797,-0.0559454111917094
225,24.0314178466797,-0.0569407558520861
226.25,24.0314178466797,-0.0558840358725845
227.5,24.0314178466797,-0.0532013373224366
228.75,24.0314178466797,-0.0489431018070078
230,24.0314178466797,-0.0435133029321115
231.25,24.0314178466797,-0.0372644349450456
232.5,24.0314178466797,-0.0302513300890068
233.75,24.0314178466797,-0.0222405683686497
235,24.0314178466797,-0.0137739631931242
236.25,24.0314178466797,-0.00553558983751964
237.5,24.0314178466797,0.00264833550055389
238.75,24.0314178466797,0.00905244679427137
240,24.0314178466797,0.0119781630929982
241.25,24.0314178466797,0.0107955593104843
242.5,24.0314178466797,0.0066653242467648
243.75,24.0314178466797,0.00170003057054624
245,24.0314178466797,-0.00273278990128136
246.25,24.0314178466797,-0.00548565722796962
247.5,24.0314178466797,-0.00731274713480952
248.75,24.0314178466797,-0.00822025980972272
250,24.0314178466797,-0.0112369561526345
160,24.9738235473633,0.0150501876105723
161.25,24.9738235473633,0.00932425718627714
162.5,24.9738235473633,0.00481082918148609
163.75,24.9738235473633,0.00183171759792871
165,24.9738235473633,-0.000760524511419193
166.25,24.9738235473633,-0.00325511632265837
167.5,24.9738235473633,-0.00558351217522982
168.75,24.9738235473633,-0.00756735630560111
170,24.9738235473633,-0.00943102165097128
171.25,24.9738235473633,-0.0103458037167252
172.5,24.9738235473633,-0.00996913301414925
173.75,24.9738235473633,-0.0081666780090358
175,24.9738235473633,-0.00537625601182659
176.25,24.9738235473633,-0.00239983819407274
177.5,24.9738235473633,0.00018560584781948
178.75,24.9738235473633,0.00220399032145127
180,24.9738235473633,0.00437607836006863
181.25,24.9738235473633,0.00811985915649233
182.5,24.9738235473633,0.0116170664370537
183.75,24.9738235473633,0.0138679769287403
185,24.9738235473633,0.015106177192593
186.25,24.9738235473633,0.0148537954020682
187.5,24.9738235473633,0.0134352713395576
188.75,24.9738235473633,0.012002465441668
190,24.9738235473633,0.0106581266830369
191.25,24.9738235473633,0.0088974675890514
192.5,24.9738235473633,0.0076948022782294
193.75,24.9738235473633,0.00767726198314158
195,24.9738235473633,0.0084798970614139
196.25,24.9738235473633,0.0103994927302234
197.5,24.9738235473633,0.0132781921112777
198.75,24.9738235473633,0.0161254395858145
200,24.9738235473633,0.0180299362689441
201.25,24.9738235473633,0.0186672793243615
202.5,24.9738235473633,0.0170108632661769
203.75,24.9738235473633,0.0118763005280837
205,24.9738235473633,0.00485739201915948
206.25,24.9738235473633,-0.00201459100667771
207.5,24.9738235473633,-0.0073223304952655
208.75,24.9738235473633,-0.0101295224208544
210,24.9738235473633,-0.0117556872248067
211.25,24.9738235473633,-0.0141008527363907
212.5,24.9738235473633,-0.0175187396975831
213.75,24.9738235473633,-0.0215937749511397
215,24.9738235473633,-0.0268364556248177
216.25,24.9738235473633,-0.0333267829143025
217.5,24.9738235473633,-0.0388281205373545
218.75,24.9738235473633,-0.0429585164088727
220,24.9738235473633,-0.0459955420548477
221.25,24.9738235473633,-0.0477852956656435
222.5,24.9738235473633,-0.0488009739080423
223.75,24.9738235473633,-0.0500641289035753
225,24.9738235473633,-0.0517191183712214
226.25,24.9738235473633,-0.0522033788525121
227.5,24.9738235473633,-0.0515526048264451
228.75,24.9738235473633,-0.0496294719881047
230,24.9738235473633,-0.0460629308684656
231.25,24.9738235473633,-0.0409491810446384
232.5,24.9738235473633,-0.0347632703708392
233.75,24.9738235473633,-0.0275003397813889
235,24.9738235473633,-0.0199772626010081
236.25,24.9738235473633,-0.012565962097566
237.5,24.9738235473633,-0.00462628025873586
238.75,24.9738235473633,0.00196995385642476
240,24.9738235473633,0.00439742827588848
241.25,24.9738235473633,0.00305558884909213
242.5,24.9738235473633,-0.000420609070732011
243.75,24.9738235473633,-0.00408084272682986
245,24.9738235473633,-0.00698899504361753
246.25,24.9738235473633,-0.00874489621512729
247.5,24.9738235473633,-0.00941131791605876
248.75,24.9738235473633,-0.0101320016058483
250,24.9738235473633,-0.00758466387680657
160,25.9162292480469,0.00933426692015699
161.25,25.9162292480469,0.00402023509545612
162.5,25.9162292480469,0.000138709581501697
163.75,25.9162292480469,-0.00196502889886447
165,25.9162292480469,-0.00364945906092933
166.25,25.9162292480469,-0.00586162588807641
167.5,25.9162292480469,-0.0078363661590087
168.75,25.9162292480469,-0.00929758502304359
170,25.9162292480469,-0.0113131853019295
171.25,25.9162292480469,-0.0124063890193357
172.5,25.9162292480469,-0.0122001611088698
173.75,25.9162292480469,-0.0111137234981088
175,25.9162292480469,-0.0095914463743124
176.25,25.9162292480469,-0.00751230172078302
177.5,25.9162292480469,-0.00517581822968738
178.75,25.9162292480469,-0.00311348703684004
180,25.9162292480469,-0.00105996236480598
181.25,25.9162292480469,0.00193370749687753
182.5,25.9162292480469,0.00591878071362982
183.75,25.9162292480469,0.00882787321948271
185,25.9162292480469,0.0102046043941203
186.25,25.9162292480469,0.0104584464802403
187.5,25.9162292480469,0.0101755647886223
188.75,25.9162292480469,0.00987379019620557
190,25.9162292480469,0.00951653284869793
191.25,25.9162292480469,0.00856343871080201
192.5,25.9162292480469,0.00789220787195466
193.75,25.9162292480469,0.0079216333208069
195,25.9162292480469,0.00800139505039298
196.25,25.9162292480469,0.00827058029875903
197.5,25.9162292480469,0.00966754088350745
198.75,25.9162292480469,0.0126297172896124
200,25.9162292480469,0.0160097464275428
201.25,25.9162292480469,0.0188354862309765
202.5,25.9162292480469,0.0196030418256243
203.75,25.9162292480469,0.0175404887632774
205,25.9162292480469,0.0127873041571363
206.25,25.9162292480469,0.00654828870158187
207.5,25.9162292480469,-0.000527827330053382
208.75,25.9162292480469,-0.00698367447284564
210,25.9162292480469,-0.0116210109233138
211.25,25.9162292480469,-0.0145035279110848
212.5,25.9162292480469,-0.0167530485221907
213.75,25.9162292480469,-0.0194509676856655
215,25.9162292480469,-0.0229775518476087
216.25,25.9162292480469,-0.0271818317184686
217.5,25.9162292480469,-0.0313376665918554
218.75,25.9162292480469,-0.0351398507808834
220,25.9162292480469,-0.0383482533717186
221.25,25.9162292480469,-0.0404128788331478
222.5,25.9162292480469,-0.0416988941231237
223.75,25.9162292480469,-0.0430869966625704
225,25.9162292480469,-0.0448783779521354
226.25,25.9162292480469,-0.0460502414499655
227.5,25.9162292480469,-0.0467851005904371
228.75,25.9162292480469,-0.0468869329094652
230,25.9162292480469,-0.045679050245722
231.25,25.9162292480469,-0.0430087404991562
232.5,25.9162292480469,-0.0386080711422482
233.75,25.9162292480469,-0.0326153480201837
235,25.9162292480469,-0.026269344115551
236.25,25.9162292480469,-0.0204400713040226
237.5,25.9162292480469,-0.0140500665303698
238.75,25.9162292480469,-0.00708254439101482
240,25.9162292480469,-0.00369748293555113
241.25,25.9162292480469,-0.00292184922148705
242.5,25.9162292480469,-0.00457160601343399
243.75,25.9162292480469,-0.0069897601363373
245,25.9162292480469,-0.00851259073875762
246.25,25.9162292480469,-0.00915783799681968
247.5,25.9162292480469,-0.00939249331711431
248.75,25.9162292480469,-0.00300130610921108
250,25.9162292480469,-0.0032146151740344
160,26.858642578125,0.0115583962815836
161.25,26.858642578125,0.00467281212549002
162.5,26.858642578125,-0.00162561033365619
163.75,26.858642578125,-0.0054607667321815
165,26.858642578125,-0.00686252069991225
166.25,26.858642578125,-0.00806637167697279
167.5,26.858642578125,-0.00926913411250587
168.75,26.858642578125,-0.0102924548599601
170,26.858642578125,-0.0117754477869798
171.25,26.858642578125,-0.0127952258007235
172.5,26.858642578125,-0.0131287550331371
173.75,26.858642578125,-0.0130504433516918
175,26.858642578125,-0.0132055259213429
176.25,26.858642578125,-0.0128303532333411
177.5,26.858642578125,-0.0116732643866983
178.75,26.858642578125,-0.0100535810694262
180,26.858642578125,-0.00817429870719757
181.25,26.858642578125,-0.00645725686923917
182.5,26.858642578125,-0.00385124573994448
183.75,26.858642578125,-0.00141248830696997
185,26.858642578125,-0.000275277383429957
186.25,26.858642578125,1.53153974471596e-05
187.5,26.858642578125,0.00033715805359083
188.75,26.858642578125,0.00108347035089603
190,26.858642578125,0.00201831786561274
191.25,26.858642578125,0.00271789199825361
192.5,26.858642578125,0.00363541026750368
193.75,26.858642578125,0.00563770579857343
195,26.858642578125,0.00722348619267064
196.25,26.858642578125,0.00796523581791988
197.5,26.858642578125,0.00868990177799674
198.75,26.858642578125,0.0112196095420803
200,26.858642578125,0.0143710777518801
201.25,26.858642578125,0.0169348482969951
202.5,26.858642578125,0.0187309585082055
203.75,26.858642578125,0.0190726448028554
205,26.858642578125,0.0171422261698347
206.25,26.858642578125,0.012457830902084
207.5,26.858642578125,0.00567170471065521
208.75,26.858642578125,-0.000981418993363385
210,26.858642578125,-0.00670131322595933
211.25,26.858642578125,-0.0112958947938083
212.5,26.858642578125,-0.0152148818056766
213.75,26.858642578125,-0.0188280121013549
215,26.858642578125,-0.022144958766271
216.25,26.858642578125,-0.0249293888896578
217.5,26.858642578125,-0.0270514613042089
218.75,26.858642578125,-0.0295881763455483
220,26.858642578125,-0.0324057162754539
221.25,26.858642578125,-0.0345791828224103
222.5,26.858642578125,-0.0358786872601887
223.75,26.858642578125,-0.0371045323536321
225,26.858642578125,-0.0386944701563065
226.25,26.858642578125,-0.0398474621357089
227.5,26.858642578125,-0.0410541976382535
228.75,26.858642578125,-0.0425413591441404
230,26.858642578125,-0.0434017648219533
231.25,26.858642578125,-0.0432681112271771
232.5,26.858642578125,-0.04097179453474
233.75,26.858642578125,-0.0365452398580984
235,26.858642578125,-0.0317101569531441
236.25,26.858642578125,-0.0273896541353515
237.5,26.858642578125,-0.0226188242269121
238.75,26.858642578125,-0.0163575762688344
240,26.858642578125,-0.0102228305368137
241.25,26.858642578125,-0.00659891407382954
242.5,26.858642578125,-0.00632308861361128
243.75,26.858642578125,-0.00718997350737422
245,26.858642578125,-0.00710158423039144
246.25,26.858642578125,-0.00751341235777098
247.5,26.858642578125,-0.0010303108404919
248.75,26.858642578125,0.000282412172393709
250,26.858642578125,-0.000267674306126487
160,27.8010482788086,0.0191214152257926
161.25,27.8010482788086,0.0113361646093692
162.5,27.8010482788086,0.00288507402373555
163.75,27.8010482788086,-0.00349991103723995
165,27.8010482788086,-0.00643650308062108
166.25,27.8010482788086,-0.007820138478368
167.5,27.8010482788086,-0.00901410997253536
168.75,27.8010482788086,-0.0103870101389162
170,27.8010482788086,-0.0115960143751075
171.25,27.8010482788086,-0.0131964275959474
172.5,27.8010482788086,-0.0144189084243486
173.75,27.8010482788086,-0.0155370923757139
175,27.8010482788086,-0.0168643681716444
176.25,27.8010482788086,-0.0177646203597666
177.5,27.8010482788086,-0.0175674718216572
178.75,27.8010482788086,-0.0164697282183477
180,27.8010482788086,-0.01497145474259
181.25,27.8010482788086,-0.0141187484571196
182.5,27.8010482788086,-0.0130459016803983
183.75,27.8010482788086,-0.01189315858712
185,27.8010482788086,-0.0114263000861431
186.25,27.8010482788086,-0.0114597360574395
187.5,27.8010482788086,-0.0108484401567181
188.75,27.8010482788086,-0.00927656581781411
190,27.8010482788086,-0.00701970330481684
191.25,27.8010482788086,-0.00504867032021746
192.5,27.8010482788086,-0.00338829058977136
193.75,27.8010482788086,-0.000192765990016668
195,27.8010482788086,0.00302940502156108
196.25,27.8010482788086,0.00506509031965233
197.5,27.8010482788086,0.0065359029390223
198.75,27.8010482788086,0.00935615885401033
200,27.8010482788086,0.0126172058881414
201.25,27.8010482788086,0.0150307088989493
202.5,27.8010482788086,0.01687496275793
203.75,27.8010482788086,0.0182637220970319
205,27.8010482788086,0.0175030112911622
206.25,27.8010482788086,0.0142930239854545
207.5,27.8010482788086,0.00854682974845642
208.75,27.8010482788086,0.00234447906070176
210,27.8010482788086,-0.00282907082791981
211.25,27.8010482788086,-0.00691848394095534
212.5,27.8010482788086,-0.0112675249417112
213.75,27.8010482788086,-0.0159957477524277
215,27.8010482788086,-0.0201958331972282
216.25,27.8010482788086,-0.0236846647746874
217.5,27.8010482788086,-0.0261243361999961
218.75,27.8010482788086,-0.0279696005758771
220,27.8010482788086,-0.0302986215253121
221.25,27.8010482788086,-0.0322709123034967
222.5,27.8010482788086,-0.0331168272411737
223.75,27.8010482788086,-0.0336802257423608
225,27.8010482788086,-0.0346854210750998
226.25,27.8010482788086,-0.0357148187113387
227.5,27.8010482788086,-0.0366374515632467
228.75,27.8010482788086,-0.0381661221157977
230,27.8010482788086,-0.040128773767631
231.25,27.8010482788086,-0.0416182749899179
232.5,27.8010482788086,-0.0412101748639392
233.75,27.8010482788086,-0.0387280583062827
235,27.8010482788086,-0.035820616024577
236.25,27.8010482788086,-0.032825620422376
237.5,27.8010482788086,-0.0284916876219829
238.75,27.8010482788086,-0.0219138925306489
240,27.8010482788086,-0.0137708015641607
241.25,27.8010482788086,-0.00807240164163623
242.5,27.8010482788086,-0.0070428383125307
243.75,27.8010482788086,-0.00658708055006852
245,27.8010482788086,-0.00375687980209489
246.25,27.8010482788086,-0.00194935876444011
247.5,27.8010482788086,0.00571439461922377
248.75,27.8010482788086,0.0033806226114371
250,27.8010482788086,0.000869708129041149
160,28.7434539794922,0.0230075828485114
161.25,28.7434539794922,0.0165478355426713
162.5,28.7434539794922,0.00883526391646175
163.75,28.7434539794922,0.00220615055935029
165,28.7434539794922,-0.00189350543793334
166.25,28.7434539794922,-0.0042483539628943
167.5,28.7434539794922,-0.0063008423037073
168.75,28.7434539794922,-0.00818023230557622
170,28.7434539794922,-0.0100005668732459
171.25,28.7434539794922,-0.0124600307271153
172.5,28.7434539794922,-0.0148671632397061
173.75,28.7434539794922,-0.0172188476915418
175,28.7434539794922,-0.0193616333701251
176.25,28.7434539794922,-0.0209064019830973
177.5,28.7434539794922,-0.0211093682476998
178.75,28.7434539794922,-0.0200817277045167
180,28.7434539794922,-0.0189783656880286
181.25,28.7434539794922,-0.0188347373885308
182.5,28.7434539794922,-0.0189046966546316
183.75,28.7434539794922,-0.0189685086799551
185,28.7434539794922,-0.0193930305876959
186.25,28.7434539794922,-0.0195822897713283
187.5,28.7434539794922,-0.0189700770553014
188.75,28.7434539794922,-0.0171495638223619
190,28.7434539794922,-0.014251540404047
191.25,28.7434539794922,-0.0113750485173484
192.5,28.7434539794922,-0.00912888407265958
193.75,28.7434539794922,-0.00568278840905927
195,28.7434539794922,-0.00205548984143346
196.25,28.7434539794922,0.00064685768729792
197.5,28.7434539794922,0.00258814237474417
198.75,28.7434539794922,0.00535177319604784
200,28.7434539794922,0.00814721718981197
201.25,28.7434539794922,0.00987769819998892
202.5,28.7434539794922,0.0114825439178487
203.75,28.7434539794922,0.0130931559018433
205,28.7434539794922,0.0133380937400563
206.25,28.7434539794922,0.0113075045157782
207.5,28.7434539794922,0.00739345358489713
208.75,28.7434539794922,0.00206081714153374
210,28.7434539794922,-0.00297429559572532
211.25,28.7434539794922,-0.00660905327877234
212.5,28.7434539794922,-0.00975981615743326
213.75,28.7434539794922,-0.0134472449909946
215,28.7434539794922,-0.0173468955311342
216.25,28.7434539794922,-0.0214560738123112
217.5,28.7434539794922,-0.0254490990949537
218.75,28.7434539794922,-0.0286006121523787
220,28.7434539794922,-0.0315548293180005
221.25,28.7434539794922,-0.0333509788763412
222.5,28.7434539794922,-0.0334090283232178
223.75,28.7434539794922,-0.0330288248925827
225,28.7434539794922,-0.0331994864268306
226.25,28.7434539794922,-0.033781314772155
227.5,28.7434539794922,-0.0344019552441722
228.75,28.7434539794922,-0.0357754777210116
230,28.7434539794922,-0.0373880800785584
231.25,28.7434539794922,-0.0390833340773683
232.5,28.7434539794922,-0.0399135322711733
233.75,28.7434539794922,-0.039032968810651
235,28.7434539794922,-0.0376451923019288
236.25,28.7434539794922,-0.0358055671944372
237.5,28.7434539794922,-0.031835869739825
238.75,28.7434539794922,-0.0246778925378888
240,28.7434539794922,-0.0152143328263544
241.25,28.7434539794922,-0.00925214637968238
242.5,28.7434539794922,-0.00847716860123047
243.75,28.7434539794922,-0.00675413690010431
245,28.7434539794922,-0.00212470686703582
246.25,28.7434539794922,0.00328875639967141
160,29.6858673095703,0.0199049661922117
161.25,29.6858673095703,0.0142323192444489
162.5,29.6858673095703,0.0091861368818564
163.75,29.6858673095703,0.00539848944125822
165,29.6858673095703,0.00223268335218781
166.25,29.6858673095703,-0.000152467310580134
167.5,29.6858673095703,-0.00181772160415364
168.75,29.6858673095703,-0.00399936982095439
170,29.6858673095703,-0.00678665910642476
171.25,29.6858673095703,-0.0103854107431608
172.5,29.6858673095703,-0.0141593672548068
173.75,29.6858673095703,-0.0172104787341039
175,29.6858673095703,-0.0192733258730905
176.25,29.6858673095703,-0.0209715535936131
177.5,29.6858673095703,-0.0217662445297842
178.75,29.6858673095703,-0.0211175373818961
180,29.6858673095703,-0.020058163119291
181.25,29.6858673095703,-0.0201172121168224
182.5,29.6858673095703,-0.0206636602238029
183.75,29.6858673095703,-0.0209313375837087
185,29.6858673095703,-0.0209832297551129
186.25,29.6858673095703,-0.0208727314970193
187.5,29.6858673095703,-0.0204228386307235
188.75,29.6858673095703,-0.0191548874521987
190,29.6858673095703,-0.0168368337821764
191.25,29.6858673095703,-0.0139745137305516
192.5,29.6858673095703,-0.0114444312799242
193.75,29.6858673095703,-0.00866608398882153
195,29.6858673095703,-0.00582801738115055
196.25,29.6858673095703,-0.00322514868423085
197.5,29.6858673095703,-0.000701106201247873
198.75,29.6858673095703,0.00227705004497147
200,29.6858673095703,0.00461680098349049
201.25,29.6858673095703,0.00551585251780353
202.5,29.6858673095703,0.0065386930609353
203.75,29.6858673095703,0.00743393722080958
205,29.6858673095703,0.0075679914319845
206.25,29.6858673095703,0.00651444865029417
207.5,29.6858673095703,0.00416745826048868
208.75,29.6858673095703,4.08903390125653e-06
210,29.6858673095703,-0.00493757693175095
211.25,29.6858673095703,-0.00945452031350285
212.5,29.6858673095703,-0.0129459815217585
213.75,29.6858673095703,-0.0158338883042787
215,29.6858673095703,-0.0187329783689601
216.25,29.6858673095703,-0.0215318967592399
217.5,29.6858673095703,-0.0253899118933847
218.75,29.6858673095703,-0.0295809642601397
220,29.6858673095703,-0.0336918829956062
221.25,29.6858673095703,-0.0362161743923563
222.5,29.6858673095703,-0.0362969499749475
223.75,29.6858673095703,-0.0351230823530055
225,29.6858673095703,-0.0343060411068408
226.25,29.6858673095703,-0.0340885741977879
227.5,29.6858673095703,-0.0345043704972406
228.75,29.6858673095703,-0.0358859574703391
230,29.6858673095703,-0.0370749095250242
231.25,29.6858673095703,-0.037989501816295
232.5,29.6858673095703,-0.0387302457900258
233.75,29.6858673095703,-0.0383436097298955
235,29.6858673095703,-0.0373840333125705
236.25,29.6858673095703,-0.0359034251928599
237.5,29.6858673095703,-0.0319898682031916
238.75,29.6858673095703,-0.0246354353152716
240,29.6858673095703,-0.0152641077815767
241.25,29.6858673095703,-0.0107207353775796
242.5,29.6858673095703,-0.0102507134886126
243.75,29.6858673095703,-0.00818981604035783
245,29.6858673095703,-0.00573399095802744
160,30.6282730102539,0.0138526816966937
161.25,30.6282730102539,0.00695061084516681
162.5,30.6282730102539,0.00209064959751245
163.75,30.6282730102539,0.000785229221559274
165,30.6282730102539,0.000153289902719415
166.25,30.6282730102539,-0.000792653729087649
167.5,30.6282730102539,-0.000680797264915542
168.75,30.6282730102539,-0.00101966229508743
170,30.6282730102539,-0.00337364359634324
171.25,30.6282730102539,-0.00781423200533683
172.5,30.6282730102539,-0.0122861153970458
173.75,30.6282730102539,-0.0150260280968808
175,30.6282730102539,-0.0160394323258425
176.25,30.6282730102539,-0.0170307675204903
177.5,30.6282730102539,-0.0182964740213582
178.75,30.6282730102539,-0.0188407352716136
180,30.6282730102539,-0.0183182144182495
181.25,30.6282730102539,-0.0180904214172015
182.5,30.6282730102539,-0.0187328621986755
183.75,30.6282730102539,-0.0191113669569004
185,30.6282730102539,-0.0187655437785747
186.25,30.6282730102539,-0.0181361831235788
187.5,30.6282730102539,-0.0177518733042711
188.75,30.6282730102539,-0.0170178927813584
190,30.6282730102539,-0.0155205768287766
191.25,30.6282730102539,-0.0133357192947113
192.5,30.6282730102539,-0.0111832915414239
193.75,30.6282730102539,-0.00908633619409701
195,30.6282730102539,-0.00721248212640597
196.25,30.6282730102539,-0.00519589541675493
197.5,30.6282730102539,-0.00240940956269929
198.75,30.6282730102539,0.000921962231464528
200,30.6282730102539,0.00311448817458672
201.25,30.6282730102539,0.00375361367789544
202.5,30.6282730102539,0.00473730900127353
203.75,30.6282730102539,0.00541605892416797
205,30.6282730102539,0.00482061143572774
206.25,30.6282730102539,0.0031835263631154
207.5,30.6282730102539,0.00152454903197846
208.75,30.6282730102539,-0.00113243659523874
210,30.6282730102539,-0.00564918312422531
211.25,30.6282730102539,-0.0113880968083999
212.5,30.6282730102539,-0.0167894868369514
213.75,30.6282730102539,-0.0205253265826837
215,30.6282730102539,-0.0231753504161375
216.25,30.6282730102539,-0.0252569065604385
217.5,30.6282730102539,-0.0279151277541123
218.75,30.6282730102539,-0.0315376142843082
220,30.6282730102539,-0.0358175882985151
221.25,30.6282730102539,-0.0392225299685446
222.5,30.6282730102539,-0.0400903605757974
223.75,30.6282730102539,-0.0389945409063414
225,30.6282730102539,-0.0374935994331165
226.25,30.6282730102539,-0.0363791994401825
227.5,30.6282730102539,-0.0361735325790016
228.75,30.6282730102539,-0.037031276774793
230,30.6282730102539,-0.0376374875808971
231.25,30.6282730102539,-0.0382766825267398
232.5,30.6282730102539,-0.0389473889072305
233.75,30.6282730102539,-0.0383327091272888
235,30.6282730102539,-0.0364736190983649
236.25,30.6282730102539,-0.0339686093571612
237.5,30.6282730102539,-0.0291605410714489
238.75,30.6282730102539,-0.0219011218777683
240,30.6282730102539,-0.0147786618464751
241.25,30.6282730102539,-0.0121681186030707
242.5,30.6282730102539,-0.0115228249297852
243.75,30.6282730102539,-0.0104653816009852
160,31.5706787109375,0.00915721286722561
161.25,31.5706787109375,0.00175654215621295
162.5,31.5706787109375,-0.00376494495845967
163.75,31.5706787109375,-0.00454195116147765
165,31.5706787109375,-0.00364697294921434
166.25,31.5706787109375,-0.00390056171508603
167.5,31.5706787109375,-0.00370046298183141
168.75,31.5706787109375,-0.00241903712021239
170,31.5706787109375,-0.00269260978707197
171.25,31.5706787109375,-0.00639908360503921
172.5,31.5706787109375,-0.0102114687901594
173.75,31.5706787109375,-0.0121574278245965
175,31.5706787109375,-0.0127784325163342
176.25,31.5706787109375,-0.0136311841018971
177.5,31.5706787109375,-0.0147160365551436
178.75,31.5706787109375,-0.0149537337320037
180,31.5706787109375,-0.014161021239499
181.25,31.5706787109375,-0.0138075121484245
182.5,31.5706787109375,-0.0145624322038248
183.75,31.5706787109375,-0.0151802593111596
185,31.5706787109375,-0.014661305822461
186.25,31.5706787109375,-0.0132082330090324
187.5,31.5706787109375,-0.0124282718656403
188.75,31.5706787109375,-0.0124393525599869
190,31.5706787109375,-0.0119717523182569
191.25,31.5706787109375,-0.0106095714381545
192.5,31.5706787109375,-0.00907142471875723
193.75,31.5706787109375,-0.00808586764431192
195,31.5706787109375,-0.00748471803877356
196.25,31.5706787109375,-0.00629953997199831
197.5,31.5706787109375,-0.00369846904713805
198.75,31.5706787109375,-0.000416226880008366
200,31.5706787109375,0.00181145393004167
201.25,31.5706787109375,0.00276338987592461
202.5,31.5706787109375,0.00405822131701749
203.75,31.5706787109375,0.00507956113855112
205,31.5706787109375,0.00490743475865484
206.25,31.5706787109375,0.00369420811554734
207.5,31.5706787109375,0.002487886296285
208.75,31.5706787109375,0.000457706932507525
210,31.5706787109375,-0.00303478683896661
211.25,31.5706787109375,-0.0092459250386711
212.5,31.5706787109375,-0.0167279354907344
213.75,31.5706787109375,-0.0225672808270092
215,31.5706787109375,-0.0260958383636753
216.25,31.5706787109375,-0.0282100565542107
217.5,31.5706787109375,-0.0303157697004187
218.75,31.5706787109375,-0.0340709775723435
220,31.5706787109375,-0.0385627212270579
221.25,31.5706787109375,-0.0418994626718787
222.5,31.5706787109375,-0.0432286849676696
223.75,31.5706787109375,-0.0432092303936309
225,31.5706787109375,-0.0421686875440552
226.25,31.5706787109375,-0.0406263394164289
227.5,31.5706787109375,-0.0394458622319898
228.75,31.5706787109375,-0.0391261274013984
230,31.5706787109375,-0.0388197218011314
231.25,31.5706787109375,-0.0389289752520971
232.5,31.5706787109375,-0.0396839698728392
233.75,31.5706787109375,-0.0391873946988663
235,31.5706787109375,-0.0362438070042619
236.25,31.5706787109375,-0.0316259327123252
237.5,31.5706787109375,-0.0251742293717348
238.75,31.5706787109375,-0.0183086666164186
240,31.5706787109375,-0.0139160404975356
241.25,31.5706787109375,-0.0133221220291427
242.5,31.5706787109375,-0.0129109416513229
243.75,31.5706787109375,-0.0109062117903099
160,32.5130920410156,0.0159595889789976
161.25,32.5130920410156,0.00502516409424464
162.5,32.5130920410156,-0.00191663220805539
163.75,32.5130920410156,-0.00407150619578848
165,32.5130920410156,-0.00378250383966093
166.25,32.5130920410156,-0.00415474591688243
167.5,32.5130920410156,-0.00498685452441007
168.75,32.5130920410156,-0.00468117696316649
170,32.5130920410156,-0.00444764338096306
171.25,32.5130920410156,-0.00683964795711951
172.5,32.5130920410156,-0.0092564556717805
173.75,32.5130920410156,-0.0101797375280928
175,32.5130920410156,-0.0106530271252196
176.25,32.5130920410156,-0.0113118297470508
177.5,32.5130920410156,-0.0117123707597953
178.75,32.5130920410156,-0.0107745674543066
180,32.5130920410156,-0.0092468352038639
181.25,32.5130920410156,-0.00860081421547338
182.5,32.5130920410156,-0.00953552620500305
183.75,32.5130920410156,-0.0103693540065629
185,32.5130920410156,-0.00930613663753077
186.25,32.5130920410156,-0.00748184373382495
187.5,32.5130920410156,-0.00720719861533143
188.75,32.5130920410156,-0.00798276871735519
190,32.5130920410156,-0.00810115565917808
191.25,32.5130920410156,-0.00700484887354897
192.5,32.5130920410156,-0.00571313027153831
193.75,32.5130920410156,-0.00543343373120234
195,32.5130920410156,-0.00599120334982309
196.25,32.5130920410156,-0.00592000750165304
197.5,32.5130920410156,-0.00434268535341287
198.75,32.5130920410156,-0.00193037565688267
200,32.5130920410156,8.50645667543771e-05
201.25,32.5130920410156,0.00158339554347465
202.5,32.5130920410156,0.00329310537649097
203.75,32.5130920410156,0.00464853332194615
205,32.5130920410156,0.00529916342422551
206.25,32.5130920410156,0.00527904280529421
207.5,32.5130920410156,0.00482731516168384
208.75,32.5130920410156,0.003340479388314
210,32.5130920410156,0.000699526167575021
211.25,32.5130920410156,-0.00467018020370292
212.5,32.5130920410156,-0.0125893267749743
213.75,32.5130920410156,-0.0205958218441077
215,32.5130920410156,-0.0259057128632171
216.25,32.5130920410156,-0.0284472280208546
217.5,32.5130920410156,-0.0306175112646683
218.75,32.5130920410156,-0.0347131499474022
220,32.5130920410156,-0.0398836057387435
221.25,32.5130920410156,-0.0437020333485888
222.5,32.5130920410156,-0.0449329088159397
223.75,32.5130920410156,-0.0453962880214451
225,32.5130920410156,-0.0454229903851825
226.25,32.5130920410156,-0.0447909134401997
227.5,32.5130920410156,-0.043983448512825
228.75,32.5130920410156,-0.0428543887005074
230,32.5130920410156,-0.0415478514917719
231.25,32.5130920410156,-0.040842694147904
232.5,32.5130920410156,-0.0408370776936402
233.75,32.5130920410156,-0.0398898697891665
235,32.5130920410156,-0.0357348524560135
236.25,32.5130920410156,-0.0288041470027046
237.5,32.5130920410156,-0.0211446580099637
238.75,32.5130920410156,-0.0152616520035127
240,32.5130920410156,-0.0135580630835847
241.25,32.5130920410156,-0.0145134510331061
242.5,32.5130920410156,-0.0144259910705424
160,33.4554977416992,0.032378671630525
161.25,33.4554977416992,0.0213981682615799
162.5,33.4554977416992,0.00746722415032583
163.75,33.4554977416992,-0.0009057319731146
165,33.4554977416992,-0.00266537469372015
166.25,33.4554977416992,-0.00232870428161645
167.5,33.4554977416992,-0.00221840627609111
168.75,33.4554977416992,-0.00253329843419136
170,33.4554977416992,-0.00341937503842544
171.25,33.4554977416992,-0.00623048559124506
172.5,33.4554977416992,-0.00887916945188352
173.75,33.4554977416992,-0.00997089969680386
175,33.4554977416992,-0.0100578533231116
176.25,33.4554977416992,-0.00990259286911159
177.5,33.4554977416992,-0.0090694973997895
178.75,33.4554977416992,-0.00687285111267921
180,33.4554977416992,-0.0044336803427288
181.25,33.4554977416992,-0.00309532563670291
182.5,33.4554977416992,-0.00336358477003368
183.75,33.4554977416992,-0.00401195252028856
185,33.4554977416992,-0.00234052944793384
186.25,33.4554977416992,-0.000562454475669047
187.5,33.4554977416992,-0.00112624902475616
188.75,33.4554977416992,-0.00279040922699133
190,33.4554977416992,-0.00352649935504133
191.25,33.4554977416992,-0.00279093290704308
192.5,33.4554977416992,-0.00181154273734898
193.75,33.4554977416992,-0.00191814770001156
195,33.4554977416992,-0.00316985798585019
196.25,33.4554977416992,-0.00439153828126962
197.5,33.4554977416992,-0.00437856069549654
198.75,33.4554977416992,-0.00337379956264002
200,33.4554977416992,-0.00194842100329575
201.25,33.4554977416992,-0.00041092749194258
202.5,33.4554977416992,0.00139653667969194
203.75,33.4554977416992,0.0031269303185539
205,33.4554977416992,0.0046854876453815
206.25,33.4554977416992,0.00574615103106871
207.5,33.4554977416992,0.00587365653488192
208.75,33.4554977416992,0.00461616369121413
210,33.4554977416992,0.00233849384087721
211.25,33.4554977416992,-0.00225785895309797
212.5,33.4554977416992,-0.0094685165646392
213.75,33.4554977416992,-0.0176355137161478
215,33.4554977416992,-0.0241051567435789
216.25,33.4554977416992,-0.0274637576685427
217.5,33.4554977416992,-0.0293997150745264
218.75,33.4554977416992,-0.0327679308812046
220,33.4554977416992,-0.0386000901478734
221.25,33.4554977416992,-0.0438464171940832
222.5,33.4554977416992,-0.0456375573776706
223.75,33.4554977416992,-0.0458865004630156
225,33.4554977416992,-0.0462638750360256
226.25,33.4554977416992,-0.0466279733303762
227.5,33.4554977416992,-0.0465134253267661
228.75,33.4554977416992,-0.0458183823631608
230,33.4554977416992,-0.0448280084205628
231.25,33.4554977416992,-0.0438747577002409
232.5,33.4554977416992,-0.042675395468598
233.75,33.4554977416992,-0.0403663284432211
235,33.4554977416992,-0.0345656100874715
236.25,33.4554977416992,-0.0258938054190381
237.5,33.4554977416992,-0.017985384603321
238.75,33.4554977416992,-0.0140699208513033
240,33.4554977416992,-0.0151080634043182
241.25,33.4554977416992,-0.0170005428972276
242.5,33.4554977416992,-0.0162757168586395
160,34.3979034423828,0.03576830407878
161.25,34.3979034423828,0.0354327359242722
162.5,34.3979034423828,0.0255585672014379
163.75,34.3979034423828,0.012026518560406
165,34.3979034423828,0.00214358594835306
166.25,34.3979034423828,-0.0014288840225783
167.5,34.3979034423828,-0.00183244014869586
168.75,34.3979034423828,-0.00251066762014992
170,34.3979034423828,-0.00438719794138212
171.25,34.3979034423828,-0.006939140121146
172.5,34.3979034423828,-0.00892179745394628
173.75,34.3979034423828,-0.00981525465730963
175,34.3979034423828,-0.0095119375207492
176.25,34.3979034423828,-0.00866143862788467
177.5,34.3979034423828,-0.00683461171365606
178.75,34.3979034423828,-0.00367151814138338
180,34.3979034423828,-0.00035586804418936
181.25,34.3979034423828,0.00185582109457484
182.5,34.3979034423828,0.00244809333783729
183.75,34.3979034423828,0.00245134536462336
185,34.3979034423828,0.00412182277736969
186.25,34.3979034423828,0.00625764499298003
187.5,34.3979034423828,0.00596303923132696
188.75,34.3979034423828,0.00406476806164392
190,34.3979034423828,0.00291967051859059
191.25,34.3979034423828,0.00298837241189808
192.5,34.3979034423828,0.00294409697574029
193.75,34.3979034423828,0.0019780412022416
195,34.3979034423828,-5.21753893503847e-05
196.25,34.3979034423828,-0.00283750332436803
197.5,34.3979034423828,-0.00461624491551813
198.75,34.3979034423828,-0.00494211208978467
200,34.3979034423828,-0.00418409423943307
201.25,34.3979034423828,-0.0029719008622308
202.5,34.3979034423828,-0.00143101982751029
203.75,34.3979034423828,0.000240851409639951
205,34.3979034423828,0.00207616221970079
206.25,34.3979034423828,0.00369263026861205
207.5,34.3979034423828,0.00468691018742041
208.75,34.3979034423828,0.00375851880588163
210,34.3979034423828,0.00134864823313602
211.25,34.3979034423828,-0.00279714547258421
212.5,34.3979034423828,-0.0088489951179307
213.75,34.3979034423828,-0.0156380969079104
215,34.3979034423828,-0.0217659434073657
216.25,34.3979034423828,-0.0258913628265882
217.5,34.3979034423828,-0.0280548708667256
218.75,34.3979034423828,-0.0304388163169106
220,34.3979034423828,-0.0357581200462246
221.25,34.3979034423828,-0.0414249203179178
222.5,34.3979034423828,-0.0441522135304931
223.75,34.3979034423828,-0.0446017764015024
225,34.3979034423828,-0.0450404320293601
226.25,34.3979034423828,-0.0456626266420257
227.5,34.3979034423828,-0.045760829733696
228.75,34.3979034423828,-0.0454245759571134
230,34.3979034423828,-0.0456130963148442
231.25,34.3979034423828,-0.0455468737630249
232.5,34.3979034423828,-0.0437608974809892
233.75,34.3979034423828,-0.0400334058257693
235,34.3979034423828,-0.0331179342574345
236.25,34.3979034423828,-0.0240611691562665
237.5,34.3979034423828,-0.0165086089135463
238.75,34.3979034423828,-0.0133436758417463
240,34.3979034423828,-0.0146405540508917
241.25,34.3979034423828,-0.0176125782035658
160,35.3403167724609,0.0340968202830328
161.25,35.3403167724609,0.036716369902664
162.5,35.3403167724609,0.0340350260338761
163.75,35.3403167724609,0.0256464879573684
165,35.3403167724609,0.0152004293883922
166.25,35.3403167724609,0.00486528203601301
167.5,35.3403167724609,-0.00168743959123875
168.75,35.3403167724609,-0.00534177646042836
170,35.3403167724609,-0.00862684445988776
171.25,35.3403167724609,-0.0103851727458842
172.5,35.3403167724609,-0.0102226586485027
173.75,35.3403167724609,-0.00997970656262153
175,35.3403167724609,-0.00953509188461501
176.25,35.3403167724609,-0.00856555254687487
177.5,35.3403167724609,-0.00621511010597482
178.75,35.3403167724609,-0.00167778093773356
180,35.3403167724609,0.00353028580006694
181.25,35.3403167724609,0.00774347105624151
182.5,35.3403167724609,0.00971678972118425
183.75,35.3403167724609,0.0102896929341328
185,35.3403167724609,0.0110345791877346
186.25,35.3403167724609,0.0128752892761822
187.5,35.3403167724609,0.0128645535843645
188.75,35.3403167724609,0.010754437861243
190,35.3403167724609,0.00895755211427123
191.25,35.3403167724609,0.00792741342993052
192.5,35.3403167724609,0.00653114869752457
193.75,35.3403167724609,0.00441243199145613
195,35.3403167724609,0.00163574259992501
196.25,35.3403167724609,-0.00212750654079853
197.5,35.3403167724609,-0.00533208504697385
198.75,35.3403167724609,-0.00692662528804535
200,35.3403167724609,-0.00690758980320315
201.25,35.3403167724609,-0.00598455807471823
202.5,35.3403167724609,-0.0045604780663834
203.75,35.3403167724609,-0.00287707286061775
205,35.3403167724609,-0.00114708138066189
206.25,35.3403167724609,0.000517102811549801
207.5,35.3403167724609,0.00181112388223932
208.75,35.3403167724609,0.00158630258686512
210,35.3403167724609,-0.00086177812477095
211.25,35.3403167724609,-0.00523408972818872
212.5,35.3403167724609,-0.0103802078347328
213.75,35.3403167724609,-0.014965950747451
215,35.3403167724609,-0.0193270004015435
216.25,35.3403167724609,-0.0233095798731163
217.5,35.3403167724609,-0.0259111718738323
218.75,35.3403167724609,-0.0280824168496187
220,35.3403167724609,-0.0326882052777793
221.25,35.3403167724609,-0.0381434548791363
222.5,35.3403167724609,-0.041257603505985
223.75,35.3403167724609,-0.0419338947754137
225,35.3403167724609,-0.0423004337446881
226.25,35.3403167724609,-0.0427835063998431
227.5,35.3403167724609,-0.0426829992075806
228.75,35.3403167724609,-0.0425556922613848
230,35.3403167724609,-0.0436987544535284
231.25,35.3403167724609,-0.0443394034777113
232.5,35.3403167724609,-0.0426530383598771
233.75,35.3403167724609,-0.0380842712165908
235,35.3403167724609,-0.031153250879214
236.25,35.3403167724609,-0.0223495659685857
237.5,35.3403167724609,-0.0154117020055035
238.75,35.3403167724609,-0.0126660217601796
240,35.3403167724609,-0.0119151764381955
160,36.2827224731445,0.0338815521568293
161.25,36.2827224731445,0.0343042927949581
162.5,36.2827224731445,0.0333998704213071
163.75,36.2827224731445,0.0317653222623485
165,36.2827224731445,0.0281737335949394
166.25,36.2827224731445,0.0185724473008797
167.5,36.2827224731445,0.00389541465124657
168.75,36.2827224731445,-0.00669139640731927
170,36.2827224731445,-0.0122687801908177
171.25,36.2827224731445,-0.0140861765578264
172.5,36.2827224731445,-0.0132624304825144
173.75,36.2827224731445,-0.0119617051583293
175,36.2827224731445,-0.0104907696264025
176.25,36.2827224731445,-0.00907058451676083
177.5,36.2827224731445,-0.00691983516935097
178.75,36.2827224731445,-0.00213494040479533
180,36.2827224731445,0.00446832956653963
181.25,36.2827224731445,0.0108211885979785
182.5,36.2827224731445,0.015120895687315
183.75,36.2827224731445,0.0169781127919965
185,36.2827224731445,0.0178310740839586
186.25,36.2827224731445,0.0195523772442795
187.5,36.2827224731445,0.0197695031843241
188.75,36.2827224731445,0.0170680305859182
190,36.2827224731445,0.0141802706202128
191.25,36.2827224731445,0.0119151022181945
192.5,36.2827224731445,0.00882626282050405
193.75,36.2827224731445,0.00529169872219897
195,36.2827224731445,0.00184113717679671
196.25,36.2827224731445,-0.00210125074283033
197.5,36.2827224731445,-0.00615776010895552
198.75,36.2827224731445,-0.00865897798549176
200,36.2827224731445,-0.00943617586690655
201.25,36.2827224731445,-0.0088737875831911
202.5,36.2827224731445,-0.00740910595579845
203.75,36.2827224731445,-0.00561808928312137
205,36.2827224731445,-0.00416656379959002
206.25,36.2827224731445,-0.00279149381163474
207.5,36.2827224731445,-0.00155416311625769
208.75,36.2827224731445,-0.00145342892460019
210,36.2827224731445,-0.00375720604389456
211.25,36.2827224731445,-0.00761323387656987
212.5,36.2827224731445,-0.0115046924600558
213.75,36.2827224731445,-0.0140827246024516
215,36.2827224731445,-0.0165080579707871
216.25,36.2827224731445,-0.0192793172645159
217.5,36.2827224731445,-0.0218252419653713
218.75,36.2827224731445,-0.0247722058097825
220,36.2827224731445,-0.0294207647532762
221.25,36.2827224731445,-0.0349023270975584
222.5,36.2827224731445,-0.0377482100905013
223.75,36.2827224731445,-0.0382637109398453
225,36.2827224731445,-0.0381853387844008
226.25,36.2827224731445,-0.0382987871495568
227.5,36.2827224731445,-0.0380472316829843
228.75,36.2827224731445,-0.038200429351559
230,36.2827224731445,-0.0398308244327222
231.25,36.2827224731445,-0.0403514248347199
232.5,36.2827224731445,-0.0386219091176629
233.75,36.2827224731445,-0.0339583676703348
235,36.2827224731445,-0.0271753910140028
236.25,36.2827224731445,-0.0190237420372327
237.5,36.2827224731445,-0.0136292150390495
238.75,36.2827224731445,-0.0122817985517049
160,37.2251281738281,0.0348445133455222
161.25,37.2251281738281,0.0331622861774989
162.5,37.2251281738281,0.0298111600546516
163.75,37.2251281738281,0.0281372925178263
165,37.2251281738281,0.0275767895691713
166.25,37.2251281738281,0.0225355397139514
167.5,37.2251281738281,0.00918551127800609
168.75,37.2251281738281,-0.0042726501088124
170,37.2251281738281,-0.0121553603161011
171.25,37.2251281738281,-0.0153012287112671
172.5,37.2251281738281,-0.0168235501339782
173.75,37.2251281738281,-0.0171485468031253
175,37.2251281738281,-0.0156127638040218
176.25,37.2251281738281,-0.0129541250705389
177.5,37.2251281738281,-0.00994515652891508
178.75,37.2251281738281,-0.00459740895021316
180,37.2251281738281,0.0034133892111804
181.25,37.2251281738281,0.0114007957897125
182.5,37.2251281738281,0.0171529235799976
183.75,37.2251281738281,0.0202011310675069
185,37.2251281738281,0.0218545659641517
186.25,37.2251281738281,0.0235695438718526
187.5,37.2251281738281,0.0232990741051658
188.75,37.2251281738281,0.0205427946697906
190,37.2251281738281,0.0175814739656677
191.25,37.2251281738281,0.014662176465053
192.5,37.2251281738281,0.0103916251170143
193.75,37.2251281738281,0.00552094758200553
195,37.2251281738281,0.00142817459829164
196.25,37.2251281738281,-0.00235418287851611
197.5,37.2251281738281,-0.00666384646779168
198.75,37.2251281738281,-0.00995685207906098
200,37.2251281738281,-0.0115615484325229
201.25,37.2251281738281,-0.0113814750998519
202.5,37.2251281738281,-0.00990359229050808
203.75,37.2251281738281,-0.00809556460404659
205,37.2251281738281,-0.00673032325884504
206.25,37.2251281738281,-0.00565334188658245
207.5,37.2251281738281,-0.00511075130310448
208.75,37.2251281738281,-0.00580300318883683
210,37.2251281738281,-0.00745140516149932
211.25,37.2251281738281,-0.00971646706608327
212.5,37.2251281738281,-0.0118551102627613
213.75,37.2251281738281,-0.0129168997318112
215,37.2251281738281,-0.0141820007945724
216.25,37.2251281738281,-0.0164456318198561
217.5,37.2251281738281,-0.0193156025889826
218.75,37.2251281738281,-0.022911146361091
220,37.2251281738281,-0.0276151654331337
221.25,37.2251281738281,-0.0317894537313682
222.5,37.2251281738281,-0.0337889415422432
223.75,37.2251281738281,-0.0333109134633989
225,37.2251281738281,-0.0321758611332678
226.25,37.2251281738281,-0.0321191677765744
227.5,37.2251281738281,-0.0322078545888982
228.75,37.2251281738281,-0.0317606140253701
230,37.2251281738281,-0.0329071503044083
231.25,37.2251281738281,-0.0337665525911306
232.5,37.2251281738281,-0.0322843378308638
233.75,37.2251281738281,-0.0285590363368705
235,37.2251281738281,-0.0221957048184607
236.25,37.2251281738281,-0.0153221543648791
237.5,37.2251281738281,-0.0118654676706424
238.75,37.2251281738281,-0.0117194195748542
160,38.1675415039062,0.0288017920091393
161.25,38.1675415039062,0.0277712461456254
162.5,38.1675415039062,0.0241605594486852
163.75,38.1675415039062,0.0219101238194081
165,38.1675415039062,0.0228371449880125
166.25,38.1675415039062,0.0212565569698908
167.5,38.1675415039062,0.0126745738210437
168.75,38.1675415039062,0.000785024128394639
170,38.1675415039062,-0.00831671259060223
171.25,38.1675415039062,-0.0137009180465213
172.5,38.1675415039062,-0.0184896773358094
173.75,38.1675415039062,-0.0218075608565986
175,38.1675415039062,-0.0220804872394415
176.25,38.1675415039062,-0.0192924004409464
177.5,38.1675415039062,-0.0143545048967858
178.75,38.1675415039062,-0.00699274631690775
180,38.1675415039062,0.00221898040940195
181.25,38.1675415039062,0.0107633661857967
182.5,38.1675415039062,0.0170491445116766
183.75,38.1675415039062,0.0209579901564686
185,38.1675415039062,0.0234441267249909
186.25,38.1675415039062,0.0252449065041633
187.5,38.1675415039062,0.0245197727758184
188.75,38.1675415039062,0.0218824879588711
190,38.1675415039062,0.0195619555978892
191.25,38.1675415039062,0.0167083335998754
192.5,38.1675415039062,0.0118031952892425
193.75,38.1675415039062,0.0061789218594774
195,38.1675415039062,0.00145573798927784
196.25,38.1675415039062,-0.00259816605265946
197.5,38.1675415039062,-0.00666145100441771
198.75,38.1675415039062,-0.0105700495923809
200,38.1675415039062,-0.0128218757482604
201.25,38.1675415039062,-0.0132811963204054
202.5,38.1675415039062,-0.0121922212880292
203.75,38.1675415039062,-0.0104907203749453
205,38.1675415039062,-0.00914300305699589
206.25,38.1675415039062,-0.0084406797425818
207.5,38.1675415039062,-0.00866277070427139
208.75,38.1675415039062,-0.0101065532417208
210,38.1675415039062,-0.0115765004619084
211.25,38.1675415039062,-0.0120798276729821
212.5,38.1675415039062,-0.0123168991571143
213.75,38.1675415039062,-0.0124884089242912
215,38.1675415039062,-0.0135392777553942
216.25,38.1675415039062,-0.0159725328854462
217.5,38.1675415039062,-0.0191105245367452
218.75,38.1675415039062,-0.0230111792234298
220,38.1675415039062,-0.0275006407925406
221.25,38.1675415039062,-0.0304363902769256
222.5,38.1675415039062,-0.0305570028583428
223.75,38.1675415039062,-0.0280133985040121
225,38.1675415039062,-0.0248712566585335
226.25,38.1675415039062,-0.0240800555154136
227.5,38.1675415039062,-0.0250499850273177
228.75,38.1675415039062,-0.024453308537912
230,38.1675415039062,-0.0251450452934946
231.25,38.1675415039062,-0.0262870216424123
232.5,38.1675415039062,-0.0249263077353115
233.75,38.1675415039062,-0.02305755935327
235,38.1675415039062,-0.0190170554708107
236.25,38.1675415039062,-0.0148741563533158
237.5,38.1675415039062,-0.0105533747271534
160,39.1099548339844,0.0207455980958429
161.25,39.1099548339844,0.019137196876792
162.5,39.1099548339844,0.0178680251541143
163.75,39.1099548339844,0.0191544058600514
165,39.1099548339844,0.0225943382419245
166.25,39.1099548339844,0.022383233113974
167.5,39.1099548339844,0.017295072540742
168.75,39.1099548339844,0.00892522855637968
170,39.1099548339844,0.000666694314910959
171.25,39.1099548339844,-0.00647693753899132
172.5,39.1099548339844,-0.0141154059084148
173.75,39.1099548339844,-0.0202231301140364
175,39.1099548339844,-0.022388101580153
176.25,39.1099548339844,-0.0201485502488219
177.5,39.1099548339844,-0.0139192126386208
178.75,39.1099548339844,-0.00552798842582789
180,39.1099548339844,0.00317702686161242
181.25,39.1099548339844,0.0106788521952038
182.5,39.1099548339844,0.0166232242700144
183.75,39.1099548339844,0.0210129167468014
185,39.1099548339844,0.0237065420844016
186.25,39.1099548339844,0.0250259806456613
187.5,39.1099548339844,0.0246751076823777
188.75,39.1099548339844,0.0231429341437808
190,39.1099548339844,0.021629849910126
191.25,39.1099548339844,0.0188281218609511
192.5,39.1099548339844,0.0135964502004142
193.75,39.1099548339844,0.00778906979941734
195,39.1099548339844,0.00264109940686161
196.25,39.1099548339844,-0.0018439199455336
197.5,39.1099548339844,-0.00599962943498805
198.75,39.1099548339844,-0.0102052344169797
200,39.1099548339844,-0.013078651015901
201.25,39.1099548339844,-0.0142043931164456
202.5,39.1099548339844,-0.0137758523818347
203.75,39.1099548339844,-0.0125440554973337
205,39.1099548339844,-0.0117421622680752
206.25,39.1099548339844,-0.0118540909224855
207.5,39.1099548339844,-0.0128624728364173
208.75,39.1099548339844,-0.0145949446251805
210,39.1099548339844,-0.0156232493746869
211.25,39.1099548339844,-0.0148011341061062
212.5,39.1099548339844,-0.0136639210096603
213.75,39.1099548339844,-0.0134014994315776
215,39.1099548339844,-0.0146778574026688
216.25,39.1099548339844,-0.0172889079053313
217.5,39.1099548339844,-0.0199400309855551
218.75,39.1099548339844,-0.0235095904268965
220,39.1099548339844,-0.0277683874587232
221.25,39.1099548339844,-0.0299848460957499
222.5,39.1099548339844,-0.028876005893248
223.75,39.1099548339844,-0.0242063444621419
225,39.1099548339844,-0.0184043495244364
226.25,39.1099548339844,-0.0155654418803448
227.5,39.1099548339844,-0.0167937932612513
228.75,39.1099548339844,-0.0169530057703278
230,39.1099548339844,-0.0172256513714033
231.25,39.1099548339844,-0.0196298494301571
232.5,39.1099548339844,-0.0198961810753727
233.75,39.1099548339844,-0.019453613549614
235,39.1099548339844,-0.0179348005434165
236.25,39.1099548339844,-0.0157004709507589
160,40.0523529052734,0.0203371566220344
161.25,40.0523529052734,0.0186174503153818
162.5,40.0523529052734,0.0187979672178717
163.75,40.0523529052734,0.0226890340837648
165,40.0523529052734,0.0273332704162466
166.25,40.0523529052734,0.0270867747661682
167.5,40.0523529052734,0.023168010959432
168.75,40.0523529052734,0.0174321763191182
170,40.0523529052734,0.0114392245024289
171.25,40.0523529052734,0.00530163253209563
172.5,40.0523529052734,-0.00219817591285812
173.75,40.0523529052734,-0.00797802311439048
175,40.0523529052734,-0.0103544977394608
176.25,40.0523529052734,-0.0103604709283028
177.5,40.0523529052734,-0.00686830342208005
178.75,40.0523529052734,-0.000747073494188609
180,40.0523529052734,0.00577325019595206
181.25,40.0523529052734,0.0119972253093801
182.5,40.0523529052734,0.017385372192518
183.75,40.0523529052734,0.0215318183511433
185,40.0523529052734,0.0241621233363024
186.25,40.0523529052734,0.0255295718635704
187.5,40.0523529052734,0.0260670564174504
188.75,40.0523529052734,0.0256054615944928
190,40.0523529052734,0.0240446537954805
191.25,40.0523529052734,0.0205148750295686
192.5,40.0523529052734,0.01537530299345
193.75,40.0523529052734,0.0100749845316067
195,40.0523529052734,0.00510599466940785
196.25,40.0523529052734,0.000153550282045091
197.5,40.0523529052734,-0.00466379771045137
198.75,40.0523529052734,-0.00926432940094573
200,40.0523529052734,-0.0129699870990489
201.25,40.0523529052734,-0.0143349596023314
202.5,40.0523529052734,-0.0139437637637095
203.75,40.0523529052734,-0.0132597919618575
205,40.0523529052734,-0.0135330485707168
206.25,40.0523529052734,-0.0149864922525205
207.5,40.0523529052734,-0.0172510954189673
208.75,40.0523529052734,-0.0193596662827112
210,40.0523529052734,-0.0196361815841174
211.25,40.0523529052734,-0.0178574728386068
212.5,40.0523529052734,-0.0156603938759338
213.75,40.0523529052734,-0.0150362231736433
215,40.0523529052734,-0.0161390515057305
216.25,40.0523529052734,-0.0182572850750377
217.5,40.0523529052734,-0.0199267485252825
218.75,40.0523529052734,-0.0228040144491389
220,40.0523529052734,-0.0276037696060926
221.25,40.0523529052734,-0.0299063322299033
222.5,40.0523529052734,-0.0278443382665503
223.75,40.0523529052734,-0.0224482173744609
225,40.0523529052734,-0.0153069614399266
226.25,40.0523529052734,-0.0102106154716064
227.5,40.0523529052734,-0.00886537952270649
228.75,40.0523529052734,-0.00925301218680231
230,40.0523529052734,-0.0101784821539423
231.25,40.0523529052734,-0.0143912267885072
232.5,40.0523529052734,-0.0175208994369202
233.75,40.0523529052734,-0.01866626396732
235,40.0523529052734,-0.0186834326035385
236.25,40.0523529052734,-0.0169736169452933
160,40.9947662353516,0.0179566978838928
161.25,40.9947662353516,0.0208546971453764
162.5,40.9947662353516,0.0239217851813553
163.75,40.9947662353516,0.0299186917572527
165,40.9947662353516,0.0346305288244092
166.25,40.9947662353516,0.0339741696986226
167.5,40.9947662353516,0.0299802750855318
168.75,40.9947662353516,0.0251913428920153
170,40.9947662353516,0.0218672483316714
171.25,40.9947662353516,0.0187374469495187
172.5,40.9947662353516,0.0135337641073758
173.75,40.9947662353516,0.00788022368949841
175,40.9947662353516,0.00348666548313909
176.25,40.9947662353516,3.75679747742936e-05
177.5,40.9947662353516,-0.000211749635384588
178.75,40.9947662353516,0.0028744125048797
180,40.9947662353516,0.00728042365484111
181.25,40.9947662353516,0.0127786996578944
182.5,40.9947662353516,0.0181591774681794
183.75,40.9947662353516,0.0224339284559125
185,40.9947662353516,0.0255327265603736
186.25,40.9947662353516,0.0276807197434556
187.5,40.9947662353516,0.0293852479209469
188.75,40.9947662353516,0.0298124783390277
190,40.9947662353516,0.0278477980938202
191.25,40.9947662353516,0.0237732520080368
192.5,40.9947662353516,0.0186514247101036
193.75,40.9947662353516,0.0133559876171431
195,40.9947662353516,0.00801466488829111
196.25,40.9947662353516,0.00196994484691541
197.5,40.9947662353516,-0.00400239151802749
198.75,40.9947662353516,-0.00890900894896435
200,40.9947662353516,-0.0123565811097674
201.25,40.9947662353516,-0.0132658886019449
202.5,40.9947662353516,-0.0125251322578392
203.75,40.9947662353516,-0.0126185298914774
205,40.9947662353516,-0.0140864178652881
206.25,40.9947662353516,-0.0168288494100962
207.5,40.9947662353516,-0.0199861837863704
208.75,40.9947662353516,-0.0223144546188828
210,40.9947662353516,-0.0225572885482666
211.25,40.9947662353516,-0.020622068712337
212.5,40.9947662353516,-0.0181372111737773
213.75,40.9947662353516,-0.0168889854000309
215,40.9947662353516,-0.0173032505807428
216.25,40.9947662353516,-0.0184066207785814
217.5,40.9947662353516,-0.0187635685350435
218.75,40.9947662353516,-0.0205419061689789
220,40.9947662353516,-0.0258478408632208
221.25,40.9947662353516,-0.0290770124218323
222.5,40.9947662353516,-0.0270171493903097
223.75,40.9947662353516,-0.0218257342353141
225,40.9947662353516,-0.015091910196818
226.25,40.9947662353516,-0.00866064016680763
227.5,40.9947662353516,-0.00456267902047472
228.75,40.9947662353516,-0.00307411536349658
230,40.9947662353516,-0.00438629207036431
231.25,40.9947662353516,-0.0104691715460683
232.5,40.9947662353516,-0.0162206784957456
233.75,40.9947662353516,-0.0183943827632146
235,40.9947662353516,-0.0195610417762259
236.25,40.9947662353516,-0.0198710620161135
160,41.9371795654297,0.00828707533080495
161.25,41.9371795654297,0.0187375196288361
162.5,41.9371795654297,0.0270432366332949
163.75,41.9371795654297,0.0332954090374608
165,41.9371795654297,0.0368633602185689
166.25,41.9371795654297,0.0370476477005496
167.5,41.9371795654297,0.0334327228119641
168.75,41.9371795654297,0.0278404964497601
170,41.9371795654297,0.0238438392692654
171.25,41.9371795654297,0.0218412302095864
172.5,41.9371795654297,0.0205021394844706
173.75,41.9371795654297,0.0171846146231141
175,41.9371795654297,0.0122832968247918
176.25,41.9371795654297,0.00804253249996144
177.5,41.9371795654297,0.00651108615445469
178.75,41.9371795654297,0.00708694609604957
180,41.9371795654297,0.00921330514084915
181.25,41.9371795654297,0.0132505980616011
182.5,41.9371795654297,0.0182972622469016
183.75,41.9371795654297,0.022867455414827
185,41.9371795654297,0.0265599775452355
186.25,41.9371795654297,0.0295375652683741
187.5,41.9371795654297,0.0318889869884596
188.75,41.9371795654297,0.0330377667315048
190,41.9371795654297,0.0320202118371144
191.25,41.9371795654297,0.029072401430513
192.5,41.9371795654297,0.0245929125458069
193.75,41.9371795654297,0.0190620226696741
195,41.9371795654297,0.012401071317627
196.25,41.9371795654297,0.00450875888238748
197.5,41.9371795654297,-0.00300386273907823
198.75,41.9371795654297,-0.00842326629273924
200,41.9371795654297,-0.0115150117845667
201.25,41.9371795654297,-0.0119684157384106
202.5,41.9371795654297,-0.0108731158036447
203.75,41.9371795654297,-0.0111510799519784
205,41.9371795654297,-0.0132671137176648
206.25,41.9371795654297,-0.0169144604056084
207.5,41.9371795654297,-0.020716169623083
208.75,41.9371795654297,-0.0232259279410917
210,41.9371795654297,-0.0236331805319871
211.25,41.9371795654297,-0.0219208699933801
212.5,41.9371795654297,-0.0194693020802052
213.75,41.9371795654297,-0.0176440047794329
215,41.9371795654297,-0.0167721164730467
216.25,41.9371795654297,-0.0166885818250768
217.5,41.9371795654297,-0.0162569736897671
218.75,41.9371795654297,-0.0174218988612301
220,41.9371795654297,-0.022703593003138
221.25,41.9371795654297,-0.0267619776122859
222.5,41.9371795654297,-0.0255145791071157
223.75,41.9371795654297,-0.0208690918156994
225,41.9371795654297,-0.0150718422149689
226.25,41.9371795654297,-0.00865477696096708
227.5,41.9371795654297,-0.00246668208049381
228.75,41.9371795654297,0.000641034078857827
230,41.9371795654297,-0.000789267905006484
231.25,41.9371795654297,-0.00821262396424498
232.5,41.9371795654297,-0.0160505895330804
233.75,41.9371795654297,-0.0185941184812156
235,41.9371795654297,-0.0194030680136574
236.25,41.9371795654297,-0.0194266765015552
160,42.8795776367188,-0.000992556465231817
161.25,42.8795776367188,0.0119892832391363
162.5,42.8795776367188,0.0250022243991908
163.75,42.8795776367188,0.0320990046684819
165,42.8795776367188,0.0355192969669071
166.25,42.8795776367188,0.0369230448365554
167.5,42.8795776367188,0.03447316367392
168.75,42.8795776367188,0.0280077597057735
170,42.8795776367188,0.0213569861675039
171.25,42.8795776367188,0.0183819583606679
172.5,42.8795776367188,0.0201220988306886
173.75,42.8795776367188,0.0203429353999282
175,42.8795776367188,0.0175671056899552
176.25,42.8795776367188,0.014501515255666
177.5,42.8795776367188,0.012681959169936
178.75,42.8795776367188,0.0114320050823662
180,42.8795776367188,0.0116992166720214
181.25,42.8795776367188,0.013853460555721
182.5,42.8795776367188,0.0176211487547819
183.75,42.8795776367188,0.0219411773241492
185,42.8795776367188,0.0259125221571926
186.25,42.8795776367188,0.0292934424018457
187.5,42.8795776367188,0.0321360570918244
188.75,42.8795776367188,0.0341497473072534
190,42.8795776367188,0.0346281419984983
191.25,42.8795776367188,0.0331894783200984
192.5,42.8795776367188,0.0295876872121597
193.75,42.8795776367188,0.0238887161819027
195,42.8795776367188,0.0164224272723331
196.25,42.8795776367188,0.00777209667274197
197.5,42.8795776367188,-0.000292938499366237
198.75,42.8795776367188,-0.00605178723531347
200,42.8795776367188,-0.00912527770257985
201.25,42.8795776367188,-0.00974372512460829
202.5,42.8795776367188,-0.00916918248433015
203.75,42.8795776367188,-0.00959305083099273
205,42.8795776367188,-0.0115624873056447
206.25,42.8795776367188,-0.0152138809265874
207.5,42.8795776367188,-0.0194543683974686
208.75,42.8795776367188,-0.0224753183012979
210,42.8795776367188,-0.0231852218780209
211.25,42.8795776367188,-0.0216712947733721
212.5,42.8795776367188,-0.0191501412988644
213.75,42.8795776367188,-0.0165159738677338
215,42.8795776367188,-0.0142231876750241
216.25,42.8795776367188,-0.0127789158236146
217.5,42.8795776367188,-0.0122495414641781
218.75,42.8795776367188,-0.0141049128961137
220,42.8795776367188,-0.0191580425981032
221.25,42.8795776367188,-0.0230007922716102
222.5,42.8795776367188,-0.0222035034445115
223.75,42.8795776367188,-0.018002286879499
225,42.8795776367188,-0.0122194463950506
226.25,42.8795776367188,-0.00577443683763503
227.5,42.8795776367188,0.000404922886456245
228.75,42.8795776367188,0.00399031049363699
230,42.8795776367188,0.00265538618051713
231.25,42.8795776367188,-0.00543250697167435
232.5,42.8795776367188,-0.0146944498458089
233.75,42.8795776367188,-0.0177958362809375
235,42.8795776367188,-0.017385202937831
236.25,42.8795776367188,-0.0170178260184645
160,43.8219909667969,-0.011234771214689
161.25,43.8219909667969,0.00225222267636729
162.5,43.8219909667969,0.0179435146558312
163.75,43.8219909667969,0.0272951351181403
165,43.8219909667969,0.0325420549067165
166.25,43.8219909667969,0.0355368186820622
167.5,43.8219909667969,0.0352933148887776
168.75,43.8219909667969,0.0303325940654107
170,43.8219909667969,0.0221644912319551
171.25,43.8219909667969,0.0172031270617185
172.5,43.8219909667969,0.0187770619937461
173.75,43.8219909667969,0.0206169067002533
175,43.8219909667969,0.0206684489537892
176.25,43.8219909667969,0.0191195573475506
177.5,43.8219909667969,0.0170747568014035
178.75,43.8219909667969,0.0150910215525317
180,43.8219909667969,0.0141324119537575
181.25,43.8219909667969,0.01477263004586
182.5,43.8219909667969,0.0169096863549011
183.75,43.8219909667969,0.0201893162850138
185,43.8219909667969,0.0237835554587729
186.25,43.8219909667969,0.0268836861043443
187.5,43.8219909667969,0.0295855523375713
188.75,43.8219909667969,0.0320568794123313
190,43.8219909667969,0.0337435367850409
191.25,43.8219909667969,0.0340822118886132
192.5,43.8219909667969,0.0319233950300578
193.75,43.8219909667969,0.0267548547107674
195,43.8219909667969,0.0192542144715027
196.25,43.8219909667969,0.0108122868329261
197.5,43.8219909667969,0.0031298463950942
198.75,43.8219909667969,-0.00234680530765665
200,43.8219909667969,-0.00513180782418927
201.25,43.8219909667969,-0.00606464103427705
202.5,43.8219909667969,-0.00632085768678782
203.75,43.8219909667969,-0.00719856333708368
205,43.8219909667969,-0.00926381365667007
206.25,43.8219909667969,-0.0130567426317045
207.5,43.8219909667969,-0.0177181782619223
208.75,43.8219909667969,-0.0211007821611646
210,43.8219909667969,-0.0218201170398541
211.25,43.8219909667969,-0.0200074940969885
212.5,43.8219909667969,-0.016911083913189
213.75,43.8219909667969,-0.0135230293176638
215,43.8219909667969,-0.0105125258124566
216.25,43.8219909667969,-0.0086537627244021
217.5,43.8219909667969,-0.00885725732422422
218.75,43.8219909667969,-0.012024734878403
220,43.8219909667969,-0.0165692824197983
221.25,43.8219909667969,-0.019153675693375
222.5,43.8219909667969,-0.0181714326726039
223.75,43.8219909667969,-0.0138361220617375
225,43.8219909667969,-0.00704571256719438
226.25,43.8219909667969,3.20677514272212e-06
227.5,43.8219909667969,0.00525626387645326
228.75,43.8219909667969,0.00765633042011841
230,43.8219909667969,0.00633641575810466
231.25,43.8219909667969,-0.00114943500768112
232.5,43.8219909667969,-0.010746243066969
233.75,43.8219909667969,-0.0159284844736554
235,43.8219909667969,-0.0158392019709026
236.25,43.8219909667969,-0.0149491248500314
160,44.764404296875,-0.0174831689261224
161.25,44.764404296875,-0.00502316452128209
162.5,44.764404296875,0.00989128775480417
163.75,44.764404296875,0.0203127472876856
165,44.764404296875,0.0272796427651524
166.25,44.764404296875,0.0328735559863557
167.5,44.764404296875,0.0363389885547254
168.75,44.764404296875,0.0343014727014107
170,44.764404296875,0.0259023718678838
171.25,44.764404296875,0.0196068318927195
172.5,44.764404296875,0.0195792222474552
173.75,44.764404296875,0.0220727041891762
175,44.764404296875,0.0228856489184798
176.25,44.764404296875,0.020075976661121
177.5,44.764404296875,0.0176675950097151
178.75,44.764404296875,0.0166582975034873
180,44.764404296875,0.0164556019119669
181.25,44.764404296875,0.0169674429399082
182.5,44.764404296875,0.0178828509018824
183.75,44.764404296875,0.0192238494973317
185,44.764404296875,0.0212101857744003
186.25,44.764404296875,0.0235495851321834
187.5,44.764404296875,0.0258611220269661
188.75,44.764404296875,0.0282863364573262
190,44.764404296875,0.0304452401046849
191.25,44.764404296875,0.031331784282689
192.5,44.764404296875,0.0297478156827658
193.75,44.764404296875,0.0256625419360746
195,44.764404296875,0.0197808464495007
196.25,44.764404296875,0.0131878383612348
197.5,44.764404296875,0.00695662260173122
198.75,44.764404296875,0.00209258125606907
200,44.764404296875,-0.00096635095639537
201.25,44.764404296875,-0.00293383315311444
202.5,44.764404296875,-0.00439482539707516
203.75,44.764404296875,-0.0057818087483319
205,44.764404296875,-0.00797489328007753
206.25,44.764404296875,-0.0119360808340196
207.5,44.764404296875,-0.0166404042048332
208.75,44.764404296875,-0.0200053063103866
210,44.764404296875,-0.0205440573622434
211.25,44.764404296875,-0.0182821384627047
212.5,44.764404296875,-0.0142023630848511
213.75,44.764404296875,-0.00958841140976044
215,44.764404296875,-0.00591129120752973
216.25,44.764404296875,-0.00462006924069523
217.5,44.764404296875,-0.00633150596135475
218.75,44.764404296875,-0.0107345558430208
220,44.764404296875,-0.015285202040578
221.25,44.764404296875,-0.0171007317399777
222.5,44.764404296875,-0.0147346661711952
223.75,44.764404296875,-0.00902444238334003
225,44.764404296875,-0.00133402905008914
226.25,44.764404296875,0.00582215682122967
227.5,44.764404296875,0.0097519783423813
228.75,44.764404296875,0.010952128359529
230,44.764404296875,0.00973407608326532
231.25,44.764404296875,0.00306964298206914
232.5,44.764404296875,-0.00608995081111672
233.75,44.764404296875,-0.0129719837545788
235,44.764404296875,-0.0144098568773465
236.25,44.764404296875,-0.0136856856872422
160,45.7068023681641,-0.012234917938314
161.25,45.7068023681641,-0.00457633076696721
162.5,45.7068023681641,0.00514066702387444
163.75,45.7068023681641,0.014463740951422
165,45.7068023681641,0.022801328429057
166.25,45.7068023681641,0.0310085063125506
167.5,45.7068023681641,0.0368280747949363
168.75,45.7068023681641,0.0352522345916223
170,45.7068023681641,0.0261469286667471
171.25,45.7068023681641,0.019082876915882
172.5,45.7068023681641,0.0193133321821967
173.75,45.7068023681641,0.0234411835592473
175,45.7068023681641,0.0229845224518366
176.25,45.7068023681641,0.0199542141292453
177.5,45.7068023681641,0.0189519949247191
178.75,45.7068023681641,0.0192951113488248
180,45.7068023681641,0.019856163695856
181.25,45.7068023681641,0.0201509849839975
182.5,45.7068023681641,0.0198433397637434
183.75,45.7068023681641,0.0193067624500078
185,45.7068023681641,0.0196707683274803
186.25,45.7068023681641,0.0209429124766448
187.5,45.7068023681641,0.0224126644564969
188.75,45.7068023681641,0.0238486034616369
190,45.7068023681641,0.025058651590989
191.25,45.7068023681641,0.0255261731592707
192.5,45.7068023681641,0.0245297121788856
193.75,45.7068023681641,0.0219582701425609
195,45.7068023681641,0.0179211652849647
196.25,45.7068023681641,0.0127913836527341
197.5,45.7068023681641,0.00773922064797019
198.75,45.7068023681641,0.00376523914383535
200,45.7068023681641,0.000720449172436895
201.25,45.7068023681641,-0.00228194503009729
202.5,45.7068023681641,-0.00498284187826455
203.75,45.7068023681641,-0.0071009818903107
205,45.7068023681641,-0.00952272827685288
206.25,45.7068023681641,-0.0132303779862388
207.5,45.7068023681641,-0.0173670135659876
208.75,45.7068023681641,-0.0198167168973954
210,45.7068023681641,-0.0196301605212285
211.25,45.7068023681641,-0.0167258203731089
212.5,45.7068023681641,-0.0118179746533978
213.75,45.7068023681641,-0.0063463382033776
215,45.7068023681641,-0.00252269204578812
216.25,45.7068023681641,-0.00217631085420727
217.5,45.7068023681641,-0.00525639725778935
218.75,45.7068023681641,-0.0100555634238169
220,45.7068023681641,-0.0147690632461251
221.25,45.7068023681641,-0.0163148497663678
222.5,45.7068023681641,-0.0125221025627585
223.75,45.7068023681641,-0.00507603876139508
225,45.7068023681641,0.00344080195262085
226.25,45.7068023681641,0.00990354602040392
227.5,45.7068023681641,0.0128855055419926
228.75,45.7068023681641,0.0131865348617014
230,45.7068023681641,0.0109803574327257
231.25,45.7068023681641,0.00482549619141269
232.5,45.7068023681641,-0.00405794727132169
233.75,45.7068023681641,-0.0109187820048511
235,45.7068023681641,-0.012550883805539
236.25,45.7068023681641,-0.0110987650237585
160,46.6492156982422,0.00311009271745459
161.25,46.6492156982422,0.00547652649674939
162.5,46.6492156982422,0.00986666681380507
163.75,46.6492156982422,0.0144199705123866
165,46.6492156982422,0.0208688348699192
166.25,46.6492156982422,0.0286321846317921
167.5,46.6492156982422,0.0333703284348666
168.75,46.6492156982422,0.0300234249061717
170,46.6492156982422,0.0213627515729726
171.25,46.6492156982422,0.0174486578929631
172.5,46.6492156982422,0.0209939778571274
173.75,46.6492156982422,0.0243129559451531
175,46.6492156982422,0.023646226003243
176.25,46.6492156982422,0.0218329470053537
177.5,46.6492156982422,0.0211937627058389
178.75,46.6492156982422,0.0217454769983028
180,46.6492156982422,0.0225682247387089
181.25,46.6492156982422,0.0225214786232059
182.5,46.6492156982422,0.0210405526232826
183.75,46.6492156982422,0.019112883895268
185,46.6492156982422,0.0181597260668221
186.25,46.6492156982422,0.0183316199913415
187.5,46.6492156982422,0.0189080092484423
188.75,46.6492156982422,0.019432577310437
190,46.6492156982422,0.0195016830198994
191.25,46.6492156982422,0.0189874491814453
192.5,46.6492156982422,0.0178331129577782
193.75,46.6492156982422,0.0156446739605774
195,46.6492156982422,0.0121782749407883
196.25,46.6492156982422,0.00817565276572349
197.5,46.6492156982422,0.00406506761242041
198.75,46.6492156982422,0.00105257124437956
200,46.6492156982422,-0.00162906541636025
201.25,46.6492156982422,-0.00493570543351752
202.5,46.6492156982422,-0.00840187651422603
203.75,46.6492156982422,-0.0114696684644299
205,46.6492156982422,-0.0142333363386984
206.25,46.6492156982422,-0.0169083636707927
207.5,46.6492156982422,-0.0193956634197911
208.75,46.6492156982422,-0.0205645382945964
210,46.6492156982422,-0.0193581504820499
211.25,46.6492156982422,-0.0154653344619364
212.5,46.6492156982422,-0.0101057633988397
213.75,46.6492156982422,-0.00488542820919564
215,46.6492156982422,-0.0017842389625695
216.25,46.6492156982422,-0.00254162552394702
217.5,46.6492156982422,-0.00634683852075192
218.75,46.6492156982422,-0.0112452951326499
220,46.6492156982422,-0.0156589219883088
221.25,46.6492156982422,-0.0162539846689928
222.5,46.6492156982422,-0.0107966795304832
223.75,46.6492156982422,-0.00225601843352681
225,46.6492156982422,0.006123113861914
226.25,46.6492156982422,0.0119654329061047
227.5,46.6492156982422,0.0142451529126993
228.75,46.6492156982422,0.0134429356980956
230,46.6492156982422,0.00980021774596602
231.25,46.6492156982422,0.00350262163479275
232.5,46.6492156982422,-0.00371253881482744
233.75,46.6492156982422,-0.00843510684840296
235,46.6492156982422,-0.00803899317556415
236.25,46.6492156982422,-0.0047766761653675
160,47.5916290283203,0.0254894884466537
161.25,47.5916290283203,0.02374636766177
162.5,47.5916290283203,0.0224139578037622
163.75,47.5916290283203,0.0187023259991972
165,47.5916290283203,0.0174283764787618
166.25,47.5916290283203,0.0205142261154849
167.5,47.5916290283203,0.0224039373679825
168.75,47.5916290283203,0.0183585177443978
170,47.5916290283203,0.01345773802994
171.25,47.5916290283203,0.0136837506464524
172.5,47.5916290283203,0.0166698164858553
173.75,47.5916290283203,0.0180786972649789
175,47.5916290283203,0.0173555984442029
176.25,47.5916290283203,0.0166348366618146
177.5,47.5916290283203,0.0177537577531296
178.75,47.5916290283203,0.0198675836403992
180,47.5916290283203,0.0216340113804967
181.25,47.5916290283203,0.0216317701714547
182.5,47.5916290283203,0.0197158600710252
183.75,47.5916290283203,0.0170641027349149
185,47.5916290283203,0.0150673378414013
186.25,47.5916290283203,0.0139391581739825
187.5,47.5916290283203,0.0130114289364737
188.75,47.5916290283203,0.0119078266237836
190,47.5916290283203,0.0109882741018804
191.25,47.5916290283203,0.0102598103361924
192.5,47.5916290283203,0.00924250084315677
193.75,47.5916290283203,0.00728469353875578
195,47.5916290283203,0.00425678072106059
196.25,47.5916290283203,0.000298134301596258
197.5,47.5916290283203,-0.0033176215080632
198.75,47.5916290283203,-0.00533300650487477
200,47.5916290283203,-0.00668925074062567
201.25,47.5916290283203,-0.00889697452098967
202.5,47.5916290283203,-0.0120077065863057
203.75,47.5916290283203,-0.0154584857938002
205,47.5916290283203,-0.0185641317834688
206.25,47.5916290283203,-0.020838288421084
207.5,47.5916290283203,-0.0220512559163439
208.75,47.5916290283203,-0.0215770452979889
210,47.5916290283203,-0.0192375094978694
211.25,47.5916290283203,-0.0150123262056202
212.5,47.5916290283203,-0.0104966124496612
213.75,47.5916290283203,-0.00652245067885928
215,47.5916290283203,-0.0047383577244516
216.25,47.5916290283203,-0.00617825745818704
217.5,47.5916290283203,-0.00957460676253159
218.75,47.5916290283203,-0.0138570571379769
220,47.5916290283203,-0.0171600639210795
221.25,47.5916290283203,-0.0159397243097031
222.5,47.5916290283203,-0.00929619110097673
223.75,47.5916290283203,5.32049382193452e-05
225,47.5916290283203,0.00803833250768772
226.25,47.5916290283203,0.0124657919929131
227.5,47.5916290283203,0.0127793786459134
228.75,47.5916290283203,0.00998932924709189
230,47.5916290283203,0.00580424655143302
231.25,47.5916290283203,0.00101598964957173
232.5,47.5916290283203,-0.00326506376090794
233.75,47.5916290283203,-0.00548048031057636
235,47.5916290283203,-0.00461876607829564
236.25,47.5916290283203,-0.00321390747651769
160,48.5340270996094,0.036068364995897
161.25,48.5340270996094,0.0335639937296846
162.5,48.5340270996094,0.0289231277507908
163.75,48.5340270996094,0.0222847931593606
165,48.5340270996094,0.0161936258905745
166.25,48.5340270996094,0.0104148093097655
167.5,48.5340270996094,0.00371330818503946
168.75,48.5340270996094,-0.00249719827957122
170,48.5340270996094,-0.00531410727526197
171.25,48.5340270996094,-0.00424560609633757
172.5,48.5340270996094,-0.00111437186074043
173.75,48.5340270996094,0.00189916790072755
175,48.5340270996094,0.00409165952587392
176.25,48.5340270996094,0.0064385133401016
177.5,48.5340270996094,0.00942255958732089
178.75,48.5340270996094,0.0125668909150766
180,48.5340270996094,0.0147685479094231
181.25,48.5340270996094,0.0148413450198288
182.5,48.5340270996094,0.0125961169697687
183.75,48.5340270996094,0.00958277085129169
185,48.5340270996094,0.0070109854397056
186.25,48.5340270996094,0.00528883548721538
187.5,48.5340270996094,0.0038005862643819
188.75,48.5340270996094,0.00219746367921303
190,48.5340270996094,0.00113507476594873
191.25,48.5340270996094,0.000469862681064942
192.5,48.5340270996094,-0.000853154486901091
193.75,48.5340270996094,-0.00304056697413389
195,48.5340270996094,-0.00515792761819316
196.25,48.5340270996094,-0.00747093117869946
197.5,48.5340270996094,-0.00922328058984722
198.75,48.5340270996094,-0.00993296026022835
200,48.5340270996094,-0.0104287346969553
201.25,48.5340270996094,-0.0119324495619274
202.5,48.5340270996094,-0.0148416106476633
203.75,48.5340270996094,-0.0180044154017882
205,48.5340270996094,-0.0206074260490557
206.25,48.5340270996094,-0.0224186481568621
207.5,48.5340270996094,-0.0230560208851878
208.75,48.5340270996094,-0.0222892629153838
210,48.5340270996094,-0.0202706279119524
211.25,48.5340270996094,-0.0170255349039389
212.5,48.5340270996094,-0.0137868537410585
213.75,48.5340270996094,-0.0112040272052731
215,48.5340270996094,-0.0103524158492087
216.25,48.5340270996094,-0.0119827653561864
217.5,48.5340270996094,-0.0150434553192482
218.75,48.5340270996094,-0.0175651176322595
220,48.5340270996094,-0.0181294055523951
221.25,48.5340270996094,-0.014728134253959
222.5,48.5340270996094,-0.00745553924822064
223.75,48.5340270996094,0.00129542449203093
225,48.5340270996094,0.00836292857079502
226.25,48.5340270996094,0.0110026614188634
227.5,48.5340270996094,0.00882790128087477
228.75,48.5340270996094,0.00435562491315801
230,48.5340270996094,0.000518574652418586
231.25,48.5340270996094,-0.000848421389827229
232.5,48.5340270996094,-0.000983131767160625
233.75,48.5340270996094,-0.000243874836751199
235,48.5340270996094,0.000838021358241546
236.25,48.5340270996094,0.00138499870955202
160,49.4764404296875,0.0249430900548905
161.25,49.4764404296875,0.0238867376838677
162.5,49.4764404296875,0.0197797902862335
163.75,49.4764404296875,0.012416444847877
165,49.4764404296875,0.0038983755312749
166.25,49.4764404296875,-0.00449120362247783
167.5,49.4764404296875,-0.0117314983300577
168.75,49.4764404296875,-0.016896802648443
170,49.4764404296875,-0.0184681024464674
171.25,49.4764404296875,-0.0160960941619069
172.5,49.4764404296875,-0.0118030353845195
173.75,49.4764404296875,-0.00808168825894895
175,49.4764404296875,-0.00522761851501426
176.25,49.4764404296875,-0.00223318624019171
177.5,49.4764404296875,0.00115847635928563
178.75,49.4764404296875,0.00429215930085089
180,49.4764404296875,0.0060760207346621
181.25,49.4764404296875,0.00565855148095859
182.5,49.4764404296875,0.00313751601201972
183.75,49.4764404296875,-0.000550355162949684
185,49.4764404296875,-0.00400512580108239
186.25,49.4764404296875,-0.00648534382183126
187.5,49.4764404296875,-0.00761511948913688
188.75,49.4764404296875,-0.00690673546397209
190,49.4764404296875,-0.00535688037543587
191.25,49.4764404296875,-0.00453457829120583
192.5,49.4764404296875,-0.00547048193583323
193.75,49.4764404296875,-0.00791231239894858
195,49.4764404296875,-0.0103594833549055
196.25,49.4764404296875,-0.0117359005238295
197.5,49.4764404296875,-0.0120107639403784
198.75,49.4764404296875,-0.0115536673500751
200,49.4764404296875,-0.0114242616098587
201.25,49.4764404296875,-0.0132401159461189
202.5,49.4764404296875,-0.0166089572986773
203.75,49.4764404296875,-0.0196385444773532
205,49.4764404296875,-0.022158074766641
206.25,49.4764404296875,-0.0240645175871309
207.5,49.4764404296875,-0.0245202705873129
208.75,49.4764404296875,-0.0237523852930079
210,49.4764404296875,-0.0224535927309614
211.25,49.4764404296875,-0.0209111412375218
212.5,49.4764404296875,-0.0200062914527295
213.75,49.4764404296875,-0.0191596968390734
215,49.4764404296875,-0.0181308534867933
216.25,49.4764404296875,-0.018793521999531
217.5,49.4764404296875,-0.0205486933799249
218.75,49.4764404296875,-0.0209013438534899
220,49.4764404296875,-0.0185002105551755
221.25,49.4764404296875,-0.0132812659335226
222.5,49.4764404296875,-0.00616993939563437
223.75,49.4764404296875,0.00120427477459791
225,49.4764404296875,0.00618591242975554
226.25,49.4764404296875,0.00659893665067202
227.5,49.4764404296875,0.00302029388167818
228.75,49.4764404296875,-0.00165084531291857
230,49.4764404296875,-0.00346897122536183
231.25,49.4764404296875,-0.00152947166997793
232.5,49.4764404296875,0.00160459551999104
233.75,49.4764404296875,0.00305648171873708
235,49.4764404296875,0.00430084652487708
160,50.4188537597656,0.0134214286687815
161.25,50.4188537597656,0.0108418183663322
162.5,50.4188537597656,0.00789154648699913
163.75,50.4188537597656,0.00193012183468663
165,50.4188537597656,-0.00590755572115354
166.25,50.4188537597656,-0.0128526530062173
167.5,50.4188537597656,-0.0178940629626291
168.75,50.4188537597656,-0.0216285807316882
170,50.4188537597656,-0.0225971771492521
171.25,50.4188537597656,-0.0204121648399199
172.5,50.4188537597656,-0.0167317537734065
173.75,50.4188537597656,-0.0127484571364603
175,50.4188537597656,-0.00867253823747756
176.25,50.4188537597656,-0.00466886515001854
177.5,50.4188537597656,-0.000980194887936007
178.75,50.4188537597656,0.001371700352423
180,50.4188537597656,0.00157757929949874
181.25,50.4188537597656,-0.000490947795844998
182.5,50.4188537597656,-0.0040045844969792
183.75,50.4188537597656,-0.00781314482537309
185,50.4188537597656,-0.0113199670167638
186.25,50.4188537597656,-0.0131372719854222
187.5,50.4188537597656,-0.0124900485631637
188.75,50.4188537597656,-0.0107913008009079
190,50.4188537597656,-0.00893224513187667
191.25,50.4188537597656,-0.00776267649440783
192.5,50.4188537597656,-0.00829142359577804
193.75,50.4188537597656,-0.0100570942594336
195,50.4188537597656,-0.0120432985299476
196.25,50.4188537597656,-0.0130716135873522
197.5,50.4188537597656,-0.0132509163314786
198.75,50.4188537597656,-0.0133112912137849
200,50.4188537597656,-0.01476862450763
201.25,50.4188537597656,-0.0185821064803135
202.5,50.4188537597656,-0.0228199142637698
203.75,50.4188537597656,-0.0257068377660299
205,50.4188537597656,-0.0278105703806193
206.25,50.4188537597656,-0.0289133645865408
207.5,50.4188537597656,-0.0283067892729578
208.75,50.4188537597656,-0.0268539689922694
210,50.4188537597656,-0.0256753847607824
211.25,50.4188537597656,-0.02532797418165
212.5,50.4188537597656,-0.0259564847452089
213.75,50.4188537597656,-0.0266703326911334
215,50.4188537597656,-0.0267634677532291
216.25,50.4188537597656,-0.0265001297371351
217.5,50.4188537597656,-0.026049957687885
218.75,50.4188537597656,-0.024146232879652
220,50.4188537597656,-0.0196510421199922
221.25,50.4188537597656,-0.0131740385788333
222.5,50.4188537597656,-0.00624280233543695
223.75,50.4188537597656,-0.000307772083775224
225,50.4188537597656,0.00258399772176352
226.25,50.4188537597656,0.00107691094269152
227.5,50.4188537597656,-0.00303611034967959
228.75,50.4188537597656,-0.00615943159170309
230,50.4188537597656,-0.00649456630193189
231.25,50.4188537597656,-0.00424423804711634
232.5,50.4188537597656,0.00145802130147456
233.75,50.4188537597656,0.00308075133569299
160,51.3612518310547,0.00876679741902294
161.25,51.3612518310547,0.00669224905280153
162.5,51.3612518310547,0.00236956513291104
163.75,51.3612518310547,-0.00278583735589868
165,51.3612518310547,-0.0074810580581115
166.25,51.3612518310547,-0.0110068821884096
167.5,51.3612518310547,-0.0139763294575078
168.75,51.3612518310547,-0.0175274067609575
170,51.3612518310547,-0.0200475848123836
171.25,51.3612518310547,-0.0200105495551424
172.5,51.3612518310547,-0.0180337467650337
173.75,51.3612518310547,-0.0148432762613329
175,51.3612518310547,-0.0108883680483911
176.25,51.3612518310547,-0.00622988629138767
177.5,51.3612518310547,-0.00166576112873123
178.75,51.3612518310547,0.000996545369949821
180,51.3612518310547,0.00157688587005279
181.25,51.3612518310547,-5.68944981949345e-05
182.5,51.3612518310547,-0.00323991398239667
183.75,51.3612518310547,-0.00701062962870019
185,51.3612518310547,-0.0104520077083939
186.25,51.3612518310547,-0.0132079055915087
187.5,51.3612518310547,-0.0145323534270925
188.75,51.3612518310547,-0.0153560718583536
190,51.3612518310547,-0.0157538512890409
191.25,51.3612518310547,-0.0156730056344912
192.5,51.3612518310547,-0.0164050102757805
193.75,51.3612518310547,-0.0176867569021582
195,51.3612518310547,-0.0193516698436478
196.25,51.3612518310547,-0.0214711486193009
197.5,51.3612518310547,-0.0235688743227649
198.75,51.3612518310547,-0.0254940889023295
200,51.3612518310547,-0.0275744652140041
201.25,51.3612518310547,-0.0308757598553664
202.5,51.3612518310547,-0.0341016167476992
203.75,51.3612518310547,-0.0362208538305848
205,51.3612518310547,-0.0365216670135079
206.25,51.3612518310547,-0.0351297780266458
207.5,51.3612518310547,-0.0325908722652725
208.75,51.3612518310547,-0.0302538869770863
210,51.3612518310547,-0.029127006503348
211.25,51.3612518310547,-0.0296369240293918
212.5,51.3612518310547,-0.0311289856875851
213.75,51.3612518310547,-0.0324920262442344
215,51.3612518310547,-0.0330654933818071
216.25,51.3612518310547,-0.0326220571280799
217.5,51.3612518310547,-0.0311304508702603
218.75,51.3612518310547,-0.0274248749146587
220,51.3612518310547,-0.0214062436265664
221.25,51.3612518310547,-0.0143367046031196
222.5,51.3612518310547,-0.00766538916912383
223.75,51.3612518310547,-0.00313217229736611
225,51.3612518310547,-0.00239591803440262
226.25,51.3612518310547,-0.00501458216545447
227.5,51.3612518310547,-0.00793357320656888
228.75,51.3612518310547,-0.0087474428028108
230,51.3612518310547,-0.00775359636930722
231.25,51.3612518310547,-0.00625483495844985
232.5,51.3612518310547,-0.00714561927317922
160,52.3036651611328,0.00404850420706302
161.25,52.3036651611328,0.00379677793795447
162.5,52.3036651611328,0.00285203579765678
163.75,52.3036651611328,-0.000929721471435907
165,52.3036651611328,-0.00246623062498154
166.25,52.3036651611328,-0.00309976729201378
167.5,52.3036651611328,-0.00523516009581445
168.75,52.3036651611328,-0.00911550680592466
170,52.3036651611328,-0.0131207579005303
171.25,52.3036651611328,-0.0155715708941687
172.5,52.3036651611328,-0.0158974482295916
173.75,52.3036651611328,-0.0156692393359107
175,52.3036651611328,-0.0136814852042072
176.25,52.3036651611328,-0.00925489502164404
177.5,52.3036651611328,-0.00353951304130912
178.75,52.3036651611328,0.00164714387000693
180,52.3036651611328,0.00424064141184005
181.25,52.3036651611328,0.00270446403413244
182.5,52.3036651611328,-0.00137145755372767
183.75,52.3036651611328,-0.00587896329130428
185,52.3036651611328,-0.00837117416127107
186.25,52.3036651611328,-0.0109633315520924
187.5,52.3036651611328,-0.0145477889034547
188.75,52.3036651611328,-0.019164779215796
190,52.3036651611328,-0.0223519105510715
191.25,52.3036651611328,-0.0247869742215803
192.5,52.3036651611328,-0.0278197096691633
193.75,52.3036651611328,-0.0303981244045904
195,52.3036651611328,-0.0317787021218051
196.25,52.3036651611328,-0.0334380119959367
197.5,52.3036651611328,-0.035741925761856
198.75,52.3036651611328,-0.037677478953929
200,52.3036651611328,-0.0387863773533023
201.25,52.3036651611328,-0.0395601882078175
202.5,52.3036651611328,-0.0403292332537092
203.75,52.3036651611328,-0.0408732131964844
205,52.3036651611328,-0.0404999587172929
206.25,52.3036651611328,-0.0386119713283539
207.5,52.3036651611328,-0.035507134976573
208.75,52.3036651611328,-0.032765464078038
210,52.3036651611328,-0.0314940671780033
211.25,52.3036651611328,-0.0322022427987457
212.5,52.3036651611328,-0.034209734164674
213.75,52.3036651611328,-0.0361795139298068
215,52.3036651611328,-0.036699637354465
216.25,52.3036651611328,-0.0355754452525303
217.5,52.3036651611328,-0.0329615605724931
218.75,52.3036651611328,-0.0286111780726097
220,52.3036651611328,-0.0226720891984031
221.25,52.3036651611328,-0.0157894937584561
222.5,52.3036651611328,-0.00976967386188925
223.75,52.3036651611328,-0.00722401003797789
225,52.3036651611328,-0.00918591550472555
226.25,52.3036651611328,-0.0119603431660924
227.5,52.3036651611328,-0.0122572951492767
228.75,52.3036651611328,-0.00838208766745509
230,52.3036651611328,-0.00510365783566581
231.25,52.3036651611328,-0.00598487912818616
232.5,52.3036651611328,-0.00662582721527773
160,53.2460784912109,0.00070901368241908
161.25,53.2460784912109,-0.000531512191623025
162.5,53.2460784912109,0.000493841699514932
163.75,53.2460784912109,0.00142390391983672
165,53.2460784912109,0.00219115682977051
166.25,53.2460784912109,0.00205240410368424
167.5,53.2460784912109,2.67544593319593e-05
168.75,53.2460784912109,-0.00361287498573727
170,53.2460784912109,-0.00789556525134291
171.25,53.2460784912109,-0.0120304495714919
172.5,53.2460784912109,-0.0151781552572729
173.75,53.2460784912109,-0.0167903271224707
175,53.2460784912109,-0.0149360481063678
176.25,53.2460784912109,-0.00946929432143911
177.5,53.2460784912109,-0.00210367883453076
178.75,53.2460784912109,0.00516091655103562
180,53.2460784912109,0.00824293262095771
181.25,53.2460784912109,0.00453388543381975
182.5,53.2460784912109,-0.00269624835188682
183.75,53.2460784912109,-0.00934013965823696
185,53.2460784912109,-0.0130323672230454
186.25,53.2460784912109,-0.015861319459211
187.5,53.2460784912109,-0.0206839840128402
188.75,53.2460784912109,-0.0262733720612961
190,53.2460784912109,-0.0297079423782915
191.25,53.2460784912109,-0.0311633063452358
192.5,53.2460784912109,-0.0328780989989759
193.75,53.2460784912109,-0.0372412491889559
195,53.2460784912109,-0.037383523029473
196.25,53.2460784912109,-0.0368121535022632
197.5,53.2460784912109,-0.0371332600797847
198.75,53.2460784912109,-0.0378622843004355
200,53.2460784912109,-0.0388939176057508
201.25,53.2460784912109,-0.0397206119254304
202.5,53.2460784912109,-0.0401265154718363
203.75,53.2460784912109,-0.040182531774777
205,53.2460784912109,-0.0397148288976413
206.25,53.2460784912109,-0.0384350148883208
207.5,53.2460784912109,-0.036445534209125
208.75,53.2460784912109,-0.0344500841051795
210,53.2460784912109,-0.0334724920758343
211.25,53.2460784912109,-0.0337901955009446
212.5,53.2460784912109,-0.0352068768459427
213.75,53.2460784912109,-0.0367133304096456
215,53.2460784912109,-0.0370116768005517
216.25,53.2460784912109,-0.035590386533863
217.5,53.2460784912109,-0.0324297212213159
218.75,53.2460784912109,-0.0279064804448921
220,53.2460784912109,-0.0223871105027607
221.25,53.2460784912109,-0.0167143039114081
222.5,53.2460784912109,-0.012752311616369
223.75,53.2460784912109,-0.0119308305142453
225,53.2460784912109,-0.0140599046473732
226.25,53.2460784912109,-0.0154215147005939
227.5,53.2460784912109,-0.0134814594949613
228.75,53.2460784912109,-0.00721179910197282
230,53.2460784912109,-0.00223703491740954
231.25,53.2460784912109,-0.00499260745849105
160,54.1884765625,-0.00239426023524455
161.25,54.1884765625,-0.00247082990903914
162.5,54.1884765625,-0.00254914482094781
163.75,54.1884765625,-0.00117071250842789
165,54.1884765625,0.00124334806531198
166.25,54.1884765625,0.00239770539507763
167.5,54.1884765625,0.00146361455950988
168.75,54.1884765625,-0.00176504825019923
170,54.1884765625,-0.00688881148975931
171.25,54.1884765625,-0.0127484091108459
172.5,54.1884765625,-0.0168421019842381
173.75,54.1884765625,-0.0170397293952684
175,54.1884765625,-0.0132634709960202
176.25,54.1884765625,-0.00651910140916269
177.5,54.1884765625,0.000787005601619268
178.75,54.1884765625,0.00605923379158792
180,54.1884765625,0.00598714100985953
181.25,54.1884765625,-0.000696688190596154
182.5,54.1884765625,-0.0106758221698946
183.75,54.1884765625,-0.0185065650936929
185,54.1884765625,-0.0220434239593879
186.25,54.1884765625,-0.0249430454421335
187.5,54.1884765625,-0.0304985456095391
188.75,54.1884765625,-0.0370872587931638
190,54.1884765625,-0.042080063107347
191.25,54.1884765625,-0.044906283749689
192.5,54.1884765625,-0.0463058982160612
193.75,54.1884765625,-0.0459226465567429
195,54.1884765625,-0.0440195293074155
196.25,54.1884765625,-0.0410667934987113
197.5,54.1884765625,-0.0397411912263717
198.75,54.1884765625,-0.0375246465221158
200,54.1884765625,-0.037518233456559
201.25,54.1884765625,-0.0374020281845613
202.5,54.1884765625,-0.0374816475627059
203.75,54.1884765625,-0.0376586534931967
205,54.1884765625,-0.0369274428465786
206.25,54.1884765625,-0.0357277310096416
207.5,54.1884765625,-0.0349794471224149
208.75,54.1884765625,-0.0344680427714567
210,54.1884765625,-0.0343805298150807
211.25,54.1884765625,-0.0345255355974384
212.5,54.1884765625,-0.0348618763372298
213.75,54.1884765625,-0.035542176319069
215,54.1884765625,-0.0356987752483253
216.25,54.1884765625,-0.0340257852309164
217.5,54.1884765625,-0.0303596829343572
218.75,54.1884765625,-0.0258121650006436
220,54.1884765625,-0.0211388164386874
221.25,54.1884765625,-0.0170581145655577
222.5,54.1884765625,-0.0150892193263472
223.75,54.1884765625,-0.0151106972540471
225,54.1884765625,-0.0149745929011539
226.25,54.1884765625,-0.0118712839364354
227.5,54.1884765625,-0.00657252040050636
228.75,54.1884765625,-0.000797084363687175
230,54.1884765625,0.00184726863073159
161.25,55.1308898925781,-0.00391977035241821
162.5,55.1308898925781,-0.00411401765941439
163.75,55.1308898925781,-0.00488553458465591
165,55.1308898925781,-0.00492135003788538
166.25,55.1308898925781,-0.0024375677698479
167.5,55.1308898925781,-0.00154688409425489
168.75,55.1308898925781,-0.00490604294133771
170,55.1308898925781,-0.01156004882459
171.25,55.1308898925781,-0.0183262794424708
172.5,55.1308898925781,-0.0212848603637881
173.75,55.1308898925781,-0.0189915249786996
175,55.1308898925781,-0.0128202967495559
176.25,55.1308898925781,-0.00556978020782499
177.5,55.1308898925781,0.000105799769661619
178.75,55.1308898925781,0.00232008660866946
180,55.1308898925781,-0.000386506138869891
181.25,55.1308898925781,-0.00872488211088944
182.5,55.1308898925781,-0.0200694199091615
183.75,55.1308898925781,-0.0278746971227394
185,55.1308898925781,-0.0324836965558298
186.25,55.1308898925781,-0.037449091690132
187.5,55.1308898925781,-0.0430983444693101
188.75,55.1308898925781,-0.0484955075885046
190,55.1308898925781,-0.0521961075278345
191.25,55.1308898925781,-0.0546566556827085
192.5,55.1308898925781,-0.0561663825118736
193.75,55.1308898925781,-0.0563166467625152
195,55.1308898925781,-0.055196040137982
196.25,55.1308898925781,-0.0524835654686164
197.5,55.1308898925781,-0.0481787512752615
198.75,55.1308898925781,-0.0418705583712925
200,55.1308898925781,-0.0402965187743207
201.25,55.1308898925781,-0.0370416028049717
202.5,55.1308898925781,-0.0357825019735119
203.75,55.1308898925781,-0.0356102650486764
205,55.1308898925781,-0.0338956463377105
206.25,55.1308898925781,-0.0312209440445107
207.5,55.1308898925781,-0.029547686635006
208.75,55.1308898925781,-0.0301256752391448
210,55.1308898925781,-0.0322006092217545
211.25,55.1308898925781,-0.0333155958123072
212.5,55.1308898925781,-0.0335947001576429
213.75,55.1308898925781,-0.0337443333186071
215,55.1308898925781,-0.0334502981297949
216.25,55.1308898925781,-0.0317925548671504
217.5,55.1308898925781,-0.0280999801671516
218.75,55.1308898925781,-0.0236092976418702
220,55.1308898925781,-0.0194756924439598
221.25,55.1308898925781,-0.016904205694628
222.5,55.1308898925781,-0.0158591433612797
223.75,55.1308898925781,-0.0149602080812968
225,55.1308898925781,-0.0122355073027161
226.25,55.1308898925781,-0.00770783525201496
227.5,55.1308898925781,-0.00261102319299073
228.75,55.1308898925781,0.00034673379477879
230,55.1308898925781,0.00184726208981533
161.25,56.0733032226562,-0.00448364668864165
162.5,56.0733032226562,-0.00525025471128853
163.75,56.0733032226562,-0.00679224296829839
165,56.0733032226562,-0.00953473493434157
166.25,56.0733032226562,-0.010267982288433
167.5,56.0733032226562,-0.0102909672630637
168.75,56.0733032226562,-0.0140028123589276
170,56.0733032226562,-0.019447127060546
171.25,56.0733032226562,-0.0233132271985589
172.5,56.0733032226562,-0.0239192265986982
173.75,56.0733032226562,-0.020950701266408
175,56.0733032226562,-0.0152663520790808
176.25,56.0733032226562,-0.00932132007048088
177.5,56.0733032226562,-0.00573734301930753
178.75,56.0733032226562,-0.00584140890107353
180,56.0733032226562,-0.0106272032539367
181.25,56.0733032226562,-0.0194960362232835
182.5,56.0733032226562,-0.0284296743198065
183.75,56.0733032226562,-0.0356700675460932
185,56.0733032226562,-0.0416742954376067
186.25,56.0733032226562,-0.0470824616238186
187.5,56.0733032226562,-0.0523246166519992
188.75,56.0733032226562,-0.0573050653282737
190,56.0733032226562,-0.0618720570164683
191.25,56.0733032226562,-0.0641559175138389
192.5,56.0733032226562,-0.0635822169707404
193.75,56.0733032226562,-0.0609255479362319
195,56.0733032226562,-0.0574944766869531
196.25,56.0733032226562,-0.0511233604183779
197.5,56.0733032226562,-0.0436411402667143
198.75,56.0733032226562,-0.0394695614685876
200,56.0733032226562,-0.04356069063739
201.25,56.0733032226562,-0.0386959576449282
202.5,56.0733032226562,-0.0378137775212074
203.75,56.0733032226562,-0.0375981373803913
205,56.0733032226562,-0.0348562616813713
206.25,56.0733032226562,-0.0287127870010091
207.5,56.0733032226562,-0.0250201630090212
208.75,56.0733032226562,-0.023587873304117
210,56.0733032226562,-0.0250930591288258
211.25,56.0733032226562,-0.0274743333711705
212.5,56.0733032226562,-0.0291854714254311
213.75,56.0733032226562,-0.0300967858283186
215,56.0733032226562,-0.0296416123747365
216.25,56.0733032226562,-0.0277111310519938
217.5,56.0733032226562,-0.0247682602784822
218.75,56.0733032226562,-0.0213397250729148
220,56.0733032226562,-0.0179557926211416
221.25,56.0733032226562,-0.0156110518069612
222.5,56.0733032226562,-0.0135858549159742
223.75,56.0733032226562,-0.0109047234446009
225,56.0733032226562,-0.00703692509612614
226.25,56.0733032226562,-0.00313714395222133
227.5,56.0733032226562,-0.00539525807100952
162.5,57.0157012939453,-0.00603409906446276
163.75,57.0157012939453,-0.00666511024791084
165,57.0157012939453,-0.00951085378235098
166.25,57.0157012939453,-0.0128390309317361
167.5,57.0157012939453,-0.0164968747901472
168.75,57.0157012939453,-0.0203484550752881
170,57.0157012939453,-0.0234109661489422
171.25,57.0157012939453,-0.0245825900963262
172.5,57.0157012939453,-0.0241368220296314
173.75,57.0157012939453,-0.0227066433184625
175,57.0157012939453,-0.0201843342168535
176.25,57.0157012939453,-0.0170063810491935
177.5,57.0157012939453,-0.01500277096797
178.75,57.0157012939453,-0.0157980385126765
180,57.0157012939453,-0.0197635119151853
181.25,57.0157012939453,-0.02599776218677
182.5,57.0157012939453,-0.0332337488150506
183.75,57.0157012939453,-0.0408056249891404
185,57.0157012939453,-0.0478731540922347
186.25,57.0157012939453,-0.0529019301076775
187.5,57.0157012939453,-0.0568864886100477
188.75,57.0157012939453,-0.061716508019076
190,57.0157012939453,-0.0703858526066361
191.25,57.0157012939453,-0.0759828093455488
192.5,57.0157012939453,-0.0705498056044573
193.75,57.0157012939453,-0.0601498242821493
195,57.0157012939453,-0.0535683217211419
196.25,57.0157012939453,-0.0462814401351604
197.5,57.0157012939453,-0.0396700330043143
198.75,57.0157012939453,-0.0350826108265351
200,57.0157012939453,-0.0309030464329438
201.25,57.0157012939453,-0.0247460962487623
202.5,57.0157012939453,-0.0355549155777468
203.75,57.0157012939453,-0.0355990730115858
205,57.0157012939453,-0.0340483237200888
206.25,57.0157012939453,-0.0293957875589239
207.5,57.0157012939453,-0.0212680795331313
208.75,57.0157012939453,-0.018408699281639
210,57.0157012939453,-0.0176487125115705
211.25,57.0157012939453,-0.0188703552792867
212.5,57.0157012939453,-0.0204804332686163
213.75,57.0157012939453,-0.0222986666952713
215,57.0157012939453,-0.0232301729783799
216.25,57.0157012939453,-0.0221377894137534
217.5,57.0157012939453,-0.019628625803075
218.75,57.0157012939453,-0.0167591807978231
220,57.0157012939453,-0.0143437085857127
221.25,57.0157012939453,-0.0111932901878743
222.5,57.0157012939453,-0.00689316697614037
223.75,57.0157012939453,-0.00310667800178291
225,57.0157012939453,-0.00240611536473075
226.25,57.0157012939453,-0.000904458177989145
162.5,57.9581146240234,-0.00411073773221297
163.75,57.9581146240234,-0.00414072357839592
165,57.9581146240234,-0.00631366484166986
166.25,57.9581146240234,-0.00919593224721983
167.5,57.9581146240234,-0.0138750883922638
168.75,57.9581146240234,-0.0179070835800524
170,57.9581146240234,-0.0201447294112742
171.25,57.9581146240234,-0.0210532353626009
172.5,57.9581146240234,-0.0216101654097949
173.75,57.9581146240234,-0.0228857230943714
175,57.9581146240234,-0.0236375684251854
176.25,57.9581146240234,-0.022856807210512
177.5,57.9581146240234,-0.022335126694031
178.75,57.9581146240234,-0.0240422900225749
180,57.9581146240234,-0.0277182980410397
181.25,57.9581146240234,-0.0318207863118985
182.5,57.9581146240234,-0.0359467764987721
183.75,57.9581146240234,-0.0410655279602628
185,57.9581146240234,-0.046957727943993
186.25,57.9581146240234,-0.0521511271460357
187.5,57.9581146240234,-0.0554537885006344
188.75,57.9581146240234,-0.0569470702292342
190,57.9581146240234,-0.065895792128842
191.25,57.9581146240234,-0.0696323230335488
192.5,57.9581146240234,-0.0573093618355836
193.75,57.9581146240234,-0.0431174457782193
195,57.9581146240234,-0.0330503590917807
196.25,57.9581146240234,-0.0255540264766443
197.5,57.9581146240234,-0.023434352463877
198.75,57.9581146240234,-0.0240334738339925
200,57.9581146240234,-0.0219539521435817
201.25,57.9581146240234,-0.0162172016727913
202.5,57.9581146240234,-0.0125219180862746
203.75,57.9581146240234,-0.0340075588962186
206.25,57.9581146240234,-0.0150743593724168
207.5,57.9581146240234,-0.016150912177281
208.75,57.9581146240234,-0.0158640898754478
210,57.9581146240234,-0.0134403126821759
211.25,57.9581146240234,-0.0120882668596696
212.5,57.9581146240234,-0.0123856596080554
213.75,57.9581146240234,-0.0134497698834007
215,57.9581146240234,-0.0140053003640825
216.25,57.9581146240234,-0.0137596314401623
217.5,57.9581146240234,-0.0127303304757693
218.75,57.9581146240234,-0.010462703566671
220,57.9581146240234,-0.0073370605138986
221.25,57.9581146240234,-0.00348701605951116
222.5,57.9581146240234,0.000281159437903555
223.75,57.9581146240234,0.0020353045812447
225,57.9581146240234,-0.000129809781000626
160,58.9005279541016,0.0157583241294657
161.25,58.9005279541016,0.0153491318700682
162.5,58.9005279541016,0.000307666255249201
163.75,58.9005279541016,0.00408561261099231
165,58.9005279541016,-0.000833505868846526
166.25,58.9005279541016,-0.00282927361821891
167.5,58.9005279541016,-0.00570365306712284
168.75,58.9005279541016,-0.00940638816896094
170,58.9005279541016,-0.0120006939608904
171.25,58.9005279541016,-0.0128527236408966
172.5,58.9005279541016,-0.0147593894730354
173.75,58.9005279541016,-0.0192107208170368
175,58.9005279541016,-0.0233647016686744
176.25,58.9005279541016,-0.0258031935926709
177.5,58.9005279541016,-0.0279622620247516
178.75,58.9005279541016,-0.0308834535869933
180,58.9005279541016,-0.0336214740272054
181.25,58.9005279541016,-0.0353938725979703
182.5,58.9005279541016,-0.0364707235526655
183.75,58.9005279541016,-0.0382989080005734
185,58.9005279541016,-0.0420035049666392
186.25,58.9005279541016,-0.0446039587060292
187.5,58.9005279541016,-0.0448648251857988
188.75,58.9005279541016,-0.047344327915926
190,58.9005279541016,-0.052933263306626
191.25,58.9005279541016,-0.0511338962009376
192.5,58.9005279541016,-0.0395278528917983
193.75,58.9005279541016,-0.025104679190919
195,58.9005279541016,-0.0138607361567827
196.25,58.9005279541016,-0.00799477659011543
197.5,58.9005279541016,-0.00795121401578072
198.75,58.9005279541016,-0.016016273939586
200,58.9005279541016,-0.00911910884018819
201.25,58.9005279541016,-0.00802456470915046
202.5,58.9005279541016,-0.00826133669847954
206.25,58.9005279541016,-0.0151678825950233
207.5,58.9005279541016,-0.015281122613935
208.75,58.9005279541016,-0.0146629946230999
210,58.9005279541016,-0.0115773835119414
211.25,58.9005279541016,-0.00879148356245665
212.5,58.9005279541016,-0.00770736127096805
213.75,58.9005279541016,-0.00775992906686642
215,58.9005279541016,-0.00739787359536819
216.25,58.9005279541016,-0.00562798038759437
217.5,58.9005279541016,-0.00349024701289958
218.75,58.9005279541016,-0.00253815510999487
220,58.9005279541016,-0.00194134561452933
221.25,58.9005279541016,-6.26515122112165e-05
222.5,58.9005279541016,0.000797952646600385
160,59.8429260253906,0.0137993373469744
161.25,59.8429260253906,0.0130149920317834
162.5,59.8429260253906,0.0127556732629464
163.75,59.8429260253906,0.0109871337415712
165,59.8429260253906,0.00313032611442627
166.25,59.8429260253906,0.00112821461223943
167.5,59.8429260253906,0.000538532738067997
168.75,59.8429260253906,-0.00168780955120369
170,59.8429260253906,-0.00527535448887718
171.25,59.8429260253906,-0.00471039464454474
172.5,59.8429260253906,-0.00677907622086312
173.75,59.8429260253906,-0.0121374585834586
175,59.8429260253906,-0.0187215734086738
176.25,59.8429260253906,-0.0243918398864179
177.5,59.8429260253906,-0.0289019724450094
178.75,59.8429260253906,-0.0325656587125034
180,59.8429260253906,-0.0344261188550406
181.25,59.8429260253906,-0.0348730200556579
182.5,59.8429260253906,-0.0337661417665721
183.75,59.8429260253906,-0.0314662159619585
185,59.8429260253906,-0.0298935891067454
186.25,59.8429260253906,-0.0291624647280822
187.5,59.8429260253906,-0.0334132949564815
188.75,59.8429260253906,-0.0405416184284798
190,59.8429260253906,-0.0408941137917016
191.25,59.8429260253906,-0.0349700099071565
192.5,59.8429260253906,-0.0258637086243417
193.75,59.8429260253906,-0.0150245078928712
195,59.8429260253906,-0.00640901250004349
196.25,59.8429260253906,-0.000889021530266872
197.5,59.8429260253906,0.00218529557865868
198.75,59.8429260253906,0.00255870393019003
206.25,59.8429260253906,-0.0151989278215111
207.5,59.8429260253906,-0.0151850724147459
208.75,59.8429260253906,-0.0126645832095202
210,59.8429260253906,-0.0105645996326386
211.25,59.8429260253906,-0.0082124300251153
212.5,59.8429260253906,-0.00873546956948466
213.75,59.8429260253906,-0.00809479872235213
215,59.8429260253906,-0.00688079956262918
216.25,59.8429260253906,-0.0033251521455845
217.5,59.8429260253906,0.000826581890265911
218.75,59.8429260253906,0.00297805233854043
220,59.8429260253906,0.00136782828101146
221.25,59.8429260253906,8.55518244414618e-06
160,60.7853393554688,0.00781135608264154
161.25,60.7853393554688,0.0120002043032053
162.5,60.7853393554688,0.0124802716109171
167.5,60.7853393554688,0.00301309973408035
168.75,60.7853393554688,0.00154223603314139
170,60.7853393554688,0.00135667982786034
171.25,60.7853393554688,-0.00332558350960742
172.5,60.7853393554688,-0.00441128595900969
173.75,60.7853393554688,-0.00663204670694705
175,60.7853393554688,-0.011747308821207
176.25,60.7853393554688,-0.0183875081252764
177.5,60.7853393554688,-0.0237680140044893
178.75,60.7853393554688,-0.0269605016751323
180,60.7853393554688,-0.0273944057799806
181.25,60.7853393554688,-0.0275697646186947
182.5,60.7853393554688,-0.0247334206739082
183.75,60.7853393554688,-0.0201304463073578
185,60.7853393554688,-0.0207030367479465
186.25,60.7853393554688,-0.0274601088529778
187.5,60.7853393554688,-0.0384924141388981
188.75,60.7853393554688,-0.0401253421989157
190,60.7853393554688,-0.0350752971734217
191.25,60.7853393554688,-0.0241505802448334
192.5,60.7853393554688,-0.0108050015408089
193.75,60.7853393554688,-0.00311448743074335
195,60.7853393554688,-0.00129734010772535
212.5,60.7853393554688,-0.0110314649470624
213.75,60.7853393554688,-0.0109168915781038
215,60.7853393554688,-0.00913220483455501
216.25,60.7853393554688,-0.00512064260860793
160,61.7277526855469,-0.0103475000558808
173.75,61.7277526855469,-0.00549479177797536
175,61.7277526855469,-0.00835523840111219
176.25,61.7277526855469,-0.0113769618603896
177.5,61.7277526855469,-0.0111962529306743
178.75,61.7277526855469,-0.0096774079515809
180,61.7277526855469,-0.00671871780513665
181.25,61.7277526855469,-0.01136830481289
182.5,61.7277526855469,-0.0159569617478537
183.75,61.7277526855469,-0.0200901672020272
185,61.7277526855469,-0.0289547398327037
186.25,61.7277526855469,-0.0388687491787023
187.5,61.7277526855469,-0.0414357034111006
188.75,61.7277526855469,-0.0370499373523839
190,61.7277526855469,-0.0301059028053531
191.25,61.7277526855469,-0.0158511210905965
192.5,61.7277526855469,-0.00235104693040514
193.75,61.7277526855469,-0.00290258681758046
195,61.7277526855469,-0.00198975943215845
175,62.6701507568359,-0.00821264739804656
176.25,62.6701507568359,-0.00907014229710686
177.5,62.6701507568359,-0.0119426830572699
178.75,62.6701507568359,-0.0175841781202554
180,62.6701507568359,-0.015888085572252
181.25,62.6701507568359,-0.0171708942795897
182.5,62.6701507568359,-0.0218601191537998
183.75,62.6701507568359,-0.0275140743371992
185,62.6701507568359,-0.0325099960694154
186.25,62.6701507568359,-0.0342749828511475
187.5,62.6701507568359,-0.0347658135683814
188.75,62.6701507568359,-0.0323726332303189
190,62.6701507568359,-0.0274826168903112
191.25,62.6701507568359,-0.01915717698714
192.5,62.6701507568359,-0.011048184455327
193.75,62.6701507568359,-0.0120195318276592
195,62.6701507568359,-0.0148925580305175
196.25,62.6701507568359,-0.0318758399716836
197.5,62.6701507568359,-0.0318758470146185
178.75,63.6125640869141,-0.0243945851454054
180,63.6125640869141,-0.026604284524401
181.25,63.6125640869141,-0.0273224134583834
182.5,63.6125640869141,-0.0247550606885217
183.75,63.6125640869141,-0.0237137497597499
185,63.6125640869141,-0.0259824164449104
186.25,63.6125640869141,-0.0296588358280072
187.5,63.6125640869141,-0.0326989465722314
188.75,63.6125640869141,-0.0317335964220912
190,63.6125640869141,-0.0272709041162752
191.25,63.6125640869141,-0.0248069517659737
192.5,63.6125640869141,-0.0210952546302113
193.75,63.6125640869141,-0.0225549834298206
195,63.6125640869141,-0.0293638073562861
196.25,63.6125640869141,-0.0314693020504288
197.5,63.6125640869141,-0.0313164213563688
178.75,64.5549774169922,-0.0192838237425332
180,64.5549774169922,-0.0168418066929649
181.25,64.5549774169922,-0.0251840098192536
182.5,64.5549774169922,-0.0273502581851672
183.75,64.5549774169922,-0.0270076699004876
185,64.5549774169922,-0.028058997675687
186.25,64.5549774169922,-0.0298668321240242
187.5,64.5549774169922,-0.0314679715913396
188.75,64.5549774169922,-0.0296212516692177
190,64.5549774169922,-0.0279346346996696
191.25,64.5549774169922,-0.0307633872389888
192.5,64.5549774169922,-0.0295818391938994
193.75,64.5549774169922,-0.0288692589314745
195,64.5549774169922,-0.0298553745766706
196.25,64.5549774169922,-0.0305200921206255
197.5,64.5549774169922,-0.0306847017315924
180,65.4973907470703,-0.0120541146775468
181.25,65.4973907470703,-0.00195840653722752
182.5,65.4973907470703,-0.00516116641676902
183.75,65.4973907470703,-0.0110305851411617
185,65.4973907470703,-0.0123887320232781
188.75,65.4973907470703,-0.037135621788468
190,65.4973907470703,-0.0348336750558632
191.25,65.4973907470703,-0.033799007821554
192.5,65.4973907470703,-0.0332969460377908
193.75,65.4973907470703,-0.0334108320445313
