"lon","lat","beta"
160,20.2617797851562,0.00453792036394511
161.25,20.2617797851562,0.00852867957231183
162.5,20.2617797851562,0.0103042045281777
163.75,20.2617797851562,0.0100459285190767
165,20.2617797851562,0.0088870204794478
166.25,20.2617797851562,0.00730766052732481
167.5,20.2617797851562,0.00563798293755202
168.75,20.2617797851562,0.00394576890090725
170,20.2617797851562,0.00244621553837527
171.25,20.2617797851562,0.000743801961725961
172.5,20.2617797851562,-0.00221949007505586
173.75,20.2617797851562,-0.00629360325320473
175,20.2617797851562,-0.0108424145173041
176.25,20.2617797851562,-0.0150739656401384
177.5,20.2617797851562,-0.0185382845843624
178.75,20.2617797851562,-0.0209412778063251
180,20.2617797851562,-0.0221723358207449
181.25,20.2617797851562,-0.0216158250502278
182.5,20.2617797851562,-0.0197025559496608
183.75,20.2617797851562,-0.0166967592846446
185,20.2617797851562,-0.012994458362648
186.25,20.2617797851562,-0.00893468787322106
187.5,20.2617797851562,-0.00478733677517504
188.75,20.2617797851562,-0.000787465484842156
190,20.2617797851562,0.00221783111436956
191.25,20.2617797851562,0.00384114102276733
192.5,20.2617797851562,0.00575659857212936
193.75,20.2617797851562,0.00937062822061502
195,20.2617797851562,0.0145420623689717
196.25,20.2617797851562,0.0208703280715945
197.5,20.2617797851562,0.0281720974692539
198.75,20.2617797851562,0.035189300050984
200,20.2617797851562,0.0403414406717017
201.25,20.2617797851562,0.0432731349174547
202.5,20.2617797851562,0.044613643124336
203.75,20.2617797851562,0.048231184938872
205,20.2617797851562,0.0542304974859767
206.25,20.2617797851562,0.0397886589999867
207.5,20.2617797851562,0.0283677896173527
208.75,20.2617797851562,0.0230405084867797
210,20.2617797851562,0.017580297626491
211.25,20.2617797851562,0.0128533683986255
212.5,20.2617797851562,0.00934829985060559
213.75,20.2617797851562,0.0062332124103074
215,20.2617797851562,0.00236494535806315
216.25,20.2617797851562,-0.00145481675987161
217.5,20.2617797851562,-0.0055100273629464
218.75,20.2617797851562,-0.0098033898284913
220,20.2617797851562,-0.0145258272704015
221.25,20.2617797851562,-0.0192601225352703
222.5,20.2617797851562,-0.0240071195469209
223.75,20.2617797851562,-0.028571864349363
225,20.2617797851562,-0.0321811590541579
226.25,20.2617797851562,-0.0348239564464918
227.5,20.2617797851562,-0.0376645402384515
228.75,20.2617797851562,-0.0400891826645278
230,20.2617797851562,-0.0408556305963611
231.25,20.2617797851562,-0.0395445838113166
232.5,20.2617797851562,-0.0371349194586087
233.75,20.2617797851562,-0.034444396839153
235,20.2617797851562,-0.0313756286782546
236.25,20.2617797851562,-0.0278683610032873
237.5,20.2617797851562,-0.0247823563148227
238.75,20.2617797851562,-0.0215089304298536
240,20.2617797851562,-0.0161102443615742
241.25,20.2617797851562,-0.0109774000745958
242.5,20.2617797851562,-0.00794706372166069
243.75,20.2617797851562,-0.00770756390942731
245,20.2617797851562,-0.0104333739889236
246.25,20.2617797851562,-0.0137397484371985
247.5,20.2617797851562,-0.0149083467455524
248.75,20.2617797851562,-0.0153814892244266
250,20.2617797851562,-0.0171603650228549
160,21.2041854858398,0.00771964217673455
161.25,21.2041854858398,0.0127985499011799
162.5,21.2041854858398,0.0155089663789206
163.75,21.2041854858398,0.0157974967928765
165,21.2041854858398,0.0149435360106113
166.25,21.2041854858398,0.0136336673120324
167.5,21.2041854858398,0.0115838115757266
168.75,21.2041854858398,0.00929471102667
170,21.2041854858398,0.0065987767732868
171.25,21.2041854858398,0.00445344979070775
172.5,21.2041854858398,0.00156333658871636
173.75,21.2041854858398,-0.00240300391814914
175,21.2041854858398,-0.0069577194451996
176.25,21.2041854858398,-0.0113061133970406
177.5,21.2041854858398,-0.0150401169396289
178.75,21.2041854858398,-0.0183738009480523
180,21.2041854858398,-0.0205478185560413
181.25,21.2041854858398,-0.0213663916159705
182.5,21.2041854858398,-0.0204176489045557
183.75,21.2041854858398,-0.0178234769689733
185,21.2041854858398,-0.0140100251512778
186.25,21.2041854858398,-0.00947595991324181
187.5,21.2041854858398,-0.00480171556147059
188.75,21.2041854858398,-0.000730484492932304
190,21.2041854858398,0.00232409818679898
191.25,21.2041854858398,0.00396148887054578
192.5,21.2041854858398,0.00592144559742351
193.75,21.2041854858398,0.00886578702717913
195,21.2041854858398,0.0130841660121216
196.25,21.2041854858398,0.0183420478159622
197.5,21.2041854858398,0.0252198266262146
198.75,21.2041854858398,0.0330341206095252
200,21.2041854858398,0.03987605098134
201.25,21.2041854858398,0.044145287227451
202.5,21.2041854858398,0.0470950451417987
203.75,21.2041854858398,0.0523889476354089
205,21.2041854858398,0.056383267712193
206.25,21.2041854858398,0.0471921607786255
207.5,21.2041854858398,0.0370026503486039
208.75,21.2041854858398,0.0303755302205196
210,21.2041854858398,0.0238280562635807
211.25,21.2041854858398,0.0182909279455054
212.5,21.2041854858398,0.0145393617603743
213.75,21.2041854858398,0.0116205954030131
215,21.2041854858398,0.00733964130998024
216.25,21.2041854858398,0.00264466320773414
217.5,21.2041854858398,-0.00179696846857704
218.75,21.2041854858398,-0.00567771534140831
220,21.2041854858398,-0.00969412613616293
221.25,21.2041854858398,-0.0139131742071351
222.5,21.2041854858398,-0.0183839241611937
223.75,21.2041854858398,-0.0233166317399575
225,21.2041854858398,-0.0279400412062206
226.25,21.2041854858398,-0.0315903995400373
227.5,21.2041854858398,-0.0347208052383661
228.75,21.2041854858398,-0.037215754596849
230,21.2041854858398,-0.0383544873448069
231.25,21.2041854858398,-0.0378773218863175
232.5,21.2041854858398,-0.0361851000139413
233.75,21.2041854858398,-0.0340229958624306
235,21.2041854858398,-0.0314769331516867
236.25,21.2041854858398,-0.0279825758885495
237.5,21.2041854858398,-0.0232041268600502
238.75,21.2041854858398,-0.017619523442427
240,21.2041854858398,-0.010041489943283
241.25,21.2041854858398,-0.00370883918832353
242.5,21.2041854858398,-0.00101175411262918
243.75,21.2041854858398,-0.00222215906518196
245,21.2041854858398,-0.00759294369642844
246.25,21.2041854858398,-0.01335788668207
247.5,21.2041854858398,-0.0160975908956108
248.75,21.2041854858398,-0.0170454775011389
250,21.2041854858398,-0.0178474897987133
160,22.146598815918,0.0129097172195141
161.25,22.146598815918,0.0183356251965551
162.5,22.146598815918,0.0203448081204319
163.75,22.146598815918,0.0201687753721459
165,22.146598815918,0.0192705916282575
166.25,22.146598815918,0.0174763838118169
167.5,22.146598815918,0.0148342265840539
168.75,22.146598815918,0.011569953400104
170,22.146598815918,0.00768096182187594
171.25,22.146598815918,0.00461702872897347
172.5,22.146598815918,0.0021805074951058
173.75,22.146598815918,-0.000662082146663483
175,22.146598815918,-0.00447781123662578
176.25,22.146598815918,-0.00863589904974404
177.5,22.146598815918,-0.0127159963786734
178.75,22.146598815918,-0.0168029153206075
180,22.146598815918,-0.0200143862216787
181.25,22.146598815918,-0.0218898910430115
182.5,22.146598815918,-0.0217151530185918
183.75,22.146598815918,-0.0198822419291524
185,22.146598815918,-0.0164194559669669
186.25,22.146598815918,-0.0116026962757878
187.5,22.146598815918,-0.00669286125229359
188.75,22.146598815918,-0.0027542398289843
190,22.146598815918,0.000548628491682474
191.25,22.146598815918,0.00290329099115417
192.5,22.146598815918,0.00533247935040445
193.75,22.146598815918,0.00775590277525926
195,22.146598815918,0.0113651917122202
196.25,22.146598815918,0.0158293311099079
197.5,22.146598815918,0.0218632919039716
198.75,22.146598815918,0.0295523837103956
200,22.146598815918,0.0375288512035103
201.25,22.146598815918,0.0444915547672337
202.5,22.146598815918,0.0507569644071092
203.75,22.146598815918,0.0566417440118683
205,22.146598815918,0.0584253266114965
206.25,22.146598815918,0.053502089954171
207.5,22.146598815918,0.0456818418132731
208.75,22.146598815918,0.0378706602093352
210,22.146598815918,0.0301270918411332
211.25,22.146598815918,0.0237792819428918
212.5,22.146598815918,0.0193299053919909
213.75,22.146598815918,0.0163195692247838
215,22.146598815918,0.0120650578770768
216.25,22.146598815918,0.00711048829525532
217.5,22.146598815918,0.00251829612473952
218.75,22.146598815918,-0.00146587692455837
220,22.146598815918,-0.00536980011200255
221.25,22.146598815918,-0.00946214555902496
222.5,22.146598815918,-0.0139788317384614
223.75,22.146598815918,-0.0190493739447717
225,22.146598815918,-0.0242827937859701
226.25,22.146598815918,-0.0286848273307366
227.5,22.146598815918,-0.0316319343285846
228.75,22.146598815918,-0.0337732354666259
230,22.146598815918,-0.0350058318901882
231.25,22.146598815918,-0.0352489627556052
232.5,22.146598815918,-0.0346485880750886
233.75,22.146598815918,-0.0337283120172013
235,22.146598815918,-0.0322735605245128
236.25,22.146598815918,-0.0294986482531562
237.5,22.146598815918,-0.0243076772381299
238.75,22.146598815918,-0.0166911762956633
240,22.146598815918,-0.00731292734404832
241.25,22.146598815918,-0.00088828089428325
242.5,22.146598815918,0.000396701825162126
243.75,22.146598815918,-0.00240437330347884
245,22.146598815918,-0.00844909404386813
246.25,22.146598815918,-0.0158824089292975
247.5,22.146598815918,-0.0193700855204357
248.75,22.146598815918,-0.0191658390767558
250,22.146598815918,-0.0184793867753355
160,23.0890045166016,0.0156450548221848
161.25,23.0890045166016,0.0212170713263047
162.5,23.0890045166016,0.0227655847801538
163.75,23.0890045166016,0.0219960923071457
165,23.0890045166016,0.0201970568742578
166.25,23.0890045166016,0.0181411211659392
167.5,23.0890045166016,0.0152192043766054
168.75,23.0890045166016,0.0113667467565664
170,23.0890045166016,0.00695268144866503
171.25,23.0890045166016,0.00297602518107
172.5,23.0890045166016,0.000530181898564649
173.75,23.0890045166016,-0.00106923856094235
175,23.0890045166016,-0.00373933965071644
176.25,23.0890045166016,-0.00766772765709536
177.5,23.0890045166016,-0.0120870821714353
178.75,23.0890045166016,-0.0165624108369003
180,23.0890045166016,-0.020688752613678
181.25,23.0890045166016,-0.0231601657494024
182.5,23.0890045166016,-0.0237154235927939
183.75,23.0890045166016,-0.0233213627620501
185,23.0890045166016,-0.0212204398027938
186.25,23.0890045166016,-0.017227111775661
187.5,23.0890045166016,-0.0127035860187899
188.75,23.0890045166016,-0.0087512577767928
190,23.0890045166016,-0.00550177193985978
191.25,23.0890045166016,-0.00319424531945869
192.5,23.0890045166016,-0.000676086092773355
193.75,23.0890045166016,0.0023323292115206
195,23.0890045166016,0.00589507059878512
196.25,23.0890045166016,0.00945248124575501
197.5,23.0890045166016,0.013803896753917
198.75,23.0890045166016,0.0199722522920806
200,23.0890045166016,0.0280532695142952
201.25,23.0890045166016,0.037412688660552
202.5,23.0890045166016,0.0468232216920156
203.75,23.0890045166016,0.0546898502140193
205,23.0890045166016,0.057620465918022
206.25,23.0890045166016,0.0570060389925508
207.5,23.0890045166016,0.0526797997121195
208.75,23.0890045166016,0.0458466419383954
210,23.0890045166016,0.0376699793764164
211.25,23.0890045166016,0.0300176336470935
212.5,23.0890045166016,0.02364997236499
213.75,23.0890045166016,0.0183869967984681
215,23.0890045166016,0.0135837040925924
216.25,23.0890045166016,0.00955621603980219
217.5,23.0890045166016,0.00587872342379933
218.75,23.0890045166016,0.00209328449687532
220,23.0890045166016,-0.00195823921343545
221.25,23.0890045166016,-0.00606576710417135
222.5,23.0890045166016,-0.010357195648083
223.75,23.0890045166016,-0.0152912812828508
225,23.0890045166016,-0.0203223387255834
226.25,23.0890045166016,-0.0248182506037351
227.5,23.0890045166016,-0.0279480328875191
228.75,23.0890045166016,-0.029874857231472
230,23.0890045166016,-0.0314442828442043
231.25,23.0890045166016,-0.0324569711277934
232.5,23.0890045166016,-0.032886350311789
233.75,23.0890045166016,-0.0328900993270284
235,23.0890045166016,-0.0325125383154549
236.25,23.0890045166016,-0.030942701749334
237.5,23.0890045166016,-0.0263710705490303
238.75,23.0890045166016,-0.0172697425423057
240,23.0890045166016,-0.00637154115886365
241.25,23.0890045166016,0.000289443505590508
242.5,23.0890045166016,0.00102126927734988
243.75,23.0890045166016,-0.00251467272955905
245,23.0890045166016,-0.00958521136394445
246.25,23.0890045166016,-0.0162738764690901
247.5,23.0890045166016,-0.0182969745289037
248.75,23.0890045166016,-0.0174135074287117
250,23.0890045166016,-0.01825292274835
160,24.0314178466797,0.0139333755019835
161.25,24.0314178466797,0.0191869700775065
162.5,24.0314178466797,0.0217441480905691
163.75,24.0314178466797,0.0217435200401496
165,24.0314178466797,0.0198810318838126
166.25,24.0314178466797,0.0175628003746243
167.5,24.0314178466797,0.0147243129544984
168.75,24.0314178466797,0.0105661475703414
170,24.0314178466797,0.00571334838554467
171.25,24.0314178466797,0.00162389604105071
172.5,24.0314178466797,-0.00108390084670192
173.75,24.0314178466797,-0.00268453825283292
175,24.0314178466797,-0.00499340240396267
176.25,24.0314178466797,-0.00880407347050477
177.5,24.0314178466797,-0.0135377634143627
178.75,24.0314178466797,-0.0182961316234863
180,24.0314178466797,-0.0227827665743094
181.25,24.0314178466797,-0.0255177496780514
182.5,24.0314178466797,-0.0268811250807179
183.75,24.0314178466797,-0.0275877648527632
185,24.0314178466797,-0.0270684313596509
186.25,24.0314178466797,-0.0249281203568444
187.5,24.0314178466797,-0.0216446942944514
188.75,24.0314178466797,-0.0179374130461808
190,24.0314178466797,-0.0147822404815069
191.25,24.0314178466797,-0.0128227709597769
192.5,24.0314178466797,-0.0106730974649208
193.75,24.0314178466797,-0.00758315619529531
195,24.0314178466797,-0.00440025457479986
196.25,24.0314178466797,-0.00185911669858337
197.5,24.0314178466797,0.000850257938185474
198.75,24.0314178466797,0.00498929769833063
200,24.0314178466797,0.0111021385860511
201.25,24.0314178466797,0.0196612036795743
202.5,24.0314178466797,0.0298033375302971
203.75,24.0314178466797,0.0404106447676815
205,24.0314178466797,0.0485393494525922
206.25,24.0314178466797,0.0532129657226012
207.5,24.0314178466797,0.0539281840925078
208.75,24.0314178466797,0.0508454605777576
210,24.0314178466797,0.0444338436897362
211.25,24.0314178466797,0.0363980552615003
212.5,24.0314178466797,0.0277045884021777
213.75,24.0314178466797,0.019276902527643
215,24.0314178466797,0.0126697238372875
216.25,24.0314178466797,0.00941657367821312
217.5,24.0314178466797,0.00728751053277649
218.75,24.0314178466797,0.00475701775971127
220,24.0314178466797,0.00110381821588317
221.25,24.0314178466797,-0.00320065586154486
222.5,24.0314178466797,-0.00757203624738795
223.75,24.0314178466797,-0.0120335389314015
225,24.0314178466797,-0.0166203786352907
226.25,24.0314178466797,-0.0208116020474568
227.5,24.0314178466797,-0.0242380118591352
228.75,24.0314178466797,-0.0265413418254263
230,24.0314178466797,-0.0281707451672937
231.25,24.0314178466797,-0.0295938633413349
232.5,24.0314178466797,-0.0308874386483027
233.75,24.0314178466797,-0.0317824361699532
235,24.0314178466797,-0.0324231227344188
236.25,24.0314178466797,-0.0319263105839634
237.5,24.0314178466797,-0.027850570621854
238.75,24.0314178466797,-0.0180586351536116
240,24.0314178466797,-0.00653098015241051
241.25,24.0314178466797,0.00111114921625238
242.5,24.0314178466797,0.00316344049816185
243.75,24.0314178466797,-0.00047752928715632
245,24.0314178466797,-0.00817948666943984
246.25,24.0314178466797,-0.0135920223938174
247.5,24.0314178466797,-0.0147615935604756
248.75,24.0314178466797,-0.0140163536688307
250,24.0314178466797,-0.0118432375868618
160,24.9738235473633,0.0126125408103723
161.25,24.9738235473633,0.0157928067988419
162.5,24.9738235473633,0.0180581636138294
163.75,24.9738235473633,0.019133588168154
165,24.9738235473633,0.0190158639199997
166.25,24.9738235473633,0.0178643977344274
167.5,24.9738235473633,0.0156032692900646
168.75,24.9738235473633,0.0117013898591901
170,24.9738235473633,0.00647922844595137
171.25,24.9738235473633,0.00232244098649687
172.5,24.9738235473633,-0.00114420866144823
173.75,24.9738235473633,-0.00403990124160506
175,24.9738235473633,-0.00718350565962429
176.25,24.9738235473633,-0.0112367704033302
177.5,24.9738235473633,-0.0159660847402903
178.75,24.9738235473633,-0.0206905500978558
180,24.9738235473633,-0.0251228428100858
181.25,24.9738235473633,-0.0286549779861963
182.5,24.9738235473633,-0.0307600741551271
183.75,24.9738235473633,-0.032436096543842
185,24.9738235473633,-0.0328746368246584
186.25,24.9738235473633,-0.0320482478328129
187.5,24.9738235473633,-0.0302789384780189
188.75,24.9738235473633,-0.0277708374322407
190,24.9738235473633,-0.0254133536272444
191.25,24.9738235473633,-0.0236147709015163
192.5,24.9738235473633,-0.0215243188260052
193.75,24.9738235473633,-0.0185926037232918
195,24.9738235473633,-0.0155388785825574
196.25,24.9738235473633,-0.0131395358687984
197.5,24.9738235473633,-0.0110052612670313
198.75,24.9738235473633,-0.00787680014843887
200,24.9738235473633,-0.00367097882573778
201.25,24.9738235473633,0.00243425283135636
202.5,24.9738235473633,0.0103802308849603
203.75,24.9738235473633,0.0199449782833435
205,24.9738235473633,0.030273545153985
206.25,24.9738235473633,0.038982936946285
207.5,24.9738235473633,0.0456057184597035
208.75,24.9738235473633,0.0488589864497078
210,24.9738235473633,0.0476334392593211
211.25,24.9738235473633,0.0419177528387268
212.5,24.9738235473633,0.0325428458386798
213.75,24.9738235473633,0.0220167967872089
215,24.9738235473633,0.0131106089246135
216.25,24.9738235473633,0.00852328249483354
217.5,24.9738235473633,0.0070316605730032
218.75,24.9738235473633,0.00607685840795977
220,24.9738235473633,0.00371822613059965
221.25,24.9738235473633,-0.000185214774376598
222.5,24.9738235473633,-0.00471415318789187
223.75,24.9738235473633,-0.00896785553217985
225,24.9738235473633,-0.0129112620863094
226.25,24.9738235473633,-0.0165783977288165
227.5,24.9738235473633,-0.0205131821727024
228.75,24.9738235473633,-0.0237446688304749
230,24.9738235473633,-0.0256153405460337
231.25,24.9738235473633,-0.0271682070007207
232.5,24.9738235473633,-0.0286278378117835
233.75,24.9738235473633,-0.0300765412652108
235,24.9738235473633,-0.031522565164245
236.25,24.9738235473633,-0.0312704891149417
237.5,24.9738235473633,-0.0275188438633544
238.75,24.9738235473633,-0.017744652789748
240,24.9738235473633,-0.00632327614647723
241.25,24.9738235473633,0.00210438309011054
242.5,24.9738235473633,0.00564835108623751
243.75,24.9738235473633,0.0016497363025692
245,24.9738235473633,-0.00584146685708362
246.25,24.9738235473633,-0.0107003181128271
247.5,24.9738235473633,-0.0126981895284647
248.75,24.9738235473633,-0.0118337486603728
250,24.9738235473633,-0.00778808507946183
160,25.9162292480469,0.0132384606477537
161.25,25.9162292480469,0.0143704401847845
162.5,25.9162292480469,0.0150915836622356
163.75,25.9162292480469,0.015796927408122
165,25.9162292480469,0.0163748352578298
166.25,25.9162292480469,0.0160852299647751
167.5,25.9162292480469,0.0145607829998832
168.75,25.9162292480469,0.0117424692531343
170,25.9162292480469,0.00758454799840831
171.25,25.9162292480469,0.00357171422424167
172.5,25.9162292480469,-0.000180664559591088
173.75,25.9162292480469,-0.00346252508068498
175,25.9162292480469,-0.00685858586617265
176.25,25.9162292480469,-0.0110851083849329
177.5,25.9162292480469,-0.0160008801311751
178.75,25.9162292480469,-0.0207639158085947
180,25.9162292480469,-0.0254021740878881
181.25,25.9162292480469,-0.0295988890873104
182.5,25.9162292480469,-0.0326428590235682
183.75,25.9162292480469,-0.0352752247010631
185,25.9162292480469,-0.0369387646573696
186.25,25.9162292480469,-0.0371884186081386
187.5,25.9162292480469,-0.036440267857778
188.75,25.9162292480469,-0.0351164754921865
190,25.9162292480469,-0.0337885826216401
191.25,25.9162292480469,-0.0326647279643752
192.5,25.9162292480469,-0.0309849646339645
193.75,25.9162292480469,-0.0284364816119626
195,25.9162292480469,-0.0255902323555853
196.25,25.9162292480469,-0.0230999816929496
197.5,25.9162292480469,-0.0209752868177259
198.75,25.9162292480469,-0.0181074511856988
200,25.9162292480469,-0.0145476184068183
201.25,25.9162292480469,-0.0101933439778052
202.5,25.9162292480469,-0.00464544008376712
203.75,25.9162292480469,0.00228527235922138
205,25.9162292480469,0.0114349338332344
206.25,25.9162292480469,0.0209054503968027
207.5,25.9162292480469,0.0308656286184615
208.75,25.9162292480469,0.0393492822868731
210,25.9162292480469,0.0444540564621413
211.25,25.9162292480469,0.0449788349929994
212.5,25.9162292480469,0.0392496266592724
213.75,25.9162292480469,0.0283590635265956
215,25.9162292480469,0.016870775916738
216.25,25.9162292480469,0.00877205435343374
217.5,25.9162292480469,0.00634038192636014
218.75,25.9162292480469,0.00640562836498398
220,25.9162292480469,0.00574615446269623
221.25,25.9162292480469,0.0028965655081639
222.5,25.9162292480469,-0.00136898272937396
223.75,25.9162292480469,-0.00568918727720094
225,25.9162292480469,-0.00935703516477399
226.25,25.9162292480469,-0.0124373795002764
227.5,25.9162292480469,-0.0161463087210272
228.75,25.9162292480469,-0.0199055445787429
230,25.9162292480469,-0.022500329694856
231.25,25.9162292480469,-0.0245839044663133
232.5,25.9162292480469,-0.0262475397875465
233.75,25.9162292480469,-0.0275412131242369
235,25.9162292480469,-0.028716939357788
236.25,25.9162292480469,-0.0283407754790324
237.5,25.9162292480469,-0.0253045898327243
238.75,25.9162292480469,-0.01617511300435
240,25.9162292480469,-0.00509381760548283
241.25,25.9162292480469,0.00357523688123561
242.5,25.9162292480469,0.007674782463493
243.75,25.9162292480469,0.00317360140594429
245,25.9162292480469,-0.00341127048749068
246.25,25.9162292480469,-0.00761689325561328
247.5,25.9162292480469,-0.0103200079264029
248.75,25.9162292480469,-0.00190112921298476
250,25.9162292480469,-0.00420045723506191
160,26.858642578125,0.0138687214740191
161.25,26.858642578125,0.0139641449303274
162.5,26.858642578125,0.0140078243572335
163.75,26.858642578125,0.0141015280201185
165,26.858642578125,0.0142509811298037
166.25,26.858642578125,0.0140113521566559
167.5,26.858642578125,0.012931145810402
168.75,26.858642578125,0.0111500072136896
170,26.858642578125,0.00807257473778056
171.25,26.858642578125,0.00494007525304872
172.5,26.858642578125,0.00178071258426572
173.75,26.858642578125,-0.000986571864767914
175,26.858642578125,-0.00401377210396761
176.25,26.858642578125,-0.00763365997289029
177.5,26.858642578125,-0.0118260893457675
178.75,26.858642578125,-0.0163805449968823
180,26.858642578125,-0.0212048998612027
181.25,26.858642578125,-0.0258247618439391
182.5,26.858642578125,-0.0296434737792276
183.75,26.858642578125,-0.0330415760132125
185,26.858642578125,-0.0356099791166498
186.25,26.858642578125,-0.0370392802037616
187.5,26.858642578125,-0.0375062145377194
188.75,26.858642578125,-0.0374543164305521
190,26.858642578125,-0.037538747060827
191.25,26.858642578125,-0.0377607607099131
192.5,26.858642578125,-0.0375002831752788
193.75,26.858642578125,-0.036097799962019
195,26.858642578125,-0.0341572550024986
196.25,26.858642578125,-0.032160189823155
197.5,26.858642578125,-0.0302993204638299
198.75,26.858642578125,-0.0277364069872889
200,26.858642578125,-0.024563333687227
201.25,26.858642578125,-0.0206411767942392
202.5,26.858642578125,-0.0161004489418195
203.75,26.858642578125,-0.0107410925097463
205,26.858642578125,-0.00330783923515768
206.25,26.858642578125,0.00510249147505481
207.5,26.858642578125,0.015243164186662
208.75,26.858642578125,0.0259703057489408
210,26.858642578125,0.0346858055744919
211.25,26.858642578125,0.0407378166398617
212.5,26.858642578125,0.0424703600596948
213.75,26.858642578125,0.0364720837202496
215,26.858642578125,0.0249971840305698
216.25,26.858642578125,0.0141637549100376
217.5,26.858642578125,0.00932948917854469
218.75,26.858642578125,0.00892147797972265
220,26.858642578125,0.00920263795172689
221.25,26.858642578125,0.00704417562255169
222.5,26.858642578125,0.00297144297973741
223.75,26.858642578125,-0.00169475701968576
225,26.858642578125,-0.00543245718622319
226.25,26.858642578125,-0.00845359567572313
227.5,26.858642578125,-0.0119750892043678
228.75,26.858642578125,-0.0152717212109831
230,26.858642578125,-0.0182051849686518
231.25,26.858642578125,-0.020859716642805
232.5,26.858642578125,-0.0230425996183669
233.75,26.858642578125,-0.024518874470248
235,26.858642578125,-0.0253986692765131
236.25,26.858642578125,-0.0249314540881274
237.5,26.858642578125,-0.0224169672801267
238.75,26.858642578125,-0.0142535338297194
240,26.858642578125,-0.00350760543648256
241.25,26.858642578125,0.0050507821811178
242.5,26.858642578125,0.00888733957012975
243.75,26.858642578125,0.00473105848240855
245,26.858642578125,-0.000783888912316928
246.25,26.858642578125,-0.00441996649224509
247.5,26.858642578125,-0.0059841907545403
248.75,26.858642578125,-0.00179135625371402
250,26.858642578125,-0.00110843875050309
160,27.8010482788086,0.0162612138640542
161.25,27.8010482788086,0.0157713718216585
162.5,27.8010482788086,0.0159008325799714
163.75,27.8010482788086,0.0164566368247755
165,27.8010482788086,0.0169423760308612
166.25,27.8010482788086,0.0170002865482348
167.5,27.8010482788086,0.0164092490030607
168.75,27.8010482788086,0.0153595997577432
170,27.8010482788086,0.0135102296258262
171.25,27.8010482788086,0.0109044610596947
172.5,27.8010482788086,0.00773087251220561
173.75,27.8010482788086,0.00491048843016356
175,27.8010482788086,0.00233457548898731
176.25,27.8010482788086,-0.000379395986918852
177.5,27.8010482788086,-0.00351827138645824
178.75,27.8010482788086,-0.00738673009001907
180,27.8010482788086,-0.011951278619262
181.25,27.8010482788086,-0.0169747666523577
182.5,27.8010482788086,-0.021869654979816
183.75,27.8010482788086,-0.0260091195316555
185,27.8010482788086,-0.0295553019095856
186.25,27.8010482788086,-0.0325600463074533
187.5,27.8010482788086,-0.0349289656043897
188.75,27.8010482788086,-0.0365375189940048
190,27.8010482788086,-0.0378504840343061
191.25,27.8010482788086,-0.0389056516260424
192.5,27.8010482788086,-0.0394105177764028
193.75,27.8010482788086,-0.0390785497713345
195,27.8010482788086,-0.0385216328402555
196.25,27.8010482788086,-0.0377740945661732
197.5,27.8010482788086,-0.0367711631722767
198.75,27.8010482788086,-0.0354188201883065
200,27.8010482788086,-0.0337624139660052
201.25,27.8010482788086,-0.0314661476275255
202.5,27.8010482788086,-0.0276634012534046
203.75,27.8010482788086,-0.022395769166547
205,27.8010482788086,-0.0148156363150204
206.25,27.8010482788086,-0.00638587569591162
207.5,27.8010482788086,0.00369703844125814
208.75,27.8010482788086,0.0144440002042026
210,27.8010482788086,0.0239186633497074
211.25,27.8010482788086,0.0321440510304568
212.5,27.8010482788086,0.0387398287802346
213.75,27.8010482788086,0.0406775854891545
215,27.8010482788086,0.0352393499734536
216.25,27.8010482788086,0.0253443353082586
217.5,27.8010482788086,0.0184648735149112
218.75,27.8010482788086,0.0161347947595792
220,27.8010482788086,0.0158666854589789
221.25,27.8010482788086,0.0138387730436122
222.5,27.8010482788086,0.00909041221462881
223.75,27.8010482788086,0.00355863026322556
225,27.8010482788086,-0.00082574176890992
226.25,27.8010482788086,-0.0044730510111005
227.5,27.8010482788086,-0.00829984441733132
228.75,27.8010482788086,-0.0115587228018647
230,27.8010482788086,-0.0141150014010809
231.25,27.8010482788086,-0.0163837632509718
232.5,27.8010482788086,-0.0186723667755028
233.75,27.8010482788086,-0.0202339474260386
235,27.8010482788086,-0.0213503700555175
236.25,27.8010482788086,-0.0219751319481524
237.5,27.8010482788086,-0.0199181294686354
238.75,27.8010482788086,-0.012632398453229
240,27.8010482788086,-0.00214813265344386
241.25,27.8010482788086,0.00665088409037423
242.5,27.8010482788086,0.0099203643210971
243.75,27.8010482788086,0.00681681195054019
245,27.8010482788086,0.0012732637957315
246.25,27.8010482788086,-0.00160403475331068
247.5,27.8010482788086,-0.00462677869975592
248.75,27.8010482788086,-0.00255465303798905
250,27.8010482788086,-0.000566555154618485
160,28.7434539794922,0.022005146748706
161.25,28.7434539794922,0.0228727719872992
162.5,28.7434539794922,0.0227446274985324
163.75,28.7434539794922,0.0229675663492377
165,28.7434539794922,0.0242035484608948
166.25,28.7434539794922,0.0254205679235223
167.5,28.7434539794922,0.0260731726189013
168.75,28.7434539794922,0.0259876666250022
170,28.7434539794922,0.0253276500715507
171.25,28.7434539794922,0.0230518650503636
172.5,28.7434539794922,0.0196297215791884
173.75,28.7434539794922,0.0164043271212613
175,28.7434539794922,0.0131980109952633
176.25,28.7434539794922,0.0098958015026835
177.5,28.7434539794922,0.0068211342230394
178.75,28.7434539794922,0.00368914642587917
180,28.7434539794922,0.000148417339937361
181.25,28.7434539794922,-0.00413652416579484
182.5,28.7434539794922,-0.00948658346071978
183.75,28.7434539794922,-0.0147763353049109
185,28.7434539794922,-0.0196234744777435
186.25,28.7434539794922,-0.0244775210532295
187.5,28.7434539794922,-0.0290731548304872
188.75,28.7434539794922,-0.0328051913385522
190,28.7434539794922,-0.0355181135168056
191.25,28.7434539794922,-0.0374614366395606
192.5,28.7434539794922,-0.0390097306818814
193.75,28.7434539794922,-0.0396224907119165
195,28.7434539794922,-0.0394686083330844
196.25,28.7434539794922,-0.0391919379102518
197.5,28.7434539794922,-0.038805961447486
198.75,28.7434539794922,-0.0384976657955021
200,28.7434539794922,-0.0382171291943023
201.25,28.7434539794922,-0.0376173851895116
202.5,28.7434539794922,-0.0355259495814387
203.75,28.7434539794922,-0.0311034601866843
205,28.7434539794922,-0.0236392699865308
206.25,28.7434539794922,-0.0145978244233524
207.5,28.7434539794922,-0.00464694719076665
208.75,28.7434539794922,0.00589398072834451
210,28.7434539794922,0.0161099253410031
211.25,28.7434539794922,0.0254036107200629
212.5,28.7434539794922,0.0331011613469042
213.75,28.7434539794922,0.0386656873419605
215,28.7434539794922,0.039867097872003
216.25,28.7434539794922,0.035947035564732
217.5,28.7434539794922,0.0297102140104184
218.75,28.7434539794922,0.0258898180537852
220,28.7434539794922,0.0241719189318704
221.25,28.7434539794922,0.0218721127168321
222.5,28.7434539794922,0.0166460383252359
223.75,28.7434539794922,0.00991615126302798
225,28.7434539794922,0.00418186358360809
226.25,28.7434539794922,-0.000498722635019427
227.5,28.7434539794922,-0.00463221955699361
228.75,28.7434539794922,-0.00895516119508516
230,28.7434539794922,-0.0111163846165703
231.25,28.7434539794922,-0.0126999811873456
232.5,28.7434539794922,-0.0143006500854228
233.75,28.7434539794922,-0.0153579041432459
235,28.7434539794922,-0.0169034842556712
236.25,28.7434539794922,-0.0190161257560866
237.5,28.7434539794922,-0.0178404932118317
238.75,28.7434539794922,-0.0108204015417163
240,28.7434539794922,0.000331422448209178
241.25,28.7434539794922,0.00944714758465397
242.5,28.7434539794922,0.0115821919220015
243.75,28.7434539794922,0.00918901938017443
245,28.7434539794922,0.00476202849449808
246.25,28.7434539794922,-0.00107589122331095
160,29.6858673095703,0.0282926042101444
161.25,29.6858673095703,0.031685260563104
162.5,29.6858673095703,0.0333466838259683
163.75,29.6858673095703,0.0332145717906529
165,29.6858673095703,0.0341652973482791
166.25,29.6858673095703,0.0365022299460862
167.5,29.6858673095703,0.0386043956039632
168.75,29.6858673095703,0.0399744453217146
170,29.6858673095703,0.04044323437523
171.25,29.6858673095703,0.0384384316131966
172.5,29.6858673095703,0.035367637456514
173.75,29.6858673095703,0.0321904427509854
175,29.6858673095703,0.0280152936243043
176.25,29.6858673095703,0.0228737985131482
177.5,29.6858673095703,0.0183322130185312
178.75,29.6858673095703,0.0151369723958521
180,29.6858673095703,0.012360159414877
181.25,29.6858673095703,0.00912805620799141
182.5,29.6858673095703,0.00372082941313072
183.75,29.6858673095703,-0.00257356713891143
185,29.6858673095703,-0.00850397690961324
186.25,29.6858673095703,-0.0140112233438864
187.5,29.6858673095703,-0.019662064113541
188.75,29.6858673095703,-0.0250160423685026
190,29.6858673095703,-0.0293925174112671
191.25,29.6858673095703,-0.0327004488662065
192.5,29.6858673095703,-0.0354663112736738
193.75,29.6858673095703,-0.0374702381907762
195,29.6858673095703,-0.0375431688624266
196.25,29.6858673095703,-0.0371296242824921
197.5,29.6858673095703,-0.0368672088848723
198.75,29.6858673095703,-0.0373766018524874
200,29.6858673095703,-0.0383389628666145
201.25,29.6858673095703,-0.0391534548316008
202.5,29.6858673095703,-0.0386040677528366
203.75,29.6858673095703,-0.035549899467177
205,29.6858673095703,-0.0293820877147789
206.25,29.6858673095703,-0.0206328653490303
207.5,29.6858673095703,-0.0114509531921657
208.75,29.6858673095703,-0.00185685220501556
210,29.6858673095703,0.00834629384566726
211.25,29.6858673095703,0.0184390851701857
212.5,29.6858673095703,0.027313394283992
213.75,29.6858673095703,0.0346127142353379
215,29.6858673095703,0.0388228509723178
216.25,29.6858673095703,0.0393775460517207
217.5,29.6858673095703,0.0370709449512602
218.75,29.6858673095703,0.0341818331480031
220,29.6858673095703,0.0321842071548083
221.25,29.6858673095703,0.0298412938891481
222.5,29.6858673095703,0.0248155085850204
223.75,29.6858673095703,0.0174721791387279
225,29.6858673095703,0.00986815687983299
226.25,29.6858673095703,0.00360216150174491
227.5,29.6858673095703,-0.0014007153483413
228.75,29.6858673095703,-0.00642055297005522
230,29.6858673095703,-0.00922729135166344
231.25,29.6858673095703,-0.0109239140409386
232.5,29.6858673095703,-0.0113785413261054
233.75,29.6858673095703,-0.0110652812185442
235,29.6858673095703,-0.012723166803593
236.25,29.6858673095703,-0.0157918132306858
237.5,29.6858673095703,-0.0153308600431399
238.75,29.6858673095703,-0.00826231992334443
240,29.6858673095703,0.00391809576098049
241.25,29.6858673095703,0.0128019969797566
242.5,29.6858673095703,0.0134851394274097
243.75,29.6858673095703,0.010978502376339
245,29.6858673095703,0.00894768218533723
160,30.6282730102539,0.0314035496124142
161.25,30.6282730102539,0.0357383052975652
162.5,30.6282730102539,0.0393516224905738
163.75,30.6282730102539,0.0404547966934839
165,30.6282730102539,0.0412279088583344
166.25,30.6282730102539,0.0437759231934484
167.5,30.6282730102539,0.0468114722081513
168.75,30.6282730102539,0.0495227703361357
170,30.6282730102539,0.0514558109350313
171.25,30.6282730102539,0.0508095368234539
172.5,30.6282730102539,0.0494137403020963
173.75,30.6282730102539,0.0480031223062963
175,30.6282730102539,0.044368288296342
176.25,30.6282730102539,0.0389507742729402
177.5,30.6282730102539,0.0336200890432592
178.75,30.6282730102539,0.0292633925225477
180,30.6282730102539,0.026335745214371
181.25,30.6282730102539,0.0234692835790498
182.5,30.6282730102539,0.0178809755963978
183.75,30.6282730102539,0.0108993484671928
185,30.6282730102539,0.00478257203554999
186.25,30.6282730102539,-0.000975092837634736
187.5,30.6282730102539,-0.00781578910165768
188.75,30.6282730102539,-0.0149394841442807
190,30.6282730102539,-0.0209689950799538
191.25,30.6282730102539,-0.0256820765015461
192.5,30.6282730102539,-0.0296115861026166
193.75,30.6282730102539,-0.0329993718356437
195,30.6282730102539,-0.0341568934573787
196.25,30.6282730102539,-0.0341677964481119
197.5,30.6282730102539,-0.0340555758265528
198.75,30.6282730102539,-0.0347826527061402
200,30.6282730102539,-0.0362692568028252
201.25,30.6282730102539,-0.0377179955379941
202.5,30.6282730102539,-0.0379776617308583
203.75,30.6282730102539,-0.0363595198245069
205,30.6282730102539,-0.032304703933544
206.25,30.6282730102539,-0.0252418833543583
207.5,30.6282730102539,-0.0174772201373673
208.75,30.6282730102539,-0.00926149106854013
210,30.6282730102539,4.44895114287277e-06
211.25,30.6282730102539,0.0100614962584334
212.5,30.6282730102539,0.0197942207818228
213.75,30.6282730102539,0.0287989954102616
215,30.6282730102539,0.0351113315059879
216.25,30.6282730102539,0.0371660843653356
217.5,30.6282730102539,0.037988574856985
218.75,30.6282730102539,0.0386208901282205
220,30.6282730102539,0.0388356138670085
221.25,30.6282730102539,0.037343683585994
222.5,30.6282730102539,0.0327516465536428
223.75,30.6282730102539,0.0252067393148593
225,30.6282730102539,0.0164231969487812
226.25,30.6282730102539,0.00853586576512142
227.5,30.6282730102539,0.00227117227792971
228.75,30.6282730102539,-0.00327002044362531
230,30.6282730102539,-0.00741456223755458
231.25,30.6282730102539,-0.0106258031323351
232.5,30.6282730102539,-0.0113554338071118
233.75,30.6282730102539,-0.0093533616109083
235,30.6282730102539,-0.00973047426896762
236.25,30.6282730102539,-0.0124228471247165
237.5,30.6282730102539,-0.0114698826465578
238.75,30.6282730102539,-0.00424913332319317
240,30.6282730102539,0.00794033642604126
241.25,30.6282730102539,0.0164678610865789
242.5,30.6282730102539,0.0153265907154757
243.75,30.6282730102539,0.0118028027032732
160,31.5706787109375,0.0326824410119025
161.25,31.5706787109375,0.0354859687139998
162.5,31.5706787109375,0.0397376586854009
163.75,31.5706787109375,0.0422666033317994
165,31.5706787109375,0.0433258896487397
166.25,31.5706787109375,0.045504216843457
167.5,31.5706787109375,0.0488501735056224
168.75,31.5706787109375,0.0522003286819644
170,31.5706787109375,0.0545425942564199
171.25,31.5706787109375,0.0549316823295794
172.5,31.5706787109375,0.0553630019652045
173.75,31.5706787109375,0.0548719591321193
175,31.5706787109375,0.0519366663833243
176.25,31.5706787109375,0.0477430923147567
177.5,31.5706787109375,0.0434243460217935
178.75,31.5706787109375,0.0398041442351035
180,31.5706787109375,0.0372888689353174
181.25,31.5706787109375,0.0341563685359519
182.5,31.5706787109375,0.0277102943861882
183.75,31.5706787109375,0.0216555543430522
185,31.5706787109375,0.0179729250804166
186.25,31.5706787109375,0.0136165718483526
187.5,31.5706787109375,0.00629091363499078
188.75,31.5706787109375,-0.00226830636284093
190,31.5706787109375,-0.00975932160767424
191.25,31.5706787109375,-0.0161875059738997
192.5,31.5706787109375,-0.0219105993029501
193.75,31.5706787109375,-0.0265364565991284
195,31.5706787109375,-0.0297199974604405
196.25,31.5706787109375,-0.0312736329847121
197.5,31.5706787109375,-0.0318585831396126
198.75,31.5706787109375,-0.0328078162686416
200,31.5706787109375,-0.0344333450534479
201.25,31.5706787109375,-0.0359377946521477
202.5,31.5706787109375,-0.0363415201479315
203.75,31.5706787109375,-0.0354077080730154
205,31.5706787109375,-0.0330146315209459
206.25,31.5706787109375,-0.0285204969678419
207.5,31.5706787109375,-0.0221432975880637
208.75,31.5706787109375,-0.0150484540107945
210,31.5706787109375,-0.00697295458740545
211.25,31.5706787109375,0.00238398402565085
212.5,31.5706787109375,0.0122698104055432
213.75,31.5706787109375,0.0220281079440071
215,31.5706787109375,0.0299913282456171
216.25,31.5706787109375,0.0341850947686578
217.5,31.5706787109375,0.0362653321286406
218.75,31.5706787109375,0.0397158557142965
220,31.5706787109375,0.0428666531670924
221.25,31.5706787109375,0.0433981908647735
222.5,31.5706787109375,0.0407520372119924
223.75,31.5706787109375,0.0346271021829744
225,31.5706787109375,0.0253018406325968
226.25,31.5706787109375,0.0152063127890069
227.5,31.5706787109375,0.00699075383207782
228.75,31.5706787109375,0.000417300547812104
230,31.5706787109375,-0.00505871843009216
231.25,31.5706787109375,-0.0095175667246107
232.5,31.5706787109375,-0.0110650261177407
233.75,31.5706787109375,-0.00857291658598407
235,31.5706787109375,-0.00651203086926426
236.25,31.5706787109375,-0.00711259274442364
237.5,31.5706787109375,-0.00555223805879892
238.75,31.5706787109375,0.00157307328187277
240,31.5706787109375,0.0123012072335516
241.25,31.5706787109375,0.0201024363391366
242.5,31.5706787109375,0.018636951372562
243.75,31.5706787109375,0.0113876398315657
160,32.5130920410156,0.0333578610746641
161.25,32.5130920410156,0.0344343684283864
162.5,32.5130920410156,0.0369070427805662
163.75,32.5130920410156,0.0392417405258378
165,32.5130920410156,0.0400226192403441
166.25,32.5130920410156,0.0409786698135272
167.5,32.5130920410156,0.0433059063941394
168.75,32.5130920410156,0.0466778562522372
170,32.5130920410156,0.0492070470520701
171.25,32.5130920410156,0.0499065497136385
172.5,32.5130920410156,0.0502290919571857
173.75,32.5130920410156,0.0504620287612986
175,32.5130920410156,0.0493613493275381
176.25,32.5130920410156,0.0475451213963349
177.5,32.5130920410156,0.0460207401374821
178.75,32.5130920410156,0.0449121952357959
180,32.5130920410156,0.0436478311023312
181.25,32.5130920410156,0.0398297778028642
182.5,32.5130920410156,0.0325975097094079
183.75,32.5130920410156,0.0280152411735779
185,32.5130920410156,0.0267730932562819
186.25,32.5130920410156,0.0230336112573333
187.5,32.5130920410156,0.0151668949337674
188.75,32.5130920410156,0.00666615098286172
190,32.5130920410156,-0.000447156772492938
191.25,32.5130920410156,-0.00689243587055267
192.5,32.5130920410156,-0.0135937670433784
193.75,32.5130920410156,-0.0192991004033923
195,32.5130920410156,-0.0241068634243873
196.25,32.5130920410156,-0.0276093475824507
197.5,32.5130920410156,-0.0298702297092095
198.75,32.5130920410156,-0.0317483148893834
200,32.5130920410156,-0.0336345266910926
201.25,32.5130920410156,-0.0348573619707806
202.5,32.5130920410156,-0.0350071620522289
203.75,32.5130920410156,-0.0344049478234752
205,32.5130920410156,-0.0330912552767967
206.25,32.5130920410156,-0.0302815602983449
207.5,32.5130920410156,-0.0247778343144568
208.75,32.5130920410156,-0.0181445840431666
210,32.5130920410156,-0.0108222222506159
211.25,32.5130920410156,-0.00225376511544572
212.5,32.5130920410156,0.00695869482630377
213.75,32.5130920410156,0.0163241200061437
215,32.5130920410156,0.0249190885037595
216.25,32.5130920410156,0.0310147149817606
217.5,32.5130920410156,0.0344447003381466
218.75,32.5130920410156,0.0389622028964508
220,32.5130920410156,0.0438943095518224
221.25,32.5130920410156,0.0463548057553398
222.5,32.5130920410156,0.0459695901208267
223.75,32.5130920410156,0.0422160169216592
225,32.5130920410156,0.0347137593856882
226.25,32.5130920410156,0.0244124048874753
227.5,32.5130920410156,0.0137691506407945
228.75,32.5130920410156,0.00465532676008396
230,32.5130920410156,-0.00230363561103168
231.25,32.5130920410156,-0.00691861244701993
232.5,32.5130920410156,-0.0082890337467797
233.75,32.5130920410156,-0.00572050707546024
235,32.5130920410156,-0.00165801212083857
236.25,32.5130920410156,-0.000354468646170691
237.5,32.5130920410156,0.00166102966433125
238.75,32.5130920410156,0.00925602238855376
240,32.5130920410156,0.0185307137148594
241.25,32.5130920410156,0.0230308388454459
242.5,32.5130920410156,0.0212083099126286
160,33.4554977416992,0.0361361852140005
161.25,33.4554977416992,0.035596902258419
162.5,33.4554977416992,0.0368183641574505
163.75,33.4554977416992,0.0383366740037326
165,33.4554977416992,0.0383336664087906
166.25,33.4554977416992,0.03747977261454
167.5,33.4554977416992,0.0377588070855423
168.75,33.4554977416992,0.0399894059284811
170,33.4554977416992,0.0417757340415746
171.25,33.4554977416992,0.0406929353411004
172.5,33.4554977416992,0.0388398287844818
173.75,33.4554977416992,0.0390270257319281
175,33.4554977416992,0.0394813577225366
176.25,33.4554977416992,0.0395345827255499
177.5,33.4554977416992,0.0405579599384099
178.75,33.4554977416992,0.0424168233661672
180,33.4554977416992,0.0429987370636577
181.25,33.4554977416992,0.0400507834419451
182.5,33.4554977416992,0.0345562322612531
183.75,33.4554977416992,0.0313473090033239
185,33.4554977416992,0.031311500531804
186.25,33.4554977416992,0.0284004606151867
187.5,33.4554977416992,0.0208225365291183
188.75,33.4554977416992,0.012554302331479
190,33.4554977416992,0.00595306907425105
191.25,33.4554977416992,-0.000159380231916314
192.5,33.4554977416992,-0.00689157309459397
193.75,33.4554977416992,-0.0134208252203617
195,33.4554977416992,-0.019191256392484
196.25,33.4554977416992,-0.0238502090544622
197.5,33.4554977416992,-0.0273473777337238
198.75,33.4554977416992,-0.0301678227195932
200,33.4554977416992,-0.0325350247355879
201.25,33.4554977416992,-0.0339377126439218
202.5,33.4554977416992,-0.0341301256542723
203.75,33.4554977416992,-0.0338854226645657
205,33.4554977416992,-0.0333457054746405
206.25,33.4554977416992,-0.0314591832823204
207.5,33.4554977416992,-0.0263885324115845
208.75,33.4554977416992,-0.0195795882874121
210,33.4554977416992,-0.0119609735252285
211.25,33.4554977416992,-0.00362931135449889
212.5,33.4554977416992,0.00500073987173167
213.75,33.4554977416992,0.0135131503375217
215,33.4554977416992,0.0216131667169479
216.25,33.4554977416992,0.0285609011053225
217.5,33.4554977416992,0.0336622626714377
218.75,33.4554977416992,0.0381940173145955
220,33.4554977416992,0.043395151078083
221.25,33.4554977416992,0.0467274539914115
222.5,33.4554977416992,0.0477270958646177
223.75,33.4554977416992,0.0463146014391221
225,33.4554977416992,0.0412386009600864
226.25,33.4554977416992,0.0318738651895496
227.5,33.4554977416992,0.0201410300606677
228.75,33.4554977416992,0.00922306696707187
230,33.4554977416992,0.0011369987740673
231.25,33.4554977416992,-0.00337615319155852
232.5,33.4554977416992,-0.00398126483127424
233.75,33.4554977416992,-0.00113572096734377
235,33.4554977416992,0.0036955100637777
236.25,33.4554977416992,0.00611630298424652
237.5,33.4554977416992,0.00990459380308807
238.75,33.4554977416992,0.0183286394597657
240,33.4554977416992,0.0248903781925368
241.25,33.4554977416992,0.0254255804767733
242.5,33.4554977416992,0.0215263503340045
160,34.3979034423828,0.0372040200410422
161.25,34.3979034423828,0.0359301481825181
162.5,34.3979034423828,0.0375022543719173
163.75,34.3979034423828,0.0405836162791
165,34.3979034423828,0.0416347527336564
166.25,34.3979034423828,0.0395840371564401
167.5,34.3979034423828,0.036419258231161
168.75,34.3979034423828,0.0349991093607397
170,34.3979034423828,0.0336579917183028
171.25,34.3979034423828,0.0294556198303892
172.5,34.3979034423828,0.0258022720728641
173.75,34.3979034423828,0.0256813012128666
175,34.3979034423828,0.0270712222727872
176.25,34.3979034423828,0.0286130423020429
177.5,34.3979034423828,0.0312266814643497
178.75,34.3979034423828,0.0348316871464471
180,34.3979034423828,0.0371775149215635
181.25,34.3979034423828,0.0363569582693706
182.5,34.3979034423828,0.0335398723827393
183.75,34.3979034423828,0.0309398616439589
185,34.3979034423828,0.0304431766528683
186.25,34.3979034423828,0.0285403417696035
187.5,34.3979034423828,0.0228311779406153
188.75,34.3979034423828,0.0158739419194036
190,34.3979034423828,0.00999498457819946
191.25,34.3979034423828,0.00457368850855068
192.5,34.3979034423828,-0.00165478321446401
193.75,34.3979034423828,-0.00834369380457598
195,34.3979034423828,-0.0146016782595507
196.25,34.3979034423828,-0.0202740420705948
197.5,34.3979034423828,-0.0244042229263729
198.75,34.3979034423828,-0.027683725477421
200,34.3979034423828,-0.0303387621809507
201.25,34.3979034423828,-0.0322105766110401
202.5,34.3979034423828,-0.032960818040072
203.75,34.3979034423828,-0.0332258343150268
205,34.3979034423828,-0.0331874199302064
206.25,34.3979034423828,-0.0315044693463677
207.5,34.3979034423828,-0.0267955066526027
208.75,34.3979034423828,-0.0199296514398751
210,34.3979034423828,-0.0120560723028925
211.25,34.3979034423828,-0.00376153569226388
212.5,34.3979034423828,0.00421574554963582
213.75,34.3979034423828,0.0117821077234494
215,34.3979034423828,0.0194327589133036
216.25,34.3979034423828,0.0265999458961048
217.5,34.3979034423828,0.0325185025675482
218.75,34.3979034423828,0.0375198322552903
220,34.3979034423828,0.0424451525228168
221.25,34.3979034423828,0.0456650174996405
222.5,34.3979034423828,0.0474029678904207
223.75,34.3979034423828,0.0479303176627843
225,34.3979034423828,0.0448843866919471
226.25,34.3979034423828,0.0360553672884245
227.5,34.3979034423828,0.0235913844861605
228.75,34.3979034423828,0.0118783844677282
230,34.3979034423828,0.00334067694315315
231.25,34.3979034423828,-0.000717396245138818
232.5,34.3979034423828,-0.000102601867437164
233.75,34.3979034423828,0.00314160581059585
235,34.3979034423828,0.00801666951320394
236.25,34.3979034423828,0.0112915195667411
237.5,34.3979034423828,0.0165690777325436
238.75,34.3979034423828,0.0232253381933743
240,34.3979034423828,0.0263120491966921
241.25,34.3979034423828,0.026347537366086
160,35.3403167724609,0.0332867008145015
161.25,35.3403167724609,0.0325758686026056
162.5,35.3403167724609,0.0340614452100751
163.75,35.3403167724609,0.0383003807675288
165,35.3403167724609,0.0417074309564996
166.25,35.3403167724609,0.0420239308085018
167.5,35.3403167724609,0.0395051388038609
168.75,35.3403167724609,0.0357222093974746
170,35.3403167724609,0.0300701500001602
171.25,35.3403167724609,0.0219966714589933
172.5,35.3403167724609,0.0159083626854341
173.75,35.3403167724609,0.0148182981820497
175,35.3403167724609,0.0159996347140109
176.25,35.3403167724609,0.0174322441216933
177.5,35.3403167724609,0.0200678799047788
178.75,35.3403167724609,0.0241842063256173
180,35.3403167724609,0.0280512515927338
181.25,35.3403167724609,0.0295476485244802
182.5,35.3403167724609,0.0289657474832743
183.75,35.3403167724609,0.0275593318329679
185,35.3403167724609,0.0263013746377987
186.25,35.3403167724609,0.025321314762192
187.5,35.3403167724609,0.0219012174507382
188.75,35.3403167724609,0.0166531290829578
190,35.3403167724609,0.0115885926200056
191.25,35.3403167724609,0.00683160052426302
192.5,35.3403167724609,0.00124451076570089
193.75,35.3403167724609,-0.00498333319903247
195,35.3403167724609,-0.0107359016922793
196.25,35.3403167724609,-0.0164445023506414
197.5,35.3403167724609,-0.0208967352709143
198.75,35.3403167724609,-0.0241185260132309
200,35.3403167724609,-0.0265643154842005
201.25,35.3403167724609,-0.0287886855453557
202.5,35.3403167724609,-0.0305875074107145
203.75,35.3403167724609,-0.0317915053309536
205,35.3403167724609,-0.0322713149536701
206.25,35.3403167724609,-0.0308669095242973
207.5,35.3403167724609,-0.0263699501052578
208.75,35.3403167724609,-0.0190407550382007
210,35.3403167724609,-0.0114992131079618
211.25,35.3403167724609,-0.00368078020956827
212.5,35.3403167724609,0.00393956104851611
213.75,35.3403167724609,0.0111486042528767
215,35.3403167724609,0.017796977700661
216.25,35.3403167724609,0.0239463697337103
217.5,35.3403167724609,0.0296216524921623
218.75,35.3403167724609,0.0353348604940067
220,35.3403167724609,0.0408822171098602
221.25,35.3403167724609,0.0446210121871274
222.5,35.3403167724609,0.0473481750867
223.75,35.3403167724609,0.0489987265213351
225,35.3403167724609,0.0469596839488668
226.25,35.3403167724609,0.038448155006233
227.5,35.3403167724609,0.0251627463815029
228.75,35.3403167724609,0.0123969407719624
230,35.3403167724609,0.00329429393294971
231.25,35.3403167724609,-4.14558385369986e-05
232.5,35.3403167724609,0.00194061447982615
233.75,35.3403167724609,0.00621838927523314
235,35.3403167724609,0.0115481354463645
236.25,35.3403167724609,0.0155456586998736
237.5,35.3403167724609,0.0198848173501762
238.75,35.3403167724609,0.0236425707579744
240,35.3403167724609,0.0256416677003897
160,36.2827224731445,0.0288694715126832
161.25,36.2827224731445,0.0269433679787459
162.5,36.2827224731445,0.0267934903129561
163.75,36.2827224731445,0.0297318420294143
165,36.2827224731445,0.0338609434467073
166.25,36.2827224731445,0.0376532655600785
167.5,36.2827224731445,0.0393140924878123
168.75,36.2827224731445,0.037138240471792
170,36.2827224731445,0.0306364913165512
171.25,36.2827224731445,0.0214900469609602
172.5,36.2827224731445,0.0131330451434615
173.75,36.2827224731445,0.00951777828175232
175,36.2827224731445,0.00919343680344979
176.25,36.2827224731445,0.0101749561254404
177.5,36.2827224731445,0.0127752106452889
178.75,36.2827224731445,0.0169491542288246
180,36.2827224731445,0.0208442137289013
181.25,36.2827224731445,0.023124813703538
182.5,36.2827224731445,0.0236691127850711
183.75,36.2827224731445,0.02285927469379
185,36.2827224731445,0.021358095630861
186.25,36.2827224731445,0.0207675601713932
187.5,36.2827224731445,0.0191079160427197
188.75,36.2827224731445,0.015490216738301
190,36.2827224731445,0.0117097896901484
191.25,36.2827224731445,0.00822605789761299
192.5,36.2827224731445,0.0034666538878033
193.75,36.2827224731445,-0.00245198595951796
195,36.2827224731445,-0.00773503418452451
196.25,36.2827224731445,-0.0126335645420917
197.5,36.2827224731445,-0.0167375745920275
198.75,36.2827224731445,-0.0195699638355079
200,36.2827224731445,-0.0216179829079301
201.25,36.2827224731445,-0.0237098270411445
202.5,36.2827224731445,-0.0263113480519588
203.75,36.2827224731445,-0.0290615616916329
205,36.2827224731445,-0.0309287523638372
206.25,36.2827224731445,-0.0304010235558436
207.5,36.2827224731445,-0.026299264272705
208.75,36.2827224731445,-0.0189242853128144
210,36.2827224731445,-0.0112583293463532
211.25,36.2827224731445,-0.00384257470006844
212.5,36.2827224731445,0.00389263320811997
213.75,36.2827224731445,0.0112138546286449
215,36.2827224731445,0.0164497477052279
216.25,36.2827224731445,0.0203554334742323
217.5,36.2827224731445,0.0251916857693041
218.75,36.2827224731445,0.031865775869145
220,36.2827224731445,0.039054956569508
221.25,36.2827224731445,0.0449280580568451
222.5,36.2827224731445,0.049455187388265
223.75,36.2827224731445,0.051731269752404
225,36.2827224731445,0.0496512584620597
226.25,36.2827224731445,0.04083959057451
227.5,36.2827224731445,0.0265509681932628
228.75,36.2827224731445,0.0118962984302033
230,36.2827224731445,0.00119040370389664
231.25,36.2827224731445,-0.00213971947570823
232.5,36.2827224731445,0.00148852810919623
233.75,36.2827224731445,0.00742672316488638
235,36.2827224731445,0.0138040500200627
236.25,36.2827224731445,0.0180770201760498
237.5,36.2827224731445,0.0206330302008141
238.75,36.2827224731445,0.0214619223969726
160,37.2251281738281,0.0319758697687371
161.25,37.2251281738281,0.0278093660576761
162.5,37.2251281738281,0.0241599808590954
163.75,37.2251281738281,0.023752596952427
165,37.2251281738281,0.0249566427193748
166.25,37.2251281738281,0.0278805331130604
167.5,37.2251281738281,0.0313954045141933
168.75,37.2251281738281,0.0321133548749814
170,37.2251281738281,0.0281903483519866
171.25,37.2251281738281,0.0217382817440204
172.5,37.2251281738281,0.0151031725481266
173.75,37.2251281738281,0.0103882887276338
175,37.2251281738281,0.00745869462797166
176.25,37.2251281738281,0.00637271818269896
177.5,37.2251281738281,0.00784032334310189
178.75,37.2251281738281,0.0109909928242108
180,37.2251281738281,0.0142612811710944
181.25,37.2251281738281,0.0167889649129262
182.5,37.2251281738281,0.0184069436748426
183.75,37.2251281738281,0.0188570773689303
185,37.2251281738281,0.0183873103022096
186.25,37.2251281738281,0.0183159079827275
187.5,37.2251281738281,0.0174548681235972
188.75,37.2251281738281,0.0147140908644915
190,37.2251281738281,0.0119605556242524
191.25,37.2251281738281,0.00980094432349343
192.5,37.2251281738281,0.00625878369404186
193.75,37.2251281738281,0.000921707336130964
195,37.2251281738281,-0.00419266509081957
196.25,37.2251281738281,-0.00778715823338
197.5,37.2251281738281,-0.0108500515731186
198.75,37.2251281738281,-0.0133419294755814
200,37.2251281738281,-0.0155459464873637
201.25,37.2251281738281,-0.0179118570395205
202.5,37.2251281738281,-0.0211939476211941
203.75,37.2251281738281,-0.0253057152188227
205,37.2251281738281,-0.0289467337084454
206.25,37.2251281738281,-0.0299854766894865
207.5,37.2251281738281,-0.0270776641443234
208.75,37.2251281738281,-0.0204155817845299
210,37.2251281738281,-0.0119217030415207
211.25,37.2251281738281,-0.00416770560126284
212.5,37.2251281738281,0.00377276736244003
213.75,37.2251281738281,0.010593225711916
215,37.2251281738281,0.014326131835092
216.25,37.2251281738281,0.0165912111539929
217.5,37.2251281738281,0.0206993881853791
218.75,37.2251281738281,0.0284038405053858
220,37.2251281738281,0.0377772304385401
221.25,37.2251281738281,0.0465516773231581
222.5,37.2251281738281,0.053767755829943
223.75,37.2251281738281,0.0563383960422212
225,37.2251281738281,0.053450116553932
226.25,37.2251281738281,0.0437953795000138
227.5,37.2251281738281,0.0286075831194658
228.75,37.2251281738281,0.01228882024295
230,37.2251281738281,-0.000455905282254483
231.25,37.2251281738281,-0.0049046218997987
232.5,37.2251281738281,-0.00136124863180802
233.75,37.2251281738281,0.00716796322044527
235,37.2251281738281,0.0158096737701639
236.25,37.2251281738281,0.0200605680614315
237.5,37.2251281738281,0.0210288344092393
238.75,37.2251281738281,0.0214209269948401
160,38.1675415039062,0.0422221031493422
161.25,38.1675415039062,0.037779983560212
162.5,38.1675415039062,0.0298121268563333
163.75,38.1675415039062,0.0228509101349402
165,38.1675415039062,0.0183357700113264
166.25,38.1675415039062,0.0177088711839848
167.5,38.1675415039062,0.0201568960883208
168.75,38.1675415039062,0.0224499012478211
170,38.1675415039062,0.0212346645027636
171.25,38.1675415039062,0.0179551599659823
172.5,38.1675415039062,0.0141911782428699
173.75,38.1675415039062,0.00990883743052317
175,38.1675415039062,0.00638033710248499
176.25,38.1675415039062,0.00401678307932011
177.5,38.1675415039062,0.00370888462316245
178.75,38.1675415039062,0.00503250090597202
180,38.1675415039062,0.00718236104295004
181.25,38.1675415039062,0.00949966373619745
182.5,38.1675415039062,0.0115618046694678
183.75,38.1675415039062,0.0135898132948205
185,38.1675415039062,0.0153735370054528
186.25,38.1675415039062,0.0164662562484181
187.5,38.1675415039062,0.0162666240384274
188.75,38.1675415039062,0.0145413544759348
190,38.1675415039062,0.0129713354488855
191.25,38.1675415039062,0.0121605323129628
192.5,38.1675415039062,0.00992313892530989
193.75,38.1675415039062,0.00549278581172979
195,38.1675415039062,0.000997615719814068
196.25,38.1675415039062,-0.00156941218080712
197.5,38.1675415039062,-0.00317362701837203
198.75,38.1675415039062,-0.00477696342133856
200,38.1675415039062,-0.00699100894077743
201.25,38.1675415039062,-0.0102128842716172
202.5,38.1675415039062,-0.0145676896612716
203.75,38.1675415039062,-0.0199569079120698
205,38.1675415039062,-0.0249433106284057
206.25,38.1675415039062,-0.0273942553288833
207.5,38.1675415039062,-0.026013812424708
208.75,38.1675415039062,-0.0207117897324121
210,38.1675415039062,-0.012841618583893
211.25,38.1675415039062,-0.00457305610704237
212.5,38.1675415039062,0.00279492530553049
213.75,38.1675415039062,0.0084768289695517
215,38.1675415039062,0.0112440647110643
216.25,38.1675415039062,0.0129610544824217
217.5,38.1675415039062,0.017359822870346
218.75,38.1675415039062,0.0263386981178981
220,38.1675415039062,0.0374764602264707
221.25,38.1675415039062,0.0485154624866728
222.5,38.1675415039062,0.0582317004731288
223.75,38.1675415039062,0.0618420168098414
225,38.1675415039062,0.0581054008311329
226.25,38.1675415039062,0.0476310524974559
227.5,38.1675415039062,0.0322412537689546
228.75,38.1675415039062,0.0151140905055023
230,38.1675415039062,0.000535382400869858
231.25,38.1675415039062,-0.00626982754866407
232.5,38.1675415039062,-0.00421729553714988
233.75,38.1675415039062,0.00631232292264396
235,38.1675415039062,0.016956341360394
236.25,38.1675415039062,0.0209823803301528
237.5,38.1675415039062,0.0217012493411377
160,39.1099548339844,0.0450919575794365
161.25,39.1099548339844,0.0440825312225883
162.5,39.1099548339844,0.035349358540563
163.75,39.1099548339844,0.0232830061932848
165,39.1099548339844,0.0141474423965344
166.25,39.1099548339844,0.0115007046281507
167.5,39.1099548339844,0.0123410928848868
168.75,39.1099548339844,0.0126347879989072
170,39.1099548339844,0.0112884668994915
171.25,39.1099548339844,0.00993310873247228
172.5,39.1099548339844,0.00711226584702049
173.75,39.1099548339844,0.00272795586974562
175,39.1099548339844,-0.000327749385352588
176.25,39.1099548339844,-0.00249052755789517
177.5,39.1099548339844,-0.002970039322423
178.75,39.1099548339844,-0.00174207862276842
180,39.1099548339844,0.000353400722861617
181.25,39.1099548339844,0.00278859905466152
182.5,39.1099548339844,0.00521827861992303
183.75,39.1099548339844,0.00797274165586646
185,39.1099548339844,0.0106245731414096
186.25,39.1099548339844,0.0124709476448248
187.5,39.1099548339844,0.0131205777846982
188.75,39.1099548339844,0.0129077092427633
190,39.1099548339844,0.0132551627044545
191.25,39.1099548339844,0.0143634387015904
192.5,39.1099548339844,0.0140078186534514
193.75,39.1099548339844,0.0113203641524213
195,39.1099548339844,0.00793250157451821
196.25,39.1099548339844,0.00591775832060456
197.5,39.1099548339844,0.00480430517813646
198.75,39.1099548339844,0.0034687492839367
200,39.1099548339844,0.00108134850027865
201.25,39.1099548339844,-0.00238062122783578
202.5,39.1099548339844,-0.00704659138467637
203.75,39.1099548339844,-0.0125857467293984
205,39.1099548339844,-0.0181314290535945
206.25,39.1099548339844,-0.021566435350297
207.5,39.1099548339844,-0.0217389693854634
208.75,39.1099548339844,-0.0185790552134266
210,39.1099548339844,-0.0127374340659077
211.25,39.1099548339844,-0.00546014324279047
212.5,39.1099548339844,0.00088696814915168
213.75,39.1099548339844,0.00524220552666954
215,39.1099548339844,0.00754580593490298
216.25,39.1099548339844,0.00992237784991911
217.5,39.1099548339844,0.0156161397970988
218.75,39.1099548339844,0.0255266975850234
220,39.1099548339844,0.0370207662127722
221.25,39.1099548339844,0.0487052675157885
222.5,39.1099548339844,0.0591654671631471
223.75,39.1099548339844,0.0651909977490245
225,39.1099548339844,0.0630101092221792
226.25,39.1099548339844,0.0534220842648771
227.5,39.1099548339844,0.0386926811602257
228.75,39.1099548339844,0.0217239974198907
230,39.1099548339844,0.00570864238174508
231.25,39.1099548339844,-0.0042094028627756
232.5,39.1099548339844,-0.00482950139887877
233.75,39.1099548339844,0.00424633174197653
235,39.1099548339844,0.0151888520083344
236.25,39.1099548339844,0.0187117008311975
160,40.0523529052734,0.0353252519761069
161.25,40.0523529052734,0.0378309074294309
162.5,40.0523529052734,0.0310975262953633
163.75,40.0523529052734,0.0193954490923034
165,40.0523529052734,0.0116319405931605
166.25,40.0523529052734,0.0102122659376243
167.5,40.0523529052734,0.00941329630962649
168.75,40.0523529052734,0.00673795157696151
170,40.0523529052734,0.00452311755608809
171.25,40.0523529052734,0.00355690012057077
172.5,40.0523529052734,-0.000226454223753727
173.75,40.0523529052734,-0.00540186784843275
175,40.0523529052734,-0.0085443116949704
176.25,40.0523529052734,-0.010115657686656
177.5,40.0523529052734,-0.00943550782852791
178.75,40.0523529052734,-0.00736708258656377
180,40.0523529052734,-0.00501891020436005
181.25,40.0523529052734,-0.00255882715856143
182.5,40.0523529052734,-0.000274134855562807
183.75,40.0523529052734,0.00199868119880215
185,40.0523529052734,0.00442399972930666
186.25,40.0523529052734,0.00648613985904142
187.5,40.0523529052734,0.00806210713598568
188.75,40.0523529052734,0.00940906677615851
190,40.0523529052734,0.0112459117053941
191.25,40.0523529052734,0.0134636299860755
192.5,40.0523529052734,0.0147318084998557
193.75,40.0523529052734,0.0145194551984904
195,40.0523529052734,0.0137475319178443
196.25,40.0523529052734,0.0133337780549766
197.5,40.0523529052734,0.0127162154720201
198.75,40.0523529052734,0.011244690744691
200,40.0523529052734,0.00845321498250683
201.25,40.0523529052734,0.00416106636739573
202.5,40.0523529052734,-0.000884162093689579
203.75,40.0523529052734,-0.00611760106101449
205,40.0523529052734,-0.0110659614092162
206.25,40.0523529052734,-0.0142465768403085
207.5,40.0523529052734,-0.0149713013232048
208.75,40.0523529052734,-0.0139019005427141
210,40.0523529052734,-0.0112074603903567
211.25,40.0523529052734,-0.00645473685582501
212.5,40.0523529052734,-0.00131301446274727
213.75,40.0523529052734,0.0022561784198617
215,40.0523529052734,0.00495979722362816
216.25,40.0523529052734,0.00851220741964079
217.5,40.0523529052734,0.0151061110012417
218.75,40.0523529052734,0.0245456688854936
220,40.0523529052734,0.0349876842029569
221.25,40.0523529052734,0.0460766075016045
222.5,40.0523529052734,0.0562613815497519
223.75,40.0523529052734,0.0633948149748232
225,40.0523529052734,0.0645052872988975
226.25,40.0523529052734,0.058387139145232
227.5,40.0523529052734,0.0467928789554553
228.75,40.0523529052734,0.0316644363349393
230,40.0523529052734,0.0147377098435466
231.25,40.0523529052734,0.000949911387739957
232.5,40.0523529052734,-0.00517580796109195
233.75,40.0523529052734,-0.00139413890996501
235,40.0523529052734,0.00565879979975534
236.25,40.0523529052734,0.0130972707455682
160,40.9947662353516,0.0266383565219945
161.25,40.9947662353516,0.0280534363642178
162.5,40.9947662353516,0.0232322647798181
163.75,40.9947662353516,0.0165530758463478
165,40.9947662353516,0.0135947962410095
166.25,40.9947662353516,0.0123138854280738
167.5,40.9947662353516,0.00946725211385955
168.75,40.9947662353516,0.0049682894122368
170,40.9947662353516,0.00128240674671015
171.25,40.9947662353516,-0.00111342164637153
172.5,40.9947662353516,-0.00508862846189976
173.75,40.9947662353516,-0.0102748475859125
175,40.9947662353516,-0.0142690402833691
176.25,40.9947662353516,-0.0149087652815539
177.5,40.9947662353516,-0.0121521736323331
178.75,40.9947662353516,-0.00902305272879663
180,40.9947662353516,-0.00654300555483188
181.25,40.9947662353516,-0.00435837846462245
182.5,40.9947662353516,-0.00286184942755097
183.75,40.9947662353516,-0.00181933084162053
185,40.9947662353516,-0.000629969224540299
186.25,40.9947662353516,0.000533371805097223
187.5,40.9947662353516,0.0017426700893612
188.75,40.9947662353516,0.00350553758442551
190,40.9947662353516,0.00598321892003605
191.25,40.9947662353516,0.00908028218925818
192.5,40.9947662353516,0.011734995389797
193.75,40.9947662353516,0.0135462471258164
195,40.9947662353516,0.0148585552960278
196.25,40.9947662353516,0.0159386897586239
197.5,40.9947662353516,0.0164613273740036
198.75,40.9947662353516,0.0154960471169878
200,40.9947662353516,0.0130427286623724
201.25,40.9947662353516,0.0085324699934249
202.5,40.9947662353516,0.00346510578297804
203.75,40.9947662353516,-0.00120419673038075
205,40.9947662353516,-0.00541173816535485
206.25,40.9947662353516,-0.00823291000041979
207.5,40.9947662353516,-0.00933946793128322
208.75,40.9947662353516,-0.00947167941497777
210,40.9947662353516,-0.00883555627117957
211.25,40.9947662353516,-0.00658036529382203
212.5,40.9947662353516,-0.0032903437554179
213.75,40.9947662353516,0.000151523106197508
215,40.9947662353516,0.00353428018477091
216.25,40.9947662353516,0.0078678304040772
217.5,40.9947662353516,0.0142761360628319
218.75,40.9947662353516,0.0222951341458528
220,40.9947662353516,0.0310172326499663
221.25,40.9947662353516,0.0405543125235651
222.5,40.9947662353516,0.049944520605466
223.75,40.9947662353516,0.057589147847646
225,40.9947662353516,0.0613152457722048
226.25,40.9947662353516,0.0589894891281212
227.5,40.9947662353516,0.0509172025819308
228.75,40.9947662353516,0.0385727296261531
230,40.9947662353516,0.0226255954867518
231.25,40.9947662353516,0.00615310263838384
232.5,40.9947662353516,-0.00518430608223515
233.75,40.9947662353516,-0.00742480653396624
235,40.9947662353516,-0.00362720913376676
236.25,40.9947662353516,-0.0039051772958419
160,41.9371795654297,0.0215257275503593
161.25,41.9371795654297,0.0229084031240515
162.5,41.9371795654297,0.0193357527791211
163.75,41.9371795654297,0.0169749705908578
165,41.9371795654297,0.0178133271100821
166.25,41.9371795654297,0.0176233266900307
167.5,41.9371795654297,0.0140916464549991
168.75,41.9371795654297,0.0086512583376731
170,41.9371795654297,0.00330000470651163
171.25,41.9371795654297,-0.00141381331314446
172.5,41.9371795654297,-0.0059059912721157
173.75,41.9371795654297,-0.0116348449990634
175,41.9371795654297,-0.0165772234011402
176.25,41.9371795654297,-0.0167422039470033
177.5,41.9371795654297,-0.0130428197028607
178.75,41.9371795654297,-0.00925067508296008
180,41.9371795654297,-0.00670490671641886
181.25,41.9371795654297,-0.00510486934110437
182.5,41.9371795654297,-0.00438786720483823
183.75,41.9371795654297,-0.00402719526553647
185,41.9371795654297,-0.00348088053902869
186.25,41.9371795654297,-0.00276323271808983
187.5,41.9371795654297,-0.00196689444768177
188.75,41.9371795654297,-0.000697275498802354
190,41.9371795654297,0.000997199522777778
191.25,41.9371795654297,0.00328321827378001
192.5,41.9371795654297,0.00587554016675978
193.75,41.9371795654297,0.0084107979699251
195,41.9371795654297,0.0108735296746979
196.25,41.9371795654297,0.0131196666168918
197.5,41.9371795654297,0.0147788883693916
198.75,41.9371795654297,0.0147920977109495
200,41.9371795654297,0.0127655096264937
201.25,41.9371795654297,0.00898785466084315
202.5,41.9371795654297,0.00449134973707134
203.75,41.9371795654297,0.000700455718919528
205,41.9371795654297,-0.00226526750417363
206.25,41.9371795654297,-0.00427693137339044
207.5,41.9371795654297,-0.00545315848178772
208.75,41.9371795654297,-0.00638448318428756
210,41.9371795654297,-0.00706994999986766
211.25,41.9371795654297,-0.00674989401219342
212.5,41.9371795654297,-0.00490372036481638
213.75,41.9371795654297,-0.00199984828054453
215,41.9371795654297,0.00156865719765568
216.25,41.9371795654297,0.00582708657111
217.5,41.9371795654297,0.0115598521305358
218.75,41.9371795654297,0.0182314056002605
220,41.9371795654297,0.0254970576353375
221.25,41.9371795654297,0.0337319840275593
222.5,41.9371795654297,0.0420255161157703
223.75,41.9371795654297,0.049156071431041
225,41.9371795654297,0.0536485573559479
226.25,41.9371795654297,0.0542342238320392
227.5,41.9371795654297,0.0492409901285274
228.75,41.9371795654297,0.0392159293950408
230,41.9371795654297,0.024471291883859
231.25,41.9371795654297,0.00739602630362058
232.5,41.9371795654297,-0.0069207777412353
233.75,41.9371795654297,-0.0130353092012674
235,41.9371795654297,-0.0118029680893739
236.25,41.9371795654297,-0.0118255495579019
160,42.8795776367188,0.0165748035197307
161.25,42.8795776367188,0.0174746077373443
162.5,42.8795776367188,0.0159576492427607
163.75,42.8795776367188,0.0155250027630469
165,42.8795776367188,0.0175034065897496
166.25,42.8795776367188,0.0200508258909561
167.5,42.8795776367188,0.0195253591193434
168.75,42.8795776367188,0.0147765142021642
170,42.8795776367188,0.00825961090900675
171.25,42.8795776367188,0.00254121388893399
172.5,42.8795776367188,-0.00343864227488443
173.75,42.8795776367188,-0.0102573518921809
175,42.8795776367188,-0.0144802200625244
176.25,42.8795776367188,-0.0147263064949433
177.5,42.8795776367188,-0.012311223592652
178.75,42.8795776367188,-0.00946222368639345
180,42.8795776367188,-0.00737945330263017
181.25,42.8795776367188,-0.0062083167347703
182.5,42.8795776367188,-0.00577608544415185
183.75,42.8795776367188,-0.00545649218945069
185,42.8795776367188,-0.0047714793978664
186.25,42.8795776367188,-0.0039032583992929
187.5,42.8795776367188,-0.00311173107023849
188.75,42.8795776367188,-0.0024459489405363
190,42.8795776367188,-0.00169725106521713
191.25,42.8795776367188,-0.000604688265987038
192.5,42.8795776367188,0.00109679517386053
193.75,42.8795776367188,0.002924788524458
195,42.8795776367188,0.00461927644694105
196.25,42.8795776367188,0.00647574260460283
197.5,42.8795776367188,0.00832829884486537
198.75,42.8795776367188,0.00920776363520224
200,42.8795776367188,0.00840345271786929
201.25,42.8795776367188,0.00604208197636982
202.5,42.8795776367188,0.00299234337394497
203.75,42.8795776367188,7.46886353058819e-05
205,42.8795776367188,-0.00218503997508258
206.25,42.8795776367188,-0.00372355134417584
207.5,42.8795776367188,-0.00486911393729893
208.75,42.8795776367188,-0.00615585067846527
210,42.8795776367188,-0.00746239115795599
211.25,42.8795776367188,-0.00812273103751769
212.5,42.8795776367188,-0.00734327000709916
213.75,42.8795776367188,-0.00537262030241205
215,42.8795776367188,-0.00249589351287974
216.25,42.8795776367188,0.00144398699616077
217.5,42.8795776367188,0.00644409643262492
218.75,42.8795776367188,0.0128765908573343
220,42.8795776367188,0.0195413444359015
221.25,42.8795776367188,0.0266595234701407
222.5,42.8795776367188,0.0341702818099196
223.75,42.8795776367188,0.0409491320667513
225,42.8795776367188,0.0450651194791559
226.25,42.8795776367188,0.0461848772500039
227.5,42.8795776367188,0.0434866005374433
228.75,42.8795776367188,0.0351640880905892
230,42.8795776367188,0.0218502545567345
231.25,42.8795776367188,0.00542837198385054
232.5,42.8795776367188,-0.00961519431895714
233.75,42.8795776367188,-0.0175429272123982
235,42.8795776367188,-0.0183230770687085
236.25,42.8795776367188,-0.0183345371377928
160,43.8219909667969,0.0156116526487734
161.25,43.8219909667969,0.0149784680326049
162.5,43.8219909667969,0.0140393219423362
163.75,43.8219909667969,0.0143013507799509
165,43.8219909667969,0.0159064993247302
166.25,43.8219909667969,0.0189230930167798
167.5,43.8219909667969,0.0207728451936714
168.75,43.8219909667969,0.0181344358244342
170,43.8219909667969,0.0124741053396673
171.25,43.8219909667969,0.00708535271195923
172.5,43.8219909667969,-0.000465387682316277
173.75,43.8219909667969,-0.00791462243114112
175,43.8219909667969,-0.0102041264419759
176.25,43.8219909667969,-0.0103324262998147
177.5,43.8219909667969,-0.0096344790965775
178.75,43.8219909667969,-0.00856251621846202
180,43.8219909667969,-0.00798038222541039
181.25,43.8219909667969,-0.00776756412827594
182.5,43.8219909667969,-0.00753732405475194
183.75,43.8219909667969,-0.00690473925093198
185,43.8219909667969,-0.00586040146815199
186.25,43.8219909667969,-0.0046546700719805
187.5,43.8219909667969,-0.00345673910944242
188.75,43.8219909667969,-0.00270267574425554
190,43.8219909667969,-0.00250887878255398
191.25,43.8219909667969,-0.00257403784540634
192.5,43.8219909667969,-0.0022414379128133
193.75,43.8219909667969,-0.00164707940232554
195,43.8219909667969,-0.000770536647792609
196.25,43.8219909667969,0.000709304825378462
197.5,43.8219909667969,0.00252448772662134
198.75,43.8219909667969,0.00368212177932643
200,43.8219909667969,0.00314301164975676
201.25,43.8219909667969,0.00115359453741728
202.5,43.8219909667969,-0.0013095533717956
203.75,43.8219909667969,-0.00323561757720408
205,43.8219909667969,-0.00457651094095543
206.25,43.8219909667969,-0.00556373851266873
207.5,43.8219909667969,-0.00655271203985997
208.75,43.8219909667969,-0.00795435769347569
210,43.8219909667969,-0.00971659761584809
211.25,43.8219909667969,-0.0113345844064326
212.5,43.8219909667969,-0.0120567097090922
213.75,43.8219909667969,-0.0111830533912224
215,43.8219909667969,-0.00870084579537459
216.25,43.8219909667969,-0.00482720243261075
217.5,43.8219909667969,0.000792071556649269
218.75,43.8219909667969,0.00719589764885454
220,43.8219909667969,0.0130329944138943
221.25,43.8219909667969,0.0195356085947063
222.5,43.8219909667969,0.0272635827352357
223.75,43.8219909667969,0.034340077081061
225,43.8219909667969,0.0385549442469538
226.25,43.8219909667969,0.0394829790636972
227.5,43.8219909667969,0.0368904972022914
228.75,43.8219909667969,0.0293637491126287
230,43.8219909667969,0.0174144967691498
231.25,43.8219909667969,0.00286127942433109
232.5,43.8219909667969,-0.0116161755575201
233.75,43.8219909667969,-0.0205021612904819
235,43.8219909667969,-0.0229936392279205
236.25,43.8219909667969,-0.023401440072941
160,44.764404296875,0.0191440643124091
161.25,44.764404296875,0.017986457196536
162.5,44.764404296875,0.0155526645916033
163.75,44.764404296875,0.0147974560604268
165,44.764404296875,0.0152279202049368
166.25,44.764404296875,0.0173972879121094
167.5,44.764404296875,0.0197672201516672
168.75,44.764404296875,0.0189687278204763
170,44.764404296875,0.0154963363416132
171.25,44.764404296875,0.0106351230425494
172.5,44.764404296875,0.00184386206763021
173.75,44.764404296875,-0.00400068167072772
175,44.764404296875,-0.00447239683914978
176.25,44.764404296875,-0.00539395115687785
177.5,44.764404296875,-0.00637344317670055
178.75,44.764404296875,-0.00695082435414974
180,44.764404296875,-0.00801760041972569
181.25,44.764404296875,-0.00934887191174262
182.5,44.764404296875,-0.0101589264960437
183.75,44.764404296875,-0.00994129582571883
185,44.764404296875,-0.00875223322325012
186.25,44.764404296875,-0.00677979861690553
187.5,44.764404296875,-0.00456482817624609
188.75,44.764404296875,-0.00293848371987084
190,44.764404296875,-0.00249702173271565
191.25,44.764404296875,-0.00303521636921647
192.5,44.764404296875,-0.00367895392367932
193.75,44.764404296875,-0.00416446526816542
195,44.764404296875,-0.00421896303655607
196.25,44.764404296875,-0.00372000181557481
197.5,44.764404296875,-0.00262545621513668
198.75,44.764404296875,-0.00169651378621007
200,44.764404296875,-0.00204369996052666
201.25,44.764404296875,-0.00373151762532222
202.5,44.764404296875,-0.00593179368885216
203.75,44.764404296875,-0.00744618061149746
205,44.764404296875,-0.00826745841479756
206.25,44.764404296875,-0.00890944313267535
207.5,44.764404296875,-0.00953616394496624
208.75,44.764404296875,-0.0108760607192806
210,44.764404296875,-0.0131386241381953
211.25,44.764404296875,-0.0158338768224553
212.5,44.764404296875,-0.0177489835049367
213.75,44.764404296875,-0.0180364843644027
215,44.764404296875,-0.0162058733178019
216.25,44.764404296875,-0.0118231926512995
217.5,44.764404296875,-0.00573217260835
218.75,44.764404296875,0.000754754229449037
220,44.764404296875,0.00662854738217446
221.25,44.764404296875,0.0136019520903674
222.5,44.764404296875,0.0216891062990173
223.75,44.764404296875,0.0290507086113019
225,44.764404296875,0.0332917747112282
226.25,44.764404296875,0.0334561284348589
227.5,44.764404296875,0.029857787304992
228.75,44.764404296875,0.0225138612289545
230,44.764404296875,0.0123487301369433
231.25,44.764404296875,-0.000257949490675274
232.5,44.764404296875,-0.0132808024902287
233.75,44.764404296875,-0.0226716879386715
235,44.764404296875,-0.0264242910749176
236.25,44.764404296875,-0.0274892843807065
160,45.7068023681641,0.0222713866279101
161.25,45.7068023681641,0.0189652325379563
162.5,45.7068023681641,0.0138883844901264
163.75,45.7068023681641,0.0114105927938408
165,45.7068023681641,0.0112789742183321
166.25,45.7068023681641,0.0136319650445437
167.5,45.7068023681641,0.016679947263702
168.75,45.7068023681641,0.0171046873926904
170,45.7068023681641,0.0149943395949919
171.25,45.7068023681641,0.0102293031972722
172.5,45.7068023681641,0.00456308693853525
173.75,45.7068023681641,0.00275335393824853
175,45.7068023681641,0.00111941865001671
176.25,45.7068023681641,-0.00167917985649727
177.5,45.7068023681641,-0.00411071411073446
178.75,45.7068023681641,-0.0062373367737756
180,45.7068023681641,-0.00850906616792099
181.25,45.7068023681641,-0.01093459839028
182.5,45.7068023681641,-0.0125763072134111
183.75,45.7068023681641,-0.0127427371306136
185,45.7068023681641,-0.0115045108947944
186.25,45.7068023681641,-0.00888849651711031
187.5,45.7068023681641,-0.00548329104005538
188.75,45.7068023681641,-0.00271991488683362
190,45.7068023681641,-0.00173471931428301
191.25,45.7068023681641,-0.00257799785963952
192.5,45.7068023681641,-0.00428714694414108
193.75,45.7068023681641,-0.00579719167525558
195,45.7068023681641,-0.00661520572341705
196.25,45.7068023681641,-0.00689632847317486
197.5,45.7068023681641,-0.00676351361233193
198.75,45.7068023681641,-0.00689154570661686
200,45.7068023681641,-0.00768524680178189
201.25,45.7068023681641,-0.00889937228711485
202.5,45.7068023681641,-0.0101886981724271
203.75,45.7068023681641,-0.0110040135327543
205,45.7068023681641,-0.0114054483733815
206.25,45.7068023681641,-0.0120194080899379
207.5,45.7068023681641,-0.0131384953463648
208.75,45.7068023681641,-0.0153598738327136
210,45.7068023681641,-0.0183686748055479
211.25,45.7068023681641,-0.0211630165836324
212.5,45.7068023681641,-0.0228625897649304
213.75,45.7068023681641,-0.0228692848953683
215,45.7068023681641,-0.020592573253491
216.25,45.7068023681641,-0.0160369664780766
217.5,45.7068023681641,-0.010382005369636
218.75,45.7068023681641,-0.0048513402519327
220,45.7068023681641,0.00165187674019179
221.25,45.7068023681641,0.00953713894817372
222.5,45.7068023681641,0.0178150201359965
223.75,45.7068023681641,0.024318547226259
225,45.7068023681641,0.0272518490593091
226.25,45.7068023681641,0.0263996381163581
227.5,45.7068023681641,0.0219416567750184
228.75,45.7068023681641,0.0148200719702838
230,45.7068023681641,0.00649708618001232
231.25,45.7068023681641,-0.00386995956040743
232.5,45.7068023681641,-0.016487369514566
233.75,45.7068023681641,-0.0256603004084788
235,45.7068023681641,-0.0289051248314179
236.25,45.7068023681641,-0.0295245691494037
160,46.6492156982422,0.0210386162841323
161.25,46.6492156982422,0.0157470208997764
162.5,46.6492156982422,0.00950592625965939
163.75,46.6492156982422,0.00548366948410486
165,46.6492156982422,0.00484494739540921
166.25,46.6492156982422,0.00779951720918751
167.5,46.6492156982422,0.0123450255732924
168.75,46.6492156982422,0.0150791343557694
170,46.6492156982422,0.014879047326159
171.25,46.6492156982422,0.0133044340100622
172.5,46.6492156982422,0.0121135544287643
173.75,46.6492156982422,0.00936415710019657
175,46.6492156982422,0.00441611821027019
176.25,46.6492156982422,-0.000602021467545819
177.5,46.6492156982422,-0.0043931445200233
178.75,46.6492156982422,-0.00736296116391299
180,46.6492156982422,-0.0100977177289233
181.25,46.6492156982422,-0.0124060497186579
182.5,46.6492156982422,-0.0137415896766981
183.75,46.6492156982422,-0.0134510022125576
185,46.6492156982422,-0.0112713045704758
186.25,46.6492156982422,-0.00752299065403284
187.5,46.6492156982422,-0.00336339084478471
188.75,46.6492156982422,-0.000564533104623645
190,46.6492156982422,6.34894369025054e-05
191.25,46.6492156982422,-0.00124066636112536
192.5,46.6492156982422,-0.00362180687642531
193.75,46.6492156982422,-0.0064814095971788
195,46.6492156982422,-0.00889204376609871
196.25,46.6492156982422,-0.00993640022921308
197.5,46.6492156982422,-0.0102845427308107
198.75,46.6492156982422,-0.0109291350517124
200,46.6492156982422,-0.0120459304497587
201.25,46.6492156982422,-0.0131232361806403
202.5,46.6492156982422,-0.0140326356832239
203.75,46.6492156982422,-0.0145928744799091
205,46.6492156982422,-0.0148941317066778
206.25,46.6492156982422,-0.0154428872975083
207.5,46.6492156982422,-0.0167816230381744
208.75,46.6492156982422,-0.0194956024949751
210,46.6492156982422,-0.0224273553868938
211.25,46.6492156982422,-0.024544628336398
212.5,46.6492156982422,-0.025140909950698
213.75,46.6492156982422,-0.0241083818112959
215,46.6492156982422,-0.0212450788452055
216.25,46.6492156982422,-0.016789682147888
217.5,46.6492156982422,-0.011828242770423
218.75,46.6492156982422,-0.006972293957733
220,46.6492156982422,-0.00104972288868562
221.25,46.6492156982422,0.00653088899854796
222.5,46.6492156982422,0.0143587638288864
223.75,46.6492156982422,0.0193807626150294
225,46.6492156982422,0.0205054683676954
226.25,46.6492156982422,0.0177800200379182
227.5,46.6492156982422,0.0124648725880173
228.75,46.6492156982422,0.00670087351907779
230,46.6492156982422,8.75151765688412e-05
231.25,46.6492156982422,-0.00893805302394284
232.5,46.6492156982422,-0.0203746559923365
233.75,46.6492156982422,-0.0288801316240672
235,46.6492156982422,-0.0304278124533784
236.25,46.6492156982422,-0.0273955827552043
160,47.5916290283203,0.0112784769093042
161.25,47.5916290283203,0.00814280330559046
162.5,47.5916290283203,0.00418846361831505
163.75,47.5916290283203,0.00181667986073634
165,47.5916290283203,0.00233167099576055
166.25,47.5916290283203,0.006120412162266
167.5,47.5916290283203,0.0113770927631192
168.75,47.5916290283203,0.0160778943253035
170,47.5916290283203,0.0190679204664903
171.25,47.5916290283203,0.0201693113162229
172.5,47.5916290283203,0.0185102765056744
173.75,47.5916290283203,0.0138147162074297
175,47.5916290283203,0.00750897777004902
176.25,47.5916290283203,0.00142385629867768
177.5,47.5916290283203,-0.00341891175944866
178.75,47.5916290283203,-0.00667113593724721
180,47.5916290283203,-0.00887599356763049
181.25,47.5916290283203,-0.0104483579388998
182.5,47.5916290283203,-0.0109645095261277
183.75,47.5916290283203,-0.00959800500456396
185,47.5916290283203,-0.00590165682569372
186.25,47.5916290283203,-0.00110702381493652
187.5,47.5916290283203,0.00260268274555872
188.75,47.5916290283203,0.00377896288330048
190,47.5916290283203,0.00275877220167289
191.25,47.5916290283203,0.0007119096869626
192.5,47.5916290283203,-0.00200719041219085
193.75,47.5916290283203,-0.00528308469654891
195,47.5916290283203,-0.00844673074091926
196.25,47.5916290283203,-0.0102350177830423
197.5,47.5916290283203,-0.0110274182297191
198.75,47.5916290283203,-0.0123583962525416
200,47.5916290283203,-0.0142066983499709
201.25,47.5916290283203,-0.0156305722662122
202.5,47.5916290283203,-0.016467216693384
203.75,47.5916290283203,-0.0169445744365325
205,47.5916290283203,-0.0173917598931635
206.25,47.5916290283203,-0.0182092875472728
207.5,47.5916290283203,-0.0197029881394887
208.75,47.5916290283203,-0.0217982871453436
210,47.5916290283203,-0.0239301526694506
211.25,47.5916290283203,-0.0247759178663334
212.5,47.5916290283203,-0.0240879912983619
213.75,47.5916290283203,-0.0222631773923471
215,47.5916290283203,-0.019326655579773
216.25,47.5916290283203,-0.0157148114109249
217.5,47.5916290283203,-0.0117327199296922
218.75,47.5916290283203,-0.00733822317988759
220,47.5916290283203,-0.00215595054905156
221.25,47.5916290283203,0.00369647560648825
222.5,47.5916290283203,0.00933497769456687
223.75,47.5916290283203,0.0131387090675194
225,47.5916290283203,0.012612888246725
226.25,47.5916290283203,0.00855698049163629
227.5,47.5916290283203,0.00269977277951852
228.75,47.5916290283203,-0.00296973166401527
230,47.5916290283203,-0.00848558279946231
231.25,47.5916290283203,-0.0165320051539782
232.5,47.5916290283203,-0.0263861594210042
233.75,47.5916290283203,-0.0326609121112242
235,47.5916290283203,-0.0340384674257406
236.25,47.5916290283203,-0.0349908840546855
160,48.5340270996094,-0.00454631817879052
161.25,48.5340270996094,-0.00236807568540801
162.5,48.5340270996094,-0.00180729276418859
163.75,48.5340270996094,-0.000850262537956265
165,48.5340270996094,0.00210249501808095
166.25,48.5340270996094,0.00798077124365959
167.5,48.5340270996094,0.0146937673761982
168.75,48.5340270996094,0.0206402343734853
170,48.5340270996094,0.0239879193813772
171.25,48.5340270996094,0.0242141405414668
172.5,48.5340270996094,0.021445210212466
173.75,48.5340270996094,0.0164580531053627
175,48.5340270996094,0.0106218594590026
176.25,48.5340270996094,0.00491087261622538
177.5,48.5340270996094,0.000636034776049706
178.75,48.5340270996094,-0.00159867489845868
180,48.5340270996094,-0.00280305988193309
181.25,48.5340270996094,-0.00370713274413496
182.5,48.5340270996094,-0.00353488369365591
183.75,48.5340270996094,-0.00171822906968372
185,48.5340270996094,0.00101663768063495
186.25,48.5340270996094,0.00319730688667152
187.5,48.5340270996094,0.00422610335013454
188.75,48.5340270996094,0.00407085607385236
190,48.5340270996094,0.00342644862169044
191.25,48.5340270996094,0.00251909447098507
192.5,48.5340270996094,0.000894446011128753
193.75,48.5340270996094,-0.00166870764439398
195,48.5340270996094,-0.00466830725110537
196.25,48.5340270996094,-0.00668624463836565
197.5,48.5340270996094,-0.008193254252394
198.75,48.5340270996094,-0.0103448003503803
200,48.5340270996094,-0.0128167132572685
201.25,48.5340270996094,-0.0147021784767632
202.5,48.5340270996094,-0.0159803181911001
203.75,48.5340270996094,-0.017019277912881
205,48.5340270996094,-0.0179435223861567
206.25,48.5340270996094,-0.0188050887441782
207.5,48.5340270996094,-0.01979571369535
208.75,48.5340270996094,-0.0210107485032374
210,48.5340270996094,-0.0218893518302634
211.25,48.5340270996094,-0.0216482655196422
212.5,48.5340270996094,-0.0204042650490641
213.75,48.5340270996094,-0.0186602645927613
215,48.5340270996094,-0.0163339394780985
216.25,48.5340270996094,-0.0134483664243183
217.5,48.5340270996094,-0.0103328218395819
218.75,48.5340270996094,-0.0070977174300659
220,48.5340270996094,-0.00349365614941843
221.25,48.5340270996094,0.000322100066624612
222.5,48.5340270996094,0.00352980144276943
223.75,48.5340270996094,0.00464839094852326
225,48.5340270996094,0.0027804624981831
226.25,48.5340270996094,-0.00141873315432842
227.5,48.5340270996094,-0.00742389956732739
228.75,48.5340270996094,-0.013664665480651
230,48.5340270996094,-0.0202386269557388
231.25,48.5340270996094,-0.0264072079688121
232.5,48.5340270996094,-0.0317909968246015
233.75,48.5340270996094,-0.0351613027258139
235,48.5340270996094,-0.0356007816074746
236.25,48.5340270996094,-0.0353337018323653
160,49.4764404296875,-0.00415440506139282
161.25,49.4764404296875,-0.00372837504881005
162.5,49.4764404296875,-0.00187325429089441
163.75,49.4764404296875,0.00130627862252508
165,49.4764404296875,0.00636172702121013
166.25,49.4764404296875,0.0134620900514619
167.5,49.4764404296875,0.0206649430511993
168.75,49.4764404296875,0.0253975283228585
170,49.4764404296875,0.0266005077642293
171.25,49.4764404296875,0.0251554280393105
172.5,49.4764404296875,0.0225144712677959
173.75,49.4764404296875,0.0195116485222852
175,49.4764404296875,0.0158299584303512
176.25,49.4764404296875,0.0114225439181807
177.5,49.4764404296875,0.00796576977475749
178.75,49.4764404296875,0.00575590206925433
180,49.4764404296875,0.00346452349927807
181.25,49.4764404296875,0.00142325386470349
182.5,49.4764404296875,0.000859907959562844
183.75,49.4764404296875,0.00159598843762461
185,49.4764404296875,0.00247745782365907
186.25,49.4764404296875,0.00355654811374849
187.5,49.4764404296875,0.00500310610172765
188.75,49.4764404296875,0.00588725899218944
190,49.4764404296875,0.00641605534622039
191.25,49.4764404296875,0.00665810860137515
192.5,49.4764404296875,0.00601832412804142
193.75,49.4764404296875,0.00465170722925457
195,49.4764404296875,0.0028133427517054
196.25,49.4764404296875,0.00100684070679008
197.5,49.4764404296875,-0.00117872573009261
198.75,49.4764404296875,-0.00430041805532413
200,49.4764404296875,-0.00747232708373414
201.25,49.4764404296875,-0.00979702538714131
202.5,49.4764404296875,-0.0115384188281883
203.75,49.4764404296875,-0.0134454134396695
205,49.4764404296875,-0.0151371939564866
206.25,49.4764404296875,-0.0162266324227691
207.5,49.4764404296875,-0.0168629330969014
208.75,49.4764404296875,-0.0171919722053228
210,49.4764404296875,-0.0167588258961345
211.25,49.4764404296875,-0.0154616991603975
212.5,49.4764404296875,-0.0136420172931862
213.75,49.4764404296875,-0.0125398948028009
215,49.4764404296875,-0.0116654687720946
216.25,49.4764404296875,-0.00998122765441826
217.5,49.4764404296875,-0.00810393957948274
218.75,49.4764404296875,-0.0066079877635514
220,49.4764404296875,-0.0053513265594748
221.25,49.4764404296875,-0.00395064676332222
222.5,49.4764404296875,-0.00309866842959112
223.75,49.4764404296875,-0.00406937055546493
225,49.4764404296875,-0.00710151329648666
226.25,49.4764404296875,-0.0116523007221807
227.5,49.4764404296875,-0.0174188545787192
228.75,49.4764404296875,-0.0244132291643418
230,49.4764404296875,-0.0294300911410909
231.25,49.4764404296875,-0.0310837344292305
232.5,49.4764404296875,-0.0312750861917934
233.75,49.4764404296875,-0.0327778719301466
235,49.4764404296875,-0.035036886979128
160,50.4188537597656,0.000944033112650826
161.25,50.4188537597656,0.00182301651515029
162.5,50.4188537597656,0.00317201934261475
163.75,50.4188537597656,0.00716556883679065
165,50.4188537597656,0.0133417911874529
166.25,50.4188537597656,0.0203291176428525
167.5,50.4188537597656,0.0259526672137878
168.75,50.4188537597656,0.0281474988194428
170,50.4188537597656,0.0273241594662468
171.25,50.4188537597656,0.0253581618124565
172.5,50.4188537597656,0.0238499357984415
173.75,50.4188537597656,0.0226355442339276
175,50.4188537597656,0.0202506189057618
176.25,50.4188537597656,0.0169056514217288
177.5,50.4188537597656,0.0146289522354709
178.75,50.4188537597656,0.0122012315179058
180,50.4188537597656,0.00807361042343851
181.25,50.4188537597656,0.0046154394521181
182.5,50.4188537597656,0.00375538577390552
183.75,50.4188537597656,0.00462919016074448
185,50.4188537597656,0.0060752110520225
186.25,50.4188537597656,0.00781358727266981
187.5,50.4188537597656,0.00999664946904528
188.75,50.4188537597656,0.0127527727896298
190,50.4188537597656,0.0156385820553974
191.25,50.4188537597656,0.0179578891108893
192.5,50.4188537597656,0.0189448800092854
193.75,50.4188537597656,0.017770216293151
195,50.4188537597656,0.0152010222929191
196.25,50.4188537597656,0.0120351696672295
197.5,50.4188537597656,0.00913325070729954
198.75,50.4188537597656,0.0062650606316956
200,50.4188537597656,0.00367097946709836
201.25,50.4188537597656,0.0010014725832417
202.5,50.4188537597656,-0.00266220939440607
203.75,50.4188537597656,-0.00654124781490253
205,50.4188537597656,-0.00946468788233612
206.25,50.4188537597656,-0.0108705947149615
207.5,50.4188537597656,-0.0109622754912097
208.75,50.4188537597656,-0.0101423681998197
210,50.4188537597656,-0.00911170786652312
211.25,50.4188537597656,-0.00785791323949802
212.5,50.4188537597656,-0.00644883600948283
213.75,50.4188537597656,-0.00589481591061265
215,50.4188537597656,-0.00608867913242049
216.25,50.4188537597656,-0.00626999232665176
217.5,50.4188537597656,-0.00627032871564188
218.75,50.4188537597656,-0.00655499833837126
220,50.4188537597656,-0.00735527045272641
221.25,50.4188537597656,-0.00841209840923396
222.5,50.4188537597656,-0.0098418994730316
223.75,50.4188537597656,-0.0120372124498448
225,50.4188537597656,-0.0155313255485695
226.25,50.4188537597656,-0.0200472271040658
227.5,50.4188537597656,-0.0257423522639298
228.75,50.4188537597656,-0.0308188454445904
230,50.4188537597656,-0.0330840860328045
231.25,50.4188537597656,-0.0318626713330306
232.5,50.4188537597656,-0.0299282160788977
233.75,50.4188537597656,-0.0304625711682008
160,51.3612518310547,-0.000467102785036507
161.25,51.3612518310547,0.00474923802313428
162.5,51.3612518310547,0.00924962384533062
163.75,51.3612518310547,0.0135325143851559
165,51.3612518310547,0.0185203904876261
166.25,51.3612518310547,0.0230965392507606
167.5,51.3612518310547,0.0262355282433128
168.75,51.3612518310547,0.0269939753686324
170,51.3612518310547,0.0253992213061556
171.25,51.3612518310547,0.0237649329476812
172.5,51.3612518310547,0.0232851767109417
173.75,51.3612518310547,0.0234547056632433
175,51.3612518310547,0.0229484240263709
176.25,51.3612518310547,0.0210197655559798
177.5,51.3612518310547,0.0199157578162789
178.75,51.3612518310547,0.0181583359330679
180,51.3612518310547,0.0135221585927063
181.25,51.3612518310547,0.00930637118100361
182.5,51.3612518310547,0.00837262237239019
183.75,51.3612518310547,0.0102192492754873
185,51.3612518310547,0.0132604253642134
186.25,51.3612518310547,0.0163187445519747
187.5,51.3612518310547,0.0197204965529721
188.75,51.3612518310547,0.0230701898097202
190,51.3612518310547,0.0258433319620433
191.25,51.3612518310547,0.0278011803852285
192.5,51.3612518310547,0.0288946399751116
193.75,51.3612518310547,0.0287040005547152
195,51.3612518310547,0.0273511594093286
196.25,51.3612518310547,0.0253098445384544
197.5,51.3612518310547,0.0225257645915148
198.75,51.3612518310547,0.0192187475885057
200,51.3612518310547,0.015619143219707
201.25,51.3612518310547,0.0122825793002966
202.5,51.3612518310547,0.00853648176622174
203.75,51.3612518310547,0.00428283157395129
205,51.3612518310547,9.27691436925517e-05
206.25,51.3612518310547,-0.00277091440992652
207.5,51.3612518310547,-0.00380215620820192
208.75,51.3612518310547,-0.00308395986489233
210,51.3612518310547,-0.00152626898229778
211.25,51.3612518310547,0.000150920140038781
212.5,51.3612518310547,0.000671436245835998
213.75,51.3612518310547,-0.000153996173496441
215,51.3612518310547,-0.00175448707421549
216.25,51.3612518310547,-0.0033052951069303
217.5,51.3612518310547,-0.00466390310987815
218.75,51.3612518310547,-0.00643327104296897
220,51.3612518310547,-0.00894054236356402
221.25,51.3612518310547,-0.0117929571587134
222.5,51.3612518310547,-0.0149507285774935
223.75,51.3612518310547,-0.0186424107504467
225,51.3612518310547,-0.0224449990717037
226.25,51.3612518310547,-0.0266087305526284
227.5,51.3612518310547,-0.030012447037413
228.75,51.3612518310547,-0.0313440719823547
230,51.3612518310547,-0.0308971939692894
231.25,51.3612518310547,-0.0290410397785338
232.5,51.3612518310547,-0.0269543580383736
160,52.3036651611328,-0.00346829962026773
161.25,52.3036651611328,-0.000434333417681228
162.5,52.3036651611328,0.00711087377404662
163.75,52.3036651611328,0.0147075303602884
165,52.3036651611328,0.0198038326083482
166.25,52.3036651611328,0.0228666496390708
167.5,52.3036651611328,0.0243688911857082
168.75,52.3036651611328,0.024060366388385
170,52.3036651611328,0.0222255875417084
171.25,52.3036651611328,0.0207314640808239
172.5,52.3036651611328,0.0209343213303351
173.75,52.3036651611328,0.0216157995637976
175,52.3036651611328,0.0220080110246295
176.25,52.3036651611328,0.0217479637257096
177.5,52.3036651611328,0.0228955057263085
178.75,52.3036651611328,0.0238770817779287
180,52.3036651611328,0.0216631645935837
181.25,52.3036651611328,0.0179564809210206
182.5,52.3036651611328,0.0157487679419789
183.75,52.3036651611328,0.0166475376836979
185,52.3036651611328,0.0188357941725431
186.25,52.3036651611328,0.0206821026534494
187.5,52.3036651611328,0.0239386154982091
188.75,52.3036651611328,0.0269764011058234
190,52.3036651611328,0.0297399155993408
191.25,52.3036651611328,0.0319599103197764
192.5,52.3036651611328,0.0325709588650729
193.75,52.3036651611328,0.0318362684188147
195,52.3036651611328,0.0308779409590643
196.25,52.3036651611328,0.0297955930462948
197.5,52.3036651611328,0.0285917368212027
198.75,52.3036651611328,0.0269899689038848
200,52.3036651611328,0.0245307120701685
201.25,52.3036651611328,0.0210937374252907
202.5,52.3036651611328,0.0171402486148952
203.75,52.3036651611328,0.0130446195117261
205,52.3036651611328,0.00923844010368001
206.25,52.3036651611328,0.00618210323611365
207.5,52.3036651611328,0.00435540357200367
208.75,52.3036651611328,0.00360268589583156
210,52.3036651611328,0.00403267188316957
211.25,52.3036651611328,0.00496885217332384
212.5,52.3036651611328,0.00499515772774689
213.75,52.3036651611328,0.00357387117930809
215,52.3036651611328,0.0012228579284917
216.25,52.3036651611328,-0.00113198721160473
217.5,52.3036651611328,-0.00342579176549134
218.75,52.3036651611328,-0.00629136064478531
220,52.3036651611328,-0.00999823822535487
221.25,52.3036651611328,-0.013975451437825
222.5,52.3036651611328,-0.0181961644092125
223.75,52.3036651611328,-0.0227134902980775
225,52.3036651611328,-0.027483799141933
226.25,52.3036651611328,-0.0306883637494485
227.5,52.3036651611328,-0.0308513129383106
228.75,52.3036651611328,-0.0275036454879472
230,52.3036651611328,-0.0224705035700101
231.25,52.3036651611328,-0.0218640962931061
232.5,52.3036651611328,-0.0232371439806859
160,53.2460784912109,-0.00615334894871378
161.25,53.2460784912109,-0.0076639947916756
162.5,53.2460784912109,-0.00561702242294958
163.75,53.2460784912109,0.00255459617205275
165,53.2460784912109,0.0114676637411995
166.25,53.2460784912109,0.0171900937652153
167.5,53.2460784912109,0.0202183414685491
168.75,53.2460784912109,0.0208308702007375
170,53.2460784912109,0.0191716431236629
171.25,53.2460784912109,0.0173739851420724
172.5,53.2460784912109,0.0168155141736128
173.75,53.2460784912109,0.0171029479120602
175,53.2460784912109,0.0185081178995627
176.25,53.2460784912109,0.0214554447057135
177.5,53.2460784912109,0.0259460992627757
178.75,53.2460784912109,0.0292633189835426
180,53.2460784912109,0.028568294469397
181.25,53.2460784912109,0.0248276557474489
182.5,53.2460784912109,0.0218532811313611
183.75,53.2460784912109,0.0214845302695043
185,53.2460784912109,0.0225362334259552
186.25,53.2460784912109,0.0233601830194152
187.5,53.2460784912109,0.024522420924728
188.75,53.2460784912109,0.026364164075033
190,53.2460784912109,0.0290307165898272
191.25,53.2460784912109,0.0310212412143947
192.5,53.2460784912109,0.0316795212501395
193.75,53.2460784912109,0.0301053774028823
195,53.2460784912109,0.0287286725863983
196.25,53.2460784912109,0.0280725344586241
197.5,53.2460784912109,0.0282205399108717
198.75,53.2460784912109,0.0278691263674088
200,53.2460784912109,0.0260756980225478
201.25,53.2460784912109,0.0234325852038794
202.5,53.2460784912109,0.0202602327572707
203.75,53.2460784912109,0.0167500658957792
205,53.2460784912109,0.013489567208267
206.25,53.2460784912109,0.0107948335310063
207.5,53.2460784912109,0.00898771125697844
208.75,53.2460784912109,0.00802554088108288
210,53.2460784912109,0.00771594778739329
211.25,53.2460784912109,0.00743211228333417
212.5,53.2460784912109,0.00653540501529841
213.75,53.2460784912109,0.00455831639363809
215,53.2460784912109,0.00217857335559344
216.25,53.2460784912109,-0.000173645896574534
217.5,53.2460784912109,-0.00292812307752078
218.75,53.2460784912109,-0.00662376720847889
220,53.2460784912109,-0.0111520566537507
221.25,53.2460784912109,-0.0158536669110504
222.5,53.2460784912109,-0.0202951999148642
223.75,53.2460784912109,-0.0246721736730163
225,53.2460784912109,-0.0286996673717586
226.25,53.2460784912109,-0.0298593641127634
227.5,53.2460784912109,-0.0284142661898469
228.75,53.2460784912109,-0.0231990351090146
230,53.2460784912109,-0.0175323193532655
231.25,53.2460784912109,-0.0173798471415108
160,54.1884765625,-0.00968625590091878
161.25,54.1884765625,-0.0103493269192402
162.5,54.1884765625,-0.0113285173454749
163.75,54.1884765625,-0.00981179762174577
165,54.1884765625,-0.00444098229328579
166.25,54.1884765625,0.00306637330465314
167.5,54.1884765625,0.00937229440730636
168.75,54.1884765625,0.0127179068985465
170,54.1884765625,0.0129200817514415
171.25,54.1884765625,0.0118962857170299
172.5,54.1884765625,0.0116834979189813
173.75,54.1884765625,0.0130049742737302
175,54.1884765625,0.0167843089412269
176.25,54.1884765625,0.0230256071445201
177.5,54.1884765625,0.0298151059468473
178.75,54.1884765625,0.033649847306797
180,54.1884765625,0.0329334817263502
181.25,54.1884765625,0.0295881176969942
182.5,54.1884765625,0.0266498523736776
183.75,54.1884765625,0.0257017556468771
185,54.1884765625,0.0257160341520255
186.25,54.1884765625,0.0255221176174776
187.5,54.1884765625,0.0253982641399626
188.75,54.1884765625,0.0257247076911661
190,54.1884765625,0.0264427458317272
191.25,54.1884765625,0.026813286553864
192.5,54.1884765625,0.0263717879885903
193.75,54.1884765625,0.025515927418932
195,54.1884765625,0.0238383854576051
196.25,54.1884765625,0.0227728823527405
197.5,54.1884765625,0.0236623044643715
198.75,54.1884765625,0.0259404417943275
200,54.1884765625,0.0249794263046104
201.25,54.1884765625,0.0232232336841216
202.5,54.1884765625,0.0203358125602355
203.75,54.1884765625,0.0161771874892238
205,54.1884765625,0.012892156029766
206.25,54.1884765625,0.0107946151303516
207.5,54.1884765625,0.0097706902181718
208.75,54.1884765625,0.0091657822636222
210,54.1884765625,0.00835535481834753
211.25,54.1884765625,0.00728091305123717
212.5,54.1884765625,0.00573082134992351
213.75,54.1884765625,0.00378716330336062
215,54.1884765625,0.00151139140270456
216.25,54.1884765625,-0.000964688811566037
217.5,54.1884765625,-0.00414555133496248
218.75,54.1884765625,-0.00838617988349941
220,54.1884765625,-0.0130834550517438
221.25,54.1884765625,-0.0177054320191862
222.5,54.1884765625,-0.0215787409627041
223.75,54.1884765625,-0.024746002551254
225,54.1884765625,-0.0260905480492688
226.25,54.1884765625,-0.0240300520563312
227.5,54.1884765625,-0.0189325378691133
228.75,54.1884765625,-0.0146469202801631
230,54.1884765625,-0.00998643382687673
161.25,55.1308898925781,-0.0126747685842044
162.5,55.1308898925781,-0.0120047765062914
163.75,55.1308898925781,-0.010633472587857
165,55.1308898925781,-0.00991004667985148
166.25,55.1308898925781,-0.00633471195920229
167.5,55.1308898925781,-0.000390326069409747
168.75,55.1308898925781,0.00430521353236228
170,55.1308898925781,0.00644277300325286
171.25,55.1308898925781,0.00769112703120035
172.5,55.1308898925781,0.00950585654512161
173.75,55.1308898925781,0.0129265986147501
175,55.1308898925781,0.0185025483942676
176.25,55.1308898925781,0.0252512574720301
177.5,55.1308898925781,0.0309416204104337
178.75,55.1308898925781,0.0333056337488921
180,55.1308898925781,0.0324921801012032
181.25,55.1308898925781,0.0302706285728472
182.5,55.1308898925781,0.0289589425864918
183.75,55.1308898925781,0.0290254387442588
185,55.1308898925781,0.0288786856871283
186.25,55.1308898925781,0.0276931174996844
187.5,55.1308898925781,0.0260757125998731
188.75,55.1308898925781,0.025025411070455
190,55.1308898925781,0.0246290954071466
191.25,55.1308898925781,0.024316432192281
192.5,55.1308898925781,0.0230872655964181
193.75,55.1308898925781,0.0207289161743395
195,55.1308898925781,0.0184314992858086
196.25,55.1308898925781,0.0169311630884595
197.5,55.1308898925781,0.018318696927158
198.75,55.1308898925781,0.0205531456741545
200,55.1308898925781,0.0195750935146337
201.25,55.1308898925781,0.0195084722446159
202.5,55.1308898925781,0.0183497383788827
203.75,55.1308898925781,0.0141328694875828
205,55.1308898925781,0.0105665162972469
206.25,55.1308898925781,0.00840529716622915
207.5,55.1308898925781,0.00721551215186942
208.75,55.1308898925781,0.0065204549692652
210,55.1308898925781,0.00595926897059247
211.25,55.1308898925781,0.00502979556720253
212.5,55.1308898925781,0.00311194904293212
213.75,55.1308898925781,0.000890873139590364
215,55.1308898925781,-0.00133665369393113
216.25,55.1308898925781,-0.00360527809519838
217.5,55.1308898925781,-0.007011843685465
218.75,55.1308898925781,-0.0116273135905187
220,55.1308898925781,-0.0160331880012842
221.25,55.1308898925781,-0.0190092661394466
222.5,55.1308898925781,-0.021015293485206
223.75,55.1308898925781,-0.0216947576402876
225,55.1308898925781,-0.0202162934882317
226.25,55.1308898925781,-0.0174663579721171
227.5,55.1308898925781,-0.0122044707319353
228.75,55.1308898925781,-0.00972888889672056
230,55.1308898925781,-0.00998642802945863
161.25,56.0733032226562,-0.0130028019285944
162.5,56.0733032226562,-0.010211191468533
163.75,56.0733032226562,-0.00785106291113217
165,56.0733032226562,-0.00650890149561449
166.25,56.0733032226562,-0.00418734092538054
167.5,56.0733032226562,-0.00027137459383857
168.75,56.0733032226562,0.00341794358993581
170,56.0733032226562,0.00666254313516541
171.25,56.0733032226562,0.00983282346128821
172.5,56.0733032226562,0.0131401886029719
173.75,56.0733032226562,0.0169451229905188
175,56.0733032226562,0.0215941992862816
176.25,56.0733032226562,0.0264247802562805
177.5,56.0733032226562,0.0295670940848361
178.75,56.0733032226562,0.0306173611427099
180,56.0733032226562,0.0305848616807841
181.25,56.0733032226562,0.0305975168627716
182.5,56.0733032226562,0.0311412745434659
183.75,56.0733032226562,0.0315980680729489
185,56.0733032226562,0.0308187266849535
186.25,56.0733032226562,0.0284780610847239
187.5,56.0733032226562,0.0258295534056733
188.75,56.0733032226562,0.0240932956160181
190,56.0733032226562,0.0233523462338406
191.25,56.0733032226562,0.0227716669582557
192.5,56.0733032226562,0.0211054865538965
193.75,56.0733032226562,0.0196439898787859
195,56.0733032226562,0.0184466870771581
196.25,56.0733032226562,0.0181850275083259
197.5,56.0733032226562,0.0178820043689555
198.75,56.0733032226562,0.0171312048954022
200,56.0733032226562,0.0149717058431034
201.25,56.0733032226562,0.0129818705144313
202.5,56.0733032226562,0.0111736177727388
203.75,56.0733032226562,0.00655601637443926
205,56.0733032226562,0.00423115968649408
206.25,56.0733032226562,0.00611819985777263
207.5,56.0733032226562,0.00628521836215232
208.75,56.0733032226562,0.00543189497604353
210,56.0733032226562,0.00216454941395926
211.25,56.0733032226562,-0.000437348726926876
212.5,56.0733032226562,-0.00184272353942018
213.75,56.0733032226562,-0.003255451668239
215,56.0733032226562,-0.00524306093371338
216.25,56.0733032226562,-0.00771983655359811
217.5,56.0733032226562,-0.0109118093986318
218.75,56.0733032226562,-0.0144140066291541
220,56.0733032226562,-0.0168347414191448
221.25,56.0733032226562,-0.0170074326555095
222.5,56.0733032226562,-0.0160267828505322
223.75,56.0733032226562,-0.0143611144810848
225,56.0733032226562,-0.0123126359691601
226.25,56.0733032226562,-0.0106273414013585
227.5,56.0733032226562,-0.0143990027135375
162.5,57.0157012939453,-0.00678842917723498
163.75,57.0157012939453,-0.00623092897107386
165,57.0157012939453,-0.00362223512449388
166.25,57.0157012939453,-0.00051861836352968
167.5,57.0157012939453,0.00336151287305925
168.75,57.0157012939453,0.00751559533334051
170,57.0157012939453,0.0111096962237318
171.25,57.0157012939453,0.0149135356435423
172.5,57.0157012939453,0.0190869565615582
173.75,57.0157012939453,0.0229821327386834
175,57.0157012939453,0.0260525886768277
176.25,57.0157012939453,0.0277506749277521
177.5,57.0157012939453,0.0284216950151484
178.75,57.0157012939453,0.0290000300748765
180,57.0157012939453,0.0298746771161594
181.25,57.0157012939453,0.031099292473915
182.5,57.0157012939453,0.0321503426379275
183.75,57.0157012939453,0.0320311011613822
185,57.0157012939453,0.0300346957112237
186.25,57.0157012939453,0.0267719573191024
187.5,57.0157012939453,0.0236717324934565
188.75,57.0157012939453,0.0214680326322539
190,57.0157012939453,0.0206003890709642
191.25,57.0157012939453,0.0206922943573137
192.5,57.0157012939453,0.018348333965554
193.75,57.0157012939453,0.0172341350380108
195,57.0157012939453,0.0176244270535277
196.25,57.0157012939453,0.018426466834821
197.5,57.0157012939453,0.0185954659478576
198.75,57.0157012939453,0.017677625449543
200,57.0157012939453,0.0160041301576054
201.25,57.0157012939453,0.012914568783607
202.5,57.0157012939453,0.00498869326905334
203.75,57.0157012939453,0.00273339706531912
205,57.0157012939453,0.0019300620088148
206.25,57.0157012939453,0.00359992008199332
207.5,57.0157012939453,0.00703451244187533
208.75,57.0157012939453,0.00755114736726134
210,57.0157012939453,0.00291563671891433
211.25,57.0157012939453,-0.00255077130766206
212.5,57.0157012939453,-0.00593558157158526
213.75,57.0157012939453,-0.00754859890965408
215,57.0157012939453,-0.00862356988120971
216.25,57.0157012939453,-0.0105835925426094
217.5,57.0157012939453,-0.0129458625628464
218.75,57.0157012939453,-0.0141656249258305
220,57.0157012939453,-0.0137430702890662
221.25,57.0157012939453,-0.0116418339297607
222.5,57.0157012939453,-0.00811450731318178
223.75,57.0157012939453,-0.0052752757854571
225,57.0157012939453,-0.00594514827899556
226.25,57.0157012939453,-0.00705793268731716
162.5,57.9581146240234,-0.00661845566749903
163.75,57.9581146240234,-0.00637035566494251
165,57.9581146240234,-0.00403101427738061
166.25,57.9581146240234,-0.000879907740227961
167.5,57.9581146240234,0.0024820561842442
168.75,57.9581146240234,0.00590959637436537
170,57.9581146240234,0.0100727134689012
171.25,57.9581146240234,0.0151943076885591
172.5,57.9581146240234,0.020019236022001
173.75,57.9581146240234,0.0234414364530646
175,57.9581146240234,0.0249717344425725
176.25,57.9581146240234,0.0252086557445844
177.5,57.9581146240234,0.0254900674900857
178.75,57.9581146240234,0.0266344364956793
180,57.9581146240234,0.0283342871264857
181.25,57.9581146240234,0.0296091248324813
182.5,57.9581146240234,0.0299966468174338
183.75,57.9581146240234,0.0288193286671448
185,57.9581146240234,0.0258815410412889
186.25,57.9581146240234,0.0217104902444125
187.5,57.9581146240234,0.0177020162688329
188.75,57.9581146240234,0.0155334761825538
190,57.9581146240234,0.0151653452762669
191.25,57.9581146240234,0.0153488550964023
192.5,57.9581146240234,0.0149564008337335
193.75,57.9581146240234,0.0159505896377117
195,57.9581146240234,0.0182550754834868
196.25,57.9581146240234,0.0194412555576981
197.5,57.9581146240234,0.0186709142050018
198.75,57.9581146240234,0.0162969924898663
200,57.9581146240234,0.0132073898832765
201.25,57.9581146240234,0.00859721653913601
202.5,57.9581146240234,0.00414663783631956
203.75,57.9581146240234,0.00227367564648572
206.25,57.9581146240234,0.0108612400441405
207.5,57.9581146240234,0.0106480308281289
208.75,57.9581146240234,0.00959707950091687
210,57.9581146240234,0.00610972188999341
211.25,57.9581146240234,0.0011051930269895
212.5,57.9581146240234,-0.00344525626781981
213.75,57.9581146240234,-0.00680433334203133
215,57.9581146240234,-0.00886221882485971
216.25,57.9581146240234,-0.0102286567537185
217.5,57.9581146240234,-0.0108586983221813
218.75,57.9581146240234,-0.0100222885390446
220,57.9581146240234,-0.00811918308547253
221.25,57.9581146240234,-0.00500148850184082
222.5,57.9581146240234,-0.00176845810718436
223.75,57.9581146240234,-0.000766613555092016
225,57.9581146240234,-0.00278381102811207
160,58.9005279541016,0.01667215655137
161.25,58.9005279541016,0.0163423410091045
162.5,58.9005279541016,-0.00745156043642474
163.75,58.9005279541016,-0.00686316365002446
165,58.9005279541016,-0.0064995844903459
166.25,58.9005279541016,-0.00440101959174374
167.5,58.9005279541016,-0.000774494685375543
168.75,58.9005279541016,0.00363289046593722
170,58.9005279541016,0.00828874917195882
171.25,58.9005279541016,0.0117631021954965
172.5,58.9005279541016,0.0131477546863627
173.75,58.9005279541016,0.0138691225301336
175,58.9005279541016,0.0153473037823717
176.25,58.9005279541016,0.0175047473361206
177.5,58.9005279541016,0.0204205336283075
178.75,58.9005279541016,0.023339472246725
180,58.9005279541016,0.0253042086834243
181.25,58.9005279541016,0.0262314712512433
182.5,58.9005279541016,0.0257886898776866
183.75,58.9005279541016,0.0229652012689397
185,58.9005279541016,0.0177477148212854
186.25,58.9005279541016,0.0128154115467574
187.5,58.9005279541016,0.0102986294509119
188.75,58.9005279541016,0.0102489826662085
190,58.9005279541016,0.0114581070587188
191.25,58.9005279541016,0.0132669671577113
192.5,58.9005279541016,0.0158959113251009
193.75,58.9005279541016,0.0193767334694327
195,58.9005279541016,0.021253011321711
196.25,58.9005279541016,0.0207549044832855
197.5,58.9005279541016,0.017574823752794
198.75,58.9005279541016,0.0147881469083964
200,58.9005279541016,0.00728663457655787
201.25,58.9005279541016,0.00328491698980216
202.5,58.9005279541016,-0.000243744133596952
206.25,58.9005279541016,0.00914542182688986
207.5,58.9005279541016,0.00912644713481173
208.75,58.9005279541016,0.00921571008643723
210,58.9005279541016,0.00787509076068925
211.25,58.9005279541016,0.0046913289821154
212.5,58.9005279541016,0.00080078018735781
213.75,58.9005279541016,-0.00309295351341195
215,58.9005279541016,-0.00555381781793663
216.25,58.9005279541016,-0.00585635911140728
217.5,58.9005279541016,-0.00512718843248362
218.75,58.9005279541016,-0.00467208579665643
220,58.9005279541016,-0.00456564326871353
221.25,58.9005279541016,-0.0027957994895056
222.5,58.9005279541016,-0.00178107954656159
160,59.8429260253906,0.014101708020824
161.25,59.8429260253906,0.0126206882759066
162.5,59.8429260253906,0.012307871783296
163.75,59.8429260253906,-0.00536112077842087
165,59.8429260253906,-0.00879528509882777
166.25,59.8429260253906,-0.00780967930875234
167.5,59.8429260253906,-0.0056387753585328
168.75,59.8429260253906,-0.0031173123706586
170,59.8429260253906,0.00302961891261207
171.25,59.8429260253906,0.00398641388317434
172.5,59.8429260253906,0.00289283307668975
173.75,59.8429260253906,0.00205480493437958
175,59.8429260253906,0.0043145350212684
176.25,59.8429260253906,0.00864549555082186
177.5,59.8429260253906,0.0130603023162472
178.75,59.8429260253906,0.0165125529293266
180,59.8429260253906,0.0184914053245084
181.25,59.8429260253906,0.0195302621087214
182.5,59.8429260253906,0.0190207087431335
183.75,59.8429260253906,0.0153010157827137
185,59.8429260253906,0.00990079829493077
186.25,59.8429260253906,0.00581015620751613
187.5,59.8429260253906,0.00403017783312152
188.75,59.8429260253906,0.00473029965747975
190,59.8429260253906,0.00676260923408739
191.25,59.8429260253906,0.0102147643854781
192.5,59.8429260253906,0.0153698050692011
193.75,59.8429260253906,0.0176298399496336
195,59.8429260253906,0.0163213687638105
196.25,59.8429260253906,0.0142669533054355
197.5,59.8429260253906,0.0095005521971319
198.75,59.8429260253906,0.00812635843207598
206.25,59.8429260253906,0.0083951786183697
207.5,59.8429260253906,0.00845290080675939
208.75,59.8429260253906,0.0084833895683608
210,59.8429260253906,0.0079037066061259
211.25,59.8429260253906,0.00555132723847253
212.5,59.8429260253906,0.0032970527188702
213.75,59.8429260253906,-0.00033336402833125
215,59.8429260253906,-0.00387734628674123
216.25,59.8429260253906,-0.00310873864417052
217.5,59.8429260253906,-0.00128911592622005
218.75,59.8429260253906,-0.000779605153908525
220,59.8429260253906,-0.00188363408672909
221.25,59.8429260253906,-0.00271902112623024
160,60.7853393554688,0.0056888142635672
161.25,60.7853393554688,0.00753283142770118
162.5,60.7853393554688,0.00773614541184336
167.5,60.7853393554688,-0.00763686894257608
168.75,60.7853393554688,-0.0070773569059644
170,60.7853393554688,-0.00700420802937214
171.25,60.7853393554688,0.0023384334679645
172.5,60.7853393554688,-0.000971259694836448
173.75,60.7853393554688,-0.00374542677353992
175,60.7853393554688,-0.00476833000171274
176.25,60.7853393554688,-0.00369391063356296
177.5,60.7853393554688,-0.000570355861929322
178.75,60.7853393554688,0.00305472372750396
180,60.7853393554688,0.0065217781127006
181.25,60.7853393554688,0.00965215353326718
182.5,60.7853393554688,0.00896294962334512
183.75,60.7853393554688,0.005333127578736
185,60.7853393554688,0.00110191441569584
186.25,60.7853393554688,-0.001190360786899
187.5,60.7853393554688,-0.00264856590537753
188.75,60.7853393554688,-0.000816503072391347
190,60.7853393554688,0.000421276871673833
191.25,60.7853393554688,0.00232340460670773
192.5,60.7853393554688,0.00468674219866913
193.75,60.7853393554688,0.00293125687121192
195,60.7853393554688,-0.000120226926576656
212.5,60.7853393554688,0.0063883249609806
213.75,60.7853393554688,0.00221106419720408
215,60.7853393554688,-0.0033256258037278
216.25,60.7853393554688,-0.00337595231114877
160,61.7277526855469,0.00317399322790734
173.75,61.7277526855469,-0.00590409624900186
175,61.7277526855469,-0.00780758693075521
176.25,61.7277526855469,-0.0087528151477452
177.5,61.7277526855469,-0.00720880988591031
178.75,61.7277526855469,-0.00438194605002515
180,61.7277526855469,-0.0014300630134696
181.25,61.7277526855469,0.00282475447207852
182.5,61.7277526855469,0.00470738472497714
183.75,61.7277526855469,0.00165418455109647
185,61.7277526855469,-0.0026217290632677
186.25,61.7277526855469,-0.00674619190492719
187.5,61.7277526855469,-0.0086301133634242
188.75,61.7277526855469,-0.00756789018597589
190,61.7277526855469,-0.00798867316482905
191.25,61.7277526855469,-0.0088443310709599
192.5,61.7277526855469,-0.00847709488585062
193.75,61.7277526855469,-0.011356163149463
195,61.7277526855469,-0.00738677081158138
175,62.6701507568359,-0.00844507149827338
176.25,62.6701507568359,-0.00893875668018034
177.5,62.6701507568359,0.00535091483812457
178.75,62.6701507568359,0.00923092082573113
180,62.6701507568359,0.00660078072334896
181.25,62.6701507568359,0.00693663027310694
182.5,62.6701507568359,0.00655981400922156
183.75,62.6701507568359,-3.65372822814399e-05
185,62.6701507568359,-0.00602319362732912
186.25,62.6701507568359,-0.0105594844611306
187.5,62.6701507568359,-0.0119694307452835
188.75,62.6701507568359,-0.0119777185055512
190,62.6701507568359,-0.0145441359795746
191.25,62.6701507568359,-0.0194923256184119
192.5,62.6701507568359,-0.0221861016227407
193.75,62.6701507568359,-0.0239523911117564
195,62.6701507568359,-0.0249748571403227
196.25,62.6701507568359,-0.0316674099292695
197.5,62.6701507568359,-0.0316674150104683
178.75,63.6125640869141,0.0231536387480193
180,63.6125640869141,0.0218084607123208
181.25,63.6125640869141,0.0153784816113394
182.5,63.6125640869141,0.00995588677392689
183.75,63.6125640869141,0.00388777746710778
185,63.6125640869141,-0.000252479690066446
186.25,63.6125640869141,-0.00293641303980913
187.5,63.6125640869141,-0.00489361912934195
188.75,63.6125640869141,-0.00861152026462546
190,63.6125640869141,-0.0160681457650858
191.25,63.6125640869141,-0.0238565819102171
192.5,63.6125640869141,-0.0281284672140639
193.75,63.6125640869141,-0.0283694609918032
195,63.6125640869141,-0.0285098414102248
196.25,63.6125640869141,-0.0305596121010259
197.5,63.6125640869141,-0.0317988338933153
178.75,64.5549774169922,0.0264197496681622
180,64.5549774169922,0.0271327123700348
181.25,64.5549774169922,0.0220819348326589
182.5,64.5549774169922,0.0200848627731062
183.75,64.5549774169922,0.018464987452663
185,64.5549774169922,0.011611253017079
186.25,64.5549774169922,0.00684142657863637
187.5,64.5549774169922,0.00239287019876845
188.75,64.5549774169922,-0.00619810934463087
190,64.5549774169922,-0.0159783407184419
191.25,64.5549774169922,-0.0255016228731293
192.5,64.5549774169922,-0.0300749235066952
193.75,64.5549774169922,-0.0299520954615227
195,64.5549774169922,-0.0297558339122603
196.25,64.5549774169922,-0.0310201795322462
197.5,64.5549774169922,-0.0318521734580467
180,65.4973907470703,0.0280663144237683
181.25,65.4973907470703,0.0239238429634454
182.5,65.4973907470703,0.0281104238942005
183.75,65.4973907470703,0.0313631814128372
185,65.4973907470703,0.0318888912234588
188.75,65.4973907470703,-0.00972572399404046
190,65.4973907470703,-0.0177109435363839
191.25,65.4973907470703,-0.0242823094959055
192.5,65.4973907470703,-0.0277191951280456
193.75,65.4973907470703,-0.0285838173470124
