"lon","lat","beta"
160,20.2617797851562,0.00274446143678191
161.25,20.2617797851562,0.00557151131535265
162.5,20.2617797851562,0.00778208032293432
163.75,20.2617797851562,0.00925786173417365
165,20.2617797851562,0.00959107968671525
166.25,20.2617797851562,0.00836303694787479
167.5,20.2617797851562,0.00590141648885403
168.75,20.2617797851562,0.00274374063260322
170,20.2617797851562,-0.000685519090548341
171.25,20.2617797851562,-0.00442318148750098
172.5,20.2617797851562,-0.00834271755100089
173.75,20.2617797851562,-0.0124453612410963
175,20.2617797851562,-0.0167847678877782
176.25,20.2617797851562,-0.0210974649756559
177.5,20.2617797851562,-0.0250107131591222
178.75,20.2617797851562,-0.0277876541620358
180,20.2617797851562,-0.0288535484103688
181.25,20.2617797851562,-0.0279053037204054
182.5,20.2617797851562,-0.0262441668950206
183.75,20.2617797851562,-0.0247980066511819
185,20.2617797851562,-0.0228246064768487
186.25,20.2617797851562,-0.0205041767223229
187.5,20.2617797851562,-0.0182419427725629
188.75,20.2617797851562,-0.0155349438289262
190,20.2617797851562,-0.0119519540713432
191.25,20.2617797851562,-0.00744039216114414
192.5,20.2617797851562,-0.00207632439091256
193.75,20.2617797851562,0.00279188995249636
195,20.2617797851562,0.0076048077142141
196.25,20.2617797851562,0.012386197946389
197.5,20.2617797851562,0.0170388074306226
198.75,20.2617797851562,0.0217927386322205
200,20.2617797851562,0.0256523304158918
201.25,20.2617797851562,0.0279344034346083
202.5,20.2617797851562,0.0287118010450175
203.75,20.2617797851562,0.0292206938097622
205,20.2617797851562,0.0306937679747339
206.25,20.2617797851562,0.0309444323778114
207.5,20.2617797851562,0.0299893099459229
208.75,20.2617797851562,0.0277352340892871
210,20.2617797851562,0.0257220737727698
211.25,20.2617797851562,0.0237002279944582
212.5,20.2617797851562,0.0213452055462352
213.75,20.2617797851562,0.0190794925209603
215,20.2617797851562,0.0162504492229827
216.25,20.2617797851562,0.0139863230085116
217.5,20.2617797851562,0.0121456324504976
218.75,20.2617797851562,0.010859856577519
220,20.2617797851562,0.0105308549415007
221.25,20.2617797851562,0.0108449535290071
222.5,20.2617797851562,0.0106770409634097
223.75,20.2617797851562,0.00998361103430823
225,20.2617797851562,0.0092122278465292
226.25,20.2617797851562,0.0094980833136932
227.5,20.2617797851562,0.0108826308027164
228.75,20.2617797851562,0.0117733672869073
230,20.2617797851562,0.01162322981621
231.25,20.2617797851562,0.00998857684565152
232.5,20.2617797851562,0.00673346655950067
233.75,20.2617797851562,0.00337606045596066
235,20.2617797851562,0.000833605378305692
236.25,20.2617797851562,-0.00233030451334704
237.5,20.2617797851562,-0.00712289949843725
238.75,20.2617797851562,-0.0129066231403503
240,20.2617797851562,-0.0192739249066608
241.25,20.2617797851562,-0.0255295723528254
242.5,20.2617797851562,-0.0314436342677946
243.75,20.2617797851562,-0.0359361018266617
245,20.2617797851562,-0.0362821877301206
246.25,20.2617797851562,-0.0344084142748799
247.5,20.2617797851562,-0.0311629279095992
248.75,20.2617797851562,-0.0249586283012765
250,20.2617797851562,-0.0203705097533749
160,21.2041854858398,0.000669646378434721
161.25,21.2041854858398,0.00360174719796849
162.5,21.2041854858398,0.00582700894364179
163.75,21.2041854858398,0.00778477936068389
165,21.2041854858398,0.00935227671957872
166.25,21.2041854858398,0.00998172352594418
167.5,21.2041854858398,0.009367878864041
168.75,21.2041854858398,0.00757318103027947
170,21.2041854858398,0.00473282487109443
171.25,21.2041854858398,0.0018573527049512
172.5,21.2041854858398,-0.000711808694627677
173.75,21.2041854858398,-0.00427220232352651
175,21.2041854858398,-0.00848351831108279
176.25,21.2041854858398,-0.0131218797777342
177.5,21.2041854858398,-0.0183115706108259
178.75,21.2041854858398,-0.023170808597929
180,21.2041854858398,-0.026839133687395
181.25,21.2041854858398,-0.0276655983238761
182.5,21.2041854858398,-0.0267476790540836
183.75,21.2041854858398,-0.0251142040509361
185,21.2041854858398,-0.0227067944796871
186.25,21.2041854858398,-0.0197731795190975
187.5,21.2041854858398,-0.0170661513883058
188.75,21.2041854858398,-0.0143944662314947
190,21.2041854858398,-0.0115989375531561
191.25,21.2041854858398,-0.00806142512341871
192.5,21.2041854858398,-0.00355855500178551
193.75,21.2041854858398,0.00163789864110355
195,21.2041854858398,0.00629998707933195
196.25,21.2041854858398,0.0107213948035303
197.5,21.2041854858398,0.0156520009521983
198.75,21.2041854858398,0.0214904422292229
200,21.2041854858398,0.0270337341422693
201.25,21.2041854858398,0.0311210538781141
202.5,21.2041854858398,0.0335687636204648
203.75,21.2041854858398,0.0347197612586662
205,21.2041854858398,0.0353388824593837
206.25,21.2041854858398,0.0354838504674058
207.5,21.2041854858398,0.034235579637157
208.75,21.2041854858398,0.0317618319411366
210,21.2041854858398,0.0291413964311119
211.25,21.2041854858398,0.0269104942547146
212.5,21.2041854858398,0.024374919945459
213.75,21.2041854858398,0.0218248192628804
215,21.2041854858398,0.0191525008618747
216.25,21.2041854858398,0.0169666539742183
217.5,21.2041854858398,0.0150497966687104
218.75,21.2041854858398,0.0136915210946304
220,21.2041854858398,0.0127723271883208
221.25,21.2041854858398,0.0122099319076504
222.5,21.2041854858398,0.011602377794064
223.75,21.2041854858398,0.0105159478634334
225,21.2041854858398,0.00892472395936341
226.25,21.2041854858398,0.00818213482345225
227.5,21.2041854858398,0.00922863216270296
228.75,21.2041854858398,0.0108176220798118
230,21.2041854858398,0.011957157699894
231.25,21.2041854858398,0.0120694646730763
232.5,21.2041854858398,0.010476759658541
233.75,21.2041854858398,0.00768675674439179
235,21.2041854858398,0.00490026525207022
236.25,21.2041854858398,0.00157662700030061
237.5,21.2041854858398,-0.00308348072417684
238.75,21.2041854858398,-0.00909670240399627
240,21.2041854858398,-0.0156477580434756
241.25,21.2041854858398,-0.0219655186529699
242.5,21.2041854858398,-0.0293988397972964
243.75,21.2041854858398,-0.0369901244267229
245,21.2041854858398,-0.040721225204039
246.25,21.2041854858398,-0.0417051886583367
247.5,21.2041854858398,-0.0386701055670119
248.75,21.2041854858398,-0.0313869338772273
250,21.2041854858398,-0.025805099647114
160,22.146598815918,0.00104874481293984
161.25,22.146598815918,0.00353975077099937
162.5,22.146598815918,0.00551159743234332
163.75,22.146598815918,0.00759496748533567
165,22.146598815918,0.00993630702475172
166.25,22.146598815918,0.0118673164572104
167.5,22.146598815918,0.0127076697965802
168.75,22.146598815918,0.0124669679502223
170,22.146598815918,0.0110038146779611
171.25,22.146598815918,0.00936454206390666
172.5,22.146598815918,0.00779167201541967
173.75,22.146598815918,0.00559618209185912
175,22.146598815918,0.00255108114198189
176.25,22.146598815918,-0.00149594793051411
177.5,22.146598815918,-0.00675511132279669
178.75,22.146598815918,-0.012769716152138
180,22.146598815918,-0.0187596967993165
181.25,22.146598815918,-0.0223357873024663
182.5,22.146598815918,-0.023925863708407
183.75,22.146598815918,-0.0240828458264276
185,22.146598815918,-0.0229480401508337
186.25,22.146598815918,-0.0205449643973628
187.5,22.146598815918,-0.0176067362301884
188.75,22.146598815918,-0.0144794178914753
190,22.146598815918,-0.0104876323944842
191.25,22.146598815918,-0.00590289128325326
192.5,22.146598815918,-0.000901969784775831
193.75,22.146598815918,0.00455116455048008
195,22.146598815918,0.00865053064740015
196.25,22.146598815918,0.0120460193121964
197.5,22.146598815918,0.0162466348313693
198.75,22.146598815918,0.0219458452720839
200,22.146598815918,0.0283401419031004
201.25,22.146598815918,0.0334343351926282
202.5,22.146598815918,0.0367238256173916
203.75,22.146598815918,0.0383511578722236
205,22.146598815918,0.0391279046353571
206.25,22.146598815918,0.0396723818598442
207.5,22.146598815918,0.0391403943304328
208.75,22.146598815918,0.0371830980589544
210,22.146598815918,0.0342005014330462
211.25,22.146598815918,0.0312755618005432
212.5,22.146598815918,0.0282404973619816
213.75,22.146598815918,0.0253744304205002
215,22.146598815918,0.0224603796267953
216.25,22.146598815918,0.0202207759370268
217.5,22.146598815918,0.018257887574086
218.75,22.146598815918,0.0167188060251271
220,22.146598815918,0.0153890042910712
221.25,22.146598815918,0.0141089361359798
222.5,22.146598815918,0.0128241070188992
223.75,22.146598815918,0.0112032766695463
225,22.146598815918,0.00910833700597663
226.25,22.146598815918,0.00740652848293373
227.5,22.146598815918,0.0069977265903672
228.75,22.146598815918,0.00787454526947
230,22.146598815918,0.00944011776611625
231.25,22.146598815918,0.0107963810200211
232.5,22.146598815918,0.0108909636733456
233.75,22.146598815918,0.00955325142644555
235,22.146598815918,0.00746213842268983
236.25,22.146598815918,0.00442331881734679
237.5,22.146598815918,-0.000660832289996459
238.75,22.146598815918,-0.00655206978283963
240,22.146598815918,-0.0132327568681309
241.25,22.146598815918,-0.0207684003090766
242.5,22.146598815918,-0.0297937826485236
243.75,22.146598815918,-0.0382468638044582
245,22.146598815918,-0.0430927040987233
246.25,22.146598815918,-0.0449668800008467
247.5,22.146598815918,-0.0432459837181278
248.75,22.146598815918,-0.0386922739140598
250,22.146598815918,-0.0339418316220374
160,23.0890045166016,0.0031240997761314
161.25,23.0890045166016,0.00600164844704025
162.5,23.0890045166016,0.0081491443579971
163.75,23.0890045166016,0.0104376776481499
165,23.0890045166016,0.013123100083907
166.25,23.0890045166016,0.0157457454954112
167.5,23.0890045166016,0.0179238410323068
168.75,23.0890045166016,0.0186140367297702
170,23.0890045166016,0.0179049393091483
171.25,23.0890045166016,0.0166751312680787
172.5,23.0890045166016,0.0155682290801585
173.75,23.0890045166016,0.0143828459301607
175,23.0890045166016,0.0126401198680577
176.25,23.0890045166016,0.0100005539254128
177.5,23.0890045166016,0.00655719939760205
178.75,23.0890045166016,0.00232409526389792
180,23.0890045166016,-0.00284840701417197
181.25,23.0890045166016,-0.00777689378833263
182.5,23.0890045166016,-0.0119981532839785
183.75,23.0890045166016,-0.0154474972295987
185,23.0890045166016,-0.0179773362501811
186.25,23.0890045166016,-0.0187087544129477
187.5,23.0890045166016,-0.0181132663015242
188.75,23.0890045166016,-0.0166343734167147
190,23.0890045166016,-0.0132862597805244
191.25,23.0890045166016,-0.00817287377426498
192.5,23.0890045166016,-0.00212924637414433
193.75,23.0890045166016,0.00457943589145244
195,23.0890045166016,0.0111365191721421
196.25,23.0890045166016,0.0160694452622368
197.5,23.0890045166016,0.0198962111897602
198.75,23.0890045166016,0.0240000134499284
200,23.0890045166016,0.0289884897491971
201.25,23.0890045166016,0.0335308826250046
202.5,23.0890045166016,0.0360892180518005
203.75,23.0890045166016,0.0386929058882603
205,23.0890045166016,0.0402635969274139
206.25,23.0890045166016,0.0418714028154215
207.5,23.0890045166016,0.0424329328905875
208.75,23.0890045166016,0.0415415647623585
210,23.0890045166016,0.0390835651606445
211.25,23.0890045166016,0.0358834563440412
212.5,23.0890045166016,0.0324846532873335
213.75,23.0890045166016,0.0291819959235966
215,23.0890045166016,0.0261629159734556
216.25,23.0890045166016,0.0237830823476087
217.5,23.0890045166016,0.0216676329493225
218.75,23.0890045166016,0.0197548552767735
220,23.0890045166016,0.0180602152911972
221.25,23.0890045166016,0.0162972232014042
222.5,23.0890045166016,0.0143840015641079
223.75,23.0890045166016,0.0124003548690325
225,23.0890045166016,0.00984111816502056
226.25,23.0890045166016,0.0073048251729594
227.5,23.0890045166016,0.00548052009704627
228.75,23.0890045166016,0.00463957054830003
230,23.0890045166016,0.00528271272187888
231.25,23.0890045166016,0.00666281811464223
232.5,23.0890045166016,0.00778041520443896
233.75,23.0890045166016,0.00790442710061731
235,23.0890045166016,0.00692556266666665
236.25,23.0890045166016,0.00474691220489911
237.5,23.0890045166016,0.000421280177221107
238.75,23.0890045166016,-0.00523593789616086
240,23.0890045166016,-0.0122651956720363
241.25,23.0890045166016,-0.0212838807508568
242.5,23.0890045166016,-0.0319540031642317
243.75,23.0890045166016,-0.0401114870025125
245,23.0890045166016,-0.0439243326626143
246.25,23.0890045166016,-0.0453070949400272
247.5,23.0890045166016,-0.0452845596208686
248.75,23.0890045166016,-0.0435420960001102
250,23.0890045166016,-0.0372028715951087
160,24.0314178466797,0.00481535465492192
161.25,24.0314178466797,0.00828651212803407
162.5,24.0314178466797,0.0115528716383229
163.75,24.0314178466797,0.0147787563281004
165,24.0314178466797,0.0184347525383056
166.25,24.0314178466797,0.021686858559633
167.5,24.0314178466797,0.0242748451234982
168.75,24.0314178466797,0.0255130357715776
170,24.0314178466797,0.0252551396932686
171.25,24.0314178466797,0.023756499879291
172.5,24.0314178466797,0.0224078113069095
173.75,24.0314178466797,0.0215657810093571
175,24.0314178466797,0.0210258517610278
176.25,24.0314178466797,0.019933908224286
177.5,24.0314178466797,0.0182856091592968
178.75,24.0314178466797,0.0161508734225978
180,24.0314178466797,0.0137634526923971
181.25,24.0314178466797,0.0107086646847597
182.5,24.0314178466797,0.00691909852210512
183.75,24.0314178466797,0.00335790433560382
185,24.0314178466797,-0.000333313102618091
186.25,24.0314178466797,-0.00389134990704612
187.5,24.0314178466797,-0.00774295524644284
188.75,24.0314178466797,-0.0121058231042287
190,24.0314178466797,-0.0146766609013915
191.25,24.0314178466797,-0.0135018280840682
192.5,24.0314178466797,-0.00946766261352098
193.75,24.0314178466797,-0.00367142684464866
195,24.0314178466797,0.00401209705317982
196.25,24.0314178466797,0.0115797339257639
197.5,24.0314178466797,0.018218771071678
198.75,24.0314178466797,0.0241931729682033
200,24.0314178466797,0.0298214113955825
201.25,24.0314178466797,0.0344627171517264
202.5,24.0314178466797,0.0372820076181646
203.75,24.0314178466797,0.039803399471078
205,24.0314178466797,0.0413849929736158
206.25,24.0314178466797,0.0423018338391533
207.5,24.0314178466797,0.0431617191559824
208.75,24.0314178466797,0.043343108883483
210,24.0314178466797,0.0420330987027616
211.25,24.0314178466797,0.0393963030908291
212.5,24.0314178466797,0.0361206692791326
213.75,24.0314178466797,0.0329200754316953
215,24.0314178466797,0.0302213854400212
216.25,24.0314178466797,0.027839312303877
217.5,24.0314178466797,0.0257472308632499
218.75,24.0314178466797,0.0236276340006984
220,24.0314178466797,0.0214600735767093
221.25,24.0314178466797,0.0192979231968195
222.5,24.0314178466797,0.0169427255954197
223.75,24.0314178466797,0.01459532378724
225,24.0314178466797,0.0118086209936806
226.25,24.0314178466797,0.00832413905282951
227.5,24.0314178466797,0.00497933859192739
228.75,24.0314178466797,0.00264301518394296
230,24.0314178466797,0.00171933463304008
231.25,24.0314178466797,0.00188160509776413
232.5,24.0314178466797,0.00292563128274421
233.75,24.0314178466797,0.00377309711996074
235,24.0314178466797,0.00379484823776637
236.25,24.0314178466797,0.00285879312195737
237.5,24.0314178466797,0.000751100831981965
238.75,24.0314178466797,-0.00363921738030862
240,24.0314178466797,-0.0109371961713303
241.25,24.0314178466797,-0.0215616375412119
242.5,24.0314178466797,-0.0331691837155825
243.75,24.0314178466797,-0.0405348104564044
245,24.0314178466797,-0.0437311222384153
246.25,24.0314178466797,-0.0454398735289696
247.5,24.0314178466797,-0.046347409314747
248.75,24.0314178466797,-0.0444506376520065
250,24.0314178466797,-0.0341150278571964
160,24.9738235473633,0.00865771641753482
161.25,24.9738235473633,0.0111552767764353
162.5,24.9738235473633,0.0147361209247142
163.75,24.9738235473633,0.0188732894918992
165,24.9738235473633,0.0231562135041908
166.25,24.9738235473633,0.0269757319271014
167.5,24.9738235473633,0.030094380900447
168.75,24.9738235473633,0.0317533143879507
170,24.9738235473633,0.0323430658987171
171.25,24.9738235473633,0.0312217518816289
172.5,24.9738235473633,0.0302548117286579
173.75,24.9738235473633,0.0298238658924004
175,24.9738235473633,0.0296376692260793
176.25,24.9738235473633,0.0292016454986877
177.5,24.9738235473633,0.0284612912662289
178.75,24.9738235473633,0.0274270922699626
180,24.9738235473633,0.0264877007351466
181.25,24.9738235473633,0.024601493187286
182.5,24.9738235473633,0.0218479062200986
183.75,24.9738235473633,0.018994840690657
185,24.9738235473633,0.0176816225469427
186.25,24.9738235473633,0.0178302493413115
187.5,24.9738235473633,0.0161760964353568
188.75,24.9738235473633,0.00943958204890818
190,24.9738235473633,8.6744938120854e-05
191.25,24.9738235473633,-0.00743677568431958
192.5,24.9738235473633,-0.011380086055916
193.75,24.9738235473633,-0.0115148479692319
195,24.9738235473633,-0.00787296666991864
196.25,24.9738235473633,-0.00207917444075717
197.5,24.9738235473633,0.0046120671949227
198.75,24.9738235473633,0.0118967609246569
200,24.9738235473633,0.019853277383797
201.25,24.9738235473633,0.0279083284245401
202.5,24.9738235473633,0.0354101271813367
203.75,24.9738235473633,0.0421558202663108
205,24.9738235473633,0.0461166839009155
206.25,24.9738235473633,0.0467211433928784
207.5,24.9738235473633,0.0454471811611988
208.75,24.9738235473633,0.0439056704604423
210,24.9738235473633,0.0425957676607948
211.25,24.9738235473633,0.040877715985852
212.5,24.9738235473633,0.0383313784123916
213.75,24.9738235473633,0.0359144694643645
215,24.9738235473633,0.0341581393843166
216.25,24.9738235473633,0.0320160169917976
217.5,24.9738235473633,0.0300205596950638
218.75,24.9738235473633,0.0278409141554792
220,24.9738235473633,0.0255595492166644
221.25,24.9738235473633,0.0232809999980901
222.5,24.9738235473633,0.0207897184182626
223.75,24.9738235473633,0.018173445458084
225,24.9738235473633,0.0151754282045579
226.25,24.9738235473633,0.0112177340836336
227.5,24.9738235473633,0.0069270857369697
228.75,24.9738235473633,0.00331534674411733
230,24.9738235473633,0.000790807384737257
231.25,24.9738235473633,-0.000762361660584089
232.5,24.9738235473633,-0.00113697001787771
233.75,24.9738235473633,-0.000700196357140063
235,24.9738235473633,-0.000230344779672894
236.25,24.9738235473633,0.000163561061158323
237.5,24.9738235473633,-0.000104415411946662
238.75,24.9738235473633,-0.00251351344327844
240,24.9738235473633,-0.00975285210192509
241.25,24.9738235473633,-0.0215613465383005
242.5,24.9738235473633,-0.0334422214803354
243.75,24.9738235473633,-0.0399953706986095
245,24.9738235473633,-0.0433382810374685
246.25,24.9738235473633,-0.0460956587980041
247.5,24.9738235473633,-0.046535215101284
248.75,24.9738235473633,-0.0439995823714902
250,24.9738235473633,-0.0343104551432658
160,25.9162292480469,0.0177054622006539
161.25,25.9162292480469,0.0192247566058085
162.5,25.9162292480469,0.0220589258905982
163.75,25.9162292480469,0.0259384928149103
165,25.9162292480469,0.0301920299881468
166.25,25.9162292480469,0.0338017435463469
167.5,25.9162292480469,0.0368774513368658
168.75,25.9162292480469,0.0388793534057626
170,25.9162292480469,0.0394863635673535
171.25,25.9162292480469,0.0392638900687118
172.5,25.9162292480469,0.0386629710572743
173.75,25.9162292480469,0.0378970025359041
175,25.9162292480469,0.0368474433732096
176.25,25.9162292480469,0.0360567591540934
177.5,25.9162292480469,0.0359958253249732
178.75,25.9162292480469,0.0363069664883178
180,25.9162292480469,0.0366164458568607
181.25,25.9162292480469,0.0351274544220639
182.5,25.9162292480469,0.0327506775037354
183.75,25.9162292480469,0.0303249481760979
185,25.9162292480469,0.0291350938026948
186.25,25.9162292480469,0.0301151951795322
187.5,25.9162292480469,0.03176035545972
188.75,25.9162292480469,0.0296102557299943
190,25.9162292480469,0.0222979462513381
191.25,25.9162292480469,0.0127836799007256
192.5,25.9162292480469,0.00331310792132286
193.75,25.9162292480469,-0.00355118476233287
195,25.9162292480469,-0.00661333185642279
196.25,25.9162292480469,-0.0062018687791007
197.5,25.9162292480469,-0.00407100845016238
198.75,25.9162292480469,-0.00059390088117481
200,25.9162292480469,0.00435881084552763
201.25,25.9162292480469,0.0111148186324905
202.5,25.9162292480469,0.0199065229238445
203.75,25.9162292480469,0.0302509421501435
205,25.9162292480469,0.0397895154537885
206.25,25.9162292480469,0.045631318601148
207.5,25.9162292480469,0.0482520076629605
208.75,25.9162292480469,0.0472513859402348
210,25.9162292480469,0.0441607591797957
211.25,25.9162292480469,0.0416454994827752
212.5,25.9162292480469,0.0396669108651985
213.75,25.9162292480469,0.0378176929190743
215,25.9162292480469,0.0368273353965696
216.25,25.9162292480469,0.0354295071705939
217.5,25.9162292480469,0.0336850230385708
218.75,25.9162292480469,0.031770096716257
220,25.9162292480469,0.0298998772017243
221.25,25.9162292480469,0.0279957486041678
222.5,25.9162292480469,0.025597281615345
223.75,25.9162292480469,0.0228055050332185
225,25.9162292480469,0.0197437093004331
226.25,25.9162292480469,0.0161985273323062
227.5,25.9162292480469,0.0114921863111744
228.75,25.9162292480469,0.0070500411772307
230,25.9162292480469,0.0030579568107257
231.25,25.9162292480469,-0.000155830601209299
232.5,25.9162292480469,-0.00244059806315348
233.75,25.9162292480469,-0.0035451697104452
235,25.9162292480469,-0.00338972067367338
236.25,25.9162292480469,-0.00203123827750381
237.5,25.9162292480469,-0.000597490467710939
238.75,25.9162292480469,-0.00125883501399768
240,25.9162292480469,-0.00824327814910711
241.25,25.9162292480469,-0.0209716854130705
242.5,25.9162292480469,-0.0328423229598139
243.75,25.9162292480469,-0.0391506351854204
245,25.9162292480469,-0.0431121256539563
246.25,25.9162292480469,-0.0459392493618952
247.5,25.9162292480469,-0.0463130590321577
248.75,25.9162292480469,-0.0313407936043373
250,25.9162292480469,-0.0332400459515173
160,26.858642578125,0.0293990716963974
161.25,26.858642578125,0.0305940720660964
162.5,26.858642578125,0.0326951512698471
163.75,26.858642578125,0.0362875344438524
165,26.858642578125,0.0406735694524046
166.25,26.858642578125,0.0441545012117187
167.5,26.858642578125,0.0462908727330766
168.75,26.858642578125,0.0477640931371934
170,26.858642578125,0.0482896596392639
171.25,26.858642578125,0.0486584478875428
172.5,26.858642578125,0.0480755546470176
173.75,26.858642578125,0.0461701147429847
175,26.858642578125,0.0438281461207073
176.25,26.858642578125,0.0420701366318416
177.5,26.858642578125,0.0418204577853103
178.75,26.858642578125,0.0426364873548909
180,26.858642578125,0.0430475616137865
181.25,26.858642578125,0.0415151818200947
182.5,26.858642578125,0.0392651760558525
183.75,26.858642578125,0.0373519938543151
185,26.858642578125,0.0360053156013825
186.25,26.858642578125,0.0359606286406412
187.5,26.858642578125,0.0372307538507182
188.75,26.858642578125,0.0371526256192046
190,26.858642578125,0.0333357510583964
191.25,26.858642578125,0.0269125652669843
192.5,26.858642578125,0.0185154329744925
193.75,26.858642578125,0.0104828932655442
195,26.858642578125,0.00476123191840783
196.25,26.858642578125,0.00158182413390753
197.5,26.858642578125,-0.000157357220988933
198.75,26.858642578125,-0.00103806458855055
200,26.858642578125,-0.00118663514530728
201.25,26.858642578125,7.46930615484399e-05
202.5,26.858642578125,0.00367530599037651
203.75,26.858642578125,0.0103741165212738
205,26.858642578125,0.0205591941964326
206.25,26.858642578125,0.02951499271355
207.5,26.858642578125,0.0371358807042963
208.75,26.858642578125,0.0431177047516712
210,26.858642578125,0.0459502374300773
211.25,26.858642578125,0.0453052673597473
212.5,26.858642578125,0.0429870463995375
213.75,26.858642578125,0.0406413702465876
215,26.858642578125,0.0390940058757837
216.25,26.858642578125,0.0382966655028245
217.5,26.858642578125,0.0373786196474103
218.75,26.858642578125,0.0358881383383818
220,26.858642578125,0.0343128771895164
221.25,26.858642578125,0.0326170132037325
222.5,26.858642578125,0.0302408101005787
223.75,26.858642578125,0.0272543677302966
225,26.858642578125,0.0242338857454652
226.25,26.858642578125,0.02131967890289
227.5,26.858642578125,0.0175057557361107
228.75,26.858642578125,0.0130237704753595
230,26.858642578125,0.00816506145089532
231.25,26.858642578125,0.00344187530369919
232.5,26.858642578125,-0.000732990686852882
233.75,26.858642578125,-0.00364016830305556
235,26.858642578125,-0.00412251751052017
236.25,26.858642578125,-0.00241799732269974
237.5,26.858642578125,-0.000137345685582699
238.75,26.858642578125,0.000867429854552797
240,26.858642578125,-0.00558448872780114
241.25,26.858642578125,-0.0190653149417539
242.5,26.858642578125,-0.0307462830708566
243.75,26.858642578125,-0.0372136552429682
245,26.858642578125,-0.0415392669296521
246.25,26.858642578125,-0.0441721558560215
247.5,26.858642578125,-0.0326114702022832
248.75,26.858642578125,-0.0291394151604
250,26.858642578125,-0.0299605694619797
160,27.8010482788086,0.0355024872017038
161.25,27.8010482788086,0.0381606746461389
162.5,27.8010482788086,0.0404230761891686
163.75,27.8010482788086,0.0437377379008694
165,27.8010482788086,0.0479391847406744
166.25,27.8010482788086,0.0519329921028696
167.5,27.8010482788086,0.0544512000367468
168.75,27.8010482788086,0.0557770195505827
170,27.8010482788086,0.0569239059323963
171.25,27.8010482788086,0.0574062896901679
172.5,27.8010482788086,0.0573346571238674
173.75,27.8010482788086,0.0558459539156253
175,27.8010482788086,0.0529261586802192
176.25,27.8010482788086,0.0499345406939273
177.5,27.8010482788086,0.0482648673620091
178.75,27.8010482788086,0.0478792559417283
180,27.8010482788086,0.0471089531346741
181.25,27.8010482788086,0.045334289361066
182.5,27.8010482788086,0.0425867919329289
183.75,27.8010482788086,0.040800843528294
185,27.8010482788086,0.0394908082591469
186.25,27.8010482788086,0.0388138822006339
187.5,27.8010482788086,0.039224131137045
188.75,27.8010482788086,0.0392006903193685
190,27.8010482788086,0.0364337247509591
191.25,27.8010482788086,0.031635318506749
192.5,27.8010482788086,0.02565281640724
193.75,27.8010482788086,0.0190894273400324
195,27.8010482788086,0.0132204193713692
196.25,27.8010482788086,0.00901216501249619
197.5,27.8010482788086,0.00635935335403196
198.75,27.8010482788086,0.00500264080698577
200,27.8010482788086,0.00418622613767281
201.25,27.8010482788086,0.002865712385343
202.5,27.8010482788086,0.00168651107674516
203.75,27.8010482788086,0.00187584015421405
205,27.8010482788086,0.0043526438569282
206.25,27.8010482788086,0.00911282921593735
207.5,27.8010482788086,0.0161999506432906
208.75,27.8010482788086,0.0251766251593649
210,27.8010482788086,0.0343100258545099
211.25,27.8010482788086,0.0416835494624122
212.5,27.8010482788086,0.0456484526316186
213.75,27.8010482788086,0.0458528873636726
215,27.8010482788086,0.0434305990931224
216.25,27.8010482788086,0.0416057012277937
217.5,27.8010482788086,0.040926792980196
218.75,27.8010482788086,0.0399381404088018
220,27.8010482788086,0.0382420958972958
221.25,27.8010482788086,0.0362442690228424
222.5,27.8010482788086,0.0337999941102019
223.75,27.8010482788086,0.030655427019749
225,27.8010482788086,0.0274843663706214
226.25,27.8010482788086,0.0250818250221719
227.5,27.8010482788086,0.0226536706364942
228.75,27.8010482788086,0.018941378914973
230,27.8010482788086,0.0142440251622413
231.25,27.8010482788086,0.00885723333742475
232.5,27.8010482788086,0.00333697178588122
233.75,27.8010482788086,-0.00130221240331163
235,27.8010482788086,-0.00297327226887942
236.25,27.8010482788086,-0.00132470959687278
237.5,27.8010482788086,0.00187832199119633
238.75,27.8010482788086,0.00347536599920675
240,27.8010482788086,-0.00285414269152345
241.25,27.8010482788086,-0.0164883341573056
242.5,27.8010482788086,-0.0281283970140827
243.75,27.8010482788086,-0.0353727813196551
245,27.8010482788086,-0.0396795977952486
246.25,27.8010482788086,-0.040699246066698
247.5,27.8010482788086,-0.0217764819561326
248.75,27.8010482788086,-0.0254821024180383
250,27.8010482788086,-0.0261767692668233
160,28.7434539794922,0.0332076684637821
161.25,28.7434539794922,0.0371050274965123
162.5,28.7434539794922,0.0404227202829545
163.75,28.7434539794922,0.0441299778382932
165,28.7434539794922,0.0486191135263455
166.25,28.7434539794922,0.0531982277668203
167.5,28.7434539794922,0.0567984395384631
168.75,28.7434539794922,0.0592045030405181
170,28.7434539794922,0.0608609877725162
171.25,28.7434539794922,0.0619971546356046
172.5,28.7434539794922,0.0624785720404228
173.75,28.7434539794922,0.0622337978060704
175,28.7434539794922,0.0607056334872422
176.25,28.7434539794922,0.0581297298954169
177.5,28.7434539794922,0.0557396924005475
178.75,28.7434539794922,0.0539949512997333
180,28.7434539794922,0.05210101311183
181.25,28.7434539794922,0.0490442659704439
182.5,28.7434539794922,0.0452990659921908
183.75,28.7434539794922,0.0422439159470648
185,28.7434539794922,0.0404833192805418
186.25,28.7434539794922,0.0393239516501148
187.5,28.7434539794922,0.0383919921882547
188.75,28.7434539794922,0.0373109591586122
190,28.7434539794922,0.0350430899789374
191.25,28.7434539794922,0.0315537433883338
192.5,28.7434539794922,0.0277682387335464
193.75,28.7434539794922,0.0231936553476983
195,28.7434539794922,0.0179990708144146
196.25,28.7434539794922,0.0135292529553045
197.5,28.7434539794922,0.0105618579909624
198.75,28.7434539794922,0.00915713443341425
200,28.7434539794922,0.00843057321904324
201.25,28.7434539794922,0.007391500129173
202.5,28.7434539794922,0.00621716325906173
203.75,28.7434539794922,0.00560926852645221
205,28.7434539794922,0.00486972394534428
206.25,28.7434539794922,0.00422388889021684
207.5,28.7434539794922,0.00491110976756044
208.75,28.7434539794922,0.00801716937016115
210,28.7434539794922,0.0148447863125152
211.25,28.7434539794922,0.0245750806064437
212.5,28.7434539794922,0.03493360007574
213.75,28.7434539794922,0.0427140752585169
215,28.7434539794922,0.0453642890498672
216.25,28.7434539794922,0.0451369610935215
217.5,28.7434539794922,0.0448524361970382
218.75,28.7434539794922,0.0441496578587117
220,28.7434539794922,0.0421238647238677
221.25,28.7434539794922,0.0393084219149698
222.5,28.7434539794922,0.0362614056241215
223.75,28.7434539794922,0.0329317630387375
225,28.7434539794922,0.0298374510138412
226.25,28.7434539794922,0.0275845626832157
227.5,28.7434539794922,0.0261065039910201
228.75,28.7434539794922,0.0238438945406504
230,28.7434539794922,0.0200158186872946
231.25,28.7434539794922,0.0146580009821077
232.5,28.7434539794922,0.0085301763117168
233.75,28.7434539794922,0.00267198352791607
235,28.7434539794922,-0.000270987675309931
236.25,28.7434539794922,0.000558587545211735
237.5,28.7434539794922,0.00349675318609993
238.75,28.7434539794922,0.00487829417803113
240,28.7434539794922,-0.00165485005908192
241.25,28.7434539794922,-0.0152748155682926
242.5,28.7434539794922,-0.0272855290733326
243.75,28.7434539794922,-0.0342998367875154
245,28.7434539794922,-0.0373140422023592
246.25,28.7434539794922,-0.0380848336066229
160,29.6858673095703,0.023322897068942
161.25,29.6858673095703,0.027486954535829
162.5,29.6858673095703,0.0328849318176055
163.75,29.6858673095703,0.0385512397794479
165,29.6858673095703,0.044387099115012
166.25,29.6858673095703,0.0504661598267968
167.5,29.6858673095703,0.055663025104488
168.75,29.6858673095703,0.0594526454324827
170,29.6858673095703,0.0624020861168943
171.25,29.6858673095703,0.0646335568137224
172.5,29.6858673095703,0.0653465912405405
173.75,29.6858673095703,0.0654430980097225
175,29.6858673095703,0.0654136775568659
176.25,29.6858673095703,0.0642484187698673
177.5,29.6858673095703,0.0618715090484654
178.75,29.6858673095703,0.0592373894259384
180,29.6858673095703,0.0565733429516154
181.25,29.6858673095703,0.052889061121274
182.5,29.6858673095703,0.0481305363225679
183.75,29.6858673095703,0.0436122053852981
185,29.6858673095703,0.0409077992211367
186.25,29.6858673095703,0.0391630156921386
187.5,29.6858673095703,0.0369673517616186
188.75,29.6858673095703,0.0341466904353348
190,29.6858673095703,0.0311016375174374
191.25,29.6858673095703,0.0282484047633612
192.5,29.6858673095703,0.0260764983911221
193.75,29.6858673095703,0.0232562474836913
195,29.6858673095703,0.019811016755402
196.25,29.6858673095703,0.0163175685952472
197.5,29.6858673095703,0.0133625372609544
198.75,29.6858673095703,0.0109591713205305
200,29.6858673095703,0.00879399842202213
201.25,29.6858673095703,0.00706173693146939
202.5,29.6858673095703,0.00637576294594152
203.75,29.6858673095703,0.00674955060426223
205,29.6858673095703,0.00707842112738537
206.25,29.6858673095703,0.00744402820562441
207.5,29.6858673095703,0.00756895181910495
208.75,29.6858673095703,0.00721112098996568
210,29.6858673095703,0.00760923113602164
211.25,29.6858673095703,0.0109391375175565
212.5,29.6858673095703,0.0175122828556425
213.75,29.6858673095703,0.0260255525854573
215,29.6858673095703,0.0344686167865845
216.25,29.6858673095703,0.0411382172930065
217.5,29.6858673095703,0.0455652464606974
218.75,29.6858673095703,0.0475271210040367
220,29.6858673095703,0.0464786562224095
221.25,29.6858673095703,0.0435527822186435
222.5,29.6858673095703,0.0397162261988386
223.75,29.6858673095703,0.0354236803724661
225,29.6858673095703,0.0316791106372279
226.25,29.6858673095703,0.0292732997248328
227.5,29.6858673095703,0.0279254997817848
228.75,29.6858673095703,0.02689211346687
230,29.6858673095703,0.0244458682052559
231.25,29.6858673095703,0.020186660133356
232.5,29.6858673095703,0.0142616750893391
233.75,29.6858673095703,0.00775179908564561
235,29.6858673095703,0.00374194055466903
236.25,29.6858673095703,0.00292180156367681
237.5,29.6858673095703,0.00405277342242849
238.75,29.6858673095703,0.00431610382523642
240,29.6858673095703,-0.00214279196465179
241.25,29.6858673095703,-0.0151899062955783
242.5,29.6858673095703,-0.0270853422692226
243.75,29.6858673095703,-0.0337465709284839
245,29.6858673095703,-0.035556845151181
160,30.6282730102539,0.0155245615010538
161.25,30.6282730102539,0.016422379710655
162.5,30.6282730102539,0.0219705271512643
163.75,30.6282730102539,0.0292102722611032
165,30.6282730102539,0.0362327682431954
166.25,30.6282730102539,0.0439824867881582
167.5,30.6282730102539,0.0511714273370046
168.75,30.6282730102539,0.056802069557942
170,30.6282730102539,0.0617450942030757
171.25,30.6282730102539,0.0657162752197948
172.5,30.6282730102539,0.0670341508980549
173.75,30.6282730102539,0.0672602931631553
175,30.6282730102539,0.0677150802034832
176.25,30.6282730102539,0.0674697278651408
177.5,30.6282730102539,0.0658158418236512
178.75,30.6282730102539,0.0628996167292512
180,30.6282730102539,0.0596874037076337
181.25,30.6282730102539,0.0562506071806585
182.5,30.6282730102539,0.0510417310569576
183.75,30.6282730102539,0.045258059157502
185,30.6282730102539,0.041537630478796
186.25,30.6282730102539,0.0392386257162523
187.5,30.6282730102539,0.0361721554559019
188.75,30.6282730102539,0.0318927951922883
190,30.6282730102539,0.027469317919121
191.25,30.6282730102539,0.024008687292095
192.5,30.6282730102539,0.0221009237676387
193.75,30.6282730102539,0.0205525037467187
195,30.6282730102539,0.0184720558065571
196.25,30.6282730102539,0.0162645234968958
197.5,30.6282730102539,0.0141035050732369
198.75,30.6282730102539,0.0111225262733138
200,30.6282730102539,0.00741531013784502
201.25,30.6282730102539,0.00447779791774817
202.5,30.6282730102539,0.00353448280131471
203.75,30.6282730102539,0.00414675243815595
205,30.6282730102539,0.0055640123156984
206.25,30.6282730102539,0.00789465719689921
207.5,30.6282730102539,0.00989354014792954
208.75,30.6282730102539,0.0105032870439066
210,30.6282730102539,0.00992317435739147
211.25,30.6282730102539,0.00924597230591944
212.5,30.6282730102539,0.00966498498220447
213.75,30.6282730102539,0.012581641973885
215,30.6282730102539,0.0185387670722878
216.25,30.6282730102539,0.0265655703490639
217.5,30.6282730102539,0.0358556750004145
218.75,30.6282730102539,0.0430919054381363
220,30.6282730102539,0.0463165726755989
221.25,30.6282730102539,0.0461835520782328
222.5,30.6282730102539,0.0432674938591332
223.75,30.6282730102539,0.0382811572244583
225,30.6282730102539,0.0334599686747061
226.25,30.6282730102539,0.0303069223578595
227.5,30.6282730102539,0.0287657642826676
228.75,30.6282730102539,0.027995366445437
230,30.6282730102539,0.0267060484448045
231.25,30.6282730102539,0.0236027768053621
232.5,30.6282730102539,0.0188104460901919
233.75,30.6282730102539,0.0128511417128852
235,30.6282730102539,0.00801729090736511
236.25,30.6282730102539,0.00530736451136269
237.5,30.6282730102539,0.00408035209534203
238.75,30.6282730102539,0.00248230164973897
240,30.6282730102539,-0.00377835264252426
241.25,30.6282730102539,-0.0157178786306337
242.5,30.6282730102539,-0.0261830481863882
243.75,30.6282730102539,-0.0309755103036171
160,31.5706787109375,0.0141829791050795
161.25,31.5706787109375,0.00968194179560525
162.5,31.5706787109375,0.0119677500654265
163.75,31.5706787109375,0.0181897795846102
165,31.5706787109375,0.0249024491245376
166.25,31.5706787109375,0.0333331387988087
167.5,31.5706787109375,0.0428214225499455
168.75,31.5706787109375,0.0516267161303585
170,31.5706787109375,0.0591545173342832
171.25,31.5706787109375,0.0644666839102293
172.5,31.5706787109375,0.0665229969142203
173.75,31.5706787109375,0.0674599110222773
175,31.5706787109375,0.0685305940826344
176.25,31.5706787109375,0.068552383119704
177.5,31.5706787109375,0.0667097958823492
178.75,31.5706787109375,0.0636369265452347
180,31.5706787109375,0.0609040166185638
181.25,31.5706787109375,0.0583925242658421
182.5,31.5706787109375,0.0531947173290725
183.75,31.5706787109375,0.046776050930439
185,31.5706787109375,0.0425285293016376
186.25,31.5706787109375,0.0397117801112594
187.5,31.5706787109375,0.0357299203027317
188.75,31.5706787109375,0.0300782027186416
190,31.5706787109375,0.0242523262243787
191.25,31.5706787109375,0.0195730513273829
192.5,31.5706787109375,0.0169764059100204
193.75,31.5706787109375,0.0159157492421283
195,31.5706787109375,0.0150975143451721
196.25,31.5706787109375,0.0140254725274242
197.5,31.5706787109375,0.0126203419467411
198.75,31.5706787109375,0.0098758867410017
200,31.5706787109375,0.00608643805767226
201.25,31.5706787109375,0.00321792411945165
202.5,31.5706787109375,0.00222546705376326
203.75,31.5706787109375,0.00269054185880654
205,31.5706787109375,0.0041771810846403
206.25,31.5706787109375,0.00660086634007783
207.5,31.5706787109375,0.00961381570992294
208.75,31.5706787109375,0.0115386982262824
210,31.5706787109375,0.0121871252174204
211.25,31.5706787109375,0.0116584088852317
212.5,31.5706787109375,0.0100647059751922
213.75,31.5706787109375,0.00842689452095523
215,31.5706787109375,0.00905434162743392
216.25,31.5706787109375,0.0134472373827774
217.5,31.5706787109375,0.0219889275041963
218.75,31.5706787109375,0.0319953757425673
220,31.5706787109375,0.0396895528952731
221.25,31.5706787109375,0.0437047191365955
222.5,31.5706787109375,0.0434020047954219
223.75,31.5706787109375,0.0396974502447157
225,31.5706787109375,0.0347459020428475
226.25,31.5706787109375,0.0307968999919806
227.5,31.5706787109375,0.0289651127901166
228.75,31.5706787109375,0.0281929517319077
230,31.5706787109375,0.0274069517386182
231.25,31.5706787109375,0.0253202222177558
232.5,31.5706787109375,0.0218905960572862
233.75,31.5706787109375,0.0169213058652801
235,31.5706787109375,0.0115854752400344
236.25,31.5706787109375,0.00694035888397815
237.5,31.5706787109375,0.00333707699137335
238.75,31.5706787109375,-0.000143703748268396
240,31.5706787109375,-0.00555630593045644
241.25,31.5706787109375,-0.0158972212748205
242.5,31.5706787109375,-0.0240879266438116
243.75,31.5706787109375,-0.030644794292095
160,32.5130920410156,0.0206636896723084
161.25,32.5130920410156,0.0141015750259959
162.5,32.5130920410156,0.0109137678871228
163.75,32.5130920410156,0.0129359224461725
165,32.5130920410156,0.0167755764071463
166.25,32.5130920410156,0.0226685715968699
167.5,32.5130920410156,0.0319107487752719
168.75,32.5130920410156,0.0426804004597887
170,32.5130920410156,0.0519939628418915
171.25,32.5130920410156,0.0583655790804265
172.5,32.5130920410156,0.0613184928735882
173.75,32.5130920410156,0.0636867245164878
175,32.5130920410156,0.0659331453945947
176.25,32.5130920410156,0.0665502811668568
177.5,32.5130920410156,0.0649424237076709
178.75,32.5130920410156,0.0621566563176933
180,32.5130920410156,0.0600912654190442
181.25,32.5130920410156,0.0581490453883496
182.5,32.5130920410156,0.0535854823808737
183.75,32.5130920410156,0.0474404903358023
185,32.5130920410156,0.0429921128462559
186.25,32.5130920410156,0.0391941919386228
187.5,32.5130920410156,0.0341759425680283
188.75,32.5130920410156,0.0279645731412083
190,32.5130920410156,0.0218576400152207
191.25,32.5130920410156,0.0164903969865371
192.5,32.5130920410156,0.0126652188070728
193.75,32.5130920410156,0.0107972429486747
195,32.5130920410156,0.0102054645967799
196.25,32.5130920410156,0.0100951834277838
197.5,32.5130920410156,0.00920025740745614
198.75,32.5130920410156,0.00706617038700802
200,32.5130920410156,0.00428781883119577
201.25,32.5130920410156,0.00248998949961108
202.5,32.5130920410156,0.00235994135707787
203.75,32.5130920410156,0.00325799729185837
205,32.5130920410156,0.00479907761707535
206.25,32.5130920410156,0.00680005932881095
207.5,32.5130920410156,0.00948554989370037
208.75,32.5130920410156,0.0114696539399741
210,32.5130920410156,0.0124947505685062
211.25,32.5130920410156,0.0128375758838777
212.5,32.5130920410156,0.0121356139924263
213.75,32.5130920410156,0.0100064658405751
215,32.5130920410156,0.00769692130882129
216.25,32.5130920410156,0.00798920238422457
217.5,32.5130920410156,0.0125786798327349
218.75,32.5130920410156,0.0212002459499516
220,32.5130920410156,0.0298750493212142
221.25,32.5130920410156,0.0366382694584336
222.5,32.5130920410156,0.0394890965915433
223.75,32.5130920410156,0.0381120277159932
225,32.5130920410156,0.0344477227215852
226.25,32.5130920410156,0.0306710782150464
227.5,32.5130920410156,0.0284469421853382
228.75,32.5130920410156,0.0276296348793619
230,32.5130920410156,0.0270824777800599
231.25,32.5130920410156,0.0257254535977413
232.5,32.5130920410156,0.0233396219512324
233.75,32.5130920410156,0.0192982211719915
235,32.5130920410156,0.0138442474939194
236.25,32.5130920410156,0.00734435700176851
237.5,32.5130920410156,0.000716540716590568
238.75,32.5130920410156,-0.00473640388508474
240,32.5130920410156,-0.00976973750731631
241.25,32.5130920410156,-0.0170584763126634
242.5,32.5130920410156,-0.0221573529693608
160,33.4554977416992,0.0250160235848219
161.25,33.4554977416992,0.0212427583832437
162.5,33.4554977416992,0.0167658681932931
163.75,33.4554977416992,0.0151411326967238
165,33.4554977416992,0.0159603006124943
166.25,33.4554977416992,0.0184318456642817
167.5,33.4554977416992,0.0246701761481037
168.75,33.4554977416992,0.0343499605574781
170,33.4554977416992,0.0432127474686907
171.25,33.4554977416992,0.048932993975154
172.5,33.4554977416992,0.051975827387346
173.75,33.4554977416992,0.0552280821396769
175,33.4554977416992,0.0581034770376062
176.25,33.4554977416992,0.0595825027139537
177.5,33.4554977416992,0.0593113216660325
178.75,33.4554977416992,0.0577786690399254
180,33.4554977416992,0.0565052949856302
181.25,33.4554977416992,0.0551169016373325
182.5,33.4554977416992,0.0520397043833875
183.75,33.4554977416992,0.0471237411396192
185,33.4554977416992,0.0423506092654527
186.25,33.4554977416992,0.0375840722745823
187.5,33.4554977416992,0.0322853532947814
188.75,33.4554977416992,0.026077177308457
190,33.4554977416992,0.020172945014744
191.25,33.4554977416992,0.0147344294216368
192.5,33.4554977416992,0.0103071810113725
193.75,33.4554977416992,0.00764742722497235
195,33.4554977416992,0.00671554946446879
196.25,33.4554977416992,0.00680162947503353
197.5,33.4554977416992,0.00614414041066857
198.75,33.4554977416992,0.00426818621781142
200,33.4554977416992,0.00209005718877341
201.25,33.4554977416992,0.0013069290159813
202.5,33.4554977416992,0.00234068103900195
203.75,33.4554977416992,0.00419574676411983
205,33.4554977416992,0.00600283565303486
206.25,33.4554977416992,0.00800450253872268
207.5,33.4554977416992,0.0100867009873132
208.75,33.4554977416992,0.01154820436558
210,33.4554977416992,0.0125893639498948
211.25,33.4554977416992,0.0136458870249313
212.5,33.4554977416992,0.0140838331332593
213.75,33.4554977416992,0.0130808638958726
215,33.4554977416992,0.01077667530224
216.25,33.4554977416992,0.0085642221976587
217.5,33.4554977416992,0.00907636635952152
218.75,33.4554977416992,0.0140273389333253
220,33.4554977416992,0.0211567779246938
221.25,33.4554977416992,0.0277622552498988
222.5,33.4554977416992,0.0323136259040445
223.75,33.4554977416992,0.0332073670289625
225,33.4554977416992,0.0316590901703907
226.25,33.4554977416992,0.0293367154335642
227.5,33.4554977416992,0.0271408094978295
228.75,33.4554977416992,0.0257128838085812
230,33.4554977416992,0.0252315544004522
231.25,33.4554977416992,0.0244691852823416
232.5,33.4554977416992,0.023042901357896
233.75,33.4554977416992,0.0198486620129757
235,33.4554977416992,0.0143261439019704
236.25,33.4554977416992,0.00567489341961526
237.5,33.4554977416992,-0.00374738402750241
238.75,33.4554977416992,-0.0105245958048005
240,33.4554977416992,-0.0149621362250379
241.25,33.4554977416992,-0.0192713429735053
242.5,33.4554977416992,-0.0225640538936887
160,34.3979034423828,0.0273549226593628
161.25,34.3979034423828,0.0270977629559812
162.5,34.3979034423828,0.0249300740700557
163.75,34.3979034423828,0.0226195929304349
165,34.3979034423828,0.0212738600622718
166.25,34.3979034423828,0.0204238830237152
167.5,34.3979034423828,0.0222614843787896
168.75,34.3979034423828,0.0280743111682755
170,34.3979034423828,0.0342869213651943
171.25,34.3979034423828,0.0379407363810185
172.5,34.3979034423828,0.0403582931141106
173.75,34.3979034423828,0.043598090772199
175,34.3979034423828,0.0464608521769589
176.25,34.3979034423828,0.0487018446944435
177.5,34.3979034423828,0.0504959865095644
178.75,34.3979034423828,0.0512339484491829
180,34.3979034423828,0.0514107308011709
181.25,34.3979034423828,0.0509608332622576
182.5,34.3979034423828,0.0489277350130472
183.75,34.3979034423828,0.0448441038123168
185,34.3979034423828,0.0403856679956164
186.25,34.3979034423828,0.0358312284325026
187.5,34.3979034423828,0.0312394408844012
188.75,34.3979034423828,0.0254884507705266
190,34.3979034423828,0.0194588356042798
191.25,34.3979034423828,0.0143959231540195
192.5,34.3979034423828,0.0103766164710839
193.75,34.3979034423828,0.00738369628930534
195,34.3979034423828,0.00591117872167937
196.25,34.3979034423828,0.00557506306182305
197.5,34.3979034423828,0.00507086756425398
198.75,34.3979034423828,0.00324575928110657
200,34.3979034423828,0.00111279722647348
201.25,34.3979034423828,0.000519657424824851
202.5,34.3979034423828,0.00206125855809302
203.75,34.3979034423828,0.00479212497917858
205,34.3979034423828,0.00745520176074224
206.25,34.3979034423828,0.00976867260752483
207.5,34.3979034423828,0.0116704258177742
208.75,34.3979034423828,0.012872266112941
210,34.3979034423828,0.0139417355215968
211.25,34.3979034423828,0.0154294210139027
212.5,34.3979034423828,0.0167923819544125
213.75,34.3979034423828,0.0170610931686364
215,34.3979034423828,0.0155575135243985
216.25,34.3979034423828,0.0122883753345472
217.5,34.3979034423828,0.00951106718751503
218.75,34.3979034423828,0.0114886250223542
220,34.3979034423828,0.0166274170247693
221.25,34.3979034423828,0.0203205526859592
222.5,34.3979034423828,0.0230344607309265
223.75,34.3979034423828,0.0238501778834745
225,34.3979034423828,0.0240469155737275
226.25,34.3979034423828,0.0241867503057953
227.5,34.3979034423828,0.0235102110163566
228.75,34.3979034423828,0.022738775040952
230,34.3979034423828,0.0224685054105601
231.25,34.3979034423828,0.0220575619040912
232.5,34.3979034423828,0.0210398971060463
233.75,34.3979034423828,0.0185637800818451
235,34.3979034423828,0.0130244347702486
236.25,34.3979034423828,0.00349619421181748
237.5,34.3979034423828,-0.00595309156363749
238.75,34.3979034423828,-0.011450695372796
240,34.3979034423828,-0.0145986266809908
241.25,34.3979034423828,-0.0193079873606542
160,35.3403167724609,0.0278034664618559
161.25,35.3403167724609,0.029904067984935
162.5,35.3403167724609,0.0299689811048843
163.75,35.3403167724609,0.0283349110487477
165,35.3403167724609,0.0259407401269349
166.25,35.3403167724609,0.0235128804137923
167.5,35.3403167724609,0.0226153532437114
168.75,35.3403167724609,0.0246205240533174
170,35.3403167724609,0.0274214654035613
171.25,35.3403167724609,0.0289348385771891
172.5,35.3403167724609,0.0300746752048285
173.75,35.3403167724609,0.0315467732471463
175,35.3403167724609,0.0327334109319125
176.25,35.3403167724609,0.0345502142869481
177.5,35.3403167724609,0.037655706729035
178.75,35.3403167724609,0.0410079897987412
180,35.3403167724609,0.043462081546959
181.25,35.3403167724609,0.0443767391330888
182.5,35.3403167724609,0.0434582176989266
183.75,35.3403167724609,0.0404789521461416
185,35.3403167724609,0.036945479624198
186.25,35.3403167724609,0.0339837555253628
187.5,35.3403167724609,0.0310398474116178
188.75,35.3403167724609,0.0262110513941867
190,35.3403167724609,0.0205708386109401
191.25,35.3403167724609,0.0161057237835746
192.5,35.3403167724609,0.0128182526736392
193.75,35.3403167724609,0.0102532174819871
195,35.3403167724609,0.00825535510315364
196.25,35.3403167724609,0.00697622979830299
197.5,35.3403167724609,0.00581115372731112
198.75,35.3403167724609,0.00358197467734928
200,35.3403167724609,0.00136978429840451
201.25,35.3403167724609,0.000760636655320695
202.5,35.3403167724609,0.00232961060269806
203.75,35.3403167724609,0.00545284366461109
205,35.3403167724609,0.00878384559760481
206.25,35.3403167724609,0.0116463212372116
207.5,35.3403167724609,0.0138501370235072
208.75,35.3403167724609,0.0155429799522653
210,35.3403167724609,0.0169692294085342
211.25,35.3403167724609,0.0187966860807729
212.5,35.3403167724609,0.020992775754159
213.75,35.3403167724609,0.0225091783062748
215,35.3403167724609,0.0218033353914864
216.25,35.3403167724609,0.0181727665190825
217.5,35.3403167724609,0.0130110178512851
218.75,35.3403167724609,0.0118527454568707
220,35.3403167724609,0.0149642985543583
221.25,35.3403167724609,0.016059910440938
222.5,35.3403167724609,0.0148727562852239
223.75,35.3403167724609,0.0121062086566462
225,35.3403167724609,0.0111463718895056
226.25,35.3403167724609,0.0134916445098343
227.5,35.3403167724609,0.0158576976841987
228.75,35.3403167724609,0.017660562628779
230,35.3403167724609,0.0186825189310933
231.25,35.3403167724609,0.0189149475773716
232.5,35.3403167724609,0.0183653384041684
233.75,35.3403167724609,0.0161551758851823
235,35.3403167724609,0.0107828673585351
236.25,35.3403167724609,0.00293384199350313
237.5,35.3403167724609,-0.00416578903134049
238.75,35.3403167724609,-0.0084264390827558
240,35.3403167724609,-0.010838745313178
160,36.2827224731445,0.0237665987053794
161.25,36.2827224731445,0.0269151902721367
162.5,36.2827224731445,0.0283593842660851
163.75,36.2827224731445,0.0287572726014151
165,36.2827224731445,0.0273065127481688
166.25,36.2827224731445,0.0244012243788898
167.5,36.2827224731445,0.0216206368300476
168.75,36.2827224731445,0.0201099245219274
170,36.2827224731445,0.0196797725101983
171.25,36.2827224731445,0.0200879532907535
172.5,36.2827224731445,0.0211751620879035
173.75,36.2827224731445,0.0217890959720879
175,36.2827224731445,0.0216898656095398
176.25,36.2827224731445,0.0231996122397307
177.5,36.2827224731445,0.0269952374185723
178.75,36.2827224731445,0.0315337510879723
180,36.2827224731445,0.0349439981228406
181.25,36.2827224731445,0.0367159080309
182.5,36.2827224731445,0.0367270508451652
183.75,36.2827224731445,0.0347645215872554
185,36.2827224731445,0.0321611625827737
186.25,36.2827224731445,0.0306943726633835
187.5,36.2827224731445,0.0293004191335751
188.75,36.2827224731445,0.0259191538275131
190,36.2827224731445,0.0215051961311008
191.25,36.2827224731445,0.0179543235086533
192.5,36.2827224731445,0.0156501792434735
193.75,36.2827224731445,0.0137778503212443
195,36.2827224731445,0.0116317863947872
196.25,36.2827224731445,0.00981233410016752
197.5,36.2827224731445,0.00793347513559975
198.75,36.2827224731445,0.00523408977334302
200,36.2827224731445,0.00284541057200114
201.25,36.2827224731445,0.00209001422807096
202.5,36.2827224731445,0.00351128998849358
203.75,36.2827224731445,0.00651332396713587
205,36.2827224731445,0.0102404921450526
206.25,36.2827224731445,0.0137561618418832
207.5,36.2827224731445,0.0165059112750944
208.75,36.2827224731445,0.0186691899923974
210,36.2827224731445,0.02054648104815
211.25,36.2827224731445,0.0226601456769128
212.5,36.2827224731445,0.0251959796057075
213.75,36.2827224731445,0.0276457246550973
215,36.2827224731445,0.0284032615229761
216.25,36.2827224731445,0.0258844557673533
217.5,36.2827224731445,0.0192691386211401
218.75,36.2827224731445,0.0139853321777184
220,36.2827224731445,0.0144370909645249
221.25,36.2827224731445,0.0135812374842088
222.5,36.2827224731445,0.0091630508291208
223.75,36.2827224731445,0.00314875029013888
225,36.2827224731445,-0.000547483742616941
226.25,36.2827224731445,0.000793019984813262
227.5,36.2827224731445,0.00499576833797756
228.75,36.2827224731445,0.00975943764670873
230,36.2827224731445,0.013063682239508
231.25,36.2827224731445,0.0142373372347301
232.5,36.2827224731445,0.014155328205268
233.75,36.2827224731445,0.012199596350777
235,36.2827224731445,0.00789423324434142
236.25,36.2827224731445,0.00322858058596418
237.5,36.2827224731445,-0.000361196914831657
238.75,36.2827224731445,-0.00147487537330165
160,37.2251281738281,0.0168627622365947
161.25,37.2251281738281,0.019521558572425
162.5,37.2251281738281,0.0203488336225266
163.75,37.2251281738281,0.0209052816327871
165,37.2251281738281,0.0205144543726391
166.25,37.2251281738281,0.0189413395112502
167.5,37.2251281738281,0.0164499458058589
168.75,37.2251281738281,0.0134075785568599
170,37.2251281738281,0.0110400150515833
171.25,37.2251281738281,0.0105459310358397
172.5,37.2251281738281,0.0116511088468932
173.75,37.2251281738281,0.0121232489569357
175,37.2251281738281,0.0118559415279583
176.25,37.2251281738281,0.0135074952382697
177.5,37.2251281738281,0.0175447107499272
178.75,37.2251281738281,0.0222155171844302
180,37.2251281738281,0.0254976161152715
181.25,37.2251281738281,0.0273787480068672
182.5,37.2251281738281,0.028302426651394
183.75,37.2251281738281,0.0280050512733275
185,37.2251281738281,0.0274403556328
186.25,37.2251281738281,0.0276043951109267
187.5,37.2251281738281,0.0269662723643469
188.75,37.2251281738281,0.0244785264579819
190,37.2251281738281,0.0215970690369731
191.25,37.2251281738281,0.0189970985914162
192.5,37.2251281738281,0.0173795733369743
193.75,37.2251281738281,0.0168258815824463
195,37.2251281738281,0.0157144318987535
196.25,37.2251281738281,0.0138979656595807
197.5,37.2251281738281,0.0116473384968141
198.75,37.2251281738281,0.00843799037321938
200,37.2251281738281,0.00570730664746653
201.25,37.2251281738281,0.00466962576642057
202.5,37.2251281738281,0.00564041184968076
203.75,37.2251281738281,0.00827012722081363
205,37.2251281738281,0.0120472127851309
206.25,37.2251281738281,0.016118130579777
207.5,37.2251281738281,0.0196786376574698
208.75,37.2251281738281,0.0225429079290814
210,37.2251281738281,0.0249153005521117
211.25,37.2251281738281,0.0269387355238737
212.5,37.2251281738281,0.0292994490279645
213.75,37.2251281738281,0.0319755261602724
215,37.2251281738281,0.0337734296806181
216.25,37.2251281738281,0.0322576929955683
217.5,37.2251281738281,0.0249640474779463
218.75,37.2251281738281,0.0158587115514677
220,37.2251281738281,0.0136752629768923
221.25,37.2251281738281,0.0120529294882356
222.5,37.2251281738281,0.00564101905317053
223.75,37.2251281738281,-0.002483532810253
225,37.2251281738281,-0.00900014993483185
226.25,37.2251281738281,-0.0096376250460726
227.5,37.2251281738281,-0.00460510730111387
228.75,37.2251281738281,0.00159681353642695
230,37.2251281738281,0.00566034026132577
231.25,37.2251281738281,0.00784365117500166
232.5,37.2251281738281,0.00864086354494575
233.75,37.2251281738281,0.00763663768540691
235,37.2251281738281,0.00599144247985879
236.25,37.2251281738281,0.00510299133654374
237.5,37.2251281738281,0.00478048623248189
238.75,37.2251281738281,-0.000442554254290193
160,38.1675415039062,0.00482975520261548
161.25,38.1675415039062,0.00616945622954004
162.5,38.1675415039062,0.0062340135976569
163.75,38.1675415039062,0.0069019583428303
165,38.1675415039062,0.00716792280337916
166.25,38.1675415039062,0.00653402485761032
167.5,38.1675415039062,0.00556096864244722
168.75,38.1675415039062,0.00388096449701333
170,38.1675415039062,0.00178293617446727
171.25,38.1675415039062,0.00131014276026062
172.5,38.1675415039062,0.00262802432245121
173.75,38.1675415039062,0.00447300773721559
175,38.1675415039062,0.00641899894958704
176.25,38.1675415039062,0.00904476866478303
177.5,38.1675415039062,0.0121888425002402
178.75,38.1675415039062,0.0152924090582229
180,38.1675415039062,0.0171556085094025
181.25,38.1675415039062,0.0175569743524659
182.5,38.1675415039062,0.0176797127178708
183.75,38.1675415039062,0.018470503442485
185,38.1675415039062,0.020931009659446
186.25,38.1675415039062,0.0236335782681822
187.5,38.1675415039062,0.0245238451311095
188.75,38.1675415039062,0.0237387154591504
190,38.1675415039062,0.0225180457097491
191.25,38.1675415039062,0.020548327818889
192.5,38.1675415039062,0.0191176609369442
193.75,38.1675415039062,0.0193904938535042
195,38.1675415039062,0.0192889009491661
196.25,38.1675415039062,0.0178841271903964
197.5,38.1675415039062,0.0160761503807511
198.75,38.1675415039062,0.0135025768037501
200,38.1675415039062,0.0109764875448587
201.25,38.1675415039062,0.00940372861299018
202.5,38.1675415039062,0.00960776777278015
203.75,38.1675415039062,0.011480329016469
205,38.1675415039062,0.0147246225121038
206.25,38.1675415039062,0.018742030727545
207.5,38.1675415039062,0.0227076607862522
208.75,38.1675415039062,0.0261955994976675
210,38.1675415039062,0.0292436489464515
211.25,38.1675415039062,0.0318294082022652
212.5,38.1675415039062,0.0343487261142935
213.75,38.1675415039062,0.0371123117814404
215,38.1675415039062,0.0390039068478963
216.25,38.1675415039062,0.0373216411533554
217.5,38.1675415039062,0.0284713695783735
218.75,38.1675415039062,0.0166379375261938
220,38.1675415039062,0.0128669042460028
221.25,38.1675415039062,0.011892874778707
222.5,38.1675415039062,0.00487124424766807
223.75,38.1675415039062,-0.00521311686353075
225,38.1675415039062,-0.0140349994787415
226.25,38.1675415039062,-0.0165020099150693
227.5,38.1675415039062,-0.0114518412075924
228.75,38.1675415039062,-0.004432366779986
230,38.1675415039062,0.000369027315403865
231.25,38.1675415039062,0.00315080278707916
232.5,38.1675415039062,0.0042229108335866
233.75,38.1675415039062,0.00454866450270559
235,38.1675415039062,0.00540883241260991
236.25,38.1675415039062,0.00651278262908271
237.5,38.1675415039062,0.00719790067225902
160,39.1099548339844,-0.00503292413902846
161.25,39.1099548339844,-0.00622201217164605
162.5,39.1099548339844,-0.00693525498421392
163.75,39.1099548339844,-0.00647134424004899
165,39.1099548339844,-0.00679324089099568
166.25,39.1099548339844,-0.00847571091705912
167.5,39.1099548339844,-0.00973165819912322
168.75,39.1099548339844,-0.010478458153889
170,39.1099548339844,-0.0111891883481907
171.25,39.1099548339844,-0.0103867619674665
172.5,39.1099548339844,-0.00825584791056781
173.75,39.1099548339844,-0.00463121813309629
175,39.1099548339844,0.000114175326269227
176.25,39.1099548339844,0.00417576072599635
177.5,39.1099548339844,0.00642835085455161
178.75,39.1099548339844,0.00841219214351669
180,39.1099548339844,0.00984784730541947
181.25,39.1099548339844,0.00998877490874284
182.5,39.1099548339844,0.00992698656803134
183.75,39.1099548339844,0.0118606569566208
185,39.1099548339844,0.0162867406360798
186.25,39.1099548339844,0.0211945257732641
187.5,39.1099548339844,0.0237499152453041
188.75,39.1099548339844,0.024645497804422
190,39.1099548339844,0.0245761490324427
191.25,39.1099548339844,0.0230738153154166
192.5,39.1099548339844,0.0218554576616326
193.75,39.1099548339844,0.0225825928824541
195,39.1099548339844,0.0227355809484226
196.25,39.1099548339844,0.0213169315952852
197.5,39.1099548339844,0.0195646212749654
198.75,39.1099548339844,0.0176517576422594
200,39.1099548339844,0.0159134554665599
201.25,39.1099548339844,0.0147500225041194
202.5,39.1099548339844,0.0149853333155865
203.75,39.1099548339844,0.0163702697611896
205,39.1099548339844,0.0187106095057613
206.25,39.1099548339844,0.0218946472794844
207.5,39.1099548339844,0.0254383548199289
208.75,39.1099548339844,0.0289285303075248
210,39.1099548339844,0.0323943031490927
211.25,39.1099548339844,0.0360441943077571
212.5,39.1099548339844,0.0399973571366401
213.75,39.1099548339844,0.0435784821975879
215,39.1099548339844,0.0448738002669522
216.25,39.1099548339844,0.0406463071166043
217.5,39.1099548339844,0.0291252984594246
218.75,39.1099548339844,0.0168356736735463
220,39.1099548339844,0.0132021758548289
221.25,39.1099548339844,0.01285017531275
222.5,39.1099548339844,0.00675129463602432
223.75,39.1099548339844,-0.00476411233735284
225,39.1099548339844,-0.015373437540424
226.25,39.1099548339844,-0.0194572375961523
227.5,39.1099548339844,-0.0148372321591628
228.75,39.1099548339844,-0.00769134312550176
230,39.1099548339844,-0.00254598406084596
231.25,39.1099548339844,0.000895056979372214
232.5,39.1099548339844,0.00194132592784011
233.75,39.1099548339844,0.00232985290611972
235,39.1099548339844,0.0050529429936894
236.25,39.1099548339844,0.00744219372383374
160,40.0523529052734,-0.00322584935010037
161.25,40.0523529052734,-0.00851165002774787
162.5,40.0523529052734,-0.0105542766739281
163.75,40.0523529052734,-0.0111991686372974
165,40.0523529052734,-0.014000757013802
166.25,40.0523529052734,-0.0186389032322685
167.5,40.0523529052734,-0.0218680216000517
168.75,40.0523529052734,-0.0230351782340526
170,40.0523529052734,-0.0229543103635113
171.25,40.0523529052734,-0.0206277701707847
172.5,40.0523529052734,-0.0177718835770011
173.75,40.0523529052734,-0.014076824540387
175,40.0523529052734,-0.00793839330707623
176.25,40.0523529052734,-0.00344131289110076
177.5,40.0523529052734,-0.00161602001632262
178.75,40.0523529052734,0.00049712082107505
180,40.0523529052734,0.00260278780809709
181.25,40.0523529052734,0.00358795864006412
182.5,40.0523529052734,0.004913119563073
183.75,40.0523529052734,0.0087671677345268
185,40.0523529052734,0.0150514923278082
186.25,40.0523529052734,0.0215054979767738
187.5,40.0523529052734,0.0255990224966564
188.75,40.0523529052734,0.0271593126921822
190,40.0523529052734,0.0269402204160295
191.25,40.0523529052734,0.0254841252759997
192.5,40.0523529052734,0.0249372156592466
193.75,40.0523529052734,0.0261451945263841
195,40.0523529052734,0.0264193181887919
196.25,40.0523529052734,0.0246894593315629
197.5,40.0523529052734,0.0229039887074434
198.75,40.0523529052734,0.0218270297684745
200,40.0523529052734,0.0208388844324139
201.25,40.0523529052734,0.0200329767718515
202.5,40.0523529052734,0.0203235148739741
203.75,40.0523529052734,0.0211887808210074
205,40.0523529052734,0.0225195425818067
206.25,40.0523529052734,0.0245529879494569
207.5,40.0523529052734,0.0273446634831467
208.75,40.0523529052734,0.0309384023019961
210,40.0523529052734,0.0353258430772917
211.25,40.0523529052734,0.0404749816934706
212.5,40.0523529052734,0.046263590342684
213.75,40.0523529052734,0.0500188281901564
215,40.0523529052734,0.0490001416873934
216.25,40.0523529052734,0.0411763578297598
217.5,40.0523529052734,0.0275611553803293
218.75,40.0523529052734,0.0168846287230695
220,40.0523529052734,0.0145628409229452
221.25,40.0523529052734,0.014581006102724
222.5,40.0523529052734,0.00934690680129802
223.75,40.0523529052734,-0.00133018970528068
225,40.0523529052734,-0.0127163020724523
226.25,40.0523529052734,-0.017589206388119
227.5,40.0523529052734,-0.0142878631914088
228.75,40.0523529052734,-0.00831457106488811
230,40.0523529052734,-0.00422387556719998
231.25,40.0523529052734,-0.00131508457687546
232.5,40.0523529052734,-0.000298345399750077
233.75,40.0523529052734,-0.000158549802642157
235,40.0523529052734,0.00240003499736724
236.25,40.0523529052734,0.00565001755158134
160,40.9947662353516,0.00637438142301262
161.25,40.9947662353516,-0.000919907766624445
162.5,40.9947662353516,-0.00477467595067222
163.75,40.9947662353516,-0.00766631331297705
165,40.9947662353516,-0.0128920814785652
166.25,40.9947662353516,-0.0204059533863931
167.5,40.9947662353516,-0.0265797689820317
168.75,40.9947662353516,-0.0296210661570975
170,40.9947662353516,-0.0306816539601329
171.25,40.9947662353516,-0.0291715023873654
172.5,40.9947662353516,-0.0263180077577431
173.75,40.9947662353516,-0.0235391249093804
175,40.9947662353516,-0.0175455971693289
176.25,40.9947662353516,-0.0122226132448391
177.5,40.9947662353516,-0.00881780580952963
178.75,40.9947662353516,-0.00528496198462511
180,40.9947662353516,-0.00225913136193778
181.25,40.9947662353516,-0.000167488391573093
182.5,40.9947662353516,0.00282820779097042
183.75,40.9947662353516,0.00824542511742999
185,40.9947662353516,0.0156386383058305
186.25,40.9947662353516,0.0227352485503126
187.5,40.9947662353516,0.02764295680304
188.75,40.9947662353516,0.0294018068226624
190,40.9947662353516,0.0287313759076602
191.25,40.9947662353516,0.0274050590607635
192.5,40.9947662353516,0.0272542568747274
193.75,40.9947662353516,0.0282776949906358
195,40.9947662353516,0.0284220981088773
196.25,40.9947662353516,0.0268338525798177
197.5,40.9947662353516,0.025573251996153
198.75,40.9947662353516,0.0255838101091683
200,40.9947662353516,0.0255861320915396
201.25,40.9947662353516,0.0252326357022002
202.5,40.9947662353516,0.0255463248873828
203.75,40.9947662353516,0.0259417661467816
205,40.9947662353516,0.0262280878268857
206.25,40.9947662353516,0.027074372486345
207.5,40.9947662353516,0.0291956181856966
208.75,40.9947662353516,0.0330744685844815
210,40.9947662353516,0.0387132722886296
211.25,40.9947662353516,0.0456634249983211
212.5,40.9947662353516,0.0523173027432813
213.75,40.9947662353516,0.0548706145964265
215,40.9947662353516,0.0504407081799112
216.25,40.9947662353516,0.0397916235400096
217.5,40.9947662353516,0.0265143959527201
218.75,40.9947662353516,0.0178686065450748
220,40.9947662353516,0.0164557586279335
221.25,40.9947662353516,0.0169069848501599
222.5,40.9947662353516,0.0127969490518571
223.75,40.9947662353516,0.00346706591265913
225,40.9947662353516,-0.00728682691415727
226.25,40.9947662353516,-0.0129371706043253
227.5,40.9947662353516,-0.0112292782577538
228.75,40.9947662353516,-0.0072488814488117
230,40.9947662353516,-0.00545191868580807
231.25,40.9947662353516,-0.0040791094512182
232.5,40.9947662353516,-0.00293124175208408
233.75,40.9947662353516,-0.00254627264129385
235,40.9947662353516,-0.000381081262746081
236.25,40.9947662353516,-0.000172766235698657
160,41.9371795654297,0.0124112212625782
161.25,41.9371795654297,0.00662313002818475
162.5,41.9371795654297,0.000813689052649563
163.75,41.9371795654297,-0.00418790041477444
165,41.9371795654297,-0.00941999272219246
166.25,41.9371795654297,-0.0167189114948458
167.5,41.9371795654297,-0.0243284497433286
168.75,41.9371795654297,-0.028989967268928
170,41.9371795654297,-0.0308398655907249
171.25,41.9371795654297,-0.0306745158213081
172.5,41.9371795654297,-0.0287768180546848
173.75,41.9371795654297,-0.0266984150885049
175,41.9371795654297,-0.0222147499519885
176.25,41.9371795654297,-0.0168165393891118
177.5,41.9371795654297,-0.0120467319847323
178.75,41.9371795654297,-0.00805289505794275
180,41.9371795654297,-0.00470031891787605
181.25,41.9371795654297,-0.00166062372616595
182.5,41.9371795654297,0.00221369904350337
183.75,41.9371795654297,0.00789166422469185
185,41.9371795654297,0.0150613615154539
186.25,41.9371795654297,0.0219543657007754
187.5,41.9371795654297,0.0268644249652194
188.75,41.9371795654297,0.0291333054918593
190,41.9371795654297,0.0289296270284642
191.25,41.9371795654297,0.0282062479887512
192.5,41.9371795654297,0.0281253597253698
193.75,41.9371795654297,0.0284664665248104
195,41.9371795654297,0.0281442475666673
196.25,41.9371795654297,0.0269213576147682
197.5,41.9371795654297,0.0264412278209022
198.75,41.9371795654297,0.0272964115750671
200,41.9371795654297,0.0278671583534733
201.25,41.9371795654297,0.0279555428555883
202.5,41.9371795654297,0.0285346640330574
203.75,41.9371795654297,0.0293797829009118
205,41.9371795654297,0.0299345863485197
206.25,41.9371795654297,0.0304450476265491
207.5,41.9371795654297,0.0323407928942107
208.75,41.9371795654297,0.0365087937863292
210,41.9371795654297,0.0426432466191154
211.25,41.9371795654297,0.0495954011623178
212.5,41.9371795654297,0.0551338937379969
213.75,41.9371795654297,0.0556189070958994
215,41.9371795654297,0.0489314432450893
216.25,41.9371795654297,0.0382717004445177
217.5,41.9371795654297,0.0273040091249113
218.75,41.9371795654297,0.0204465285197514
220,41.9371795654297,0.0193492052513329
221.25,41.9371795654297,0.0197903686554489
222.5,41.9371795654297,0.0169512289457684
223.75,41.9371795654297,0.00971602658681104
225,41.9371795654297,7.74049487071121e-05
226.25,41.9371795654297,-0.0064202831694998
227.5,41.9371795654297,-0.00647202252589816
228.75,41.9371795654297,-0.00491165235261198
230,41.9371795654297,-0.00552465120693366
231.25,41.9371795654297,-0.00641672683372885
232.5,41.9371795654297,-0.00566200577159058
233.75,41.9371795654297,-0.00476469659802661
235,41.9371795654297,-0.00280547752224563
236.25,41.9371795654297,-0.00217309033065079
160,42.8795776367188,0.00683651843424297
161.25,42.8795776367188,0.00350952589924378
162.5,42.8795776367188,-0.00151281969992604
163.75,42.8795776367188,-0.00547799777674607
165,42.8795776367188,-0.00828002842207041
166.25,42.8795776367188,-0.0125247565030555
167.5,42.8795776367188,-0.0184868374950607
168.75,42.8795776367188,-0.0233447002897309
170,42.8795776367188,-0.0260785694320345
171.25,42.8795776367188,-0.0272810858529582
172.5,42.8795776367188,-0.026781299757242
173.75,42.8795776367188,-0.0254914934898557
175,42.8795776367188,-0.022156309383399
176.25,42.8795776367188,-0.0174653912328984
177.5,42.8795776367188,-0.0129459476482405
178.75,42.8795776367188,-0.00895439901341173
180,42.8795776367188,-0.00522363142826459
181.25,42.8795776367188,-0.00183648238105531
182.5,42.8795776367188,0.00177714768950543
183.75,42.8795776367188,0.00640209484104908
185,42.8795776367188,0.0121117301402167
186.25,42.8795776367188,0.0182034070782244
187.5,42.8795776367188,0.0235525272801338
188.75,42.8795776367188,0.0270640368900186
190,42.8795776367188,0.0280098822238915
191.25,42.8795776367188,0.0278676825358703
192.5,42.8795776367188,0.0275792038983887
193.75,42.8795776367188,0.0273215000591547
195,42.8795776367188,0.0266342080713665
196.25,42.8795776367188,0.025467640762403
197.5,42.8795776367188,0.0250950739454185
198.75,42.8795776367188,0.0260305861973623
200,42.8795776367188,0.0271523501971916
201.25,42.8795776367188,0.0280071102188664
202.5,42.8795776367188,0.029342460477072
203.75,42.8795776367188,0.0310895993865758
205,42.8795776367188,0.0325119269856446
206.25,42.8795776367188,0.0336976008643419
207.5,42.8795776367188,0.0359539149524631
208.75,42.8795776367188,0.0401945031506738
210,42.8795776367188,0.0457562061013257
211.25,42.8795776367188,0.0511616702276594
212.5,42.8795776367188,0.0544194360474012
213.75,42.8795776367188,0.0531336353693027
215,42.8795776367188,0.0470850688873427
216.25,42.8795776367188,0.0381947921558675
217.5,42.8795776367188,0.0299945731722511
218.75,42.8795776367188,0.0250520823766566
220,42.8795776367188,0.0240410049431554
221.25,42.8795776367188,0.0240031440334792
222.5,42.8795776367188,0.0216512112190411
223.75,42.8795776367188,0.015745551848386
225,42.8795776367188,0.00768550584319541
226.25,42.8795776367188,0.00169040834659948
227.5,42.8795776367188,-2.44164548794453e-06
228.75,42.8795776367188,-0.00095135507259263
230,42.8795776367188,-0.00409626210596683
231.25,42.8795776367188,-0.00754821247221095
232.5,42.8795776367188,-0.00758761579093095
233.75,42.8795776367188,-0.00598028505455718
235,42.8795776367188,-0.00365430838356384
236.25,42.8795776367188,-0.00256625815241196
160,43.8219909667969,-0.00542389368443772
161.25,43.8219909667969,-0.00732399635901376
162.5,43.8219909667969,-0.0097945428016062
163.75,43.8219909667969,-0.0118240103222069
165,43.8219909667969,-0.0123101005717042
166.25,43.8219909667969,-0.0127366613090885
167.5,43.8219909667969,-0.0148528718147421
168.75,43.8219909667969,-0.0179992291720895
170,43.8219909667969,-0.020201576715738
171.25,43.8219909667969,-0.0206461285066877
172.5,43.8219909667969,-0.0216640438506701
173.75,43.8219909667969,-0.0219591936308215
175,43.8219909667969,-0.0197429010089424
176.25,43.8219909667969,-0.01623670629058
177.5,43.8219909667969,-0.0128054687979719
178.75,43.8219909667969,-0.00930588022000337
180,43.8219909667969,-0.00592560071291804
181.25,43.8219909667969,-0.00337110554722876
182.5,43.8219909667969,-0.000903983570725387
183.75,43.8219909667969,0.00262457960017829
185,43.8219909667969,0.00757481601220963
186.25,43.8219909667969,0.0133692524811278
187.5,43.8219909667969,0.0189829713082227
188.75,43.8219909667969,0.0231269920549882
190,43.8219909667969,0.0249363025405305
191.25,43.8219909667969,0.0251154049256602
192.5,43.8219909667969,0.0248919541074122
193.75,43.8219909667969,0.0249526306487257
195,43.8219909667969,0.0246857006243017
196.25,43.8219909667969,0.0239601156821594
197.5,43.8219909667969,0.0235089549362167
198.75,43.8219909667969,0.0238294734933798
200,43.8219909667969,0.0245826579748316
201.25,43.8219909667969,0.0258827926199639
202.5,43.8219909667969,0.0280245043124602
203.75,43.8219909667969,0.0309131270399405
205,43.8219909667969,0.0335394162647627
206.25,43.8219909667969,0.0354036187776993
207.5,43.8219909667969,0.0378212908182918
208.75,43.8219909667969,0.041589945289946
210,43.8219909667969,0.046189809650492
211.25,43.8219909667969,0.0500134609019677
212.5,43.8219909667969,0.0515342965180823
213.75,43.8219909667969,0.050129489354286
215,43.8219909667969,0.0458695923117437
216.25,43.8219909667969,0.0399964557278502
217.5,43.8219909667969,0.0342338309569411
218.75,43.8219909667969,0.0307987291684537
220,43.8219909667969,0.0301119539116514
221.25,43.8219909667969,0.0293769119604791
222.5,43.8219909667969,0.0264607494694834
223.75,43.8219909667969,0.0211141268109924
225,43.8219909667969,0.0141678415487867
226.25,43.8219909667969,0.00839832418179835
227.5,43.8219909667969,0.00604627106166806
228.75,43.8219909667969,0.00395121332961751
230,43.8219909667969,-0.001709778458374
231.25,43.8219909667969,-0.00772275127108668
232.5,43.8219909667969,-0.00923840370202555
233.75,43.8219909667969,-0.00706512206547479
235,43.8219909667969,-0.0032833428562147
236.25,43.8219909667969,-0.00101136326162769
160,44.764404296875,-0.0176128070834176
161.25,44.764404296875,-0.0203342478695682
162.5,44.764404296875,-0.0205072484425843
163.75,44.764404296875,-0.0205805606028323
165,44.764404296875,-0.0196530544966219
166.25,44.764404296875,-0.0172337327809405
167.5,44.764404296875,-0.0151256939642577
168.75,44.764404296875,-0.0146128550160443
170,44.764404296875,-0.0135304096281825
171.25,44.764404296875,-0.0123656666989798
172.5,44.764404296875,-0.0143671906718574
173.75,44.764404296875,-0.0155362451948901
175,44.764404296875,-0.0147461520851191
176.25,44.764404296875,-0.0132259797159586
177.5,44.764404296875,-0.0114384822173123
178.75,44.764404296875,-0.0091127419984202
180,44.764404296875,-0.00685135254488382
181.25,44.764404296875,-0.00569912889361239
182.5,44.764404296875,-0.00492635362642077
183.75,44.764404296875,-0.00306256263241784
185,44.764404296875,0.000915709788442719
186.25,44.764404296875,0.00672686550053579
187.5,44.764404296875,0.0126857379422393
188.75,44.764404296875,0.0172372047929784
190,44.764404296875,0.0194901560883992
191.25,44.764404296875,0.019766012818339
192.5,44.764404296875,0.0198689182645146
193.75,44.764404296875,0.0207768565882856
195,44.764404296875,0.0215560532586896
196.25,44.764404296875,0.021700811354985
197.5,44.764404296875,0.0214784382830697
198.75,44.764404296875,0.0213102943319321
200,44.764404296875,0.0214269270057316
201.25,44.764404296875,0.0224432948577729
202.5,44.764404296875,0.0247786077120177
203.75,44.764404296875,0.0281735772630911
205,44.764404296875,0.0316727987389927
206.25,44.764404296875,0.0346464191510195
207.5,44.764404296875,0.0375350468537548
208.75,44.764404296875,0.0408638693461636
210,44.764404296875,0.0446094623042237
211.25,44.764404296875,0.0475664189665117
212.5,44.764404296875,0.0488297157645523
213.75,44.764404296875,0.0482584908887772
215,44.764404296875,0.0460556770443565
216.25,44.764404296875,0.0430271424438827
217.5,44.764404296875,0.0395336387415875
218.75,44.764404296875,0.0367030885534852
220,44.764404296875,0.0358493794806109
221.25,44.764404296875,0.0348077817382331
222.5,44.764404296875,0.0315370451106822
223.75,44.764404296875,0.0259129829583954
225,44.764404296875,0.0191998182956874
226.25,44.764404296875,0.0133119665773248
227.5,44.764404296875,0.00962686894951464
228.75,44.764404296875,0.00652549957967081
230,44.764404296875,0.000704311688634173
231.25,44.764404296875,-0.00700989640061431
232.5,44.764404296875,-0.0104546930555266
233.75,44.764404296875,-0.0085567800646895
235,44.764404296875,-0.00394984374569687
236.25,44.764404296875,-0.000809968157362095
160,45.7068023681641,-0.0295968576346052
161.25,45.7068023681641,-0.0317940670407168
162.5,45.7068023681641,-0.027653304146503
163.75,45.7068023681641,-0.0238363519611415
165,45.7068023681641,-0.0224351791302416
166.25,45.7068023681641,-0.020316905426762
167.5,45.7068023681641,-0.0171513156636405
168.75,45.7068023681641,-0.0145770796149927
170,45.7068023681641,-0.0122310645317503
171.25,45.7068023681641,-0.0120025338910694
172.5,45.7068023681641,-0.0130595330895094
173.75,45.7068023681641,-0.012387247456111
175,45.7068023681641,-0.0123092998999279
176.25,45.7068023681641,-0.0124016529094085
177.5,45.7068023681641,-0.0118434412724082
178.75,45.7068023681641,-0.0104290857263957
180,45.7068023681641,-0.00900552909539522
181.25,45.7068023681641,-0.00852722191783592
182.5,45.7068023681641,-0.00842768916402219
183.75,45.7068023681641,-0.00735421046071469
185,45.7068023681641,-0.00416356411826193
186.25,45.7068023681641,0.000849267545770757
187.5,45.7068023681641,0.00599261294858034
188.75,45.7068023681641,0.00945885223166854
190,45.7068023681641,0.0104545805520437
191.25,45.7068023681641,0.0103070525844668
192.5,45.7068023681641,0.0112629013474654
193.75,45.7068023681641,0.0140805605101099
195,45.7068023681641,0.0168377004247301
196.25,45.7068023681641,0.0183016491696301
197.5,45.7068023681641,0.0186566689785645
198.75,45.7068023681641,0.0180996196708655
200,45.7068023681641,0.0174126436206825
201.25,45.7068023681641,0.0177860837550568
202.5,45.7068023681641,0.0201691061794998
203.75,45.7068023681641,0.0243128611863788
205,45.7068023681641,0.0289388193020378
206.25,45.7068023681641,0.0331003837096497
207.5,45.7068023681641,0.0364449713564454
208.75,45.7068023681641,0.0394336673022032
210,45.7068023681641,0.0426179354514501
211.25,45.7068023681641,0.0454298830719163
212.5,45.7068023681641,0.0472431731244083
213.75,45.7068023681641,0.0479018417751151
215,45.7068023681641,0.0476431643580276
216.25,45.7068023681641,0.0466340800903447
217.5,45.7068023681641,0.0444994871864334
218.75,45.7068023681641,0.0425387931220788
220,45.7068023681641,0.0417052207933789
221.25,45.7068023681641,0.0406639558165135
222.5,45.7068023681641,0.0369024645586712
223.75,45.7068023681641,0.0303950711688424
225,45.7068023681641,0.0229782337964471
226.25,45.7068023681641,0.0162048036276235
227.5,45.7068023681641,0.0109749078682275
228.75,45.7068023681641,0.0066347591710386
230,45.7068023681641,0.000659869272757317
231.25,45.7068023681641,-0.00652306761569718
232.5,45.7068023681641,-0.0111322322196425
233.75,45.7068023681641,-0.0101323810276907
235,45.7068023681641,-0.00671425684118981
236.25,45.7068023681641,-0.00461154312442087
160,46.6492156982422,-0.0373021742205576
161.25,46.6492156982422,-0.0377097588754437
162.5,46.6492156982422,-0.0313918152304313
163.75,46.6492156982422,-0.0243416412433687
165,46.6492156982422,-0.0237874172502164
166.25,46.6492156982422,-0.0245624826229161
167.5,46.6492156982422,-0.0231687181141411
168.75,46.6492156982422,-0.0207493447841444
170,46.6492156982422,-0.0191608076397995
171.25,46.6492156982422,-0.0182963460657932
172.5,46.6492156982422,-0.0162049373046054
173.75,46.6492156982422,-0.0145553408332574
175,46.6492156982422,-0.0149669895202581
176.25,46.6492156982422,-0.0158000637650678
177.5,46.6492156982422,-0.0157756806828221
178.75,46.6492156982422,-0.0147034593078622
180,46.6492156982422,-0.0131696581487835
181.25,46.6492156982422,-0.0122573070800582
182.5,46.6492156982422,-0.0116311075794444
183.75,46.6492156982422,-0.0103221470356945
185,46.6492156982422,-0.00740636120101851
186.25,46.6492156982422,-0.00310093666753027
187.5,46.6492156982422,0.00125445713744172
188.75,46.6492156982422,0.00382977192411556
190,46.6492156982422,0.00370455703500956
191.25,46.6492156982422,0.00240634134563504
192.5,46.6492156982422,0.00266302497887273
193.75,46.6492156982422,0.00587443205623396
195,46.6492156982422,0.0102654408488044
196.25,46.6492156982422,0.0137731718334676
197.5,46.6492156982422,0.0154503141453161
198.75,46.6492156982422,0.0152493096404425
200,46.6492156982422,0.014654526473243
201.25,46.6492156982422,0.0155221276403347
202.5,46.6492156982422,0.0189415101138029
203.75,46.6492156982422,0.0244138525686715
205,46.6492156982422,0.0298665297774111
206.25,46.6492156982422,0.0338783719647334
207.5,46.6492156982422,0.0368089811254998
208.75,46.6492156982422,0.0396295918234187
210,46.6492156982422,0.0424978411095046
211.25,46.6492156982422,0.0452594093597852
212.5,46.6492156982422,0.0475828090930693
213.75,46.6492156982422,0.0491790763141677
215,46.6492156982422,0.0497410555300363
216.25,46.6492156982422,0.0491730106906221
217.5,46.6492156982422,0.0476976603132196
218.75,46.6492156982422,0.0472647122855498
220,46.6492156982422,0.0482221194218115
221.25,46.6492156982422,0.0473861977140187
222.5,46.6492156982422,0.0423360918521653
223.75,46.6492156982422,0.0342829504416208
225,46.6492156982422,0.0252707394421703
226.25,46.6492156982422,0.0171204547167801
227.5,46.6492156982422,0.0106634772667202
228.75,46.6492156982422,0.00538979991444102
230,46.6492156982422,-0.000818427751107869
231.25,46.6492156982422,-0.00701983491316432
232.5,46.6492156982422,-0.0107591678418273
233.75,46.6492156982422,-0.0102243185883234
235,46.6492156982422,-0.00766685317435477
236.25,46.6492156982422,-0.00679313163565665
160,47.5916290283203,-0.0391539103794161
161.25,47.5916290283203,-0.0366992065029407
162.5,47.5916290283203,-0.02876331371924
163.75,47.5916290283203,-0.0218324037473209
165,47.5916290283203,-0.0228767568545807
166.25,47.5916290283203,-0.0246623817670124
167.5,47.5916290283203,-0.023374461426636
168.75,47.5916290283203,-0.020949042381819
170,47.5916290283203,-0.0186487399743334
171.25,47.5916290283203,-0.0165754566131397
172.5,47.5916290283203,-0.0155258735043214
173.75,47.5916290283203,-0.016053532517785
175,47.5916290283203,-0.0179858279863859
176.25,47.5916290283203,-0.0199655701012673
177.5,47.5916290283203,-0.0205959152072105
178.75,47.5916290283203,-0.0197163607682533
180,47.5916290283203,-0.0175554390611682
181.25,47.5916290283203,-0.0150721215793527
182.5,47.5916290283203,-0.0130514030865523
183.75,47.5916290283203,-0.0106943649963041
185,47.5916290283203,-0.0075166005643414
186.25,47.5916290283203,-0.00366637486170892
187.5,47.5916290283203,-1.79490853447339e-05
188.75,47.5916290283203,0.00173898662864306
190,47.5916290283203,0.000897710084717696
191.25,47.5916290283203,-0.000645264316610774
192.5,47.5916290283203,-0.000231007870842528
193.75,47.5916290283203,0.00306245534850699
195,47.5916290283203,0.00828695506225745
196.25,47.5916290283203,0.0139204654446571
197.5,47.5916290283203,0.0171800576393963
198.75,47.5916290283203,0.0182472675180028
200,47.5916290283203,0.0192227073317451
201.25,47.5916290283203,0.0219260306304202
202.5,47.5916290283203,0.0264282395238875
203.75,47.5916290283203,0.0316480853414389
205,47.5916290283203,0.0355645278395975
206.25,47.5916290283203,0.037998238226938
207.5,47.5916290283203,0.0400589236678323
208.75,47.5916290283203,0.0422563478944975
210,47.5916290283203,0.0445710659043825
211.25,47.5916290283203,0.0469748554872396
212.5,47.5916290283203,0.0494768886512944
213.75,47.5916290283203,0.0516528162978636
215,47.5916290283203,0.0524961068242996
216.25,47.5916290283203,0.0518450156739139
217.5,47.5916290283203,0.0510548606912443
218.75,47.5916290283203,0.0518617990556864
220,47.5916290283203,0.0534916469201083
221.25,47.5916290283203,0.0528127651115576
222.5,47.5916290283203,0.0471274914604964
223.75,47.5916290283203,0.0367436736685149
225,47.5916290283203,0.0254953392128211
226.25,47.5916290283203,0.0158741403490677
227.5,47.5916290283203,0.00870059233621605
228.75,47.5916290283203,0.00297311790332532
230,47.5916290283203,-0.00249861873706965
231.25,47.5916290283203,-0.0067228438912798
232.5,47.5916290283203,-0.00817500312632329
233.75,47.5916290283203,-0.00663888064959631
235,47.5916290283203,-0.00290290569453311
236.25,47.5916290283203,-0.00159565609886206
160,48.5340270996094,-0.0272134418897901
161.25,48.5340270996094,-0.0217881663547511
162.5,48.5340270996094,-0.0153242834106552
163.75,48.5340270996094,-0.0127801462939238
165,48.5340270996094,-0.0148692365784474
166.25,48.5340270996094,-0.0158097468962924
167.5,48.5340270996094,-0.0141581417161269
168.75,48.5340270996094,-0.0129873565409941
170,48.5340270996094,-0.0126703261765678
171.25,48.5340270996094,-0.0125766371190472
172.5,48.5340270996094,-0.0126265717220773
173.75,48.5340270996094,-0.0136330244005846
175,48.5340270996094,-0.0161125640633251
176.25,48.5340270996094,-0.0187059989882546
177.5,48.5340270996094,-0.0196757247825307
178.75,48.5340270996094,-0.0184514205949104
180,48.5340270996094,-0.0152845317202546
181.25,48.5340270996094,-0.0110357749537232
182.5,48.5340270996094,-0.00684126643223799
183.75,48.5340270996094,-0.00362281239939701
185,48.5340270996094,-0.00102620304381222
186.25,48.5340270996094,0.00110641585434566
187.5,48.5340270996094,0.0028106849217472
188.75,48.5340270996094,0.00358727193332729
190,48.5340270996094,0.00323659812407266
191.25,48.5340270996094,0.00368599403516446
192.5,48.5340270996094,0.00650755850162044
193.75,48.5340270996094,0.0112465888533138
195,48.5340270996094,0.0167900381174682
196.25,48.5340270996094,0.0223393098942317
197.5,48.5340270996094,0.0260925087971525
198.75,48.5340270996094,0.028612468541384
200,48.5340270996094,0.0314614171489222
201.25,48.5340270996094,0.0347679125629848
202.5,48.5340270996094,0.0377368986914471
203.75,48.5340270996094,0.0397370591982693
205,48.5340270996094,0.0410196422399806
206.25,48.5340270996094,0.0420930454774864
207.5,48.5340270996094,0.0438632444310367
208.75,48.5340270996094,0.0462928490940239
210,48.5340270996094,0.0485896411293191
211.25,48.5340270996094,0.0504606440024188
212.5,48.5340270996094,0.0524744569225905
213.75,48.5340270996094,0.0544823135938963
215,48.5340270996094,0.0554446231405343
216.25,48.5340270996094,0.055404610165302
217.5,48.5340270996094,0.0554426183569471
218.75,48.5340270996094,0.0561976682832756
220,48.5340270996094,0.0568113821754187
221.25,48.5340270996094,0.0545887089974195
222.5,48.5340270996094,0.0472895690622647
223.75,48.5340270996094,0.0357180480758867
225,48.5340270996094,0.0229794003649345
226.25,48.5340270996094,0.0126080949649633
227.5,48.5340270996094,0.00533094307819489
228.75,48.5340270996094,-3.01544746024163e-05
230,48.5340270996094,-0.00335593589901932
231.25,48.5340270996094,-0.00386007376072446
232.5,48.5340270996094,-0.00236078652199496
233.75,48.5340270996094,-0.000819404970493735
235,48.5340270996094,-0.00087532219178454
236.25,48.5340270996094,-0.00125573772181392
160,49.4764404296875,-0.0219067856413238
161.25,49.4764404296875,-0.0184933364006265
162.5,49.4764404296875,-0.0146175148267871
163.75,49.4764404296875,-0.0137598521075292
165,49.4764404296875,-0.0149848017319251
166.25,49.4764404296875,-0.0146543252058791
167.5,49.4764404296875,-0.0120661642094051
168.75,49.4764404296875,-0.00884778582796962
170,49.4764404296875,-0.00624441458498218
171.25,49.4764404296875,-0.00517698265729379
172.5,49.4764404296875,-0.00531906688712273
173.75,49.4764404296875,-0.00687405877933187
175,49.4764404296875,-0.00957097528702244
176.25,49.4764404296875,-0.0117633004964954
177.5,49.4764404296875,-0.0114524564542222
178.75,49.4764404296875,-0.0081953288860981
180,49.4764404296875,-0.00301713124424278
181.25,49.4764404296875,0.00242031966864839
182.5,49.4764404296875,0.00522599757420206
183.75,49.4764404296875,0.00353186805263653
185,49.4764404296875,0.00177853657138525
186.25,49.4764404296875,0.00300108179624393
187.5,49.4764404296875,0.00761463132134296
188.75,49.4764404296875,0.0123072201465233
190,49.4764404296875,0.0151524495861282
191.25,49.4764404296875,0.0173444912748254
192.5,49.4764404296875,0.019818448468598
193.75,49.4764404296875,0.023153774575712
195,49.4764404296875,0.0266421657440704
196.25,49.4764404296875,0.0299124615388267
197.5,49.4764404296875,0.0328755961306534
198.75,49.4764404296875,0.0355406824671748
200,49.4764404296875,0.0380941558348258
201.25,49.4764404296875,0.0404031379277191
202.5,49.4764404296875,0.0422807179952413
203.75,49.4764404296875,0.0434450090130554
205,49.4764404296875,0.0443200784014933
206.25,49.4764404296875,0.0452403911417721
207.5,49.4764404296875,0.0466501088737795
208.75,49.4764404296875,0.0486650976650286
210,49.4764404296875,0.0507571695938684
211.25,49.4764404296875,0.0526634496050088
212.5,49.4764404296875,0.0545785483512939
213.75,49.4764404296875,0.0565318934082591
215,49.4764404296875,0.0575179591426214
216.25,49.4764404296875,0.0575978233253566
217.5,49.4764404296875,0.057483785596268
218.75,49.4764404296875,0.0573396362802591
220,49.4764404296875,0.0558925819529878
221.25,49.4764404296875,0.0514858815382721
222.5,49.4764404296875,0.0428526835788748
223.75,49.4764404296875,0.0307333551289807
225,49.4764404296875,0.018571679683704
226.25,49.4764404296875,0.00896137140083048
227.5,49.4764404296875,0.00214632562222792
228.75,49.4764404296875,-0.00210488270777752
230,49.4764404296875,-0.00246152229287097
231.25,49.4764404296875,0.00115782180364122
232.5,49.4764404296875,0.00605654652899372
233.75,49.4764404296875,0.00696573601223514
235,49.4764404296875,0.00343666799056693
160,50.4188537597656,-0.0139076563475257
161.25,50.4188537597656,-0.0130436303351334
162.5,50.4188537597656,-0.0123547108193933
163.75,50.4188537597656,-0.0122745218126042
165,50.4188537597656,-0.0126762531834148
166.25,50.4188537597656,-0.0108183912495635
167.5,50.4188537597656,-0.00614148998620457
168.75,50.4188537597656,-0.00107709021969486
170,50.4188537597656,0.00229486479497277
171.25,50.4188537597656,0.00286266720982067
172.5,50.4188537597656,0.000924007837827701
173.75,50.4188537597656,-0.00241050551038653
175,50.4188537597656,-0.00585624305975709
176.25,50.4188537597656,-0.00733557216098108
177.5,50.4188537597656,-0.00515267371578648
178.75,50.4188537597656,0.000450926311251054
180,50.4188537597656,0.00861780568217833
181.25,50.4188537597656,0.0151175446870998
182.5,50.4188537597656,0.0130416922259197
183.75,50.4188537597656,0.0104193465385298
185,50.4188537597656,0.0157409524950029
186.25,50.4188537597656,0.0248944351541468
187.5,50.4188537597656,0.0314571398319995
188.75,50.4188537597656,0.0340545181896379
190,50.4188537597656,0.0346497943603214
191.25,50.4188537597656,0.0349677173770599
192.5,50.4188537597656,0.0353906362615286
193.75,50.4188537597656,0.0356562997783316
195,50.4188537597656,0.0360726648279586
196.25,50.4188537597656,0.0369804564994587
197.5,50.4188537597656,0.0389316417977913
198.75,50.4188537597656,0.0410989963848099
200,50.4188537597656,0.0430455925383409
201.25,50.4188537597656,0.0447477339038074
202.5,50.4188537597656,0.045768075613338
203.75,50.4188537597656,0.0463037616261046
205,50.4188537597656,0.046791159633535
206.25,50.4188537597656,0.0474832085559725
207.5,50.4188537597656,0.0484681974416035
208.75,50.4188537597656,0.0496870577493439
210,50.4188537597656,0.0510483299059252
211.25,50.4188537597656,0.0526911139682395
212.5,50.4188537597656,0.0546003539611984
213.75,50.4188537597656,0.0563227647938443
215,50.4188537597656,0.0570473759175613
216.25,50.4188537597656,0.0567220650349337
217.5,50.4188537597656,0.0559399760356311
218.75,50.4188537597656,0.0543011212911583
220,50.4188537597656,0.0507476521963734
221.25,50.4188537597656,0.044342576462801
222.5,50.4188537597656,0.0352585144566451
223.75,50.4188537597656,0.0247410036524238
225,50.4188537597656,0.0143380009675268
226.25,50.4188537597656,0.00614405746231312
227.5,50.4188537597656,0.000482547528817905
228.75,50.4188537597656,-0.00233230097068516
230,50.4188537597656,-0.00187132962162518
231.25,50.4188537597656,0.000796239175995548
232.5,50.4188537597656,0.00759801331958617
233.75,50.4188537597656,0.0105400421706017
160,51.3612518310547,-0.0139430735779872
161.25,51.3612518310547,-0.0123596110336982
162.5,51.3612518310547,-0.0113225347366327
163.75,51.3612518310547,-0.0113907856045451
165,51.3612518310547,-0.0108065676909445
166.25,51.3612518310547,-0.00808585121877748
167.5,51.3612518310547,-0.00373905426674901
168.75,51.3612518310547,0.000968497669346128
170,51.3612518310547,0.00486265725536747
171.25,51.3612518310547,0.00604745201888775
172.5,51.3612518310547,0.00461082896882182
173.75,51.3612518310547,0.00174038146642154
175,51.3612518310547,-0.00163825287014627
176.25,51.3612518310547,-0.00326074288263289
177.5,51.3612518310547,-0.00178140849404393
178.75,51.3612518310547,0.00188760555373689
180,51.3612518310547,0.00800030802570807
181.25,51.3612518310547,0.0148010322020274
182.5,51.3612518310547,0.0174235437918793
183.75,51.3612518310547,0.0207029965470887
185,51.3612518310547,0.0286369683796393
186.25,51.3612518310547,0.0354889093388435
187.5,51.3612518310547,0.038201776011035
188.75,51.3612518310547,0.0384766589439326
190,51.3612518310547,0.0386297618438607
191.25,51.3612518310547,0.0390576737298448
192.5,51.3612518310547,0.0397145638574284
193.75,51.3612518310547,0.0405536358342615
195,51.3612518310547,0.0414635588014306
196.25,51.3612518310547,0.0423858664676198
197.5,51.3612518310547,0.0432630509409268
198.75,51.3612518310547,0.0439578756380773
200,51.3612518310547,0.0447920282317784
201.25,51.3612518310547,0.0458639816557924
202.5,51.3612518310547,0.0468564192364256
203.75,51.3612518310547,0.0476651075704257
205,51.3612518310547,0.0483580342121841
206.25,51.3612518310547,0.04880512380593
207.5,51.3612518310547,0.0493580561112015
208.75,51.3612518310547,0.0499823304069474
210,51.3612518310547,0.050790022762758
211.25,51.3612518310547,0.0518001416939197
212.5,51.3612518310547,0.0530463403825255
213.75,51.3612518310547,0.0539807767754612
215,51.3612518310547,0.0535828310624697
216.25,51.3612518310547,0.0521523975639011
217.5,51.3612518310547,0.0502201289700083
218.75,51.3612518310547,0.0477978855842209
220,51.3612518310547,0.0438658247837305
221.25,51.3612518310547,0.0370324769839694
222.5,51.3612518310547,0.0281614261956811
223.75,51.3612518310547,0.0186987321914649
225,51.3612518310547,0.0105565644168629
226.25,51.3612518310547,0.00435767252467884
227.5,51.3612518310547,0.000531448893338757
228.75,51.3612518310547,-0.000875773948430124
230,51.3612518310547,-0.000414870413390062
231.25,51.3612518310547,0.00141755356344521
232.5,51.3612518310547,0.00274332158546087
160,52.3036651611328,-0.0150233620015471
161.25,52.3036651611328,-0.0155227239203102
162.5,52.3036651611328,-0.0137160405315262
163.75,52.3036651611328,-0.0114781819015346
165,52.3036651611328,-0.0100741963077916
166.25,52.3036651611328,-0.00718512599693235
167.5,52.3036651611328,-0.0029845423671545
168.75,52.3036651611328,0.00150047367691945
170,52.3036651611328,0.00574073862255935
171.25,52.3036651611328,0.00838468313498144
172.5,52.3036651611328,0.00873041778723719
173.75,52.3036651611328,0.00714660258476794
175,52.3036651611328,0.00359169968960724
176.25,52.3036651611328,0.00130187569503655
177.5,52.3036651611328,0.00216723772259163
178.75,52.3036651611328,0.00491659239960691
180,52.3036651611328,0.00924082115418254
181.25,52.3036651611328,0.0137876428400096
182.5,52.3036651611328,0.0164420267032467
183.75,52.3036651611328,0.0197871917995681
185,52.3036651611328,0.0267016077211912
186.25,52.3036651611328,0.0330221571393624
187.5,52.3036651611328,0.035295010975162
188.75,52.3036651611328,0.0350672315723837
190,52.3036651611328,0.0346799416430086
191.25,52.3036651611328,0.0348371246727559
192.5,52.3036651611328,0.0357869282894852
193.75,52.3036651611328,0.0366906644323355
195,52.3036651611328,0.0377687099645358
196.25,52.3036651611328,0.0386577119199285
197.5,52.3036651611328,0.0386799879722057
198.75,52.3036651611328,0.038221345312569
200,52.3036651611328,0.0385380239974976
201.25,52.3036651611328,0.0400420165499243
202.5,52.3036651611328,0.0415946157858807
203.75,52.3036651611328,0.042623808704423
205,52.3036651611328,0.0429838197716753
206.25,52.3036651611328,0.0432463340121021
207.5,52.3036651611328,0.0442610989309019
208.75,52.3036651611328,0.0458511312156022
210,52.3036651611328,0.0469549053548495
211.25,52.3036651611328,0.0474569387290701
212.5,52.3036651611328,0.0476281408889788
213.75,52.3036651611328,0.0471021839003123
215,52.3036651611328,0.0460519289757459
216.25,52.3036651611328,0.0444795668634808
217.5,52.3036651611328,0.0421715443224699
218.75,52.3036651611328,0.0391544167297819
220,52.3036651611328,0.0349546063942697
221.25,52.3036651611328,0.0294216948571744
222.5,52.3036651611328,0.022095391756723
223.75,52.3036651611328,0.0141460871912183
225,52.3036651611328,0.00762481618900788
226.25,52.3036651611328,0.00336184722996562
227.5,52.3036651611328,0.00131931303220918
228.75,52.3036651611328,0.00143691503750722
230,52.3036651611328,0.00448055186255308
231.25,52.3036651611328,0.00482806148624522
232.5,52.3036651611328,0.00337472458645444
160,53.2460784912109,-0.0157997618394714
161.25,53.2460784912109,-0.0174915516473922
162.5,53.2460784912109,-0.0171801134705267
163.75,53.2460784912109,-0.0145506922126787
165,53.2460784912109,-0.0115618676704
166.25,53.2460784912109,-0.0074847682053741
167.5,53.2460784912109,-0.00205586188539835
168.75,53.2460784912109,0.00370988907123474
170,53.2460784912109,0.00957288068310609
171.25,53.2460784912109,0.0144395028714709
172.5,53.2460784912109,0.0167634123496987
173.75,53.2460784912109,0.0157202086239423
175,53.2460784912109,0.0116678745845997
176.25,53.2460784912109,0.00861313545916897
177.5,53.2460784912109,0.00836501565462061
178.75,53.2460784912109,0.0101373117810126
180,53.2460784912109,0.0128145173630261
181.25,53.2460784912109,0.0150297559960434
182.5,53.2460784912109,0.0161725145078994
183.75,53.2460784912109,0.0188712539363035
185,53.2460784912109,0.0247971887874698
186.25,53.2460784912109,0.0301040487475021
187.5,53.2460784912109,0.0318911498720523
188.75,53.2460784912109,0.0309487554213572
190,53.2460784912109,0.0290547234256828
191.25,53.2460784912109,0.0280385160876241
192.5,53.2460784912109,0.0281296658010719
193.75,53.2460784912109,0.0297091334048779
195,53.2460784912109,0.03040586023799
196.25,53.2460784912109,0.0305100082043033
197.5,53.2460784912109,0.030062583444797
198.75,53.2460784912109,0.0290760062123076
200,53.2460784912109,0.0284724766105188
201.25,53.2460784912109,0.0280693965898656
202.5,53.2460784912109,0.0272132172548013
203.75,53.2460784912109,0.0269252080424716
205,53.2460784912109,0.0273710244927604
206.25,53.2460784912109,0.0282380010878348
207.5,53.2460784912109,0.029731973490417
208.75,53.2460784912109,0.0323047336342265
210,53.2460784912109,0.0347590153670738
211.25,53.2460784912109,0.0370272243622687
212.5,53.2460784912109,0.0380176887541467
213.75,53.2460784912109,0.0371696310104588
215,53.2460784912109,0.0354151629582994
216.25,53.2460784912109,0.0333804069479761
217.5,53.2460784912109,0.0317743170230341
218.75,53.2460784912109,0.0294087238101646
220,53.2460784912109,0.0258106042480582
221.25,53.2460784912109,0.0213220610454749
222.5,53.2460784912109,0.0164100420090442
223.75,53.2460784912109,0.0114601953392932
225,53.2460784912109,0.00684816270088189
226.25,53.2460784912109,0.00329501985114316
227.5,53.2460784912109,-0.000340247939633128
228.75,53.2460784912109,-0.00438388013426945
230,53.2460784912109,-0.000975242667813414
231.25,53.2460784912109,0.00845312897851663
160,54.1884765625,-0.0174843650208894
161.25,54.1884765625,-0.0183402990390193
162.5,54.1884765625,-0.0195557248008803
163.75,54.1884765625,-0.019134891226143
165,54.1884765625,-0.0161986753753754
166.25,54.1884765625,-0.0105433790946997
167.5,54.1884765625,-0.00255398200827191
168.75,54.1884765625,0.00644768631732945
170,54.1884765625,0.0152747366293485
171.25,54.1884765625,0.0216373398525576
172.5,54.1884765625,0.0236943340757557
173.75,54.1884765625,0.0220715726210933
175,54.1884765625,0.0180689453386127
176.25,54.1884765625,0.014608996324391
177.5,54.1884765625,0.0128561910758088
178.75,54.1884765625,0.012703129842042
180,54.1884765625,0.0132611006312
181.25,54.1884765625,0.0140328294767099
182.5,54.1884765625,0.0153205770991251
183.75,54.1884765625,0.0189763667167722
185,54.1884765625,0.0246447966632539
186.25,54.1884765625,0.028520600192737
187.5,54.1884765625,0.0284810974578652
188.75,54.1884765625,0.0255748363897067
190,54.1884765625,0.0218411976511162
191.25,54.1884765625,0.0192913741444923
192.5,54.1884765625,0.0187047198373253
193.75,54.1884765625,0.0208140585082054
195,54.1884765625,0.0239449493003378
196.25,54.1884765625,0.0250804739600844
197.5,54.1884765625,0.0268414505772293
198.75,54.1884765625,0.0253818502452213
200,54.1884765625,0.0232476265790095
201.25,54.1884765625,0.0207773525955496
202.5,54.1884765625,0.0172935581965091
203.75,54.1884765625,0.0138082710772428
205,54.1884765625,0.0109094472130509
206.25,54.1884765625,0.00935258240974538
207.5,54.1884765625,0.0109904541511428
208.75,54.1884765625,0.0151940924622235
210,54.1884765625,0.0192971630599538
211.25,54.1884765625,0.022307057619411
212.5,54.1884765625,0.0240433507066069
213.75,54.1884765625,0.0249902057335154
215,54.1884765625,0.024419239549433
216.25,54.1884765625,0.022553791796061
217.5,54.1884765625,0.020312543237574
218.75,54.1884765625,0.0183396097792587
220,54.1884765625,0.0168004209747297
221.25,54.1884765625,0.0145549409577564
222.5,54.1884765625,0.011989335689541
223.75,54.1884765625,0.00951759188447475
225,54.1884765625,0.00744163638339308
226.25,54.1884765625,0.00556806822970817
227.5,54.1884765625,0.00426620641768152
228.75,54.1884765625,-0.00692547893547323
230,54.1884765625,-0.00829007643433966
161.25,55.1308898925781,-0.0202660990070975
162.5,55.1308898925781,-0.0213589727105183
163.75,55.1308898925781,-0.0224334471686276
165,55.1308898925781,-0.0196588694577637
166.25,55.1308898925781,-0.0127275745988045
167.5,55.1308898925781,-0.00314065255240814
168.75,55.1308898925781,0.00759243758452021
170,55.1308898925781,0.0176165529952974
171.25,55.1308898925781,0.0245288779937707
172.5,55.1308898925781,0.0270393549542801
173.75,55.1308898925781,0.0261492761471902
175,55.1308898925781,0.0227735881419215
176.25,55.1308898925781,0.0181510133098908
177.5,55.1308898925781,0.0143086044078434
178.75,55.1308898925781,0.0122372897804723
180,55.1308898925781,0.0113701506396877
181.25,55.1308898925781,0.0120488637704546
182.5,55.1308898925781,0.0150618714736678
183.75,55.1308898925781,0.0201734997702964
185,55.1308898925781,0.0239631370249642
186.25,55.1308898925781,0.0238893296762114
187.5,55.1308898925781,0.0212119148308013
188.75,55.1308898925781,0.0174395361001352
190,55.1308898925781,0.0138554041698522
191.25,55.1308898925781,0.0114675419885562
192.5,55.1308898925781,0.0106540458395502
193.75,55.1308898925781,0.0110641045391114
195,55.1308898925781,0.0128411876735026
196.25,55.1308898925781,0.0138109199066212
197.5,55.1308898925781,0.0221422843104643
198.75,55.1308898925781,0.0290842871808932
200,55.1308898925781,0.026697826398413
201.25,55.1308898925781,0.0227114665170341
202.5,55.1308898925781,0.016674526141808
203.75,55.1308898925781,0.0108050425946549
205,55.1308898925781,0.00679828294793329
206.25,55.1308898925781,0.00459557938972744
207.5,55.1308898925781,0.0040949266979329
208.75,55.1308898925781,0.00503547292638291
210,55.1308898925781,0.00738461826323867
211.25,55.1308898925781,0.0104514703294996
212.5,55.1308898925781,0.0124031691516902
213.75,55.1308898925781,0.0133669736688318
215,55.1308898925781,0.013527438239249
216.25,55.1308898925781,0.0131494933979868
217.5,55.1308898925781,0.011572799056528
218.75,55.1308898925781,0.00966980706162325
220,55.1308898925781,0.00865443475663968
221.25,55.1308898925781,0.00862194473684833
222.5,55.1308898925781,0.00858085977871418
223.75,55.1308898925781,0.00850731092456431
225,55.1308898925781,0.00802379580155611
226.25,55.1308898925781,0.00435373643298267
227.5,55.1308898925781,-0.00100367869372436
228.75,55.1308898925781,-0.00541559469190136
230,55.1308898925781,-0.00829008915292364
161.25,56.0733032226562,-0.0203388026810822
162.5,56.0733032226562,-0.0234729901449995
163.75,56.0733032226562,-0.0247144350145165
165,56.0733032226562,-0.0224713562110571
166.25,56.0733032226562,-0.0155443658680566
167.5,56.0733032226562,-0.00543492134311109
168.75,56.0733032226562,0.00541441519464273
170,56.0733032226562,0.0148318185328215
171.25,56.0733032226562,0.0210814719275871
172.5,56.0733032226562,0.0234720967264319
173.75,56.0733032226562,0.0226404949968449
175,56.0733032226562,0.0194600655832517
176.25,56.0733032226562,0.015032917338963
177.5,56.0733032226562,0.0108733061470249
178.75,56.0733032226562,0.00824029835235326
180,56.0733032226562,0.0080094949907176
181.25,56.0733032226562,0.0103973047321382
182.5,56.0733032226562,0.0150534469505632
183.75,56.0733032226562,0.0193044879882906
185,56.0733032226562,0.0205079834710705
186.25,56.0733032226562,0.0185045734176858
187.5,56.0733032226562,0.0148898559899905
188.75,56.0733032226562,0.0107919382440287
190,56.0733032226562,0.00690605889278798
191.25,56.0733032226562,0.005436462101515
192.5,56.0733032226562,0.00572848851175997
193.75,56.0733032226562,0.00674647682247031
195,56.0733032226562,0.00752391516275208
196.25,56.0733032226562,0.00693534661115301
197.5,56.0733032226562,0.00555986800621469
198.75,56.0733032226562,0.00323043227441184
200,56.0733032226562,0.0206923134975538
201.25,56.0733032226562,0.0233262782289893
202.5,56.0733032226562,0.0173498846936108
203.75,56.0733032226562,0.0124929129647905
205,56.0733032226562,0.00788737798199032
206.25,56.0733032226562,0.00494135356780692
207.5,56.0733032226562,0.00392987500894902
208.75,56.0733032226562,0.00423761333006094
210,56.0733032226562,0.00426304616716184
211.25,56.0733032226562,0.00415495696355709
212.5,56.0733032226562,0.00494924559938314
213.75,56.0733032226562,0.00608107164535065
215,56.0733032226562,0.00662503628795053
216.25,56.0733032226562,0.00616491843088374
217.5,56.0733032226562,0.0050254950225754
218.75,56.0733032226562,0.00405857278149624
220,56.0733032226562,0.00383569557692459
221.25,56.0733032226562,0.00499316387800417
222.5,56.0733032226562,0.00733119044706127
223.75,56.0733032226562,0.00918123169765798
225,56.0733032226562,0.00908425375684056
226.25,56.0733032226562,0.00732077570783115
227.5,56.0733032226562,-0.00302947762890819
162.5,57.0157012939453,-0.026008046715047
163.75,57.0157012939453,-0.0262420320897143
165,57.0157012939453,-0.0253748478998891
166.25,57.0157012939453,-0.020543155470073
167.5,57.0157012939453,-0.0125532880293014
168.75,57.0157012939453,-0.00332351566050848
170,57.0157012939453,0.00469208583699391
171.25,57.0157012939453,0.00963341489496095
172.5,57.0157012939453,0.010800337792043
173.75,57.0157012939453,0.00890090623292443
175,57.0157012939453,0.00577661441074949
176.25,57.0157012939453,0.00319126988898556
177.5,57.0157012939453,0.00214724512757165
178.75,57.0157012939453,0.00293253490795686
180,57.0157012939453,0.0050260391732212
181.25,57.0157012939453,0.00843700944793146
182.5,57.0157012939453,0.0128441884187642
183.75,57.0157012939453,0.0163469520985634
185,57.0157012939453,0.0172415607575769
186.25,57.0157012939453,0.0159369004315886
187.5,57.0157012939453,0.0130369764905469
188.75,57.0157012939453,0.00820532987414402
190,57.0157012939453,0.00165304962519802
191.25,57.0157012939453,0.00149144832738516
192.5,57.0157012939453,0.00102166658545993
193.75,57.0157012939453,0.00116367542134712
195,57.0157012939453,0.00242808999663862
196.25,57.0157012939453,0.00324518342548224
197.5,57.0157012939453,0.00283148554811616
198.75,57.0157012939453,0.000644985505974996
200,57.0157012939453,-0.00203090653329622
201.25,57.0157012939453,-0.0055974866632891
202.5,57.0157012939453,0.00873236711738336
203.75,57.0157012939453,0.0139388183873534
205,57.0157012939453,0.00999196340312499
206.25,57.0157012939453,0.00630303920265152
207.5,57.0157012939453,0.00378513428196746
208.75,57.0157012939453,0.00400871380339151
210,57.0157012939453,0.00467740928967586
211.25,57.0157012939453,0.00370257599598606
212.5,57.0157012939453,0.00270953057994691
213.75,57.0157012939453,0.00250765328380041
215,57.0157012939453,0.00281924242127231
216.25,57.0157012939453,0.00246816188182789
217.5,57.0157012939453,0.00152426918548743
218.75,57.0157012939453,0.00126010081632346
220,57.0157012939453,0.00232739416188382
221.25,57.0157012939453,0.00486580483856294
222.5,57.0157012939453,0.00800574695996675
223.75,57.0157012939453,0.0101192046053736
225,57.0157012939453,0.0102821192253352
226.25,57.0157012939453,0.00725179329330283
162.5,57.9581146240234,-0.0261527263686362
163.75,57.9581146240234,-0.0263750585452501
165,57.9581146240234,-0.0273475622996911
166.25,57.9581146240234,-0.0255354998078835
167.5,57.9581146240234,-0.0216412872439505
168.75,57.9581146240234,-0.0165058056690296
170,57.9581146240234,-0.011441058476969
171.25,57.9581146240234,-0.00765821659945523
172.5,57.9581146240234,-0.00621551535410327
173.75,57.9581146240234,-0.00644397209858777
175,57.9581146240234,-0.00636044875705695
176.25,57.9581146240234,-0.00529367475921142
177.5,57.9581146240234,-0.00327873665650778
178.75,57.9581146240234,-0.00112906947668876
180,57.9581146240234,0.00140630465191699
181.25,57.9581146240234,0.00593402459495213
182.5,57.9581146240234,0.0115430134533619
183.75,57.9581146240234,0.0153730436658168
185,57.9581146240234,0.0163120645934393
186.25,57.9581146240234,0.0150791512375152
187.5,57.9581146240234,0.0103291471896186
188.75,57.9581146240234,0.00300557408248075
190,57.9581146240234,-0.00110577684256609
191.25,57.9581146240234,-0.00129614858954302
192.5,57.9581146240234,-0.00178231855219322
193.75,57.9581146240234,-0.0011764728654727
195,57.9581146240234,-0.000395595015943236
196.25,57.9581146240234,-0.000661804458668901
197.5,57.9581146240234,-0.00236539380974322
198.75,57.9581146240234,-0.00471867564998473
200,57.9581146240234,-0.00822340825011466
201.25,57.9581146240234,-0.0113350513573062
202.5,57.9581146240234,-0.014057459275576
203.75,57.9581146240234,0.0128856122416071
206.25,57.9581146240234,-0.00150607318788742
207.5,57.9581146240234,0.000620846818919983
208.75,57.9581146240234,0.00304248304100347
210,57.9581146240234,0.00553299985238925
211.25,57.9581146240234,0.00609376827051069
212.5,57.9581146240234,0.00470459762562327
213.75,57.9581146240234,0.00324417439000065
215,57.9581146240234,0.00241716584691209
216.25,57.9581146240234,0.00195693094219549
217.5,57.9581146240234,0.0019265942632882
218.75,57.9581146240234,0.00293770438915524
220,57.9581146240234,0.00452870025598368
221.25,57.9581146240234,0.00643904149315365
222.5,57.9581146240234,0.00797565790860122
223.75,57.9581146240234,0.00867828726397089
225,57.9581146240234,0.0101998630933307
160,58.9005279541016,-0.000593630805210825
161.25,58.9005279541016,-0.00114189377570037
162.5,58.9005279541016,-0.0245386927415361
163.75,58.9005279541016,-0.0221635902852377
165,58.9005279541016,-0.0269371359430628
166.25,58.9005279541016,-0.0278806377966203
167.5,58.9005279541016,-0.0263383893879345
168.75,58.9005279541016,-0.0230866754441663
170,58.9005279541016,-0.0192585911400744
171.25,58.9005279541016,-0.0160643562410806
172.5,58.9005279541016,-0.0138930337419984
173.75,58.9005279541016,-0.0117149923001526
175,58.9005279541016,-0.00860278082690175
176.25,58.9005279541016,-0.00599642414350449
177.5,58.9005279541016,-0.00424919015728753
178.75,58.9005279541016,-0.00206578556092019
180,58.9005279541016,0.00207966944828632
181.25,58.9005279541016,0.00809077971011135
182.5,58.9005279541016,0.0136691801851078
183.75,58.9005279541016,0.0148853501607261
185,58.9005279541016,0.0108080443663268
186.25,58.9005279541016,0.00696011485606525
187.5,58.9005279541016,0.00320652111067945
188.75,58.9005279541016,0.00155430922654875
190,58.9005279541016,0.00022917363653998
191.25,58.9005279541016,-0.000357947275218954
192.5,58.9005279541016,-0.00113576463826836
193.75,58.9005279541016,-0.00249966909220444
195,58.9005279541016,-0.00595481157066836
196.25,58.9005279541016,-0.010661468605848
197.5,58.9005279541016,-0.0144796103663505
198.75,58.9005279541016,-0.00989457645183137
200,58.9005279541016,-0.0158226690780341
201.25,58.9005279541016,-0.0168324382500424
202.5,58.9005279541016,-0.0180538814097547
206.25,58.9005279541016,-0.00178894629196411
207.5,58.9005279541016,-0.00117840112389099
208.75,58.9005279541016,0.00184521658534289
210,58.9005279541016,0.00632443476859823
211.25,58.9005279541016,0.00848970961530184
212.5,58.9005279541016,0.00835026450683456
213.75,58.9005279541016,0.00669416176836004
215,58.9005279541016,0.0057005507105515
216.25,58.9005279541016,0.00625691141673091
217.5,58.9005279541016,0.00754363271830441
218.75,58.9005279541016,0.00810436201955632
220,58.9005279541016,0.00797286911379759
221.25,58.9005279541016,0.00826519925379225
222.5,58.9005279541016,0.00816320750666376
160,59.8429260253906,-0.00275117505881732
161.25,59.8429260253906,-0.00371184305424458
162.5,59.8429260253906,-0.00395773172231383
163.75,59.8429260253906,-0.0178176056388253
165,59.8429260253906,-0.0254661133763176
166.25,59.8429260253906,-0.0270875573666954
167.5,59.8429260253906,-0.0257381285865506
168.75,59.8429260253906,-0.0245239675929531
170,59.8429260253906,-0.021436660762115
171.25,59.8429260253906,-0.0184318512305806
172.5,59.8429260253906,-0.015271202064801
173.75,59.8429260253906,-0.0121135841739864
175,59.8429260253906,-0.00789237939009546
176.25,59.8429260253906,-0.00376405626539012
177.5,59.8429260253906,0.000286365241401994
178.75,59.8429260253906,0.00519769796109974
180,59.8429260253906,0.01093122637598
181.25,59.8429260253906,0.0150980898029647
182.5,59.8429260253906,0.0158573752793878
183.75,59.8429260253906,0.00930039100836534
185,59.8429260253906,0.000280907708221086
186.25,59.8429260253906,-0.00207658567542871
187.5,59.8429260253906,-0.000270285138138242
188.75,59.8429260253906,0.0021834320781611
190,59.8429260253906,0.00279766841029393
191.25,59.8429260253906,0.00138662080700728
192.5,59.8429260253906,-0.00259933707792605
193.75,59.8429260253906,-0.00909844052352502
195,59.8429260253906,-0.0152651510532106
196.25,59.8429260253906,-0.0203509351051651
197.5,59.8429260253906,-0.0246601420868396
198.75,59.8429260253906,-0.0254914666136019
206.25,59.8429260253906,-0.00196690787791207
207.5,59.8429260253906,-0.00173375539861786
208.75,59.8429260253906,0.00470027710557817
210,59.8429260253906,0.0077243123453504
211.25,59.8429260253906,0.00886868417643811
212.5,59.8429260253906,0.00847798593656039
213.75,59.8429260253906,0.00784706106862544
215,59.8429260253906,0.00722700184422919
216.25,59.8429260253906,0.00870934787312083
217.5,59.8429260253906,0.0110213678399515
218.75,59.8429260253906,0.0123299917509569
220,59.8429260253906,0.0110100321486738
221.25,59.8429260253906,0.00984890407932421
160,60.7853393554688,-0.00807535783076884
161.25,60.7853393554688,-0.00636542513815895
162.5,60.7853393554688,-0.00607814287558263
167.5,60.7853393554688,-0.0237079975583223
168.75,60.7853393554688,-0.0232265322305649
170,60.7853393554688,-0.0231616204047332
171.25,60.7853393554688,-0.0200233551294527
172.5,60.7853393554688,-0.0168429951733112
173.75,60.7853393554688,-0.0112479387369659
175,60.7853393554688,-0.00604986484531706
176.25,60.7853393554688,-3.09296521897483e-05
177.5,60.7853393554688,0.00685079414361916
178.75,60.7853393554688,0.0133672986092621
180,60.7853393554688,0.0178631096322159
181.25,60.7853393554688,0.0198520638026662
182.5,60.7853393554688,0.0171336437465795
183.75,60.7853393554688,0.00930787035569829
185,60.7853393554688,0.00475807882934213
186.25,60.7853393554688,0.00458953911329684
187.5,60.7853393554688,0.00508020568093599
188.75,60.7853393554688,0.00371481941229362
190,60.7853393554688,-2.79565587419606e-05
191.25,60.7853393554688,-0.0075199670804062
192.5,60.7853393554688,-0.0163311294294709
193.75,60.7853393554688,-0.0224992645528109
195,60.7853393554688,-0.0244201918743235
212.5,60.7853393554688,0.00779104383698821
213.75,60.7853393554688,0.0075444467629595
215,60.7853393554688,0.00657356481382833
216.25,60.7853393554688,0.00794293940199724
160,61.7277526855469,-0.00936070847812876
173.75,61.7277526855469,-0.00974312991627913
175,61.7277526855469,-0.0048441777965521
176.25,61.7277526855469,-0.00164890108556406
177.5,61.7277526855469,0.00179905437685915
178.75,61.7277526855469,0.0075257786272823
180,61.7277526855469,0.00923630502213774
181.25,61.7277526855469,0.0138061980657936
182.5,61.7277526855469,0.0163218904924523
183.75,61.7277526855469,0.0138210841517181
185,61.7277526855469,0.0138199370207086
186.25,61.7277526855469,0.0156738780187389
187.5,61.7277526855469,0.012469210277056
188.75,61.7277526855469,0.00239257518017361
190,61.7277526855469,-0.00816810536243256
191.25,61.7277526855469,-0.0180438764961023
192.5,61.7277526855469,-0.0255376069956927
193.75,61.7277526855469,-0.0270149227218522
195,61.7277526855469,-0.0256630581454519
175,62.6701507568359,-0.00398114095973444
176.25,62.6701507568359,-0.00317698109306115
177.5,62.6701507568359,-0.00565023742992391
178.75,62.6701507568359,0.00837245241491034
180,62.6701507568359,0.00722685920647862
181.25,62.6701507568359,0.00662387659862535
182.5,62.6701507568359,0.0139718751963235
183.75,62.6701507568359,0.0195712607193789
185,62.6701507568359,0.0228375540661093
186.25,62.6701507568359,0.0215825062090887
187.5,62.6701507568359,0.0134852184334749
188.75,62.6701507568359,0.00165702996179805
190,62.6701507568359,-0.00900002138243159
191.25,62.6701507568359,-0.0195291788431954
192.5,62.6701507568359,-0.0269275870200133
193.75,62.6701507568359,-0.0276577929263243
195,62.6701507568359,-0.0272070248405683
196.25,62.6701507568359,-0.00959974407517325
197.5,62.6701507568359,-0.00959974562661409
178.75,63.6125640869141,0.022541756425674
180,63.6125640869141,0.022477946125077
181.25,63.6125640869141,0.0171974259607435
182.5,63.6125640869141,0.0160955227412473
183.75,63.6125640869141,0.019106257881024
185,63.6125640869141,0.0187441693248538
186.25,63.6125640869141,0.0151668282344352
187.5,63.6125640869141,0.00958389132753374
188.75,63.6125640869141,0.00313396843787021
190,63.6125640869141,-0.00216119942815776
191.25,63.6125640869141,-0.0124944298445439
192.5,63.6125640869141,-0.0230193986395639
193.75,63.6125640869141,-0.0254104460958579
195,63.6125640869141,-0.0196331484016954
196.25,63.6125640869141,-0.0108189424733566
197.5,63.6125640869141,-0.00935237488083074
178.75,64.5549774169922,0.0205689062255824
180,64.5549774169922,0.0228808589104605
181.25,64.5549774169922,0.0222178070231156
182.5,64.5549774169922,0.0190682006665596
183.75,64.5549774169922,0.0171859821491539
185,64.5549774169922,0.0140842842166848
186.25,64.5549774169922,0.0104472002945712
187.5,64.5549774169922,0.0064636543358089
188.75,64.5549774169922,0.00164513744550856
190,64.5549774169922,0.000455033285695989
191.25,64.5549774169922,-0.00611614823445367
192.5,64.5549774169922,-0.0171318232363254
193.75,64.5549774169922,-0.0186910129209837
195,64.5549774169922,-0.0146730580810169
196.25,64.5549774169922,-0.0100085469079682
197.5,64.5549774169922,-0.00912050387013229
180,65.4973907470703,0.0248695148014113
181.25,65.4973907470703,0.025143263375098
182.5,65.4973907470703,0.0228520871654777
183.75,65.4973907470703,0.0208365741335942
185,65.4973907470703,0.0204317990205365
188.75,65.4973907470703,0.00628633171290714
190,65.4973907470703,0.00221002324829589
191.25,65.4973907470703,-0.00422473840929831
192.5,65.4973907470703,-0.0109276859819813
193.75,65.4973907470703,-0.0141685656115769
