"lon","lat","beta"
160,20.2617797851562,0.0622506456486239
161.25,20.2617797851562,0.0629118943196608
162.5,20.2617797851562,0.0631477286224071
163.75,20.2617797851562,0.0629843151528176
165,20.2617797851562,0.062393567187159
166.25,20.2617797851562,0.0622757739356926
167.5,20.2617797851562,0.0630266558397035
168.75,20.2617797851562,0.0637573854040077
170,20.2617797851562,0.064907681878551
171.25,20.2617797851562,0.0658723010683646
172.5,20.2617797851562,0.0655535333297665
173.75,20.2617797851562,0.0638526249814653
175,20.2617797851562,0.0601098732635923
176.25,20.2617797851562,0.0541881224235746
177.5,20.2617797851562,0.0479788297499158
178.75,20.2617797851562,0.0425997188168641
180,20.2617797851562,0.0369838345999212
181.25,20.2617797851562,0.0332084961682351
182.5,20.2617797851562,0.0316052334504355
183.75,20.2617797851562,0.0306568705742028
185,20.2617797851562,0.0296934689910987
186.25,20.2617797851562,0.0286024209155399
187.5,20.2617797851562,0.0272996845059827
188.75,20.2617797851562,0.0257117053787341
190,20.2617797851562,0.0248446245112529
191.25,20.2617797851562,0.0261907608586138
192.5,20.2617797851562,0.0289073601002325
193.75,20.2617797851562,0.0295540249344891
195,20.2617797851562,0.0288024714569188
196.25,20.2617797851562,0.0272864828967391
197.5,20.2617797851562,0.0253541662924264
198.75,20.2617797851562,0.0239739134145312
200,20.2617797851562,0.0240030600523374
201.25,20.2617797851562,0.0244342864955657
202.5,20.2617797851562,0.0244684044302211
203.75,20.2617797851562,0.0266920026174703
205,20.2617797851562,0.0268408673072184
206.25,20.2617797851562,0.0227000902360748
207.5,20.2617797851562,0.0203165660872316
208.75,20.2617797851562,0.0165643367917929
210,20.2617797851562,0.0125207287068273
211.25,20.2617797851562,0.00875132827165795
212.5,20.2617797851562,0.00616629540563202
213.75,20.2617797851562,0.00434332551768766
215,20.2617797851562,0.00277807333000796
216.25,20.2617797851562,0.00270745270927377
217.5,20.2617797851562,0.00376070920676264
218.75,20.2617797851562,0.00545830833569941
220,20.2617797851562,0.00894105409839755
221.25,20.2617797851562,0.0139968850365716
222.5,20.2617797851562,0.0196059250750625
223.75,20.2617797851562,0.025023541968322
225,20.2617797851562,0.0304363782851464
226.25,20.2617797851562,0.03572968455179
227.5,20.2617797851562,0.039490779310159
228.75,20.2617797851562,0.0422306962562975
230,20.2617797851562,0.0435107610941833
231.25,20.2617797851562,0.0431703658499444
232.5,20.2617797851562,0.04066753231641
233.75,20.2617797851562,0.0363026475947275
235,20.2617797851562,0.031219486791542
236.25,20.2617797851562,0.0264063007875785
237.5,20.2617797851562,0.0243011897015237
238.75,20.2617797851562,0.0258080509328463
240,20.2617797851562,0.0284818508121444
241.25,20.2617797851562,0.0284196769855756
242.5,20.2617797851562,0.0224874536370699
243.75,20.2617797851562,0.0128005162274874
245,20.2617797851562,0.00419981030060837
246.25,20.2617797851562,0.000849670063279601
247.5,20.2617797851562,0.00155817759111329
248.75,20.2617797851562,-0.000739605034232897
250,20.2617797851562,-0.00813259536443883
160,21.2041854858398,0.0662313417828762
161.25,21.2041854858398,0.0669408013572931
162.5,21.2041854858398,0.0672320456777226
163.75,21.2041854858398,0.0670518345994874
165,21.2041854858398,0.0662319276491143
166.25,21.2041854858398,0.0654563863335163
167.5,21.2041854858398,0.0656875416862251
168.75,21.2041854858398,0.0661091288340692
170,21.2041854858398,0.0669554480168668
171.25,21.2041854858398,0.0688666104557132
172.5,21.2041854858398,0.0702850533023055
173.75,21.2041854858398,0.0703806451957577
175,21.2041854858398,0.0688169887367351
176.25,21.2041854858398,0.0648623881938042
177.5,21.2041854858398,0.0595436247072687
178.75,21.2041854858398,0.0534036714247942
180,21.2041854858398,0.0470199476988976
181.25,21.2041854858398,0.0420795548508938
182.5,21.2041854858398,0.0395690949001012
183.75,21.2041854858398,0.037726192417057
185,21.2041854858398,0.0354110342128796
186.25,21.2041854858398,0.0330995878990797
187.5,21.2041854858398,0.0309689229902632
188.75,21.2041854858398,0.0283306966141213
190,21.2041854858398,0.0255989796308898
191.25,21.2041854858398,0.0241829076257789
192.5,21.2041854858398,0.0254087031118483
193.75,21.2041854858398,0.0275027058727031
195,21.2041854858398,0.0287724163240351
196.25,21.2041854858398,0.0287408495061415
197.5,21.2041854858398,0.0278894229377905
198.75,21.2041854858398,0.0266194003576892
200,21.2041854858398,0.0258658548497207
201.25,21.2041854858398,0.0264553429306409
202.5,21.2041854858398,0.0278240348954215
203.75,21.2041854858398,0.0306216888315889
205,21.2041854858398,0.0292265641301627
206.25,21.2041854858398,0.0239927277215433
207.5,21.2041854858398,0.0201286140433114
208.75,21.2041854858398,0.0166448661363198
210,21.2041854858398,0.0125486565692515
211.25,21.2041854858398,0.00779772492099002
212.5,21.2041854858398,0.00318488163760369
213.75,21.2041854858398,-0.000498099961506265
215,21.2041854858398,-0.00335448693668266
216.25,21.2041854858398,-0.00475193193081535
217.5,21.2041854858398,-0.00419679115133731
218.75,21.2041854858398,-0.0031517706942141
220,21.2041854858398,-0.000992782873463903
221.25,21.2041854858398,0.0025299147507514
222.5,21.2041854858398,0.00691803079108678
223.75,21.2041854858398,0.0117897921652431
225,21.2041854858398,0.0171079891983837
226.25,21.2041854858398,0.0226215960827803
227.5,21.2041854858398,0.0262314305703185
228.75,21.2041854858398,0.0277361610234667
230,21.2041854858398,0.0282618237871486
231.25,21.2041854858398,0.028094374211545
232.5,21.2041854858398,0.0268367582617047
233.75,21.2041854858398,0.024597201751216
235,21.2041854858398,0.0203947579503551
236.25,21.2041854858398,0.015739057699466
237.5,21.2041854858398,0.0145089689610216
238.75,21.2041854858398,0.0166663663729805
240,21.2041854858398,0.0198395020774315
241.25,21.2041854858398,0.0204514989043879
242.5,21.2041854858398,0.0153944861322699
243.75,21.2041854858398,0.00796589568832418
245,21.2041854858398,0.00332732263504167
246.25,21.2041854858398,0.00312183619814964
247.5,21.2041854858398,0.00452140788401872
248.75,21.2041854858398,0.000906983298232983
250,21.2041854858398,-0.00729551621656057
160,22.146598815918,0.0697427919417363
161.25,22.146598815918,0.0708319361083487
162.5,22.146598815918,0.0708207587844393
163.75,22.146598815918,0.0700934162189798
165,22.146598815918,0.068718488747543
166.25,22.146598815918,0.0672071241755406
167.5,22.146598815918,0.0666484200801931
168.75,22.146598815918,0.0669850781129651
170,22.146598815918,0.0679301640892393
171.25,22.146598815918,0.0698161422127494
172.5,22.146598815918,0.0718449433916632
173.75,22.146598815918,0.073068170340935
175,22.146598815918,0.0728114672113337
176.25,22.146598815918,0.0705420450329515
177.5,22.146598815918,0.0671281853798414
178.75,22.146598815918,0.0625947931103882
180,22.146598815918,0.0569042893633284
181.25,22.146598815918,0.0512158156476132
182.5,22.146598815918,0.0475342470353578
183.75,22.146598815918,0.0450327232562736
185,22.146598815918,0.0416197320932121
186.25,22.146598815918,0.0379506731028034
187.5,22.146598815918,0.0345379737244623
188.75,22.146598815918,0.0307117045227415
190,22.146598815918,0.0267284171520897
191.25,22.146598815918,0.0238434721915977
192.5,22.146598815918,0.0231976369925362
193.75,22.146598815918,0.0249049727078509
195,22.146598815918,0.0269298117752985
196.25,22.146598815918,0.0285875230533431
197.5,22.146598815918,0.0296241725563893
198.75,22.146598815918,0.0295952968094605
200,22.146598815918,0.0293331206285933
201.25,22.146598815918,0.0302462875009008
202.5,22.146598815918,0.0320663413344722
203.75,22.146598815918,0.0336184311091503
205,22.146598815918,0.0321499628011011
206.25,22.146598815918,0.027832632390968
207.5,22.146598815918,0.0238329837367199
208.75,22.146598815918,0.0202510941054465
210,22.146598815918,0.0161944876234551
211.25,22.146598815918,0.0112313721716177
212.5,22.146598815918,0.00526985558366796
213.75,22.146598815918,-0.000308576842419912
215,22.146598815918,-0.004936439435132
216.25,22.146598815918,-0.00784433998463947
217.5,22.146598815918,-0.0086116265768832
218.75,22.146598815918,-0.00811378452957231
220,22.146598815918,-0.00681729448740478
221.25,22.146598815918,-0.0045645654160048
222.5,22.146598815918,-0.00126928407965782
223.75,22.146598815918,0.00254629179244093
225,22.146598815918,0.00696769946175304
226.25,22.146598815918,0.0116628357294727
227.5,22.146598815918,0.014742169809172
228.75,22.146598815918,0.0156570854413997
230,22.146598815918,0.015430034408736
231.25,22.146598815918,0.0146930528050168
232.5,22.146598815918,0.0130343533251217
233.75,22.146598815918,0.0109587565876733
235,22.146598815918,0.00845170158893594
236.25,22.146598815918,0.00605111391300204
237.5,22.146598815918,0.00625666058015078
238.75,22.146598815918,0.00799471616445558
240,22.146598815918,0.0108900290162808
241.25,22.146598815918,0.0114303134029627
242.5,22.146598815918,0.00710423991762921
243.75,22.146598815918,0.0014742652254864
245,22.146598815918,-0.000423452036910152
246.25,22.146598815918,0.00132124771725458
247.5,22.146598815918,0.00166231788284079
248.75,22.146598815918,-0.00202336260754027
250,22.146598815918,-0.00826152060951269
160,23.0890045166016,0.0708114377059853
161.25,23.0890045166016,0.0720800938635752
162.5,23.0890045166016,0.0725285448281962
163.75,23.0890045166016,0.0722191938506504
165,23.0890045166016,0.0708961325499276
166.25,23.0890045166016,0.0689548178617224
167.5,23.0890045166016,0.0674903274836484
168.75,23.0890045166016,0.0671459718025768
170,23.0890045166016,0.0677838498091385
171.25,23.0890045166016,0.0688958989881127
172.5,23.0890045166016,0.0709162362426386
173.75,23.0890045166016,0.0728065016581925
175,23.0890045166016,0.0733939550878817
176.25,23.0890045166016,0.0721985259087212
177.5,23.0890045166016,0.0700556958720792
178.75,23.0890045166016,0.0677537412122443
180,23.0890045166016,0.0641275343620195
181.25,23.0890045166016,0.0590392278366482
182.5,23.0890045166016,0.054775427024395
183.75,23.0890045166016,0.0521510448618706
185,23.0890045166016,0.0493096390311545
186.25,23.0890045166016,0.0450977991907928
187.5,23.0890045166016,0.0401527414311526
188.75,23.0890045166016,0.0349049588410077
190,23.0890045166016,0.0301181868174939
191.25,23.0890045166016,0.0262609177367651
192.5,23.0890045166016,0.0235875045820934
193.75,23.0890045166016,0.023270936347547
195,23.0890045166016,0.0246233020421305
196.25,23.0890045166016,0.0272262123890408
197.5,23.0890045166016,0.0298132457905468
198.75,23.0890045166016,0.0313667433843833
200,23.0890045166016,0.0319757568049682
201.25,23.0890045166016,0.0328126578847466
202.5,23.0890045166016,0.0344990960724734
203.75,23.0890045166016,0.0358298850745651
205,23.0890045166016,0.0354047421422233
206.25,23.0890045166016,0.0328493730254238
207.5,23.0890045166016,0.0297330338178305
208.75,23.0890045166016,0.0267206543640363
210,23.0890045166016,0.0230262047442489
211.25,23.0890045166016,0.0178574699588602
212.5,23.0890045166016,0.0112291297676849
213.75,23.0890045166016,0.00433198419586927
215,23.0890045166016,-0.00190611760149571
216.25,23.0890045166016,-0.00647373468849043
217.5,23.0890045166016,-0.00896185310288627
218.75,23.0890045166016,-0.00966194357827787
220,23.0890045166016,-0.00922410036742389
221.25,23.0890045166016,-0.0076303334245648
222.5,23.0890045166016,-0.00487707054959192
223.75,23.0890045166016,-0.00161478041441458
225,23.0890045166016,0.00147291529226093
226.25,23.0890045166016,0.00456057588747515
227.5,23.0890045166016,0.00689850269494125
228.75,23.0890045166016,0.00779620031891663
230,23.0890045166016,0.00707448468647597
231.25,23.0890045166016,0.00532839439273988
232.5,23.0890045166016,0.00316652969004137
233.75,23.0890045166016,0.0011660829843814
235,23.0890045166016,-0.000919106376640524
236.25,23.0890045166016,-0.00220514106046042
237.5,23.0890045166016,-0.00112276744435078
238.75,23.0890045166016,0.0013609506845417
240,23.0890045166016,0.0043631084637834
241.25,23.0890045166016,0.00411793242759442
242.5,23.0890045166016,-0.00169515414087978
243.75,23.0890045166016,-0.0085880945944352
245,23.0890045166016,-0.00949075612039698
246.25,23.0890045166016,-0.00633616590376218
247.5,23.0890045166016,-0.00464442329892996
248.75,23.0890045166016,-0.00482991803091446
250,23.0890045166016,-0.00837962931012936
160,24.0314178466797,0.0665806167428966
161.25,24.0314178466797,0.0680994598455881
162.5,24.0314178466797,0.0694766050323573
163.75,24.0314178466797,0.0704389779397147
165,24.0314178466797,0.070085771857737
166.25,24.0314178466797,0.0685922825364803
167.5,24.0314178466797,0.0670797919677317
168.75,24.0314178466797,0.0660326528443918
170,24.0314178466797,0.0661422894991228
171.25,24.0314178466797,0.0664123019430319
172.5,24.0314178466797,0.0676820439482374
173.75,24.0314178466797,0.0692836111800968
175,24.0314178466797,0.0700493428404688
176.25,24.0314178466797,0.0696130654204907
177.5,24.0314178466797,0.0683210010374544
178.75,24.0314178466797,0.066701011296833
180,24.0314178466797,0.0645300270560649
181.25,24.0314178466797,0.0608632065256546
182.5,24.0314178466797,0.0572239384467041
183.75,24.0314178466797,0.0548663171331827
185,24.0314178466797,0.0534961266701828
186.25,24.0314178466797,0.0512234188686192
187.5,24.0314178466797,0.0471552566636906
188.75,24.0314178466797,0.0417565197633349
190,24.0314178466797,0.0362445108673809
191.25,24.0314178466797,0.0314425545122199
192.5,24.0314178466797,0.0272665719039581
193.75,24.0314178466797,0.0250138467536094
195,24.0314178466797,0.0240207036523228
196.25,24.0314178466797,0.024895636357275
197.5,24.0314178466797,0.0272453050818286
198.75,24.0314178466797,0.0300741687745953
200,24.0314178466797,0.031996595499805
201.25,24.0314178466797,0.0333408221807419
202.5,24.0314178466797,0.03512248025188
203.75,24.0314178466797,0.0357857165142368
205,24.0314178466797,0.0364382814593672
206.25,24.0314178466797,0.0364512700041111
207.5,24.0314178466797,0.0352687589427209
208.75,24.0314178466797,0.0334872141378435
210,24.0314178466797,0.0311569495271144
211.25,24.0314178466797,0.0270069168385101
212.5,24.0314178466797,0.020597827725009
213.75,24.0314178466797,0.012806412771072
215,24.0314178466797,0.00492692538841027
216.25,24.0314178466797,-0.00105994343888374
217.5,24.0314178466797,-0.00564388986760235
218.75,24.0314178466797,-0.0083306372040079
220,24.0314178466797,-0.00912252145470997
221.25,24.0314178466797,-0.00806883436312893
222.5,24.0314178466797,-0.00580001339034103
223.75,24.0314178466797,-0.00322770644051809
225,24.0314178466797,-0.000926731571621263
226.25,24.0314178466797,0.00102734172209481
227.5,24.0314178466797,0.00286882528530857
228.75,24.0314178466797,0.00344214294309279
230,24.0314178466797,0.00240663553674411
231.25,24.0314178466797,0.000643650062906528
232.5,24.0314178466797,-0.00123518050406613
233.75,24.0314178466797,-0.00284801930841664
235,24.0314178466797,-0.0047044402936273
236.25,24.0314178466797,-0.00552196809543407
237.5,24.0314178466797,-0.00477173237657522
238.75,24.0314178466797,-0.00271971388835588
240,24.0314178466797,-0.000527330664210454
241.25,24.0314178466797,-0.00330382958154359
242.5,24.0314178466797,-0.0122092198783121
243.75,24.0314178466797,-0.0184586671178496
245,24.0314178466797,-0.0183711157416336
246.25,24.0314178466797,-0.0149432812025618
247.5,24.0314178466797,-0.0114115453080682
248.75,24.0314178466797,-0.00660345779304946
250,24.0314178466797,-0.0135745192738368
160,24.9738235473633,0.0573321621907701
161.25,24.9738235473633,0.058745679702848
162.5,24.9738235473633,0.0602717200682019
163.75,24.9738235473633,0.0620172854462899
165,24.9738235473633,0.0629327453816482
166.25,24.9738235473633,0.0627897243667822
167.5,24.9738235473633,0.062250620204149
168.75,24.9738235473633,0.0619142769224281
170,24.9738235473633,0.0618479718665357
171.25,24.9738235473633,0.0617252039332006
172.5,24.9738235473633,0.0620930977955313
173.75,24.9738235473633,0.062904000407431
175,24.9738235473633,0.0636470461462723
176.25,24.9738235473633,0.0637797279877453
177.5,24.9738235473633,0.0633439792618472
178.75,24.9738235473633,0.0622395320169705
180,24.9738235473633,0.060326054153192
181.25,24.9738235473633,0.057419488437001
182.5,24.9738235473633,0.0544642883831296
183.75,24.9738235473633,0.0527405343966366
185,24.9738235473633,0.0519168218514658
186.25,24.9738235473633,0.0509657291660544
187.5,24.9738235473633,0.0487944940369079
188.75,24.9738235473633,0.0449441231872994
190,24.9738235473633,0.0398898550438267
191.25,24.9738235473633,0.0345972505272141
192.5,24.9738235473633,0.0296586607549556
193.75,24.9738235473633,0.02630377412782
195,24.9738235473633,0.0237048571795452
196.25,24.9738235473633,0.0221279382846933
197.5,24.9738235473633,0.0220966694315267
198.75,24.9738235473633,0.0234486490611687
200,24.9738235473633,0.0254202976853781
201.25,24.9738235473633,0.0277885828834485
202.5,24.9738235473633,0.030676721013386
203.75,24.9738235473633,0.0326243006570085
205,24.9738235473633,0.034230399736061
206.25,24.9738235473633,0.0362082995375613
207.5,24.9738235473633,0.0377948131057801
208.75,24.9738235473633,0.0382662332976911
210,24.9738235473633,0.0374563352038364
211.25,24.9738235473633,0.0345785216786762
212.5,24.9738235473633,0.0294312379115112
213.75,24.9738235473633,0.0224613130779099
215,24.9738235473633,0.0142566396216618
216.25,24.9738235473633,0.00631690917008342
217.5,24.9738235473633,-0.000337831411170144
218.75,24.9738235473633,-0.00498911310283365
220,24.9738235473633,-0.0071669186090118
221.25,24.9738235473633,-0.00688739208418092
222.5,24.9738235473633,-0.00516684223622633
223.75,24.9738235473633,-0.00303131347756543
225,24.9738235473633,-0.00104896396069469
226.25,24.9738235473633,0.000863696039259286
227.5,24.9738235473633,0.00205932596493135
228.75,24.9738235473633,0.00172411286426519
230,24.9738235473633,0.000633330532171798
231.25,24.9738235473633,-0.000552872107911843
232.5,24.9738235473633,-0.00147181600707841
233.75,24.9738235473633,-0.00221723220525204
235,24.9738235473633,-0.00372655206662069
236.25,24.9738235473633,-0.00447252029336088
237.5,24.9738235473633,-0.00422361840851199
238.75,24.9738235473633,-0.00391974066597622
240,24.9738235473633,-0.00350791495170249
241.25,24.9738235473633,-0.00937947269435726
242.5,24.9738235473633,-0.0191561410087344
243.75,24.9738235473633,-0.0237985664931605
245,24.9738235473633,-0.0233713752842677
246.25,24.9738235473633,-0.0206047210424647
247.5,24.9738235473633,-0.0174427699764682
248.75,24.9738235473633,-0.0154977854319044
250,24.9738235473633,-0.0146988988984665
160,25.9162292480469,0.044883209125794
161.25,25.9162292480469,0.0458376964083406
162.5,25.9162292480469,0.04704700531406
163.75,25.9162292480469,0.0488065542870239
165,25.9162292480469,0.0504886054503798
166.25,25.9162292480469,0.0515902173508254
167.5,25.9162292480469,0.052380949109699
168.75,25.9162292480469,0.0534451708877458
170,25.9162292480469,0.0542107253036232
171.25,25.9162292480469,0.054599953212877
172.5,25.9162292480469,0.0552360616649097
173.75,25.9162292480469,0.0561224550863816
175,25.9162292480469,0.0572194765283433
176.25,25.9162292480469,0.0576773148013712
177.5,25.9162292480469,0.0574471998044129
178.75,25.9162292480469,0.0570058495842922
180,25.9162292480469,0.0555666685265958
181.25,25.9162292480469,0.0529563697456999
182.5,25.9162292480469,0.0499148643931182
183.75,25.9162292480469,0.047697690469622
185,25.9162292480469,0.0466402097052081
186.25,25.9162292480469,0.0461695063087446
187.5,25.9162292480469,0.0455143329784457
188.75,25.9162292480469,0.0430612171385392
190,25.9162292480469,0.0380181558533999
191.25,25.9162292480469,0.0318489946568973
192.5,25.9162292480469,0.0262861376225258
193.75,25.9162292480469,0.0221229894700604
195,25.9162292480469,0.0183363736649047
196.25,25.9162292480469,0.0153482895399016
197.5,25.9162292480469,0.013957154387462
198.75,25.9162292480469,0.0140422810862426
200,25.9162292480469,0.0154172943536824
201.25,25.9162292480469,0.0177422468763322
202.5,25.9162292480469,0.0209207294020864
203.75,25.9162292480469,0.0238218189578475
205,25.9162292480469,0.0272550390017779
206.25,25.9162292480469,0.0312715708890009
207.5,25.9162292480469,0.0358026933807294
208.75,25.9162292480469,0.039685881532251
210,25.9162292480469,0.0414662573821054
211.25,25.9162292480469,0.0404249502281516
212.5,25.9162292480469,0.0371189798630967
213.75,25.9162292480469,0.0321794327708328
215,25.9162292480469,0.0248681322047587
216.25,25.9162292480469,0.0148705856056725
217.5,25.9162292480469,0.00591282325032321
218.75,25.9162292480469,-0.000643482782452517
220,25.9162292480469,-0.00370878780333222
221.25,25.9162292480469,-0.00426270575426526
222.5,25.9162292480469,-0.00320423688627322
223.75,25.9162292480469,-0.00156325432105107
225,25.9162292480469,-0.000150823938788699
226.25,25.9162292480469,0.00176678078080475
227.5,25.9162292480469,0.00293195263129436
228.75,25.9162292480469,0.00240722071223458
230,25.9162292480469,0.00111900046443904
231.25,25.9162292480469,0.000424946802899622
232.5,25.9162292480469,0.000627339274626065
233.75,25.9162292480469,0.00097701442023835
235,25.9162292480469,0.00039145486525226
236.25,25.9162292480469,-0.000851869456387615
237.5,25.9162292480469,-0.00182935790566567
238.75,25.9162292480469,-0.00301863550257067
240,25.9162292480469,-0.00465087811767666
241.25,25.9162292480469,-0.0127715105452068
242.5,25.9162292480469,-0.0220084420064585
243.75,25.9162292480469,-0.0249896822493333
245,25.9162292480469,-0.0242616878266022
246.25,25.9162292480469,-0.0236019572183902
247.5,25.9162292480469,-0.0212391121402705
248.75,25.9162292480469,-0.0182084623630936
250,25.9162292480469,-0.016807679544165
160,26.858642578125,0.0297302244612809
161.25,26.858642578125,0.0306785907488355
162.5,26.858642578125,0.0323291665026998
163.75,26.858642578125,0.0345129438862137
165,26.858642578125,0.0364360742974474
166.25,26.858642578125,0.0379676260733685
167.5,26.858642578125,0.0393276454807695
168.75,26.858642578125,0.0414659753946271
170,26.858642578125,0.0437652171329288
171.25,26.858642578125,0.0453626703794873
172.5,26.858642578125,0.046576088532112
173.75,26.858642578125,0.0478689242155714
175,26.858642578125,0.0495844936565931
176.25,26.858642578125,0.0509230142649365
177.5,26.858642578125,0.0514659128077287
178.75,26.858642578125,0.0512774759599575
180,26.858642578125,0.0504801533696178
181.25,26.858642578125,0.0486354365779545
182.5,26.858642578125,0.0457555597119994
183.75,26.858642578125,0.042846791689674
185,26.858642578125,0.0407469854644911
186.25,26.858642578125,0.0395715224316383
187.5,26.858642578125,0.0391098042303442
188.75,26.858642578125,0.037791056370976
190,26.858642578125,0.0337789490098074
191.25,26.858642578125,0.0275222760708281
192.5,26.858642578125,0.0205856931989263
193.75,26.858642578125,0.0146044756409073
195,26.858642578125,0.00913083577604766
196.25,26.858642578125,0.00459507489415069
197.5,26.858642578125,0.00181420702033166
198.75,26.858642578125,0.00149859953118747
200,26.858642578125,0.0035442964824274
201.25,26.858642578125,0.00704413037692388
202.5,26.858642578125,0.0108962007170135
203.75,26.858642578125,0.0139012095967229
205,26.858642578125,0.0174324698433152
206.25,26.858642578125,0.0218759624267476
207.5,26.858642578125,0.0279697137842814
208.75,26.858642578125,0.03450164673094
210,26.858642578125,0.0396387418368629
211.25,26.858642578125,0.0426167939765807
212.5,26.858642578125,0.0430508485768398
213.75,26.858642578125,0.040740723261469
215,26.858642578125,0.0355082266726476
216.25,26.858642578125,0.0267323765991189
217.5,26.858642578125,0.016968453643226
218.75,26.858642578125,0.00879683574021433
220,26.858642578125,0.00372535825993901
221.25,26.858642578125,0.00106105209390808
222.5,26.858642578125,0.000420131110056977
223.75,26.858642578125,0.00141053131858949
225,26.858642578125,0.00266272918169224
226.25,26.858642578125,0.00392671917664181
227.5,26.858642578125,0.00421661227797189
228.75,26.858642578125,0.00340932717421115
230,26.858642578125,0.00210345054601229
231.25,26.858642578125,0.00143530167035516
232.5,26.858642578125,0.002418082524155
233.75,26.858642578125,0.00363580299604531
235,26.858642578125,0.00412782784626021
236.25,26.858642578125,0.00342734071836621
237.5,26.858642578125,0.00180136636848068
238.75,26.858642578125,0.000686747442062782
240,26.858642578125,-0.00328105638049207
241.25,26.858642578125,-0.0125786157083263
242.5,26.858642578125,-0.0218115217934398
243.75,26.858642578125,-0.0242098770996263
245,26.858642578125,-0.0248639470101814
246.25,26.858642578125,-0.0254851557182334
247.5,26.858642578125,-0.0222147534004634
248.75,26.858642578125,-0.0195383666085942
250,26.858642578125,-0.0184473207603448
160,27.8010482788086,0.0135970800850794
161.25,27.8010482788086,0.0140491565899148
162.5,27.8010482788086,0.0158224122493892
163.75,27.8010482788086,0.0189918763135791
165,27.8010482788086,0.0220980451995916
166.25,27.8010482788086,0.0240037917277392
167.5,27.8010482788086,0.0251051230878632
168.75,27.8010482788086,0.0271016011624703
170,27.8010482788086,0.0305896779090342
171.25,27.8010482788086,0.0331503329072742
172.5,27.8010482788086,0.0347845638418407
173.75,27.8010482788086,0.0363323339545052
175,27.8010482788086,0.0385092082129805
176.25,27.8010482788086,0.0411691173411217
177.5,27.8010482788086,0.0434427038134093
178.75,27.8010482788086,0.044606344336265
180,27.8010482788086,0.044388059495652
181.25,27.8010482788086,0.0433126474393846
182.5,27.8010482788086,0.0415804807139302
183.75,27.8010482788086,0.0386420917413128
185,27.8010482788086,0.0358091342528168
186.25,27.8010482788086,0.0336142708471811
187.5,27.8010482788086,0.0322269742528168
188.75,27.8010482788086,0.0307162014183971
190,27.8010482788086,0.0278877903259706
191.25,27.8010482788086,0.0231011681444409
192.5,27.8010482788086,0.0166932454468778
193.75,27.8010482788086,0.00976617244501709
195,27.8010482788086,0.00337396686617524
196.25,27.8010482788086,-0.00230212010448322
197.5,27.8010482788086,-0.006876498709762
198.75,27.8010482788086,-0.00905838511486234
200,27.8010482788086,-0.00800489943203383
201.25,27.8010482788086,-0.00470989907362239
202.5,27.8010482788086,-0.00035148044801196
203.75,27.8010482788086,0.00406856309900328
205,27.8010482788086,0.00860974723496555
206.25,27.8010482788086,0.0125181647727709
207.5,27.8010482788086,0.0171616427690326
208.75,27.8010482788086,0.0233445189496748
210,27.8010482788086,0.0298876079441872
211.25,27.8010482788086,0.0370213788805494
212.5,27.8010482788086,0.0437014496582224
213.75,27.8010482788086,0.0472784005998821
215,27.8010482788086,0.0462779151302148
216.25,27.8010482788086,0.0413852317742798
217.5,27.8010482788086,0.0336585293273579
218.75,27.8010482788086,0.0247624429750132
220,27.8010482788086,0.0167611392316441
221.25,27.8010482788086,0.0108846026201992
222.5,27.8010482788086,0.00744690458993527
223.75,27.8010482788086,0.00669648801586552
225,27.8010482788086,0.00724196847969504
226.25,27.8010482788086,0.00744011801683091
227.5,27.8010482788086,0.00602903656595554
228.75,27.8010482788086,0.00433439673270618
230,27.8010482788086,0.00273704084347944
231.25,27.8010482788086,0.00202920918508085
232.5,27.8010482788086,0.00335906796325503
233.75,27.8010482788086,0.00523819752640373
235,27.8010482788086,0.00685815404734852
236.25,27.8010482788086,0.00701891947722937
237.5,27.8010482788086,0.00634262457941924
238.75,27.8010482788086,0.00592416811250824
240,27.8010482788086,0.000453064682831556
241.25,27.8010482788086,-0.00999836731536945
242.5,27.8010482788086,-0.0190319108388243
243.75,27.8010482788086,-0.0228219708599755
245,27.8010482788086,-0.0267677985597
246.25,27.8010482788086,-0.0290394957817472
247.5,27.8010482788086,-0.0204403622987757
248.75,27.8010482788086,-0.0200960537766807
250,27.8010482788086,-0.0192845442480853
160,28.7434539794922,-0.00148588651199474
161.25,28.7434539794922,-0.00166265445502497
162.5,28.7434539794922,8.56657831500175e-06
163.75,28.7434539794922,0.00355049471861156
165,28.7434539794922,0.00704227265561296
166.25,28.7434539794922,0.00913659309886758
167.5,28.7434539794922,0.0104270255335378
168.75,28.7434539794922,0.0128078581506794
170,28.7434539794922,0.0165767903087478
171.25,28.7434539794922,0.0201888478789984
172.5,28.7434539794922,0.0229394186290006
173.75,28.7434539794922,0.0247142222379604
175,28.7434539794922,0.0269284137267764
176.25,28.7434539794922,0.0304680939644563
177.5,28.7434539794922,0.0343308815323935
178.75,28.7434539794922,0.0370413640440545
180,28.7434539794922,0.0376005658325117
181.25,28.7434539794922,0.0368232980968723
182.5,28.7434539794922,0.0353059781924694
183.75,28.7434539794922,0.0329101076931809
185,28.7434539794922,0.030479888039822
186.25,28.7434539794922,0.0280678258051259
187.5,28.7434539794922,0.0258007503920109
188.75,28.7434539794922,0.0236625416595999
190,28.7434539794922,0.0213454272895804
191.25,28.7434539794922,0.0175126198184605
192.5,28.7434539794922,0.0120047794998687
193.75,28.7434539794922,0.00599097851561618
195,28.7434539794922,0.000247212112813071
196.25,28.7434539794922,-0.00527063775762578
197.5,28.7434539794922,-0.0106036135153341
198.75,28.7434539794922,-0.0144942200519954
200,28.7434539794922,-0.0153277037207834
201.25,28.7434539794922,-0.0137401360176004
202.5,28.7434539794922,-0.0110134208212804
203.75,28.7434539794922,-0.00743947975901335
205,28.7434539794922,-0.00268477383482452
206.25,28.7434539794922,0.00208295687690691
207.5,28.7434539794922,0.0061487759154424
208.75,28.7434539794922,0.00997651445378494
210,28.7434539794922,0.0148843858759129
211.25,28.7434539794922,0.0231221244241911
212.5,28.7434539794922,0.0347660522585207
213.75,28.7434539794922,0.0462176592336452
215,28.7434539794922,0.0531449995644662
216.25,28.7434539794922,0.0544918216590639
217.5,28.7434539794922,0.0503972888960592
218.75,28.7434539794922,0.0428335513571756
220,28.7434539794922,0.0334031972389407
221.25,28.7434539794922,0.0248247703329367
222.5,28.7434539794922,0.018513129739062
223.75,28.7434539794922,0.0150845897699668
225,28.7434539794922,0.0140391166959831
226.25,28.7434539794922,0.0133800214800293
227.5,28.7434539794922,0.0107598146608744
228.75,28.7434539794922,0.00692259766368092
230,28.7434539794922,0.00373636217987951
231.25,28.7434539794922,0.00169766113134253
232.5,28.7434539794922,0.00263528430658536
233.75,28.7434539794922,0.00539139099201697
235,28.7434539794922,0.00855972775833292
236.25,28.7434539794922,0.00993691482975433
237.5,28.7434539794922,0.0102979993112862
238.75,28.7434539794922,0.0106373606376552
240,28.7434539794922,0.00441416121810504
241.25,28.7434539794922,-0.00604650469450181
242.5,28.7434539794922,-0.0150297117227548
243.75,28.7434539794922,-0.0194143934562065
245,28.7434539794922,-0.0242380032870452
246.25,28.7434539794922,-0.0295961626731073
160,29.6858673095703,-0.0164147939792208
161.25,29.6858673095703,-0.0184367188784049
162.5,29.6858673095703,-0.0175878270751081
163.75,29.6858673095703,-0.0137567150587283
165,29.6858673095703,-0.00969886396946827
166.25,29.6858673095703,-0.00770439388707065
167.5,29.6858673095703,-0.00671603201211885
168.75,29.6858673095703,-0.00453560691194174
170,29.6858673095703,-0.000851882750762633
171.25,29.6858673095703,0.00401470408714032
172.5,29.6858673095703,0.00929738579421762
173.75,29.6858673095703,0.0129434668994204
175,29.6858673095703,0.0153015082402081
176.25,29.6858673095703,0.0192774885115689
177.5,29.6858673095703,0.0244720835780291
178.75,29.6858673095703,0.0286455900610636
180,29.6858673095703,0.030833115010023
181.25,29.6858673095703,0.031018395622475
182.5,29.6858673095703,0.0292705279968075
183.75,29.6858673095703,0.0267575938897756
185,29.6858673095703,0.0249283532454077
186.25,29.6858673095703,0.022979590873248
187.5,29.6858673095703,0.0205191988428264
188.75,29.6858673095703,0.0180769758675228
190,29.6858673095703,0.0157942445101524
191.25,29.6858673095703,0.0122938674798603
192.5,29.6858673095703,0.00748770622953735
193.75,29.6858673095703,0.00247834527382288
195,29.6858673095703,-0.00176162901418573
196.25,29.6858673095703,-0.00608877020218782
197.5,29.6858673095703,-0.0113090163948315
198.75,29.6858673095703,-0.016546544706912
200,29.6858673095703,-0.0195400991642095
201.25,29.6858673095703,-0.0201292985452167
202.5,29.6858673095703,-0.0197592970150063
203.75,29.6858673095703,-0.0182452306046135
205,29.6858673095703,-0.0153919239134202
206.25,29.6858673095703,-0.0105435841792238
207.5,29.6858673095703,-0.00494744679836802
208.75,29.6858673095703,7.97253949251529e-05
210,29.6858673095703,0.00440006341501459
211.25,29.6858673095703,0.00986701222124594
212.5,29.6858673095703,0.0195909172511401
213.75,29.6858673095703,0.0341932355797387
215,29.6858673095703,0.0494480356524842
216.25,29.6858673095703,0.0594171870572257
217.5,29.6858673095703,0.0619671302814417
218.75,29.6858673095703,0.0580826728779005
220,29.6858673095703,0.0503758808904243
221.25,29.6858673095703,0.0419230499230935
222.5,29.6858673095703,0.0345429559868869
223.75,29.6858673095703,0.0288033525211659
225,29.6858673095703,0.0249819876243628
226.25,29.6858673095703,0.0220432810930139
227.5,29.6858673095703,0.0183249651224414
228.75,29.6858673095703,0.0126685148113004
230,29.6858673095703,0.00736447606999046
231.25,29.6858673095703,0.00265738272142292
232.5,29.6858673095703,0.000862398735860313
233.75,29.6858673095703,0.00346938757727734
235,29.6858673095703,0.0083350199995301
236.25,29.6858673095703,0.0109557365801322
237.5,29.6858673095703,0.0118431351422464
238.75,29.6858673095703,0.0126046095875908
240,29.6858673095703,0.00782287827455522
241.25,29.6858673095703,-0.00135356976444337
242.5,29.6858673095703,-0.0108072199152224
243.75,29.6858673095703,-0.0156520579212727
245,29.6858673095703,-0.0183690922322588
160,30.6282730102539,-0.0251023084443848
161.25,30.6282730102539,-0.0297374732726478
162.5,30.6282730102539,-0.0313722629800654
163.75,30.6282730102539,-0.0288448371977027
165,30.6282730102539,-0.0246130076157982
166.25,30.6282730102539,-0.0215134666989918
167.5,30.6282730102539,-0.0200394697087032
168.75,30.6282730102539,-0.0186653055342284
170,30.6282730102539,-0.0163731094099807
171.25,30.6282730102539,-0.0114554407991447
172.5,30.6282730102539,-0.00428642033875428
173.75,30.6282730102539,0.00140614817533743
175,30.6282730102539,0.0039118977290594
176.25,30.6282730102539,0.00736447699106629
177.5,30.6282730102539,0.0126895809044734
178.75,30.6282730102539,0.0180273199799773
180,30.6282730102539,0.0222609377442564
181.25,30.6282730102539,0.0242052574828364
182.5,30.6282730102539,0.0229507133326482
183.75,30.6282730102539,0.0208109293821423
185,30.6282730102539,0.0199003329275342
186.25,30.6282730102539,0.018513500983319
187.5,30.6282730102539,0.0162501848573191
188.75,30.6282730102539,0.0140999438298551
190,30.6282730102539,0.0122195839382706
191.25,30.6282730102539,0.0094452657618304
192.5,30.6282730102539,0.00535445809588152
193.75,30.6282730102539,0.00096123696954831
195,30.6282730102539,-0.00250068997512703
196.25,30.6282730102539,-0.00595342729534897
197.5,30.6282730102539,-0.0106978906921907
198.75,30.6282730102539,-0.0164508653871419
200,30.6282730102539,-0.0214638812026765
201.25,30.6282730102539,-0.0246701520073861
202.5,30.6282730102539,-0.0266226599392992
203.75,30.6282730102539,-0.0275372431333937
205,30.6282730102539,-0.027040047699222
206.25,30.6282730102539,-0.0230739523598404
207.5,30.6282730102539,-0.0168517309606073
208.75,30.6282730102539,-0.0103171033594702
210,30.6282730102539,-0.00434017271881137
211.25,30.6282730102539,0.00118759835749546
212.5,30.6282730102539,0.00856939906026323
213.75,30.6282730102539,0.0206654251496047
215,30.6282730102539,0.037482193924911
216.25,30.6282730102539,0.0534469836189816
217.5,30.6282730102539,0.0646173970240709
218.75,30.6282730102539,0.068584998918893
220,30.6282730102539,0.0660308829158576
221.25,30.6282730102539,0.0597688793054441
222.5,30.6282730102539,0.0527539471681648
223.75,30.6282730102539,0.0458167906593106
225,30.6282730102539,0.0395777837716105
226.25,30.6282730102539,0.0336724401517649
227.5,30.6282730102539,0.0279849804893904
228.75,30.6282730102539,0.0210320502702534
230,30.6282730102539,0.0136899401178969
231.25,30.6282730102539,0.00664423252207624
232.5,30.6282730102539,0.000757433088616684
233.75,30.6282730102539,0.000535570176348798
235,30.6282730102539,0.00546830568473815
236.25,30.6282730102539,0.00890594484567332
237.5,30.6282730102539,0.0107209216324185
238.75,30.6282730102539,0.0124152780966592
240,30.6282730102539,0.0103148741461644
241.25,30.6282730102539,0.00244187662639198
242.5,30.6282730102539,-0.00719241320938447
243.75,30.6282730102539,-0.0108538172599202
160,31.5706787109375,-0.02568475045711
161.25,31.5706787109375,-0.0326231869946965
162.5,31.5706787109375,-0.0373640651416657
163.75,31.5706787109375,-0.0380933200962831
165,31.5706787109375,-0.0359571999496373
166.25,31.5706787109375,-0.0323818771330007
167.5,31.5706787109375,-0.029590068166448
168.75,31.5706787109375,-0.0281277178818353
170,31.5706787109375,-0.0263705026229601
171.25,31.5706787109375,-0.0211405545613408
172.5,31.5706787109375,-0.0131362653402331
173.75,31.5706787109375,-0.00716305677822944
175,31.5706787109375,-0.00407073465380163
176.25,31.5706787109375,-0.000364120577049686
177.5,31.5706787109375,0.00463242308332833
178.75,31.5706787109375,0.00992051607096261
180,31.5706787109375,0.0151336178561186
181.25,31.5706787109375,0.0179839260472063
182.5,31.5706787109375,0.0172003358601311
183.75,31.5706787109375,0.0167054067159171
185,31.5706787109375,0.0170811676384702
186.25,31.5706787109375,0.0152646758845621
187.5,31.5706787109375,0.0126003242491694
188.75,31.5706787109375,0.0113866586442388
190,31.5706787109375,0.0108698772214637
191.25,31.5706787109375,0.00875524900888987
192.5,31.5706787109375,0.00460220410608567
193.75,31.5706787109375,-7.70028339185933e-06
195,31.5706787109375,-0.00352286219611343
196.25,31.5706787109375,-0.00629191170892008
197.5,31.5706787109375,-0.0102408000948711
198.75,31.5706787109375,-0.0152932564023776
200,31.5706787109375,-0.0208276571372837
201.25,31.5706787109375,-0.0253061525120429
202.5,31.5706787109375,-0.0286821436839103
203.75,31.5706787109375,-0.0315674075521001
205,31.5706787109375,-0.0329994899538891
206.25,31.5706787109375,-0.0312125685740101
207.5,31.5706787109375,-0.0266951934375638
208.75,31.5706787109375,-0.0207214480107989
210,31.5706787109375,-0.0140680496638727
211.25,31.5706787109375,-0.0070069309033553
212.5,31.5706787109375,0.000681630954962479
213.75,31.5706787109375,0.010587988763587
215,31.5706787109375,0.0251746492364986
216.25,31.5706787109375,0.0425346251278097
217.5,31.5706787109375,0.0586850210775787
218.75,31.5706787109375,0.0706294338697504
220,31.5706787109375,0.074338497329675
221.25,31.5706787109375,0.0721558233463001
222.5,31.5706787109375,0.0675945157362228
223.75,31.5706787109375,0.062321834029616
225,31.5706787109375,0.05531002943497
226.25,31.5706787109375,0.0467490549021473
227.5,31.5706787109375,0.0380052275705135
228.75,31.5706787109375,0.0295689677030918
230,31.5706787109375,0.020902315373458
231.25,31.5706787109375,0.0124975876566331
232.5,31.5706787109375,0.00322242678992288
233.75,31.5706787109375,-0.00138305265817105
235,31.5706787109375,0.00165129435740518
236.25,31.5706787109375,0.00591102417718673
237.5,31.5706787109375,0.00932995423634254
238.75,31.5706787109375,0.0125170855581562
240,31.5706787109375,0.012438748407613
241.25,31.5706787109375,0.00582783300519712
242.5,31.5706787109375,-0.00231865156844038
243.75,31.5706787109375,-0.00987335232292388
160,32.5130920410156,-0.0131884446271233
161.25,32.5130920410156,-0.0203876485717333
162.5,32.5130920410156,-0.0277503291087677
163.75,32.5130920410156,-0.0330555388279505
165,32.5130920410156,-0.0355982934852632
166.25,32.5130920410156,-0.035334171996737
167.5,32.5130920410156,-0.0338671997796328
168.75,32.5130920410156,-0.0328751416380301
170,32.5130920410156,-0.0314830873687365
171.25,32.5130920410156,-0.0266950361412456
172.5,32.5130920410156,-0.0194552827924389
173.75,32.5130920410156,-0.0143104824561903
175,32.5130920410156,-0.0110482757561214
176.25,32.5130920410156,-0.00673081305071413
177.5,32.5130920410156,-0.00149571182305931
178.75,32.5130920410156,0.00369726676812689
180,32.5130920410156,0.00872422817896033
181.25,32.5130920410156,0.0115121813191656
182.5,32.5130920410156,0.0127019679801312
183.75,32.5130920410156,0.0155339194978143
185,32.5130920410156,0.0173285438283216
186.25,32.5130920410156,0.0147577436447788
187.5,32.5130920410156,0.0110708274869627
188.75,32.5130920410156,0.00993839262315615
190,32.5130920410156,0.0105064245230505
191.25,32.5130920410156,0.00928238048726025
192.5,32.5130920410156,0.00523743067302415
193.75,32.5130920410156,0.000274999675197485
195,32.5130920410156,-0.00409829290808659
196.25,32.5130920410156,-0.00694767108699462
197.5,32.5130920410156,-0.0103210429671349
198.75,32.5130920410156,-0.0146140344996199
200,32.5130920410156,-0.0197447514936987
201.25,32.5130920410156,-0.0242872205273024
202.5,32.5130920410156,-0.0277863568866658
203.75,32.5130920410156,-0.0311403248340723
205,32.5130920410156,-0.0335512126654819
206.25,32.5130920410156,-0.0336638331671576
207.5,32.5130920410156,-0.0312840435655168
208.75,32.5130920410156,-0.0273173028739428
210,32.5130920410156,-0.0219440679011166
211.25,32.5130920410156,-0.0151169275124594
212.5,32.5130920410156,-0.00690600720135327
213.75,32.5130920410156,0.00295601754396943
215,32.5130920410156,0.0157734921172571
216.25,32.5130920410156,0.0317101676390714
217.5,32.5130920410156,0.0489193364907436
218.75,32.5130920410156,0.0663952113782519
220,32.5130920410156,0.076233556903053
221.25,32.5130920410156,0.0787482069192754
222.5,32.5130920410156,0.077266195611209
223.75,32.5130920410156,0.0738764161590541
225,32.5130920410156,0.0678720471522314
226.25,32.5130920410156,0.0587073577296085
227.5,32.5130920410156,0.0480820166486273
228.75,32.5130920410156,0.0374694552899739
230,32.5130920410156,0.026936194837708
231.25,32.5130920410156,0.0167527714135777
232.5,32.5130920410156,0.00592078357814976
233.75,32.5130920410156,-0.00179460198984213
235,32.5130920410156,-0.0016364960138326
236.25,32.5130920410156,0.00400373551991214
237.5,32.5130920410156,0.0100233992820422
238.75,32.5130920410156,0.0137186294700184
240,32.5130920410156,0.0140363304264484
241.25,32.5130920410156,0.00813468817403694
242.5,32.5130920410156,0.00341803712349495
160,33.4554977416992,0.00527343795269002
161.25,33.4554977416992,-0.0011285516409052
162.5,33.4554977416992,-0.00908476381802646
163.75,33.4554977416992,-0.0176394093145079
165,33.4554977416992,-0.0251478411244007
166.25,33.4554977416992,-0.029533821304008
167.5,33.4554977416992,-0.0308167158854777
168.75,33.4554977416992,-0.0309455235488705
170,33.4554977416992,-0.030155897930562
171.25,33.4554977416992,-0.0268203432740976
172.5,33.4554977416992,-0.0214328320891831
173.75,33.4554977416992,-0.0173615858980245
175,33.4554977416992,-0.0149957783671207
176.25,33.4554977416992,-0.0117249079723399
177.5,33.4554977416992,-0.00696202314924777
178.75,33.4554977416992,-0.00187798738326134
180,33.4554977416992,0.00242722439102452
181.25,33.4554977416992,0.00580312604148804
182.5,33.4554977416992,0.009961888254848
183.75,33.4554977416992,0.0160368485202804
185,33.4554977416992,0.0189105928783995
186.25,33.4554977416992,0.016176677181322
187.5,33.4554977416992,0.0116935309150899
188.75,33.4554977416992,0.0100121964866625
190,33.4554977416992,0.0104668087332025
191.25,33.4554977416992,0.0097553803442192
192.5,33.4554977416992,0.00654192595083888
193.75,33.4554977416992,0.00210638106992669
195,33.4554977416992,-0.00229169764339692
196.25,33.4554977416992,-0.00607078721617712
197.5,33.4554977416992,-0.00981944981852969
198.75,33.4554977416992,-0.0142733557831084
200,33.4554977416992,-0.0190086948435692
201.25,33.4554977416992,-0.0229184379777651
202.5,33.4554977416992,-0.0259289943152169
203.75,33.4554977416992,-0.0289872047751455
205,33.4554977416992,-0.0318002898332502
206.25,33.4554977416992,-0.0333456998335522
207.5,33.4554977416992,-0.0329070305314402
208.75,33.4554977416992,-0.030593597343445
210,33.4554977416992,-0.0266722967911947
211.25,33.4554977416992,-0.0208812199823508
212.5,33.4554977416992,-0.0129851394706218
213.75,33.4554977416992,-0.00293232577361744
215,33.4554977416992,0.00958046027116426
216.25,33.4554977416992,0.0241262861439412
217.5,33.4554977416992,0.0398994940253271
218.75,33.4554977416992,0.058006552722206
220,33.4554977416992,0.073023839131116
221.25,33.4554977416992,0.0812353248628619
222.5,33.4554977416992,0.0838754234399394
223.75,33.4554977416992,0.0825789332857617
225,33.4554977416992,0.0772624134043678
226.25,33.4554977416992,0.0678864549011901
227.5,33.4554977416992,0.0564044612531094
228.75,33.4554977416992,0.0442369662626618
230,33.4554977416992,0.0315415415002648
231.25,33.4554977416992,0.0186261542084299
232.5,33.4554977416992,0.00703294396613779
233.75,33.4554977416992,-0.0014836273584008
235,33.4554977416992,-0.00291397536348956
236.25,33.4554977416992,0.0041892164432115
237.5,33.4554977416992,0.0133541965667717
238.75,33.4554977416992,0.0169168732332227
240,33.4554977416992,0.0146223199419645
241.25,33.4554977416992,0.00956230737108362
242.5,33.4554977416992,0.00474369253360074
160,34.3979034423828,0.0177666989986069
161.25,34.3979034423828,0.0142638954365232
162.5,34.3979034423828,0.00916274191437237
163.75,34.3979034423828,0.00232674766198832
165,34.3979034423828,-0.00684637247138156
166.25,34.3979034423828,-0.0153953424979024
167.5,34.3979034423828,-0.0207763288559546
168.75,34.3979034423828,-0.0235251349535106
170,34.3979034423828,-0.0245486105999972
171.25,34.3979034423828,-0.0233104954503875
172.5,34.3979034423828,-0.0197522274230359
173.75,34.3979034423828,-0.0164400497623001
175,34.3979034423828,-0.0147177628072495
176.25,34.3979034423828,-0.0129199261774041
177.5,34.3979034423828,-0.00992478360718094
178.75,34.3979034423828,-0.00609339694393237
180,34.3979034423828,-0.00206367177479557
181.25,34.3979034423828,0.00209680543722935
182.5,34.3979034423828,0.00743588251094417
183.75,34.3979034423828,0.0140308706676451
185,34.3979034423828,0.0184631631572441
186.25,34.3979034423828,0.0175524536184496
187.5,34.3979034423828,0.0138233301900998
188.75,34.3979034423828,0.0113041918197673
190,34.3979034423828,0.0104521471407672
191.25,34.3979034423828,0.00951523773425119
192.5,34.3979034423828,0.00753096317204108
193.75,34.3979034423828,0.00470674132570291
195,34.3979034423828,0.00132769219018267
196.25,34.3979034423828,-0.00318816989047574
197.5,34.3979034423828,-0.00800287905706411
198.75,34.3979034423828,-0.0130669883768273
200,34.3979034423828,-0.0176316773645312
201.25,34.3979034423828,-0.0212362655904832
202.5,34.3979034423828,-0.024117990484046
203.75,34.3979034423828,-0.0268059161478777
205,34.3979034423828,-0.0293680757803455
206.25,34.3979034423828,-0.0312480349450836
207.5,34.3979034423828,-0.0317012719346812
208.75,34.3979034423828,-0.0305408887141589
210,34.3979034423828,-0.027836989879361
211.25,34.3979034423828,-0.0233549526916272
212.5,34.3979034423828,-0.0163824133501648
213.75,34.3979034423828,-0.00683792437223836
215,34.3979034423828,0.005227987582941
216.25,34.3979034423828,0.0189957175854819
217.5,34.3979034423828,0.0337494257260959
218.75,34.3979034423828,0.0499594162244509
220,34.3979034423828,0.0672069598208756
221.25,34.3979034423828,0.0800841735778746
222.5,34.3979034423828,0.0879094652489391
223.75,34.3979034423828,0.0892008754037579
225,34.3979034423828,0.0841369295679083
226.25,34.3979034423828,0.0743143100918405
227.5,34.3979034423828,0.0622644468132749
228.75,34.3979034423828,0.048892151061185
230,34.3979034423828,0.0342909634501361
231.25,34.3979034423828,0.0185036175494543
232.5,34.3979034423828,0.00601524358751691
233.75,34.3979034423828,-0.00249505467166998
235,34.3979034423828,-0.00332517586868048
236.25,34.3979034423828,0.00556774480270033
237.5,34.3979034423828,0.0168331418985463
238.75,34.3979034423828,0.0205247232092606
240,34.3979034423828,0.0177896526892617
241.25,34.3979034423828,0.0106647001551189
160,35.3403167724609,0.0174902158581673
161.25,35.3403167724609,0.0173379813055716
162.5,35.3403167724609,0.0158348516994726
163.75,35.3403167724609,0.0131360781622233
165,35.3403167724609,0.00661179357235026
166.25,35.3403167724609,-0.0026657283467957
167.5,35.3403167724609,-0.0105603563144341
168.75,35.3403167724609,-0.0162463154543928
170,35.3403167724609,-0.0195100208404418
171.25,35.3403167724609,-0.0197534787446895
172.5,35.3403167724609,-0.0166462528975347
173.75,35.3403167724609,-0.013220910039268
175,35.3403167724609,-0.0113541716037333
176.25,35.3403167724609,-0.00948093657767258
177.5,35.3403167724609,-0.0073449974135299
178.75,35.3403167724609,-0.0057131215380071
180,35.3403167724609,-0.00397774370754243
181.25,35.3403167724609,-0.00138590847619313
182.5,35.3403167724609,0.00263953399031593
183.75,35.3403167724609,0.0085097207823642
185,35.3403167724609,0.0141289566565051
186.25,35.3403167724609,0.0160397244053425
187.5,35.3403167724609,0.0146993586869373
188.75,35.3403167724609,0.0123104000052284
190,35.3403167724609,0.0103100123507749
191.25,35.3403167724609,0.00887916444219858
192.5,35.3403167724609,0.00777231069615049
193.75,35.3403167724609,0.00658133644859944
195,35.3403167724609,0.00445237485174731
196.25,35.3403167724609,0.000577111616462453
197.5,35.3403167724609,-0.00435385921607265
198.75,35.3403167724609,-0.00967991270401308
200,35.3403167724609,-0.0144054907246355
201.25,35.3403167724609,-0.0183136627908167
202.5,35.3403167724609,-0.0218654397783962
203.75,35.3403167724609,-0.0249015339094122
205,35.3403167724609,-0.0271753761542311
206.25,35.3403167724609,-0.0289537251906377
207.5,35.3403167724609,-0.0296572941560564
208.75,35.3403167724609,-0.0288542078146989
210,35.3403167724609,-0.0260755865596568
211.25,35.3403167724609,-0.0218901851860306
212.5,35.3403167724609,-0.0159407678243678
213.75,35.3403167724609,-0.00778758625859828
215,35.3403167724609,0.00270630490692247
216.25,35.3403167724609,0.0153586845325773
217.5,35.3403167724609,0.0289563205820371
218.75,35.3403167724609,0.0438396854365133
220,35.3403167724609,0.060976734929013
221.25,35.3403167724609,0.0768391331730192
222.5,35.3403167724609,0.0889774824067901
223.75,35.3403167724609,0.0942984911440064
225,35.3403167724609,0.089906053880829
226.25,35.3403167724609,0.0784516676932236
227.5,35.3403167724609,0.0648924426617083
228.75,35.3403167724609,0.0500931254540403
230,35.3403167724609,0.0343228901221387
231.25,35.3403167724609,0.0182401471977274
232.5,35.3403167724609,0.00420993040877452
233.75,35.3403167724609,-0.00415511841862434
235,35.3403167724609,-0.00358187628658657
236.25,35.3403167724609,0.00664999381659666
237.5,35.3403167724609,0.0183743787077317
238.75,35.3403167724609,0.0222879408560725
240,35.3403167724609,0.0220316539598953
160,36.2827224731445,0.0137183117444043
161.25,36.2827224731445,0.0141206769132795
162.5,36.2827224731445,0.0157077349417542
163.75,36.2827224731445,0.0179134558151294
165,36.2827224731445,0.0163688763053025
166.25,36.2827224731445,0.00931275661207071
167.5,36.2827224731445,-9.55886262894886e-05
168.75,36.2827224731445,-0.00981248514745934
170,36.2827224731445,-0.0171747170252239
171.25,36.2827224731445,-0.0187773554280136
172.5,36.2827224731445,-0.014823353266946
173.75,36.2827224731445,-0.0107588343153747
175,36.2827224731445,-0.00824162581653223
176.25,36.2827224731445,-0.00528288876301733
177.5,36.2827224731445,-0.00197339252974051
178.75,36.2827224731445,-0.000698641855771613
180,36.2827224731445,-0.00126137343914246
181.25,36.2827224731445,-0.00148919290553825
182.5,36.2827224731445,0.000213145688198935
183.75,36.2827224731445,0.0039047353072139
185,36.2827224731445,0.00872394852902911
186.25,36.2827224731445,0.0121019190717451
187.5,36.2827224731445,0.0134926676137564
188.75,36.2827224731445,0.0127291832253978
190,36.2827224731445,0.0107077799386999
191.25,36.2827224731445,0.00887950613475874
192.5,36.2827224731445,0.00803437597361231
193.75,36.2827224731445,0.00763378814948689
195,36.2827224731445,0.00625892620493259
196.25,36.2827224731445,0.00337568391261956
197.5,36.2827224731445,-0.000731532395318394
198.75,36.2827224731445,-0.0053332100051082
200,36.2827224731445,-0.00984660032622791
201.25,36.2827224731445,-0.0143071095255542
202.5,36.2827224731445,-0.0188250787786452
203.75,36.2827224731445,-0.0226949881974038
205,36.2827224731445,-0.025344632434035
206.25,36.2827224731445,-0.0268762700634926
207.5,36.2827224731445,-0.0272724156870304
208.75,36.2827224731445,-0.0261498380751091
210,36.2827224731445,-0.0229016517461121
211.25,36.2827224731445,-0.0183976126510464
212.5,36.2827224731445,-0.0127950048863685
213.75,36.2827224731445,-0.0054971780905751
215,36.2827224731445,0.00370588067458461
216.25,36.2827224731445,0.0146265642919955
217.5,36.2827224731445,0.0259865247019992
218.75,36.2827224731445,0.0387790051732321
220,36.2827224731445,0.0548550030747092
221.25,36.2827224731445,0.073360884318967
222.5,36.2827224731445,0.0886126850886223
223.75,36.2827224731445,0.0959924732641882
225,36.2827224731445,0.0910034164967396
226.25,36.2827224731445,0.0770339298113584
227.5,36.2827224731445,0.0616917547579897
228.75,36.2827224731445,0.046713816534473
230,36.2827224731445,0.0316622963952682
231.25,36.2827224731445,0.0165452886039029
232.5,36.2827224731445,0.00220137155652952
233.75,36.2827224731445,-0.00586140090181925
235,36.2827224731445,-0.00313340344838595
236.25,36.2827224731445,0.00801779199495188
237.5,36.2827224731445,0.0182509112404488
238.75,36.2827224731445,0.0212015573601002
160,37.2251281738281,0.014735513928157
161.25,37.2251281738281,0.0147514777292277
162.5,37.2251281738281,0.0158011396963863
163.75,37.2251281738281,0.0178722620204164
165,37.2251281738281,0.0173658905215679
166.25,37.2251281738281,0.0137780677895282
167.5,37.2251281738281,0.00753172612638888
168.75,37.2251281738281,-0.0022104634570919
170,37.2251281738281,-0.0128360357444638
171.25,37.2251281738281,-0.0169766471324011
172.5,37.2251281738281,-0.0131626686704982
173.75,37.2251281738281,-0.00803639093709587
175,37.2251281738281,-0.0043187755727562
176.25,37.2251281738281,-0.000116957834984861
177.5,37.2251281738281,0.0047288536934224
178.75,37.2251281738281,0.00646150102110824
180,37.2251281738281,0.00437979593941341
181.25,37.2251281738281,0.00201508602702084
182.5,37.2251281738281,0.00163335993557931
183.75,37.2251281738281,0.00339536742424687
185,37.2251281738281,0.00645616295035751
186.25,37.2251281738281,0.00957158761320097
187.5,37.2251281738281,0.0123519527309107
188.75,37.2251281738281,0.0133370472437749
190,37.2251281738281,0.0121949556994578
191.25,37.2251281738281,0.0103499809065464
192.5,37.2251281738281,0.00896445888014885
193.75,37.2251281738281,0.00833358029365432
195,37.2251281738281,0.00755075245705269
196.25,37.2251281738281,0.00598179545639922
197.5,37.2251281738281,0.00339478288048621
198.75,37.2251281738281,-0.000363691960001228
200,37.2251281738281,-0.0047402633077973
201.25,37.2251281738281,-0.00968623025565177
202.5,37.2251281738281,-0.0150564208298206
203.75,37.2251281738281,-0.0198106238107208
205,37.2251281738281,-0.0231095194514712
206.25,37.2251281738281,-0.0245712890154961
207.5,37.2251281738281,-0.0243190485738629
208.75,37.2251281738281,-0.0223719708843636
210,37.2251281738281,-0.0183412253547061
211.25,37.2251281738281,-0.0136347806258425
212.5,37.2251281738281,-0.00850509736478307
213.75,37.2251281738281,-0.00220599835006889
215,37.2251281738281,0.0060058800208466
216.25,37.2251281738281,0.0157142357471719
217.5,37.2251281738281,0.0247987517117235
218.75,37.2251281738281,0.0346045856025057
220,37.2251281738281,0.0495094681770278
221.25,37.2251281738281,0.0695281880385862
222.5,37.2251281738281,0.0874400591073037
223.75,37.2251281738281,0.0943879239101558
225,37.2251281738281,0.0876078727046139
226.25,37.2251281738281,0.0705310326363679
227.5,37.2251281738281,0.0532420745397567
228.75,37.2251281738281,0.0393654137566627
230,37.2251281738281,0.0258395074695393
231.25,37.2251281738281,0.0118515487888835
232.5,37.2251281738281,-0.000409408889009144
233.75,37.2251281738281,-0.00689573441399931
235,37.2251281738281,-0.00181007639435758
236.25,37.2251281738281,0.00891293773769541
237.5,37.2251281738281,0.0150642338190547
238.75,37.2251281738281,0.0208233822328915
160,38.1675415039062,0.0119629067675401
161.25,38.1675415039062,0.0137528007631229
162.5,38.1675415039062,0.0140016128131528
163.75,38.1675415039062,0.0127065368933943
165,38.1675415039062,0.0102738262678611
166.25,38.1675415039062,0.00961069430682204
167.5,38.1675415039062,0.00895082297493923
168.75,38.1675415039062,0.00378127669693899
170,38.1675415039062,-0.00536103996232691
171.25,38.1675415039062,-0.0101549622610241
172.5,38.1675415039062,-0.00894818880066764
173.75,38.1675415039062,-0.00551963590154381
175,38.1675415039062,-0.00124124432595951
176.25,38.1675415039062,0.00431941136909029
177.5,38.1675415039062,0.00928975995978514
178.75,38.1675415039062,0.0105982253919033
180,38.1675415039062,0.00818223366362154
181.25,38.1675415039062,0.00535982814180405
182.5,38.1675415039062,0.00388697085883615
183.75,38.1675415039062,0.00386983804566013
185,38.1675415039062,0.00557374947531801
186.25,38.1675415039062,0.00901912725632258
187.5,38.1675415039062,0.0127147930696496
188.75,38.1675415039062,0.0145925490819963
190,38.1675415039062,0.0138576578265026
191.25,38.1675415039062,0.0120093026281084
192.5,38.1675415039062,0.0101896937642769
193.75,38.1675415039062,0.00884920948937146
195,38.1675415039062,0.00832439131404192
196.25,38.1675415039062,0.00788940705866302
197.5,38.1675415039062,0.00684678940143224
198.75,38.1675415039062,0.00469553739654604
200,38.1675415039062,0.00131449549773231
201.25,38.1675415039062,-0.00352450915698777
202.5,38.1675415039062,-0.00948843593592153
203.75,38.1675415039062,-0.0152866508777358
205,38.1675415039062,-0.0193792228710928
206.25,38.1675415039062,-0.0211367362376414
207.5,38.1675415039062,-0.0206381836426227
208.75,38.1675415039062,-0.0181367477932158
210,38.1675415039062,-0.0140208177225629
211.25,38.1675415039062,-0.00883156706964634
212.5,38.1675415039062,-0.0039492741030194
213.75,38.1675415039062,0.00100887347606465
215,38.1675415039062,0.00775199970662782
216.25,38.1675415039062,0.0160573950679234
217.5,38.1675415039062,0.0233307280371008
218.75,38.1675415039062,0.0317115683567994
220,38.1675415039062,0.0460989335943398
221.25,38.1675415039062,0.0653706442069973
222.5,38.1675415039062,0.0825946043614142
223.75,38.1675415039062,0.0878344236108212
225,38.1675415039062,0.0803727586746652
226.25,38.1675415039062,0.0618896430504054
227.5,38.1675415039062,0.0433049207498765
228.75,38.1675415039062,0.0309279523136981
230,38.1675415039062,0.0195754592940884
231.25,38.1675415039062,0.00706329075991137
232.5,38.1675415039062,-0.0030546402398593
233.75,38.1675415039062,-0.00613229192179019
235,38.1675415039062,0.000174188353638527
236.25,38.1675415039062,0.00751015303782058
237.5,38.1675415039062,0.0131478049632498
160,39.1099548339844,0.0109676535807426
161.25,39.1099548339844,0.0104921389320134
162.5,39.1099548339844,0.00911156644148065
163.75,39.1099548339844,0.00593191974967229
165,39.1099548339844,0.0034672503552627
166.25,39.1099548339844,0.00470519299177954
167.5,39.1099548339844,0.00695943435389232
168.75,39.1099548339844,0.00605691766390547
170,39.1099548339844,0.00221273415713992
171.25,39.1099548339844,-0.000432315851075519
172.5,39.1099548339844,-0.00198258746814307
173.75,39.1099548339844,-0.001808420491002
175,39.1099548339844,0.00256916353966683
176.25,39.1099548339844,0.00781690950789715
177.5,39.1099548339844,0.011211690967974
178.75,39.1099548339844,0.0118509225356957
180,39.1099548339844,0.00945413870084476
181.25,39.1099548339844,0.00674990414107851
182.5,39.1099548339844,0.00475769413030811
183.75,39.1099548339844,0.00388272052948421
185,39.1099548339844,0.00532153980432665
186.25,39.1099548339844,0.00965872422612371
187.5,39.1099548339844,0.0142710585882459
188.75,39.1099548339844,0.0165637001336947
190,39.1099548339844,0.0163257355229943
191.25,39.1099548339844,0.0146292369874254
192.5,39.1099548339844,0.0122970736734895
193.75,39.1099548339844,0.010364254314199
195,39.1099548339844,0.00960662538912461
196.25,39.1099548339844,0.00941230533482486
197.5,39.1099548339844,0.00905994072859222
198.75,39.1099548339844,0.00838881040084413
200,39.1099548339844,0.00662101199233252
201.25,39.1099548339844,0.0029297497493562
202.5,39.1099548339844,-0.0026114973543762
203.75,39.1099548339844,-0.00844758176437634
205,39.1099548339844,-0.0130508136399231
206.25,39.1099548339844,-0.0154618388913649
207.5,39.1099548339844,-0.0153015718914958
208.75,39.1099548339844,-0.0132592666259765
210,39.1099548339844,-0.0100421902175655
211.25,39.1099548339844,-0.0059637458958532
212.5,39.1099548339844,-0.00160838285983264
213.75,39.1099548339844,0.00260614409718536
215,39.1099548339844,0.00771068755351688
216.25,39.1099548339844,0.014103321572074
217.5,39.1099548339844,0.0205727699640401
218.75,39.1099548339844,0.0294212370824977
220,39.1099548339844,0.0434730837342664
221.25,39.1099548339844,0.0599204549449229
222.5,39.1099548339844,0.0727274629975177
223.75,39.1099548339844,0.0767854887318404
225,39.1099548339844,0.0700040961884975
226.25,39.1099548339844,0.0533085885897086
227.5,39.1099548339844,0.0348679611605562
228.75,39.1099548339844,0.0229498343171968
230,39.1099548339844,0.0137582963014594
231.25,39.1099548339844,0.00338482936910082
232.5,39.1099548339844,-0.00419947154964002
233.75,39.1099548339844,-0.00388929858159171
235,39.1099548339844,0.00274148837376872
236.25,39.1099548339844,0.00609077799417863
160,40.0523529052734,0.01057272756201
161.25,40.0523529052734,0.00710130628224424
162.5,40.0523529052734,0.00363294098513596
163.75,40.0523529052734,0.00053175055790106
165,40.0523529052734,0.000623133795462649
166.25,40.0523529052734,0.00347857835427917
167.5,40.0523529052734,0.00573964070128326
168.75,40.0523529052734,0.00578345353033693
170,40.0523529052734,0.00539585070175401
171.25,40.0523529052734,0.00562782503530311
172.5,40.0523529052734,0.0028390901736726
173.75,40.0523529052734,0.0011528691301155
175,40.0523529052734,0.00521178322606524
176.25,40.0523529052734,0.00868433184450153
177.5,40.0523529052734,0.0109499069987196
178.75,40.0523529052734,0.0111599679243782
180,40.0523529052734,0.00909453009853324
181.25,40.0523529052734,0.00649483698379358
182.5,40.0523529052734,0.00436829661182241
183.75,40.0523529052734,0.0036373966732156
185,40.0523529052734,0.00540760832567557
186.25,40.0523529052734,0.0100275499553546
187.5,40.0523529052734,0.015419892674743
188.75,40.0523529052734,0.0183352696725119
190,40.0523529052734,0.0189575383824872
191.25,40.0523529052734,0.017942079588764
192.5,40.0523529052734,0.0157527289831979
193.75,40.0523529052734,0.013616519025078
195,40.0523529052734,0.0127453366713834
196.25,40.0523529052734,0.0124142446932467
197.5,40.0523529052734,0.0119180144153004
198.75,40.0523529052734,0.0119021221441322
200,40.0523529052734,0.0115520484067738
201.25,40.0523529052734,0.0089176093201412
202.5,40.0523529052734,0.00394316195290304
203.75,40.0523529052734,-0.00165198243820441
205,40.0523529052734,-0.00616884774559139
206.25,40.0523529052734,-0.00846983137677842
207.5,40.0523529052734,-0.00835857391950668
208.75,40.0523529052734,-0.00705388840217869
210,40.0523529052734,-0.00565404870217776
211.25,40.0523529052734,-0.00373563458164919
212.5,40.0523529052734,-0.000722379730079475
213.75,40.0523529052734,0.00221534330364284
215,40.0523529052734,0.00563531491629133
216.25,40.0523529052734,0.0104687580469561
217.5,40.0523529052734,0.0171937655862881
218.75,40.0523529052734,0.0273296866827103
220,40.0523529052734,0.0397057464252603
221.25,40.0523529052734,0.0513928992824953
222.5,40.0523529052734,0.0593006410634375
223.75,40.0523529052734,0.0618769149272772
225,40.0523529052734,0.0577956375043981
226.25,40.0523529052734,0.0457250600160123
227.5,40.0523529052734,0.0292493622466828
228.75,40.0523529052734,0.0160000883924101
230,40.0523529052734,0.00796816675074035
231.25,40.0523529052734,0.000586477181627068
232.5,40.0523529052734,-0.00453561874359548
233.75,40.0523529052734,-0.0015936316765334
235,40.0523529052734,0.00534642861152562
236.25,40.0523529052734,0.00591981795121614
160,40.9947662353516,0.0114923022022411
161.25,40.9947662353516,0.00705222433473115
162.5,40.9947662353516,0.00158917245505301
163.75,40.9947662353516,-0.0011399311703248
165,40.9947662353516,0.000776125113827559
166.25,40.9947662353516,0.00353315924564433
167.5,40.9947662353516,0.00444596534037159
168.75,40.9947662353516,0.00436976989145371
170,40.9947662353516,0.00559864981526242
171.25,40.9947662353516,0.00822705308183198
172.5,40.9947662353516,0.00778369562255773
173.75,40.9947662353516,0.00495909668256808
175,40.9947662353516,0.00514442311079143
176.25,40.9947662353516,0.00710173242163421
177.5,40.9947662353516,0.00817299537488894
178.75,40.9947662353516,0.00776739479891579
180,40.9947662353516,0.00636466070609054
181.25,40.9947662353516,0.00423915820611141
182.5,40.9947662353516,0.00263441040024623
183.75,40.9947662353516,0.00298077930061287
185,40.9947662353516,0.00580357294837076
186.25,40.9947662353516,0.0104661559377081
187.5,40.9947662353516,0.0157864199529875
188.75,40.9947662353516,0.019766865436813
190,40.9947662353516,0.0214403236936792
191.25,40.9947662353516,0.0213215613960268
192.5,40.9947662353516,0.0195070963447902
193.75,40.9947662353516,0.0173545817054236
195,40.9947662353516,0.0163721580162062
196.25,40.9947662353516,0.0158814254915997
197.5,40.9947662353516,0.0151876987037974
198.75,40.9947662353516,0.0151590201857627
200,40.9947662353516,0.0155438221852251
201.25,40.9947662353516,0.0138966816658399
202.5,40.9947662353516,0.00963315672885322
203.75,40.9947662353516,0.00433839690460194
205,40.9947662353516,-0.000358103213270896
206.25,40.9947662353516,-0.0028618585677312
207.5,40.9947662353516,-0.00312517793563771
208.75,40.9947662353516,-0.0026289840399887
210,40.9947662353516,-0.0025256342692726
211.25,40.9947662353516,-0.00222432198695781
212.5,40.9947662353516,-0.00130846602053422
213.75,40.9947662353516,0.0004100299245404
215,40.9947662353516,0.00263212460090952
216.25,40.9947662353516,0.00717399822662781
217.5,40.9947662353516,0.0152543061733089
218.75,40.9947662353516,0.0256296388036715
220,40.9947662353516,0.0342707069934013
221.25,40.9947662353516,0.0398086658680884
222.5,40.9947662353516,0.0432190462759017
223.75,40.9947662353516,0.0448109690526433
225,40.9947662353516,0.0435990111014784
226.25,40.9947662353516,0.0366230349769261
227.5,40.9947662353516,0.0250547472009027
228.75,40.9947662353516,0.0131608177659031
230,40.9947662353516,0.00405509393342746
231.25,40.9947662353516,-0.00137673197586866
232.5,40.9947662353516,-0.0044101245457835
233.75,40.9947662353516,-0.000233320056572251
235,40.9947662353516,0.00697621172649084
236.25,40.9947662353516,0.00823703027612829
160,41.9371795654297,0.0123219488537592
161.25,41.9371795654297,0.00987506199962489
162.5,41.9371795654297,0.00423313000181568
163.75,41.9371795654297,0.00169315307371429
165,41.9371795654297,0.00323106456966345
166.25,41.9371795654297,0.00469766706907097
167.5,41.9371795654297,0.0042289412660676
168.75,41.9371795654297,0.00326332683304617
170,41.9371795654297,0.00275701487347213
171.25,41.9371795654297,0.00480713634882685
172.5,41.9371795654297,0.00922443721357792
173.75,41.9371795654297,0.0078416214601285
175,41.9371795654297,0.0046555584141256
176.25,41.9371795654297,0.00181814882016423
177.5,41.9371795654297,-0.000412591117766855
178.75,41.9371795654297,-0.000720784930227979
180,41.9371795654297,-0.000607719563959244
181.25,41.9371795654297,-0.000747056356333342
182.5,41.9371795654297,-0.000219321099267482
183.75,41.9371795654297,0.0021003414853146
185,41.9371795654297,0.00622303390371177
186.25,41.9371795654297,0.0109893411299887
187.5,41.9371795654297,0.0155649943884779
188.75,41.9371795654297,0.0196132356132409
190,41.9371795654297,0.021975544113333
191.25,41.9371795654297,0.0230183041356253
192.5,41.9371795654297,0.0222620105647873
193.75,41.9371795654297,0.02080230807214
195,41.9371795654297,0.0197274060678179
196.25,41.9371795654297,0.0187636952122163
197.5,41.9371795654297,0.0177069551337847
198.75,41.9371795654297,0.0172665758903948
200,41.9371795654297,0.0173165598820163
201.25,41.9371795654297,0.0160542408744568
202.5,41.9371795654297,0.0121530759627837
203.75,41.9371795654297,0.0071865132648827
205,41.9371795654297,0.00289585349105848
206.25,41.9371795654297,0.000294718080349524
207.5,41.9371795654297,-0.000578527924561153
208.75,41.9371795654297,-0.00084980587076583
210,41.9371795654297,-0.00143722053147372
211.25,41.9371795654297,-0.00193319623039883
212.5,41.9371795654297,-0.00189649426402055
213.75,41.9371795654297,-0.00107412867031255
215,41.9371795654297,0.000765914479404008
216.25,41.9371795654297,0.00588889180592253
217.5,41.9371795654297,0.0150520064632227
218.75,41.9371795654297,0.0242259364121206
220,41.9371795654297,0.0291111232580741
221.25,41.9371795654297,0.0303542860795898
222.5,41.9371795654297,0.0299057554457991
223.75,41.9371795654297,0.029112490109029
225,41.9371795654297,0.0293490771676711
226.25,41.9371795654297,0.0270195196552472
227.5,41.9371795654297,0.0203543933582717
228.75,41.9371795654297,0.0121002842645411
230,41.9371795654297,0.00360672031237635
231.25,41.9371795654297,-0.00168247488478424
232.5,41.9371795654297,-0.00363833272257319
233.75,41.9371795654297,0.00030977053106767
235,41.9371795654297,0.00653322636736645
236.25,41.9371795654297,0.00770844105473905
160,42.8795776367188,0.00842129663542046
161.25,42.8795776367188,0.00881389340928941
162.5,42.8795776367188,0.00696457216897621
163.75,42.8795776367188,0.00610095914623904
165,42.8795776367188,0.0070966511794765
166.25,42.8795776367188,0.00756063288785685
167.5,42.8795776367188,0.00616053011475865
168.75,42.8795776367188,0.00364127541264841
170,42.8795776367188,8.78885856509434e-06
171.25,42.8795776367188,0.00078940823278521
172.5,42.8795776367188,0.00838486229262249
173.75,42.8795776367188,0.00739836084905861
175,42.8795776367188,0.00159795543767335
176.25,42.8795776367188,-0.00659853221460645
177.5,42.8795776367188,-0.0102763176375718
178.75,42.8795776367188,-0.00949972227589671
180,42.8795776367188,-0.00778646909426297
181.25,42.8795776367188,-0.00592975679308986
182.5,42.8795776367188,-0.00318364316196298
183.75,42.8795776367188,0.00121887916714413
185,42.8795776367188,0.00690354534175236
186.25,42.8795776367188,0.0122714742993022
187.5,42.8795776367188,0.0166082553021545
188.75,42.8795776367188,0.0200724737328112
190,42.8795776367188,0.0227021117029714
191.25,42.8795776367188,0.0241651316994911
192.5,42.8795776367188,0.0238005899422956
193.75,42.8795776367188,0.0222599955757517
195,42.8795776367188,0.0203402988365286
196.25,42.8795776367188,0.0184040677002993
197.5,42.8795776367188,0.0168317784069375
198.75,42.8795776367188,0.0158244519537176
200,42.8795776367188,0.015534688056294
201.25,42.8795776367188,0.0147560721108056
202.5,42.8795776367188,0.0116282547064348
203.75,42.8795776367188,0.00702361602009714
205,42.8795776367188,0.00320080737530213
206.25,42.8795776367188,0.000656254002910859
207.5,42.8795776367188,-0.00085050713424393
208.75,42.8795776367188,-0.00185972112285095
210,42.8795776367188,-0.00223959313331474
211.25,42.8795776367188,-0.00193273267316934
212.5,42.8795776367188,-0.000965483996781357
213.75,42.8795776367188,0.00045240056858049
215,42.8795776367188,0.00257384502278482
216.25,42.8795776367188,0.00776140777397884
217.5,42.8795776367188,0.0158896796327099
218.75,42.8795776367188,0.0225308206304842
220,42.8795776367188,0.0246925156189728
221.25,42.8795776367188,0.0234480997876082
222.5,42.8795776367188,0.0209616589073117
223.75,42.8795776367188,0.019229385522694
225,42.8795776367188,0.0192762347254674
226.25,42.8795776367188,0.0188178834891031
227.5,42.8795776367188,0.0163641917428224
228.75,42.8795776367188,0.0118536319706357
230,42.8795776367188,0.00575047361037586
231.25,42.8795776367188,0.000166597507874081
232.5,42.8795776367188,-0.0018529408664403
233.75,42.8795776367188,0.000290711721521638
235,42.8795776367188,0.00451780971334206
236.25,42.8795776367188,0.00576065187317485
160,43.8219909667969,0.00376582648198485
161.25,43.8219909667969,0.00393132878348181
162.5,43.8219909667969,0.0054350960733293
163.75,43.8219909667969,0.00761785950797433
165,43.8219909667969,0.0094702651447274
166.25,43.8219909667969,0.0100741322714335
167.5,43.8219909667969,0.00858788903940983
168.75,43.8219909667969,0.00553418801037242
170,43.8219909667969,0.00134228496364858
171.25,43.8219909667969,0.000859770879060588
172.5,43.8219909667969,0.00366682561800005
173.75,43.8219909667969,-0.00209419645902146
175,43.8219909667969,-0.00998976093726615
176.25,43.8219909667969,-0.0163534924222577
177.5,43.8219909667969,-0.0183454946624422
178.75,43.8219909667969,-0.0166777605141745
180,43.8219909667969,-0.0136178188151422
181.25,43.8219909667969,-0.00968725252446186
182.5,43.8219909667969,-0.00485183803901735
183.75,43.8219909667969,0.00119478920750828
185,43.8219909667969,0.00794736996923673
186.25,43.8219909667969,0.0141047841569164
187.5,43.8219909667969,0.0190163303919531
188.75,43.8219909667969,0.0227679972165669
190,43.8219909667969,0.0255324754074381
191.25,43.8219909667969,0.026532077007322
192.5,43.8219909667969,0.0249738345024795
193.75,43.8219909667969,0.0216446458484332
195,43.8219909667969,0.0177501216004784
196.25,43.8219909667969,0.0146617787650613
197.5,43.8219909667969,0.012571901727442
198.75,43.8219909667969,0.0111104507980981
200,43.8219909667969,0.0105496314223473
201.25,43.8219909667969,0.0101938039781009
202.5,43.8219909667969,0.0083391130436841
203.75,43.8219909667969,0.0050956164018913
205,43.8219909667969,0.0016014653085257
206.25,43.8219909667969,-0.000750565743445099
207.5,43.8219909667969,-0.00226345380511015
208.75,43.8219909667969,-0.00282010301478747
210,43.8219909667969,-0.00211048764336348
211.25,43.8219909667969,0.000215744796603851
212.5,43.8219909667969,0.00347921441359394
213.75,43.8219909667969,0.00580622889501371
215,43.8219909667969,0.00733861650856971
216.25,43.8219909667969,0.0104118574729301
217.5,43.8219909667969,0.0157956549088117
218.75,43.8219909667969,0.0197802058988567
220,43.8219909667969,0.0203556585739845
221.25,43.8219909667969,0.0180875031283259
222.5,43.8219909667969,0.0150505621255749
223.75,43.8219909667969,0.0132278160435263
225,43.8219909667969,0.0135579249830328
226.25,43.8219909667969,0.0141511786094496
227.5,43.8219909667969,0.0135023281759781
228.75,43.8219909667969,0.0122488073085236
230,43.8219909667969,0.00945140959338472
231.25,43.8219909667969,0.00395013932730347
232.5,43.8219909667969,0.000392651537055879
233.75,43.8219909667969,0.000938799046390766
235,43.8219909667969,0.00340339828730657
236.25,43.8219909667969,0.00458417405549101
160,44.764404296875,0.00490479142519394
161.25,44.764404296875,0.00329228581253661
162.5,44.764404296875,0.00478493486334157
163.75,44.764404296875,0.00780217224680959
165,44.764404296875,0.0103959126489689
166.25,44.764404296875,0.0122291368290653
167.5,44.764404296875,0.0122479026372024
168.75,44.764404296875,0.0103752387134686
170,44.764404296875,0.00676987778091263
171.25,44.764404296875,0.00269922502693519
172.5,44.764404296875,-0.00381323030949551
173.75,44.764404296875,-0.0124958768477365
175,44.764404296875,-0.0170813395354309
176.25,44.764404296875,-0.019243183286607
177.5,44.764404296875,-0.0195864204703073
178.75,44.764404296875,-0.0181158625680229
180,44.764404296875,-0.0151789568696412
181.25,44.764404296875,-0.0105891112248317
182.5,44.764404296875,-0.00457395870276183
183.75,44.764404296875,0.00253457552887056
185,44.764404296875,0.0100848639992452
186.25,44.764404296875,0.0169752590111475
187.5,44.764404296875,0.022604613737933
188.75,44.764404296875,0.0266440474429163
190,44.764404296875,0.0286495746457732
191.25,44.764404296875,0.0278214291762832
192.5,44.764404296875,0.0238438362637813
193.75,44.764404296875,0.0182759226754225
195,44.764404296875,0.0126751217556476
196.25,44.764404296875,0.00860831450804638
197.5,44.764404296875,0.00652977660052771
198.75,44.764404296875,0.00562268718863314
200,44.764404296875,0.005668953437308
201.25,44.764404296875,0.00588864350282304
202.5,44.764404296875,0.00480559622272795
203.75,44.764404296875,0.00247244290297555
205,44.764404296875,-0.000656425405603606
206.25,44.764404296875,-0.00266368146069312
207.5,44.764404296875,-0.00290391696722218
208.75,44.764404296875,-0.0015269649018324
210,44.764404296875,0.00127200398992355
211.25,44.764404296875,0.00562426993560484
212.5,44.764404296875,0.00996952394811049
213.75,44.764404296875,0.0121971208144332
215,44.764404296875,0.0122954228681524
216.25,44.764404296875,0.0122360301624956
217.5,44.764404296875,0.0139881517004133
218.75,44.764404296875,0.016226020812181
220,44.764404296875,0.0165420020566131
221.25,44.764404296875,0.0147915830987439
222.5,44.764404296875,0.012123580574951
223.75,44.764404296875,0.0103520921587482
225,44.764404296875,0.0105287391504206
226.25,44.764404296875,0.0115452574719349
227.5,44.764404296875,0.0121593968799218
228.75,44.764404296875,0.0126723007062539
230,44.764404296875,0.0121373222246027
231.25,44.764404296875,0.00733375173333371
232.5,44.764404296875,0.00197422259714538
233.75,44.764404296875,0.00159290056150861
235,44.764404296875,0.00351244056325426
236.25,44.764404296875,0.00476857055958106
160,45.7068023681641,0.011525541113757
161.25,45.7068023681641,0.00868868409216358
162.5,45.7068023681641,0.00980806234144789
163.75,45.7068023681641,0.0127592596819186
165,45.7068023681641,0.0149974350316219
166.25,45.7068023681641,0.0174723671107837
167.5,45.7068023681641,0.0187324179203684
168.75,45.7068023681641,0.0177334296394705
170,45.7068023681641,0.0132942520048203
171.25,45.7068023681641,0.00547080490137019
172.5,45.7068023681641,-0.00370355076355705
173.75,45.7068023681641,-0.00968312889463435
175,45.7068023681641,-0.0123894300782483
176.25,45.7068023681641,-0.0143191829002413
177.5,45.7068023681641,-0.0155749615878628
178.75,45.7068023681641,-0.0157097035938995
180,45.7068023681641,-0.014062055857651
181.25,45.7068023681641,-0.0100203361104812
182.5,45.7068023681641,-0.0037364113405689
183.75,45.7068023681641,0.00389934763979466
185,45.7068023681641,0.0120388714759028
186.25,45.7068023681641,0.019715990774459
187.5,45.7068023681641,0.0258517508648204
188.75,45.7068023681641,0.0293305241979775
190,45.7068023681641,0.0292204134425125
191.25,45.7068023681641,0.0256220243527073
192.5,45.7068023681641,0.0195435489787267
193.75,45.7068023681641,0.012833907471191
195,45.7068023681641,0.0071940988859755
196.25,45.7068023681641,0.003688836817571
197.5,45.7068023681641,0.00254667807087061
198.75,45.7068023681641,0.00272891307035337
200,45.7068023681641,0.00339435453431295
201.25,45.7068023681641,0.00348007460226335
202.5,45.7068023681641,0.00249277375497656
203.75,45.7068023681641,0.000725858840402306
205,45.7068023681641,-0.0011581595255182
206.25,45.7068023681641,-0.00171391864978748
207.5,45.7068023681641,-0.000249566238830225
208.75,45.7068023681641,0.00353459449132736
210,45.7068023681641,0.00819516934261932
211.25,45.7068023681641,0.0123303984078823
212.5,45.7068023681641,0.0149174138043984
213.75,45.7068023681641,0.014933471048233
215,45.7068023681641,0.0129718085187562
216.25,45.7068023681641,0.0112532748275297
217.5,45.7068023681641,0.0113159374241805
218.75,45.7068023681641,0.0130759520154397
220,45.7068023681641,0.014307291698294
221.25,45.7068023681641,0.0135574729945357
222.5,45.7068023681641,0.011461121575638
223.75,45.7068023681641,0.00952304564518855
225,45.7068023681641,0.00914483402111623
226.25,45.7068023681641,0.010188671425107
227.5,45.7068023681641,0.0116287641965555
228.75,45.7068023681641,0.0129572784680086
230,45.7068023681641,0.0122057376368494
231.25,45.7068023681641,0.00757644763447244
232.5,45.7068023681641,0.00190472417179402
233.75,45.7068023681641,0.00231360676541029
235,45.7068023681641,0.00506690528013771
236.25,45.7068023681641,0.00633866432826819
160,46.6492156982422,0.0196669986175635
161.25,46.6492156982422,0.0171945278879382
162.5,46.6492156982422,0.0199593293494123
163.75,46.6492156982422,0.0244983418293613
165,46.6492156982422,0.0278194694694008
166.25,46.6492156982422,0.0313951612005151
167.5,46.6492156982422,0.0330528858501518
168.75,46.6492156982422,0.0298193822334294
170,46.6492156982422,0.0219827282931733
171.25,46.6492156982422,0.0124976325272756
172.5,46.6492156982422,0.00502996404447472
173.75,46.6492156982422,0.000567318095652886
175,46.6492156982422,-0.00323765613260716
176.25,46.6492156982422,-0.00735939809232902
177.5,46.6492156982422,-0.0108187046249172
178.75,46.6492156982422,-0.0130301568621321
180,46.6492156982422,-0.0127008746890729
181.25,46.6492156982422,-0.00910968342520241
182.5,46.6492156982422,-0.00257023025085292
183.75,46.6492156982422,0.00568720173944657
185,46.6492156982422,0.0143919815518927
186.25,46.6492156982422,0.0219571227043467
187.5,46.6492156982422,0.0266343443982233
188.75,46.6492156982422,0.0274145799438629
190,46.6492156982422,0.0239991246758549
191.25,46.6492156982422,0.0178776364602591
192.5,46.6492156982422,0.0110443390261883
193.75,46.6492156982422,0.0046468201535531
195,46.6492156982422,0.000338761000950791
196.25,46.6492156982422,-0.000524512117859188
197.5,46.6492156982422,0.000568942619138148
198.75,46.6492156982422,0.00219451107264839
200,46.6492156982422,0.00323558990447818
201.25,46.6492156982422,0.00310108711434934
202.5,46.6492156982422,0.00189310499663797
203.75,46.6492156982422,0.000692852854808165
205,46.6492156982422,0.000714787834117924
206.25,46.6492156982422,0.00214574316671373
207.5,46.6492156982422,0.00489696948215053
208.75,46.6492156982422,0.00918165049562305
210,46.6492156982422,0.0129419801804631
211.25,46.6492156982422,0.0149445021895534
212.5,46.6492156982422,0.014589058503403
213.75,46.6492156982422,0.0126031384241546
215,46.6492156982422,0.0103426874384656
216.25,46.6492156982422,0.00925534424980468
217.5,46.6492156982422,0.0102557060437434
218.75,46.6492156982422,0.0128227666843879
220,46.6492156982422,0.0148149646524293
221.25,46.6492156982422,0.0144022916551884
222.5,46.6492156982422,0.0119620396039396
223.75,46.6492156982422,0.00946661121435116
225,46.6492156982422,0.00849481795018132
226.25,46.6492156982422,0.00938778840777167
227.5,46.6492156982422,0.0113344737809905
228.75,46.6492156982422,0.0124683741889312
230,46.6492156982422,0.0103934964374422
231.25,46.6492156982422,0.00518434172807427
232.5,46.6492156982422,0.00123347661781168
233.75,46.6492156982422,0.00346972733114908
235,46.6492156982422,0.00833836849765939
236.25,46.6492156982422,0.00910771339352842
160,47.5916290283203,0.0248918788359263
161.25,47.5916290283203,0.0264972514462959
162.5,47.5916290283203,0.031874507620282
163.75,47.5916290283203,0.035604508283546
165,47.5916290283203,0.0387304134355967
166.25,47.5916290283203,0.0426528720101809
167.5,47.5916290283203,0.0433872082375575
168.75,47.5916290283203,0.0380238450333793
170,47.5916290283203,0.0291792930306157
171.25,47.5916290283203,0.021291160453291
172.5,47.5916290283203,0.015373997566894
173.75,47.5916290283203,0.00964306842664697
175,47.5916290283203,0.00321549236663947
176.25,47.5916290283203,-0.00260813552167854
177.5,47.5916290283203,-0.00668175473433681
178.75,47.5916290283203,-0.00846118530443243
180,47.5916290283203,-0.00757580230632288
181.25,47.5916290283203,-0.00393523127385702
182.5,47.5916290283203,0.00186673818180296
183.75,47.5916290283203,0.00932729625629976
185,47.5916290283203,0.0168096344877251
186.25,47.5916290283203,0.021425286326634
187.5,47.5916290283203,0.021210001560876
188.75,47.5916290283203,0.0167696627740037
190,47.5916290283203,0.0107888059698997
191.25,47.5916290283203,0.00534646383509906
192.5,47.5916290283203,0.0011066266915101
193.75,47.5916290283203,-0.00182769843554487
195,47.5916290283203,-0.00262261279958829
196.25,47.5916290283203,-0.000438479713302612
197.5,47.5916290283203,0.00249097262990169
198.75,47.5916290283203,0.00404153907366044
200,47.5916290283203,0.00391558599001651
201.25,47.5916290283203,0.00310748243222308
202.5,47.5916290283203,0.00222547441652346
203.75,47.5916290283203,0.00207264943583679
205,47.5916290283203,0.00348671028178174
206.25,47.5916290283203,0.00649130472416692
207.5,47.5916290283203,0.0102675410866995
208.75,47.5916290283203,0.0126831062082305
210,47.5916290283203,0.013741843980918
211.25,47.5916290283203,0.0137184203139955
212.5,47.5916290283203,0.0121201204648954
213.75,47.5916290283203,0.0102442036960912
215,47.5916290283203,0.00954327104806081
216.25,47.5916290283203,0.0104537526371958
217.5,47.5916290283203,0.012709649858224
218.75,47.5916290283203,0.0157198971460416
220,47.5916290283203,0.017460765406255
221.25,47.5916290283203,0.0165415994093825
222.5,47.5916290283203,0.0135576418842427
223.75,47.5916290283203,0.0102580087545884
225,47.5916290283203,0.00886270674013787
226.25,47.5916290283203,0.00929855741185284
227.5,47.5916290283203,0.0102858942844082
228.75,47.5916290283203,0.00987608512919803
230,47.5916290283203,0.00672463591622012
231.25,47.5916290283203,0.00249687807722986
232.5,47.5916290283203,0.00193342533075724
233.75,47.5916290283203,0.00577214469573915
235,47.5916290283203,0.0112881539223319
236.25,47.5916290283203,0.0126878568641932
160,48.5340270996094,0.0170085707311208
161.25,48.5340270996094,0.0252334368493695
162.5,48.5340270996094,0.0314190020650902
163.75,48.5340270996094,0.0335474136516497
165,48.5340270996094,0.0356788009484197
166.25,48.5340270996094,0.0397617495049318
167.5,48.5340270996094,0.0415337455836134
168.75,48.5340270996094,0.0388654055449082
170,48.5340270996094,0.0340144663410614
171.25,48.5340270996094,0.0275398199941056
172.5,48.5340270996094,0.0192668597370135
173.75,48.5340270996094,0.0112080889095898
175,48.5340270996094,0.00553183340698972
176.25,48.5340270996094,0.00278786348885141
177.5,48.5340270996094,0.00237372281388436
178.75,48.5340270996094,0.00330834032454597
180,48.5340270996094,0.0049486092900989
181.25,48.5340270996094,0.00697797188548426
182.5,48.5340270996094,0.00910288915819219
183.75,48.5340270996094,0.0109602783341713
185,48.5340270996094,0.0128944486362226
186.25,48.5340270996094,0.0124054071630555
187.5,48.5340270996094,0.00885322787189276
188.75,48.5340270996094,0.00424565414536409
190,48.5340270996094,0.000752114771830018
191.25,48.5340270996094,-0.00151766311839202
192.5,48.5340270996094,-0.00267546720091675
193.75,48.5340270996094,-0.00202051032630976
195,48.5340270996094,0.000382171367579489
196.25,48.5340270996094,0.0038739138123492
197.5,48.5340270996094,0.00636637489647294
198.75,48.5340270996094,0.00619094184733619
200,48.5340270996094,0.00465911235990882
201.25,48.5340270996094,0.00372265359932129
202.5,48.5340270996094,0.00359569342999136
203.75,48.5340270996094,0.00442528942626843
205,48.5340270996094,0.00664032478506485
206.25,48.5340270996094,0.0101414276663571
207.5,48.5340270996094,0.0134551654493699
208.75,48.5340270996094,0.0138879965730313
210,48.5340270996094,0.0127331895632023
211.25,48.5340270996094,0.0125647057648984
212.5,48.5340270996094,0.0124832024731158
213.75,48.5340270996094,0.0127842296484156
215,48.5340270996094,0.0144894907754592
216.25,48.5340270996094,0.0168756227602151
217.5,48.5340270996094,0.0191326567514315
218.75,48.5340270996094,0.0205890825202304
220,48.5340270996094,0.0207427625818214
221.25,48.5340270996094,0.0190492280666348
222.5,48.5340270996094,0.0157919926271102
223.75,48.5340270996094,0.0125975077144649
225,48.5340270996094,0.0106245544138797
226.25,48.5340270996094,0.00946804311024003
227.5,48.5340270996094,0.00792832861175779
228.75,48.5340270996094,0.0056787368748819
230,48.5340270996094,0.00325637479300567
231.25,48.5340270996094,0.0030476215788907
232.5,48.5340270996094,0.00584521780768482
233.75,48.5340270996094,0.00995425339908967
235,48.5340270996094,0.0127193845262902
236.25,48.5340270996094,0.0132572038717048
160,49.4764404296875,0.00275814292939334
161.25,49.4764404296875,0.0148767374099592
162.5,49.4764404296875,0.0231154523444431
163.75,49.4764404296875,0.0270543826226449
165,49.4764404296875,0.0296723620346983
166.25,49.4764404296875,0.0326513128741968
167.5,49.4764404296875,0.0347044979137223
168.75,49.4764404296875,0.0339763709918692
170,49.4764404296875,0.0305340447796898
171.25,49.4764404296875,0.0235819707623531
172.5,49.4764404296875,0.0157585693063347
173.75,49.4764404296875,0.0113497461737498
175,49.4764404296875,0.0106188654092957
176.25,49.4764404296875,0.0108690975538147
177.5,49.4764404296875,0.0112228042153724
178.75,49.4764404296875,0.0119664345231728
180,49.4764404296875,0.0127870930819468
181.25,49.4764404296875,0.0124345636326057
182.5,49.4764404296875,0.010571044570464
183.75,49.4764404296875,0.00958062545899196
185,49.4764404296875,0.0108026763928664
186.25,49.4764404296875,0.0111616434063243
187.5,49.4764404296875,0.0107770087405768
188.75,49.4764404296875,0.00951778060652369
190,49.4764404296875,0.00738614371112863
191.25,49.4764404296875,0.00492910185129853
192.5,49.4764404296875,0.00344449638548026
193.75,49.4764404296875,0.0045840399993373
195,49.4764404296875,0.0077270107215518
196.25,49.4764404296875,0.0109667580144294
197.5,49.4764404296875,0.0119512023311402
198.75,49.4764404296875,0.0106412799602777
200,49.4764404296875,0.00922347572900551
201.25,49.4764404296875,0.00914534642058875
202.5,49.4764404296875,0.00976675283280216
203.75,49.4764404296875,0.0105184297932324
205,49.4764404296875,0.0122364022103804
206.25,49.4764404296875,0.0147410726183817
207.5,49.4764404296875,0.0163669394223095
208.75,49.4764404296875,0.0156231847723937
210,49.4764404296875,0.0143430054943235
211.25,49.4764404296875,0.0150906240136694
212.5,49.4764404296875,0.0177152592750778
213.75,49.4764404296875,0.02081175202743
215,49.4764404296875,0.0230008601717716
216.25,49.4764404296875,0.0241634525624981
217.5,49.4764404296875,0.024336248824211
218.75,49.4764404296875,0.0241868917715609
220,49.4764404296875,0.0236093172796532
221.25,49.4764404296875,0.0217584843666397
222.5,49.4764404296875,0.0186636350375717
223.75,49.4764404296875,0.0150881458110861
225,49.4764404296875,0.0115714683610128
226.25,49.4764404296875,0.00788592987397851
227.5,49.4764404296875,0.00408936471959689
228.75,49.4764404296875,0.00214945205705559
230,49.4764404296875,0.00334611739173396
231.25,49.4764404296875,0.00693576817089015
232.5,49.4764404296875,0.0104554142615296
233.75,49.4764404296875,0.0121860265352602
235,49.4764404296875,0.0136380226727154
160,50.4188537597656,-0.00485146548375889
161.25,50.4188537597656,-0.000946892521349662
162.5,50.4188537597656,0.00718270580159758
163.75,50.4188537597656,0.0138715639688373
165,50.4188537597656,0.0190609870254082
166.25,50.4188537597656,0.0235335013583872
167.5,50.4188537597656,0.0269312489657485
168.75,50.4188537597656,0.0279525540933954
170,50.4188537597656,0.0252839702035739
171.25,50.4188537597656,0.019910361899994
172.5,50.4188537597656,0.0152454891511484
173.75,50.4188537597656,0.0136633086027235
175,50.4188537597656,0.0137786820178646
176.25,50.4188537597656,0.013613201801598
177.5,50.4188537597656,0.0138397124448081
178.75,50.4188537597656,0.0146437860495001
180,50.4188537597656,0.0155135349963366
181.25,50.4188537597656,0.0167517415697989
182.5,50.4188537597656,0.020113012354083
183.75,50.4188537597656,0.0240064322293799
185,50.4188537597656,0.0254341485672675
186.25,50.4188537597656,0.0257453853058298
187.5,50.4188537597656,0.0260335872344283
188.75,50.4188537597656,0.0263570331989119
190,50.4188537597656,0.0266574860638773
191.25,50.4188537597656,0.027232102240434
192.5,50.4188537597656,0.0279713368881773
193.75,50.4188537597656,0.027672633861535
195,50.4188537597656,0.0272678379860865
196.25,50.4188537597656,0.0267008645721957
197.5,50.4188537597656,0.0262023788079257
198.75,50.4188537597656,0.0253152004526986
200,50.4188537597656,0.0244983679054862
201.25,50.4188537597656,0.0234124322135986
202.5,50.4188537597656,0.0211844432832589
203.75,50.4188537597656,0.0191067113292928
205,50.4188537597656,0.0186879685777223
206.25,50.4188537597656,0.0199063234188995
207.5,50.4188537597656,0.0211760766935534
208.75,50.4188537597656,0.0210044457543542
210,50.4188537597656,0.0202781293519622
211.25,50.4188537597656,0.0214226750323206
212.5,50.4188537597656,0.0250989187444379
213.75,50.4188537597656,0.0288193283247436
215,50.4188537597656,0.0303487920716955
216.25,50.4188537597656,0.0292669768830673
217.5,50.4188537597656,0.0270947362139728
218.75,50.4188537597656,0.0258569832680512
220,50.4188537597656,0.0250099222768145
221.25,50.4188537597656,0.0234677526337277
222.5,50.4188537597656,0.0205383547006411
223.75,50.4188537597656,0.015852980212727
225,50.4188537597656,0.0100463172365717
226.25,50.4188537597656,0.00434676008083989
227.5,50.4188537597656,0.000575098763723069
228.75,50.4188537597656,0.000763668769611559
230,50.4188537597656,0.00370611800967733
231.25,50.4188537597656,0.00663073393456458
232.5,50.4188537597656,0.0111632456901949
233.75,50.4188537597656,0.012150252171532
160,51.3612518310547,0.00680008918677663
161.25,51.3612518310547,-0.00196122076833874
162.5,51.3612518310547,-0.00600720081152051
163.75,51.3612518310547,-0.00276536829764559
165,51.3612518310547,0.00317002197221331
166.25,51.3612518310547,0.0107036037386327
167.5,51.3612518310547,0.0171752462955796
168.75,51.3612518310547,0.019885946595366
170,51.3612518310547,0.0185680195499509
171.25,51.3612518310547,0.0157046181780949
172.5,51.3612518310547,0.0135323076008151
173.75,51.3612518310547,0.0132448445471956
175,51.3612518310547,0.0137313838207329
176.25,51.3612518310547,0.01385834089418
177.5,51.3612518310547,0.0144216999013521
178.75,51.3612518310547,0.0153702166740446
180,51.3612518310547,0.0167989918592391
181.25,51.3612518310547,0.0200724532949554
182.5,51.3612518310547,0.0257466175479692
183.75,51.3612518310547,0.030494205765719
185,51.3612518310547,0.0322411474895284
186.25,51.3612518310547,0.033004409972542
187.5,51.3612518310547,0.0350612729406015
188.75,51.3612518310547,0.0381811196790222
190,51.3612518310547,0.0424082856553879
191.25,51.3612518310547,0.0471570894746971
192.5,51.3612518310547,0.0512179715871041
193.75,51.3612518310547,0.0533166880972459
195,51.3612518310547,0.0525032189491463
196.25,51.3612518310547,0.0495654726785599
197.5,51.3612518310547,0.0459114456502835
198.75,51.3612518310547,0.0424115689088537
200,51.3612518310547,0.038879873032263
201.25,51.3612518310547,0.0358089695213009
202.5,51.3612518310547,0.0327038376350986
203.75,51.3612518310547,0.0302549987776959
205,51.3612518310547,0.0288029597576614
206.25,51.3612518310547,0.0285299724537802
207.5,51.3612518310547,0.0290621824552177
208.75,51.3612518310547,0.0297564310813678
210,51.3612518310547,0.0302108860497379
211.25,51.3612518310547,0.0314952268814236
212.5,51.3612518310547,0.0332796983870819
213.75,51.3612518310547,0.0344685783394581
215,51.3612518310547,0.0336434449339932
216.25,51.3612518310547,0.0309823204396375
217.5,51.3612518310547,0.0283507105868957
218.75,51.3612518310547,0.0266707585436665
220,51.3612518310547,0.0253779219095443
221.25,51.3612518310547,0.02342358316456
222.5,51.3612518310547,0.0194634294985702
223.75,51.3612518310547,0.0129435480247248
225,51.3612518310547,0.00609991255724896
226.25,51.3612518310547,0.00104605821870305
227.5,51.3612518310547,-0.00031334805074156
228.75,51.3612518310547,0.0017822843196941
230,51.3612518310547,0.00456714956679446
231.25,51.3612518310547,0.00658995870381077
232.5,51.3612518310547,0.00761181080236045
160,52.3036651611328,0.0250615905113155
161.25,52.3036651611328,0.0218097903239231
162.5,52.3036651611328,0.00402383659822805
163.75,52.3036651611328,-0.00525517727069518
165,52.3036651611328,-0.00543115061291982
166.25,52.3036651611328,-0.000932559035267926
167.5,52.3036651611328,0.0052267742683259
168.75,52.3036651611328,0.00978737408305607
170,52.3036651611328,0.0118351403881784
171.25,52.3036651611328,0.011839541971762
172.5,52.3036651611328,0.010879504489542
173.75,52.3036651611328,0.0103846066786547
175,52.3036651611328,0.0105316363613574
176.25,52.3036651611328,0.0121666081406031
177.5,52.3036651611328,0.0155380320288779
178.75,52.3036651611328,0.0190918085611139
180,52.3036651611328,0.0221324626784805
181.25,52.3036651611328,0.0261151979295799
182.5,52.3036651611328,0.0308930304562785
183.75,52.3036651611328,0.0341249956192883
185,52.3036651611328,0.0339127966526052
186.25,52.3036651611328,0.0335909628093993
187.5,52.3036651611328,0.0360697955048988
188.75,52.3036651611328,0.0396976603102653
190,52.3036651611328,0.0457874384018212
191.25,52.3036651611328,0.0548437065227968
192.5,52.3036651611328,0.0621755105623777
193.75,52.3036651611328,0.0652383770829942
195,52.3036651611328,0.0637338024599069
196.25,52.3036651611328,0.060003663615568
197.5,52.3036651611328,0.057019415757885
198.75,52.3036651611328,0.0552128965230015
200,52.3036651611328,0.0527808009557183
201.25,52.3036651611328,0.0496599544088013
202.5,52.3036651611328,0.0468563970313053
203.75,52.3036651611328,0.0454981728541658
205,52.3036651611328,0.0454668941894017
206.25,52.3036651611328,0.0452303045541239
207.5,52.3036651611328,0.044422076152246
208.75,52.3036651611328,0.0428617778648539
210,52.3036651611328,0.0414204481590635
211.25,52.3036651611328,0.0409293910810016
212.5,52.3036651611328,0.040493576063844
213.75,52.3036651611328,0.0389785727594456
215,52.3036651611328,0.0358837685389581
216.25,52.3036651611328,0.0323318231383081
217.5,52.3036651611328,0.0293534075498063
218.75,52.3036651611328,0.0269484749029117
220,52.3036651611328,0.0245971835227289
221.25,52.3036651611328,0.0215294374209142
222.5,52.3036651611328,0.016110451959232
223.75,52.3036651611328,0.0086036648870396
225,52.3036651611328,0.00218973340500152
226.25,52.3036651611328,-0.0008061862313385
227.5,52.3036651611328,-0.000286118038791307
228.75,52.3036651611328,0.00372461255736036
230,52.3036651611328,0.00870637939087253
231.25,52.3036651611328,0.00943613292004324
232.5,52.3036651611328,0.00865735282895916
160,53.2460784912109,0.0416158263967803
161.25,53.2460784912109,0.0544393069891056
162.5,53.2460784912109,0.0477576771612211
163.75,53.2460784912109,0.0209967438665466
165,53.2460784912109,0.00524297231668944
166.25,53.2460784912109,0.000539190915070512
167.5,53.2460784912109,0.00178287574588601
168.75,53.2460784912109,0.00594068374950455
170,53.2460784912109,0.00972134284832536
171.25,53.2460784912109,0.0105907878072951
172.5,53.2460784912109,0.00876695011115028
173.75,53.2460784912109,0.00677056047165654
175,53.2460784912109,0.00695380950034318
176.25,53.2460784912109,0.0116027083645891
177.5,53.2460784912109,0.0196668046784903
178.75,53.2460784912109,0.0272388381709215
180,53.2460784912109,0.0318556384249349
181.25,53.2460784912109,0.0350153986055378
182.5,53.2460784912109,0.0383107219032829
183.75,53.2460784912109,0.039105609735131
185,53.2460784912109,0.0366320969270103
186.25,53.2460784912109,0.034797005027631
187.5,53.2460784912109,0.0359710880782758
188.75,53.2460784912109,0.0393732706909928
190,53.2460784912109,0.0449027101342463
191.25,53.2460784912109,0.0529354483424163
192.5,53.2460784912109,0.0617437962526003
193.75,53.2460784912109,0.0678261725749999
195,53.2460784912109,0.0700495585892256
196.25,53.2460784912109,0.0697578235096605
197.5,53.2460784912109,0.0684008591870394
198.75,53.2460784912109,0.0672743820499277
200,53.2460784912109,0.0656614813605969
201.25,53.2460784912109,0.0641663826003817
202.5,53.2460784912109,0.0630526577974019
203.75,53.2460784912109,0.0615486262183788
205,53.2460784912109,0.0600196622407334
206.25,53.2460784912109,0.0584350335262988
207.5,53.2460784912109,0.0568207638296113
208.75,53.2460784912109,0.0545465909551346
210,53.2460784912109,0.0514397477345351
211.25,53.2460784912109,0.047681024299038
212.5,53.2460784912109,0.0440980783673581
213.75,53.2460784912109,0.0407726777272284
215,53.2460784912109,0.0372313043033024
216.25,53.2460784912109,0.0336347438349229
217.5,53.2460784912109,0.0301364681944562
218.75,53.2460784912109,0.0266690578795309
220,53.2460784912109,0.0227286743339896
221.25,53.2460784912109,0.0177559714060734
222.5,53.2460784912109,0.0117662172066751
223.75,53.2460784912109,0.00564744203115575
225,53.2460784912109,0.00117052278147565
226.25,53.2460784912109,-0.000566586340473011
227.5,53.2460784912109,-0.0012655333622207
228.75,53.2460784912109,0.000693360617216505
230,53.2460784912109,0.0069250909689473
231.25,53.2460784912109,0.0116568913177835
160,54.1884765625,0.061880551307302
161.25,54.1884765625,0.0672408463437242
162.5,54.1884765625,0.0753059495474625
163.75,54.1884765625,0.0688736128428485
165,54.1884765625,0.0430450947666383
166.25,54.1884765625,0.0222850555707813
167.5,54.1884765625,0.011582914829617
168.75,54.1884765625,0.00843073165220195
170,54.1884765625,0.00828934031508057
171.25,54.1884765625,0.00671885277027616
172.5,54.1884765625,0.00378388799184414
173.75,54.1884765625,0.00261287441419026
175,54.1884765625,0.0061358546538346
176.25,54.1884765625,0.015134958492554
177.5,54.1884765625,0.0281071371753701
178.75,54.1884765625,0.0400118375049191
180,54.1884765625,0.0467350684679478
181.25,54.1884765625,0.0491117732963271
182.5,54.1884765625,0.0487245061090608
183.75,54.1884765625,0.0457626052477413
185,54.1884765625,0.0412195629918746
186.25,54.1884765625,0.038561968271409
187.5,54.1884765625,0.0393526930183383
188.75,54.1884765625,0.0428418179062233
190,54.1884765625,0.0484677621070867
191.25,54.1884765625,0.0547222500517554
192.5,54.1884765625,0.0604908785333723
193.75,54.1884765625,0.0648309758456808
195,54.1884765625,0.0686597656978825
196.25,54.1884765625,0.0708001494576665
197.5,54.1884765625,0.0731355738895447
198.75,54.1884765625,0.0735342785220731
200,54.1884765625,0.071160815999722
201.25,54.1884765625,0.0687150481195546
202.5,54.1884765625,0.0666828002156209
203.75,54.1884765625,0.0636399899656075
205,54.1884765625,0.0608590371138432
206.25,54.1884765625,0.0586514018460933
207.5,54.1884765625,0.0569969495482947
208.75,54.1884765625,0.0550027756587957
210,54.1884765625,0.0517543744561318
211.25,54.1884765625,0.0477390757704491
212.5,54.1884765625,0.0437556677602546
213.75,54.1884765625,0.0405464490155068
215,54.1884765625,0.0375323823289752
216.25,54.1884765625,0.0341079448449418
217.5,54.1884765625,0.0300476764547832
218.75,54.1884765625,0.0252641984634684
220,54.1884765625,0.0199176650506737
221.25,54.1884765625,0.0139204323436394
222.5,54.1884765625,0.00823877798912134
223.75,54.1884765625,0.00431975817667317
225,54.1884765625,0.00295725356441943
226.25,54.1884765625,0.00396837688752327
227.5,54.1884765625,0.00591919638131364
228.75,54.1884765625,0.00295082735240231
230,54.1884765625,0.00466425379537604
161.25,55.1308898925781,0.0783481804460999
162.5,55.1308898925781,0.078654917653953
163.75,55.1308898925781,0.0777113689033193
165,55.1308898925781,0.0729313531768429
166.25,55.1308898925781,0.0520035614723004
167.5,55.1308898925781,0.0300101172286302
168.75,55.1308898925781,0.0165308483283606
170,55.1308898925781,0.00902643035508572
171.25,55.1308898925781,0.00314979541041376
172.5,55.1308898925781,-0.00041516761713543
173.75,55.1308898925781,0.00143489932286165
175,55.1308898925781,0.00987043135555962
176.25,55.1308898925781,0.0233398603258239
177.5,55.1308898925781,0.0390977340848058
178.75,55.1308898925781,0.0520814679929439
180,55.1308898925781,0.0588053197704726
181.25,55.1308898925781,0.0604403947701837
182.5,55.1308898925781,0.0587047496755576
183.75,55.1308898925781,0.0541421448134458
185,55.1308898925781,0.0493235806833891
186.25,55.1308898925781,0.0466644570734909
187.5,55.1308898925781,0.0465353546286286
188.75,55.1308898925781,0.0492275903524886
190,55.1308898925781,0.0538285375895925
191.25,55.1308898925781,0.0584256153261296
192.5,55.1308898925781,0.0615012614241915
193.75,55.1308898925781,0.0624078825409836
195,55.1308898925781,0.0623084253056251
196.25,55.1308898925781,0.0610993042613972
197.5,55.1308898925781,0.0656154843409765
198.75,55.1308898925781,0.0685879063641854
200,55.1308898925781,0.0685277429242897
201.25,55.1308898925781,0.0658830080446618
202.5,55.1308898925781,0.0647420051950309
203.75,55.1308898925781,0.0612813480587742
205,55.1308898925781,0.0563092753161427
206.25,55.1308898925781,0.0513567303312013
207.5,55.1308898925781,0.047237221663505
208.75,55.1308898925781,0.0450348221740326
210,55.1308898925781,0.0445169736099258
211.25,55.1308898925781,0.0432386327161262
212.5,55.1308898925781,0.040845148061613
213.75,55.1308898925781,0.0384442884440372
215,55.1308898925781,0.0361188000054643
216.25,55.1308898925781,0.0332405357923543
217.5,55.1308898925781,0.0287140317330817
218.75,55.1308898925781,0.0224623416260508
220,55.1308898925781,0.0156759419446356
221.25,55.1308898925781,0.0100590040074397
222.5,55.1308898925781,0.00619585705832553
223.75,55.1308898925781,0.00467899794163886
225,55.1308898925781,0.00535875819002348
226.25,55.1308898925781,0.00593597788477878
227.5,55.1308898925781,0.00652435432354257
228.75,55.1308898925781,0.00608060134908051
230,55.1308898925781,0.00466426392624923
161.25,56.0733032226562,0.0780321088166383
162.5,56.0733032226562,0.075930459145718
163.75,56.0733032226562,0.0716928396755078
165,56.0733032226562,0.068912310293118
166.25,56.0733032226562,0.0678015526692255
167.5,56.0733032226562,0.0571780577100902
168.75,56.0733032226562,0.0425301057826764
170,56.0733032226562,0.0291897226802306
171.25,56.0733032226562,0.018648165163773
172.5,56.0733032226562,0.0127786761859948
173.75,56.0733032226562,0.0134617034936872
175,56.0733032226562,0.0208806430684504
176.25,56.0733032226562,0.0336953017251699
177.5,56.0733032226562,0.0487774401313096
178.75,56.0733032226562,0.0612208624871842
180,56.0733032226562,0.0680828568908477
181.25,56.0733032226562,0.06951075500516
182.5,56.0733032226562,0.0662234502500295
183.75,56.0733032226562,0.0606803170600791
185,56.0733032226562,0.0556204992266829
186.25,56.0733032226562,0.0530907712863779
187.5,56.0733032226562,0.0534748716288551
188.75,56.0733032226562,0.0559351591785886
190,56.0733032226562,0.0590788198633794
191.25,56.0733032226562,0.0613651028188679
192.5,56.0733032226562,0.0615493141153521
193.75,56.0733032226562,0.06050032409171
195,56.0733032226562,0.0600132208929738
196.25,56.0733032226562,0.05893559660973
197.5,56.0733032226562,0.0582574115228396
198.75,56.0733032226562,0.0567226284076075
200,56.0733032226562,0.0627744739331527
201.25,56.0733032226562,0.0611360478835644
202.5,56.0733032226562,0.0595641198193891
203.75,56.0733032226562,0.0557314146641213
205,56.0733032226562,0.0496986158337306
206.25,56.0733032226562,0.0446824620911893
207.5,56.0733032226562,0.0390914332736321
208.75,56.0733032226562,0.0356084149766659
210,56.0733032226562,0.0346543192344927
211.25,56.0733032226562,0.0349878221942776
212.5,56.0733032226562,0.0353272855291409
213.75,56.0733032226562,0.0347781465727238
215,56.0733032226562,0.0330283399350312
216.25,56.0733032226562,0.0299033722127944
217.5,56.0733032226562,0.0249855687275341
218.75,56.0733032226562,0.0185650663261528
220,56.0733032226562,0.0118648411615064
221.25,56.0733032226562,0.00724227417051106
222.5,56.0733032226562,0.00551766358831624
223.75,56.0733032226562,0.00585693094364123
225,56.0733032226562,0.00727290132023252
226.25,56.0733032226562,0.00847023417911657
227.5,56.0733032226562,0.0036381855064137
162.5,57.0157012939453,0.0684720038878506
163.75,57.0157012939453,0.0670439366828467
165,57.0157012939453,0.0615698800113665
166.25,57.0157012939453,0.0590522679749431
167.5,57.0157012939453,0.0579599293426869
168.75,57.0157012939453,0.0526354938390428
170,57.0157012939453,0.0450041828036538
171.25,57.0157012939453,0.0380601491845087
172.5,57.0157012939453,0.0342262129249645
173.75,57.0157012939453,0.0356362833641134
175,57.0157012939453,0.0422601597945298
176.25,57.0157012939453,0.0523492207718684
177.5,57.0157012939453,0.0630601537759348
178.75,57.0157012939453,0.0706832139344541
180,57.0157012939453,0.0734554159743775
181.25,57.0157012939453,0.0726309378563937
182.5,57.0157012939453,0.0698269278994767
183.75,57.0157012939453,0.0655061584349103
185,57.0157012939453,0.0615068623248972
186.25,57.0157012939453,0.0593596472133302
187.5,57.0157012939453,0.0584699099582028
188.75,57.0157012939453,0.0574160597679092
190,57.0157012939453,0.0558479562941804
191.25,57.0157012939453,0.0559979267283039
192.5,57.0157012939453,0.0521063416236614
193.75,57.0157012939453,0.0491194806397596
195,57.0157012939453,0.0502647939215559
196.25,57.0157012939453,0.0524955207961794
197.5,57.0157012939453,0.0537843973520058
198.75,57.0157012939453,0.0528125915945234
200,57.0157012939453,0.0497060088136737
201.25,57.0157012939453,0.0447426719413177
202.5,57.0157012939453,0.0477848905975985
203.75,57.0157012939453,0.0480845539262269
205,57.0157012939453,0.0439080310052201
206.25,57.0157012939453,0.0393176577441519
207.5,57.0157012939453,0.0314296588864603
208.75,57.0157012939453,0.0277773013031065
210,57.0157012939453,0.0260544559212342
211.25,57.0157012939453,0.0260220955012896
212.5,57.0157012939453,0.0269052868610391
213.75,57.0157012939453,0.0280061052056099
215,57.0157012939453,0.0279554749258133
216.25,57.0157012939453,0.024883289228183
217.5,57.0157012939453,0.0189953290377115
218.75,57.0157012939453,0.0123826256647477
220,57.0157012939453,0.00771986317043221
221.25,57.0157012939453,0.00552789414100476
222.5,57.0157012939453,0.00567901826858564
223.75,57.0157012939453,0.00691784220634338
225,57.0157012939453,0.00810054193425025
226.25,57.0157012939453,0.00947273170985928
162.5,57.9581146240234,0.0684286833628261
163.75,57.9581146240234,0.0679357730607741
165,57.9581146240234,0.0623743460943269
166.25,57.9581146240234,0.0574155544662112
167.5,57.9581146240234,0.0564430041117789
168.75,57.9581146240234,0.0569665244142864
170,57.9581146240234,0.0566085228208058
171.25,57.9581146240234,0.0554320976023268
172.5,57.9581146240234,0.0551052684827992
173.75,57.9581146240234,0.0570864844545694
175,57.9581146240234,0.0621521781924703
176.25,57.9581146240234,0.0697957112704786
177.5,57.9581146240234,0.0762592045798363
178.75,57.9581146240234,0.0781151955088251
180,57.9581146240234,0.0770260179014928
181.25,57.9581146240234,0.0754564750533863
182.5,57.9581146240234,0.0734399976709523
183.75,57.9581146240234,0.0700859753276521
185,57.9581146240234,0.0662662961022397
186.25,57.9581146240234,0.062733816336014
187.5,57.9581146240234,0.0574222416284912
188.75,57.9581146240234,0.0500153268879069
190,57.9581146240234,0.0455819744752294
191.25,57.9581146240234,0.0420990507158248
192.5,57.9581146240234,0.0388813046709671
193.75,57.9581146240234,0.0375632124135799
195,57.9581146240234,0.0399051645773703
196.25,57.9581146240234,0.0436436595506061
197.5,57.9581146240234,0.0448541136586112
198.75,57.9581146240234,0.0430156243227742
200,57.9581146240234,0.0419586069018781
201.25,57.9581146240234,0.0398594255756434
202.5,57.9581146240234,0.0385567145020108
203.75,57.9581146240234,0.0456956066643044
206.25,57.9581146240234,0.0227351638344754
207.5,57.9581146240234,0.0232042820666211
208.75,57.9581146240234,0.0203278185941732
210,57.9581146240234,0.0171921661831964
211.25,57.9581146240234,0.0171129253510455
212.5,57.9581146240234,0.0180970201745967
213.75,57.9581146240234,0.0187784216860926
215,57.9581146240234,0.0183971963250175
216.25,57.9581146240234,0.0161794368063434
217.5,57.9581146240234,0.0119157466915037
218.75,57.9581146240234,0.00729709379564074
220,57.9581146240234,0.00481205916618797
221.25,57.9581146240234,0.00476651705678723
222.5,57.9581146240234,0.00616100572327155
223.75,57.9581146240234,0.00748150699296641
225,57.9581146240234,0.00741334316939632
160,58.9005279541016,0.00766298709134928
161.25,58.9005279541016,0.00970830824765455
162.5,58.9005279541016,0.0714035487539699
163.75,58.9005279541016,0.0717680707345375
165,58.9005279541016,0.0676077937135703
166.25,58.9005279541016,0.0629006889177968
167.5,58.9005279541016,0.0631051604275163
168.75,58.9005279541016,0.065474808956749
170,58.9005279541016,0.0670896718936158
171.25,58.9005279541016,0.0684353099513668
172.5,58.9005279541016,0.0702049676390855
173.75,58.9005279541016,0.0724403829715716
175,58.9005279541016,0.0753177408143696
176.25,58.9005279541016,0.0784751585980104
177.5,58.9005279541016,0.08038105934622
178.75,58.9005279541016,0.0805455952305855
180,58.9005279541016,0.0799173126195255
181.25,58.9005279541016,0.0794929794769672
182.5,58.9005279541016,0.0786617886308859
183.75,58.9005279541016,0.0747290697008465
185,58.9005279541016,0.06764249715733
186.25,58.9005279541016,0.0606101971373215
187.5,58.9005279541016,0.0522384473546145
188.75,58.9005279541016,0.0447771558525887
190,58.9005279541016,0.039805154983154
191.25,58.9005279541016,0.0364529408249536
192.5,58.9005279541016,0.0346530013778436
193.75,58.9005279541016,0.0350882515059838
195,58.9005279541016,0.0385301780830361
196.25,58.9005279541016,0.0415719855409706
197.5,58.9005279541016,0.0433387300818984
198.75,58.9005279541016,0.0394856755598817
200,58.9005279541016,0.038910795554679
201.25,58.9005279541016,0.0390536012768956
202.5,58.9005279541016,0.0394836495733358
206.25,58.9005279541016,0.0177371413222373
207.5,58.9005279541016,0.01632059947071
208.75,58.9005279541016,0.0133882033815557
210,58.9005279541016,0.0109526889029742
211.25,58.9005279541016,0.0102152869849736
212.5,58.9005279541016,0.00981831144804703
213.75,58.9005279541016,0.00992606558766855
215,58.9005279541016,0.00971734261075391
216.25,58.9005279541016,0.00897707963492393
217.5,58.9005279541016,0.00774196997381861
218.75,58.9005279541016,0.00630598911781084
220,58.9005279541016,0.00510325784245259
221.25,58.9005279541016,0.00535419515619
222.5,58.9005279541016,0.00560192598071556
160,59.8429260253906,0.00799066773247994
161.25,59.8429260253906,0.00995772435453187
162.5,59.8429260253906,0.0102968523320016
163.75,59.8429260253906,0.0692716391436183
165,59.8429260253906,0.0681804638196296
166.25,59.8429260253906,0.065363114776508
167.5,59.8429260253906,0.0680355809961491
168.75,59.8429260253906,0.0713518906048085
170,59.8429260253906,0.0734287451042633
171.25,59.8429260253906,0.0736047571174556
172.5,59.8429260253906,0.0722586295480715
173.75,59.8429260253906,0.0712972230969806
175,59.8429260253906,0.0724637154591611
176.25,59.8429260253906,0.0748904354225722
177.5,59.8429260253906,0.0775274205642952
178.75,59.8429260253906,0.0803942200079297
180,59.8429260253906,0.0830995325369612
181.25,59.8429260253906,0.0846683710440424
182.5,59.8429260253906,0.0826534206012508
183.75,59.8429260253906,0.0739793306479202
185,59.8429260253906,0.06356823732949
186.25,59.8429260253906,0.0560477764949379
187.5,59.8429260253906,0.0508281038983174
188.75,59.8429260253906,0.0482485506423125
190,59.8429260253906,0.0462697082329199
191.25,59.8429260253906,0.0455103430747273
192.5,59.8429260253906,0.0441199859633732
193.75,59.8429260253906,0.0455427413635253
195,59.8429260253906,0.0476280109172954
196.25,59.8429260253906,0.0480433491073488
197.5,59.8429260253906,0.0497476815011706
198.75,59.8429260253906,0.050091461247915
206.25,59.8429260253906,0.0151059972609495
207.5,59.8429260253906,0.014844902539598
208.75,59.8429260253906,0.00974476698466057
210,59.8429260253906,0.00816753571461008
211.25,59.8429260253906,0.00733886980554618
212.5,59.8429260253906,0.00534932729486262
213.75,59.8429260253906,0.00429356908862356
215,59.8429260253906,0.00292199171099544
216.25,59.8429260253906,0.00484571131691371
217.5,59.8429260253906,0.00816791839547982
218.75,59.8429260253906,0.0091618831374205
220,59.8429260253906,0.00765811127302025
221.25,59.8429260253906,0.00638760713311338
160,60.7853393554688,0.00475765135823624
161.25,60.7853393554688,0.00550675654876595
162.5,60.7853393554688,0.00535584157433635
167.5,60.7853393554688,0.0688239885662136
168.75,60.7853393554688,0.0702309742052269
170,60.7853393554688,0.0703794803247146
171.25,60.7853393554688,0.0740109055140469
172.5,60.7853393554688,0.0706237480053167
173.75,60.7853393554688,0.0691483163011855
175,60.7853393554688,0.0678117554591273
176.25,60.7853393554688,0.0690153673530506
177.5,60.7853393554688,0.0724192101336452
178.75,60.7853393554688,0.0763142704529585
180,60.7853393554688,0.0791097970841656
181.25,60.7853393554688,0.0805282383196447
182.5,60.7853393554688,0.0767861429398755
183.75,60.7853393554688,0.0686046835586425
185,60.7853393554688,0.0628016058580774
186.25,60.7853393554688,0.0613421664378548
187.5,60.7853393554688,0.0631400422185633
188.75,60.7853393554688,0.0631273277883493
190,60.7853393554688,0.0619186434058592
191.25,60.7853393554688,0.061154240845648
192.5,60.7853393554688,0.0587693138257296
193.75,60.7853393554688,0.0600043756396806
195,60.7853393554688,0.0616971190922348
212.5,60.7853393554688,0.00483922418083745
213.75,60.7853393554688,0.0035266281092341
215,60.7853393554688,0.00134694237174016
216.25,60.7853393554688,0.00285328157509029
160,61.7277526855469,0.0100647549677503
173.75,61.7277526855469,0.0685512642014948
175,61.7277526855469,0.0663135283669474
176.25,61.7277526855469,0.0654100351933356
177.5,61.7277526855469,0.0635704019370685
178.75,61.7277526855469,0.0618025728418994
180,61.7277526855469,0.0604869778471881
181.25,61.7277526855469,0.0671130742955661
182.5,61.7277526855469,0.0716213071473831
183.75,61.7277526855469,0.068246405974129
185,61.7277526855469,0.066034725633609
186.25,61.7277526855469,0.0676111643699471
187.5,61.7277526855469,0.0731581751503095
188.75,61.7277526855469,0.0746276513725381
190,61.7277526855469,0.070000218083853
191.25,61.7277526855469,0.0665107548603716
192.5,61.7277526855469,0.0647450046494455
193.75,61.7277526855469,0.0662118861247947
195,61.7277526855469,0.0640369114177511
175,62.6701507568359,0.0653070434926998
176.25,62.6701507568359,0.0648937080759436
177.5,62.6701507568359,0.0381899995782644
178.75,62.6701507568359,0.0423912540926283
180,62.6701507568359,0.0419462223508925
181.25,62.6701507568359,0.0475697668989239
182.5,62.6701507568359,0.0571480256958028
183.75,62.6701507568359,0.0608933895525715
185,62.6701507568359,0.0615244049152396
186.25,62.6701507568359,0.0641466372392854
187.5,62.6701507568359,0.0690643908656892
188.75,62.6701507568359,0.0705596218421601
190,62.6701507568359,0.0686801319306742
191.25,62.6701507568359,0.0698118540581565
192.5,62.6701507568359,0.0723965847285373
193.75,62.6701507568359,0.0715850715435695
195,62.6701507568359,0.0694520687345725
196.25,62.6701507568359,0.0320404287937172
197.5,62.6701507568359,0.0320404298325772
178.75,63.6125640869141,0.0514481973177041
180,63.6125640869141,0.0489906052044947
181.25,63.6125640869141,0.0386225863588734
182.5,63.6125640869141,0.0427006732235031
183.75,63.6125640869141,0.0528510457822058
185,63.6125640869141,0.0584079740209647
186.25,63.6125640869141,0.0605334149426828
187.5,63.6125640869141,0.0598684203473203
188.75,63.6125640869141,0.0570788279888595
190,63.6125640869141,0.0590679381139147
191.25,63.6125640869141,0.0682018626173669
192.5,63.6125640869141,0.0727078973841396
193.75,63.6125640869141,0.0646892132534474
195,63.6125640869141,0.045563808725398
196.25,63.6125640869141,0.0334878315014971
197.5,63.6125640869141,0.0299550638933095
178.75,64.5549774169922,0.0562798047228128
180,64.5549774169922,0.0526975074987956
181.25,64.5549774169922,0.0512540734957949
182.5,64.5549774169922,0.050447349940917
183.75,64.5549774169922,0.0573753945044754
185,64.5549774169922,0.0592513779480581
186.25,64.5549774169922,0.0590349791502335
187.5,64.5549774169922,0.0561504616426166
188.75,64.5549774169922,0.0514204091297487
190,64.5549774169922,0.0540493778181063
191.25,64.5549774169922,0.0644999303513489
192.5,64.5549774169922,0.0622563859326009
193.75,64.5549774169922,0.0473618342391484
195,64.5549774169922,0.0343869604477635
196.25,64.5549774169922,0.0309261149886159
197.5,64.5549774169922,0.0280757092891474
180,65.4973907470703,0.0441781443624464
181.25,65.4973907470703,0.0436085714150172
182.5,65.4973907470703,0.0495554238961477
183.75,65.4973907470703,0.0550415095806733
185,65.4973907470703,0.0560099563038306
188.75,65.4973907470703,0.0466727849369264
190,65.4973907470703,0.0520683358455579
191.25,65.4973907470703,0.0572939848550208
192.5,65.4973907470703,0.0567916224191597
193.75,65.4973907470703,0.0520475763122792
