"lon","lat","beta"
160,20.2617797851562,0.0285955505888204
161.25,20.2617797851562,0.0275279833554654
162.5,20.2617797851562,0.0256462936369032
163.75,20.2617797851562,0.0230259223282246
165,20.2617797851562,0.020906926972782
166.25,20.2617797851562,0.01989349514045
167.5,20.2617797851562,0.01890384144039
168.75,20.2617797851562,0.0178061072787773
170,20.2617797851562,0.0179618298205314
171.25,20.2617797851562,0.0197015751220903
172.5,20.2617797851562,0.0215121011532384
173.75,20.2617797851562,0.0228519084439025
175,20.2617797851562,0.0223049224258777
176.25,20.2617797851562,0.0201667112660448
177.5,20.2617797851562,0.0177115191834139
178.75,20.2617797851562,0.0151738840309612
180,20.2617797851562,0.0113951294610147
181.25,20.2617797851562,0.00710944933109136
182.5,20.2617797851562,0.00313980683156789
183.75,20.2617797851562,-0.00111188303239259
185,20.2617797851562,-0.00526551650508596
186.25,20.2617797851562,-0.00832090720412738
187.5,20.2617797851562,-0.0102694830011044
188.75,20.2617797851562,-0.0116745507819201
190,20.2617797851562,-0.0134794214806747
191.25,20.2617797851562,-0.0150969964823087
192.5,20.2617797851562,-0.0168112118425824
193.75,20.2617797851562,-0.0183016566833268
195,20.2617797851562,-0.0199460212032448
196.25,20.2617797851562,-0.0211244908588507
197.5,20.2617797851562,-0.0218433776405855
198.75,20.2617797851562,-0.0218497842656218
200,20.2617797851562,-0.0210067468132199
201.25,20.2617797851562,-0.0184656537517749
202.5,20.2617797851562,-0.0154427465901974
203.75,20.2617797851562,-0.0100466675698391
205,20.2617797851562,0.00122724939098287
206.25,20.2617797851562,0.0186281886678856
207.5,20.2617797851562,0.0298305813855346
208.75,20.2617797851562,0.0368231607217926
210,20.2617797851562,0.0404603829720809
211.25,20.2617797851562,0.0417360540008039
212.5,20.2617797851562,0.0415612526996736
213.75,20.2617797851562,0.040790929741659
215,20.2617797851562,0.0416428513114558
216.25,20.2617797851562,0.0419534394536634
217.5,20.2617797851562,0.0418203768593707
218.75,20.2617797851562,0.0420974865251266
220,20.2617797851562,0.0425264254991978
221.25,20.2617797851562,0.0427139711829516
222.5,20.2617797851562,0.0428488580881494
223.75,20.2617797851562,0.0431206239580698
225,20.2617797851562,0.0429829294812563
226.25,20.2617797851562,0.0427986508529347
227.5,20.2617797851562,0.0435660926705888
228.75,20.2617797851562,0.0441934158459585
230,20.2617797851562,0.0446699806416503
231.25,20.2617797851562,0.0443257999183672
232.5,20.2617797851562,0.0432747155494048
233.75,20.2617797851562,0.0413989501915403
235,20.2617797851562,0.0392102268897843
236.25,20.2617797851562,0.0350857160830477
237.5,20.2617797851562,0.0294909754276916
238.75,20.2617797851562,0.0241801984922944
240,20.2617797851562,0.0199372273753726
241.25,20.2617797851562,0.0166407018577282
242.5,20.2617797851562,0.0124232462350569
243.75,20.2617797851562,0.00865319640320283
245,20.2617797851562,0.00541719740840344
246.25,20.2617797851562,-7.70538712008533e-05
247.5,20.2617797851562,-0.0126966531017218
248.75,20.2617797851562,-0.0289362088195565
250,20.2617797851562,-0.0353807898614033
160,21.2041854858398,0.0206738606383436
161.25,21.2041854858398,0.0187370940534091
162.5,21.2041854858398,0.0165727527289124
163.75,21.2041854858398,0.0142375509511998
165,21.2041854858398,0.0122862556162403
166.25,21.2041854858398,0.0104153123865819
167.5,21.2041854858398,0.00823006210234904
168.75,21.2041854858398,0.00615350512734358
170,21.2041854858398,0.00479818861587769
171.25,21.2041854858398,0.0055850332400728
172.5,21.2041854858398,0.00719636053093388
173.75,21.2041854858398,0.00900552148047369
175,21.2041854858398,0.010264048441653
176.25,21.2041854858398,0.0106048336426633
177.5,21.2041854858398,0.0106406527476283
178.75,21.2041854858398,0.0107961518459385
180,21.2041854858398,0.0103073367866765
181.25,21.2041854858398,0.00746942688493788
182.5,21.2041854858398,0.00353794229593808
183.75,21.2041854858398,-0.00135172877519679
185,21.2041854858398,-0.00659091313725429
186.25,21.2041854858398,-0.0108579737509702
187.5,21.2041854858398,-0.0135560823746614
188.75,21.2041854858398,-0.0150243870403206
190,21.2041854858398,-0.0166099248365243
191.25,21.2041854858398,-0.017591858516345
192.5,21.2041854858398,-0.0191011597950507
193.75,21.2041854858398,-0.020237814332729
195,21.2041854858398,-0.0212678279924926
196.25,21.2041854858398,-0.0223496252724869
197.5,21.2041854858398,-0.0230611966424298
198.75,21.2041854858398,-0.0233677283035534
200,21.2041854858398,-0.0224290270092345
201.25,21.2041854858398,-0.0192246211539176
202.5,21.2041854858398,-0.0150648145657081
203.75,21.2041854858398,-0.00949886068479669
205,21.2041854858398,-0.000492361897710187
206.25,21.2041854858398,0.0118207484997252
207.5,21.2041854858398,0.0227676018200737
208.75,21.2041854858398,0.0306601146510141
210,21.2041854858398,0.0357516716096293
211.25,21.2041854858398,0.03837875358305
212.5,21.2041854858398,0.0390345412168345
213.75,21.2041854858398,0.038767359172261
215,21.2041854858398,0.0394749447330644
216.25,21.2041854858398,0.0401302178558924
217.5,21.2041854858398,0.0406758934129516
218.75,21.2041854858398,0.0414564236487421
220,21.2041854858398,0.0419592566868803
221.25,21.2041854858398,0.0417395331227016
222.5,21.2041854858398,0.0411879319841779
223.75,21.2041854858398,0.0408142214853529
225,21.2041854858398,0.0404494449119958
226.25,21.2041854858398,0.0408539360671555
227.5,21.2041854858398,0.0429332469352399
228.75,21.2041854858398,0.0450822674408312
230,21.2041854858398,0.046231641157766
231.25,21.2041854858398,0.0465632819969851
232.5,21.2041854858398,0.0464125497956596
233.75,21.2041854858398,0.0460019120675175
235,21.2041854858398,0.0444970242790041
236.25,21.2041854858398,0.0412099345367639
237.5,21.2041854858398,0.0355607439072143
238.75,21.2041854858398,0.0299682524670008
240,21.2041854858398,0.0247266655901475
241.25,21.2041854858398,0.020380845369313
242.5,21.2041854858398,0.015383265942833
243.75,21.2041854858398,0.0114311349973265
245,21.2041854858398,0.00804474740241677
246.25,21.2041854858398,0.00352047970242358
247.5,21.2041854858398,-0.00625763698956917
248.75,21.2041854858398,-0.022277717739713
250,21.2041854858398,-0.0312870180359587
160,22.146598815918,0.01315810091346
161.25,22.146598815918,0.0105544132641537
162.5,22.146598815918,0.00781086515775066
163.75,22.146598815918,0.00452793770721319
165,22.146598815918,0.00168144767166939
166.25,22.146598815918,-0.000619167083714332
167.5,22.146598815918,-0.00286701156690097
168.75,22.146598815918,-0.00509117035007214
170,22.146598815918,-0.00734908633688545
171.25,22.146598815918,-0.00774082381949999
172.5,22.146598815918,-0.00709289239440493
173.75,22.146598815918,-0.00529895040535321
175,22.146598815918,-0.00282182851878625
176.25,22.146598815918,-0.00101422337354442
177.5,22.146598815918,0.000305471754895219
178.75,22.146598815918,0.00223015518279863
180,22.146598815918,0.0042865465259091
181.25,22.146598815918,0.00466345603653002
182.5,22.146598815918,0.00322188065957829
183.75,22.146598815918,-0.000194664703717363
185,22.146598815918,-0.00560422020533354
186.25,22.146598815918,-0.0107919388717631
187.5,22.146598815918,-0.0142853949982864
188.75,22.146598815918,-0.0160707356612598
190,22.146598815918,-0.0173667727945757
191.25,22.146598815918,-0.0184388107800651
192.5,22.146598815918,-0.0207251793956572
193.75,22.146598815918,-0.0224959720476259
195,22.146598815918,-0.0230130734522224
196.25,22.146598815918,-0.023241579864713
197.5,22.146598815918,-0.0231795499545945
198.75,22.146598815918,-0.0227343798283124
200,22.146598815918,-0.0216108793966916
201.25,22.146598815918,-0.0192031358448207
202.5,22.146598815918,-0.0156534635064643
203.75,22.146598815918,-0.0107615850966953
205,22.146598815918,-0.00422396510771522
206.25,22.146598815918,0.00442865256949626
207.5,22.146598815918,0.0142225758213311
208.75,22.146598815918,0.0229013943942088
210,22.146598815918,0.0292882969470081
211.25,22.146598815918,0.0332130592256046
212.5,22.146598815918,0.0348105225925423
213.75,22.146598815918,0.0352755206517089
215,22.146598815918,0.0356031821078914
216.25,22.146598815918,0.0360183556257378
217.5,22.146598815918,0.0368598490816507
218.75,22.146598815918,0.037870533580851
220,22.146598815918,0.0384934527656082
221.25,22.146598815918,0.0383802949654848
222.5,22.146598815918,0.037612518792789
223.75,22.146598815918,0.0368654306508429
225,22.146598815918,0.0369740916531547
226.25,22.146598815918,0.0384152119891831
227.5,22.146598815918,0.0415428899741383
228.75,22.146598815918,0.0444704726090923
230,22.146598815918,0.045913676590156
231.25,22.146598815918,0.046574948624476
232.5,22.146598815918,0.0470369950599946
233.75,22.146598815918,0.0477324031701061
235,22.146598815918,0.0470616072013735
236.25,22.146598815918,0.0445238853722075
237.5,22.146598815918,0.0401606018151691
238.75,22.146598815918,0.0353397282283748
240,22.146598815918,0.0302675019582785
241.25,22.146598815918,0.0247822988666557
242.5,22.146598815918,0.0185524412412388
243.75,22.146598815918,0.0128404253646172
245,22.146598815918,0.00779964079375137
246.25,22.146598815918,0.0033353870307801
247.5,22.146598815918,-0.00400749058571381
248.75,22.146598815918,-0.0181359029246497
250,22.146598815918,-0.0288959432145992
160,23.0890045166016,0.0104261319540817
161.25,23.0890045166016,0.00751264837702168
162.5,23.0890045166016,0.00460002707623592
163.75,23.0890045166016,0.000723641715213201
165,23.0890045166016,-0.00370493251622502
166.25,23.0890045166016,-0.00751338947433161
167.5,23.0890045166016,-0.0109201189337193
168.75,23.0890045166016,-0.0138917103862479
170,23.0890045166016,-0.016486466031574
171.25,23.0890045166016,-0.0185828614738096
172.5,23.0890045166016,-0.0190924349937161
173.75,23.0890045166016,-0.0182130893472499
175,23.0890045166016,-0.016384202201576
176.25,23.0890045166016,-0.0141340689982073
177.5,23.0890045166016,-0.0117497733534823
178.75,23.0890045166016,-0.00825424899378861
180,23.0890045166016,-0.00507222119163186
181.25,23.0890045166016,-0.00209829610896679
182.5,23.0890045166016,-0.000241329298097515
183.75,23.0890045166016,-0.000651395263886848
185,23.0890045166016,-0.0040453662309304
186.25,23.0890045166016,-0.00820319553093982
187.5,23.0890045166016,-0.0115952875957853
188.75,23.0890045166016,-0.0141614016512412
190,23.0890045166016,-0.0160968194293305
191.25,23.0890045166016,-0.017290885587449
192.5,23.0890045166016,-0.0192945684596599
193.75,23.0890045166016,-0.0218176712137302
195,23.0890045166016,-0.0232486841729204
196.25,23.0890045166016,-0.0232195153329649
197.5,23.0890045166016,-0.0228872934133683
198.75,23.0890045166016,-0.0222054705655055
200,23.0890045166016,-0.0211633638557678
201.25,23.0890045166016,-0.0198578664966212
202.5,23.0890045166016,-0.0176496966008984
203.75,23.0890045166016,-0.0153558086370347
205,23.0890045166016,-0.0108275783571579
206.25,23.0890045166016,-0.0037494796843663
207.5,23.0890045166016,0.00542095639630217
208.75,23.0890045166016,0.0145758262197801
210,23.0890045166016,0.0217502574333716
211.25,23.0890045166016,0.0268215332908382
212.5,23.0890045166016,0.0297357595400425
213.75,23.0890045166016,0.0311430575508464
215,23.0890045166016,0.03154592360566
216.25,23.0890045166016,0.0315994523295112
217.5,23.0890045166016,0.0316047064587343
218.75,23.0890045166016,0.0319132718641607
220,23.0890045166016,0.0324989765787207
221.25,23.0890045166016,0.032920043144878
222.5,23.0890045166016,0.0328500337582846
223.75,23.0890045166016,0.0325199840247829
225,23.0890045166016,0.0330348921223913
226.25,23.0890045166016,0.0349382917627649
227.5,23.0890045166016,0.0385154636451733
228.75,23.0890045166016,0.0418315073189304
230,23.0890045166016,0.0444384554745143
231.25,23.0890045166016,0.0460836149930608
232.5,23.0890045166016,0.0472337600880707
233.75,23.0890045166016,0.0478256189918896
235,23.0890045166016,0.0467759974724196
236.25,23.0890045166016,0.0444967449204764
237.5,23.0890045166016,0.0424260012767571
238.75,23.0890045166016,0.0390334754204662
240,23.0890045166016,0.033670901045879
241.25,23.0890045166016,0.0284561685868711
242.5,23.0890045166016,0.0219931656687044
243.75,23.0890045166016,0.0153567933890222
245,23.0890045166016,0.00876977401583565
246.25,23.0890045166016,0.00289498891628868
247.5,23.0890045166016,-0.00192070747844784
248.75,23.0890045166016,-0.012290675900931
250,23.0890045166016,-0.0272062696905021
160,24.0314178466797,0.0132351464416852
161.25,24.0314178466797,0.0104363088190146
162.5,24.0314178466797,0.00755179447177698
163.75,24.0314178466797,0.0046831972370829
165,24.0314178466797,0.00129622081375176
166.25,24.0314178466797,-0.00284353146717395
167.5,24.0314178466797,-0.00777269032266042
168.75,24.0314178466797,-0.0125891700657602
170,24.0314178466797,-0.0169561282857956
171.25,24.0314178466797,-0.0211053322238968
172.5,24.0314178466797,-0.0244167484796469
173.75,24.0314178466797,-0.0265893650971159
175,24.0314178466797,-0.0274555184148879
176.25,24.0314178466797,-0.0266162109572582
177.5,24.0314178466797,-0.024063015008965
178.75,24.0314178466797,-0.0200822694405133
180,24.0314178466797,-0.0155739031582331
181.25,24.0314178466797,-0.0104630734619698
182.5,24.0314178466797,-0.00607009969894812
183.75,24.0314178466797,-0.00369251030083279
185,24.0314178466797,-0.00393528713125159
186.25,24.0314178466797,-0.00538918651264912
187.5,24.0314178466797,-0.00735711898353433
188.75,24.0314178466797,-0.00970615942187189
190,24.0314178466797,-0.012223815280729
191.25,24.0314178466797,-0.0141359690048582
192.5,24.0314178466797,-0.016599228784657
193.75,24.0314178466797,-0.0195151735035792
195,24.0314178466797,-0.0214455077531929
196.25,24.0314178466797,-0.0218835969125939
197.5,24.0314178466797,-0.0218061742140324
198.75,24.0314178466797,-0.021346579958452
200,24.0314178466797,-0.020449344096748
201.25,24.0314178466797,-0.019569290037969
202.5,24.0314178466797,-0.0191335855960857
203.75,24.0314178466797,-0.0182635956885439
205,24.0314178466797,-0.0159152318173605
206.25,24.0314178466797,-0.0106760991591923
207.5,24.0314178466797,-0.00279155997683983
208.75,24.0314178466797,0.00609934062378695
210,24.0314178466797,0.013643539931936
211.25,24.0314178466797,0.0192238337070623
212.5,24.0314178466797,0.0230380898911597
213.75,24.0314178466797,0.0255881261002825
215,24.0314178466797,0.0270762864134673
216.25,24.0314178466797,0.0274773592725045
217.5,24.0314178466797,0.0271042928746784
218.75,24.0314178466797,0.0269216207125326
220,24.0314178466797,0.027393808614935
221.25,24.0314178466797,0.0282325045895939
222.5,24.0314178466797,0.0289622246796525
223.75,24.0314178466797,0.0293540931545585
225,24.0314178466797,0.0298671437171095
226.25,24.0314178466797,0.0316708545849598
227.5,24.0314178466797,0.0349703728025932
228.75,24.0314178466797,0.0383552629652399
230,24.0314178466797,0.0418622481843786
231.25,24.0314178466797,0.0446619981052242
232.5,24.0314178466797,0.0461958906341072
233.75,24.0314178466797,0.0460627125824393
235,24.0314178466797,0.0441968947772493
236.25,24.0314178466797,0.0418790528339932
237.5,24.0314178466797,0.0406553076830706
238.75,24.0314178466797,0.0384284075538287
240,24.0314178466797,0.0342624904566166
241.25,24.0314178466797,0.0302009371362445
242.5,24.0314178466797,0.0243117787497026
243.75,24.0314178466797,0.0177254151433032
245,24.0314178466797,0.0104789487894002
246.25,24.0314178466797,0.0036591274807538
247.5,24.0314178466797,0.000129323387300242
248.75,24.0314178466797,-0.00717392815485154
250,24.0314178466797,-0.020898019682487
160,24.9738235473633,0.0184617878416008
161.25,24.9738235473633,0.0158602584301541
162.5,24.9738235473633,0.0129167365486267
163.75,24.9738235473633,0.0103222872478778
165,24.9738235473633,0.00763149286133939
166.25,24.9738235473633,0.00397716248468953
167.5,24.9738235473633,-0.000783448166288556
168.75,24.9738235473633,-0.00620380073908057
170,24.9738235473633,-0.0115887517786857
171.25,24.9738235473633,-0.0158705260040606
172.5,24.9738235473633,-0.021205943313802
173.75,24.9738235473633,-0.0266860439564107
175,24.9738235473633,-0.0310371079772149
176.25,24.9738235473633,-0.0333527354751145
177.5,24.9738235473633,-0.0332413206038046
178.75,24.9738235473633,-0.0308320126685808
180,24.9738235473633,-0.026774683481308
181.25,24.9738235473633,-0.0202236829074724
182.5,24.9738235473633,-0.0143638450206797
183.75,24.9738235473633,-0.0100851847637865
185,24.9738235473633,-0.00750521798154487
186.25,24.9738235473633,-0.0066561097238513
187.5,24.9738235473633,-0.00665924099294634
188.75,24.9738235473633,-0.0074286847974084
190,24.9738235473633,-0.00903413685269557
191.25,24.9738235473633,-0.0112265118920858
192.5,24.9738235473633,-0.0135910597518664
193.75,24.9738235473633,-0.0161420160392366
195,24.9738235473633,-0.0181264023131762
196.25,24.9738235473633,-0.0194746774438918
197.5,24.9738235473633,-0.0197767747024537
198.75,24.9738235473633,-0.0196857042938163
200,24.9738235473633,-0.019080227039575
201.25,24.9738235473633,-0.0177849772665155
202.5,24.9738235473633,-0.0167210548290021
203.75,24.9738235473633,-0.0165946999053729
205,24.9738235473633,-0.016586178591295
206.25,24.9738235473633,-0.0145810355010777
207.5,24.9738235473633,-0.00992375428918033
208.75,24.9738235473633,-0.00300194152619811
210,24.9738235473633,0.00439457329735257
211.25,24.9738235473633,0.0102084861837718
212.5,24.9738235473633,0.0146414500531001
213.75,24.9738235473633,0.0181157759360886
215,24.9738235473633,0.0207061582657725
216.25,24.9738235473633,0.0221736465999081
217.5,24.9738235473633,0.0227339056374778
218.75,24.9738235473633,0.0231763689773767
220,24.9738235473633,0.0239456195609738
221.25,24.9738235473633,0.0247867845924997
222.5,24.9738235473633,0.025635164280733
223.75,24.9738235473633,0.0265248262693686
225,24.9738235473633,0.0273407192111973
226.25,24.9738235473633,0.0289717905053305
227.5,24.9738235473633,0.0316543054406251
228.75,24.9738235473633,0.0348083884553128
230,24.9738235473633,0.0384792979129269
231.25,24.9738235473633,0.0415243361942526
232.5,24.9738235473633,0.0427678484907152
233.75,24.9738235473633,0.0421364519194378
235,24.9738235473633,0.0401093969358091
236.25,24.9738235473633,0.037235813501845
237.5,24.9738235473633,0.0358433731271175
238.75,24.9738235473633,0.0341903851277981
240,24.9738235473633,0.0317979470777675
241.25,24.9738235473633,0.0297226163943243
242.5,24.9738235473633,0.02503272971857
243.75,24.9738235473633,0.0185093787557229
245,24.9738235473633,0.0114359537870332
246.25,24.9738235473633,0.00537377604055338
247.5,24.9738235473633,0.00235555705366568
248.75,24.9738235473633,-0.00218995631409688
250,24.9738235473633,-0.0177066517473221
160,25.9162292480469,0.024403376548246
161.25,25.9162292480469,0.0219906821481653
162.5,25.9162292480469,0.0191793640342319
163.75,25.9162292480469,0.0166218096163165
165,25.9162292480469,0.0137078558057229
166.25,25.9162292480469,0.00975161991706849
167.5,25.9162292480469,0.00467274932133925
168.75,25.9162292480469,-0.000766039524149834
170,25.9162292480469,-0.00607036355429274
171.25,25.9162292480469,-0.0106780723699337
172.5,25.9162292480469,-0.0162632178229316
173.75,25.9162292480469,-0.0225112977182151
175,25.9162292480469,-0.0279905023339357
176.25,25.9162292480469,-0.0323928691734754
177.5,25.9162292480469,-0.0359795859409223
178.75,25.9162292480469,-0.0379153473572209
180,25.9162292480469,-0.0364043292506493
181.25,25.9162292480469,-0.0307821730180926
182.5,25.9162292480469,-0.0246779560763585
183.75,25.9162292480469,-0.0196099066107325
185,25.9162292480469,-0.0156571272150782
186.25,25.9162292480469,-0.0130692655106423
187.5,25.9162292480469,-0.0109883565926053
188.75,25.9162292480469,-0.00975791323497579
190,25.9162292480469,-0.00991975581918961
191.25,25.9162292480469,-0.0108492345873356
192.5,25.9162292480469,-0.012342122038761
193.75,25.9162292480469,-0.0134420839556355
195,25.9162292480469,-0.0147302094378375
196.25,25.9162292480469,-0.0159926387216551
197.5,25.9162292480469,-0.0160939183544597
198.75,25.9162292480469,-0.015887315075093
200,25.9162292480469,-0.015597164019382
201.25,25.9162292480469,-0.0145435826042306
202.5,25.9162292480469,-0.0129804728156321
203.75,25.9162292480469,-0.0118634642423582
205,25.9162292480469,-0.0114051999648593
206.25,25.9162292480469,-0.011548318924154
207.5,25.9162292480469,-0.0105394794268373
208.75,25.9162292480469,-0.00726279540279176
210,25.9162292480469,-0.00191322996593144
211.25,25.9162292480469,0.00274317213740364
212.5,25.9162292480469,0.00691376732927869
213.75,25.9162292480469,0.0105129912485461
215,25.9162292480469,0.0134801978299645
216.25,25.9162292480469,0.0159298423135016
217.5,25.9162292480469,0.0171721585258921
218.75,25.9162292480469,0.018603189433345
220,25.9162292480469,0.0196959368322813
221.25,25.9162292480469,0.0209184074649902
222.5,25.9162292480469,0.0222122836832215
223.75,25.9162292480469,0.0239215351409492
225,25.9162292480469,0.0255152810191653
226.25,25.9162292480469,0.0271579563515157
227.5,25.9162292480469,0.0292226558880751
228.75,25.9162292480469,0.0316169201239098
230,25.9162292480469,0.0349394990002072
231.25,25.9162292480469,0.0375514266419683
232.5,25.9162292480469,0.0380404167617009
233.75,25.9162292480469,0.0364222694509334
235,25.9162292480469,0.0339334667730372
236.25,25.9162292480469,0.0309190612313947
237.5,25.9162292480469,0.0295018143442221
238.75,25.9162292480469,0.0290576637500686
240,25.9162292480469,0.0281150660921787
241.25,25.9162292480469,0.0276724491113028
242.5,25.9162292480469,0.0244295365575152
243.75,25.9162292480469,0.0190707675928233
245,25.9162292480469,0.0138556336045371
246.25,25.9162292480469,0.00958757811385839
247.5,25.9162292480469,0.00532067801831356
248.75,25.9162292480469,-0.0104428109291981
250,25.9162292480469,-0.0160770977869166
160,26.858642578125,0.0308709270189732
161.25,26.858642578125,0.0286964510198155
162.5,26.858642578125,0.0267401664728668
163.75,26.858642578125,0.0243877490700198
165,26.858642578125,0.0205200507975012
166.25,26.858642578125,0.0156286964030312
167.5,26.858642578125,0.00991190350608238
168.75,26.858642578125,0.00445983516965708
170,26.858642578125,-0.000559619731769011
171.25,26.858642578125,-0.00590414355747308
172.5,26.858642578125,-0.0114064881557641
173.75,26.858642578125,-0.0174225566043951
175,26.858642578125,-0.0222801393791295
176.25,26.858642578125,-0.0270624620088211
177.5,26.858642578125,-0.0326704455553099
178.75,26.858642578125,-0.0380685837620057
180,26.858642578125,-0.0408296137041036
181.25,26.858642578125,-0.0394036816410763
182.5,26.858642578125,-0.0353670825304432
183.75,26.858642578125,-0.0302479189483228
185,26.858642578125,-0.0258707688623104
186.25,26.858642578125,-0.0213263493546971
187.5,26.858642578125,-0.016909408573201
188.75,26.858642578125,-0.0140421629301075
190,26.858642578125,-0.01256947765653
191.25,26.858642578125,-0.0119901101099741
192.5,26.858642578125,-0.0122218775333134
193.75,26.858642578125,-0.0125545894184422
195,26.858642578125,-0.0120439182373005
196.25,26.858642578125,-0.0118092769052903
197.5,26.858642578125,-0.011383695704064
198.75,26.858642578125,-0.0103609647546752
200,26.858642578125,-0.00934184615173596
201.25,26.858642578125,-0.00827280079575498
202.5,26.858642578125,-0.00682486756337915
203.75,26.858642578125,-0.00489527710926671
205,26.858642578125,-0.00339227422483776
206.25,26.858642578125,-0.0036281785533966
207.5,26.858642578125,-0.00419038057911804
208.75,26.858642578125,-0.00412508309467028
210,26.858642578125,-0.0017232931384925
211.25,26.858642578125,0.00118822733359707
212.5,26.858642578125,0.00398332246698846
213.75,26.858642578125,0.00637935933540962
215,26.858642578125,0.00778657089930658
216.25,26.858642578125,0.00945232601692051
217.5,26.858642578125,0.0110906948609975
218.75,26.858642578125,0.0129423324222997
220,26.858642578125,0.0142578318093859
221.25,26.858642578125,0.015772607485419
222.5,26.858642578125,0.0180415142630253
223.75,26.858642578125,0.0208940555971299
225,26.858642578125,0.0233997638965222
226.25,26.858642578125,0.0256697759211553
227.5,26.858642578125,0.0274726317251538
228.75,26.858642578125,0.0294179822815786
230,26.858642578125,0.0317131244351192
231.25,26.858642578125,0.0334765068434904
232.5,26.858642578125,0.0336462025280109
233.75,26.858642578125,0.0321012824801943
235,26.858642578125,0.0299264042234963
236.25,26.858642578125,0.027115637947818
237.5,26.858642578125,0.0245327846430179
238.75,26.858642578125,0.024857493587289
240,26.858642578125,0.025156119507094
241.25,26.858642578125,0.0249788676692838
242.5,26.858642578125,0.0230333221011835
243.75,26.858642578125,0.0202705914494604
245,26.858642578125,0.0185127870308062
246.25,26.858642578125,0.0149853127208926
247.5,26.858642578125,0.00877440105301906
248.75,26.858642578125,-0.00710759094179799
250,26.858642578125,-0.0129193235073558
160,27.8010482788086,0.0365836670393297
161.25,27.8010482788086,0.0344355788440444
162.5,27.8010482788086,0.0328750773361971
163.75,27.8010482788086,0.0307447660464254
165,27.8010482788086,0.0271584728002507
166.25,27.8010482788086,0.0216437040062022
167.5,27.8010482788086,0.0158935685578816
168.75,27.8010482788086,0.0107804720711211
170,27.8010482788086,0.00570627702599967
171.25,27.8010482788086,1.12960670957764e-06
172.5,27.8010482788086,-0.00648443793745447
173.75,27.8010482788086,-0.0117963402286182
175,27.8010482788086,-0.0149703038195988
176.25,27.8010482788086,-0.0181909319496659
177.5,27.8010482788086,-0.0226262588675635
178.75,27.8010482788086,-0.0285937272616781
180,27.8010482788086,-0.0348481698069605
181.25,27.8010482788086,-0.0392668926582029
182.5,27.8010482788086,-0.0397123089590736
183.75,27.8010482788086,-0.0376772956352818
185,27.8010482788086,-0.0343937267410944
186.25,27.8010482788086,-0.0291460327997253
187.5,27.8010482788086,-0.0228889293354252
188.75,27.8010482788086,-0.0181314368007076
190,27.8010482788086,-0.0151107219990572
191.25,27.8010482788086,-0.0127767852057301
192.5,27.8010482788086,-0.0110731633844595
193.75,27.8010482788086,-0.0102408923714145
195,27.8010482788086,-0.0093636655184597
196.25,27.8010482788086,-0.00777015996547506
197.5,27.8010482788086,-0.00591292144946106
198.75,27.8010482788086,-0.00368815935531243
200,27.8010482788086,-0.0015346838141044
201.25,27.8010482788086,0.000408496969736964
202.5,27.8010482788086,0.00298775554697928
203.75,27.8010482788086,0.00581947392246341
205,27.8010482788086,0.0068966974182767
206.25,27.8010482788086,0.00702242025858259
207.5,27.8010482788086,0.00610150597600073
208.75,27.8010482788086,0.00494394679753851
210,27.8010482788086,0.00465384415008255
211.25,27.8010482788086,0.00501332069221377
212.5,27.8010482788086,0.00599822263609644
213.75,27.8010482788086,0.00723852639685088
215,27.8010482788086,0.00702458346202239
216.25,27.8010482788086,0.00624617626308858
217.5,27.8010482788086,0.0067611109193313
218.75,27.8010482788086,0.00846915825997947
220,27.8010482788086,0.0101445457256952
221.25,27.8010482788086,0.0118256723882937
222.5,27.8010482788086,0.0142857445014903
223.75,27.8010482788086,0.0176825076141846
225,27.8010482788086,0.020846821707184
226.25,27.8010482788086,0.023740428775923
227.5,27.8010482788086,0.0258979668221689
228.75,27.8010482788086,0.0276656389938819
230,27.8010482788086,0.0288215018923898
231.25,27.8010482788086,0.0293926339150278
232.5,27.8010482788086,0.0294028614609445
233.75,27.8010482788086,0.0284425250822974
235,27.8010482788086,0.0266330501998242
236.25,27.8010482788086,0.02433477283584
237.5,27.8010482788086,0.0219465053329721
238.75,27.8010482788086,0.0212556397575191
240,27.8010482788086,0.0211899820556535
241.25,27.8010482788086,0.0203969323493458
242.5,27.8010482788086,0.0197667669935526
243.75,27.8010482788086,0.0197311200539867
245,27.8010482788086,0.0209926199391763
246.25,27.8010482788086,0.0218586355874186
247.5,27.8010482788086,0.00586677766776639
248.75,27.8010482788086,-0.00225900058848262
250,27.8010482788086,-0.00875524752015534
160,28.7434539794922,0.0399967733263747
161.25,28.7434539794922,0.0370221449053562
162.5,28.7434539794922,0.0352757416252095
163.75,28.7434539794922,0.0336554817700365
165,28.7434539794922,0.0307545136047212
166.25,28.7434539794922,0.0255690508561323
167.5,28.7434539794922,0.0200342411078468
168.75,28.7434539794922,0.0151386862682935
170,28.7434539794922,0.010218904867496
171.25,28.7434539794922,0.00433300141346423
172.5,28.7434539794922,-0.00236047683968928
173.75,28.7434539794922,-0.00776142044843901
175,28.7434539794922,-0.0102165566299732
176.25,28.7434539794922,-0.0115016868975955
177.5,28.7434539794922,-0.013838859953864
178.75,28.7434539794922,-0.0176432276968236
180,28.7434539794922,-0.0223757429651293
181.25,28.7434539794922,-0.0258333450018739
182.5,28.7434539794922,-0.0280006057369909
183.75,28.7434539794922,-0.0283925193461921
185,28.7434539794922,-0.0286643594684851
186.25,28.7434539794922,-0.0260753438657428
187.5,28.7434539794922,-0.0205196857247737
188.75,28.7434539794922,-0.0149935616402177
190,28.7434539794922,-0.0112401525278012
191.25,28.7434539794922,-0.00765958306071358
192.5,28.7434539794922,-0.00425850515670099
193.75,28.7434539794922,-0.0024799962683199
195,28.7434539794922,-0.00184342209315124
196.25,28.7434539794922,-6.0024008547206e-05
197.5,28.7434539794922,0.00196765513330591
198.75,28.7434539794922,0.00395756013115866
200,28.7434539794922,0.00655925268185709
201.25,28.7434539794922,0.0096012354555556
202.5,28.7434539794922,0.0132043314813544
203.75,28.7434539794922,0.0170053925048188
205,28.7434539794922,0.0194443394354179
206.25,28.7434539794922,0.019900448449432
207.5,28.7434539794922,0.0193350426528487
208.75,28.7434539794922,0.0178819310343943
210,28.7434539794922,0.0152369039175555
211.25,28.7434539794922,0.0126201948670433
212.5,28.7434539794922,0.0113114845984378
213.75,28.7434539794922,0.0111998592050123
215,28.7434539794922,0.010169527128832
216.25,28.7434539794922,0.00845715806916583
217.5,28.7434539794922,0.00685921893184198
218.75,28.7434539794922,0.00749403490129477
220,28.7434539794922,0.00939550364549558
221.25,28.7434539794922,0.011236294663528
222.5,28.7434539794922,0.013378299779689
223.75,28.7434539794922,0.0162837065627397
225,28.7434539794922,0.019470177424077
226.25,28.7434539794922,0.0221884210029236
227.5,28.7434539794922,0.0241585760208496
228.75,28.7434539794922,0.0256733389898997
230,28.7434539794922,0.0260011548621184
231.25,28.7434539794922,0.0256940916958518
232.5,28.7434539794922,0.0252150314853129
233.75,28.7434539794922,0.02459903169977
235,28.7434539794922,0.0234289212339614
236.25,28.7434539794922,0.0218717715938166
237.5,28.7434539794922,0.0200367302824361
238.75,28.7434539794922,0.0189846565465597
240,28.7434539794922,0.0177248055434701
241.25,28.7434539794922,0.0155563007266558
242.5,28.7434539794922,0.0154885476158122
243.75,28.7434539794922,0.0185720656258117
245,28.7434539794922,0.0219897156933147
246.25,28.7434539794922,0.0240484313073392
160,29.6858673095703,0.0431182699450735
161.25,29.6858673095703,0.0392720551232547
162.5,29.6858673095703,0.0359884047181093
163.75,29.6858673095703,0.0334821524808615
165,29.6858673095703,0.0310262994711165
166.25,29.6858673095703,0.0273127476921882
167.5,29.6858673095703,0.0227275291423112
168.75,29.6858673095703,0.0179499285782848
170,29.6858673095703,0.0132421572377711
171.25,29.6858673095703,0.00729610328373061
172.5,29.6858673095703,0.00107843981946116
173.75,29.6858673095703,-0.003996074288534
175,29.6858673095703,-0.00645262714137918
176.25,29.6858673095703,-0.00722079934291925
177.5,29.6858673095703,-0.00839255550720835
178.75,29.6858673095703,-0.0108332783106055
180,29.6858673095703,-0.0139072597285569
181.25,29.6858673095703,-0.0159252926821354
182.5,29.6858673095703,-0.0160569169154007
183.75,29.6858673095703,-0.0154026105529109
185,29.6858673095703,-0.0142091085485428
186.25,29.6858673095703,-0.0118724197814932
187.5,29.6858673095703,-0.0073311064015631
188.75,29.6858673095703,-0.00173432940905444
190,29.6858673095703,0.00281109783478289
191.25,29.6858673095703,0.00648530176520383
192.5,29.6858673095703,0.00963156796823266
193.75,29.6858673095703,0.0121381423323219
195,29.6858673095703,0.0134312153823605
196.25,29.6858673095703,0.0143788668533252
197.5,29.6858673095703,0.0155819084920551
198.75,29.6858673095703,0.0164346333091823
200,29.6858673095703,0.0179171833764625
201.25,29.6858673095703,0.0206328662414223
202.5,29.6858673095703,0.0244560230707089
203.75,29.6858673095703,0.0280450004121295
205,29.6858673095703,0.0307911470750221
206.25,29.6858673095703,0.0315473968940348
207.5,29.6858673095703,0.032208461505277
208.75,29.6858673095703,0.0312053213819363
210,29.6858673095703,0.0276742025338452
211.25,29.6858673095703,0.0231845244979072
212.5,29.6858673095703,0.0197663575169617
213.75,29.6858673095703,0.0181257097063658
215,29.6858673095703,0.0164087193018298
216.25,29.6858673095703,0.0136424480004716
217.5,29.6858673095703,0.0108348784065619
218.75,29.6858673095703,0.010036152496524
220,29.6858673095703,0.0110140581279151
221.25,29.6858673095703,0.0128169082518271
222.5,29.6858673095703,0.0146198058675907
223.75,29.6858673095703,0.0168171519135135
225,29.6858673095703,0.0195908048821983
226.25,29.6858673095703,0.0219361658142452
227.5,29.6858673095703,0.0234064704875917
228.75,29.6858673095703,0.0241198200959185
230,29.6858673095703,0.023427032547276
231.25,29.6858673095703,0.0224911198907787
232.5,29.6858673095703,0.0218356606418696
233.75,29.6858673095703,0.0215501692826488
235,29.6858673095703,0.021296565706052
236.25,29.6858673095703,0.020137230930973
237.5,29.6858673095703,0.0181361857379909
238.75,29.6858673095703,0.0168170452527587
240,29.6858673095703,0.0145900783553207
241.25,29.6858673095703,0.0116767243821529
242.5,29.6858673095703,0.0119444160996602
243.75,29.6858673095703,0.0160975026414373
245,29.6858673095703,0.0196915344152451
160,30.6282730102539,0.0430872838609961
161.25,30.6282730102539,0.0396649388068328
162.5,30.6282730102539,0.0363173866777648
163.75,30.6282730102539,0.0331274593349296
165,30.6282730102539,0.0295367016599474
166.25,30.6282730102539,0.0256072731586447
167.5,30.6282730102539,0.021627921691197
168.75,30.6282730102539,0.0182553199140738
170,30.6282730102539,0.0147496616435466
171.25,30.6282730102539,0.0096883076131045
172.5,30.6282730102539,0.00495858373317471
173.75,30.6282730102539,0.00113350900469413
175,30.6282730102539,-0.000846459118574393
176.25,30.6282730102539,-0.00180025815296063
177.5,30.6282730102539,-0.0019380363435317
178.75,30.6282730102539,-0.00229947821426191
180,30.6282730102539,-0.00388954314742097
181.25,30.6282730102539,-0.00534047692782739
182.5,30.6282730102539,-0.00459257754305578
183.75,30.6282730102539,-0.00155317832563166
185,30.6282730102539,0.00155132156091024
186.25,30.6282730102539,0.00484112533065704
187.5,30.6282730102539,0.00946589621149175
188.75,30.6282730102539,0.015492455245814
190,30.6282730102539,0.0209251092671893
191.25,30.6282730102539,0.0245378731220561
192.5,30.6282730102539,0.026587718846695
193.75,30.6282730102539,0.0278075717385143
195,30.6282730102539,0.0283222482868516
196.25,30.6282730102539,0.0284319898502969
197.5,30.6282730102539,0.0292754986394767
198.75,30.6282730102539,0.0306982244894716
200,30.6282730102539,0.0322815903091351
201.25,30.6282730102539,0.0349807039507836
202.5,30.6282730102539,0.0385518321207912
203.75,30.6282730102539,0.0419339929015125
205,30.6282730102539,0.0443709323642158
206.25,30.6282730102539,0.0448514349711173
207.5,30.6282730102539,0.0445239760286148
208.75,30.6282730102539,0.0433654266872126
210,30.6282730102539,0.0400720434469018
211.25,30.6282730102539,0.034794466367957
212.5,30.6282730102539,0.0289472161835604
213.75,30.6282730102539,0.023993683991957
215,30.6282730102539,0.0211292131529701
216.25,30.6282730102539,0.0184917636002345
217.5,30.6282730102539,0.0156809569486249
218.75,30.6282730102539,0.0146469510996635
220,30.6282730102539,0.0150558575025646
221.25,30.6282730102539,0.0163500054089599
222.5,30.6282730102539,0.0174674121973374
223.75,30.6282730102539,0.0185813564448851
225,30.6282730102539,0.0204725311174704
226.25,30.6282730102539,0.0223795733160061
227.5,30.6282730102539,0.0233894960498259
228.75,30.6282730102539,0.023343939577686
230,30.6282730102539,0.0217827885739587
231.25,30.6282730102539,0.0202567026852489
232.5,30.6282730102539,0.0192880157282873
233.75,30.6282730102539,0.0191837745192743
235,30.6282730102539,0.0191091467045999
236.25,30.6282730102539,0.0177857896461334
237.5,30.6282730102539,0.0157242975158258
238.75,30.6282730102539,0.0144490309260223
240,30.6282730102539,0.0117174038721584
241.25,30.6282730102539,0.00799959846269712
242.5,30.6282730102539,0.00869580929619519
243.75,30.6282730102539,0.0112094710448057
160,31.5706787109375,0.036677580625206
161.25,31.5706787109375,0.0351766158338108
162.5,31.5706787109375,0.0335249853536663
163.75,31.5706787109375,0.0316137913451887
165,31.5706787109375,0.0288391196170035
166.25,31.5706787109375,0.024309802160681
167.5,31.5706787109375,0.0204765952071681
168.75,31.5706787109375,0.018281202349912
170,31.5706787109375,0.0163055496664685
171.25,31.5706787109375,0.0121131898259988
172.5,31.5706787109375,0.00829502574617024
173.75,31.5706787109375,0.00586290389301112
175,31.5706787109375,0.00427436142027265
176.25,31.5706787109375,0.00292737107541263
177.5,31.5706787109375,0.00373783559265667
178.75,31.5706787109375,0.0061826048446985
180,31.5706787109375,0.00784368614815517
181.25,31.5706787109375,0.00885070488538041
182.5,31.5706787109375,0.0117025706937556
183.75,31.5706787109375,0.0163873460743278
185,31.5706787109375,0.0196459672760448
186.25,31.5706787109375,0.0235667173942277
187.5,31.5706787109375,0.0289192131860555
188.75,31.5706787109375,0.0344264395245471
190,31.5706787109375,0.0391736169100326
191.25,31.5706787109375,0.0420364799243505
192.5,31.5706787109375,0.0438239350193424
193.75,31.5706787109375,0.0441186265669932
195,31.5706787109375,0.0427416935717062
196.25,31.5706787109375,0.0402612069745618
197.5,31.5706787109375,0.0392130078023654
198.75,31.5706787109375,0.0399395973438954
200,31.5706787109375,0.0420954018070075
201.25,31.5706787109375,0.0460388485279188
202.5,31.5706787109375,0.0509323652110279
203.75,31.5706787109375,0.0556634123757942
205,31.5706787109375,0.0587508333614169
206.25,31.5706787109375,0.0591793173125388
207.5,31.5706787109375,0.0569969664703946
208.75,31.5706787109375,0.0536811271006652
210,31.5706787109375,0.0497147503476967
211.25,31.5706787109375,0.0450783668631528
212.5,31.5706787109375,0.0378953550716285
213.75,31.5706787109375,0.0290981639410791
215,31.5706787109375,0.0222554429883491
216.25,31.5706787109375,0.0183513922010737
217.5,31.5706787109375,0.0174183586047219
218.75,31.5706787109375,0.0178048023214443
220,31.5706787109375,0.0187571179276942
221.25,31.5706787109375,0.0199641295103235
222.5,31.5706787109375,0.020596351064447
223.75,31.5706787109375,0.0208969088707629
225,31.5706787109375,0.0214965676516082
226.25,31.5706787109375,0.0222672375210802
227.5,31.5706787109375,0.0223945730061376
228.75,31.5706787109375,0.0221311902559128
230,31.5706787109375,0.0203851634659194
231.25,31.5706787109375,0.0183552152040198
232.5,31.5706787109375,0.0173216438927483
233.75,31.5706787109375,0.0169983912979211
235,31.5706787109375,0.016421503224079
236.25,31.5706787109375,0.0147275110575199
237.5,31.5706787109375,0.0127068726775085
238.75,31.5706787109375,0.0107762948092526
240,31.5706787109375,0.00763035615209911
241.25,31.5706787109375,0.00391885810551665
242.5,31.5706787109375,0.00462747275734017
243.75,31.5706787109375,0.0103670000165988
160,32.5130920410156,0.0258567921837268
161.25,32.5130920410156,0.026283193621368
162.5,32.5130920410156,0.0258193891482428
163.75,32.5130920410156,0.025771837697238
165,32.5130920410156,0.0254722988962569
166.25,32.5130920410156,0.0239002168273944
167.5,32.5130920410156,0.0226726775034106
168.75,32.5130920410156,0.0219158326835454
170,32.5130920410156,0.0225018131586706
171.25,32.5130920410156,0.0198669540387319
172.5,32.5130920410156,0.0159526098119267
173.75,32.5130920410156,0.0139020369223716
175,32.5130920410156,0.0126874928387555
176.25,32.5130920410156,0.0119438384388055
177.5,32.5130920410156,0.012149184673137
178.75,32.5130920410156,0.0145721798800232
180,32.5130920410156,0.0183513262335686
181.25,32.5130920410156,0.021962964344706
182.5,32.5130920410156,0.0262257666479674
183.75,32.5130920410156,0.0305279064742691
185,32.5130920410156,0.0343526472108515
186.25,32.5130920410156,0.038588762121614
187.5,32.5130920410156,0.0432551248792678
188.75,32.5130920410156,0.0479845916690269
190,32.5130920410156,0.0520014447146808
191.25,32.5130920410156,0.0545375866887741
192.5,32.5130920410156,0.0564852729763894
193.75,32.5130920410156,0.0575215648486438
195,32.5130920410156,0.0552090074894634
196.25,32.5130920410156,0.0511815744298942
197.5,32.5130920410156,0.0478828544858734
198.75,32.5130920410156,0.0471592675828287
200,32.5130920410156,0.0490020605529675
201.25,32.5130920410156,0.0532724554850874
202.5,32.5130920410156,0.0584067749799772
203.75,32.5130920410156,0.0630385366075981
205,32.5130920410156,0.0659238220910836
206.25,32.5130920410156,0.0659418250438741
207.5,32.5130920410156,0.0623415418699805
208.75,32.5130920410156,0.0572414820393446
210,32.5130920410156,0.0530031138043255
211.25,32.5130920410156,0.0496183118515978
212.5,32.5130920410156,0.0436373924125619
213.75,32.5130920410156,0.0344854638334436
215,32.5130920410156,0.0238151905154756
216.25,32.5130920410156,0.015518799015196
217.5,32.5130920410156,0.0125494764909355
218.75,32.5130920410156,0.0145148152778291
220,32.5130920410156,0.0182567489012911
221.25,32.5130920410156,0.0214006540007777
222.5,32.5130920410156,0.0222250915641843
223.75,32.5130920410156,0.0216483528432248
225,32.5130920410156,0.0210265624299216
226.25,32.5130920410156,0.020471077815593
227.5,32.5130920410156,0.0198506030512032
228.75,32.5130920410156,0.0194693401242959
230,32.5130920410156,0.0179395048666516
231.25,32.5130920410156,0.015543251280361
232.5,32.5130920410156,0.0142162463817057
233.75,32.5130920410156,0.0137806166800933
235,32.5130920410156,0.0130530569356143
236.25,32.5130920410156,0.0115874736645376
237.5,32.5130920410156,0.00960455508896137
238.75,32.5130920410156,0.00685470802703826
240,32.5130920410156,0.00305106539399557
241.25,32.5130920410156,-0.000261833076221345
242.5,32.5130920410156,0.00011407952077138
160,33.4554977416992,0.0150905287353584
161.25,33.4554977416992,0.0172336265434931
162.5,33.4554977416992,0.0189151576670505
163.75,33.4554977416992,0.0206545159346645
165,33.4554977416992,0.0217372080708378
166.25,33.4554977416992,0.0226968121866147
167.5,33.4554977416992,0.0238632806337693
168.75,33.4554977416992,0.0247353270930186
170,33.4554977416992,0.0252562581928412
171.25,33.4554977416992,0.0244503472448904
172.5,33.4554977416992,0.022671261808268
173.75,33.4554977416992,0.0215438798487372
175,33.4554977416992,0.020569464018266
176.25,33.4554977416992,0.0204024334911961
177.5,33.4554977416992,0.0205086267515786
178.75,33.4554977416992,0.0221324971984276
180,33.4554977416992,0.0266323473795393
181.25,33.4554977416992,0.0324570384727538
182.5,33.4554977416992,0.037807667174484
183.75,33.4554977416992,0.0428231681705046
185,33.4554977416992,0.0472121010102483
186.25,33.4554977416992,0.052513928230409
187.5,33.4554977416992,0.0571163209068294
188.75,33.4554977416992,0.0611936151654473
190,33.4554977416992,0.0636006988066053
191.25,33.4554977416992,0.0645740461283644
192.5,33.4554977416992,0.0652625446334292
193.75,33.4554977416992,0.0651437674803209
195,33.4554977416992,0.0623531189304951
196.25,33.4554977416992,0.0581239390573495
197.5,33.4554977416992,0.0544889665006295
198.75,33.4554977416992,0.0520950600508576
200,33.4554977416992,0.0520612004071214
201.25,33.4554977416992,0.0546702225649194
202.5,33.4554977416992,0.05825034368837
203.75,33.4554977416992,0.0613329805753739
205,33.4554977416992,0.0636015385770002
206.25,33.4554977416992,0.0638732256765405
207.5,33.4554977416992,0.0587767937500081
208.75,33.4554977416992,0.0525504414793448
210,33.4554977416992,0.0482858610316854
211.25,33.4554977416992,0.045454319827309
212.5,33.4554977416992,0.041425404783972
213.75,33.4554977416992,0.034674996173769
215,33.4554977416992,0.0249899163242569
216.25,33.4554977416992,0.0145487632079398
217.5,33.4554977416992,0.00697405610809076
218.75,33.4554977416992,0.00634070706272513
220,33.4554977416992,0.012351885768352
221.25,33.4554977416992,0.0196639053469525
222.5,33.4554977416992,0.022454065728519
223.75,33.4554977416992,0.0222223205526196
225,33.4554977416992,0.0204657977536018
226.25,33.4554977416992,0.0189374070640127
227.5,33.4554977416992,0.0179583982881519
228.75,33.4554977416992,0.0168218613971418
230,33.4554977416992,0.014644955457034
231.25,33.4554977416992,0.0114543242818456
232.5,33.4554977416992,0.00966555191534462
233.75,33.4554977416992,0.00975366346364502
235,33.4554977416992,0.00942852747094667
236.25,33.4554977416992,0.00841110991235128
237.5,33.4554977416992,0.00614954007659113
238.75,33.4554977416992,0.00394741664002741
240,33.4554977416992,0.000501421482323355
241.25,33.4554977416992,-0.00212075726464514
242.5,33.4554977416992,-0.00119294148243036
160,34.3979034423828,0.00547319691479125
161.25,34.3979034423828,0.00840373209995027
162.5,34.3979034423828,0.0121210272031278
163.75,34.3979034423828,0.0160886500990505
165,34.3979034423828,0.0193179467428302
166.25,34.3979034423828,0.0220739991812467
167.5,34.3979034423828,0.0251433172516145
168.75,34.3979034423828,0.0276178853776315
170,34.3979034423828,0.0274764974264784
171.25,34.3979034423828,0.025852336538599
172.5,34.3979034423828,0.0251505044330663
173.75,34.3979034423828,0.0247268863461514
175,34.3979034423828,0.0240610321212729
176.25,34.3979034423828,0.0240400194436961
177.5,34.3979034423828,0.0238792784369671
178.75,34.3979034423828,0.0248505816280164
180,34.3979034423828,0.0290146010437722
181.25,34.3979034423828,0.0360798004853222
182.5,34.3979034423828,0.0424161070320989
183.75,34.3979034423828,0.0483223972022106
185,34.3979034423828,0.0545131113935757
186.25,34.3979034423828,0.0614002575695321
187.5,34.3979034423828,0.0676168763102625
188.75,34.3979034423828,0.0725821419406642
190,34.3979034423828,0.0747335567597203
191.25,34.3979034423828,0.0741601349395587
192.5,34.3979034423828,0.0718385237660692
193.75,34.3979034423828,0.0689409412939525
195,34.3979034423828,0.0662539936421716
196.25,34.3979034423828,0.0618493778626984
197.5,34.3979034423828,0.0575657584859827
198.75,34.3979034423828,0.0539694835548268
200,34.3979034423828,0.0519117293206404
201.25,34.3979034423828,0.0519969142826424
202.5,34.3979034423828,0.0534183396273223
203.75,34.3979034423828,0.0549103605997364
205,34.3979034423828,0.0553607341149053
206.25,34.3979034423828,0.0537938317692791
207.5,34.3979034423828,0.0482908927555459
208.75,34.3979034423828,0.0421857451678513
210,34.3979034423828,0.0388047564003
211.25,34.3979034423828,0.0368731311439664
212.5,34.3979034423828,0.0346262671337098
213.75,34.3979034423828,0.0300550507066027
215,34.3979034423828,0.0228536153427178
216.25,34.3979034423828,0.0137989934916787
217.5,34.3979034423828,0.00551306722199658
218.75,34.3979034423828,0.00186276064621161
220,34.3979034423828,0.00440260127607276
221.25,34.3979034423828,0.0132588620297892
222.5,34.3979034423828,0.0199003888714065
223.75,34.3979034423828,0.021199753517136
225,34.3979034423828,0.019554729499328
226.25,34.3979034423828,0.0175669857114811
227.5,34.3979034423828,0.0160707640020703
228.75,34.3979034423828,0.0141724369452805
230,34.3979034423828,0.0108671102067559
231.25,34.3979034423828,0.00704274348270242
232.5,34.3979034423828,0.00504340636805527
233.75,34.3979034423828,0.00493801134098175
235,34.3979034423828,0.00520683090017757
236.25,34.3979034423828,0.00482501595237011
237.5,34.3979034423828,0.00352608926875182
238.75,34.3979034423828,0.00281469384126992
240,34.3979034423828,0.00100549204745113
241.25,34.3979034423828,-0.00177233298156412
160,35.3403167724609,-0.00497138512116917
161.25,35.3403167724609,-0.00100979325580048
162.5,35.3403167724609,0.00421675194706809
163.75,35.3403167724609,0.00937723592396935
165,35.3403167724609,0.0138589698749307
166.25,35.3403167724609,0.0188673361778393
167.5,35.3403167724609,0.0238889873654776
168.75,35.3403167724609,0.0275547012998947
170,35.3403167724609,0.0277872686450644
171.25,35.3403167724609,0.0261362716681445
172.5,35.3403167724609,0.0238003657101255
173.75,35.3403167724609,0.021717991274571
175,35.3403167724609,0.0207131457393637
176.25,35.3403167724609,0.0206258154309082
177.5,35.3403167724609,0.0218681126384911
178.75,35.3403167724609,0.0246096716897929
180,35.3403167724609,0.0290076459931942
181.25,35.3403167724609,0.0356045158742292
182.5,35.3403167724609,0.0430065821761437
183.75,35.3403167724609,0.0498425623480103
185,35.3403167724609,0.0572013236365094
186.25,35.3403167724609,0.0648437561127905
187.5,35.3403167724609,0.0718342955977656
188.75,35.3403167724609,0.0766221933635263
190,35.3403167724609,0.0787938512191555
191.25,35.3403167724609,0.0779362629550479
192.5,35.3403167724609,0.074848727452967
193.75,35.3403167724609,0.0707092167087318
195,35.3403167724609,0.0666543967905563
196.25,35.3403167724609,0.0616146716495165
197.5,35.3403167724609,0.0569533704039773
198.75,35.3403167724609,0.0533640293654166
200,35.3403167724609,0.0504697660497393
201.25,35.3403167724609,0.0481570015684523
202.5,35.3403167724609,0.0470587701333721
203.75,35.3403167724609,0.0465351461057737
205,35.3403167724609,0.0449582132857478
206.25,35.3403167724609,0.0419532210539895
207.5,35.3403167724609,0.0372418509976153
208.75,35.3403167724609,0.0322842611242407
210,35.3403167724609,0.029279402976153
211.25,35.3403167724609,0.0275304215849374
212.5,35.3403167724609,0.0264429461270172
213.75,35.3403167724609,0.0235013740473148
215,35.3403167724609,0.0180700005058669
216.25,35.3403167724609,0.0114028437097727
217.5,35.3403167724609,0.00519067064388325
218.75,35.3403167724609,0.000514346621284221
220,35.3403167724609,-0.000882594082603566
221.25,35.3403167724609,0.00484553003305015
222.5,35.3403167724609,0.0135679898900435
223.75,35.3403167724609,0.0179176105457489
225,35.3403167724609,0.0177791613135577
226.25,35.3403167724609,0.0158585002750025
227.5,35.3403167724609,0.0135943333391378
228.75,35.3403167724609,0.0100565492524775
230,35.3403167724609,0.00553342402729207
231.25,35.3403167724609,0.00154837751862618
232.5,35.3403167724609,0.000162197597624438
233.75,35.3403167724609,0.000240543857042797
235,35.3403167724609,0.000514170934645639
236.25,35.3403167724609,0.000599176000479207
237.5,35.3403167724609,0.000742611107011372
238.75,35.3403167724609,0.00155782481712236
240,35.3403167724609,0.00210327675063666
160,36.2827224731445,-0.0185311247646411
161.25,36.2827224731445,-0.0142602068547945
162.5,36.2827224731445,-0.00847817377317421
163.75,36.2827224731445,-0.00256165811910385
165,36.2827224731445,0.00303721927964274
166.25,36.2827224731445,0.00934872874282366
167.5,36.2827224731445,0.0164089422075811
168.75,36.2827224731445,0.0222694434032672
170,36.2827224731445,0.0245699194190067
171.25,36.2827224731445,0.0234437928199853
172.5,36.2827224731445,0.0200252032684091
173.75,36.2827224731445,0.0164894055573845
175,36.2827224731445,0.0144909041044438
176.25,36.2827224731445,0.0145649679488343
177.5,36.2827224731445,0.0172856771041669
178.75,36.2827224731445,0.0212083466656958
180,36.2827224731445,0.0261946966484399
181.25,36.2827224731445,0.032989005570947
182.5,36.2827224731445,0.0413664952763895
183.75,36.2827224731445,0.0490008266091319
185,36.2827224731445,0.0560963193404213
186.25,36.2827224731445,0.0629220926847805
187.5,36.2827224731445,0.0691842256956421
188.75,36.2827224731445,0.0732785728979125
190,36.2827224731445,0.075246099317392
191.25,36.2827224731445,0.0752387411340512
192.5,36.2827224731445,0.0732565337252358
193.75,36.2827224731445,0.0693636307910437
195,36.2827224731445,0.0648833138043156
196.25,36.2827224731445,0.0595730995216929
197.5,36.2827224731445,0.0549734760109924
198.75,36.2827224731445,0.0527026505963005
200,36.2827224731445,0.0498792281304255
201.25,36.2827224731445,0.0459318849112349
202.5,36.2827224731445,0.0421818293294336
203.75,36.2827224731445,0.0385742938296039
205,36.2827224731445,0.0346945779110901
206.25,36.2827224731445,0.0305034922943727
207.5,36.2827224731445,0.0263567023827539
208.75,36.2827224731445,0.0222072200411573
210,36.2827224731445,0.0199192654748611
211.25,36.2827224731445,0.0189306477288443
212.5,36.2827224731445,0.018726071542587
213.75,36.2827224731445,0.0171164931894321
215,36.2827224731445,0.0129011455836372
216.25,36.2827224731445,0.00765013665728575
217.5,36.2827224731445,0.00325106885703179
218.75,36.2827224731445,-0.00130827453031347
220,36.2827224731445,-0.00417383782781839
221.25,36.2827224731445,-0.0019064401991221
222.5,36.2827224731445,0.00588217100984104
223.75,36.2827224731445,0.0131851554395553
225,36.2827224731445,0.0156639454825807
226.25,36.2827224731445,0.0145201030300484
227.5,36.2827224731445,0.0111764143119586
228.75,36.2827224731445,0.00578570829590293
230,36.2827224731445,-0.000345238528271369
231.25,36.2827224731445,-0.005084702453707
232.5,36.2827224731445,-0.00576997573980479
233.75,36.2827224731445,-0.00531626294203779
235,36.2827224731445,-0.00436942927200285
236.25,36.2827224731445,-0.00344392750436544
237.5,36.2827224731445,-0.00277296969852153
238.75,36.2827224731445,-0.00206084832015889
160,37.2251281738281,-0.028141909167849
161.25,37.2251281738281,-0.0241831760933091
162.5,37.2251281738281,-0.0188548160657577
163.75,37.2251281738281,-0.0130312780317961
165,37.2251281738281,-0.00757035786364671
166.25,37.2251281738281,-0.00149749436661457
167.5,37.2251281738281,0.00560656806471865
168.75,37.2251281738281,0.0116572801712007
170,37.2251281738281,0.0144324759436678
171.25,37.2251281738281,0.0138503704004185
172.5,37.2251281738281,0.0102882418132262
173.75,37.2251281738281,0.00680084873672098
175,37.2251281738281,0.00469878850618456
176.25,37.2251281738281,0.00543222216739512
177.5,37.2251281738281,0.00944790840444675
178.75,37.2251281738281,0.015362647856769
180,37.2251281738281,0.0220936660982178
181.25,37.2251281738281,0.0298391918807
182.5,37.2251281738281,0.0390531811334893
183.75,37.2251281738281,0.0469569511820462
185,37.2251281738281,0.0530598082970777
186.25,37.2251281738281,0.0581762231959564
187.5,37.2251281738281,0.0622517095347296
188.75,37.2251281738281,0.065078374962829
190,37.2251281738281,0.0669420178450323
191.25,37.2251281738281,0.0676571487708165
192.5,37.2251281738281,0.0664126552343046
193.75,37.2251281738281,0.0633192935851936
195,37.2251281738281,0.0596027107701237
196.25,37.2251281738281,0.0553650385274849
197.5,37.2251281738281,0.0515918121791894
198.75,37.2251281738281,0.0498708426531802
200,37.2251281738281,0.0476270214564034
201.25,37.2251281738281,0.0433599284780744
202.5,37.2251281738281,0.0382927031508258
203.75,37.2251281738281,0.032809753380915
205,37.2251281738281,0.0269258478905692
206.25,37.2251281738281,0.0213833567384129
207.5,37.2251281738281,0.0160960303896544
208.75,37.2251281738281,0.0120416894428127
210,37.2251281738281,0.0100939588092146
211.25,37.2251281738281,0.00970280065763527
212.5,37.2251281738281,0.0104581470784464
213.75,37.2251281738281,0.00963521930212126
215,37.2251281738281,0.00606529056278028
216.25,37.2251281738281,0.0015410475138302
217.5,37.2251281738281,-0.00172200604185234
218.75,37.2251281738281,-0.00486311940010261
220,37.2251281738281,-0.00740286595345616
221.25,37.2251281738281,-0.00664683954359795
222.5,37.2251281738281,-0.000544101516701646
223.75,37.2251281738281,0.00804028165409003
225,37.2251281738281,0.0135108994988581
226.25,37.2251281738281,0.0139850770919754
227.5,37.2251281738281,0.0101982625384435
228.75,37.2251281738281,0.00280775910074847
230,37.2251281738281,-0.00630540894869111
231.25,37.2251281738281,-0.0121673376112039
232.5,37.2251281738281,-0.0126996832896096
233.75,37.2251281738281,-0.0106877282077693
235,37.2251281738281,-0.00909384607442567
236.25,37.2251281738281,-0.00746576622659031
237.5,37.2251281738281,-0.00593834570471837
238.75,37.2251281738281,-0.00309392862485356
160,38.1675415039062,-0.0368208936356226
161.25,38.1675415039062,-0.0335387618260596
162.5,38.1675415039062,-0.0292474066548909
163.75,38.1675415039062,-0.0243118112750064
165,38.1675415039062,-0.0186922467816156
166.25,38.1675415039062,-0.0122953095643838
167.5,38.1675415039062,-0.0055036405015412
168.75,38.1675415039062,0.000118674734855904
170,38.1675415039062,0.00262086346887579
171.25,38.1675415039062,0.00177985949913402
172.5,38.1675415039062,-0.00121413175335591
173.75,38.1675415039062,-0.00421158935163786
175,38.1675415039062,-0.00589332420393591
176.25,38.1675415039062,-0.00494443389420661
177.5,38.1675415039062,-0.000511852037081696
178.75,38.1675415039062,0.00676244236443708
180,38.1675415039062,0.015152174574588
181.25,38.1675415039062,0.023797297300973
182.5,38.1675415039062,0.0328126559503483
183.75,38.1675415039062,0.0406962779571091
185,38.1675415039062,0.0463414893339841
186.25,38.1675415039062,0.0499692259688927
187.5,38.1675415039062,0.051810813733491
188.75,38.1675415039062,0.0528671989267128
190,38.1675415039062,0.0546723197746925
191.25,38.1675415039062,0.0566560463116334
192.5,38.1675415039062,0.0571917988069734
193.75,38.1675415039062,0.0564775337473059
195,38.1675415039062,0.0542766005609691
196.25,38.1675415039062,0.0508384678540489
197.5,38.1675415039062,0.0468214146868967
198.75,38.1675415039062,0.0436515429421372
200,38.1675415039062,0.0405950418859736
201.25,38.1675415039062,0.0370492082471528
202.5,38.1675415039062,0.0325050134934459
203.75,38.1675415039062,0.0268605253949855
205,38.1675415039062,0.0204032068712283
206.25,38.1675415039062,0.0139691917395427
207.5,38.1675415039062,0.00785813374273083
208.75,38.1675415039062,0.00309034910686252
210,38.1675415039062,0.000312528557480327
211.25,38.1675415039062,0.000369812809966138
212.5,38.1675415039062,0.00197670108876565
213.75,38.1675415039062,0.00143927669472263
215,38.1675415039062,-0.00163017619847437
216.25,38.1675415039062,-0.00552134775595131
217.5,38.1675415039062,-0.00787574988177173
218.75,38.1675415039062,-0.00924007689902631
220,38.1675415039062,-0.0105979863954886
221.25,38.1675415039062,-0.0100967826740293
222.5,38.1675415039062,-0.00578176540816074
223.75,38.1675415039062,0.00257851300347603
225,38.1675415039062,0.0100451173244116
226.25,38.1675415039062,0.0130052025899656
227.5,38.1675415039062,0.00988450660478575
228.75,38.1675415039062,0.00104837891621087
230,38.1675415039062,-0.00983548557335155
231.25,38.1675415039062,-0.0172626675151186
232.5,38.1675415039062,-0.0196801196881162
233.75,38.1675415039062,-0.0172120818450998
235,38.1675415039062,-0.0140050340706721
236.25,38.1675415039062,-0.011331134114334
237.5,38.1675415039062,-0.00737003269992
160,39.1099548339844,-0.0425408305834792
161.25,39.1099548339844,-0.0403320923555616
162.5,39.1099548339844,-0.0373522266762296
163.75,39.1099548339844,-0.033189029059759
165,39.1099548339844,-0.0277530683556846
166.25,39.1099548339844,-0.0210054014636893
167.5,39.1099548339844,-0.0140725480678163
168.75,39.1099548339844,-0.00908196141763492
170,39.1099548339844,-0.00769638079891577
171.25,39.1099548339844,-0.0100114861242833
172.5,39.1099548339844,-0.0146973622577324
173.75,39.1099548339844,-0.0189965564764838
175,39.1099548339844,-0.0206001600781822
176.25,39.1099548339844,-0.0188955780003141
177.5,39.1099548339844,-0.0133556736318003
178.75,39.1099548339844,-0.00468637445208999
180,39.1099548339844,0.00524795118249214
181.25,39.1099548339844,0.0151264067152063
182.5,39.1099548339844,0.0242823147921411
183.75,39.1099548339844,0.0317173905562784
185,39.1099548339844,0.0365545100942976
186.25,39.1099548339844,0.0379744670119828
187.5,39.1099548339844,0.0368363100113406
188.75,39.1099548339844,0.0358793004194862
190,39.1099548339844,0.0370576056642254
191.25,39.1099548339844,0.040313333970644
192.5,39.1099548339844,0.0436161178453558
193.75,39.1099548339844,0.0459608617706626
195,39.1099548339844,0.0464633259006313
196.25,39.1099548339844,0.0445563240098596
197.5,39.1099548339844,0.0406119412881074
198.75,39.1099548339844,0.0359585919265007
200,39.1099548339844,0.0312225208517703
201.25,39.1099548339844,0.0270166775138239
202.5,39.1099548339844,0.0224760037518942
203.75,39.1099548339844,0.0169697743893949
205,39.1099548339844,0.0108225850440581
206.25,39.1099548339844,0.00475801903858204
207.5,39.1099548339844,-0.000676056687458847
208.75,39.1099548339844,-0.00488993863527095
210,39.1099548339844,-0.00709814150906346
211.25,39.1099548339844,-0.00700701894965597
212.5,39.1099548339844,-0.00535691496865551
213.75,39.1099548339844,-0.00603446328810653
215,39.1099548339844,-0.00888840239295771
216.25,39.1099548339844,-0.0123364622027813
217.5,39.1099548339844,-0.0144667087832829
218.75,39.1099548339844,-0.015102266828973
220,39.1099548339844,-0.0150100657331639
221.25,39.1099548339844,-0.013668333413482
222.5,39.1099548339844,-0.0103133369641721
223.75,39.1099548339844,-0.00345790932990212
225,39.1099548339844,0.00427347341447941
226.25,39.1099548339844,0.00965276038570813
227.5,39.1099548339844,0.0087458644473382
228.75,39.1099548339844,0.000478512894954693
230,39.1099548339844,-0.0105102213331676
231.25,39.1099548339844,-0.0199421175980008
232.5,39.1099548339844,-0.0244419383447267
233.75,39.1099548339844,-0.0223788066235048
235,39.1099548339844,-0.0177819153075177
236.25,39.1099548339844,-0.0133907412919793
160,40.0523529052734,-0.0483417095758106
161.25,40.0523529052734,-0.0456515499971322
162.5,40.0523529052734,-0.0418967530394465
163.75,40.0523529052734,-0.0373927116418422
165,40.0523529052734,-0.0320992916298424
166.25,40.0523529052734,-0.0255803284658013
167.5,40.0523529052734,-0.0192762679889758
168.75,40.0523529052734,-0.0152075713969715
170,40.0523529052734,-0.0148115347807482
171.25,40.0523529052734,-0.0180167616300496
172.5,40.0523529052734,-0.0236973740901421
173.75,40.0523529052734,-0.0296839639494794
175,40.0523529052734,-0.0325098855923089
176.25,40.0523529052734,-0.0310898749737836
177.5,40.0523529052734,-0.0255897623932304
178.75,40.0523529052734,-0.0172321413801477
180,40.0523529052734,-0.00755151425279806
181.25,40.0523529052734,0.00213870317683404
182.5,40.0523529052734,0.0112840439433269
183.75,40.0523529052734,0.018577879421851
185,40.0523529052734,0.0227055639486289
186.25,40.0523529052734,0.0221560870686566
187.5,40.0523529052734,0.0192409982791849
188.75,40.0523529052734,0.0183680558089833
190,40.0523529052734,0.0199256119523893
191.25,40.0523529052734,0.0233062141334246
192.5,40.0523529052734,0.0268278663497101
193.75,40.0523529052734,0.0294929700489995
195,40.0523529052734,0.0310054991812724
196.25,40.0523529052734,0.0308053173310856
197.5,40.0523529052734,0.0284285735412091
198.75,40.0523529052734,0.0239048335097059
200,40.0523529052734,0.018536027818373
201.25,40.0523529052734,0.0137176793374958
202.5,40.0523529052734,0.00895300575437909
203.75,40.0523529052734,0.00396233506782104
205,40.0523529052734,-0.00156198651858912
206.25,40.0523529052734,-0.00695239046170398
207.5,40.0523529052734,-0.0114517322292106
208.75,40.0523529052734,-0.0144751359936111
210,40.0523529052734,-0.0152435168808826
211.25,40.0523529052734,-0.0143331268101599
212.5,40.0523529052734,-0.0127207293346642
213.75,40.0523529052734,-0.0127420204180966
215,40.0523529052734,-0.0147984075229221
216.25,40.0523529052734,-0.0179141061368359
217.5,40.0523529052734,-0.0205217207238676
218.75,40.0523529052734,-0.0213997409035879
220,40.0523529052734,-0.0205293031011429
221.25,40.0523529052734,-0.0181499364531755
222.5,40.0523529052734,-0.0145831168879203
223.75,40.0523529052734,-0.00949643097685536
225,40.0523529052734,-0.00295967942534063
226.25,40.0523529052734,0.00234889357911591
227.5,40.0523529052734,0.0036881666516105
228.75,40.0523529052734,-0.00104317485872345
230,40.0523529052734,-0.00988549097013729
231.25,40.0523529052734,-0.0199084936657245
232.5,40.0523529052734,-0.0262412175142708
233.75,40.0523529052734,-0.0253171640627061
235,40.0523529052734,-0.019998040873364
236.25,40.0523529052734,-0.0151055332555687
160,40.9947662353516,-0.0511686179015895
161.25,40.9947662353516,-0.0468146183031994
162.5,40.9947662353516,-0.0409009366238298
163.75,40.9947662353516,-0.0355174489316554
165,40.9947662353516,-0.0309801279727659
166.25,40.9947662353516,-0.0259159554474003
167.5,40.9947662353516,-0.0213833177035757
168.75,40.9947662353516,-0.0199391741100785
170,40.9947662353516,-0.0221920456156731
171.25,40.9947662353516,-0.0270282560078994
172.5,40.9947662353516,-0.0332858543632561
173.75,40.9947662353516,-0.0390993690236274
175,40.9947662353516,-0.0421938501518162
176.25,40.9947662353516,-0.0409071658436985
177.5,40.9947662353516,-0.0355526155403233
178.75,40.9947662353516,-0.0276241332192497
180,40.9947662353516,-0.0187101185544463
181.25,40.9947662353516,-0.0102579765468487
182.5,40.9947662353516,-0.00265404944771444
183.75,40.9947662353516,0.00285729399907146
185,40.9947662353516,0.00554055244192704
186.25,40.9947662353516,0.0042701839130455
187.5,40.9947662353516,0.00111041238658396
188.75,40.9947662353516,-0.000297398629401214
190,40.9947662353516,0.00135363893136238
191.25,40.9947662353516,0.00453955021623311
192.5,40.9947662353516,0.00772970781580984
193.75,40.9947662353516,0.0103090937680297
195,40.9947662353516,0.0119797975769656
196.25,40.9947662353516,0.0127346464956219
197.5,40.9947662353516,0.0115221383812334
198.75,40.9947662353516,0.00757218088714789
200,40.9947662353516,0.0020490897633506
201.25,40.9947662353516,-0.00422442004282515
202.5,40.9947662353516,-0.00852134707049205
203.75,40.9947662353516,-0.012397589254602
205,40.9947662353516,-0.0160542021586203
206.25,40.9947662353516,-0.0197275781782014
207.5,40.9947662353516,-0.0228286556051426
208.75,40.9947662353516,-0.0247757178017055
210,40.9947662353516,-0.0251673841758956
211.25,40.9947662353516,-0.0243265025511363
212.5,40.9947662353516,-0.0227656130438325
213.75,40.9947662353516,-0.0211802550017071
215,40.9947662353516,-0.0218080974448667
216.25,40.9947662353516,-0.0239855577026531
217.5,40.9947662353516,-0.0257684708432448
218.75,40.9947662353516,-0.0263868329438082
220,40.9947662353516,-0.0254912731624622
221.25,40.9947662353516,-0.022999336924092
222.5,40.9947662353516,-0.0192226582302322
223.75,40.9947662353516,-0.0148349935693978
225,40.9947662353516,-0.0100718908499199
226.25,40.9947662353516,-0.00597045364161183
227.5,40.9947662353516,-0.00406134957348842
228.75,40.9947662353516,-0.00605440631558608
230,40.9947662353516,-0.0119547279179736
231.25,40.9947662353516,-0.0201681521794292
232.5,40.9947662353516,-0.026522002826767
233.75,40.9947662353516,-0.02653992811712
235,40.9947662353516,-0.020179012695518
236.25,40.9947662353516,-0.0186485359426366
160,41.9371795654297,-0.0508488686889402
161.25,41.9371795654297,-0.0459078338367351
162.5,41.9371795654297,-0.0394188951453804
163.75,41.9371795654297,-0.0346622627797992
165,41.9371795654297,-0.0315017885552128
166.25,41.9371795654297,-0.0282998256380801
167.5,41.9371795654297,-0.0255919095091825
168.75,41.9371795654297,-0.0262287605886801
170,41.9371795654297,-0.0307731456897243
171.25,41.9371795654297,-0.0378128722722656
172.5,41.9371795654297,-0.0447753240053826
173.75,41.9371795654297,-0.0500438699088652
175,41.9371795654297,-0.052404800890849
176.25,41.9371795654297,-0.0516550941442247
177.5,41.9371795654297,-0.0468124812130607
178.75,41.9371795654297,-0.0398094759710966
180,41.9371795654297,-0.032020830938678
181.25,41.9371795654297,-0.0247655202372744
182.5,41.9371795654297,-0.0190477492536317
183.75,41.9371795654297,-0.0149671731927938
185,41.9371795654297,-0.0119026662226079
186.25,41.9371795654297,-0.0105641235097686
187.5,41.9371795654297,-0.0110564520106859
188.75,41.9371795654297,-0.0119270814088632
190,41.9371795654297,-0.0119697201810402
191.25,41.9371795654297,-0.0111167112780541
192.5,41.9371795654297,-0.00977629276785196
193.75,41.9371795654297,-0.0083064085761458
195,41.9371795654297,-0.00708115006412572
196.25,41.9371795654297,-0.00652772026730139
197.5,41.9371795654297,-0.00691964258759092
198.75,41.9371795654297,-0.00903476129851028
200,41.9371795654297,-0.0135017372303655
201.25,41.9371795654297,-0.0192028899057109
202.5,41.9371795654297,-0.0242156047358604
203.75,41.9371795654297,-0.0288171793934654
205,41.9371795654297,-0.0322061001472244
206.25,41.9371795654297,-0.0338821780385979
207.5,41.9371795654297,-0.0350266889953651
208.75,41.9371795654297,-0.035939204377686
210,41.9371795654297,-0.0363937058493461
211.25,41.9371795654297,-0.0358941945767983
212.5,41.9371795654297,-0.0343459933033212
213.75,41.9371795654297,-0.032166396869735
215,41.9371795654297,-0.0307493309327723
216.25,41.9371795654297,-0.030213539615836
217.5,41.9371795654297,-0.0301721364643771
218.75,41.9371795654297,-0.0302038735490639
220,41.9371795654297,-0.0293018032193576
221.25,41.9371795654297,-0.0271305980716455
222.5,41.9371795654297,-0.0238590969736872
223.75,41.9371795654297,-0.0198977516674017
225,41.9371795654297,-0.0161546830969288
226.25,41.9371795654297,-0.013336399535409
227.5,41.9371795654297,-0.0117302442953964
228.75,41.9371795654297,-0.0123344548774486
230,41.9371795654297,-0.0157875181054516
231.25,41.9371795654297,-0.021427672676219
232.5,41.9371795654297,-0.0264363830332669
233.75,41.9371795654297,-0.0266387158034123
235,41.9371795654297,-0.0199058690947232
236.25,41.9371795654297,-0.0175890041541769
160,42.8795776367188,-0.0447698523095809
161.25,42.8795776367188,-0.0417205395201554
162.5,42.8795776367188,-0.0381989914860031
163.75,42.8795776367188,-0.0369278035821201
165,42.8795776367188,-0.0372119975292586
166.25,42.8795776367188,-0.0375215395761023
167.5,42.8795776367188,-0.0383266467763601
168.75,42.8795776367188,-0.0416169189026514
170,42.8795776367188,-0.047398675265411
171.25,42.8795776367188,-0.0543011742675833
172.5,42.8795776367188,-0.0594478517950369
173.75,42.8795776367188,-0.0627456351627517
175,42.8795776367188,-0.06367687541979
176.25,42.8795776367188,-0.0619076055024985
177.5,42.8795776367188,-0.057111404456668
178.75,42.8795776367188,-0.0502019297054805
180,42.8795776367188,-0.0431511253505252
181.25,42.8795776367188,-0.0373547207186239
182.5,42.8795776367188,-0.0336814054277439
183.75,42.8795776367188,-0.0311565607068045
185,42.8795776367188,-0.0279884404364779
186.25,42.8795776367188,-0.0247219776113343
187.5,42.8795776367188,-0.0221577234535648
188.75,42.8795776367188,-0.0209487147847574
190,42.8795776367188,-0.0205597945191965
191.25,42.8795776367188,-0.0202431727862644
192.5,42.8795776367188,-0.019168672421781
193.75,42.8795776367188,-0.0173977342484294
195,42.8795776367188,-0.0166746106547728
196.25,42.8795776367188,-0.0179768042183475
197.5,42.8795776367188,-0.020912579141798
198.75,42.8795776367188,-0.024473756841181
200,42.8795776367188,-0.0279191446218717
201.25,42.8795776367188,-0.0319871694239072
202.5,42.8795776367188,-0.0364410394173864
203.75,42.8795776367188,-0.0407595619213977
205,42.8795776367188,-0.0434187153757832
206.25,42.8795776367188,-0.0446301609916108
207.5,42.8795776367188,-0.0456227063991919
208.75,42.8795776367188,-0.0469111876598782
210,42.8795776367188,-0.047868816683108
211.25,42.8795776367188,-0.0476148976441183
212.5,42.8795776367188,-0.0455355718296056
213.75,42.8795776367188,-0.0419763716262399
215,42.8795776367188,-0.0378184870250215
216.25,42.8795776367188,-0.0349757639102977
217.5,42.8795776367188,-0.0339517328039631
218.75,42.8795776367188,-0.0332339781252962
220,42.8795776367188,-0.0320829611928539
221.25,42.8795776367188,-0.0304964683417856
222.5,42.8795776367188,-0.0279438969440052
223.75,42.8795776367188,-0.024712473968177
225,42.8795776367188,-0.0218413491015673
226.25,42.8795776367188,-0.0198936024829808
227.5,42.8795776367188,-0.0180463730495978
228.75,42.8795776367188,-0.0174198094180295
230,42.8795776367188,-0.0193639387183258
231.25,42.8795776367188,-0.0229716690495252
232.5,42.8795776367188,-0.0263299697280278
233.75,42.8795776367188,-0.0261348282082293
235,42.8795776367188,-0.0208103806506605
236.25,42.8795776367188,-0.0182658311895654
160,43.8219909667969,-0.0324170671591052
161.25,43.8219909667969,-0.0327454288026252
162.5,43.8219909667969,-0.0344371819627348
163.75,43.8219909667969,-0.0366656868622328
165,43.8219909667969,-0.0396991656931468
166.25,43.8219909667969,-0.0430010495974007
167.5,43.8219909667969,-0.0465703359744801
168.75,43.8219909667969,-0.0511484828437043
170,43.8219909667969,-0.0568067184131142
171.25,43.8219909667969,-0.0627043268260204
172.5,43.8219909667969,-0.0669560305275906
173.75,43.8219909667969,-0.069400182814944
175,43.8219909667969,-0.0701049092137398
176.25,43.8219909667969,-0.0686644274375517
177.5,43.8219909667969,-0.0648257729088036
178.75,43.8219909667969,-0.0593243917394987
180,43.8219909667969,-0.0534989943275105
181.25,43.8219909667969,-0.0485812052230442
182.5,43.8219909667969,-0.0447725286145122
183.75,43.8219909667969,-0.0410793988188048
185,43.8219909667969,-0.0364398433073208
186.25,43.8219909667969,-0.0317260511214062
187.5,43.8219909667969,-0.0277336402773406
188.75,43.8219909667969,-0.0252263453738028
190,43.8219909667969,-0.0235286047787534
191.25,43.8219909667969,-0.0227047674154566
192.5,43.8219909667969,-0.0211779440716637
193.75,43.8219909667969,-0.019819547570059
195,43.8219909667969,-0.0203059512503375
196.25,43.8219909667969,-0.0226106210921507
197.5,43.8219909667969,-0.0269924994238632
198.75,43.8219909667969,-0.0319547652021721
200,43.8219909667969,-0.0366609121684329
201.25,43.8219909667969,-0.0413060219313883
202.5,43.8219909667969,-0.0457594524868321
203.75,43.8219909667969,-0.0493269972445873
205,43.8219909667969,-0.0514921693434892
206.25,43.8219909667969,-0.0520586936415443
207.5,43.8219909667969,-0.0525966678876223
208.75,43.8219909667969,-0.0536758751575733
210,43.8219909667969,-0.0552566279694978
211.25,43.8219909667969,-0.05592377344954
212.5,43.8219909667969,-0.0539079449723941
213.75,43.8219909667969,-0.0487328327509424
215,43.8219909667969,-0.0428204650255235
216.25,43.8219909667969,-0.0389576164907621
217.5,43.8219909667969,-0.0370525839525395
218.75,43.8219909667969,-0.0355625946436377
220,43.8219909667969,-0.0341318086367889
221.25,43.8219909667969,-0.0330190655794603
222.5,43.8219909667969,-0.0311426568972218
223.75,43.8219909667969,-0.0286687918180822
225,43.8219909667969,-0.0264265796780716
226.25,43.8219909667969,-0.0245769793263085
227.5,43.8219909667969,-0.0225921834880326
228.75,43.8219909667969,-0.0209328177390603
230,43.8219909667969,-0.0217075916111944
231.25,43.8219909667969,-0.0241529161779749
232.5,43.8219909667969,-0.026587042130862
233.75,43.8219909667969,-0.026707616028722
235,43.8219909667969,-0.0229816365822466
236.25,43.8219909667969,-0.0205237217608801
160,44.764404296875,-0.022151882156997
161.25,44.764404296875,-0.0237217320291392
162.5,44.764404296875,-0.0273898798763134
163.75,44.764404296875,-0.0322222361404693
165,44.764404296875,-0.0371527708681754
166.25,44.764404296875,-0.0425452996143238
167.5,44.764404296875,-0.0481944236445455
168.75,44.764404296875,-0.0538129116915484
170,44.764404296875,-0.0584107942003157
171.25,44.764404296875,-0.0618817741070483
172.5,44.764404296875,-0.0651043618127974
173.75,44.764404296875,-0.0675827337235801
175,44.764404296875,-0.0690255788437938
176.25,44.764404296875,-0.0688383980009607
177.5,44.764404296875,-0.0664840355408079
178.75,44.764404296875,-0.0628433970122139
180,44.764404296875,-0.0588799382432856
181.25,44.764404296875,-0.0548430477294065
182.5,44.764404296875,-0.0506682659642912
183.75,44.764404296875,-0.0456603908174573
185,44.764404296875,-0.0396802404223761
186.25,44.764404296875,-0.0335645318905813
187.5,44.764404296875,-0.0282840173364276
188.75,44.764404296875,-0.024522888478911
190,44.764404296875,-0.0221381890331269
191.25,44.764404296875,-0.0202503004267094
192.5,44.764404296875,-0.0182813858146948
193.75,44.764404296875,-0.0181014942813847
195,44.764404296875,-0.0203933783341837
196.25,44.764404296875,-0.024410346680287
197.5,44.764404296875,-0.0301102578560967
198.75,44.764404296875,-0.036156566474153
200,44.764404296875,-0.0414910360737918
201.25,44.764404296875,-0.0459099153186463
202.5,44.764404296875,-0.0495497987096212
203.75,44.764404296875,-0.052463705496659
205,44.764404296875,-0.0544517208765164
206.25,44.764404296875,-0.0553690826021782
207.5,44.764404296875,-0.0558627694262281
208.75,44.764404296875,-0.0565517865795644
210,44.764404296875,-0.0575945113777934
211.25,44.764404296875,-0.0577952071733409
212.5,44.764404296875,-0.0555582147501567
213.75,44.764404296875,-0.051034526058738
215,44.764404296875,-0.0461123727234726
216.25,44.764404296875,-0.0424964729888937
217.5,44.764404296875,-0.0401258414366789
218.75,44.764404296875,-0.0379130793752158
220,44.764404296875,-0.0359045170890235
221.25,44.764404296875,-0.0346411448860031
222.5,44.764404296875,-0.0333536188962115
223.75,44.764404296875,-0.0317177737224753
225,44.764404296875,-0.0300008240508236
226.25,44.764404296875,-0.0281274285518155
227.5,44.764404296875,-0.0258662586990407
228.75,44.764404296875,-0.0242064293020751
230,44.764404296875,-0.0240184528845254
231.25,44.764404296875,-0.0254086604050892
232.5,44.764404296875,-0.0277833522551444
233.75,44.764404296875,-0.0288765612291441
235,44.764404296875,-0.0258609559624014
236.25,44.764404296875,-0.0221595550038876
160,45.7068023681641,-0.0155932388521167
161.25,45.7068023681641,-0.0171354942890031
162.5,45.7068023681641,-0.0207676320403313
163.75,45.7068023681641,-0.0266533004169367
165,45.7068023681641,-0.0329369612002141
166.25,45.7068023681641,-0.03917608345379
167.5,45.7068023681641,-0.0452278021265006
168.75,45.7068023681641,-0.050476910421231
170,45.7068023681641,-0.0540059800515148
171.25,45.7068023681641,-0.0559624195073841
172.5,45.7068023681641,-0.0577480658830831
173.75,45.7068023681641,-0.060061784072915
175,45.7068023681641,-0.0622114478681298
176.25,45.7068023681641,-0.0631482420561939
177.5,45.7068023681641,-0.0624289450904835
178.75,45.7068023681641,-0.060111445992413
180,45.7068023681641,-0.0568405961779297
181.25,45.7068023681641,-0.0531505063653458
182.5,45.7068023681641,-0.0488118285244527
183.75,45.7068023681641,-0.0434099491731972
185,45.7068023681641,-0.0370520377100704
186.25,45.7068023681641,-0.0305540995482342
187.5,45.7068023681641,-0.0250865506792639
188.75,45.7068023681641,-0.0214767103240766
190,45.7068023681641,-0.0194269002780668
191.25,45.7068023681641,-0.0178817740189913
192.5,45.7068023681641,-0.0165036912903152
193.75,45.7068023681641,-0.0174685247072491
195,45.7068023681641,-0.0209316946213759
196.25,45.7068023681641,-0.0260299973474512
197.5,45.7068023681641,-0.0323941069682287
198.75,45.7068023681641,-0.0387290064141847
200,45.7068023681641,-0.0436937430936697
201.25,45.7068023681641,-0.047100166435839
202.5,45.7068023681641,-0.0494271499963388
203.75,45.7068023681641,-0.0509367598615424
205,45.7068023681641,-0.0518852473370801
206.25,45.7068023681641,-0.0525576664621396
207.5,45.7068023681641,-0.0530650829108988
208.75,45.7068023681641,-0.053585896590796
210,45.7068023681641,-0.0542758486240202
211.25,45.7068023681641,-0.0543386499486671
212.5,45.7068023681641,-0.0525911640891858
213.75,45.7068023681641,-0.0495135698882455
215,45.7068023681641,-0.0465631668639589
216.25,45.7068023681641,-0.0440574240203849
217.5,45.7068023681641,-0.0419966481084585
218.75,45.7068023681641,-0.0397116743319269
220,45.7068023681641,-0.0373057946119372
221.25,45.7068023681641,-0.0355885999883056
222.5,45.7068023681641,-0.0345800902933446
223.75,45.7068023681641,-0.0337633155577151
225,45.7068023681641,-0.0329624228024074
226.25,45.7068023681641,-0.0313396447713212
227.5,45.7068023681641,-0.029116547917695
228.75,45.7068023681641,-0.0275758211711786
230,45.7068023681641,-0.0270069444615465
231.25,45.7068023681641,-0.0281707672175071
232.5,45.7068023681641,-0.0300010739185477
233.75,45.7068023681641,-0.0316793223004684
235,45.7068023681641,-0.0295692174492319
236.25,45.7068023681641,-0.0253634278947698
160,46.6492156982422,-0.00777528139343028
161.25,46.6492156982422,-0.00918443914557361
162.5,46.6492156982422,-0.0123198037217613
163.75,46.6492156982422,-0.0176504908931343
165,46.6492156982422,-0.0240719670010742
166.25,46.6492156982422,-0.0302871069526774
167.5,46.6492156982422,-0.0352955697395959
168.75,46.6492156982422,-0.0389002276186808
170,46.6492156982422,-0.0410814672549776
171.25,46.6492156982422,-0.0425053338511321
172.5,46.6492156982422,-0.0444249521443368
173.75,46.6492156982422,-0.0474521017144922
175,46.6492156982422,-0.0507342438024561
176.25,46.6492156982422,-0.0527033020252499
177.5,46.6492156982422,-0.0526851039556641
178.75,46.6492156982422,-0.0509022823966601
180,46.6492156982422,-0.0480701384556274
181.25,46.6492156982422,-0.044599925245332
182.5,46.6492156982422,-0.0400133837944459
183.75,46.6492156982422,-0.0347442610473243
185,46.6492156982422,-0.0298370071937535
186.25,46.6492156982422,-0.0253086786024321
187.5,46.6492156982422,-0.0217676355785637
188.75,46.6492156982422,-0.0200592307520718
190,46.6492156982422,-0.019912422009908
191.25,46.6492156982422,-0.0202331790315989
192.5,46.6492156982422,-0.0204266779000565
193.75,46.6492156982422,-0.0221258764707721
195,46.6492156982422,-0.0256612122200244
196.25,46.6492156982422,-0.0305526219912662
197.5,46.6492156982422,-0.0357220346052713
198.75,46.6492156982422,-0.0406529925391126
200,46.6492156982422,-0.0437514566455032
201.25,46.6492156982422,-0.0450385569572088
202.5,46.6492156982422,-0.0454620013155602
203.75,46.6492156982422,-0.0454889118869639
205,46.6492156982422,-0.0459006528534894
206.25,46.6492156982422,-0.0468905184494833
207.5,46.6492156982422,-0.0481942709424781
208.75,46.6492156982422,-0.049088349213661
210,46.6492156982422,-0.0495611497790037
211.25,46.6492156982422,-0.0491547880866363
212.5,46.6492156982422,-0.0474718728029075
213.75,46.6492156982422,-0.0459102676007009
215,46.6492156982422,-0.0447807474079866
216.25,46.6492156982422,-0.043560934798046
217.5,46.6492156982422,-0.0420775050111157
218.75,46.6492156982422,-0.0400060764092301
220,46.6492156982422,-0.0376393478663927
221.25,46.6492156982422,-0.036355041897971
222.5,46.6492156982422,-0.0358525765770304
223.75,46.6492156982422,-0.0359355869139214
225,46.6492156982422,-0.0360024825321029
226.25,46.6492156982422,-0.0348446555761626
227.5,46.6492156982422,-0.0327893839794432
228.75,46.6492156982422,-0.0311173377374624
230,46.6492156982422,-0.030703452358539
231.25,46.6492156982422,-0.0319772750823975
232.5,46.6492156982422,-0.0338300339448915
233.75,46.6492156982422,-0.0342926102489513
235,46.6492156982422,-0.0294340275068429
236.25,46.6492156982422,-0.0207499212850611
160,47.5916290283203,0.00256359496871681
161.25,47.5916290283203,0.0010531141802238
162.5,47.5916290283203,-0.00187348495716909
163.75,47.5916290283203,-0.00675599583319843
165,47.5916290283203,-0.012954391019231
166.25,47.5916290283203,-0.0185806650155504
167.5,47.5916290283203,-0.0227687996124582
168.75,47.5916290283203,-0.0248696283112495
170,47.5916290283203,-0.0258766900096204
171.25,47.5916290283203,-0.0273681429580086
172.5,47.5916290283203,-0.0300426379438097
173.75,47.5916290283203,-0.0335527921389871
175,47.5916290283203,-0.0367359748293204
176.25,47.5916290283203,-0.0383566694951371
177.5,47.5916290283203,-0.0384906228409502
178.75,47.5916290283203,-0.0377106249093587
180,47.5916290283203,-0.0364393843303023
181.25,47.5916290283203,-0.0344468134717723
182.5,47.5916290283203,-0.0312029358635621
183.75,47.5916290283203,-0.0276930869093209
185,47.5916290283203,-0.0247417514817775
186.25,47.5916290283203,-0.0223242023231612
187.5,47.5916290283203,-0.0210322813932786
188.75,47.5916290283203,-0.0216770050709816
190,47.5916290283203,-0.0238885052612939
191.25,47.5916290283203,-0.0259039942287707
192.5,47.5916290283203,-0.0268687700661851
193.75,47.5916290283203,-0.0277393687181585
195,47.5916290283203,-0.0300356626716558
196.25,47.5916290283203,-0.0340925685448976
197.5,47.5916290283203,-0.0376271991795058
198.75,47.5916290283203,-0.0403182340894725
200,47.5916290283203,-0.0414951517546471
201.25,47.5916290283203,-0.0414860358441956
202.5,47.5916290283203,-0.0414151206714485
203.75,47.5916290283203,-0.04162920148413
205,47.5916290283203,-0.0424181004459369
206.25,47.5916290283203,-0.0436670352430062
207.5,47.5916290283203,-0.0448318519227937
208.75,47.5916290283203,-0.0460091348963758
210,47.5916290283203,-0.0464184252652041
211.25,47.5916290283203,-0.0457003448439488
212.5,47.5916290283203,-0.0439766223847087
213.75,47.5916290283203,-0.0428427407317142
215,47.5916290283203,-0.0424988486504901
216.25,47.5916290283203,-0.042323549216954
217.5,47.5916290283203,-0.04142492062668
218.75,47.5916290283203,-0.0396432727712756
220,47.5916290283203,-0.037976149135544
221.25,47.5916290283203,-0.0375701176509966
222.5,47.5916290283203,-0.0379084911458983
223.75,47.5916290283203,-0.0385703490298876
225,47.5916290283203,-0.0389373020522294
226.25,47.5916290283203,-0.0376508042834064
227.5,47.5916290283203,-0.0355723069847879
228.75,47.5916290283203,-0.0342951768470326
230,47.5916290283203,-0.0338962443898126
231.25,47.5916290283203,-0.0339675668877764
232.5,47.5916290283203,-0.0338381524026657
233.75,47.5916290283203,-0.0317031999433647
235,47.5916290283203,-0.0246668260359303
236.25,47.5916290283203,-0.0216266834510737
160,48.5340270996094,0.00649577138618637
161.25,48.5340270996094,0.00665607980327005
162.5,48.5340270996094,0.00501443194664106
163.75,48.5340270996094,0.00148887131499199
165,48.5340270996094,-0.00238711518425342
166.25,48.5340270996094,-0.00612260897934679
167.5,48.5340270996094,-0.00897423723438617
168.75,48.5340270996094,-0.0108962017927249
170,48.5340270996094,-0.0129116855747117
171.25,48.5340270996094,-0.0159736871890029
172.5,48.5340270996094,-0.0202869073109892
173.75,48.5340270996094,-0.0249127181771633
175,48.5340270996094,-0.0285480348248192
176.25,48.5340270996094,-0.0302952080549895
177.5,48.5340270996094,-0.030274521497183
178.75,48.5340270996094,-0.029503715952071
180,48.5340270996094,-0.0286875723402958
181.25,48.5340270996094,-0.0273037880132036
182.5,48.5340270996094,-0.0250183888512821
183.75,48.5340270996094,-0.0236495738093382
185,48.5340270996094,-0.0231005410199788
186.25,48.5340270996094,-0.0228999547676694
187.5,48.5340270996094,-0.0233404538440425
188.75,48.5340270996094,-0.0249054923835791
190,48.5340270996094,-0.0275473434963809
191.25,48.5340270996094,-0.0294917267652016
192.5,48.5340270996094,-0.0299030252925305
193.75,48.5340270996094,-0.0296477958955532
195,48.5340270996094,-0.0304609110021299
196.25,48.5340270996094,-0.0327303372019335
197.5,48.5340270996094,-0.0356164777529657
198.75,48.5340270996094,-0.0372454378009947
200,48.5340270996094,-0.0375660336669265
201.25,48.5340270996094,-0.0374894043958073
202.5,48.5340270996094,-0.0379253824691954
203.75,48.5340270996094,-0.0387620908091103
205,48.5340270996094,-0.0399991876304382
206.25,48.5340270996094,-0.0414568938332404
207.5,48.5340270996094,-0.0428351009662166
208.75,48.5340270996094,-0.0441576496338149
210,48.5340270996094,-0.0443377163746506
211.25,48.5340270996094,-0.0432190927719081
212.5,48.5340270996094,-0.0414722214605119
213.75,48.5340270996094,-0.0403415682668724
215,48.5340270996094,-0.0402427940547452
216.25,48.5340270996094,-0.0405131173934676
217.5,48.5340270996094,-0.0400913338294826
218.75,48.5340270996094,-0.0391445011066764
220,48.5340270996094,-0.0385952033369884
221.25,48.5340270996094,-0.0389506889997932
222.5,48.5340270996094,-0.0396297180517071
223.75,48.5340270996094,-0.0403578650025919
225,48.5340270996094,-0.0407335586533503
226.25,48.5340270996094,-0.039186222599022
227.5,48.5340270996094,-0.0370795566020379
228.75,48.5340270996094,-0.0359013608308021
230,48.5340270996094,-0.0344361986410597
231.25,48.5340270996094,-0.0318815963511301
232.5,48.5340270996094,-0.029395663813973
233.75,48.5340270996094,-0.0254946271242224
235,48.5340270996094,-0.021480173774753
236.25,48.5340270996094,-0.0206230282416672
160,49.4764404296875,0.00371514218796977
161.25,49.4764404296875,0.00639716176934223
162.5,49.4764404296875,0.00687653537570783
163.75,49.4764404296875,0.00491237229853281
165,49.4764404296875,0.00232805532976157
166.25,49.4764404296875,-0.000270445042795394
167.5,49.4764404296875,-0.00286494442971192
168.75,49.4764404296875,-0.00513221456703955
170,49.4764404296875,-0.00801045498733238
171.25,49.4764404296875,-0.0120154547082205
172.5,49.4764404296875,-0.0168329889863378
173.75,49.4764404296875,-0.0213255782942384
175,49.4764404296875,-0.0247712763954622
176.25,49.4764404296875,-0.0268901366099324
177.5,49.4764404296875,-0.027884158785231
178.75,49.4764404296875,-0.0281425211072466
180,49.4764404296875,-0.0276757743640989
181.25,49.4764404296875,-0.0265914724666093
182.5,49.4764404296875,-0.0248638945037746
183.75,49.4764404296875,-0.0223589741042938
185,49.4764404296875,-0.0215111426097431
186.25,49.4764404296875,-0.0218123466850918
187.5,49.4764404296875,-0.0225666035438407
188.75,49.4764404296875,-0.0236518591027043
190,49.4764404296875,-0.0251243683612426
191.25,49.4764404296875,-0.0261167382236999
192.5,49.4764404296875,-0.0261480929401673
193.75,49.4764404296875,-0.0254263050302496
195,49.4764404296875,-0.0252042212026447
196.25,49.4764404296875,-0.0262856129388021
197.5,49.4764404296875,-0.0285590135680108
198.75,49.4764404296875,-0.0304031875490944
200,49.4764404296875,-0.0316993805069621
201.25,49.4764404296875,-0.0327321660632047
202.5,49.4764404296875,-0.0337787691640015
203.75,49.4764404296875,-0.035041938845307
205,49.4764404296875,-0.0366283660642613
206.25,49.4764404296875,-0.0384872233120084
207.5,49.4764404296875,-0.0403617056006544
208.75,49.4764404296875,-0.0417755858301051
210,49.4764404296875,-0.0419402813449166
211.25,49.4764404296875,-0.0408793291297979
212.5,49.4764404296875,-0.0392209996432105
213.75,49.4764404296875,-0.0378378040599518
215,49.4764404296875,-0.0376883277406813
216.25,49.4764404296875,-0.0382970018634606
217.5,49.4764404296875,-0.0387224201468412
218.75,49.4764404296875,-0.0389319786965756
220,49.4764404296875,-0.0394588182740517
221.25,49.4764404296875,-0.0401248062588254
222.5,49.4764404296875,-0.0406521023433405
223.75,49.4764404296875,-0.0409818520292492
225,49.4764404296875,-0.0408457718976053
226.25,49.4764404296875,-0.0389562755441162
227.5,49.4764404296875,-0.0366741275289852
228.75,49.4764404296875,-0.0343748579829715
230,49.4764404296875,-0.0314485964256866
231.25,49.4764404296875,-0.0273757182232106
232.5,49.4764404296875,-0.0230642672139673
233.75,49.4764404296875,-0.0198840409649404
235,49.4764404296875,-0.0177883086732948
160,50.4188537597656,-0.000885030131142008
161.25,50.4188537597656,0.00154885501162973
162.5,50.4188537597656,0.00426220611613584
163.75,50.4188537597656,0.00417615646491896
165,50.4188537597656,0.00250342016638581
166.25,50.4188537597656,0.000513304038637565
167.5,50.4188537597656,-0.00180468546694329
168.75,50.4188537597656,-0.00456803378278274
170,50.4188537597656,-0.00779275832411096
171.25,50.4188537597656,-0.0119727279372685
172.5,50.4188537597656,-0.0162524746194009
173.75,50.4188537597656,-0.0201109844444859
175,50.4188537597656,-0.0234699517934415
176.25,50.4188537597656,-0.0265911957996363
177.5,50.4188537597656,-0.0292670738670724
178.75,50.4188537597656,-0.0308928947943497
180,50.4188537597656,-0.0306753781017
181.25,50.4188537597656,-0.0283415771334098
182.5,50.4188537597656,-0.0242934648858144
183.75,50.4188537597656,-0.0199888736002623
185,50.4188537597656,-0.0175522236873392
186.25,50.4188537597656,-0.0172992213757797
187.5,50.4188537597656,-0.0174647981847548
188.75,50.4188537597656,-0.0176603096793192
190,50.4188537597656,-0.0178886431782793
191.25,50.4188537597656,-0.0178193818917798
192.5,50.4188537597656,-0.0173165580039095
193.75,50.4188537597656,-0.0170096202817361
195,50.4188537597656,-0.017154860490143
196.25,50.4188537597656,-0.0182133676779179
197.5,50.4188537597656,-0.0200639320460123
198.75,50.4188537597656,-0.0218654471190305
200,50.4188537597656,-0.0237054607159694
201.25,50.4188537597656,-0.026057943511903
202.5,50.4188537597656,-0.0288286713476126
203.75,50.4188537597656,-0.031372675794732
205,50.4188537597656,-0.0335825085529539
206.25,50.4188537597656,-0.0358449642622747
207.5,50.4188537597656,-0.0378000555824564
208.75,50.4188537597656,-0.0390522811795759
210,50.4188537597656,-0.0393807544511363
211.25,50.4188537597656,-0.0387230931094815
212.5,50.4188537597656,-0.0375060296262053
213.75,50.4188537597656,-0.0362713569373806
215,50.4188537597656,-0.0358247869805766
216.25,50.4188537597656,-0.0364869736993172
217.5,50.4188537597656,-0.0377954282060815
218.75,50.4188537597656,-0.038987974379196
220,50.4188537597656,-0.0401371163073352
221.25,50.4188537597656,-0.040782544700081
222.5,50.4188537597656,-0.0409447611717945
223.75,50.4188537597656,-0.0407960344670505
225,50.4188537597656,-0.0394378113559484
226.25,50.4188537597656,-0.0362081818300274
227.5,50.4188537597656,-0.0324328171941605
228.75,50.4188537597656,-0.0299075559871766
230,50.4188537597656,-0.0282442507832397
231.25,50.4188537597656,-0.0257977376064394
232.5,50.4188537597656,-0.0225402286033017
233.75,50.4188537597656,-0.0198345220275531
160,51.3612518310547,-0.00508887655659268
161.25,51.3612518310547,-0.00558761709234136
162.5,51.3612518310547,-0.00298128840729569
163.75,51.3612518310547,-0.00123420009610401
165,51.3612518310547,-0.00191637847146275
166.25,51.3612518310547,-0.00348615197329938
167.5,51.3612518310547,-0.00532887915335787
168.75,51.3612518310547,-0.0075730059583177
170,51.3612518310547,-0.00984430659097917
171.25,51.3612518310547,-0.0127757566619212
172.5,51.3612518310547,-0.0157650677596922
173.75,51.3612518310547,-0.0183523898444271
175,51.3612518310547,-0.0210139175026263
176.25,51.3612518310547,-0.0244232321646947
177.5,51.3612518310547,-0.0285819946137972
178.75,51.3612518310547,-0.0322616862597059
180,51.3612518310547,-0.0334022184232736
181.25,51.3612518310547,-0.0309112830377839
182.5,51.3612518310547,-0.0267723946786488
183.75,51.3612518310547,-0.0229559998902745
185,51.3612518310547,-0.0204234014872245
186.25,51.3612518310547,-0.0192415220249846
187.5,51.3612518310547,-0.0177577814334876
188.75,51.3612518310547,-0.0162535210655839
190,51.3612518310547,-0.0150065860301378
191.25,51.3612518310547,-0.0130433715891438
192.5,51.3612518310547,-0.0116815253109831
193.75,51.3612518310547,-0.0111638496851547
195,51.3612518310547,-0.0113529194461694
196.25,51.3612518310547,-0.0124348729567225
197.5,51.3612518310547,-0.0149924302251876
198.75,51.3612518310547,-0.0180346983960993
200,51.3612518310547,-0.0208641365934214
201.25,51.3612518310547,-0.0238113311923958
202.5,51.3612518310547,-0.0267376338250529
203.75,51.3612518310547,-0.0298366445288432
205,51.3612518310547,-0.0321818431481372
206.25,51.3612518310547,-0.0340603411519308
207.5,51.3612518310547,-0.0360924261820542
208.75,51.3612518310547,-0.0373447018591888
210,51.3612518310547,-0.0378784088824367
211.25,51.3612518310547,-0.0379581289091369
212.5,51.3612518310547,-0.0374015425769574
213.75,51.3612518310547,-0.036439538866703
215,51.3612518310547,-0.0359387084504304
216.25,51.3612518310547,-0.0365537469049661
217.5,51.3612518310547,-0.0378935074912961
218.75,51.3612518310547,-0.0392075687654164
220,51.3612518310547,-0.0402808248260735
221.25,51.3612518310547,-0.0408001435910106
222.5,51.3612518310547,-0.040706147315719
223.75,51.3612518310547,-0.0392002032234521
225,51.3612518310547,-0.0358244654818699
226.25,51.3612518310547,-0.0309934091188963
227.5,51.3612518310547,-0.0259182421775443
228.75,51.3612518310547,-0.0224042761079441
230,51.3612518310547,-0.0214107974091711
231.25,51.3612518310547,-0.0203949950629903
232.5,51.3612518310547,-0.0198983403784444
160,52.3036651611328,-0.00745192743784334
161.25,52.3036651611328,-0.0104390408921004
162.5,52.3036651611328,-0.0112252971354549
163.75,52.3036651611328,-0.0100801963493629
165,52.3036651611328,-0.00966396581868018
166.25,52.3036651611328,-0.0103055905501434
167.5,52.3036651611328,-0.0107962813143858
168.75,52.3036651611328,-0.011559626832669
170,52.3036651611328,-0.0121031011460326
171.25,52.3036651611328,-0.0131429545269827
172.5,52.3036651611328,-0.014926230142988
173.75,52.3036651611328,-0.0166597657866878
175,52.3036651611328,-0.0186925650285305
176.25,52.3036651611328,-0.021402848049984
177.5,52.3036651611328,-0.0253570730067801
178.75,52.3036651611328,-0.0297199462491407
180,52.3036651611328,-0.0324671820704566
181.25,52.3036651611328,-0.032238497712339
182.5,52.3036651611328,-0.0308065876586163
183.75,52.3036651611328,-0.0297152458599807
185,52.3036651611328,-0.027847665930397
186.25,52.3036651611328,-0.0254277519736417
187.5,52.3036651611328,-0.0227763823495186
188.75,52.3036651611328,-0.0202284747560936
190,52.3036651611328,-0.0174606685386255
191.25,52.3036651611328,-0.0129845292363927
192.5,52.3036651611328,-0.0105177834720682
193.75,52.3036651611328,-0.0102850445025414
195,52.3036651611328,-0.0114113407373791
196.25,52.3036651611328,-0.013708594775673
197.5,52.3036651611328,-0.0172749783876205
198.75,52.3036651611328,-0.0212489653493055
200,52.3036651611328,-0.0245621007313704
201.25,52.3036651611328,-0.0269946085963708
202.5,52.3036651611328,-0.0291002267232982
203.75,52.3036651611328,-0.0315052492088389
205,52.3036651611328,-0.0334777113062676
206.25,52.3036651611328,-0.035120194722856
207.5,52.3036651611328,-0.0364656489763553
208.75,52.3036651611328,-0.0372910143208969
210,52.3036651611328,-0.0380617061630258
211.25,52.3036651611328,-0.0390505770943893
212.5,52.3036651611328,-0.0394993198780285
213.75,52.3036651611328,-0.0390519159402416
215,52.3036651611328,-0.0381921591311049
216.25,52.3036651611328,-0.038084451915522
217.5,52.3036651611328,-0.0387583033192266
218.75,52.3036651611328,-0.0394289075366091
220,52.3036651611328,-0.0399627268308657
221.25,52.3036651611328,-0.0400858407216331
222.5,52.3036651611328,-0.0395045798460718
223.75,52.3036651611328,-0.0365334116129247
225,52.3036651611328,-0.0307942920058371
226.25,52.3036651611328,-0.0246359958911991
227.5,52.3036651611328,-0.0187537102192401
228.75,52.3036651611328,-0.0123214005536381
230,52.3036651611328,-0.0103427212527314
231.25,52.3036651611328,-0.0159020718329255
232.5,52.3036651611328,-0.0197944288228191
160,53.2460784912109,-0.00897437295675577
161.25,53.2460784912109,-0.0132223514931108
162.5,53.2460784912109,-0.0156212548285048
163.75,53.2460784912109,-0.0160902205298034
165,53.2460784912109,-0.0153601809410429
166.25,53.2460784912109,-0.0147352566348373
167.5,53.2460784912109,-0.0139775108122943
168.75,53.2460784912109,-0.0131379159701304
170,53.2460784912109,-0.0124132471518208
171.25,53.2460784912109,-0.0122688399202829
172.5,53.2460784912109,-0.0127909118687931
173.75,53.2460784912109,-0.0141712353725503
175,53.2460784912109,-0.0157998452431647
176.25,53.2460784912109,-0.0181242804412521
177.5,53.2460784912109,-0.0220176779066604
178.75,53.2460784912109,-0.02679502532805
180,53.2460784912109,-0.0304378326090293
181.25,53.2460784912109,-0.0319904517170058
182.5,53.2460784912109,-0.0326158389638269
183.75,53.2460784912109,-0.0333805990685627
185,53.2460784912109,-0.0331004940069266
186.25,53.2460784912109,-0.0316881183185351
187.5,53.2460784912109,-0.029259861706624
188.75,53.2460784912109,-0.025834757171107
190,53.2460784912109,-0.0223916051166725
191.25,53.2460784912109,-0.0179346354937616
192.5,53.2460784912109,-0.0136406546392506
193.75,53.2460784912109,-0.0130752835316862
195,53.2460784912109,-0.0145681361695688
196.25,53.2460784912109,-0.0168342191646918
197.5,53.2460784912109,-0.0199526887819327
198.75,53.2460784912109,-0.024230632447192
200,53.2460784912109,-0.0285034420839834
201.25,53.2460784912109,-0.0317392082574088
202.5,53.2460784912109,-0.0340819002733239
203.75,53.2460784912109,-0.0360379411075806
205,53.2460784912109,-0.0375471452961237
206.25,53.2460784912109,-0.038701231427084
207.5,53.2460784912109,-0.039735452011057
208.75,53.2460784912109,-0.0408193187962737
210,53.2460784912109,-0.0421017131437932
211.25,53.2460784912109,-0.0430907045025467
212.5,53.2460784912109,-0.0432350526746719
213.75,53.2460784912109,-0.0427412223123684
215,53.2460784912109,-0.041564741527286
216.25,53.2460784912109,-0.0405891367771582
217.5,53.2460784912109,-0.0399035056043308
218.75,53.2460784912109,-0.0395269604506655
220,53.2460784912109,-0.0392395659282992
221.25,53.2460784912109,-0.0385063878696156
222.5,53.2460784912109,-0.0370529431343264
223.75,53.2460784912109,-0.0334274816947382
225,53.2460784912109,-0.0272126500009529
226.25,53.2460784912109,-0.021476633221532
227.5,53.2460784912109,-0.0145075131140635
228.75,53.2460784912109,-0.00484688340504268
230,53.2460784912109,-0.00195014756955538
231.25,53.2460784912109,-0.0109280752787172
160,54.1884765625,-0.0130542622709311
161.25,54.1884765625,-0.014702193811338
162.5,54.1884765625,-0.0173331785962393
163.75,54.1884765625,-0.0176051122016442
165,54.1884765625,-0.0175153309338385
166.25,54.1884765625,-0.0169899367918663
167.5,54.1884765625,-0.0157261208413293
168.75,54.1884765625,-0.0137956829721281
170,54.1884765625,-0.0116615340665491
171.25,54.1884765625,-0.0100634722849186
172.5,54.1884765625,-0.00978544101771009
173.75,54.1884765625,-0.010826939893909
175,54.1884765625,-0.0124529577905527
176.25,54.1884765625,-0.014995451438337
177.5,54.1884765625,-0.0187756042275759
178.75,54.1884765625,-0.0236822666936674
180,54.1884765625,-0.0279173028885637
181.25,54.1884765625,-0.0310317873248077
182.5,54.1884765625,-0.0337516479456444
183.75,54.1884765625,-0.0357284541676047
185,54.1884765625,-0.0359672816635697
186.25,54.1884765625,-0.0343995266816113
187.5,54.1884765625,-0.0314885218241309
188.75,54.1884765625,-0.0280114872565028
190,54.1884765625,-0.0249850102898793
191.25,54.1884765625,-0.023211558569842
192.5,54.1884765625,-0.0214060358422948
193.75,54.1884765625,-0.0172202330979409
195,54.1884765625,-0.0170747186189476
196.25,54.1884765625,-0.0205108570590463
197.5,54.1884765625,-0.0207327157764582
198.75,54.1884765625,-0.0236333159196164
200,54.1884765625,-0.0289166801885674
201.25,54.1884765625,-0.0338084330595451
202.5,54.1884765625,-0.0375296848263469
203.75,54.1884765625,-0.0408052889519551
205,54.1884765625,-0.0424641157506571
206.25,54.1884765625,-0.0432350932496349
207.5,54.1884765625,-0.0440298192563982
208.75,54.1884765625,-0.0453078760119689
210,54.1884765625,-0.0469640889012096
211.25,54.1884765625,-0.0484231924184085
212.5,54.1884765625,-0.0484188563482613
213.75,54.1884765625,-0.0468629056420102
215,54.1884765625,-0.0445579313404916
216.25,54.1884765625,-0.0424504601508041
217.5,54.1884765625,-0.0404988074060537
218.75,54.1884765625,-0.0388992889389178
220,54.1884765625,-0.037641266336852
221.25,54.1884765625,-0.0360093162357405
222.5,54.1884765625,-0.0330767158481051
223.75,54.1884765625,-0.0285589308431358
225,54.1884765625,-0.0239529202021463
226.25,54.1884765625,-0.0191180910779737
227.5,54.1884765625,-0.0145232179212301
228.75,54.1884765625,-0.00142066100964538
230,54.1884765625,0.00270445852233039
161.25,55.1308898925781,-0.0181142818262097
162.5,55.1308898925781,-0.0180503717843183
163.75,55.1308898925781,-0.0174810552480887
165,55.1308898925781,-0.0170012826063699
166.25,55.1308898925781,-0.0170884484223689
167.5,55.1308898925781,-0.0163532467894204
168.75,55.1308898925781,-0.014268202327184
170,55.1308898925781,-0.011383232764367
171.25,55.1308898925781,-0.00876397368679163
172.5,55.1308898925781,-0.00749735519969831
173.75,55.1308898925781,-0.00803268400462101
175,55.1308898925781,-0.00976073242468623
176.25,55.1308898925781,-0.0123968194469269
177.5,55.1308898925781,-0.0165215408234396
178.75,55.1308898925781,-0.0220492851738246
180,55.1308898925781,-0.0270316723129938
181.25,55.1308898925781,-0.0309104897826779
182.5,55.1308898925781,-0.034216460221183
183.75,55.1308898925781,-0.036052981255645
185,55.1308898925781,-0.0359680196746958
186.25,55.1308898925781,-0.0339567715652082
187.5,55.1308898925781,-0.0312330976731615
188.75,55.1308898925781,-0.0284234473446165
190,55.1308898925781,-0.0264358153780031
191.25,55.1308898925781,-0.0260110569117916
192.5,55.1308898925781,-0.0263366263886066
193.75,55.1308898925781,-0.0273635900769091
195,55.1308898925781,-0.0282219171645573
196.25,55.1308898925781,-0.028627934583888
197.5,55.1308898925781,-0.0239726830630535
198.75,55.1308898925781,-0.022606384124294
200,55.1308898925781,-0.0273212517901367
201.25,55.1308898925781,-0.0326950425286805
202.5,55.1308898925781,-0.0373727108732361
203.75,55.1308898925781,-0.0417937723830904
205,55.1308898925781,-0.0440690426377576
206.25,55.1308898925781,-0.0441651694062439
207.5,55.1308898925781,-0.0443607979095179
208.75,55.1308898925781,-0.0465353306315628
210,55.1308898925781,-0.049342301148461
211.25,55.1308898925781,-0.0506968062162059
212.5,55.1308898925781,-0.0501587871785179
213.75,55.1308898925781,-0.0484145745050979
215,55.1308898925781,-0.0457768053576339
216.25,55.1308898925781,-0.0426544965312774
217.5,55.1308898925781,-0.0399123299982685
218.75,55.1308898925781,-0.0371910078636069
220,55.1308898925781,-0.0344950061122537
221.25,55.1308898925781,-0.0317085221314962
222.5,55.1308898925781,-0.0280899938784417
223.75,55.1308898925781,-0.0243552185874841
225,55.1308898925781,-0.0212625888079924
226.25,55.1308898925781,-0.0147320874085975
227.5,55.1308898925781,-0.00906906989278723
228.75,55.1308898925781,-0.00387155063558558
230,55.1308898925781,0.00270447754332599
161.25,56.0733032226562,-0.0177132389039271
162.5,56.0733032226562,-0.0176262116179021
163.75,56.0733032226562,-0.0167853914319965
165,56.0733032226562,-0.0159787908809381
166.25,56.0733032226562,-0.0162418557562271
167.5,56.0733032226562,-0.0158946208383506
168.75,56.0733032226562,-0.0144686944773784
170,56.0733032226562,-0.0123409423436679
171.25,56.0733032226562,-0.0101702969704152
172.5,56.0733032226562,-0.00905543938382004
173.75,56.0733032226562,-0.00942045536075278
175,56.0733032226562,-0.0111322281195295
176.25,56.0733032226562,-0.0137907622026247
177.5,56.0733032226562,-0.0174141758506168
178.75,56.0733032226562,-0.0223327658734038
180,56.0733032226562,-0.0270428621293436
181.25,56.0733032226562,-0.0305905308435122
182.5,56.0733032226562,-0.0331325436959827
183.75,56.0733032226562,-0.0346032900392669
185,56.0733032226562,-0.0345788920268659
186.25,56.0733032226562,-0.0335301299457531
187.5,56.0733032226562,-0.0323313191341596
188.75,56.0733032226562,-0.0310946387156641
190,56.0733032226562,-0.0302820323017588
191.25,56.0733032226562,-0.0304450530608858
192.5,56.0733032226562,-0.0324157971894648
193.75,56.0733032226562,-0.0347994515892137
195,56.0733032226562,-0.0356746694085805
196.25,56.0733032226562,-0.036353963606011
197.5,56.0733032226562,-0.0385344983659377
198.75,56.0733032226562,-0.0400833517112582
200,56.0733032226562,-0.0315598097368434
201.25,56.0733032226562,-0.0323900533611617
202.5,56.0733032226562,-0.0361514011509272
203.75,56.0733032226562,-0.0400465504570789
205,56.0733032226562,-0.0426592980074816
206.25,56.0733032226562,-0.0425933456981493
207.5,56.0733032226562,-0.0404326037694764
208.75,56.0733032226562,-0.0405180657714514
210,56.0733032226562,-0.0430514665055744
211.25,56.0733032226562,-0.0460723700647936
212.5,56.0733032226562,-0.0471838018939696
213.75,56.0733032226562,-0.04643855011143
215,56.0733032226562,-0.0437348651395387
216.25,56.0733032226562,-0.0399928853677524
217.5,56.0733032226562,-0.0368058792788638
218.75,56.0733032226562,-0.0337467606299617
220,56.0733032226562,-0.0293722659127547
221.25,56.0733032226562,-0.0246140546439812
222.5,56.0733032226562,-0.0213425852379284
223.75,56.0733032226562,-0.0205095369262476
225,56.0733032226562,-0.0197140159395698
226.25,56.0733032226562,-0.0162670547327009
227.5,56.0733032226562,-0.00752281295142079
162.5,57.0157012939453,-0.0163015262260552
163.75,57.0157012939453,-0.0158874581926944
165,57.0157012939453,-0.0150402522667993
166.25,57.0157012939453,-0.015502475578165
167.5,57.0157012939453,-0.015660940703571
168.75,57.0157012939453,-0.0148343546648156
170,57.0157012939453,-0.0134994704848165
171.25,57.0157012939453,-0.0124179252017435
172.5,57.0157012939453,-0.0119841347787098
173.75,57.0157012939453,-0.0125541757331408
175,57.0157012939453,-0.0142862842767534
176.25,57.0157012939453,-0.0167883280911556
177.5,57.0157012939453,-0.019642893330182
178.75,57.0157012939453,-0.0230239658157225
180,57.0157012939453,-0.0264035052011715
181.25,57.0157012939453,-0.0290570228771475
182.5,57.0157012939453,-0.0310981069190413
183.75,57.0157012939453,-0.0331390680797592
185,57.0157012939453,-0.0346848979374196
186.25,57.0157012939453,-0.0355314760006104
187.5,57.0157012939453,-0.0362221834032725
188.75,57.0157012939453,-0.0366586763029367
190,57.0157012939453,-0.036640765872291
191.25,57.0157012939453,-0.0357747982899582
192.5,57.0157012939453,-0.0371034048301317
193.75,57.0157012939453,-0.0376847277201668
195,57.0157012939453,-0.0375576657150349
196.25,57.0157012939453,-0.0378449706601749
197.5,57.0157012939453,-0.0388590299793327
198.75,57.0157012939453,-0.0400031125264595
200,57.0157012939453,-0.0405510192470195
201.25,57.0157012939453,-0.0391327967635157
202.5,57.0157012939453,-0.0349010499422294
203.75,57.0157012939453,-0.0362571709366403
205,57.0157012939453,-0.0389712824503884
206.25,57.0157012939453,-0.0394837166601712
207.5,57.0157012939453,-0.0356497566011418
208.75,57.0157012939453,-0.0342208284018373
210,57.0157012939453,-0.0324658447795086
211.25,57.0157012939453,-0.0341134674367631
212.5,57.0157012939453,-0.0365040352265293
213.75,57.0157012939453,-0.0380739599606338
215,57.0157012939453,-0.0372472183174574
216.25,57.0157012939453,-0.0337075432061548
217.5,57.0157012939453,-0.0291417563403436
218.75,57.0157012939453,-0.024360313195185
220,57.0157012939453,-0.0201674038033847
221.25,57.0157012939453,-0.0168351792901119
222.5,57.0157012939453,-0.0157295760626705
223.75,57.0157012939453,-0.0161178208254389
225,57.0157012939453,-0.0180816885417328
226.25,57.0157012939453,-0.016843156529366
162.5,57.9581146240234,-0.0153545258998275
163.75,57.9581146240234,-0.0150584092303645
165,57.9581146240234,-0.014026516073858
166.25,57.9581146240234,-0.013976778599051
167.5,57.9581146240234,-0.0139388982043844
168.75,57.9581146240234,-0.0131804191620924
170,57.9581146240234,-0.0124898835764095
171.25,57.9581146240234,-0.012682812037051
172.5,57.9581146240234,-0.0135506718004806
173.75,57.9581146240234,-0.0146797291885275
175,57.9581146240234,-0.0164129501838326
176.25,57.9581146240234,-0.0186294746221199
177.5,57.9581146240234,-0.0208679985617701
178.75,57.9581146240234,-0.0232325614243468
180,57.9581146240234,-0.0256075038618907
181.25,57.9581146240234,-0.0278553082020331
182.5,57.9581146240234,-0.0304369160823414
183.75,57.9581146240234,-0.0333067836843528
185,57.9581146240234,-0.0359395165851705
186.25,57.9581146240234,-0.0383281798490817
187.5,57.9581146240234,-0.0410390781473468
188.75,57.9581146240234,-0.0433139989897222
190,57.9581146240234,-0.0429024663535842
191.25,57.9581146240234,-0.0402076176514667
192.5,57.9581146240234,-0.0401428779758482
193.75,57.9581146240234,-0.0389010847783002
195,57.9581146240234,-0.0371887090134243
196.25,57.9581146240234,-0.0367355218802457
197.5,57.9581146240234,-0.0378979654958327
198.75,57.9581146240234,-0.0377687100814414
200,57.9581146240234,-0.0381596895713731
201.25,57.9581146240234,-0.0376999988194793
202.5,57.9581146240234,-0.034797964669111
203.75,57.9581146240234,-0.0358714926741007
206.25,57.9581146240234,-0.0290608838478056
207.5,57.9581146240234,-0.0312160674135886
208.75,57.9581146240234,-0.0309799848368114
210,57.9581146240234,-0.0245105182592303
211.25,57.9581146240234,-0.0214878674959347
212.5,57.9581146240234,-0.0234051839636536
213.75,57.9581146240234,-0.0254404187216744
215,57.9581146240234,-0.0245983142552995
216.25,57.9581146240234,-0.0219159081674572
217.5,57.9581146240234,-0.0182831195237226
218.75,57.9581146240234,-0.0140010795946232
220,57.9581146240234,-0.011313465218926
221.25,57.9581146240234,-0.0111506573131289
222.5,57.9581146240234,-0.012103917186987
223.75,57.9581146240234,-0.012507366026411
225,57.9581146240234,-0.0145696651310841
160,58.9005279541016,-0.0207937228105259
161.25,58.9005279541016,-0.0200833650705632
162.5,58.9005279541016,-0.0149265611177294
163.75,58.9005279541016,-0.0161158417313832
165,58.9005279541016,-0.0133418766663646
166.25,58.9005279541016,-0.0119633795641352
167.5,58.9005279541016,-0.010761416272945
168.75,58.9005279541016,-0.00925818557143229
170,58.9005279541016,-0.00825127680489004
171.25,58.9005279541016,-0.00790846548415595
172.5,58.9005279541016,-0.00861140692684517
173.75,58.9005279541016,-0.0101408564710356
175,58.9005279541016,-0.0127791035325792
176.25,58.9005279541016,-0.0159573629241833
177.5,58.9005279541016,-0.0192413188947468
178.75,58.9005279541016,-0.0222671911115712
180,58.9005279541016,-0.0250232302768698
181.25,58.9005279541016,-0.0277998315905794
182.5,58.9005279541016,-0.0310810144480105
183.75,58.9005279541016,-0.0348455497570905
185,58.9005279541016,-0.0386615872154562
186.25,58.9005279541016,-0.0420755173518051
187.5,58.9005279541016,-0.0452266088242159
188.75,58.9005279541016,-0.0468083431687988
190,58.9005279541016,-0.046268152421542
191.25,58.9005279541016,-0.0462338403911932
192.5,58.9005279541016,-0.0465406294719461
193.75,58.9005279541016,-0.0464801200978368
195,58.9005279541016,-0.0459273032024397
196.25,58.9005279541016,-0.0451251177456468
197.5,58.9005279541016,-0.0449279738831366
198.75,58.9005279541016,-0.0386704341300955
200,58.9005279541016,-0.0362587096817628
201.25,58.9005279541016,-0.0359103841048152
202.5,58.9005279541016,-0.0327184105195208
206.25,58.9005279541016,-0.0276058057216778
207.5,58.9005279541016,-0.0273625733519803
208.75,58.9005279541016,-0.0268762072676926
210,58.9005279541016,-0.0209905258685003
211.25,58.9005279541016,-0.0139353945523019
212.5,58.9005279541016,-0.0119323630518074
213.75,58.9005279541016,-0.0146288606198386
215,58.9005279541016,-0.014647077413053
216.25,58.9005279541016,-0.0120904565425791
217.5,58.9005279541016,-0.00963800209823637
218.75,58.9005279541016,-0.00812681187892917
220,58.9005279541016,-0.00703236834161005
221.25,58.9005279541016,-0.00741411160867068
222.5,58.9005279541016,-0.00903131277267025
160,59.8429260253906,-0.0207688673156986
161.25,59.8429260253906,-0.0225995296374654
162.5,59.8429260253906,-0.0231784237571894
163.75,59.8429260253906,-0.0184740701448543
165,59.8429260253906,-0.0124499359863496
166.25,59.8429260253906,-0.0111559028467631
167.5,59.8429260253906,-0.00888813223663649
168.75,59.8429260253906,-0.0064262796482022
170,59.8429260253906,-0.00375358664679072
171.25,59.8429260253906,0.000323350946827875
172.5,59.8429260253906,0.0017930845823542
173.75,59.8429260253906,0.000424558573654146
175,59.8429260253906,-0.00305622281914967
176.25,59.8429260253906,-0.0077406085115997
177.5,59.8429260253906,-0.0126382792618142
178.75,59.8429260253906,-0.0172782422606188
180,59.8429260253906,-0.0212397948854133
181.25,59.8429260253906,-0.024925393708456
182.5,59.8429260253906,-0.0294000635185607
183.75,59.8429260253906,-0.0347573050069086
185,59.8429260253906,-0.040467367902367
186.25,59.8429260253906,-0.0464948848158816
187.5,59.8429260253906,-0.0518405642950076
188.75,59.8429260253906,-0.0537379303990752
190,59.8429260253906,-0.0535480151925861
191.25,59.8429260253906,-0.054004550111963
192.5,59.8429260253906,-0.0548488106926008
193.75,59.8429260253906,-0.0562242771437421
195,59.8429260253906,-0.0567956275519401
196.25,59.8429260253906,-0.0550831880079905
197.5,59.8429260253906,-0.0527734312457318
198.75,59.8429260253906,-0.0520518305310664
206.25,59.8429260253906,-0.0242674024377804
207.5,59.8429260253906,-0.0244554863500856
208.75,59.8429260253906,-0.0213122461543554
210,59.8429260253906,-0.0173805118627002
211.25,59.8429260253906,-0.00984156405885383
212.5,59.8429260253906,-0.00151031000816465
213.75,59.8429260253906,-0.00547769637392956
215,59.8429260253906,-0.00751623393580469
216.25,59.8429260253906,-0.00797805893632884
217.5,59.8429260253906,-0.00776013594816843
218.75,59.8429260253906,-0.00606638512206392
220,59.8429260253906,-0.00493578563633853
221.25,59.8429260253906,-0.0042780087208713
160,60.7853393554688,-0.0257408122621214
161.25,60.7853393554688,-0.0255730440826253
162.5,60.7853393554688,-0.0257248005937888
167.5,60.7853393554688,-0.00842240626273703
168.75,60.7853393554688,-0.00738170671068518
170,60.7853393554688,-0.00726019123280749
171.25,60.7853393554688,0.00251977823195866
172.5,60.7853393554688,0.00803748229172651
173.75,60.7853393554688,0.0095726203940916
175,60.7853393554688,0.00852548260870875
176.25,60.7853393554688,0.00447965238112395
177.5,60.7853393554688,-0.00181244825718485
178.75,60.7853393554688,-0.00819508396606474
180,60.7853393554688,-0.013630493604153
181.25,60.7853393554688,-0.0183998134413467
182.5,60.7853393554688,-0.0248612292138651
183.75,60.7853393554688,-0.0330056164200681
185,60.7853393554688,-0.0416478616629451
186.25,60.7853393554688,-0.0492032797555673
187.5,60.7853393554688,-0.0550667189667583
188.75,60.7853393554688,-0.0560663579583394
190,60.7853393554688,-0.055998894505847
191.25,60.7853393554688,-0.0552918515028762
192.5,60.7853393554688,-0.0555664890061986
193.75,60.7853393554688,-0.0560951603927341
195,60.7853393554688,-0.0564348572656652
212.5,60.7853393554688,0.00272296656410985
213.75,60.7853393554688,-0.00208897737800857
215,60.7853393554688,-0.00482154226035985
216.25,60.7853393554688,-0.0062593328414848
160,61.7277526855469,-0.0292822179249854
173.75,61.7277526855469,0.0135663124334366
175,61.7277526855469,0.0133370327670331
176.25,61.7277526855469,0.0115413528115351
177.5,61.7277526855469,0.0078607875785555
178.75,61.7277526855469,0.00297029535055861
180,61.7277526855469,-0.00478512137716112
181.25,61.7277526855469,-0.0146564963931041
182.5,61.7277526855469,-0.0235639077573289
183.75,61.7277526855469,-0.0320232460180217
185,61.7277526855469,-0.0391274184218692
186.25,61.7277526855469,-0.0447396581436447
187.5,61.7277526855469,-0.0488271623601484
188.75,61.7277526855469,-0.0492440224517629
190,61.7277526855469,-0.0458937722540144
191.25,61.7277526855469,-0.0453279947043852
192.5,61.7277526855469,-0.0482472920165048
193.75,61.7277526855469,-0.0482995033983765
195,61.7277526855469,-0.0531970724567859
175,62.6701507568359,0.0138491753619713
176.25,62.6701507568359,0.0133917201924305
177.5,62.6701507568359,0.00276754722336966
178.75,62.6701507568359,0.000319552244381008
180,62.6701507568359,-0.00408087765875489
181.25,62.6701507568359,-0.0113829991881493
182.5,62.6701507568359,-0.0189497309027957
183.75,62.6701507568359,-0.0244382716232574
185,62.6701507568359,-0.0268696784859838
186.25,62.6701507568359,-0.0281059374245533
187.5,62.6701507568359,-0.0296859511874119
188.75,62.6701507568359,-0.0286510255400995
190,62.6701507568359,-0.0270723718234874
191.25,62.6701507568359,-0.0298794868105068
192.5,62.6701507568359,-0.0329709389497529
193.75,62.6701507568359,-0.0321323190884147
195,62.6701507568359,-0.0295339526913663
196.25,62.6701507568359,-0.00858186625242761
197.5,62.6701507568359,-0.00858185849019611
178.75,63.6125640869141,-0.00844701214150063
180,63.6125640869141,-0.00753312983239233
181.25,63.6125640869141,-0.00614421402185338
182.5,63.6125640869141,-0.00917073084377871
183.75,63.6125640869141,-0.010229352540203
185,63.6125640869141,-0.00999004903473096
186.25,63.6125640869141,-0.0100898329260127
187.5,63.6125640869141,-0.010610337870156
188.75,63.6125640869141,-0.0118846537105916
190,63.6125640869141,-0.0152932773084271
191.25,63.6125640869141,-0.0182942607736225
192.5,63.6125640869141,-0.0180083794540602
193.75,63.6125640869141,-0.0160608451835398
195,63.6125640869141,-0.0111746128845488
196.25,63.6125640869141,-0.00748094253700936
197.5,63.6125640869141,-0.00725895147777203
178.75,64.5549774169922,-0.0162689745819099
180,64.5549774169922,-0.0139902968185084
181.25,64.5549774169922,-0.00651966990421956
182.5,64.5549774169922,-0.00420260013573756
183.75,64.5549774169922,-0.00309034227664349
185,64.5549774169922,-0.00342249127942399
186.25,64.5549774169922,-0.00463130183968695
187.5,64.5549774169922,-0.00656065323091383
188.75,64.5549774169922,-0.0111350899980181
190,64.5549774169922,-0.013397888974479
191.25,64.5549774169922,-0.0129427759477193
192.5,64.5549774169922,-0.00912620806894592
193.75,64.5549774169922,-0.00715673132895527
195,64.5549774169922,-0.00691073411138176
196.25,64.5549774169922,-0.00673085879260886
197.5,64.5549774169922,-0.00586913786269121
180,65.4973907470703,-0.0121128308795961
181.25,65.4973907470703,-0.000851932705188096
182.5,65.4973907470703,-0.00265068562592082
183.75,65.4973907470703,-0.00340248457694769
185,65.4973907470703,-0.00340412978091332
188.75,65.4973907470703,-0.0116530168584803
190,65.4973907470703,-0.0106259084350635
191.25,65.4973907470703,-0.00905639156422049
192.5,65.4973907470703,-0.00736478440475472
193.75,65.4973907470703,-0.00594522882662491
