"lon","lat","beta"
160,20.2617797851562,0.0252814167186212
161.25,20.2617797851562,0.0284272082591333
162.5,20.2617797851562,0.0317102472890776
163.75,20.2617797851562,0.0348601338342249
165,20.2617797851562,0.0379051526422498
166.25,20.2617797851562,0.0406899890457921
167.5,20.2617797851562,0.0429803618944729
168.75,20.2617797851562,0.0445796058357426
170,20.2617797851562,0.0464273615976974
171.25,20.2617797851562,0.0476869608439088
172.5,20.2617797851562,0.0478775911074706
173.75,20.2617797851562,0.0474220794395113
175,20.2617797851562,0.0463157173131887
176.25,20.2617797851562,0.0443817406722794
177.5,20.2617797851562,0.0420112243259096
178.75,20.2617797851562,0.0399005676545222
180,20.2617797851562,0.0384109752319572
181.25,20.2617797851562,0.0371661389420506
182.5,20.2617797851562,0.0360362352684828
183.75,20.2617797851562,0.0329416304071295
185,20.2617797851562,0.0274790783235235
186.25,20.2617797851562,0.0214042663172136
187.5,20.2617797851562,0.015720848332912
188.75,20.2617797851562,0.0109285213307422
190,20.2617797851562,0.00760214865858724
191.25,20.2617797851562,0.00551612073776101
192.5,20.2617797851562,0.00435186226897667
193.75,20.2617797851562,0.0044522388763993
195,20.2617797851562,0.00567162336282609
196.25,20.2617797851562,0.00813486315500987
197.5,20.2617797851562,0.011519821925234
198.75,20.2617797851562,0.015209514446079
200,20.2617797851562,0.0185626299453057
201.25,20.2617797851562,0.0219470458594709
202.5,20.2617797851562,0.0269648305416248
203.75,20.2617797851562,0.0300154209069009
205,20.2617797851562,0.0297327819479669
206.25,20.2617797851562,0.0280517338923761
207.5,20.2617797851562,0.0270439820962981
208.75,20.2617797851562,0.0266970697568084
210,20.2617797851562,0.027033809415962
211.25,20.2617797851562,0.028052163529677
212.5,20.2617797851562,0.0293994405627902
213.75,20.2617797851562,0.0309336220027624
215,20.2617797851562,0.0317174735033199
216.25,20.2617797851562,0.0317632300507299
217.5,20.2617797851562,0.0310613106230434
218.75,20.2617797851562,0.0296886321777366
220,20.2617797851562,0.027842273592158
221.25,20.2617797851562,0.0259076707950699
222.5,20.2617797851562,0.0245074217105544
223.75,20.2617797851562,0.0236240012639929
225,20.2617797851562,0.0227245309803111
226.25,20.2617797851562,0.0220079911835017
227.5,20.2617797851562,0.0218350390127308
228.75,20.2617797851562,0.0222054721303461
230,20.2617797851562,0.022591275962978
231.25,20.2617797851562,0.0229693178595204
232.5,20.2617797851562,0.023406190979004
233.75,20.2617797851562,0.0233615247449122
235,20.2617797851562,0.0225846250195885
236.25,20.2617797851562,0.0209700840571715
237.5,20.2617797851562,0.0181430276469109
238.75,20.2617797851562,0.0149728365434373
240,20.2617797851562,0.0114887491606637
241.25,20.2617797851562,0.00849815477476543
242.5,20.2617797851562,0.00515793679493607
243.75,20.2617797851562,0.000944199364812131
245,20.2617797851562,-0.00260398379045364
246.25,20.2617797851562,-0.00357864567557449
247.5,20.2617797851562,-0.00254302388034931
248.75,20.2617797851562,-0.00102443353106926
250,20.2617797851562,0.00167221190921351
160,21.2041854858398,0.0185339658199033
161.25,21.2041854858398,0.0221365898396761
162.5,21.2041854858398,0.0255892659411195
163.75,21.2041854858398,0.0289997499972728
165,21.2041854858398,0.032300225808769
166.25,21.2041854858398,0.0353051150807921
167.5,21.2041854858398,0.0379227929263777
168.75,21.2041854858398,0.0402205430727706
170,21.2041854858398,0.0426059468574766
171.25,21.2041854858398,0.0446182683881886
172.5,21.2041854858398,0.0457973371581573
173.75,21.2041854858398,0.0463749334536181
175,21.2041854858398,0.0461827050796472
176.25,21.2041854858398,0.0450274644785981
177.5,21.2041854858398,0.0426927804443652
178.75,21.2041854858398,0.040191306470677
180,21.2041854858398,0.0379603975676026
181.25,21.2041854858398,0.0359397095334279
182.5,21.2041854858398,0.034826290031319
183.75,21.2041854858398,0.0329313881517346
185,21.2041854858398,0.028402261705028
186.25,21.2041854858398,0.0224129787465697
187.5,21.2041854858398,0.0162291851732567
188.75,21.2041854858398,0.0104385600030619
190,21.2041854858398,0.0055976161271826
191.25,21.2041854858398,0.00152119219427686
192.5,21.2041854858398,-0.00149494905515501
193.75,21.2041854858398,-0.00239129093725408
195,21.2041854858398,-0.0020649590490576
196.25,21.2041854858398,-0.000430435828754162
197.5,21.2041854858398,0.00276684178979536
198.75,21.2041854858398,0.00703657361008156
200,21.2041854858398,0.0113576673488497
201.25,21.2041854858398,0.0155976080814247
202.5,21.2041854858398,0.021088876551914
203.75,21.2041854858398,0.0254843038031109
205,21.2041854858398,0.0264522342865208
206.25,21.2041854858398,0.0268568637207972
207.5,21.2041854858398,0.0273522009160237
208.75,21.2041854858398,0.027457108557221
210,21.2041854858398,0.027491787581848
211.25,21.2041854858398,0.0281833179142999
212.5,21.2041854858398,0.0293773491607927
213.75,21.2041854858398,0.030961541377362
215,21.2041854858398,0.0323239007905887
216.25,21.2041854858398,0.0329917501633252
217.5,21.2041854858398,0.0327814826991499
218.75,21.2041854858398,0.0319471465533834
220,21.2041854858398,0.0305104727956312
221.25,21.2041854858398,0.0287660711293581
222.5,21.2041854858398,0.0272907383800432
223.75,21.2041854858398,0.0262371016042759
225,21.2041854858398,0.0251335939064828
226.25,21.2041854858398,0.0239786079157587
227.5,21.2041854858398,0.0238779569026971
228.75,21.2041854858398,0.0240613706003706
230,21.2041854858398,0.0235784332972923
231.25,21.2041854858398,0.0230478537905937
232.5,21.2041854858398,0.0234511820922802
233.75,21.2041854858398,0.0244200328849554
235,21.2041854858398,0.024968165269919
236.25,21.2041854858398,0.0242937032368989
237.5,21.2041854858398,0.0216894679674386
238.75,21.2041854858398,0.0180848339416442
240,21.2041854858398,0.0145276925309213
241.25,21.2041854858398,0.0115432341141548
242.5,21.2041854858398,0.0074017126185447
243.75,21.2041854858398,0.0015040458718801
245,21.2041854858398,-0.00490440138273062
246.25,21.2041854858398,-0.00800350175344767
247.5,21.2041854858398,-0.00785048120491816
248.75,21.2041854858398,-0.00693801789292521
250,21.2041854858398,-0.00332733264553807
160,22.146598815918,0.00947784728159174
161.25,22.146598815918,0.0137712031932865
162.5,22.146598815918,0.0177796045534163
163.75,22.146598815918,0.0215659035655999
165,22.146598815918,0.0250662371127024
166.25,22.146598815918,0.0282306477155453
167.5,22.146598815918,0.031317078477633
168.75,22.146598815918,0.0341116192644902
170,22.146598815918,0.0365118260718567
171.25,22.146598815918,0.0388141444955644
172.5,22.146598815918,0.040966370919363
173.75,22.146598815918,0.0421267186594973
175,22.146598815918,0.0422165499932848
176.25,22.146598815918,0.0414444823189908
177.5,22.146598815918,0.03926240915845
178.75,22.146598815918,0.0368012871176823
180,22.146598815918,0.0343284532610054
181.25,22.146598815918,0.0313332918390175
182.5,22.146598815918,0.0293544139969879
183.75,22.146598815918,0.0274878535731867
185,22.146598815918,0.0244292839440596
186.25,22.146598815918,0.0197370284346611
187.5,22.146598815918,0.0147474684811429
188.75,22.146598815918,0.00967688276676936
190,22.146598815918,0.00438324993144809
191.25,22.146598815918,-0.000564385955746524
192.5,22.146598815918,-0.00421934556494032
193.75,22.146598815918,-0.00563902334661869
195,22.146598815918,-0.0058602882587053
196.25,22.146598815918,-0.00508458314238914
197.5,22.146598815918,-0.00319254790450448
198.75,22.146598815918,1.05394221622174e-06
200,22.146598815918,0.0039819732992159
201.25,22.146598815918,0.00850794564608081
202.5,22.146598815918,0.0135558132785803
203.75,22.146598815918,0.0177208741405839
205,22.146598815918,0.0197925246406162
206.25,22.146598815918,0.0218613160418299
207.5,22.146598815918,0.0237367520125344
208.75,22.146598815918,0.0250994047270091
210,22.146598815918,0.0257998618389421
211.25,22.146598815918,0.0265552025014295
212.5,22.146598815918,0.027774505434099
213.75,22.146598815918,0.0293259986921274
215,22.146598815918,0.031281557435883
216.25,22.146598815918,0.0328029556215562
217.5,22.146598815918,0.0332893361343784
218.75,22.146598815918,0.033166578805116
220,22.146598815918,0.0323169004365305
221.25,22.146598815918,0.0309366686924849
222.5,22.146598815918,0.0295052633247584
223.75,22.146598815918,0.0280810988963517
225,22.146598815918,0.0266773732432246
226.25,22.146598815918,0.0254906516434761
227.5,22.146598815918,0.025231355007717
228.75,22.146598815918,0.0248864018203706
230,22.146598815918,0.023736847735873
231.25,22.146598815918,0.0228042466414205
232.5,22.146598815918,0.0231567235463931
233.75,22.146598815918,0.0246715985729371
235,22.146598815918,0.0264996376160367
236.25,22.146598815918,0.0266779408271713
237.5,22.146598815918,0.0259172605226321
238.75,22.146598815918,0.0242456975964437
240,22.146598815918,0.0216178241754687
241.25,22.146598815918,0.0183228642648989
242.5,22.146598815918,0.0127841770019598
243.75,22.146598815918,0.00379700117726197
245,22.146598815918,-0.00628949873269598
246.25,22.146598815918,-0.0123602470856011
247.5,22.146598815918,-0.0125927864538831
248.75,22.146598815918,-0.0113816443184061
250,22.146598815918,-0.00737836118687941
160,23.0890045166016,-0.000213290991607251
161.25,23.0890045166016,0.00396614696549436
162.5,23.0890045166016,0.00835496380843015
163.75,23.0890045166016,0.0123711739120011
165,23.0890045166016,0.015991522550801
166.25,23.0890045166016,0.0193641275356614
167.5,23.0890045166016,0.0225424132757378
168.75,23.0890045166016,0.0259468604809356
170,23.0890045166016,0.0285513596107805
171.25,23.0890045166016,0.0307323680477285
172.5,23.0890045166016,0.033421610260708
173.75,23.0890045166016,0.03554175698829
175,23.0890045166016,0.0364469310193265
176.25,23.0890045166016,0.0358966938838108
177.5,23.0890045166016,0.034087924885315
178.75,23.0890045166016,0.032185822591445
180,23.0890045166016,0.0302559181996243
181.25,23.0890045166016,0.0269340948907402
182.5,23.0890045166016,0.0240821704847181
183.75,23.0890045166016,0.0213688393490686
185,23.0890045166016,0.0182264434580347
186.25,23.0890045166016,0.0140174792493381
187.5,23.0890045166016,0.0100279474526648
188.75,23.0890045166016,0.0059365515587746
190,23.0890045166016,0.00134143191914547
191.25,23.0890045166016,-0.00233914955216605
192.5,23.0890045166016,-0.00547450162553952
193.75,23.0890045166016,-0.00653656954245669
195,23.0890045166016,-0.00710324934245327
196.25,23.0890045166016,-0.00718803313414846
197.5,23.0890045166016,-0.00677191146703701
198.75,23.0890045166016,-0.00540508255701317
200,23.0890045166016,-0.00274206198385466
201.25,23.0890045166016,0.001054041031173
202.5,23.0890045166016,0.00504441629981512
203.75,23.0890045166016,0.00854661891494141
205,23.0890045166016,0.0115702735096835
206.25,23.0890045166016,0.0149361985873253
207.5,23.0890045166016,0.0178884237978962
208.75,23.0890045166016,0.0206580748538276
210,23.0890045166016,0.0226179426425106
211.25,23.0890045166016,0.0240876068331515
212.5,23.0890045166016,0.0256729332955184
213.75,23.0890045166016,0.0274418156348892
215,23.0890045166016,0.0294081215270009
216.25,23.0890045166016,0.0313102305052171
217.5,23.0890045166016,0.0325305884536533
218.75,23.0890045166016,0.0331977965623817
220,23.0890045166016,0.0332652214673949
221.25,23.0890045166016,0.0325902052935766
222.5,23.0890045166016,0.031289782280689
223.75,23.0890045166016,0.0293079187902525
225,23.0890045166016,0.0275736937260966
226.25,23.0890045166016,0.026779048929078
227.5,23.0890045166016,0.0267080272868204
228.75,23.0890045166016,0.0260408529178889
230,23.0890045166016,0.0248896435665724
231.25,23.0890045166016,0.0238986320383508
232.5,23.0890045166016,0.0239719630672158
233.75,23.0890045166016,0.0255664602905287
235,23.0890045166016,0.0279948193762771
236.25,23.0890045166016,0.0290195935529525
237.5,23.0890045166016,0.0301169138958687
238.75,23.0890045166016,0.0305154807635532
240,23.0890045166016,0.0288846728795317
241.25,23.0890045166016,0.025212610717107
242.5,23.0890045166016,0.0182842985034581
243.75,23.0890045166016,0.00813667249379369
245,23.0890045166016,-0.0025000665835995
246.25,23.0890045166016,-0.0108261252053387
247.5,23.0890045166016,-0.0137360806482268
248.75,23.0890045166016,-0.0114857954735193
250,23.0890045166016,-0.00722186357759928
160,24.0314178466797,-0.00822636715172398
161.25,24.0314178466797,-0.00600524982267
162.5,24.0314178466797,-0.00246796415456221
163.75,24.0314178466797,0.00160526926496765
165,24.0314178466797,0.00529289977550005
166.25,24.0314178466797,0.00872746976819055
167.5,24.0314178466797,0.0122268011251273
168.75,24.0314178466797,0.0155457749272022
170,24.0314178466797,0.0187312669154171
171.25,24.0314178466797,0.0216017209769651
172.5,24.0314178466797,0.0242216997869205
173.75,24.0314178466797,0.0269126027755069
175,24.0314178466797,0.0286039943860774
176.25,24.0314178466797,0.0288597852301102
177.5,24.0314178466797,0.0274501925673455
178.75,24.0314178466797,0.0259004737685019
180,24.0314178466797,0.0249163645268503
181.25,24.0314178466797,0.0229031434860601
182.5,24.0314178466797,0.0204921526563129
183.75,24.0314178466797,0.0175752014263188
185,24.0314178466797,0.0143309212170845
186.25,24.0314178466797,0.010442663921497
187.5,24.0314178466797,0.00625125074827631
188.75,24.0314178466797,0.00152735366061668
190,24.0314178466797,-0.00297798658436802
191.25,24.0314178466797,-0.00620696879359409
192.5,24.0314178466797,-0.00825286591165108
193.75,24.0314178466797,-0.00810118219474329
195,24.0314178466797,-0.00792750610597736
196.25,24.0314178466797,-0.00800034918169416
197.5,24.0314178466797,-0.00794554756346652
198.75,24.0314178466797,-0.00727880925259492
200,24.0314178466797,-0.00581811213700033
201.25,24.0314178466797,-0.0032168718233251
202.5,24.0314178466797,-0.000355802195264149
203.75,24.0314178466797,0.00228308242042301
205,24.0314178466797,0.00506241334810514
206.25,24.0314178466797,0.00847149301828638
207.5,24.0314178466797,0.0116265015779651
208.75,24.0314178466797,0.0149685635986005
210,24.0314178466797,0.0180959220612507
211.25,24.0314178466797,0.0209185067287774
212.5,24.0314178466797,0.0233779149505887
213.75,24.0314178466797,0.0255439319642632
215,24.0314178466797,0.0275465164173496
216.25,24.0314178466797,0.0291860250117119
217.5,24.0314178466797,0.0309896989537418
218.75,24.0314178466797,0.0325426543503743
220,24.0314178466797,0.0334847771723541
221.25,24.0314178466797,0.0336335985265784
222.5,24.0314178466797,0.0329185273663589
223.75,24.0314178466797,0.0311285185069248
225,24.0314178466797,0.0291105370060782
226.25,24.0314178466797,0.0280546476103876
227.5,24.0314178466797,0.027592249345928
228.75,24.0314178466797,0.0271853741065625
230,24.0314178466797,0.0264490825387566
231.25,24.0314178466797,0.0256331010212572
232.5,24.0314178466797,0.025293142043764
233.75,24.0314178466797,0.0264134925120998
235,24.0314178466797,0.0289789698670828
236.25,24.0314178466797,0.0314346521856799
237.5,24.0314178466797,0.0337480352252352
238.75,24.0314178466797,0.0352333681655243
240,24.0314178466797,0.0345165060147564
241.25,24.0314178466797,0.03114369571582
242.5,24.0314178466797,0.0235481222817904
243.75,24.0314178466797,0.014343004715178
245,24.0314178466797,0.00569401748416325
246.25,24.0314178466797,-0.00263204525807959
247.5,24.0314178466797,-0.00807633886763497
248.75,24.0314178466797,-0.00881124598782085
250,24.0314178466797,-0.00144681149773408
160,24.9738235473633,-0.014056697485565
161.25,24.9738235473633,-0.0132551223709688
162.5,24.9738235473633,-0.0110246283194162
163.75,24.9738235473633,-0.00743394001577993
165,24.9738235473633,-0.00355864898212809
166.25,24.9738235473633,-0.000181442888830067
167.5,24.9738235473633,0.00313912531048004
168.75,24.9738235473633,0.00667850359786587
170,24.9738235473633,0.00987057692547968
171.25,24.9738235473633,0.0120247337152354
172.5,24.9738235473633,0.014294268680832
173.75,24.9738235473633,0.0170420277944303
175,24.9738235473633,0.0187867813363699
176.25,24.9738235473633,0.0191642199471376
177.5,24.9738235473633,0.0184402916160929
178.75,24.9738235473633,0.0172207396755605
180,24.9738235473633,0.0161767088213884
181.25,24.9738235473633,0.0158483678665159
182.5,24.9738235473633,0.0150159783333356
183.75,24.9738235473633,0.0132662643336854
185,24.9738235473633,0.0107541884791263
186.25,24.9738235473633,0.00794905819937146
187.5,24.9738235473633,0.00479517714300451
188.75,24.9738235473633,0.000546750526150893
190,24.9738235473633,-0.0040284830350974
191.25,24.9738235473633,-0.00877530002927409
192.5,24.9738235473633,-0.0119926754474723
193.75,24.9738235473633,-0.0121049266414703
195,24.9738235473633,-0.0106965964532072
196.25,24.9738235473633,-0.00938323975735648
197.5,24.9738235473633,-0.00857615932360297
198.75,24.9738235473633,-0.00765264862418248
200,24.9738235473633,-0.00646972545545528
201.25,24.9738235473633,-0.00453882969343895
202.5,24.9738235473633,-0.00194938956827607
203.75,24.9738235473633,0.000437620708320404
205,24.9738235473633,0.00228683736741255
206.25,24.9738235473633,0.00462380665950096
207.5,24.9738235473633,0.0070496241502254
208.75,24.9738235473633,0.00997023791205587
210,24.9738235473633,0.0133143950363104
211.25,24.9738235473633,0.0167889864872885
212.5,24.9738235473633,0.0200270501851041
213.75,24.9738235473633,0.0231590153632774
215,24.9738235473633,0.0259012881092593
216.25,24.9738235473633,0.0278057756923721
217.5,24.9738235473633,0.0299934868496245
218.75,24.9738235473633,0.031768090669569
220,24.9738235473633,0.0330688140678078
221.25,24.9738235473633,0.0340409883749815
222.5,24.9738235473633,0.0341586187647464
223.75,24.9738235473633,0.0331045984648711
225,24.9738235473633,0.0312171189102183
226.25,24.9738235473633,0.0297116509353099
227.5,24.9738235473633,0.0286124419025301
228.75,24.9738235473633,0.0283002143597659
230,24.9738235473633,0.0282303601116517
231.25,24.9738235473633,0.0276175235332389
232.5,24.9738235473633,0.0268504958201006
233.75,24.9738235473633,0.0274184359224074
235,24.9738235473633,0.0296343238926837
236.25,24.9738235473633,0.0324561674349389
237.5,24.9738235473633,0.0361776545151552
238.75,24.9738235473633,0.0386388161931034
240,24.9738235473633,0.0386496386521299
241.25,24.9738235473633,0.0357406253077266
242.5,24.9738235473633,0.029115008110282
243.75,24.9738235473633,0.0209718191817049
245,24.9738235473633,0.0130147048939828
246.25,24.9738235473633,0.00583678642893166
247.5,24.9738235473633,0.00144038753949683
248.75,24.9738235473633,0.00322968830145765
250,24.9738235473633,-0.000818402516570882
160,25.9162292480469,-0.016943331507426
161.25,25.9162292480469,-0.0170449480665001
162.5,25.9162292480469,-0.0159566367704594
163.75,25.9162292480469,-0.0135776180180277
165,25.9162292480469,-0.010393198708151
166.25,25.9162292480469,-0.00745090200043613
167.5,25.9162292480469,-0.00456912307799064
168.75,25.9162292480469,-0.00162855664796039
170,25.9162292480469,0.00153788684029922
171.25,25.9162292480469,0.00322050168535413
172.5,25.9162292480469,0.00491121400623444
173.75,25.9162292480469,0.00710033263687161
175,25.9162292480469,0.0086802191845826
176.25,25.9162292480469,0.00887963758623683
177.5,25.9162292480469,0.00854309698625897
178.75,25.9162292480469,0.00785633649432593
180,25.9162292480469,0.00714090920358599
181.25,25.9162292480469,0.00690744769809271
182.5,25.9162292480469,0.00720658096686584
183.75,25.9162292480469,0.0065600693111521
185,25.9162292480469,0.00474294038206346
186.25,25.9162292480469,0.00293169493477759
187.5,25.9162292480469,0.00146559793869874
188.75,25.9162292480469,-0.000494201793288844
190,25.9162292480469,-0.00329816438489388
191.25,25.9162292480469,-0.00725856073372429
192.5,25.9162292480469,-0.0112804405362468
193.75,25.9162292480469,-0.0131329803521781
195,25.9162292480469,-0.0129178754438665
196.25,25.9162292480469,-0.0115215141869286
197.5,25.9162292480469,-0.00964013759989486
198.75,25.9162292480469,-0.00783176448077304
200,25.9162292480469,-0.00624988588177974
201.25,25.9162292480469,-0.00431658157479576
202.5,25.9162292480469,-0.00165809747485319
203.75,25.9162292480469,0.00108120369551446
205,25.9162292480469,0.00273571461451844
206.25,25.9162292480469,0.00445600333556368
207.5,25.9162292480469,0.00597515231642722
208.75,25.9162292480469,0.00796919834277749
210,25.9162292480469,0.0105268257287661
211.25,25.9162292480469,0.0129755913849552
212.5,25.9162292480469,0.0155848198396433
213.75,25.9162292480469,0.0189271417534052
215,25.9162292480469,0.022496350746854
216.25,25.9162292480469,0.0258518560163498
217.5,25.9162292480469,0.0286636732282304
218.75,25.9162292480469,0.0305195680236325
220,25.9162292480469,0.0320709923095635
221.25,25.9162292480469,0.0336623843248452
222.5,25.9162292480469,0.0345354705761491
223.75,25.9162292480469,0.0341253152429529
225,25.9162292480469,0.0325911675776584
226.25,25.9162292480469,0.0305743070669299
227.5,25.9162292480469,0.0291611636655482
228.75,25.9162292480469,0.0289058555208275
230,25.9162292480469,0.0294379110384401
231.25,25.9162292480469,0.0293849651510496
232.5,25.9162292480469,0.0287396766870727
233.75,25.9162292480469,0.0283947302449665
235,25.9162292480469,0.0288519517081082
236.25,25.9162292480469,0.0308326303377355
237.5,25.9162292480469,0.0353601611975559
238.75,25.9162292480469,0.0401449005246981
240,25.9162292480469,0.0411904352122148
241.25,25.9162292480469,0.0394151411765067
242.5,25.9162292480469,0.0339701781855332
243.75,25.9162292480469,0.0262825708203581
245,25.9162292480469,0.0188724494348771
246.25,25.9162292480469,0.0123550416990185
247.5,25.9162292480469,0.00785365231101227
248.75,25.9162292480469,0.00272028072797585
250,25.9162292480469,-0.00279171502405415
160,26.858642578125,-0.0157441936221317
161.25,26.858642578125,-0.0163477851847551
162.5,26.858642578125,-0.016222806369964
163.75,26.858642578125,-0.0149705203401179
165,26.858642578125,-0.0125670435152541
166.25,26.858642578125,-0.0101196979957633
167.5,26.858642578125,-0.00789311084374398
168.75,26.858642578125,-0.00578692336374364
170,26.858642578125,-0.00369136174457012
171.25,26.858642578125,-0.00237766010395658
172.5,26.858642578125,-0.00138230675581322
173.75,26.858642578125,-0.00026437529266583
175,26.858642578125,0.000708741155056589
176.25,26.858642578125,0.000611634872800434
177.5,26.858642578125,0.000287237486564042
178.75,26.858642578125,-0.000115210103631779
180,26.858642578125,-0.000835033485464557
181.25,26.858642578125,-0.0010604687828599
182.5,26.858642578125,-0.000633936699819928
183.75,26.858642578125,-0.000535790564304518
185,26.858642578125,-0.00116258156473873
186.25,26.858642578125,-0.00180468899145751
187.5,26.858642578125,-0.00196562959076514
188.75,26.858642578125,-0.00216008665145251
190,26.858642578125,-0.00298222112223641
191.25,26.858642578125,-0.00494106139944766
192.5,26.858642578125,-0.00747099795043268
193.75,26.858642578125,-0.00972096923976043
195,26.858642578125,-0.0108902261480423
196.25,26.858642578125,-0.0111889477968367
197.5,26.858642578125,-0.00976790124791904
198.75,26.858642578125,-0.00722402493906914
200,26.858642578125,-0.00477310094047581
201.25,26.858642578125,-0.00240806298676511
202.5,26.858642578125,0.000332826773474255
203.75,26.858642578125,0.00301567253648114
205,26.858642578125,0.00499380459018161
206.25,26.858642578125,0.00641028879778401
207.5,26.858642578125,0.00768478280133932
208.75,26.858642578125,0.0091286372213309
210,26.858642578125,0.0106431599879599
211.25,26.858642578125,0.0120079022067095
212.5,26.858642578125,0.0133782683439042
213.75,26.858642578125,0.0150599118066511
215,26.858642578125,0.0174765405747382
216.25,26.858642578125,0.0203325844541859
217.5,26.858642578125,0.023574831296549
218.75,26.858642578125,0.0264750270266974
220,26.858642578125,0.0289097824954427
221.25,26.858642578125,0.031268144549547
222.5,26.858642578125,0.0330965720485962
223.75,26.858642578125,0.0337258375103953
225,26.858642578125,0.0329405697720966
226.25,26.858642578125,0.0310009849507718
227.5,26.858642578125,0.0291192775155767
228.75,26.858642578125,0.0284012355509684
230,26.858642578125,0.0292300316902026
231.25,26.858642578125,0.0302098537519437
232.5,26.858642578125,0.0304812145047379
233.75,26.858642578125,0.0298906232505861
235,26.858642578125,0.0289225967933258
236.25,26.858642578125,0.0296751813609056
237.5,26.858642578125,0.0330520684580548
238.75,26.858642578125,0.0394740893359639
240,26.858642578125,0.0433790076050722
241.25,26.858642578125,0.043150978382304
242.5,26.858642578125,0.0383914405209651
243.75,26.858642578125,0.0310648137003541
245,26.858642578125,0.0251879581353999
246.25,26.858642578125,0.0194872031555843
247.5,26.858642578125,0.0159829475343159
248.75,26.858642578125,0.00326949792787571
250,26.858642578125,-0.00469689656780275
160,27.8010482788086,-0.0111979901705334
161.25,27.8010482788086,-0.0116979025860818
162.5,27.8010482788086,-0.011878277530903
163.75,27.8010482788086,-0.0109681906540335
165,27.8010482788086,-0.00907440431034208
166.25,27.8010482788086,-0.00698508339125
167.5,27.8010482788086,-0.00526452498745563
168.75,27.8010482788086,-0.00364674324306787
170,27.8010482788086,-0.00208794543900983
171.25,27.8010482788086,-0.000944280489905556
172.5,27.8010482788086,-0.000507787956218799
173.75,27.8010482788086,-0.000631570504387281
175,27.8010482788086,-0.00076370036054624
176.25,27.8010482788086,-0.0014345900566628
177.5,27.8010482788086,-0.00256282953131792
178.75,27.8010482788086,-0.00391076339826228
180,27.8010482788086,-0.00471383753519583
181.25,27.8010482788086,-0.00540559807647792
182.5,27.8010482788086,-0.00554130618373069
183.75,27.8010482788086,-0.00517328608162001
185,27.8010482788086,-0.00516534137771477
186.25,27.8010482788086,-0.00507440143313006
187.5,27.8010482788086,-0.00456801087256091
188.75,27.8010482788086,-0.0038738734796957
190,27.8010482788086,-0.00367401994851649
191.25,27.8010482788086,-0.00455083403235238
192.5,27.8010482788086,-0.00617461973333639
193.75,27.8010482788086,-0.00745456933590955
195,27.8010482788086,-0.00757730188209929
196.25,27.8010482788086,-0.0078140351366826
197.5,27.8010482788086,-0.00686945574582575
198.75,27.8010482788086,-0.00464060924134112
200,27.8010482788086,-0.0020363320721806
201.25,27.8010482788086,0.000881666758444026
202.5,27.8010482788086,0.00386706733995766
203.75,27.8010482788086,0.00572052176227941
205,27.8010482788086,0.00699416596459974
206.25,27.8010482788086,0.00864538916936811
207.5,27.8010482788086,0.0104725506353363
208.75,27.8010482788086,0.0117752917146588
210,27.8010482788086,0.012558045722707
211.25,27.8010482788086,0.0129858258207979
212.5,27.8010482788086,0.0132444745829371
213.75,27.8010482788086,0.0136951918529447
215,27.8010482788086,0.0148538604099693
216.25,27.8010482788086,0.0159749000346104
217.5,27.8010482788086,0.0179969648182933
218.75,27.8010482788086,0.0203198603394037
220,27.8010482788086,0.0227085835259021
221.25,27.8010482788086,0.0253372459636198
222.5,27.8010482788086,0.0280618537368725
223.75,27.8010482788086,0.0301397998587105
225,27.8010482788086,0.0306681102223403
226.25,27.8010482788086,0.0296426801353391
227.5,27.8010482788086,0.0282360117573275
228.75,27.8010482788086,0.027065889757685
230,27.8010482788086,0.0277914360630408
231.25,27.8010482788086,0.0295433449270866
232.5,27.8010482788086,0.0307785619343465
233.75,27.8010482788086,0.0308103971997977
235,27.8010482788086,0.0295251464731222
236.25,27.8010482788086,0.0293984627007092
237.5,27.8010482788086,0.0321429083511984
238.75,27.8010482788086,0.0387964061895839
240,27.8010482788086,0.0439974725502125
241.25,27.8010482788086,0.0452538303332026
242.5,27.8010482788086,0.0418401789898083
243.75,27.8010482788086,0.0355938806517105
245,27.8010482788086,0.0302864950408728
246.25,27.8010482788086,0.0285261974810211
247.5,27.8010482788086,0.0126870974325151
248.75,27.8010482788086,0.00572536413043728
250,27.8010482788086,-0.00454487163987919
160,28.7434539794922,-0.00613953599825076
161.25,28.7434539794922,-0.00697222112429077
162.5,28.7434539794922,-0.00760094388556483
163.75,28.7434539794922,-0.00691626475106343
165,28.7434539794922,-0.00532722204236867
166.25,28.7434539794922,-0.00365889011371706
167.5,28.7434539794922,-0.00231454567239193
168.75,28.7434539794922,-0.000244541096130521
170,28.7434539794922,0.00173187644952188
171.25,28.7434539794922,0.00315940936096399
172.5,28.7434539794922,0.00376193034560508
173.75,28.7434539794922,0.00378735960119492
175,28.7434539794922,0.0037910130969206
176.25,28.7434539794922,0.00363482224832444
177.5,28.7434539794922,0.00241566528585742
178.75,28.7434539794922,0.000608692103378551
180,28.7434539794922,-0.00103682815991992
181.25,28.7434539794922,-0.0029142005554884
182.5,28.7434539794922,-0.00381552153287377
183.75,28.7434539794922,-0.00417773660795734
185,28.7434539794922,-0.00461750797823459
186.25,28.7434539794922,-0.00468426236927994
187.5,28.7434539794922,-0.00437719845812311
188.75,28.7434539794922,-0.0039677785306927
190,28.7434539794922,-0.00364189978175981
191.25,28.7434539794922,-0.00365264308449123
192.5,28.7434539794922,-0.00454261975570274
193.75,28.7434539794922,-0.00525223521310539
195,28.7434539794922,-0.00529023427828816
196.25,28.7434539794922,-0.00456156243789373
197.5,28.7434539794922,-0.00297683771329553
198.75,28.7434539794922,-0.000824625964262693
200,28.7434539794922,0.00162569032082488
201.25,28.7434539794922,0.00438451549189104
202.5,28.7434539794922,0.00718398737741085
203.75,28.7434539794922,0.00879501421617803
205,28.7434539794922,0.00966503516456789
206.25,28.7434539794922,0.0103970682774752
207.5,28.7434539794922,0.0120187059472533
208.75,28.7434539794922,0.0135535736088219
210,28.7434539794922,0.0141352871272276
211.25,28.7434539794922,0.0135021442333519
212.5,28.7434539794922,0.0128819447861263
213.75,28.7434539794922,0.0131971321660505
215,28.7434539794922,0.0142425076261087
216.25,28.7434539794922,0.0146402099914188
217.5,28.7434539794922,0.0151935070649223
218.75,28.7434539794922,0.0158311087650252
220,28.7434539794922,0.0170372508610027
221.25,28.7434539794922,0.0187667211304065
222.5,28.7434539794922,0.0214213534123023
223.75,28.7434539794922,0.0242599388630435
225,28.7434539794922,0.0259582307967881
226.25,28.7434539794922,0.0265359196710941
227.5,28.7434539794922,0.0263754543304486
228.75,28.7434539794922,0.0258795504098776
230,28.7434539794922,0.0262660450144359
231.25,28.7434539794922,0.0279041316298929
232.5,28.7434539794922,0.0298882332735101
233.75,28.7434539794922,0.0309911236673919
235,28.7434539794922,0.0304908367117453
236.25,28.7434539794922,0.0303919619057752
237.5,28.7434539794922,0.0323930310744939
238.75,28.7434539794922,0.0381578787613239
240,28.7434539794922,0.0431852969618934
241.25,28.7434539794922,0.0455111985778371
242.5,28.7434539794922,0.0436889340935527
243.75,28.7434539794922,0.038091344713954
245,28.7434539794922,0.0326034197930531
246.25,28.7434539794922,0.0289903151663601
160,29.6858673095703,-0.000391990459339195
161.25,29.6858673095703,-0.00093836865936204
162.5,29.6858673095703,-0.0019950826983951
163.75,29.6858673095703,-0.00219383783680324
165,29.6858673095703,-0.00114445645830818
166.25,29.6858673095703,0.000259778278864687
167.5,29.6858673095703,0.00164246605563614
168.75,29.6858673095703,0.00359305128175196
170,29.6858673095703,0.00555921851701788
171.25,29.6858673095703,0.00718318485016914
172.5,29.6858673095703,0.00856612592627339
173.75,29.6858673095703,0.00969866580528692
175,29.6858673095703,0.0110102427745386
176.25,29.6858673095703,0.0123446926188088
177.5,29.6858673095703,0.0125051746928321
178.75,29.6858673095703,0.0113594192530645
180,29.6858673095703,0.00919233810501429
181.25,29.6858673095703,0.00652043439853271
182.5,29.6858673095703,0.00465407712392115
183.75,29.6858673095703,0.00359851349610741
185,29.6858673095703,0.00196225160131986
186.25,29.6858673095703,0.00064011164160146
187.5,29.6858673095703,5.70708988286354e-05
188.75,29.6858673095703,-0.000503644673253549
190,29.6858673095703,-0.00133493998768209
191.25,29.6858673095703,-0.00188191412185596
192.5,29.6858673095703,-0.00159974643547848
193.75,29.6858673095703,-0.00106750240476013
195,29.6858673095703,-0.000397072265536596
196.25,29.6858673095703,0.00114799941227261
197.5,29.6858673095703,0.00285477616376082
198.75,29.6858673095703,0.00474106269535642
200,29.6858673095703,0.00657307313173421
201.25,29.6858673095703,0.00858943511079898
202.5,29.6858673095703,0.0107900343685335
203.75,29.6858673095703,0.0119892072633408
205,29.6858673095703,0.0132830475580141
206.25,29.6858673095703,0.0142529335895806
207.5,29.6858673095703,0.014758885099706
208.75,29.6858673095703,0.0150460646774311
210,29.6858673095703,0.0148351793400525
211.25,29.6858673095703,0.0136744180289946
212.5,29.6858673095703,0.0121123034189675
213.75,29.6858673095703,0.0120826460517718
215,29.6858673095703,0.0138246746961238
216.25,29.6858673095703,0.0150185639447903
217.5,29.6858673095703,0.0149973409532294
218.75,29.6858673095703,0.0148351452671985
220,29.6858673095703,0.015042555538452
221.25,29.6858673095703,0.015376830331376
222.5,29.6858673095703,0.0169323878856074
223.75,29.6858673095703,0.0193509480220661
225,29.6858673095703,0.0213977180079728
226.25,29.6858673095703,0.0229604968174625
227.5,29.6858673095703,0.023988943042377
228.75,29.6858673095703,0.024565622548028
230,29.6858673095703,0.025210789346934
231.25,29.6858673095703,0.0264238197940395
232.5,29.6858673095703,0.028437605684895
233.75,29.6858673095703,0.0305581416619266
235,29.6858673095703,0.0318281913101343
236.25,29.6858673095703,0.0324447618450603
237.5,29.6858673095703,0.0338859105360107
238.75,29.6858673095703,0.038310857397709
240,29.6858673095703,0.0432523114143869
241.25,29.6858673095703,0.0458925687423643
242.5,29.6858673095703,0.0445445315496273
243.75,29.6858673095703,0.0398169282698753
245,29.6858673095703,0.035540371569418
160,30.6282730102539,0.00120136832126123
161.25,30.6282730102539,0.00264391099015317
162.5,30.6282730102539,0.00259103705079636
163.75,30.6282730102539,0.00238088191155463
165,30.6282730102539,0.00317065343895921
166.25,30.6282730102539,0.00452583113537417
167.5,30.6282730102539,0.00640826781982642
168.75,30.6282730102539,0.00852658962134071
170,30.6282730102539,0.010165896542431
171.25,30.6282730102539,0.0121331621119013
172.5,30.6282730102539,0.0141836526732953
173.75,30.6282730102539,0.0166572084981996
175,30.6282730102539,0.0192914156146942
176.25,30.6282730102539,0.0222221838362428
177.5,30.6282730102539,0.0242953727284325
178.75,30.6282730102539,0.0240497329985432
180,30.6282730102539,0.0217450390791929
181.25,30.6282730102539,0.0192737963271711
182.5,30.6282730102539,0.0174235854546833
183.75,30.6282730102539,0.0157946049751786
185,30.6282730102539,0.012968282201267
186.25,30.6282730102539,0.0102849797248711
187.5,30.6282730102539,0.00822005337257037
188.75,30.6282730102539,0.00625881379538904
190,30.6282730102539,0.00402999156042107
191.25,30.6282730102539,0.00227078459098272
192.5,30.6282730102539,0.00170474932674509
193.75,30.6282730102539,0.00236431694828613
195,30.6282730102539,0.00430062093218702
196.25,30.6282730102539,0.00660510065827329
197.5,30.6282730102539,0.0087899211204271
198.75,30.6282730102539,0.0104404575364589
200,30.6282730102539,0.0115215081507299
201.25,30.6282730102539,0.0126753567885782
202.5,30.6282730102539,0.0141429534907202
203.75,30.6282730102539,0.0152552545103152
205,30.6282730102539,0.0161794928850527
206.25,30.6282730102539,0.0169239037523397
207.5,30.6282730102539,0.0174219062627384
208.75,30.6282730102539,0.0174022373943602
210,30.6282730102539,0.0167289484214995
211.25,30.6282730102539,0.0148033988449472
212.5,30.6282730102539,0.0124514061844274
213.75,30.6282730102539,0.0113853406392406
215,30.6282730102539,0.0123407671385655
216.25,30.6282730102539,0.0139114025983148
217.5,30.6282730102539,0.0147067968189114
218.75,30.6282730102539,0.0151043068322047
220,30.6282730102539,0.0149206218648383
221.25,30.6282730102539,0.0150024213978436
222.5,30.6282730102539,0.0157906969898431
223.75,30.6282730102539,0.0169538014814401
225,30.6282730102539,0.0181139744004152
226.25,30.6282730102539,0.0194180705813516
227.5,30.6282730102539,0.0209934024044234
228.75,30.6282730102539,0.0228519330052782
230,30.6282730102539,0.0246428514404985
231.25,30.6282730102539,0.0262381222301904
232.5,30.6282730102539,0.0282065191232757
233.75,30.6282730102539,0.0306158251751188
235,30.6282730102539,0.0328141778505855
236.25,30.6282730102539,0.0339926946083121
237.5,30.6282730102539,0.0356867787637192
238.75,30.6282730102539,0.0392542660825699
240,30.6282730102539,0.0439914410927391
241.25,30.6282730102539,0.0456894348247564
242.5,30.6282730102539,0.0433955857261114
243.75,30.6282730102539,0.0399850501085348
160,31.5706787109375,-0.00173670502483428
161.25,31.5706787109375,0.000779510330383916
162.5,31.5706787109375,0.0030622914770631
163.75,31.5706787109375,0.00424019087470382
165,31.5706787109375,0.00520113906450468
166.25,31.5706787109375,0.00705297471627732
167.5,31.5706787109375,0.00948737175274391
168.75,31.5706787109375,0.0124500331560397
170,31.5706787109375,0.0149671334343751
171.25,31.5706787109375,0.0179491367344742
172.5,31.5706787109375,0.0208762280007345
173.75,31.5706787109375,0.0242365937506844
175,31.5706787109375,0.0276293079084249
176.25,31.5706787109375,0.0306164708165881
177.5,31.5706787109375,0.0330890143572267
178.75,31.5706787109375,0.0334720550091053
180,31.5706787109375,0.0323091627924608
181.25,31.5706787109375,0.0304484480846498
182.5,31.5706787109375,0.0292129180343235
183.75,31.5706787109375,0.0275391182171027
185,31.5706787109375,0.0246179522824579
186.25,31.5706787109375,0.0216166744217466
187.5,31.5706787109375,0.018924489445472
188.75,31.5706787109375,0.0159205022964772
190,31.5706787109375,0.0120343756241531
191.25,31.5706787109375,0.00818996106966357
192.5,31.5706787109375,0.00576537750612975
193.75,31.5706787109375,0.00522999289644577
195,31.5706787109375,0.00690345278280791
196.25,31.5706787109375,0.00952572692820477
197.5,31.5706787109375,0.0123956670138971
198.75,31.5706787109375,0.0143197222413796
200,31.5706787109375,0.0154703631050925
201.25,31.5706787109375,0.0163869940025725
202.5,31.5706787109375,0.0174552631274295
203.75,31.5706787109375,0.0182888004861416
205,31.5706787109375,0.018564066105572
206.25,31.5706787109375,0.0185541121576582
207.5,31.5706787109375,0.0181151200741982
208.75,31.5706787109375,0.0177268574312902
210,31.5706787109375,0.0174598168299461
211.25,31.5706787109375,0.0160414801257643
212.5,31.5706787109375,0.013813206368843
213.75,31.5706787109375,0.0117264069849815
215,31.5706787109375,0.0113013259871591
216.25,31.5706787109375,0.0122581976507693
217.5,31.5706787109375,0.013617168984568
218.75,31.5706787109375,0.0150020794762379
220,31.5706787109375,0.0156558977991615
221.25,31.5706787109375,0.0163033847455695
222.5,31.5706787109375,0.0173038892702859
223.75,31.5706787109375,0.0175047153418417
225,31.5706787109375,0.0173272154106817
226.25,31.5706787109375,0.0177373643220865
227.5,31.5706787109375,0.0192321325114229
228.75,31.5706787109375,0.0218905490311934
230,31.5706787109375,0.0246179945948345
231.25,31.5706787109375,0.0269505430294528
232.5,31.5706787109375,0.0291227339836552
233.75,31.5706787109375,0.0316177354414316
235,31.5706787109375,0.0338005224065664
236.25,31.5706787109375,0.034959003590318
237.5,31.5706787109375,0.0371935737967424
238.75,31.5706787109375,0.0412443810994609
240,31.5706787109375,0.0445466775506133
241.25,31.5706787109375,0.0452996391594164
242.5,31.5706787109375,0.0432593784502295
243.75,31.5706787109375,0.0384259521347674
160,32.5130920410156,-0.00289593126263944
161.25,32.5130920410156,-0.000738466930850316
162.5,32.5130920410156,0.00282199880818017
163.75,32.5130920410156,0.00571692796188401
165,32.5130920410156,0.00702805425632104
166.25,32.5130920410156,0.00835156291074197
167.5,32.5130920410156,0.01060303533056
168.75,32.5130920410156,0.0144426423643685
170,32.5130920410156,0.0201718481647249
171.25,32.5130920410156,0.0257987277141858
172.5,32.5130920410156,0.0300022286999334
173.75,32.5130920410156,0.0337523624821429
175,32.5130920410156,0.0377278656457977
176.25,32.5130920410156,0.041063907254202
177.5,32.5130920410156,0.0432325127694282
178.75,32.5130920410156,0.0431043842960956
180,32.5130920410156,0.0415272533899638
181.25,32.5130920410156,0.0401675449615068
182.5,32.5130920410156,0.0394429650441505
183.75,32.5130920410156,0.0374367790559064
185,32.5130920410156,0.0344593449296084
186.25,32.5130920410156,0.0315827746301041
187.5,32.5130920410156,0.0285339406757237
188.75,32.5130920410156,0.0249743745425189
190,32.5130920410156,0.0198810621033673
191.25,32.5130920410156,0.014090598757135
192.5,32.5130920410156,0.00957947571212131
193.75,32.5130920410156,0.00702248788603093
195,32.5130920410156,0.00685425059066467
196.25,32.5130920410156,0.00878102024455219
197.5,32.5130920410156,0.0123751129089132
198.75,32.5130920410156,0.0156973658127521
200,32.5130920410156,0.0180150732187063
201.25,32.5130920410156,0.0194542863369779
202.5,32.5130920410156,0.0201951442151401
203.75,32.5130920410156,0.0206171294326352
205,32.5130920410156,0.0205085786697202
206.25,32.5130920410156,0.0202943483152597
207.5,32.5130920410156,0.0191895135221854
208.75,32.5130920410156,0.0186211674201582
210,32.5130920410156,0.0187680481028995
211.25,32.5130920410156,0.0183327066141441
212.5,32.5130920410156,0.0170158765322692
213.75,32.5130920410156,0.0148153816987638
215,32.5130920410156,0.01271059768937
216.25,32.5130920410156,0.0122001117123293
217.5,32.5130920410156,0.0133567605237992
218.75,32.5130920410156,0.0153235467104672
220,32.5130920410156,0.0166365874721182
221.25,32.5130920410156,0.0178771045223353
222.5,32.5130920410156,0.0189505966196703
223.75,32.5130920410156,0.0188250005896268
225,32.5130920410156,0.0180954413985065
226.25,32.5130920410156,0.0182657932518456
227.5,32.5130920410156,0.0199004529393141
228.75,32.5130920410156,0.0226335782552611
230,32.5130920410156,0.0253443562699089
231.25,32.5130920410156,0.0280668953980569
232.5,32.5130920410156,0.0303695488421342
233.75,32.5130920410156,0.032594922749266
235,32.5130920410156,0.0342433905078475
236.25,32.5130920410156,0.0353838341740889
237.5,32.5130920410156,0.0382033206461999
238.75,32.5130920410156,0.0418841567494326
240,32.5130920410156,0.0444310886276878
241.25,32.5130920410156,0.0441459826424905
242.5,32.5130920410156,0.0427215212793741
160,33.4554977416992,-0.000119068727002482
161.25,33.4554977416992,0.00200923127277995
162.5,33.4554977416992,0.00538778617957363
163.75,33.4554977416992,0.00879189658292738
165,33.4554977416992,0.0115144963904298
166.25,33.4554977416992,0.0137513249709037
167.5,33.4554977416992,0.0166143849628076
168.75,33.4554977416992,0.0205248401472301
170,33.4554977416992,0.0256872043505677
171.25,33.4554977416992,0.0316922630858053
172.5,33.4554977416992,0.0368949227664952
173.75,33.4554977416992,0.0409579910514481
175,33.4554977416992,0.0451491161368224
176.25,33.4554977416992,0.0490977196645513
177.5,33.4554977416992,0.0516792629440012
178.75,33.4554977416992,0.0520431182462302
180,33.4554977416992,0.0511367377787694
181.25,33.4554977416992,0.0500156636039884
182.5,33.4554977416992,0.0487674111474732
183.75,33.4554977416992,0.0467457322075999
185,33.4554977416992,0.044012847495642
186.25,33.4554977416992,0.0412349118691516
187.5,33.4554977416992,0.0375319506999291
188.75,33.4554977416992,0.0325164753602624
190,33.4554977416992,0.0258223458450611
191.25,33.4554977416992,0.0180864905558143
192.5,33.4554977416992,0.0120278649474078
193.75,33.4554977416992,0.00812528492948484
195,33.4554977416992,0.00634679187059718
196.25,33.4554977416992,0.00701842265270552
197.5,33.4554977416992,0.009648668606543
198.75,33.4554977416992,0.0137622035308503
200,33.4554977416992,0.0175685172092031
201.25,33.4554977416992,0.0202234982687859
202.5,33.4554977416992,0.0211461589131768
203.75,33.4554977416992,0.0211492343382851
205,33.4554977416992,0.0211410717067934
206.25,33.4554977416992,0.021283070363728
207.5,33.4554977416992,0.0205376462597076
208.75,33.4554977416992,0.0201169870520345
210,33.4554977416992,0.0211008421203557
211.25,33.4554977416992,0.0218550247444733
212.5,33.4554977416992,0.0212320574760586
213.75,33.4554977416992,0.019452926378811
215,33.4554977416992,0.0170263403271045
216.25,33.4554977416992,0.0155449927770195
217.5,33.4554977416992,0.015656171311124
218.75,33.4554977416992,0.016628553398609
220,33.4554977416992,0.0180261885159196
221.25,33.4554977416992,0.0192794883323929
222.5,33.4554977416992,0.0206018452940381
223.75,33.4554977416992,0.0206922941596311
225,33.4554977416992,0.0199667660460727
226.25,33.4554977416992,0.0202662587420928
227.5,33.4554977416992,0.0218967300962433
228.75,33.4554977416992,0.0245207734824055
230,33.4554977416992,0.0268659997526525
231.25,33.4554977416992,0.0291785358308514
232.5,33.4554977416992,0.0311145066525349
233.75,33.4554977416992,0.0327729690140976
235,33.4554977416992,0.0339547739439962
236.25,33.4554977416992,0.0349546704464801
237.5,33.4554977416992,0.0380577035863437
238.75,33.4554977416992,0.0418449986370674
240,33.4554977416992,0.0430882325934425
241.25,33.4554977416992,0.0418670575500878
242.5,33.4554977416992,0.0412631906724975
160,34.3979034423828,0.00311366717805843
161.25,34.3979034423828,0.00518156019783688
162.5,34.3979034423828,0.00791333591411523
163.75,34.3979034423828,0.0113305023822089
165,34.3979034423828,0.0145948751550263
166.25,34.3979034423828,0.0180866478508665
167.5,34.3979034423828,0.0223601492223499
168.75,34.3979034423828,0.0276837970907776
170,34.3979034423828,0.0327242258649334
171.25,34.3979034423828,0.0379981000402094
172.5,34.3979034423828,0.0436049353915207
173.75,34.3979034423828,0.0481390015863415
175,34.3979034423828,0.0523378307250826
176.25,34.3979034423828,0.0565113124590507
177.5,34.3979034423828,0.0597292222422165
178.75,34.3979034423828,0.0608839220171911
180,34.3979034423828,0.0605597306939755
181.25,34.3979034423828,0.0593041338590353
182.5,34.3979034423828,0.0568164080788493
183.75,34.3979034423828,0.0537893488194939
185,34.3979034423828,0.0506500153444972
186.25,34.3979034423828,0.046975045860249
187.5,34.3979034423828,0.0420285771399087
188.75,34.3979034423828,0.0357207629692475
190,34.3979034423828,0.0278650813798278
191.25,34.3979034423828,0.019733445928257
192.5,34.3979034423828,0.013406800147639
193.75,34.3979034423828,0.00915605894333818
195,34.3979034423828,0.00659262543569844
196.25,34.3979034423828,0.00610676965768184
197.5,34.3979034423828,0.00812586114326037
198.75,34.3979034423828,0.011575639481012
200,34.3979034423828,0.0154574481463491
201.25,34.3979034423828,0.0186098311987525
202.5,34.3979034423828,0.0199616026890054
203.75,34.3979034423828,0.020088898499101
205,34.3979034423828,0.0199991404566505
206.25,34.3979034423828,0.0201075347621823
207.5,34.3979034423828,0.0202936778731865
208.75,34.3979034423828,0.021362123270652
210,34.3979034423828,0.0234258594186664
211.25,34.3979034423828,0.0249092798721204
212.5,34.3979034423828,0.0247723220356083
213.75,34.3979034423828,0.023094538330427
215,34.3979034423828,0.0207400993962304
216.25,34.3979034423828,0.019062352363767
217.5,34.3979034423828,0.0187903313056137
218.75,34.3979034423828,0.0191800928657833
220,34.3979034423828,0.0201800851404072
221.25,34.3979034423828,0.0208531499699839
222.5,34.3979034423828,0.0221330820809354
223.75,34.3979034423828,0.0229281552800199
225,34.3979034423828,0.0227831107592872
226.25,34.3979034423828,0.022917717566347
227.5,34.3979034423828,0.0242846421832476
228.75,34.3979034423828,0.026589518903786
230,34.3979034423828,0.0287249054228244
231.25,34.3979034423828,0.0308740517878689
232.5,34.3979034423828,0.0319661289308689
233.75,34.3979034423828,0.0327046396522411
235,34.3979034423828,0.0329402436988397
236.25,34.3979034423828,0.0333925507069503
237.5,34.3979034423828,0.0364557250230307
238.75,34.3979034423828,0.0405767737713792
240,34.3979034423828,0.0422879295388341
241.25,34.3979034423828,0.0413872562082752
160,35.3403167724609,0.00522429344403987
161.25,35.3403167724609,0.0064102732540225
162.5,35.3403167724609,0.00827611576255371
163.75,35.3403167724609,0.0108278772897286
165,35.3403167724609,0.0136155957035917
166.25,35.3403167724609,0.0167406721245445
167.5,35.3403167724609,0.0207169726527336
168.75,35.3403167724609,0.0253951596024307
170,35.3403167724609,0.0302455306579002
171.25,35.3403167724609,0.0358906913997216
172.5,35.3403167724609,0.0428351956299646
173.75,35.3403167724609,0.0493464787063888
175,35.3403167724609,0.0552624266679946
176.25,35.3403167724609,0.0609778230371713
177.5,35.3403167724609,0.0659012906576443
178.75,35.3403167724609,0.0689504027693563
180,35.3403167724609,0.0697546916329404
181.25,35.3403167724609,0.068366457979207
182.5,35.3403167724609,0.0648980802362365
183.75,35.3403167724609,0.0602027128327601
185,35.3403167724609,0.0551279476496317
186.25,35.3403167724609,0.0497632876638422
187.5,35.3403167724609,0.0433765730599353
188.75,35.3403167724609,0.0362546965366988
190,35.3403167724609,0.0283459618118102
191.25,35.3403167724609,0.0210908585998006
192.5,35.3403167724609,0.0152327522277027
193.75,35.3403167724609,0.0107156794171599
195,35.3403167724609,0.00761073026790335
196.25,35.3403167724609,0.00598319514000188
197.5,35.3403167724609,0.00709323177665252
198.75,35.3403167724609,0.00918457287282595
200,35.3403167724609,0.0121841770667963
201.25,35.3403167724609,0.0153045610295738
202.5,35.3403167724609,0.0169684443947867
203.75,35.3403167724609,0.0172637275042186
205,35.3403167724609,0.0170804920938237
206.25,35.3403167724609,0.0173807348478162
207.5,35.3403167724609,0.0181315685133732
208.75,35.3403167724609,0.0196313669794126
210,35.3403167724609,0.0221280551992478
211.25,35.3403167724609,0.0240110655068771
212.5,35.3403167724609,0.0239722555993861
213.75,35.3403167724609,0.0226891794211985
215,35.3403167724609,0.0213265148659451
216.25,35.3403167724609,0.0200724639598742
217.5,35.3403167724609,0.0199421817013258
218.75,35.3403167724609,0.0204832407676416
220,35.3403167724609,0.021248373723752
221.25,35.3403167724609,0.0219716723134907
222.5,35.3403167724609,0.0234731165457785
223.75,35.3403167724609,0.0245605541146604
225,35.3403167724609,0.0248244999359828
226.25,35.3403167724609,0.0253244490001803
227.5,35.3403167724609,0.0269510662102454
228.75,35.3403167724609,0.0292221498006822
230,35.3403167724609,0.0313823901790122
231.25,35.3403167724609,0.0331094000170125
232.5,35.3403167724609,0.0333293333896885
233.75,35.3403167724609,0.0327789470843104
235,35.3403167724609,0.0311498008859399
236.25,35.3403167724609,0.0303441066493757
237.5,35.3403167724609,0.0320394912850853
238.75,35.3403167724609,0.0368596885209002
240,35.3403167724609,0.0415475248732852
160,36.2827224731445,0.00716303564638285
161.25,36.2827224731445,0.00711703800582818
162.5,36.2827224731445,0.00793062021629751
163.75,36.2827224731445,0.00970363514716434
165,36.2827224731445,0.0118480807125371
166.25,36.2827224731445,0.0143769499477617
167.5,36.2827224731445,0.0177050381590321
168.75,36.2827224731445,0.0215341079281011
170,36.2827224731445,0.0254345716179773
171.25,36.2827224731445,0.0301517304570944
172.5,36.2827224731445,0.0370185321602365
173.75,36.2827224731445,0.0449096256401294
175,36.2827224731445,0.0529487921015324
176.25,36.2827224731445,0.0603217130025286
177.5,36.2827224731445,0.0665927169408925
178.75,36.2827224731445,0.0711237591009259
180,36.2827224731445,0.0735083272306375
181.25,36.2827224731445,0.0735227663431255
182.5,36.2827224731445,0.0710029704278939
183.75,36.2827224731445,0.0660033380335594
185,36.2827224731445,0.0594185682679596
186.25,36.2827224731445,0.0522343025073862
187.5,36.2827224731445,0.0446286417229391
188.75,36.2827224731445,0.0372827928001089
190,36.2827224731445,0.0304117895520959
191.25,36.2827224731445,0.0240127811885646
192.5,36.2827224731445,0.0182618110112529
193.75,36.2827224731445,0.0131239170086488
195,36.2827224731445,0.00882171179125723
196.25,36.2827224731445,0.00618890753423991
197.5,36.2827224731445,0.00598784180181415
198.75,36.2827224731445,0.00658931869048913
200,36.2827224731445,0.00831030497995236
201.25,36.2827224731445,0.010681921357828
202.5,36.2827224731445,0.0120916686271277
203.75,36.2827224731445,0.0122817252038531
205,36.2827224731445,0.0123549331851346
206.25,36.2827224731445,0.0128904829530897
207.5,36.2827224731445,0.0135961969318251
208.75,36.2827224731445,0.01461297069868
210,36.2827224731445,0.0166564685653482
211.25,36.2827224731445,0.0181924702120214
212.5,36.2827224731445,0.0183709757122155
213.75,36.2827224731445,0.0180236691888039
215,36.2827224731445,0.0177497020093032
216.25,36.2827224731445,0.0180681720592333
217.5,36.2827224731445,0.0189229303715918
218.75,36.2827224731445,0.0199943977730346
220,36.2827224731445,0.0208281852955937
221.25,36.2827224731445,0.0214350646990527
222.5,36.2827224731445,0.0230895012979234
223.75,36.2827224731445,0.0242724246608186
225,36.2827224731445,0.0253715396005075
226.25,36.2827224731445,0.0269347403487035
227.5,36.2827224731445,0.0295108865387769
228.75,36.2827224731445,0.0327786317250568
230,36.2827224731445,0.0353895124223157
231.25,36.2827224731445,0.0367512012777245
232.5,36.2827224731445,0.0358508345565744
233.75,36.2827224731445,0.0333915475113809
235,36.2827224731445,0.0296149130596911
236.25,36.2827224731445,0.0267500280784682
237.5,36.2827224731445,0.0267988879723191
238.75,36.2827224731445,0.0274098536751546
160,37.2251281738281,0.00928636531854701
161.25,37.2251281738281,0.00850433185489036
162.5,37.2251281738281,0.00881119338392985
163.75,37.2251281738281,0.010095277818075
165,37.2251281738281,0.0117740905447634
166.25,37.2251281738281,0.0136076962907124
167.5,37.2251281738281,0.0161720604509514
168.75,37.2251281738281,0.0196282029426993
170,37.2251281738281,0.0230884817168637
171.25,37.2251281738281,0.0270045604046391
172.5,37.2251281738281,0.0330571314641521
173.75,37.2251281738281,0.0408122841612495
175,37.2251281738281,0.0493512753604565
176.25,37.2251281738281,0.0572682826934622
177.5,37.2251281738281,0.0639990315224138
178.75,37.2251281738281,0.0691761924588071
180,37.2251281738281,0.0729448371896169
181.25,37.2251281738281,0.0750462895468003
182.5,37.2251281738281,0.074819584080579
183.75,37.2251281738281,0.0709612222569542
185,37.2251281738281,0.0641490284084707
186.25,37.2251281738281,0.0562180792046025
187.5,37.2251281738281,0.0480374023974663
188.75,37.2251281738281,0.0407854925006729
190,37.2251281738281,0.0343158506711442
191.25,37.2251281738281,0.0282573007288561
192.5,37.2251281738281,0.0226430205386908
193.75,37.2251281738281,0.0169927223662761
195,37.2251281738281,0.0114088657890188
196.25,37.2251281738281,0.00729055401549409
197.5,37.2251281738281,0.00464266718984977
198.75,37.2251281738281,0.00356138376525546
200,37.2251281738281,0.0041659674890833
201.25,37.2251281738281,0.00584171149801834
202.5,37.2251281738281,0.0072557540361188
203.75,37.2251281738281,0.00762778701610891
205,37.2251281738281,0.00723753807845175
206.25,37.2251281738281,0.00702991986485516
207.5,37.2251281738281,0.00667356060796969
208.75,37.2251281738281,0.00666471949763123
210,37.2251281738281,0.00811855176507172
211.25,37.2251281738281,0.00967199844538889
212.5,37.2251281738281,0.011191834400147
213.75,37.2251281738281,0.0120721773826259
215,37.2251281738281,0.0128778974797236
216.25,37.2251281738281,0.0143015763184215
217.5,37.2251281738281,0.0163076470037988
218.75,37.2251281738281,0.0178833970956884
220,37.2251281738281,0.0191156790960456
221.25,37.2251281738281,0.0201409302674107
222.5,37.2251281738281,0.0217211031440327
223.75,37.2251281738281,0.0236032383061436
225,37.2251281738281,0.0254577825567132
226.25,37.2251281738281,0.0280898208757647
227.5,37.2251281738281,0.0320845352710509
228.75,37.2251281738281,0.0371736370920085
230,37.2251281738281,0.0409584745493961
231.25,37.2251281738281,0.0419948106392214
232.5,37.2251281738281,0.0398832115476527
233.75,37.2251281738281,0.034969334266716
235,37.2251281738281,0.0285251044687145
236.25,37.2251281738281,0.0241319051011771
237.5,37.2251281738281,0.0239294280187146
238.75,37.2251281738281,0.0262578085802227
160,38.1675415039062,0.0142878940294743
161.25,38.1675415039062,0.0121304239310588
162.5,38.1675415039062,0.0115041357099665
163.75,38.1675415039062,0.0118348875250764
165,38.1675415039062,0.0126026787845086
166.25,38.1675415039062,0.0136472398623318
167.5,38.1675415039062,0.0152929898113337
168.75,38.1675415039062,0.0179263293959547
170,38.1675415039062,0.0210646804601312
171.25,38.1675415039062,0.024941597700634
172.5,38.1675415039062,0.0303952507800318
173.75,38.1675415039062,0.0372669503114162
175,38.1675415039062,0.0447497750753107
176.25,38.1675415039062,0.0522504959511648
177.5,38.1675415039062,0.0589683267781937
178.75,38.1675415039062,0.0648231159383841
180,38.1675415039062,0.0696685369202767
181.25,38.1675415039062,0.0734337715487894
182.5,38.1675415039062,0.0755747796493057
183.75,38.1675415039062,0.0746082365152729
185,38.1675415039062,0.0696866564928402
186.25,38.1675415039062,0.0621233420667882
187.5,38.1675415039062,0.0539864977003242
188.75,38.1675415039062,0.0462829212836021
190,38.1675415039062,0.0390878848831732
191.25,38.1675415039062,0.0326414774513028
192.5,38.1675415039062,0.0268802391679589
193.75,38.1675415039062,0.0208107789908221
195,38.1675415039062,0.0142719618081896
196.25,38.1675415039062,0.00861298365547089
197.5,38.1675415039062,0.00405005195874826
198.75,38.1675415039062,0.00060564324294915
200,38.1675415039062,-0.000413053440347776
201.25,38.1675415039062,0.00039770682697743
202.5,38.1675415039062,0.00218865781143183
203.75,38.1675415039062,0.00323790252253708
205,38.1675415039062,0.0026695029996521
206.25,38.1675415039062,0.000907023451207565
207.5,38.1675415039062,-0.000839792907459464
208.75,38.1675415039062,-0.00193929369359394
210,38.1675415039062,-0.00188664271134987
211.25,38.1675415039062,-0.00041867672649001
212.5,38.1675415039062,0.00257057130458053
213.75,38.1675415039062,0.0057386953212918
215,38.1675415039062,0.00822618802363055
216.25,38.1675415039062,0.0103902296948842
217.5,38.1675415039062,0.0129587189810669
218.75,38.1675415039062,0.0152052074585679
220,38.1675415039062,0.0168201221039438
221.25,38.1675415039062,0.0184801393350291
222.5,38.1675415039062,0.0206274657999826
223.75,38.1675415039062,0.0232154155449235
225,38.1675415039062,0.0259303293002452
226.25,38.1675415039062,0.0296053872857053
227.5,38.1675415039062,0.0348199432524326
228.75,38.1675415039062,0.0409978264301254
230,38.1675415039062,0.0455054452983129
231.25,38.1675415039062,0.0468489922664811
232.5,38.1675415039062,0.0440802500731841
233.75,38.1675415039062,0.0368021448464333
235,38.1675415039062,0.0285611417690228
236.25,38.1675415039062,0.024220405155931
237.5,38.1675415039062,0.0231973645638349
160,39.1099548339844,0.01784454708973
161.25,39.1099548339844,0.0151988119389251
162.5,39.1099548339844,0.0138648999709875
163.75,39.1099548339844,0.0133260422457958
165,39.1099548339844,0.0130627193902591
166.25,39.1099548339844,0.0132816479081052
167.5,39.1099548339844,0.0141873951388164
168.75,39.1099548339844,0.015870743910922
170,39.1099548339844,0.0182267755234249
171.25,39.1099548339844,0.0214902461362783
172.5,39.1099548339844,0.0257355889034287
173.75,39.1099548339844,0.0309674745944935
175,39.1099548339844,0.0370401631140603
176.25,39.1099548339844,0.0442453867903186
177.5,39.1099548339844,0.0515756806023068
178.75,39.1099548339844,0.0586174832119315
180,39.1099548339844,0.0648158594086326
181.25,39.1099548339844,0.0698768584924601
182.5,39.1099548339844,0.0735804792843008
183.75,39.1099548339844,0.0746013432953651
185,39.1099548339844,0.0718436476663707
186.25,39.1099548339844,0.0661666007296342
187.5,39.1099548339844,0.0592890903279512
188.75,39.1099548339844,0.0522680974174179
190,39.1099548339844,0.0454617822292312
191.25,39.1099548339844,0.0389819519484275
192.5,39.1099548339844,0.0326235514352409
193.75,39.1099548339844,0.0258161765391697
195,39.1099548339844,0.0185869948539698
196.25,39.1099548339844,0.0115254715071542
197.5,39.1099548339844,0.0052893180713315
198.75,39.1099548339844,-2.34341556980569e-06
200,39.1099548339844,-0.00270037744844862
201.25,39.1099548339844,-0.00325772695814718
202.5,39.1099548339844,-0.00255762871877152
203.75,39.1099548339844,-0.00197058425008739
205,39.1099548339844,-0.00271234322424129
206.25,39.1099548339844,-0.00502870896835146
207.5,39.1099548339844,-0.00746724867094797
208.75,39.1099548339844,-0.00882934389623682
210,39.1099548339844,-0.00950112164880809
211.25,39.1099548339844,-0.0078904454178945
212.5,39.1099548339844,-0.00426291426583646
213.75,39.1099548339844,2.57743489218822e-05
215,39.1099548339844,0.00373822362570383
216.25,39.1099548339844,0.00681667783449578
217.5,39.1099548339844,0.00984616818748976
218.75,39.1099548339844,0.0124457232093707
220,39.1099548339844,0.0144717294717887
221.25,39.1099548339844,0.0168378365451086
222.5,39.1099548339844,0.0194699122850193
223.75,39.1099548339844,0.0227191066972695
225,39.1099548339844,0.0263636540313877
226.25,39.1099548339844,0.0309129107185314
227.5,39.1099548339844,0.0367521596058208
228.75,39.1099548339844,0.0430655143889073
230,39.1099548339844,0.047755548480646
231.25,39.1099548339844,0.0496134454389003
232.5,39.1099548339844,0.0471366483356876
233.75,39.1099548339844,0.0392780162013834
235,39.1099548339844,0.0304223185352863
236.25,39.1099548339844,0.0259834139393138
160,40.0523529052734,0.0175149294047074
161.25,40.0523529052734,0.0155598526158563
162.5,40.0523529052734,0.0136685954296426
163.75,40.0523529052734,0.0121138752733301
165,40.0523529052734,0.011247831236595
166.25,40.0523529052734,0.011343418080877
167.5,40.0523529052734,0.0120265784096048
168.75,40.0523529052734,0.0130667220939872
170,40.0523529052734,0.0146627529157292
171.25,40.0523529052734,0.0170226746593881
172.5,40.0523529052734,0.0203073289372466
173.75,40.0523529052734,0.0247258521505396
175,40.0523529052734,0.0300152386560803
176.25,40.0523529052734,0.0365331749536693
177.5,40.0523529052734,0.0437055261801061
178.75,40.0523529052734,0.0510415108460737
180,40.0523529052734,0.0580165217626107
181.25,40.0523529052734,0.0643386306667067
182.5,40.0523529052734,0.0696007067545449
183.75,40.0523529052734,0.072147065537083
185,40.0523529052734,0.0711712239117212
186.25,40.0523529052734,0.0676096061563824
187.5,40.0523529052734,0.0620640314000487
188.75,40.0523529052734,0.0561013834473498
190,40.0523529052734,0.0500277061202282
191.25,40.0523529052734,0.0439560073559606
192.5,40.0523529052734,0.0378249590669833
193.75,40.0523529052734,0.0310783577616889
195,40.0523529052734,0.0237820096739809
196.25,40.0523529052734,0.0160434929491164
197.5,40.0523529052734,0.00819258390767735
198.75,40.0523529052734,0.00123283401301972
200,40.0523529052734,-0.0035686888947784
201.25,40.0523529052734,-0.0056717873920595
202.5,40.0523529052734,-0.00622743285420742
203.75,40.0523529052734,-0.00651547284625468
205,40.0523529052734,-0.00768235756712383
206.25,40.0523529052734,-0.010220308951291
207.5,40.0523529052734,-0.0128451238475457
208.75,40.0523529052734,-0.0143248917312673
210,40.0523529052734,-0.0147124723681408
211.25,40.0523529052734,-0.0128706318026033
212.5,40.0523529052734,-0.00916852984888258
213.75,40.0523529052734,-0.0048168712264627
215,40.0523529052734,-0.00080480693740481
216.25,40.0523529052734,0.00286794978789572
217.5,40.0523529052734,0.00627217612786956
218.75,40.0523529052734,0.00910963208621565
220,40.0523529052734,0.0118347364521828
221.25,40.0523529052734,0.0146661527595669
222.5,40.0523529052734,0.0175605330156949
223.75,40.0523529052734,0.021148693785171
225,40.0523529052734,0.0258045952792882
226.25,40.0523529052734,0.0310654359400486
227.5,40.0523529052734,0.0370814852235621
228.75,40.0523529052734,0.043138010310354
230,40.0523529052734,0.0478913339705651
231.25,40.0523529052734,0.0508696919703084
232.5,40.0523529052734,0.049970527133961
233.75,40.0523529052734,0.0429099364740696
235,40.0523529052734,0.034501726790687
236.25,40.0523529052734,0.0292190684747635
160,40.9947662353516,0.014670334565371
161.25,40.9947662353516,0.0128558926796922
162.5,40.9947662353516,0.0102347374924995
163.75,40.9947662353516,0.00791838846451874
165,40.9947662353516,0.00683713720432274
166.25,40.9947662353516,0.00708115152465805
167.5,40.9947662353516,0.00757717539916221
168.75,40.9947662353516,0.00793349826306838
170,40.9947662353516,0.00855769107355698
171.25,40.9947662353516,0.0100635531731109
172.5,40.9947662353516,0.0131315189985314
173.75,40.9947662353516,0.0177310967532749
175,40.9947662353516,0.0237182176223144
176.25,40.9947662353516,0.0304330830115555
177.5,40.9947662353516,0.0375345300796895
178.75,40.9947662353516,0.0450501062084945
180,40.9947662353516,0.0526473214527011
181.25,40.9947662353516,0.0598330785722071
182.5,40.9947662353516,0.0657613432162858
183.75,40.9947662353516,0.0689190834163071
185,40.9947662353516,0.069101045922371
186.25,40.9947662353516,0.0671418638807766
187.5,40.9947662353516,0.0633198965465425
188.75,40.9947662353516,0.0585159915497316
190,40.9947662353516,0.0529890634392196
191.25,40.9947662353516,0.047011091244987
192.5,40.9947662353516,0.0407516355201156
193.75,40.9947662353516,0.0339752367278931
195,40.9947662353516,0.0267759289527536
196.25,40.9947662353516,0.0191615811427864
197.5,40.9947662353516,0.0111287251946711
198.75,40.9947662353516,0.00325554098858295
200,40.9947662353516,-0.0033501272999704
201.25,40.9947662353516,-0.00795242570005192
202.5,40.9947662353516,-0.0101435621508848
203.75,40.9947662353516,-0.0113040425500734
205,40.9947662353516,-0.012781361289503
206.25,40.9947662353516,-0.0152265085618223
207.5,40.9947662353516,-0.0176458333999493
208.75,40.9947662353516,-0.0191732016403108
210,40.9947662353516,-0.0193923647521122
211.25,40.9947662353516,-0.0173941984108717
212.5,40.9947662353516,-0.013363460861155
213.75,40.9947662353516,-0.00888798337426043
215,40.9947662353516,-0.00509662933405445
216.25,40.9947662353516,-0.00141435724182774
217.5,40.9947662353516,0.00225786920615076
218.75,40.9947662353516,0.00536743228231129
220,40.9947662353516,0.0080596186243435
221.25,40.9947662353516,0.0108504162078382
222.5,40.9947662353516,0.0141608906459866
223.75,40.9947662353516,0.0186467293744497
225,40.9947662353516,0.0244908225126711
226.25,40.9947662353516,0.0308070255527266
227.5,40.9947662353516,0.0364616375794146
228.75,40.9947662353516,0.0420968067136743
230,40.9947662353516,0.0467713689202575
231.25,40.9947662353516,0.0507793052631499
232.5,40.9947662353516,0.051710751559896
233.75,40.9947662353516,0.0463099585215756
235,40.9947662353516,0.0393468565874139
236.25,40.9947662353516,0.0388176072054709
160,41.9371795654297,0.0129684612706537
161.25,41.9371795654297,0.00975142367961871
162.5,41.9371795654297,0.00632750687999027
163.75,41.9371795654297,0.00355760800344929
165,41.9371795654297,0.00220306394365449
166.25,41.9371795654297,0.00173814064108507
167.5,41.9371795654297,0.00161453824333627
168.75,41.9371795654297,0.0014382608687177
170,41.9371795654297,0.00215931811482811
171.25,41.9371795654297,0.00394819337655944
172.5,41.9371795654297,0.00710016311987637
173.75,41.9371795654297,0.0121718438786619
175,41.9371795654297,0.0191698556581917
176.25,41.9371795654297,0.0261321731521133
177.5,41.9371795654297,0.0330446078072082
178.75,41.9371795654297,0.040565365304163
180,41.9371795654297,0.0485098898305579
181.25,41.9371795654297,0.0562209955756115
182.5,41.9371795654297,0.0621838636380699
183.75,41.9371795654297,0.0654842982193091
185,41.9371795654297,0.0664446746974957
186.25,41.9371795654297,0.065519111210922
187.5,41.9371795654297,0.0631657392082851
188.75,41.9371795654297,0.0588303525461381
190,41.9371795654297,0.0536874238251357
191.25,41.9371795654297,0.0477519113618579
192.5,41.9371795654297,0.0411959369049424
193.75,41.9371795654297,0.0342023006656644
195,41.9371795654297,0.0271602124959423
196.25,41.9371795654297,0.0199946983852252
197.5,41.9371795654297,0.0122588187058335
198.75,41.9371795654297,0.00432209878503523
200,41.9371795654297,-0.00298793789654411
201.25,41.9371795654297,-0.00882462583909237
202.5,41.9371795654297,-0.0129185366726416
203.75,41.9371795654297,-0.0156379749835105
205,41.9371795654297,-0.0177681438926393
206.25,41.9371795654297,-0.0200001061130613
207.5,41.9371795654297,-0.0221338778965982
208.75,41.9371795654297,-0.0234277171228648
210,41.9371795654297,-0.0232363521316454
211.25,41.9371795654297,-0.0209145385259355
212.5,41.9371795654297,-0.0166194566489403
213.75,41.9371795654297,-0.0123023624956532
215,41.9371795654297,-0.00885810430058153
216.25,41.9371795654297,-0.00566649655290903
217.5,41.9371795654297,-0.00229295388353065
218.75,41.9371795654297,0.000620210958631857
220,41.9371795654297,0.00317209074102172
221.25,41.9371795654297,0.00603008359378473
222.5,41.9371795654297,0.00988613865701282
223.75,41.9371795654297,0.0155563162899422
225,41.9371795654297,0.0222865264700441
226.25,41.9371795654297,0.029163393154657
227.5,41.9371795654297,0.0348328360580229
228.75,41.9371795654297,0.0397576948532034
230,41.9371795654297,0.0443604418238163
231.25,41.9371795654297,0.0488415152584555
232.5,41.9371795654297,0.0516508090581884
233.75,41.9371795654297,0.0491129816478476
235,41.9371795654297,0.0437602342700569
236.25,41.9371795654297,0.0425562140624557
160,42.8795776367188,0.0134414658056561
161.25,42.8795776367188,0.0100156035703008
162.5,42.8795776367188,0.00650863761491394
163.75,42.8795776367188,0.00307974663379784
165,42.8795776367188,0.000737424485663712
166.25,42.8795776367188,-0.00101519490192938
167.5,42.8795776367188,-0.00238662711526247
168.75,42.8795776367188,-0.0032276334723131
170,42.8795776367188,-0.00262071934619865
171.25,42.8795776367188,-0.000339634397008908
172.5,42.8795776367188,0.00416324404956698
173.75,42.8795776367188,0.0102632609705295
175,42.8795776367188,0.0173864374706101
176.25,42.8795776367188,0.0244710604768103
177.5,42.8795776367188,0.0310067390199542
178.75,42.8795776367188,0.0384433662722511
180,42.8795776367188,0.0466117953636146
181.25,42.8795776367188,0.0540854948104951
182.5,42.8795776367188,0.0595114435204418
183.75,42.8795776367188,0.0626246366114525
185,42.8795776367188,0.0638453216960714
186.25,42.8795776367188,0.0634981792460694
187.5,42.8795776367188,0.0614797835046033
188.75,42.8795776367188,0.0576979403970873
190,42.8795776367188,0.0527487675344328
191.25,42.8795776367188,0.0468644245687724
192.5,42.8795776367188,0.0399794916191061
193.75,42.8795776367188,0.0327098596586796
195,42.8795776367188,0.0255336964579029
196.25,42.8795776367188,0.0185322640458795
197.5,42.8795776367188,0.0114932368808794
198.75,42.8795776367188,0.00447305088939972
200,42.8795776367188,-0.00223941083341143
201.25,42.8795776367188,-0.00828936701969068
202.5,42.8795776367188,-0.0138210776150696
203.75,42.8795776367188,-0.0178141879596468
205,42.8795776367188,-0.020252632861527
206.25,42.8795776367188,-0.0224402883866149
207.5,42.8795776367188,-0.0246498752082461
208.75,42.8795776367188,-0.0262723932141839
210,42.8795776367188,-0.0260721132946356
211.25,42.8795776367188,-0.0233838242045593
212.5,42.8795776367188,-0.018904397508685
213.75,42.8795776367188,-0.0146983584576133
215,42.8795776367188,-0.0117529936183244
216.25,42.8795776367188,-0.00922517806304496
217.5,42.8795776367188,-0.00707395493273452
218.75,42.8795776367188,-0.00486732435927138
220,42.8795776367188,-0.00212533686235266
221.25,42.8795776367188,0.00144166498951122
222.5,42.8795776367188,0.00613245783912325
223.75,42.8795776367188,0.0126387161588104
225,42.8795776367188,0.0199749872348547
226.25,42.8795776367188,0.0268095696033244
227.5,42.8795776367188,0.0322680263124796
228.75,42.8795776367188,0.0365274864929754
230,42.8795776367188,0.0408025769718556
231.25,42.8795776367188,0.0453409204090914
232.5,42.8795776367188,0.0492335639757302
233.75,42.8795776367188,0.0496240356917797
235,42.8795776367188,0.0463894944437775
236.25,42.8795776367188,0.0449632519508852
160,43.8219909667969,0.0146531344316582
161.25,43.8219909667969,0.0114103909701907
162.5,43.8219909667969,0.00785527647065367
163.75,43.8219909667969,0.00491342963992957
165,43.8219909667969,0.00245338118819251
166.25,43.8219909667969,0.000512941937207808
167.5,43.8219909667969,-0.00116947533631723
168.75,43.8219909667969,-0.0019635106617558
170,43.8219909667969,-0.000961914062437398
171.25,43.8219909667969,0.00213863736178739
172.5,43.8219909667969,0.00744207490046869
173.75,43.8219909667969,0.0138303232562081
175,43.8219909667969,0.0203287378519665
176.25,43.8219909667969,0.0260210038556159
177.5,43.8219909667969,0.0315386692107215
178.75,43.8219909667969,0.0377944873220421
180,43.8219909667969,0.0447849975359052
181.25,43.8219909667969,0.0512096204836084
182.5,43.8219909667969,0.055871899900457
183.75,43.8219909667969,0.05866173779122
185,43.8219909667969,0.0599957199575223
186.25,43.8219909667969,0.0597029081749659
187.5,43.8219909667969,0.0577824422062901
188.75,43.8219909667969,0.0543901908776848
190,43.8219909667969,0.0496629743708366
191.25,43.8219909667969,0.0436069694206653
192.5,43.8219909667969,0.0369030843608743
193.75,43.8219909667969,0.0302024773680256
195,43.8219909667969,0.0236871277656128
196.25,43.8219909667969,0.017261079016204
197.5,43.8219909667969,0.0110294994903554
198.75,43.8219909667969,0.00497424149832964
200,43.8219909667969,-0.000819451846384775
201.25,43.8219909667969,-0.00655455649734858
202.5,43.8219909667969,-0.0122898541810393
203.75,43.8219909667969,-0.0173931870958487
205,43.8219909667969,-0.0206406727943336
206.25,43.8219909667969,-0.0231193237629618
207.5,43.8219909667969,-0.0257486274793812
208.75,43.8219909667969,-0.0278135053140464
210,43.8219909667969,-0.0280280936010712
211.25,43.8219909667969,-0.0254253623247045
212.5,43.8219909667969,-0.02097296467344
213.75,43.8219909667969,-0.0168206831529947
215,43.8219909667969,-0.0140863954625536
216.25,43.8219909667969,-0.0124265024218419
217.5,43.8219909667969,-0.0110929297490323
218.75,43.8219909667969,-0.0095433786474542
220,43.8219909667969,-0.00668638480279199
221.25,43.8219909667969,-0.00238687106659562
222.5,43.8219909667969,0.00329377828011803
223.75,43.8219909667969,0.0100953752473297
225,43.8219909667969,0.0173973511406327
226.25,43.8219909667969,0.0243225460288122
227.5,43.8219909667969,0.02966342069718
228.75,43.8219909667969,0.033451582180279
230,43.8219909667969,0.036990692527043
231.25,43.8219909667969,0.0412612256751535
232.5,43.8219909667969,0.0451497466727573
233.75,43.8219909667969,0.0465842612139659
235,43.8219909667969,0.0456208126030361
236.25,43.8219909667969,0.044831765037436
160,44.764404296875,0.0128376490451396
161.25,44.764404296875,0.0103423744453923
162.5,44.764404296875,0.00809274477362847
163.75,44.764404296875,0.00627241672385449
165,44.764404296875,0.00454483000723012
166.25,44.764404296875,0.00311817912540091
167.5,44.764404296875,0.00247832545421068
168.75,44.764404296875,0.00255689657048125
170,44.764404296875,0.00390058905953086
171.25,44.764404296875,0.00753998317222959
172.5,44.764404296875,0.0129144071478847
173.75,44.764404296875,0.0188282674504088
175,44.764404296875,0.024164808681571
176.25,44.764404296875,0.0286705352886414
177.5,44.764404296875,0.0331116159641591
178.75,44.764404296875,0.0380883948452789
180,44.764404296875,0.0434237674620274
181.25,44.764404296875,0.0478989362393404
182.5,44.764404296875,0.0509346354664887
183.75,44.764404296875,0.0526223569684371
185,44.764404296875,0.0531806730697027
186.25,44.764404296875,0.0529049363554908
187.5,44.764404296875,0.0516294979624257
188.75,44.764404296875,0.0490283847137228
190,44.764404296875,0.0452692725644968
191.25,44.764404296875,0.0400691403448345
192.5,44.764404296875,0.033835872104606
193.75,44.764404296875,0.0277534527309767
195,44.764404296875,0.0222763479604731
196.25,44.764404296875,0.0170689779973328
197.5,44.764404296875,0.0118230847187031
198.75,44.764404296875,0.00646035466775104
200,44.764404296875,0.00123068322203725
201.25,44.764404296875,-0.00409612571459254
202.5,44.764404296875,-0.00960422435799236
203.75,44.764404296875,-0.0146038666825023
205,44.764404296875,-0.0184457505398368
206.25,44.764404296875,-0.0217894944392767
207.5,44.764404296875,-0.0253468624090232
208.75,44.764404296875,-0.0282754198641488
210,44.764404296875,-0.0290354188338948
211.25,44.764404296875,-0.0267348763069611
212.5,44.764404296875,-0.0226236347428101
213.75,44.764404296875,-0.0187609052383596
215,44.764404296875,-0.0161873780200951
216.25,44.764404296875,-0.0150557017416513
217.5,44.764404296875,-0.0146337862944016
218.75,44.764404296875,-0.0132084609783756
220,44.764404296875,-0.0100356766380954
221.25,44.764404296875,-0.00523290662965994
222.5,44.764404296875,0.000854515869943298
223.75,44.764404296875,0.00799686495976851
225,44.764404296875,0.0152198380113667
226.25,44.764404296875,0.0222147722170225
227.5,44.764404296875,0.0280038058525762
228.75,44.764404296875,0.031940491378271
230,44.764404296875,0.0347003376556876
231.25,44.764404296875,0.0380075217995605
232.5,44.764404296875,0.0412869412262308
233.75,44.764404296875,0.0420160218131945
235,44.764404296875,0.0401338727702026
236.25,44.764404296875,0.0381935047594284
160,45.7068023681641,0.0106955631130132
161.25,45.7068023681641,0.00885426176260635
162.5,45.7068023681641,0.00766022597204636
163.75,45.7068023681641,0.00650260784765857
165,45.7068023681641,0.00539919686736586
166.25,45.7068023681641,0.00483346127065148
167.5,45.7068023681641,0.00509361834856523
168.75,45.7068023681641,0.00609352801274273
170,45.7068023681641,0.00800446384288073
171.25,45.7068023681641,0.0114596666078332
172.5,45.7068023681641,0.0161134942961252
173.75,45.7068023681641,0.0209234779260823
175,45.7068023681641,0.025321988027712
176.25,45.7068023681641,0.0291227235552462
177.5,45.7068023681641,0.0327853091868243
178.75,45.7068023681641,0.0367646237056616
180,45.7068023681641,0.0409050091226539
181.25,45.7068023681641,0.044248772172915
182.5,45.7068023681641,0.0464187311817294
183.75,45.7068023681641,0.0476632513217861
185,45.7068023681641,0.0477456284204127
186.25,45.7068023681641,0.0468598963302279
187.5,45.7068023681641,0.0453606306820145
188.75,45.7068023681641,0.0431494601667923
190,45.7068023681641,0.0401289514348139
191.25,45.7068023681641,0.0363127173871053
192.5,45.7068023681641,0.0317214472661065
193.75,45.7068023681641,0.0267251597342669
195,45.7068023681641,0.0222436213578674
196.25,45.7068023681641,0.0180587868769743
197.5,45.7068023681641,0.0137319766441279
198.75,45.7068023681641,0.00915200729363242
200,45.7068023681641,0.0045363546989371
201.25,45.7068023681641,-0.000221981535561962
202.5,45.7068023681641,-0.00532056172495763
203.75,45.7068023681641,-0.0102497264499261
205,45.7068023681641,-0.0143112127178119
206.25,45.7068023681641,-0.0180454845284663
207.5,45.7068023681641,-0.0222950752996137
208.75,45.7068023681641,-0.0261210313873556
210,45.7068023681641,-0.0278509498156442
211.25,45.7068023681641,-0.0268254182414855
212.5,45.7068023681641,-0.0239128103386388
213.75,45.7068023681641,-0.0206337790488872
215,45.7068023681641,-0.0183675485682706
216.25,45.7068023681641,-0.0176367151833899
217.5,45.7068023681641,-0.0176374549898529
218.75,45.7068023681641,-0.0163829386155453
220,45.7068023681641,-0.0126741603076934
221.25,45.7068023681641,-0.00724388486621933
222.5,45.7068023681641,-0.000927802679613937
223.75,45.7068023681641,0.00643342848557276
225,45.7068023681641,0.0141094192704014
226.25,45.7068023681641,0.0216783973564784
227.5,45.7068023681641,0.0281127374506688
228.75,45.7068023681641,0.0322699398819838
230,45.7068023681641,0.0345195891551236
231.25,45.7068023681641,0.0363297269511279
232.5,45.7068023681641,0.0380392212341582
233.75,45.7068023681641,0.0370663671105901
235,45.7068023681641,0.0336770908244997
236.25,45.7068023681641,0.031929933810174
160,46.6492156982422,0.0112005713668873
161.25,46.6492156982422,0.00900368343862572
162.5,46.6492156982422,0.00766523927286311
163.75,46.6492156982422,0.00690356835631181
165,46.6492156982422,0.00624038185376801
166.25,46.6492156982422,0.00639639751549242
167.5,46.6492156982422,0.00737309009988475
168.75,46.6492156982422,0.00878233927940757
170,46.6492156982422,0.0107380630504311
171.25,46.6492156982422,0.0134634286913383
172.5,46.6492156982422,0.0169199831066145
173.75,46.6492156982422,0.0206954849342042
175,46.6492156982422,0.0245186136401241
176.25,46.6492156982422,0.0283185954730146
177.5,46.6492156982422,0.032020026420268
178.75,46.6492156982422,0.0353527238801969
180,46.6492156982422,0.0385483962286979
181.25,46.6492156982422,0.0409076380142091
182.5,46.6492156982422,0.042255058741921
183.75,46.6492156982422,0.0428666648940988
185,46.6492156982422,0.042784191295683
186.25,46.6492156982422,0.0417914978724067
187.5,46.6492156982422,0.0403937803489447
188.75,46.6492156982422,0.0387521346056863
190,46.6492156982422,0.0364694057819334
191.25,46.6492156982422,0.0336762131553502
192.5,46.6492156982422,0.0306651342151181
193.75,46.6492156982422,0.0273432503143595
195,46.6492156982422,0.0238481924859003
196.25,46.6492156982422,0.0202771560655259
197.5,46.6492156982422,0.0163736695094817
198.75,46.6492156982422,0.0121155144785763
200,46.6492156982422,0.00789805877082091
201.25,46.6492156982422,0.00377196652996395
202.5,46.6492156982422,-0.000506867425606426
203.75,46.6492156982422,-0.00483932639735576
205,46.6492156982422,-0.0087812622094839
206.25,46.6492156982422,-0.0125196124280521
207.5,46.6492156982422,-0.0168291583867076
208.75,46.6492156982422,-0.0213435065449522
210,46.6492156982422,-0.0240896005828435
211.25,46.6492156982422,-0.0247746350593163
212.5,46.6492156982422,-0.0237854191775839
213.75,46.6492156982422,-0.0219982377262596
215,46.6492156982422,-0.020381944063565
216.25,46.6492156982422,-0.0196536968051916
217.5,46.6492156982422,-0.0193626208950308
218.75,46.6492156982422,-0.0177970624405125
220,46.6492156982422,-0.0139446258283884
221.25,46.6492156982422,-0.00765657414862339
222.5,46.6492156982422,-0.000502817973266809
223.75,46.6492156982422,0.00753571102836926
225,46.6492156982422,0.0157479754219566
226.25,46.6492156982422,0.0237021857802386
227.5,46.6492156982422,0.0298755022933713
228.75,46.6492156982422,0.0334905383095379
230,46.6492156982422,0.0350882802616284
231.25,46.6492156982422,0.0355832495748701
232.5,46.6492156982422,0.034614731271937
233.75,46.6492156982422,0.0320032528719227
235,46.6492156982422,0.0291862849464796
236.25,46.6492156982422,0.0295738089143664
160,47.5916290283203,0.0116906428036327
161.25,47.5916290283203,0.0094868177511321
162.5,47.5916290283203,0.00815652438084783
163.75,47.5916290283203,0.00777602842530708
165,47.5916290283203,0.0075022459492064
166.25,47.5916290283203,0.00763199307929951
167.5,47.5916290283203,0.00854823292203374
168.75,47.5916290283203,0.00973812332609521
170,47.5916290283203,0.0113840386815894
171.25,47.5916290283203,0.0135589197829915
172.5,47.5916290283203,0.0163783138064337
173.75,47.5916290283203,0.0197760640572378
175,47.5916290283203,0.0235149910208336
176.25,47.5916290283203,0.0273233818578292
177.5,47.5916290283203,0.0309875312150262
178.75,47.5916290283203,0.0338603109649352
180,47.5916290283203,0.0363111271264285
181.25,47.5916290283203,0.0382501406167463
182.5,47.5916290283203,0.0392154518950564
183.75,47.5916290283203,0.0392110291644621
185,47.5916290283203,0.0384225802132647
186.25,47.5916290283203,0.0367846219590969
187.5,47.5916290283203,0.0347527267100778
188.75,47.5916290283203,0.0329379677733399
190,47.5916290283203,0.0315751011577311
191.25,47.5916290283203,0.0303406968825887
192.5,47.5916290283203,0.0291838328594329
193.75,47.5916290283203,0.0275449755819302
195,47.5916290283203,0.0249599378156623
196.25,47.5916290283203,0.0214114301325659
197.5,47.5916290283203,0.0177887905250273
198.75,47.5916290283203,0.0140818778799829
200,47.5916290283203,0.0104589985137266
201.25,47.5916290283203,0.00676618889656704
202.5,47.5916290283203,0.00281738909651162
203.75,47.5916290283203,-0.00120201981617337
205,47.5916290283203,-0.00481619410022458
206.25,47.5916290283203,-0.00791112959373598
207.5,47.5916290283203,-0.0110310076303826
208.75,47.5916290283203,-0.0147081420209707
210,47.5916290283203,-0.01841996469926
211.25,47.5916290283203,-0.0207539268066858
212.5,47.5916290283203,-0.0218318268211149
213.75,47.5916290283203,-0.0222888594784698
215,47.5916290283203,-0.0220171009445002
216.25,47.5916290283203,-0.021217285677047
217.5,47.5916290283203,-0.0198675106384766
218.75,47.5916290283203,-0.0171598901068868
220,47.5916290283203,-0.0122067516652789
221.25,47.5916290283203,-0.00509409549232878
222.5,47.5916290283203,0.00307643867723296
223.75,47.5916290283203,0.0117328206747049
225,47.5916290283203,0.0198852755825434
226.25,47.5916290283203,0.0271732869241006
227.5,47.5916290283203,0.0320578826192945
228.75,47.5916290283203,0.0342955795259738
230,47.5916290283203,0.03475161066074
231.25,47.5916290283203,0.0336688467576549
232.5,47.5916290283203,0.0307884327867515
233.75,47.5916290283203,0.0276302336829903
235,47.5916290283203,0.0254802806440058
236.25,47.5916290283203,0.0238413117313075
160,48.5340270996094,0.0106626117444672
161.25,48.5340270996094,0.00921199662770472
162.5,48.5340270996094,0.00817567583788228
163.75,48.5340270996094,0.00801002553026091
165,48.5340270996094,0.00832915625947897
166.25,48.5340270996094,0.00872008726608851
167.5,48.5340270996094,0.00938750012125156
168.75,48.5340270996094,0.0100520691380208
170,48.5340270996094,0.0108825466707989
171.25,48.5340270996094,0.0124113145469933
172.5,48.5340270996094,0.0149587049361023
173.75,48.5340270996094,0.0183606510296517
175,48.5340270996094,0.0219697567756836
176.25,48.5340270996094,0.0253655259624782
177.5,48.5340270996094,0.0284744025666892
178.75,48.5340270996094,0.031005991549449
180,48.5340270996094,0.0329245948368811
181.25,48.5340270996094,0.0339670193991753
182.5,48.5340270996094,0.0335735527689368
183.75,48.5340270996094,0.0323289154230424
185,48.5340270996094,0.03101253466497
186.25,48.5340270996094,0.0296118783322127
187.5,48.5340270996094,0.0280275273758152
188.75,48.5340270996094,0.0264493394111498
190,48.5340270996094,0.0254450993046541
191.25,48.5340270996094,0.0249208709155412
192.5,48.5340270996094,0.0245775517269161
193.75,48.5340270996094,0.0237853485793454
195,48.5340270996094,0.0220927475355262
196.25,48.5340270996094,0.0191354437182192
197.5,48.5340270996094,0.0157984902011737
198.75,48.5340270996094,0.0124958590218306
200,48.5340270996094,0.00962858794735996
201.25,48.5340270996094,0.00647366451156401
202.5,48.5340270996094,0.00293364720598666
203.75,48.5340270996094,-0.000586082256606961
205,48.5340270996094,-0.00372074856276032
206.25,48.5340270996094,-0.00623530987533879
207.5,48.5340270996094,-0.00839084531402004
208.75,48.5340270996094,-0.0108331743183937
210,48.5340270996094,-0.0138368495119266
211.25,48.5340270996094,-0.0170650585225666
212.5,48.5340270996094,-0.0205522348238578
213.75,48.5340270996094,-0.0226260779098218
215,48.5340270996094,-0.0230150755078933
216.25,48.5340270996094,-0.0218322783201011
217.5,48.5340270996094,-0.0189040255247813
218.75,48.5340270996094,-0.0145396328449275
220,48.5340270996094,-0.00849650622480248
221.25,48.5340270996094,-0.00048188219281817
222.5,48.5340270996094,0.00835841232614259
223.75,48.5340270996094,0.0167753696144094
225,48.5340270996094,0.0240096063631286
226.25,48.5340270996094,0.029793684392839
227.5,48.5340270996094,0.0330520016584477
228.75,48.5340270996094,0.0339234613826566
230,48.5340270996094,0.0327488584428057
231.25,48.5340270996094,0.0294585941384544
232.5,48.5340270996094,0.0252086454693455
233.75,48.5340270996094,0.0226919366167742
235,48.5340270996094,0.0221290502231974
236.25,48.5340270996094,0.0218062268223082
160,49.4764404296875,0.00922389069157259
161.25,49.4764404296875,0.00925988140393451
162.5,49.4764404296875,0.00894728804004027
163.75,49.4764404296875,0.00904374467873028
165,49.4764404296875,0.00970319299669837
166.25,49.4764404296875,0.0101306527181699
167.5,49.4764404296875,0.0102004230398363
168.75,49.4764404296875,0.0101731117543729
170,49.4764404296875,0.0101281033291199
171.25,49.4764404296875,0.0110363486604212
172.5,49.4764404296875,0.0133559772297654
173.75,49.4764404296875,0.016721243702059
175,49.4764404296875,0.0201272989074814
176.25,49.4764404296875,0.0229387008297148
177.5,49.4764404296875,0.0253369245390928
178.75,49.4764404296875,0.0273960075287491
180,49.4764404296875,0.0286784609889831
181.25,49.4764404296875,0.028846229490362
182.5,49.4764404296875,0.0276091427385688
183.75,49.4764404296875,0.0251722547953686
185,49.4764404296875,0.0226211759135529
186.25,49.4764404296875,0.0206374990694594
187.5,49.4764404296875,0.0188222803425353
188.75,49.4764404296875,0.0172926255157744
190,49.4764404296875,0.016245206581047
191.25,49.4764404296875,0.0157192687036296
192.5,49.4764404296875,0.0157666628238934
193.75,49.4764404296875,0.0152729994514247
195,49.4764404296875,0.013906727680114
196.25,49.4764404296875,0.0116087805251924
197.5,49.4764404296875,0.00904283199478101
198.75,49.4764404296875,0.00695916866647729
200,49.4764404296875,0.00527079565892276
201.25,49.4764404296875,0.0029628743206254
202.5,49.4764404296875,-2.86435377863809e-05
203.75,49.4764404296875,-0.00312083299971899
205,49.4764404296875,-0.00543476201421389
206.25,49.4764404296875,-0.00697205994628239
207.5,49.4764404296875,-0.00844987153685187
208.75,49.4764404296875,-0.0104461204321987
210,49.4764404296875,-0.013483124479278
211.25,49.4764404296875,-0.0173875173562022
212.5,49.4764404296875,-0.0210850466652631
213.75,49.4764404296875,-0.0228375788771312
215,49.4764404296875,-0.0223783126485481
216.25,49.4764404296875,-0.0201342031324827
217.5,49.4764404296875,-0.0158155977559962
218.75,49.4764404296875,-0.0098525616124356
220,49.4764404296875,-0.00280352569291945
221.25,49.4764404296875,0.0049414609556269
222.5,49.4764404296875,0.0132909110578034
223.75,49.4764404296875,0.0208873538508869
225,49.4764404296875,0.0267175502775485
226.25,49.4764404296875,0.0308811525685111
227.5,49.4764404296875,0.032768276502021
228.75,49.4764404296875,0.0331825477495614
230,49.4764404296875,0.0308962277478513
231.25,49.4764404296875,0.0259075748732625
232.5,49.4764404296875,0.0208772857437723
233.75,49.4764404296875,0.0195378327454719
235,49.4764404296875,0.0217737846295071
160,50.4188537597656,0.00919363227477047
161.25,50.4188537597656,0.0102612872964706
162.5,50.4188537597656,0.0106329416236833
163.75,50.4188537597656,0.0112542640948714
165,50.4188537597656,0.0121929699438832
166.25,50.4188537597656,0.0123686231248032
167.5,50.4188537597656,0.0116104103993502
168.75,50.4188537597656,0.0102680678863761
170,50.4188537597656,0.00919799766604516
171.25,50.4188537597656,0.00951367833545749
172.5,50.4188537597656,0.0116671416818827
173.75,50.4188537597656,0.0150537128585921
175,50.4188537597656,0.0184437997481794
176.25,50.4188537597656,0.0210130214771561
177.5,50.4188537597656,0.0230327350538992
178.75,50.4188537597656,0.0246412060818512
180,50.4188537597656,0.0253141258428309
181.25,50.4188537597656,0.0248342568507665
182.5,50.4188537597656,0.0229976326314787
183.75,50.4188537597656,0.0198425317993112
185,50.4188537597656,0.0160245287249984
186.25,50.4188537597656,0.0132220999704159
187.5,50.4188537597656,0.0109166691615145
188.75,50.4188537597656,0.00825169979100868
190,50.4188537597656,0.00542185102904201
191.25,50.4188537597656,0.00293678593160709
192.5,50.4188537597656,0.0015327229802645
193.75,50.4188537597656,0.00156768323057676
195,50.4188537597656,0.00196589663012535
196.25,50.4188537597656,0.00158396401745539
197.5,50.4188537597656,-0.000268762617241622
198.75,50.4188537597656,-0.00214814573798446
200,50.4188537597656,-0.00371905179088052
201.25,50.4188537597656,-0.00571585364626237
202.5,50.4188537597656,-0.00704041006996044
203.75,50.4188537597656,-0.00830829914925786
205,50.4188537597656,-0.0094452288532856
206.25,50.4188537597656,-0.0105788818196578
207.5,50.4188537597656,-0.0120354222194948
208.75,50.4188537597656,-0.0138447530026034
210,50.4188537597656,-0.0160122081803211
211.25,50.4188537597656,-0.0186724080538783
212.5,50.4188537597656,-0.0203742907510467
213.75,50.4188537597656,-0.0198622633942247
215,50.4188537597656,-0.0178046484625099
216.25,50.4188537597656,-0.0149397968637624
217.5,50.4188537597656,-0.0107976327393065
218.75,50.4188537597656,-0.00482801300651322
220,50.4188537597656,0.00218763053515454
221.25,50.4188537597656,0.0097395487089256
222.5,50.4188537597656,0.017299531721352
223.75,50.4188537597656,0.023564712889067
225,50.4188537597656,0.0278982433358454
226.25,50.4188537597656,0.0306304323240918
227.5,50.4188537597656,0.0318524917972586
228.75,50.4188537597656,0.0319055333687397
230,50.4188537597656,0.0299163929251433
231.25,50.4188537597656,0.0273042831128763
232.5,50.4188537597656,0.0207855577673995
233.75,50.4188537597656,0.0179724629639932
160,51.3612518310547,0.009201336735474
161.25,51.3612518310547,0.0115959321215681
162.5,51.3612518310547,0.0129272974889125
163.75,51.3612518310547,0.0136699109596962
165,51.3612518310547,0.0142095328049533
166.25,51.3612518310547,0.0138982725680321
167.5,51.3612518310547,0.012544098764278
168.75,51.3612518310547,0.0104138011493895
170,51.3612518310547,0.00839285498194822
171.25,51.3612518310547,0.0079459756525156
172.5,51.3612518310547,0.0099227629215116
173.75,51.3612518310547,0.0131071440093454
175,51.3612518310547,0.0163047963469199
176.25,51.3612518310547,0.0188236667721447
177.5,51.3612518310547,0.0209917131909809
178.75,51.3612518310547,0.0228936075764633
180,51.3612518310547,0.0241448301615724
181.25,51.3612518310547,0.0241550197771695
182.5,51.3612518310547,0.0227669960405947
183.75,51.3612518310547,0.0194350525004724
185,51.3612518310547,0.0151490160902073
186.25,51.3612518310547,0.0111130073640382
187.5,51.3612518310547,0.00686632494518746
188.75,51.3612518310547,0.00237233264632732
190,51.3612518310547,-0.00203920385456121
191.25,51.3612518310547,-0.0056573656616561
192.5,51.3612518310547,-0.00851298451998749
193.75,51.3612518310547,-0.0107604908720555
195,51.3612518310547,-0.0121134615665716
196.25,51.3612518310547,-0.0132733282625482
197.5,51.3612518310547,-0.0143628697138722
198.75,51.3612518310547,-0.0149543045473464
200,51.3612518310547,-0.0153225894026213
201.25,51.3612518310547,-0.0165179696065766
202.5,51.3612518310547,-0.017042381052497
203.75,51.3612518310547,-0.0167333463147821
205,51.3612518310547,-0.0162079836034197
206.25,51.3612518310547,-0.0160982551074521
207.5,51.3612518310547,-0.0164938300613816
208.75,51.3612518310547,-0.017294897749618
210,51.3612518310547,-0.0177211789046133
211.25,51.3612518310547,-0.0174512396998604
212.5,51.3612518310547,-0.0161746323845233
213.75,51.3612518310547,-0.0138850491765751
215,51.3612518310547,-0.0109523913669243
216.25,51.3612518310547,-0.00794078669936775
217.5,51.3612518310547,-0.00445354535371749
218.75,51.3612518310547,0.000153917958685241
220,51.3612518310547,0.00627061302190833
221.25,51.3612518310547,0.0133524957360644
222.5,51.3612518310547,0.0198226834579529
223.75,51.3612518310547,0.0246423109732918
225,51.3612518310547,0.0278299267470968
226.25,51.3612518310547,0.0295217118636471
227.5,51.3612518310547,0.0296137838489253
228.75,51.3612518310547,0.028545336831055
230,51.3612518310547,0.0269613329525424
231.25,51.3612518310547,0.0245079739275906
232.5,51.3612518310547,0.0213772634961223
160,52.3036651611328,0.00837741075550096
161.25,52.3036651611328,0.0115298173163806
162.5,52.3036651611328,0.0146960704945938
163.75,52.3036651611328,0.0158984237389201
165,52.3036651611328,0.0158551954363644
166.25,52.3036651611328,0.0148186126668922
167.5,52.3036651611328,0.012968387327075
168.75,52.3036651611328,0.0102222199550929
170,52.3036651611328,0.00774685566865098
171.25,52.3036651611328,0.00700269479080026
172.5,52.3036651611328,0.00925344002494549
173.75,52.3036651611328,0.0129906607255921
175,52.3036651611328,0.0162062188844672
176.25,52.3036651611328,0.0186129446825705
177.5,52.3036651611328,0.0204887197257774
178.75,52.3036651611328,0.0223621427563466
180,52.3036651611328,0.0241893435933258
181.25,52.3036651611328,0.0251352792113222
182.5,52.3036651611328,0.0247907419630343
183.75,52.3036651611328,0.022509231875652
185,52.3036651611328,0.0193711307593571
186.25,52.3036651611328,0.0158941293250495
187.5,52.3036651611328,0.0120701239761047
188.75,52.3036651611328,0.00718430093503051
190,52.3036651611328,0.000289692836026301
191.25,52.3036651611328,-0.00543086652778464
192.5,52.3036651611328,-0.0112452982081064
193.75,52.3036651611328,-0.0163747231541679
195,52.3036651611328,-0.0200386996410992
196.25,52.3036651611328,-0.0223115853595276
197.5,52.3036651611328,-0.0238548193898627
198.75,52.3036651611328,-0.0243918069609974
200,52.3036651611328,-0.0243784664648487
201.25,52.3036651611328,-0.0240420060584186
202.5,52.3036651611328,-0.0232475034174048
203.75,52.3036651611328,-0.0218170849217283
205,52.3036651611328,-0.0200974078038676
206.25,52.3036651611328,-0.0191278275853686
207.5,52.3036651611328,-0.0183690022859296
208.75,52.3036651611328,-0.0173227643429095
210,52.3036651611328,-0.0156943359637071
211.25,52.3036651611328,-0.0130296091826971
212.5,52.3036651611328,-0.00961525821250783
213.75,52.3036651611328,-0.00589590670360546
215,52.3036651611328,-0.00325061088921675
216.25,52.3036651611328,-0.00138806592392649
217.5,52.3036651611328,0.000841672257445253
218.75,52.3036651611328,0.00423979371024453
220,52.3036651611328,0.00914772364036903
221.25,52.3036651611328,0.0151264094193197
222.5,52.3036651611328,0.0204828060311036
223.75,52.3036651611328,0.023943907367151
225,52.3036651611328,0.0260548686021159
226.25,52.3036651611328,0.0262914155520517
227.5,52.3036651611328,0.025045711799894
228.75,52.3036651611328,0.0239477017556355
230,52.3036651611328,0.0216615847591704
231.25,52.3036651611328,0.0190670713234688
232.5,52.3036651611328,0.0187238422829572
160,53.2460784912109,0.00736134653141601
161.25,53.2460784912109,0.00998251192114972
162.5,53.2460784912109,0.0138361499245905
163.75,53.2460784912109,0.0170838561795332
165,53.2460784912109,0.0174130100954245
166.25,53.2460784912109,0.0157433399972235
167.5,53.2460784912109,0.0133904419838552
168.75,53.2460784912109,0.0109814544360588
170,53.2460784912109,0.00923666676259404
171.25,53.2460784912109,0.00890004448931767
172.5,53.2460784912109,0.0111103849794393
173.75,53.2460784912109,0.0150368380428993
175,53.2460784912109,0.0184207029820425
176.25,53.2460784912109,0.0205470697044139
177.5,53.2460784912109,0.0216594294734948
178.75,53.2460784912109,0.0234646827429851
180,53.2460784912109,0.025730032330768
181.25,53.2460784912109,0.0273190492338508
182.5,53.2460784912109,0.0277527473806833
183.75,53.2460784912109,0.0266039367392059
185,53.2460784912109,0.024425875285835
186.25,53.2460784912109,0.021899635062204
187.5,53.2460784912109,0.0189614771112356
188.75,53.2460784912109,0.01431745602379
190,53.2460784912109,0.00764653702531662
191.25,53.2460784912109,0.00131703237207562
192.5,53.2460784912109,-0.00572699490958616
193.75,53.2460784912109,-0.0126186725262171
195,53.2460784912109,-0.0189390852301782
196.25,53.2460784912109,-0.0216022391728562
197.5,53.2460784912109,-0.0214505857659074
198.75,53.2460784912109,-0.0197769614950225
200,53.2460784912109,-0.0181561455433956
201.25,53.2460784912109,-0.0167138117385669
202.5,53.2460784912109,-0.0153613023871582
203.75,53.2460784912109,-0.0145854284059476
205,53.2460784912109,-0.0139314114149749
206.25,53.2460784912109,-0.0136041448325495
207.5,53.2460784912109,-0.013245145047807
208.75,53.2460784912109,-0.0122144828506702
210,53.2460784912109,-0.00987117865815156
211.25,53.2460784912109,-0.00701152985660739
212.5,53.2460784912109,-0.00383193509035441
213.75,53.2460784912109,-0.000476268028028952
215,53.2460784912109,0.00190958604220853
216.25,53.2460784912109,0.00323589597788137
217.5,53.2460784912109,0.00418030627092763
218.75,53.2460784912109,0.00635754877941635
220,53.2460784912109,0.010257972369042
221.25,53.2460784912109,0.0150751758328293
222.5,53.2460784912109,0.0193380096739867
223.75,53.2460784912109,0.0219105232944078
225,53.2460784912109,0.0225591456767026
226.25,53.2460784912109,0.0205125509629697
227.5,53.2460784912109,0.0176530154793144
228.75,53.2460784912109,0.0159002909989469
230,53.2460784912109,0.0154028934668936
231.25,53.2460784912109,0.0157425240588785
160,54.1884765625,0.00769047362349692
161.25,54.1884765625,0.00913693519005185
162.5,54.1884765625,0.0121504200129946
163.75,54.1884765625,0.0148563073790255
165,54.1884765625,0.0168259474186034
166.25,54.1884765625,0.0165440442500498
167.5,54.1884765625,0.0152174649441199
168.75,54.1884765625,0.0141996638296066
170,54.1884765625,0.0138233365187933
171.25,54.1884765625,0.0142568660845632
172.5,54.1884765625,0.0157843040924327
173.75,54.1884765625,0.0185390554058251
175,54.1884765625,0.0213532457458158
176.25,54.1884765625,0.0232123459610969
177.5,54.1884765625,0.0240101063721234
178.75,54.1884765625,0.0256979110528417
180,54.1884765625,0.0279108517371743
181.25,54.1884765625,0.0295263274100621
182.5,54.1884765625,0.0297487521802659
183.75,54.1884765625,0.0287069139221069
185,54.1884765625,0.0269455340277509
186.25,54.1884765625,0.0247176033521148
187.5,54.1884765625,0.0219993228215756
188.75,54.1884765625,0.0180969999853609
190,54.1884765625,0.0125745924052515
191.25,54.1884765625,0.00632799233683103
192.5,54.1884765625,-8.86117058087743e-05
193.75,54.1884765625,-0.00602999179532078
195,54.1884765625,-0.0129499878147007
196.25,54.1884765625,-0.0167779723163536
197.5,54.1884765625,-0.0177231872629064
198.75,54.1884765625,-0.0140466675493059
200,54.1884765625,-0.00996934529147925
201.25,54.1884765625,-0.00729541622647567
202.5,54.1884765625,-0.00610275468117685
203.75,54.1884765625,-0.00586966525494917
205,54.1884765625,-0.00524167440125415
206.25,54.1884765625,-0.00496966136511035
207.5,54.1884765625,-0.00589289365508717
208.75,54.1884765625,-0.00627520921372783
210,54.1884765625,-0.00501456352888787
211.25,54.1884765625,-0.00255660872921737
212.5,54.1884765625,0.000177886201237861
213.75,54.1884765625,0.0024872412477154
215,54.1884765625,0.00413621897068537
216.25,54.1884765625,0.00490927341846091
217.5,54.1884765625,0.00535066295901001
218.75,54.1884765625,0.00675343683121844
220,54.1884765625,0.00976408314404161
221.25,54.1884765625,0.0133924216350954
222.5,54.1884765625,0.0163237650710275
223.75,54.1884765625,0.0174409913009403
225,54.1884765625,0.0163323124215001
226.25,54.1884765625,0.0128133143076017
227.5,54.1884765625,0.00757564544609011
228.75,54.1884765625,0.00589416388711946
230,54.1884765625,0.00476715190007411
161.25,55.1308898925781,0.0104690726360653
162.5,55.1308898925781,0.011011406282054
163.75,55.1308898925781,0.0127908116990878
165,55.1308898925781,0.015112675832677
166.25,55.1308898925781,0.016904933219015
167.5,55.1308898925781,0.0177521385868816
168.75,55.1308898925781,0.0182753156178709
170,55.1308898925781,0.0193073304908589
171.25,55.1308898925781,0.0205935876754997
172.5,55.1308898925781,0.0219339819851969
173.75,55.1308898925781,0.0235395222998646
175,55.1308898925781,0.0249871061538173
176.25,55.1308898925781,0.0257469995426169
177.5,55.1308898925781,0.0260798381663325
178.75,55.1308898925781,0.0274426749488769
180,55.1308898925781,0.0293687079424303
181.25,55.1308898925781,0.0306079514976086
182.5,55.1308898925781,0.0301451447530761
183.75,55.1308898925781,0.0285581104043343
185,55.1308898925781,0.0266262623887543
186.25,55.1308898925781,0.0246508752141698
187.5,55.1308898925781,0.0221404011333407
188.75,55.1308898925781,0.0188429026447722
190,55.1308898925781,0.0143993991004102
191.25,55.1308898925781,0.00908825484385996
192.5,55.1308898925781,0.00354300788602775
193.75,55.1308898925781,-0.00165208695422374
195,55.1308898925781,-0.00718476831087503
196.25,55.1308898925781,-0.0109075326541906
197.5,55.1308898925781,-0.0148656158032346
198.75,55.1308898925781,-0.0129217350885526
200,55.1308898925781,-0.0080111598654175
201.25,55.1308898925781,-0.00244144423255223
202.5,55.1308898925781,0.0007346657532034
203.75,55.1308898925781,0.000318165514646989
205,55.1308898925781,-9.335495881427e-05
206.25,55.1308898925781,0.000582451934893806
207.5,55.1308898925781,0.000561060669184745
208.75,55.1308898925781,-7.06872483574213e-06
210,55.1308898925781,-0.000728472421287964
211.25,55.1308898925781,-3.76443034911966e-05
212.5,55.1308898925781,0.00185418657394251
213.75,55.1308898925781,0.00352322368184751
215,55.1308898925781,0.00445833267694523
216.25,55.1308898925781,0.00460765735089611
217.5,55.1308898925781,0.00461142683725322
218.75,55.1308898925781,0.00547761835609116
220,55.1308898925781,0.00794381587858056
221.25,55.1308898925781,0.0106152179230938
222.5,55.1308898925781,0.0119978991068505
223.75,55.1308898925781,0.0111031487431008
225,55.1308898925781,0.00771956831688168
226.25,55.1308898925781,0.00330628340741877
227.5,55.1308898925781,-0.00108931536558806
228.75,55.1308898925781,-6.19322067435081e-05
230,55.1308898925781,0.00476713196881804
161.25,56.0733032226562,0.0100812261986321
162.5,56.0733032226562,0.010920880910912
163.75,56.0733032226562,0.0121180703767407
165,56.0733032226562,0.0149632651130865
166.25,56.0733032226562,0.0179041584710402
167.5,56.0733032226562,0.0205907356421297
168.75,56.0733032226562,0.0231460679388166
170,56.0733032226562,0.0249942555119953
171.25,56.0733032226562,0.0257560286282644
172.5,56.0733032226562,0.0257074712729317
173.75,56.0733032226562,0.0255535031302049
175,56.0733032226562,0.0255517441219293
176.25,56.0733032226562,0.0256215690004611
177.5,56.0733032226562,0.0261420217412446
178.75,56.0733032226562,0.0276134429302887
180,56.0733032226562,0.0292612084687675
181.25,56.0733032226562,0.0300176219592555
182.5,56.0733032226562,0.0289555184759937
183.75,56.0733032226562,0.0271309258550452
185,56.0733032226562,0.025171486574619
186.25,56.0733032226562,0.0232073872234029
187.5,56.0733032226562,0.0207060052450279
188.75,56.0733032226562,0.0179396217403139
190,56.0733032226562,0.0146473629312859
191.25,56.0733032226562,0.0104139182235181
192.5,56.0733032226562,0.00581707671644806
193.75,56.0733032226562,0.0010840310070539
195,56.0733032226562,-0.00404936611033556
196.25,56.0733032226562,-0.00686867623398805
197.5,56.0733032226562,-0.00633889698971856
198.75,56.0733032226562,-0.00488695624676234
200,56.0733032226562,-0.00647234095387416
201.25,56.0733032226562,0.00189409622103266
202.5,56.0733032226562,0.00604664688308489
203.75,56.0733032226562,0.00694895035851301
205,56.0733032226562,0.00550832728229557
206.25,56.0733032226562,0.00467513985317384
207.5,56.0733032226562,0.00400029137637106
208.75,56.0733032226562,0.00318690808966311
210,56.0733032226562,0.00184065249381409
211.25,56.0733032226562,0.00127340816800162
212.5,56.0733032226562,0.0019190834152524
213.75,56.0733032226562,0.00285552100096073
215,56.0733032226562,0.00321660509635404
216.25,56.0733032226562,0.00297843944249946
217.5,56.0733032226562,0.00293177986543416
218.75,56.0733032226562,0.00371116292541583
220,56.0733032226562,0.00522027454333373
221.25,56.0733032226562,0.00619393548608698
222.5,56.0733032226562,0.00561575916405632
223.75,56.0733032226562,0.00355271855531975
225,56.0733032226562,0.000144689379944035
226.25,56.0733032226562,-0.00280763091862995
227.5,56.0733032226562,-0.00102565888431536
162.5,57.0157012939453,0.0109583689890228
163.75,57.0157012939453,0.0115522607352175
165,57.0157012939453,0.0148091225979427
166.25,57.0157012939453,0.018713027202574
167.5,57.0157012939453,0.022026356379124
168.75,57.0157012939453,0.0245814156121407
170,57.0157012939453,0.0257629000679564
171.25,57.0157012939453,0.0254037734847998
172.5,57.0157012939453,0.0240521173624096
173.75,57.0157012939453,0.0225478160467606
175,57.0157012939453,0.0218306609210873
176.25,57.0157012939453,0.0223360112100833
177.5,57.0157012939453,0.0238008353702313
178.75,57.0157012939453,0.0256578108049821
180,57.0157012939453,0.0273131606490756
181.25,57.0157012939453,0.0280984508065944
182.5,57.0157012939453,0.0270442172642727
183.75,57.0157012939453,0.0250407252113144
185,57.0157012939453,0.0228749759482416
186.25,57.0157012939453,0.0208030193994099
187.5,57.0157012939453,0.0181358535532358
188.75,57.0157012939453,0.0152223740854997
190,57.0157012939453,0.010805589066172
191.25,57.0157012939453,0.00775188133739056
192.5,57.0157012939453,0.00431174452918158
193.75,57.0157012939453,-7.71997872074418e-05
195,57.0157012939453,-0.00373062602983967
196.25,57.0157012939453,-0.00553183271017912
197.5,57.0157012939453,-0.00520025022584962
198.75,57.0157012939453,-0.00325724195503369
200,57.0157012939453,-0.000229112785756421
201.25,57.0157012939453,0.0016646320523053
202.5,57.0157012939453,0.00701094570892634
203.75,57.0157012939453,0.0124075395885819
205,57.0157012939453,0.0117682253835641
206.25,57.0157012939453,0.0098104391200393
207.5,57.0157012939453,0.00735535259977616
208.75,57.0157012939453,0.00551493882854765
210,57.0157012939453,0.0022696556780457
211.25,57.0157012939453,-0.000669659223377431
212.5,57.0157012939453,-0.0013121937551366
213.75,57.0157012939453,-0.000283509029750721
215,57.0157012939453,0.000685322399484399
216.25,57.0157012939453,0.000720770315985844
217.5,57.0157012939453,0.000652855156780678
218.75,57.0157012939453,0.000885904016993392
220,57.0157012939453,0.00108770207625325
221.25,57.0157012939453,-7.99048954607653e-05
222.5,57.0157012939453,-0.00298241888383189
223.75,57.0157012939453,-0.00593636615044792
225,57.0157012939453,-0.00562249745590637
226.25,57.0157012939453,-0.00519784790121898
162.5,57.9581146240234,0.00982178361314433
163.75,57.9581146240234,0.00995234890352576
165,57.9581146240234,0.0124587197147807
166.25,57.9581146240234,0.0161011330713288
167.5,57.9581146240234,0.0185224352609937
168.75,57.9581146240234,0.0193039220363823
170,57.9581146240234,0.0184997746199993
171.25,57.9581146240234,0.0173317179950839
172.5,57.9581146240234,0.0162068943184312
173.75,57.9581146240234,0.0155009209832203
175,57.9581146240234,0.0157934962156893
176.25,57.9581146240234,0.0171383074183478
177.5,57.9581146240234,0.0192679401112968
178.75,57.9581146240234,0.0216458179223196
180,57.9581146240234,0.0235234371804582
181.25,57.9581146240234,0.0242088664291502
182.5,57.9581146240234,0.023445937593938
183.75,57.9581146240234,0.0216594764028243
185,57.9581146240234,0.0198982243855631
186.25,57.9581146240234,0.0178564490137491
187.5,57.9581146240234,0.0149048746625934
188.75,57.9581146240234,0.00988174179595197
190,57.9581146240234,0.00357986285092478
191.25,57.9581146240234,0.000189684697514789
192.5,57.9581146240234,-0.00160736542447479
193.75,57.9581146240234,-0.00398574310966806
195,57.9581146240234,-0.00601716883082115
196.25,57.9581146240234,-0.00622658881038494
197.5,57.9581146240234,-0.00468908951591844
198.75,57.9581146240234,-0.00220943985224513
200,57.9581146240234,0.00203430438176247
201.25,57.9581146240234,0.00429560091917863
202.5,57.9581146240234,0.00509853723688909
203.75,57.9581146240234,0.0137491639433609
206.25,57.9581146240234,0.0109253390138579
207.5,57.9581146240234,0.00949857970270768
208.75,57.9581146240234,0.00724073870728514
210,57.9581146240234,0.00271144568763034
211.25,57.9581146240234,-0.00216983520899983
212.5,57.9581146240234,-0.00426501834309387
213.75,57.9581146240234,-0.00372147653136906
215,57.9581146240234,-0.00259043459262014
216.25,57.9581146240234,-0.00213042780238044
217.5,57.9581146240234,-0.00221842950067733
218.75,57.9581146240234,-0.0034431594713597
220,57.9581146240234,-0.00606983482600346
221.25,57.9581146240234,-0.00903813292582185
222.5,57.9581146240234,-0.0114235529959186
223.75,57.9581146240234,-0.0122622021698987
225,57.9581146240234,-0.00908946286697036
160,58.9005279541016,-0.00284033229173955
161.25,58.9005279541016,-0.003691014662823
162.5,58.9005279541016,0.00796553045630687
163.75,58.9005279541016,0.0078657455635165
165,58.9005279541016,0.0086004119661168
166.25,58.9005279541016,0.010892435108012
167.5,58.9005279541016,0.0122717214341587
168.75,58.9005279541016,0.0122514620041735
170,58.9005279541016,0.0110536755142037
171.25,58.9005279541016,0.00943853037596247
172.5,58.9005279541016,0.00830789687092839
173.75,58.9005279541016,0.00784221132482408
175,58.9005279541016,0.00830950959812094
176.25,58.9005279541016,0.0100250948029512
177.5,58.9005279541016,0.0128558874805971
178.75,58.9005279541016,0.0158806530734654
180,58.9005279541016,0.0181285633993298
181.25,58.9005279541016,0.0189765303871953
182.5,58.9005279541016,0.0180410604119147
183.75,58.9005279541016,0.0161846904072279
185,58.9005279541016,0.0141935338709089
186.25,58.9005279541016,0.0123827802984739
187.5,58.9005279541016,0.00882770843244719
188.75,58.9005279541016,0.00307138364319362
190,58.9005279541016,-0.00121565903727589
191.25,58.9005279541016,-0.00303373530865633
192.5,58.9005279541016,-0.00271227395670214
193.75,58.9005279541016,-0.0012835125837504
195,58.9005279541016,-0.000475119507398886
196.25,58.9005279541016,-0.000164315146778657
197.5,58.9005279541016,0.0013511833516976
198.75,58.9005279541016,-2.30898859299345e-05
200,58.9005279541016,0.00572323819738926
201.25,58.9005279541016,0.00662086536631052
202.5,58.9005279541016,0.00775270209658705
206.25,58.9005279541016,0.0105608273317655
207.5,58.9005279541016,0.0102018033048687
208.75,58.9005279541016,0.00771930736517587
210,58.9005279541016,0.0029983329382576
211.25,58.9005279541016,-0.00128731803818695
212.5,58.9005279541016,-0.00395028526368558
213.75,58.9005279541016,-0.00540350224459279
215,58.9005279541016,-0.005206392845191
216.25,58.9005279541016,-0.00540978421258123
217.5,58.9005279541016,-0.00679024926984777
218.75,58.9005279541016,-0.0088967835402476
220,58.9005279541016,-0.0122115912770477
221.25,58.9005279541016,-0.0147792073517802
222.5,58.9005279541016,-0.0145715915651227
160,59.8429260253906,-0.0040364091460167
161.25,59.8429260253906,-0.00370795327572477
162.5,59.8429260253906,-0.00335687643552067
163.75,59.8429260253906,0.00732198678503006
165,59.8429260253906,0.0062347844911678
166.25,59.8429260253906,0.00689003852893547
167.5,59.8429260253906,0.00631096633934627
168.75,59.8429260253906,0.00614972338109045
170,59.8429260253906,0.00796690187509802
171.25,59.8429260253906,0.00700246676996935
172.5,59.8429260253906,0.00486823614775336
173.75,59.8429260253906,0.00285070335606944
175,59.8429260253906,0.00259351170895411
176.25,59.8429260253906,0.00394679795272881
177.5,59.8429260253906,0.00602868887188222
178.75,59.8429260253906,0.0081153369189399
180,59.8429260253906,0.00945144416508541
181.25,59.8429260253906,0.0101127055919609
182.5,59.8429260253906,0.00990774161803609
183.75,59.8429260253906,0.00839787584725844
185,59.8429260253906,0.00608203160195613
186.25,59.8429260253906,0.00374485850295205
187.5,59.8429260253906,0.00155957936459882
188.75,59.8429260253906,-0.000409826171157067
190,59.8429260253906,0.00015976000583024
191.25,59.8429260253906,0.00286940794658711
192.5,59.8429260253906,0.0057093450206342
193.75,59.8429260253906,0.00912536799414008
195,59.8429260253906,0.0103083520389956
196.25,59.8429260253906,0.0091709212366686
197.5,59.8429260253906,0.00867217428139549
198.75,59.8429260253906,0.00842492418314444
206.25,59.8429260253906,0.0108467362691265
207.5,59.8429260253906,0.0106610764389835
208.75,59.8429260253906,0.00696772709764751
210,59.8429260253906,0.00464717443579761
211.25,59.8429260253906,0.000817500697335073
212.5,59.8429260253906,0.00115399533152092
213.75,59.8429260253906,-0.00371500740497719
215,59.8429260253906,-0.0062817756006584
216.25,59.8429260253906,-0.00659316996157676
217.5,59.8429260253906,-0.00781338556882216
218.75,59.8429260253906,-0.0103670387078167
220,59.8429260253906,-0.0134673117680398
221.25,59.8429260253906,-0.0150014621373721
160,60.7853393554688,-0.000258255573179072
161.25,60.7853393554688,0.000254469718982226
162.5,60.7853393554688,0.000771672321338017
167.5,60.7853393554688,0.00253511569942996
168.75,60.7853393554688,0.00227509911451562
170,60.7853393554688,0.00224602687875709
171.25,60.7853393554688,0.00724810355046652
172.5,60.7853393554688,0.00486711705106917
173.75,60.7853393554688,0.00218338355447147
175,60.7853393554688,-0.000830403277874409
176.25,60.7853393554688,-0.00253119402885148
177.5,60.7853393554688,-0.00246571257740587
178.75,60.7853393554688,-0.00139858504900003
180,60.7853393554688,0.000167410595721478
181.25,60.7853393554688,0.00125449895785184
182.5,60.7853393554688,0.00109323138417023
183.75,60.7853393554688,0.000350098210479137
185,60.7853393554688,-0.00143193959392678
186.25,60.7853393554688,-0.00126349964290894
187.5,60.7853393554688,0.00191023155505408
188.75,60.7853393554688,0.00467806125632871
190,60.7853393554688,0.0112044175653836
191.25,60.7853393554688,0.0198221219721392
192.5,60.7853393554688,0.0237777942999063
193.75,60.7853393554688,0.02668568222056
195,60.7853393554688,0.0281884806858195
212.5,60.7853393554688,0.00516021836424515
213.75,60.7853393554688,-0.000788624772428491
215,60.7853393554688,-0.00571088999037153
216.25,60.7853393554688,-0.00613960260848644
160,61.7277526855469,0.00316369470187575
173.75,61.7277526855469,0.0020772955323918
175,61.7277526855469,-0.00166493554349522
176.25,61.7277526855469,-0.00368698971847764
177.5,61.7277526855469,-0.00443927140248573
178.75,61.7277526855469,-0.00484897044363765
180,61.7277526855469,-0.00563555018478902
181.25,61.7277526855469,-0.00530364069795318
182.5,61.7277526855469,-0.0049392265120326
183.75,61.7277526855469,-0.00474862732560841
185,61.7277526855469,-0.00324954543025912
186.25,61.7277526855469,0.00259958150824031
187.5,61.7277526855469,0.0101390990866533
188.75,61.7277526855469,0.0164977823648537
190,61.7277526855469,0.0238382137852841
191.25,61.7277526855469,0.0305656200889338
192.5,61.7277526855469,0.0338359264618921
193.75,61.7277526855469,0.0352301514318623
195,61.7277526855469,0.0332312796685202
175,62.6701507568359,-0.00294538219859349
176.25,62.6701507568359,-0.00333186121619725
177.5,62.6701507568359,0.00630317705661839
178.75,62.6701507568359,0.00505514977005905
180,62.6701507568359,-5.08077713457607e-05
181.25,62.6701507568359,-0.00387977575595134
182.5,62.6701507568359,-0.00362450006605281
183.75,62.6701507568359,-0.000619555631025107
185,62.6701507568359,0.00510459329350967
186.25,62.6701507568359,0.0105934577036378
187.5,62.6701507568359,0.0146621112133034
188.75,62.6701507568359,0.0183189997777757
190,62.6701507568359,0.0218914212909713
191.25,62.6701507568359,0.0258226838638925
192.5,62.6701507568359,0.0292747414555254
193.75,62.6701507568359,0.0293179163014038
195,62.6701507568359,0.0273722422243209
196.25,62.6701507568359,0.0115580428926232
197.5,62.6701507568359,0.0115580492822042
178.75,63.6125640869141,0.0108606915254596
180,63.6125640869141,0.00907528604421652
181.25,63.6125640869141,0.00535762837351905
182.5,63.6125640869141,0.00483213312266783
183.75,63.6125640869141,0.00536310433448391
185,63.6125640869141,0.0066466790795619
186.25,63.6125640869141,0.00876404630718507
187.5,63.6125640869141,0.0106913140141505
188.75,63.6125640869141,0.012126754823426
190,63.6125640869141,0.0143924265547132
191.25,63.6125640869141,0.0159737872196138
192.5,63.6125640869141,0.0169997494429914
193.75,63.6125640869141,0.0165278458797307
195,63.6125640869141,0.0124006848925415
196.25,63.6125640869141,0.0100885856791918
197.5,63.6125640869141,0.0107520943968382
178.75,64.5549774169922,0.0096331709979436
180,64.5549774169922,0.00841185854511506
181.25,64.5549774169922,0.00357825318264015
182.5,64.5549774169922,0.00253189767515142
183.75,64.5549774169922,0.00202702178426462
185,64.5549774169922,0.00136163612260423
186.25,64.5549774169922,0.00249034705915019
187.5,64.5549774169922,0.00517630838596784
188.75,64.5549774169922,0.00660012830486767
190,64.5549774169922,0.00771351557852004
191.25,64.5549774169922,0.00716657109632984
192.5,64.5549774169922,0.00554349156836679
193.75,64.5549774169922,0.00469682308598072
195,64.5549774169922,0.00447887744731945
196.25,64.5549774169922,0.00694278742888001
197.5,64.5549774169922,0.00996594775524305
180,65.4973907470703,0.00712641951349274
181.25,65.4973907470703,0.00136679881463558
182.5,65.4973907470703,-0.000368374435982093
183.75,65.4973907470703,-0.00104262363599894
185,65.4973907470703,-0.00112547602786329
188.75,65.4973907470703,-0.00195894407968335
190,65.4973907470703,-0.00134124505587633
191.25,65.4973907470703,0.000130544339514255
192.5,65.4973907470703,0.000522773420610941
193.75,65.4973907470703,-0.00112551986035527
