"lon","lat","beta"
160,20.2617797851562,-0.0125837761671022
161.25,20.2617797851562,-0.0127264303581479
162.5,20.2617797851562,-0.0112404238522061
163.75,20.2617797851562,-0.00817931033581341
165,20.2617797851562,-0.00502406595238473
166.25,20.2617797851562,-0.00254253864687717
167.5,20.2617797851562,2.97846019717212e-05
168.75,20.2617797851562,0.00356671723529974
170,20.2617797851562,0.00700438476774181
171.25,20.2617797851562,0.00952371046181373
172.5,20.2617797851562,0.011113945632616
173.75,20.2617797851562,0.0124812618007044
175,20.2617797851562,0.013834232178248
176.25,20.2617797851562,0.0147360705920386
177.5,20.2617797851562,0.0147873771406953
178.75,20.2617797851562,0.0141746879215742
180,20.2617797851562,0.0132035464985732
181.25,20.2617797851562,0.0127460355489757
182.5,20.2617797851562,0.0113037133670921
183.75,20.2617797851562,0.00910049488031693
185,20.2617797851562,0.00641844736799468
186.25,20.2617797851562,0.0049821781665809
187.5,20.2617797851562,0.00566300600241396
188.75,20.2617797851562,0.00744149833913999
190,20.2617797851562,0.00907999304335038
191.25,20.2617797851562,0.00930458652825315
192.5,20.2617797851562,0.00802215372961691
193.75,20.2617797851562,0.00596466499949814
195,20.2617797851562,0.00439905090202458
196.25,20.2617797851562,0.00232912317989714
197.5,20.2617797851562,0.000586311327466497
198.75,20.2617797851562,7.88272812558092e-05
200,20.2617797851562,0.000217326336059204
201.25,20.2617797851562,0.000530225262823818
202.5,20.2617797851562,0.000777940087363345
203.75,20.2617797851562,0.00218719265834035
205,20.2617797851562,0.0045681382653028
206.25,20.2617797851562,0.00807784971796815
207.5,20.2617797851562,0.00914053848824698
208.75,20.2617797851562,0.00835684591851888
210,20.2617797851562,0.00695639338113541
211.25,20.2617797851562,0.00530689819096129
212.5,20.2617797851562,0.00472396635940308
213.75,20.2617797851562,0.00537802170286626
215,20.2617797851562,0.00609073405749708
216.25,20.2617797851562,0.00753370477043326
217.5,20.2617797851562,0.00934102492254655
218.75,20.2617797851562,0.0110783963188559
220,20.2617797851562,0.01317307310284
221.25,20.2617797851562,0.015713157051237
222.5,20.2617797851562,0.0186906748377577
223.75,20.2617797851562,0.0217758451782512
225,20.2617797851562,0.024611457261649
226.25,20.2617797851562,0.0269665185923007
227.5,20.2617797851562,0.0291576566785495
228.75,20.2617797851562,0.030918607053156
230,20.2617797851562,0.0319607367650522
231.25,20.2617797851562,0.0330337498146193
232.5,20.2617797851562,0.0352021754831435
233.75,20.2617797851562,0.0379607184879567
235,20.2617797851562,0.0407153778319089
236.25,20.2617797851562,0.0429430548666701
237.5,20.2617797851562,0.0454707334574026
238.75,20.2617797851562,0.0465293906794897
240,20.2617797851562,0.045053727393131
241.25,20.2617797851562,0.0421716164893833
242.5,20.2617797851562,0.0407455183441118
243.75,20.2617797851562,0.0401705567837313
245,20.2617797851562,0.0369250417389358
246.25,20.2617797851562,0.0332915722001823
247.5,20.2617797851562,0.0303186257458211
248.75,20.2617797851562,0.0271542217869688
250,20.2617797851562,0.0217259772348374
160,21.2041854858398,-0.000383027876196701
161.25,21.2041854858398,-0.00268847287539315
162.5,21.2041854858398,-0.00379193688120163
163.75,21.2041854858398,-0.00345377468900105
165,21.2041854858398,-0.00215037530256218
166.25,21.2041854858398,-0.000320239168670797
167.5,21.2041854858398,0.00185725381276995
168.75,21.2041854858398,0.00488395753252619
170,21.2041854858398,0.00766659400150909
171.25,21.2041854858398,0.0102866233997639
172.5,21.2041854858398,0.0118855432287581
173.75,21.2041854858398,0.0130419050101808
175,21.2041854858398,0.0141095247160398
176.25,21.2041854858398,0.0146409180876654
177.5,21.2041854858398,0.0141964943684083
178.75,21.2041854858398,0.0126730412400514
180,21.2041854858398,0.0107736124441691
181.25,21.2041854858398,0.00938802161066488
182.5,21.2041854858398,0.00795836154251739
183.75,21.2041854858398,0.00638752742702174
185,21.2041854858398,0.00481931898767427
186.25,21.2041854858398,0.00439802454231454
187.5,21.2041854858398,0.00606129792303304
188.75,21.2041854858398,0.00913312605608791
190,21.2041854858398,0.0122866740675882
191.25,21.2041854858398,0.0138823864256342
192.5,21.2041854858398,0.0134155993345864
193.75,21.2041854858398,0.0121996671648897
195,21.2041854858398,0.0105237821230514
196.25,21.2041854858398,0.00810674747972156
197.5,21.2041854858398,0.00602307269246797
198.75,21.2041854858398,0.00502777266086703
200,21.2041854858398,0.00412370780795616
201.25,21.2041854858398,0.00336239688882694
202.5,21.2041854858398,0.0028612517676844
203.75,21.2041854858398,0.00339240794999866
205,21.2041854858398,0.00493318651879329
206.25,21.2041854858398,0.00721926700546182
207.5,21.2041854858398,0.00829752535681436
208.75,21.2041854858398,0.00776028330581467
210,21.2041854858398,0.00584708694528055
211.25,21.2041854858398,0.0032305045080496
212.5,21.2041854858398,0.00154815787103789
213.75,21.2041854858398,0.0015796724600163
215,21.2041854858398,0.00209164120117677
216.25,21.2041854858398,0.00323070403915595
217.5,21.2041854858398,0.00452112463068694
218.75,21.2041854858398,0.0060529064091505
220,21.2041854858398,0.00805653827925171
221.25,21.2041854858398,0.0105532190668909
222.5,21.2041854858398,0.0137602866822862
223.75,21.2041854858398,0.0174749567507025
225,21.2041854858398,0.0204636740657656
226.25,21.2041854858398,0.0232223387188129
227.5,21.2041854858398,0.0255404803211861
228.75,21.2041854858398,0.0277694699677158
230,21.2041854858398,0.0300340736112963
231.25,21.2041854858398,0.0323420803751317
232.5,21.2041854858398,0.0346002954269414
233.75,21.2041854858398,0.0371286392450295
235,21.2041854858398,0.0402496615972915
236.25,21.2041854858398,0.0429954471036238
237.5,21.2041854858398,0.0450175284792073
238.75,21.2041854858398,0.0452654863183681
240,21.2041854858398,0.0443326993321382
241.25,21.2041854858398,0.0422631424021156
242.5,21.2041854858398,0.0413827785243064
243.75,21.2041854858398,0.0415796527798291
245,21.2041854858398,0.0402778201680172
246.25,21.2041854858398,0.0365965886858053
247.5,21.2041854858398,0.0323836248944903
248.75,21.2041854858398,0.0298733443758146
250,21.2041854858398,0.0262351102224876
160,22.146598815918,0.0131353965429
161.25,22.146598815918,0.00804732541782229
162.5,22.146598815918,0.00353788471238074
163.75,22.146598815918,0.0015277961729696
165,22.146598815918,0.00126356244939862
166.25,22.146598815918,0.00216370750882714
167.5,22.146598815918,0.00399425388068158
168.75,22.146598815918,0.00595951176296917
170,22.146598815918,0.00797004473852971
171.25,22.146598815918,0.00990176788159975
172.5,22.146598815918,0.0108000393082642
173.75,22.146598815918,0.0115318220268429
175,22.146598815918,0.0122379128984695
176.25,22.146598815918,0.0124350604047129
177.5,22.146598815918,0.0119784334000963
178.75,22.146598815918,0.0101973431160057
180,22.146598815918,0.00778907082640985
181.25,22.146598815918,0.0056997186870616
182.5,22.146598815918,0.00353257497819809
183.75,22.146598815918,0.00175428702501069
185,22.146598815918,0.000615774458874364
186.25,22.146598815918,0.000912725231101264
187.5,22.146598815918,0.00321442206703285
188.75,22.146598815918,0.00700398261153608
190,22.146598815918,0.011219313448067
191.25,22.146598815918,0.0148694570946418
192.5,22.146598815918,0.0158124769469115
193.75,22.146598815918,0.0150226157643921
195,22.146598815918,0.0141557763727355
196.25,22.146598815918,0.0128134499692146
197.5,22.146598815918,0.0110877178387876
198.75,22.146598815918,0.00987754045625365
200,22.146598815918,0.00910636166185942
201.25,22.146598815918,0.00790579073079112
202.5,22.146598815918,0.00684202344646321
203.75,22.146598815918,0.00598022838471657
205,22.146598815918,0.00618281415639479
206.25,22.146598815918,0.0070409097548954
207.5,22.146598815918,0.00744275375189858
208.75,22.146598815918,0.00661871846895447
210,22.146598815918,0.00432766912955128
211.25,22.146598815918,0.00143270125682919
212.5,22.146598815918,-0.000831941677345747
213.75,22.146598815918,-0.0012949977569401
215,22.146598815918,-0.00102324525924525
216.25,22.146598815918,-0.000276435835228488
217.5,22.146598815918,0.000587541574688793
218.75,22.146598815918,0.0018352173973835
220,22.146598815918,0.00362666272982692
221.25,22.146598815918,0.00603687104332452
222.5,22.146598815918,0.00925697329218684
223.75,22.146598815918,0.013136492284604
225,22.146598815918,0.0163561511843637
226.25,22.146598815918,0.019056852566401
227.5,22.146598815918,0.0216835236405702
228.75,22.146598815918,0.0242677116543473
230,22.146598815918,0.0275802692774831
231.25,22.146598815918,0.0311106731963397
232.5,22.146598815918,0.0341469963765843
233.75,22.146598815918,0.037049875435585
235,22.146598815918,0.0406463476811785
236.25,22.146598815918,0.0443633892492794
237.5,22.146598815918,0.0459237442439399
238.75,22.146598815918,0.0455496363933566
240,22.146598815918,0.0445233571658535
241.25,22.146598815918,0.0424063301754102
242.5,22.146598815918,0.0410350298924933
243.75,22.146598815918,0.0405465389086652
245,22.146598815918,0.0390147165641177
246.25,22.146598815918,0.0357678503266395
247.5,22.146598815918,0.0309568046188279
248.75,22.146598815918,0.0307476575053295
250,22.146598815918,0.0303246486027981
160,23.0890045166016,0.0223319747428189
161.25,23.0890045166016,0.0194843135484906
162.5,23.0890045166016,0.0133715097509207
163.75,23.0890045166016,0.00836388892941775
165,23.0890045166016,0.00648879492831149
166.25,23.0890045166016,0.00681211424313578
167.5,23.0890045166016,0.00766172595651626
168.75,23.0890045166016,0.00780225271723057
170,23.0890045166016,0.00851965150119609
171.25,23.0890045166016,0.00904881062860993
172.5,23.0890045166016,0.00902882010977385
173.75,23.0890045166016,0.00923833688903372
175,23.0890045166016,0.00928088653870489
176.25,23.0890045166016,0.00906012189247036
177.5,23.0890045166016,0.00894125593284388
178.75,23.0890045166016,0.00774089951502917
180,23.0890045166016,0.00541121088193641
181.25,23.0890045166016,0.00276412801073484
182.5,23.0890045166016,-0.000372832935695922
183.75,23.0890045166016,-0.00335941423611004
185,23.0890045166016,-0.00511668588310048
186.25,23.0890045166016,-0.00526523742637444
187.5,23.0890045166016,-0.00322241827341195
188.75,23.0890045166016,0.000701927588584018
190,23.0890045166016,0.00563121586223764
191.25,23.0890045166016,0.0107266622083229
192.5,23.0890045166016,0.0138342036071438
193.75,23.0890045166016,0.0151060232150444
195,23.0890045166016,0.0159276175321906
196.25,23.0890045166016,0.0157685156423173
197.5,23.0890045166016,0.0147198063419168
198.75,23.0890045166016,0.0142274662887353
200,23.0890045166016,0.0140664587736783
201.25,23.0890045166016,0.0133396043440948
202.5,23.0890045166016,0.0124070853382446
203.75,23.0890045166016,0.0110749563735175
205,23.0890045166016,0.00951586140997034
206.25,23.0890045166016,0.0081690787924778
207.5,23.0890045166016,0.00666769214108502
208.75,23.0890045166016,0.00483902724376782
210,23.0890045166016,0.00238347512395723
211.25,23.0890045166016,-0.00024777573385782
212.5,23.0890045166016,-0.00236135834936967
213.75,23.0890045166016,-0.00335829466885524
215,23.0890045166016,-0.003698388975687
216.25,23.0890045166016,-0.00313984489596928
217.5,23.0890045166016,-0.00233718816477664
218.75,23.0890045166016,-0.00095371868373125
220,23.0890045166016,0.000720257296760101
221.25,23.0890045166016,0.00296228924166234
222.5,23.0890045166016,0.00598707826542978
223.75,23.0890045166016,0.0095020793941722
225,23.0890045166016,0.0127661114087688
226.25,23.0890045166016,0.0155220194644269
227.5,23.0890045166016,0.0182545364620873
228.75,23.0890045166016,0.0214794323416036
230,23.0890045166016,0.0255347346150656
231.25,23.0890045166016,0.0296934592026712
232.5,23.0890045166016,0.0334452315500027
233.75,23.0890045166016,0.0368642968710969
235,23.0890045166016,0.0404810800019717
236.25,23.0890045166016,0.0441765180786699
237.5,23.0890045166016,0.0466716137930095
238.75,23.0890045166016,0.0466913629888256
240,23.0890045166016,0.0452606658571266
241.25,23.0890045166016,0.0425859088428044
242.5,23.0890045166016,0.0402837450456626
243.75,23.0890045166016,0.0386550349636601
245,23.0890045166016,0.0367062503474642
246.25,23.0890045166016,0.0330287914595015
247.5,23.0890045166016,0.0295481272346751
248.75,23.0890045166016,0.0313080769438805
250,23.0890045166016,0.0341522014411946
160,24.0314178466797,0.022465440641101
161.25,24.0314178466797,0.0218000219480998
162.5,24.0314178466797,0.0191786837436897
163.75,24.0314178466797,0.0159221158350058
165,24.0314178466797,0.0134178503528426
166.25,24.0314178466797,0.0122999708131876
167.5,24.0314178466797,0.0118977702460984
168.75,24.0314178466797,0.0108998673416428
170,24.0314178466797,0.0091590705686713
171.25,24.0314178466797,0.0080642707153129
172.5,24.0314178466797,0.00766330582461399
173.75,24.0314178466797,0.00728821541902878
175,24.0314178466797,0.00636139488691303
176.25,24.0314178466797,0.00551540603177595
177.5,24.0314178466797,0.00514336707798665
178.75,24.0314178466797,0.00426108719245973
180,24.0314178466797,0.00257747239455733
181.25,24.0314178466797,0.000385722274322999
182.5,24.0314178466797,-0.00252338487149165
183.75,24.0314178466797,-0.00625297175362514
185,24.0314178466797,-0.00920265931798468
186.25,24.0314178466797,-0.0107030832772862
187.5,24.0314178466797,-0.0102705082101237
188.75,24.0314178466797,-0.00766369281696346
190,24.0314178466797,-0.00337951417952053
191.25,24.0314178466797,0.00205660057845356
192.5,24.0314178466797,0.00676314493443065
193.75,24.0314178466797,0.0102076032841157
195,24.0314178466797,0.0130905033687982
196.25,24.0314178466797,0.0148063604434736
197.5,24.0314178466797,0.0149846005888157
198.75,24.0314178466797,0.0149690594703419
200,24.0314178466797,0.0155089671844568
201.25,24.0314178466797,0.0162538797126878
202.5,24.0314178466797,0.0162099821515659
203.75,24.0314178466797,0.0147723787050489
205,24.0314178466797,0.0130117570575466
206.25,24.0314178466797,0.0103890915409845
207.5,24.0314178466797,0.00745421460472774
208.75,24.0314178466797,0.00446636706103553
210,24.0314178466797,0.00110111835370849
211.25,24.0314178466797,-0.00192195308900272
212.5,24.0314178466797,-0.00396123660909951
213.75,24.0314178466797,-0.0049324263768094
215,24.0314178466797,-0.00508863326618397
216.25,24.0314178466797,-0.00481726693422632
217.5,24.0314178466797,-0.0040432501629148
218.75,24.0314178466797,-0.00258514594644445
220,24.0314178466797,-0.000978248028784689
221.25,24.0314178466797,0.00103010690745931
222.5,24.0314178466797,0.00342874793897849
223.75,24.0314178466797,0.00606445072101844
225,24.0314178466797,0.00902679267973177
226.25,24.0314178466797,0.0121236480122329
227.5,24.0314178466797,0.0154222202232537
228.75,24.0314178466797,0.0191577219648648
230,24.0314178466797,0.0232556810645279
231.25,24.0314178466797,0.027161658684211
232.5,24.0314178466797,0.0307545676573868
233.75,24.0314178466797,0.0340786433816901
235,24.0314178466797,0.0376571871317952
236.25,24.0314178466797,0.0411367720304269
237.5,24.0314178466797,0.0440640151671914
238.75,24.0314178466797,0.0452668504353552
240,24.0314178466797,0.0442355867376503
241.25,24.0314178466797,0.0409426963979802
242.5,24.0314178466797,0.0377970662181576
243.75,24.0314178466797,0.0348849715073025
245,24.0314178466797,0.0315140152357097
246.25,24.0314178466797,0.0280708840426057
247.5,24.0314178466797,0.0267836265838661
248.75,24.0314178466797,0.0325880614946748
250,24.0314178466797,0.0500598105832072
160,24.9738235473633,0.0187471947686283
161.25,24.9738235473633,0.0176553924404404
162.5,24.9738235473633,0.0154516310186642
163.75,24.9738235473633,0.0135821965385473
165,24.9738235473633,0.012453146007968
166.25,24.9738235473633,0.0121949504991484
167.5,24.9738235473633,0.0121926859480732
168.75,24.9738235473633,0.0114974420836082
170,24.9738235473633,0.00923922873668399
171.25,24.9738235473633,0.00765709100301044
172.5,24.9738235473633,0.00673221129004177
173.75,24.9738235473633,0.00551614029506791
175,24.9738235473633,0.00398382642065244
176.25,24.9738235473633,0.00223564831090737
177.5,24.9738235473633,0.000489661833034477
178.75,24.9738235473633,-0.00109072843590601
180,24.9738235473633,-0.00247657763944913
181.25,24.9738235473633,-0.00375687878858934
182.5,24.9738235473633,-0.00508918198152425
183.75,24.9738235473633,-0.00780699885699049
185,24.9738235473633,-0.0111313510055697
186.25,24.9738235473633,-0.0136885564029196
187.5,24.9738235473633,-0.0147706770866572
188.75,24.9738235473633,-0.014018412197917
190,24.9738235473633,-0.0114491026785868
191.25,24.9738235473633,-0.00749997637279216
192.5,24.9738235473633,-0.0030108281787387
193.75,24.9738235473633,0.00129542174513886
195,24.9738235473633,0.00544159085025076
196.25,24.9738235473633,0.00897177328163834
197.5,24.9738235473633,0.0111968977749919
198.75,24.9738235473633,0.0121060815724886
200,24.9738235473633,0.0124463007684625
201.25,24.9738235473633,0.0133159202547712
202.5,24.9738235473633,0.0140471903106881
203.75,24.9738235473633,0.0138356914063802
205,24.9738235473633,0.0126964833733078
206.25,24.9738235473633,0.0108637025055512
207.5,24.9738235473633,0.00739553338058031
208.75,24.9738235473633,0.00341542695571392
210,24.9738235473633,-0.000612716762903467
211.25,24.9738235473633,-0.00429339772946555
212.5,24.9738235473633,-0.00672228749613502
213.75,24.9738235473633,-0.00715889466163305
215,24.9738235473633,-0.00646071220391053
216.25,24.9738235473633,-0.00630278708545072
217.5,24.9738235473633,-0.00591435042782843
218.75,24.9738235473633,-0.0048386429411914
220,24.9738235473633,-0.00323879318747485
221.25,24.9738235473633,-0.00138217704001242
222.5,24.9738235473633,0.000475085974253685
223.75,24.9738235473633,0.00230936453688797
225,24.9738235473633,0.00493537031462572
226.25,24.9738235473633,0.00828472879960813
227.5,24.9738235473633,0.012144899078625
228.75,24.9738235473633,0.0160458080913849
230,24.9738235473633,0.0202718066379197
231.25,24.9738235473633,0.0240466677501848
232.5,24.9738235473633,0.0271506848722578
233.75,24.9738235473633,0.0302710378459993
235,24.9738235473633,0.0339540443904107
236.25,24.9738235473633,0.0372247347861027
237.5,24.9738235473633,0.0403456387800109
238.75,24.9738235473633,0.0418999619776653
240,24.9738235473633,0.0406248438371884
241.25,24.9738235473633,0.0378061967440988
242.5,24.9738235473633,0.0344369529596283
243.75,24.9738235473633,0.0308496717424667
245,24.9738235473633,0.0260212274539672
246.25,24.9738235473633,0.0228634988232666
247.5,24.9738235473633,0.0239482626848797
248.75,24.9738235473633,0.0354200074957012
250,24.9738235473633,0.0513714531778124
160,25.9162292480469,0.0142359652977316
161.25,25.9162292480469,0.0124482969970772
162.5,25.9162292480469,0.0100095771010775
163.75,25.9162292480469,0.00787745748323544
165,25.9162292480469,0.00693775551336306
166.25,25.9162292480469,0.00686611219461945
167.5,25.9162292480469,0.00798537736788155
168.75,25.9162292480469,0.00822243612353708
170,25.9162292480469,0.00838794883200889
171.25,25.9162292480469,0.00818054690134999
172.5,25.9162292480469,0.00731293874051969
173.75,25.9162292480469,0.0053376013260059
175,25.9162292480469,0.00328653030432745
176.25,25.9162292480469,0.000793728563222493
177.5,25.9162292480469,-0.00230142413528422
178.75,25.9162292480469,-0.00494449350342212
180,25.9162292480469,-0.00704072746754817
181.25,25.9162292480469,-0.00836745759545339
182.5,25.9162292480469,-0.00926233296464161
183.75,25.9162292480469,-0.0107355787129431
185,25.9162292480469,-0.013581420458295
186.25,25.9162292480469,-0.0165747625917654
187.5,25.9162292480469,-0.0183429607298996
188.75,25.9162292480469,-0.0189450625953381
190,25.9162292480469,-0.0176631317368217
191.25,25.9162292480469,-0.0155317428184745
192.5,25.9162292480469,-0.0115988021250511
193.75,25.9162292480469,-0.00706191813329576
195,25.9162292480469,-0.00292023299452762
196.25,25.9162292480469,0.00134497643241982
197.5,25.9162292480469,0.00500721521632875
198.75,25.9162292480469,0.00726782422790561
200,25.9162292480469,0.00769351434623285
201.25,25.9162292480469,0.00736850885045348
202.5,25.9162292480469,0.00765632218766801
203.75,25.9162292480469,0.00850825030305385
205,25.9162292480469,0.00921796133610627
206.25,25.9162292480469,0.00874133753463796
207.5,25.9162292480469,0.00615750062400342
208.75,25.9162292480469,0.00227631344567437
210,25.9162292480469,-0.0020524100605202
211.25,25.9162292480469,-0.00628772087992492
212.5,25.9162292480469,-0.0097647054126901
213.75,25.9162292480469,-0.010955137605434
215,25.9162292480469,-0.010482867644243
216.25,25.9162292480469,-0.00948177507898454
217.5,25.9162292480469,-0.00921740187477089
218.75,25.9162292480469,-0.00838768926189945
220,25.9162292480469,-0.00683469641699634
221.25,25.9162292480469,-0.00504953198581009
222.5,25.9162292480469,-0.00339045497827725
223.75,25.9162292480469,-0.00158087066386858
225,25.9162292480469,0.000945523692727422
226.25,25.9162292480469,0.00421421568230994
227.5,25.9162292480469,0.00789483669346143
228.75,25.9162292480469,0.011531863297702
230,25.9162292480469,0.0155951656751718
231.25,25.9162292480469,0.0194334809705556
232.5,25.9162292480469,0.0226671849597883
233.75,25.9162292480469,0.0257253632362425
235,25.9162292480469,0.029196528963606
236.25,25.9162292480469,0.0327075018964266
237.5,25.9162292480469,0.0353708317150347
238.75,25.9162292480469,0.0374929361697151
240,25.9162292480469,0.035933560762139
241.25,25.9162292480469,0.0336578235969269
242.5,25.9162292480469,0.030968946825197
243.75,25.9162292480469,0.0266980702868452
245,25.9162292480469,0.0213864978090264
246.25,25.9162292480469,0.0192071212357941
247.5,25.9162292480469,0.0214964855824269
248.75,25.9162292480469,0.0490737721206157
250,25.9162292480469,0.0509985859352031
160,26.858642578125,0.00961626512232821
161.25,26.858642578125,0.00826365253446619
162.5,26.858642578125,0.00640440403670553
163.75,26.858642578125,0.00407130257283399
165,26.858642578125,0.00207539442569081
166.25,26.858642578125,0.00078218609389415
167.5,26.858642578125,0.000846873195198724
168.75,26.858642578125,0.00180785329520379
170,26.858642578125,0.00385020880207798
171.25,26.858642578125,0.00558224313301955
172.5,26.858642578125,0.00684893092514047
173.75,26.858642578125,0.00602760288990015
175,26.858642578125,0.00393785441692905
176.25,26.858642578125,0.000850168317727763
177.5,26.858642578125,-0.00305053788257206
178.75,26.858642578125,-0.00653951347777062
180,26.858642578125,-0.0100528300147061
181.25,26.858642578125,-0.0127770674383775
182.5,26.858642578125,-0.0139440953576888
183.75,26.858642578125,-0.0144102346950778
185,26.858642578125,-0.0161016946857363
186.25,26.858642578125,-0.0189671149365802
187.5,26.858642578125,-0.021787049053977
188.75,26.858642578125,-0.0238860477227898
190,26.858642578125,-0.0238265974941618
191.25,26.858642578125,-0.0224887870694191
192.5,26.858642578125,-0.019176917441752
193.75,26.858642578125,-0.0152856357991888
195,26.858642578125,-0.0116190336364643
196.25,26.858642578125,-0.00709992968928381
197.5,26.858642578125,-0.00313804566486702
198.75,26.858642578125,-0.0002807566522009
200,26.858642578125,0.000951808452321289
201.25,26.858642578125,0.000408307815653257
202.5,26.858642578125,-0.000406688843289771
203.75,26.858642578125,5.97822987935503e-05
205,26.858642578125,0.00165525705229593
206.25,26.858642578125,0.00342074553331934
207.5,26.858642578125,0.00316554095528538
208.75,26.858642578125,0.000419782276472645
210,26.858642578125,-0.00384395115727901
211.25,26.858642578125,-0.00837375911818815
212.5,26.858642578125,-0.0126004482449372
213.75,26.858642578125,-0.0155910676507636
215,26.858642578125,-0.0162348931363148
216.25,26.858642578125,-0.0154054914512956
217.5,26.858642578125,-0.0146082539316717
218.75,26.858642578125,-0.0139995095150923
220,26.858642578125,-0.012688330587426
221.25,26.858642578125,-0.0107857328335416
222.5,26.858642578125,-0.0086054961390646
223.75,26.858642578125,-0.00601509023204523
225,26.858642578125,-0.00328423261159058
226.25,26.858642578125,-0.000242619699874083
227.5,26.858642578125,0.00299121741709295
228.75,26.858642578125,0.00615534590231348
230,26.858642578125,0.0100532063274695
231.25,26.858642578125,0.0139187286012936
232.5,26.858642578125,0.017317210074326
233.75,26.858642578125,0.020516788116848
235,26.858642578125,0.0237519051756071
236.25,26.858642578125,0.027043611319444
237.5,26.858642578125,0.0299366978316467
238.75,26.858642578125,0.0320502397491583
240,26.858642578125,0.030906349630405
241.25,26.858642578125,0.0291926861518375
242.5,26.858642578125,0.0273436761801736
243.75,26.858642578125,0.0235797212388028
245,26.858642578125,0.019102439442584
246.25,26.858642578125,0.0173358673051185
247.5,26.858642578125,0.0341818465136718
248.75,26.858642578125,0.048965460745436
250,26.858642578125,0.0508652368925291
160,27.8010482788086,0.00336120452579934
161.25,27.8010482788086,0.00125810121063372
162.5,27.8010482788086,-0.00125884310735557
163.75,27.8010482788086,-0.00381543676077868
165,27.8010482788086,-0.00624214551524798
166.25,27.8010482788086,-0.00852298581134995
167.5,27.8010482788086,-0.0102430143995769
168.75,27.8010482788086,-0.0108410648608992
170,27.8010482788086,-0.010442346085861
171.25,27.8010482788086,-0.00870920942766043
172.5,27.8010482788086,-0.0069366079303021
173.75,27.8010482788086,-0.00529971129249847
175,27.8010482788086,-0.00455082429262422
176.25,27.8010482788086,-0.00465635546551206
177.5,27.8010482788086,-0.00626103347376976
178.75,27.8010482788086,-0.0089841703470985
180,27.8010482788086,-0.0124403140637955
181.25,27.8010482788086,-0.0160748755841465
182.5,27.8010482788086,-0.0181746579274098
183.75,27.8010482788086,-0.0190748558199665
185,27.8010482788086,-0.0200972810117944
186.25,27.8010482788086,-0.022610565840424
187.5,27.8010482788086,-0.0262117925608285
188.75,27.8010482788086,-0.0292897793459062
190,27.8010482788086,-0.0307095235927128
191.25,27.8010482788086,-0.0292016110849601
192.5,27.8010482788086,-0.0258275491080565
193.75,27.8010482788086,-0.0212276681684138
195,27.8010482788086,-0.0180460658758388
196.25,27.8010482788086,-0.0146507874247435
197.5,27.8010482788086,-0.011287315232249
198.75,27.8010482788086,-0.00822652828056912
200,27.8010482788086,-0.006776043916804
201.25,27.8010482788086,-0.00778277213564465
202.5,27.8010482788086,-0.00944773261455319
203.75,27.8010482788086,-0.0102227689775087
205,27.8010482788086,-0.00872316936667564
206.25,27.8010482788086,-0.00543862491341421
207.5,27.8010482788086,-0.00366279039391305
208.75,27.8010482788086,-0.00384406976099342
210,27.8010482788086,-0.00688822957034239
211.25,27.8010482788086,-0.0114958443081978
212.5,27.8010482788086,-0.0164162523510678
213.75,27.8010482788086,-0.0207931722662318
215,27.8010482788086,-0.0229176195739564
216.25,27.8010482788086,-0.022725600529074
217.5,27.8010482788086,-0.0214766007083501
218.75,27.8010482788086,-0.0205204632523872
220,27.8010482788086,-0.0194356772511386
221.25,27.8010482788086,-0.0177456067596308
222.5,27.8010482788086,-0.0154351036834265
223.75,27.8010482788086,-0.0125346589106484
225,27.8010482788086,-0.00914223468224391
226.25,27.8010482788086,-0.00576633943064053
227.5,27.8010482788086,-0.00221217030857673
228.75,27.8010482788086,0.00116189897290178
230,27.8010482788086,0.00515988243685388
231.25,27.8010482788086,0.0090588900544298
232.5,27.8010482788086,0.0123447926685076
233.75,27.8010482788086,0.0153762340291062
235,27.8010482788086,0.0183522379306162
236.25,27.8010482788086,0.0216215080520581
237.5,27.8010482788086,0.0247822520460436
238.75,27.8010482788086,0.0269391069469386
240,27.8010482788086,0.0259356701262684
241.25,27.8010482788086,0.0246796652869198
242.5,27.8010482788086,0.0237742088252821
243.75,27.8010482788086,0.0217113522691817
245,27.8010482788086,0.01893779352291
246.25,27.8010482788086,0.0179092298483734
247.5,27.8010482788086,0.0399039842376074
248.75,27.8010482788086,0.0468143192244252
250,27.8010482788086,0.0497712423497644
160,28.7434539794922,-0.00541979930084502
161.25,28.7434539794922,-0.0077239765062372
162.5,28.7434539794922,-0.0106865996544395
163.75,28.7434539794922,-0.0137677155623574
165,28.7434539794922,-0.0166557913002058
166.25,28.7434539794922,-0.0194825048951399
167.5,28.7434539794922,-0.0217994124299275
168.75,28.7434539794922,-0.0240454724951485
170,28.7434539794922,-0.0269227760000474
171.25,28.7434539794922,-0.0277571701097821
172.5,28.7434539794922,-0.0266288727371482
173.75,28.7434539794922,-0.0240144510458214
175,28.7434539794922,-0.0208610648864007
176.25,28.7434539794922,-0.0178588177705542
177.5,28.7434539794922,-0.0162871437388326
178.75,28.7434539794922,-0.0167307420198885
180,28.7434539794922,-0.0179628591547796
181.25,28.7434539794922,-0.020117661351267
182.5,28.7434539794922,-0.0222132373956851
183.75,28.7434539794922,-0.0235783854043571
185,28.7434539794922,-0.0256685872007996
186.25,28.7434539794922,-0.0278656758171327
187.5,28.7434539794922,-0.0314129834988992
188.75,28.7434539794922,-0.035015479873062
190,28.7434539794922,-0.0368730822636795
191.25,28.7434539794922,-0.0362295499670571
192.5,28.7434539794922,-0.0333899209929162
193.75,28.7434539794922,-0.0283461036947924
195,28.7434539794922,-0.0237167097878823
196.25,28.7434539794922,-0.0201824963214433
197.5,28.7434539794922,-0.0171829992881317
198.75,28.7434539794922,-0.0144346315679979
200,28.7434539794922,-0.0129024162650375
201.25,28.7434539794922,-0.0132219195946235
202.5,28.7434539794922,-0.0145290681928261
203.75,28.7434539794922,-0.0151961068147187
205,28.7434539794922,-0.0144104632074717
206.25,28.7434539794922,-0.0123080816042935
207.5,28.7434539794922,-0.00990821610702996
208.75,28.7434539794922,-0.00891600698762805
210,28.7434539794922,-0.0104422858609247
211.25,28.7434539794922,-0.0140465449593201
212.5,28.7434539794922,-0.0192158720370519
213.75,28.7434539794922,-0.0252200186973659
215,28.7434539794922,-0.029729087723274
216.25,28.7434539794922,-0.0309654579219912
217.5,28.7434539794922,-0.029786082002841
218.75,28.7434539794922,-0.0285707522686977
220,28.7434539794922,-0.02699626025012
221.25,28.7434539794922,-0.024964889498553
222.5,28.7434539794922,-0.0224811892027648
223.75,28.7434539794922,-0.0193857094920002
225,28.7434539794922,-0.0156450186772225
226.25,28.7434539794922,-0.0116788343189701
227.5,28.7434539794922,-0.00767344139665394
228.75,28.7434539794922,-0.00329686605425298
230,28.7434539794922,0.00103664539831872
231.25,28.7434539794922,0.00504679979583835
232.5,28.7434539794922,0.00828977090032938
233.75,28.7434539794922,0.0112799574253599
235,28.7434539794922,0.0145322417942691
236.25,28.7434539794922,0.0177149523109547
237.5,28.7434539794922,0.0206404915507619
238.75,28.7434539794922,0.0225916510878395
240,28.7434539794922,0.0227929198510324
241.25,28.7434539794922,0.0226232317120574
242.5,28.7434539794922,0.0217048373830438
243.75,28.7434539794922,0.0192935187616185
245,28.7434539794922,0.0173182669903838
246.25,28.7434539794922,0.0168614646361574
160,29.6858673095703,-0.0162006759066744
161.25,29.6858673095703,-0.0167310097002222
162.5,29.6858673095703,-0.0189290094181196
163.75,29.6858673095703,-0.0215881607953954
165,29.6858673095703,-0.0240742442377728
166.25,29.6858673095703,-0.0272472171103013
167.5,29.6858673095703,-0.0307990483731475
168.75,29.6858673095703,-0.0346520364776775
170,29.6858673095703,-0.0386899547198358
171.25,29.6858673095703,-0.0432452315375754
172.5,29.6858673095703,-0.0447770240174216
173.75,29.6858673095703,-0.0428694555337122
175,29.6858673095703,-0.0388156509909698
176.25,29.6858673095703,-0.034256908345606
177.5,29.6858673095703,-0.0302720579560999
178.75,29.6858673095703,-0.0277879156645012
180,29.6858673095703,-0.0259297273677679
181.25,29.6858673095703,-0.0256935601646844
182.5,29.6858673095703,-0.0268259260707708
183.75,29.6858673095703,-0.0288171306860212
185,29.6858673095703,-0.0308286848831238
186.25,29.6858673095703,-0.0326526998498045
187.5,29.6858673095703,-0.0354316760776089
188.75,29.6858673095703,-0.0386656937641924
190,29.6858673095703,-0.0406978681906827
191.25,29.6858673095703,-0.04065686521353
192.5,29.6858673095703,-0.0389745352141267
193.75,29.6858673095703,-0.0351427387091719
195,29.6858673095703,-0.0306167655700916
196.25,29.6858673095703,-0.0267379629183793
197.5,29.6858673095703,-0.0233434197041023
198.75,29.6858673095703,-0.0208115046640743
200,29.6858673095703,-0.0193209441662071
201.25,29.6858673095703,-0.0184329132284637
202.5,29.6858673095703,-0.0180531665479969
203.75,29.6858673095703,-0.0173520436074174
205,29.6858673095703,-0.0154741439616618
206.25,29.6858673095703,-0.0130413434796089
207.5,29.6858673095703,-0.0102395600192927
208.75,29.6858673095703,-0.00936807271341597
210,29.6858673095703,-0.0112659806074901
211.25,29.6858673095703,-0.0153626006203944
212.5,29.6858673095703,-0.0212690115389311
213.75,29.6858673095703,-0.0289504805695675
215,29.6858673095703,-0.0359167276765898
216.25,29.6858673095703,-0.0393184883072441
217.5,29.6858673095703,-0.0393682477344762
218.75,29.6858673095703,-0.0376607849279956
220,29.6858673095703,-0.0352424222316567
221.25,29.6858673095703,-0.032938675617099
222.5,29.6858673095703,-0.0302220035587441
223.75,29.6858673095703,-0.0265079795722564
225,29.6858673095703,-0.0217432467260283
226.25,29.6858673095703,-0.0167606504354364
227.5,29.6858673095703,-0.0120549604685605
228.75,29.6858673095703,-0.00695695127840931
230,29.6858673095703,-0.00239686845624789
231.25,29.6858673095703,0.00150678746923115
232.5,29.6858673095703,0.00500369868002413
233.75,29.6858673095703,0.00854456613945691
235,29.6858673095703,0.0120152202852192
236.25,29.6858673095703,0.014930749142241
237.5,29.6858673095703,0.0175995978128225
238.75,29.6858673095703,0.0195519790497018
240,29.6858673095703,0.0212300500060395
241.25,29.6858673095703,0.022255801669179
242.5,29.6858673095703,0.0209289185753306
243.75,29.6858673095703,0.0178502316740128
245,29.6858673095703,0.0152175819606745
160,30.6282730102539,-0.026194141840761
161.25,30.6282730102539,-0.0250588389296184
162.5,30.6282730102539,-0.0257165962086814
163.75,30.6282730102539,-0.0272180447504971
165,30.6282730102539,-0.0289199544603267
166.25,30.6282730102539,-0.0320421150774188
167.5,30.6282730102539,-0.0358334936946159
168.75,30.6282730102539,-0.0394889795703133
170,30.6282730102539,-0.0425990815297998
171.25,30.6282730102539,-0.048484576395696
172.5,30.6282730102539,-0.0540040483976653
173.75,30.6282730102539,-0.0565397048065513
175,30.6282730102539,-0.0555659243043568
176.25,30.6282730102539,-0.0526067014642703
177.5,30.6282730102539,-0.0484955447427396
178.75,30.6282730102539,-0.0439433016589555
180,30.6282730102539,-0.0391176225459386
181.25,30.6282730102539,-0.0350197148544677
182.5,30.6282730102539,-0.0340302907732482
183.75,30.6282730102539,-0.0344973109265917
185,30.6282730102539,-0.0353022472677804
186.25,30.6282730102539,-0.0364347107800174
187.5,30.6282730102539,-0.0381439677185515
188.75,30.6282730102539,-0.0397279042677706
190,30.6282730102539,-0.040750594189065
191.25,30.6282730102539,-0.0409146516061545
192.5,30.6282730102539,-0.0397226591067593
193.75,30.6282730102539,-0.0374090953566865
195,30.6282730102539,-0.0346077511921452
196.25,30.6282730102539,-0.0316074738784183
197.5,30.6282730102539,-0.0289774520950399
198.75,30.6282730102539,-0.0270076732880752
200,30.6282730102539,-0.0255272891239507
201.25,30.6282730102539,-0.0238384652491526
202.5,30.6282730102539,-0.0221858205731306
203.75,30.6282730102539,-0.0202527946735027
205,30.6282730102539,-0.0173256716551472
206.25,30.6282730102539,-0.0128215051314884
207.5,30.6282730102539,-0.00863077759381195
208.75,30.6282730102539,-0.00656367672166243
210,30.6282730102539,-0.00735488005335405
211.25,30.6282730102539,-0.0119875645049638
212.5,30.6282730102539,-0.019281118990999
213.75,30.6282730102539,-0.0284681445091432
215,30.6282730102539,-0.0377316630761697
216.25,30.6282730102539,-0.0439856523948559
217.5,30.6282730102539,-0.0466620762771743
218.75,30.6282730102539,-0.0462451581430192
220,30.6282730102539,-0.0436578036535514
221.25,30.6282730102539,-0.040889764238916
222.5,30.6282730102539,-0.0376242347856516
223.75,30.6282730102539,-0.0329095881646771
225,30.6282730102539,-0.0272068377229011
226.25,30.6282730102539,-0.0213529351672541
227.5,30.6282730102539,-0.0160973192359393
228.75,30.6282730102539,-0.0103694768973281
230,30.6282730102539,-0.00535885867431622
231.25,30.6282730102539,-0.00126285347744945
232.5,30.6282730102539,0.00271784899919482
233.75,30.6282730102539,0.00670349948550342
235,30.6282730102539,0.0103444537941102
236.25,30.6282730102539,0.0132937986375675
237.5,30.6282730102539,0.0159178435202378
238.75,30.6282730102539,0.0179671217741681
240,30.6282730102539,0.0202437521033687
241.25,30.6282730102539,0.0219563608321322
242.5,30.6282730102539,0.0203928067683749
243.75,30.6282730102539,0.018560470111807
160,31.5706787109375,-0.0325954732761171
161.25,31.5706787109375,-0.0318078002178208
162.5,31.5706787109375,-0.0315088361114734
163.75,31.5706787109375,-0.0316724047025628
165,31.5706787109375,-0.0325767881971889
166.25,31.5706787109375,-0.0349660852352423
167.5,31.5706787109375,-0.0383887054066732
168.75,31.5706787109375,-0.0416755960731766
170,31.5706787109375,-0.0441089710668324
171.25,31.5706787109375,-0.0493602209445556
172.5,31.5706787109375,-0.0558079522168426
173.75,31.5706787109375,-0.0606824175828756
175,31.5706787109375,-0.0622108648262962
176.25,31.5706787109375,-0.0615942398773365
177.5,31.5706787109375,-0.0595348599922174
178.75,31.5706787109375,-0.0565744618095795
180,31.5706787109375,-0.0518616052341872
181.25,31.5706787109375,-0.0465440273230111
182.5,31.5706787109375,-0.0435268578500795
183.75,31.5706787109375,-0.0415018523954612
185,31.5706787109375,-0.0401906780440524
186.25,31.5706787109375,-0.0397647106333721
187.5,31.5706787109375,-0.040152880314598
188.75,31.5706787109375,-0.0403489312773665
190,31.5706787109375,-0.0395646315802727
191.25,31.5706787109375,-0.0387184177887746
192.5,31.5706787109375,-0.0378107839625733
193.75,31.5706787109375,-0.0365157917430305
195,31.5706787109375,-0.0351807571161504
196.25,31.5706787109375,-0.0337079568623139
197.5,31.5706787109375,-0.0321552903638114
198.75,31.5706787109375,-0.0307771823742519
200,31.5706787109375,-0.0292807318470143
201.25,31.5706787109375,-0.0272816475641536
202.5,31.5706787109375,-0.0252272058144439
203.75,31.5706787109375,-0.0235816469510486
205,31.5706787109375,-0.0208807825109832
206.25,31.5706787109375,-0.0155866749655814
207.5,31.5706787109375,-0.00959156374930278
208.75,31.5706787109375,-0.00524364639970152
210,31.5706787109375,-0.00383798271579911
211.25,31.5706787109375,-0.00702074247538346
212.5,31.5706787109375,-0.0140261470290655
213.75,31.5706787109375,-0.0233169492995452
215,31.5706787109375,-0.0337718275073983
216.25,31.5706787109375,-0.0428482719277253
217.5,31.5706787109375,-0.0485520088843984
218.75,31.5706787109375,-0.0504938873776207
220,31.5706787109375,-0.0491603470024581
221.25,31.5706787109375,-0.0468825199279231
222.5,31.5706787109375,-0.0432984901583467
223.75,31.5706787109375,-0.038026025014665
225,31.5706787109375,-0.0316002966553029
226.25,31.5706787109375,-0.025169554240209
227.5,31.5706787109375,-0.0193488302489826
228.75,31.5706787109375,-0.0135144197338341
230,31.5706787109375,-0.0075250337850638
231.25,31.5706787109375,-0.00284276562467161
232.5,31.5706787109375,0.00126970908542587
233.75,31.5706787109375,0.00530950515294117
235,31.5706787109375,0.00885490224812238
236.25,31.5706787109375,0.011961034235076
237.5,31.5706787109375,0.014571868089553
238.75,31.5706787109375,0.0169811603757913
240,31.5706787109375,0.0195640218572159
241.25,31.5706787109375,0.0213492189034406
242.5,31.5706787109375,0.0202148338490693
243.75,31.5706787109375,0.0179043121802503
160,32.5130920410156,-0.0318692501837416
161.25,32.5130920410156,-0.0320437455532263
162.5,32.5130920410156,-0.0317022485682619
163.75,32.5130920410156,-0.0315428075920297
165,32.5130920410156,-0.0322159464290273
166.25,32.5130920410156,-0.0333351324188059
167.5,32.5130920410156,-0.0356457847274912
168.75,32.5130920410156,-0.0379160235951468
170,32.5130920410156,-0.0399455293959348
171.25,32.5130920410156,-0.044092491668041
172.5,32.5130920410156,-0.0514313467934443
173.75,32.5130920410156,-0.0577689335739191
175,32.5130920410156,-0.0622290679649312
176.25,32.5130920410156,-0.0645713143762164
177.5,32.5130920410156,-0.0647754307816366
178.75,32.5130920410156,-0.0640155078674279
180,32.5130920410156,-0.0606567420309139
181.25,32.5130920410156,-0.0556673488002595
182.5,32.5130920410156,-0.0512446753837724
183.75,32.5130920410156,-0.047837433213325
185,32.5130920410156,-0.0447296743059018
186.25,32.5130920410156,-0.0422868858831029
187.5,32.5130920410156,-0.0413677447711339
188.75,32.5130920410156,-0.0400994841121064
190,32.5130920410156,-0.0378903054437265
191.25,32.5130920410156,-0.0359361748303736
192.5,32.5130920410156,-0.0343463832163033
193.75,32.5130920410156,-0.0332313876931722
195,32.5130920410156,-0.0328275459586347
196.25,32.5130920410156,-0.0329975341502756
197.5,32.5130920410156,-0.0324219194610291
198.75,32.5130920410156,-0.0314682081006249
200,32.5130920410156,-0.030324665182268
201.25,32.5130920410156,-0.028187058047975
202.5,32.5130920410156,-0.0261614630567608
203.75,32.5130920410156,-0.0253354231806122
205,32.5130920410156,-0.0237814653766048
206.25,32.5130920410156,-0.0194764193651894
207.5,32.5130920410156,-0.0127670113118755
208.75,32.5130920410156,-0.00633128454036265
210,32.5130920410156,-0.00251778363452775
211.25,32.5130920410156,-0.00357936348159162
212.5,32.5130920410156,-0.00879581945643927
213.75,32.5130920410156,-0.0165260190689412
215,32.5130920410156,-0.0265673200114196
216.25,32.5130920410156,-0.0371586345844528
217.5,32.5130920410156,-0.0456864660406291
218.75,32.5130920410156,-0.050624675654044
220,32.5130920410156,-0.0516102939523432
221.25,32.5130920410156,-0.0506741223387838
222.5,32.5130920410156,-0.0476148531739609
223.75,32.5130920410156,-0.0423861564483646
225,32.5130920410156,-0.0360391009503001
226.25,32.5130920410156,-0.0292602209655431
227.5,32.5130920410156,-0.0223611441345812
228.75,32.5130920410156,-0.0156083748632361
230,32.5130920410156,-0.00868074823879093
231.25,32.5130920410156,-0.00359360389350516
232.5,32.5130920410156,0.000714266823378613
233.75,32.5130920410156,0.00434847158240235
235,32.5130920410156,0.00759067287495942
236.25,32.5130920410156,0.0110879744237518
237.5,32.5130920410156,0.0139810633791362
238.75,32.5130920410156,0.0170567115632577
240,32.5130920410156,0.0199279733989348
241.25,32.5130920410156,0.0210998705615977
242.5,32.5130920410156,0.0206973442262783
160,33.4554977416992,-0.0271086723974359
161.25,33.4554977416992,-0.0287263101175105
162.5,33.4554977416992,-0.029654321359843
163.75,33.4554977416992,-0.0298818411631216
165,33.4554977416992,-0.0302176795714664
166.25,33.4554977416992,-0.031004127547617
167.5,33.4554977416992,-0.0325466331062446
168.75,33.4554977416992,-0.0347530915674999
170,33.4554977416992,-0.0368519356521747
171.25,33.4554977416992,-0.0404055713318605
172.5,33.4554977416992,-0.0457949247289964
173.75,33.4554977416992,-0.0524773324246842
175,33.4554977416992,-0.0583439407218894
176.25,33.4554977416992,-0.0621363108721357
177.5,33.4554977416992,-0.064427782871037
178.75,33.4554977416992,-0.0653213242803246
180,33.4554977416992,-0.0634026609027599
181.25,33.4554977416992,-0.0593660949708603
182.5,33.4554977416992,-0.0548227890506173
183.75,33.4554977416992,-0.0507276897106258
185,33.4554977416992,-0.0471831689927205
186.25,33.4554977416992,-0.0435204588375406
187.5,33.4554977416992,-0.0400910079773281
188.75,33.4554977416992,-0.0368535393992925
190,33.4554977416992,-0.0334498839556614
191.25,33.4554977416992,-0.0306905028458875
192.5,33.4554977416992,-0.0289243727611487
193.75,33.4554977416992,-0.0281152334811841
195,33.4554977416992,-0.0290539934262418
196.25,33.4554977416992,-0.0303544559710441
197.5,33.4554977416992,-0.0313029889030119
198.75,33.4554977416992,-0.0311962180801863
200,33.4554977416992,-0.0298779175086266
201.25,33.4554977416992,-0.0271853293888811
202.5,33.4554977416992,-0.0252615134823069
203.75,33.4554977416992,-0.0249051808509769
205,33.4554977416992,-0.0245626910313789
206.25,33.4554977416992,-0.022140498747483
207.5,33.4554977416992,-0.0160076404086446
208.75,33.4554977416992,-0.0085484265750041
210,33.4554977416992,-0.00263319868847249
211.25,33.4554977416992,-0.00168560378659068
212.5,33.4554977416992,-0.0050806732970178
213.75,33.4554977416992,-0.0109710729624821
215,33.4554977416992,-0.019040254144548
216.25,33.4554977416992,-0.0286977414092304
217.5,33.4554977416992,-0.037746776089405
218.75,33.4554977416992,-0.0460783376303229
220,33.4554977416992,-0.0501062607856861
221.25,33.4554977416992,-0.0515226305462924
222.5,33.4554977416992,-0.0496074494461218
223.75,33.4554977416992,-0.0455749001459484
225,33.4554977416992,-0.0395813048035124
226.25,33.4554977416992,-0.0324860164829339
227.5,33.4554977416992,-0.0246194972788808
228.75,33.4554977416992,-0.0167887998884289
230,33.4554977416992,-0.00944904596711169
231.25,33.4554977416992,-0.00417800442546879
232.5,33.4554977416992,0.000336992253099224
233.75,33.4554977416992,0.00393164482564731
235,33.4554977416992,0.00715706783043199
236.25,33.4554977416992,0.0109042589400314
237.5,33.4554977416992,0.014276634939466
238.75,33.4554977416992,0.0172144962049134
240,33.4554977416992,0.0198884672958831
241.25,33.4554977416992,0.0200959135197184
242.5,33.4554977416992,0.0202349359863379
160,34.3979034423828,-0.0195205570053366
161.25,34.3979034423828,-0.022011732967098
162.5,34.3979034423828,-0.0244623629934959
163.75,34.3979034423828,-0.0261096648950173
165,34.3979034423828,-0.0277165101109336
166.25,34.3979034423828,-0.0297893058680864
167.5,34.3979034423828,-0.0316903891347381
168.75,34.3979034423828,-0.0342584156066532
170,34.3979034423828,-0.0366902406399066
171.25,34.3979034423828,-0.0392692015108165
172.5,34.3979034423828,-0.042044593358883
173.75,34.3979034423828,-0.0463065347829204
175,34.3979034423828,-0.0514207865990189
176.25,34.3979034423828,-0.0557957174452345
177.5,34.3979034423828,-0.0590272431875094
178.75,34.3979034423828,-0.0607073253231594
180,34.3979034423828,-0.0595189658600064
181.25,34.3979034423828,-0.0559965422325218
182.5,34.3979034423828,-0.0520537452283028
183.75,34.3979034423828,-0.0478634182194176
185,34.3979034423828,-0.0435365837572725
186.25,34.3979034423828,-0.0388572102702851
187.5,34.3979034423828,-0.0335653859161721
188.75,34.3979034423828,-0.0285124304410717
190,34.3979034423828,-0.0238457449932511
191.25,34.3979034423828,-0.0208461216992149
192.5,34.3979034423828,-0.0202701619143132
193.75,34.3979034423828,-0.0217306766767605
195,34.3979034423828,-0.0247249087320411
196.25,34.3979034423828,-0.0281554597084823
197.5,34.3979034423828,-0.030968858074394
198.75,34.3979034423828,-0.0319293554755854
200,34.3979034423828,-0.0307675295014188
201.25,34.3979034423828,-0.0283346026672717
202.5,34.3979034423828,-0.0261376326688574
203.75,34.3979034423828,-0.0249000007867481
205,34.3979034423828,-0.0234399930904499
206.25,34.3979034423828,-0.0211148738366031
207.5,34.3979034423828,-0.0169662013895773
208.75,34.3979034423828,-0.0105557876449182
210,34.3979034423828,-0.00416036628208105
211.25,34.3979034423828,-0.00097319199000294
212.5,34.3979034423828,-0.00200610522526922
213.75,34.3979034423828,-0.00625771269637424
215,34.3979034423828,-0.0127846342984189
216.25,34.3979034423828,-0.0207258744507516
217.5,34.3979034423828,-0.028910236455306
218.75,34.3979034423828,-0.0374401064159541
220,34.3979034423828,-0.0442839664072395
221.25,34.3979034423828,-0.0486852711980379
222.5,34.3979034423828,-0.0491484115401306
223.75,34.3979034423828,-0.04638861819466
225,34.3979034423828,-0.0413975018455858
226.25,34.3979034423828,-0.034305831387366
227.5,34.3979034423828,-0.0262307625163696
228.75,34.3979034423828,-0.0177699932284058
230,34.3979034423828,-0.0101704986528347
231.25,34.3979034423828,-0.00434200740599003
232.5,34.3979034423828,0.000441210835049002
233.75,34.3979034423828,0.00452661373758343
235,34.3979034423828,0.00810767726590424
236.25,34.3979034423828,0.0116954737310896
237.5,34.3979034423828,0.014474526979309
238.75,34.3979034423828,0.0156705899884286
240,34.3979034423828,0.0179309950922261
241.25,34.3979034423828,0.0193790030990455
160,35.3403167724609,-0.0101128618215351
161.25,35.3403167724609,-0.0124772581298325
162.5,35.3403167724609,-0.0156695183536461
163.75,35.3403167724609,-0.0190459098843931
165,35.3403167724609,-0.0226107382655817
166.25,35.3403167724609,-0.0267888611857302
167.5,35.3403167724609,-0.0309711628674969
168.75,35.3403167724609,-0.0350650033801277
170,35.3403167724609,-0.0381004503488907
171.25,35.3403167724609,-0.0400192412126085
172.5,35.3403167724609,-0.0414929787485165
173.75,35.3403167724609,-0.0422927439535933
175,35.3403167724609,-0.0436550575516636
176.25,35.3403167724609,-0.0454623114425492
177.5,35.3403167724609,-0.0478073165446694
178.75,35.3403167724609,-0.0492934872497643
180,35.3403167724609,-0.0490664236997452
181.25,35.3403167724609,-0.0471615811048677
182.5,35.3403167724609,-0.0438424003046624
183.75,35.3403167724609,-0.0387630847810098
185,35.3403167724609,-0.0334366003802336
186.25,35.3403167724609,-0.0273489996086388
187.5,35.3403167724609,-0.0214804947005057
188.75,35.3403167724609,-0.0162692770931889
190,35.3403167724609,-0.0126706191606224
191.25,35.3403167724609,-0.0114415592166429
192.5,35.3403167724609,-0.0129270364450246
193.75,35.3403167724609,-0.016906189812996
195,35.3403167724609,-0.0224200849921836
196.25,35.3403167724609,-0.0279146343636924
197.5,35.3403167724609,-0.0328797145331348
198.75,35.3403167724609,-0.0348114566147331
200,35.3403167724609,-0.0335915608644821
201.25,35.3403167724609,-0.0307350910997337
202.5,35.3403167724609,-0.0275639427298233
203.75,35.3403167724609,-0.0248891975231265
205,35.3403167724609,-0.0222008850015942
206.25,35.3403167724609,-0.0187680830896382
207.5,35.3403167724609,-0.01539301424436
208.75,35.3403167724609,-0.0101939926512792
210,35.3403167724609,-0.00485383142815918
211.25,35.3403167724609,-0.000818593062832262
212.5,35.3403167724609,0.00064042012245462
213.75,35.3403167724609,-0.00160767619987895
215,35.3403167724609,-0.00688018921781493
216.25,35.3403167724609,-0.0134734807366347
217.5,35.3403167724609,-0.020471519824998
218.75,35.3403167724609,-0.0278717221117415
220,35.3403167724609,-0.035521124590695
221.25,35.3403167724609,-0.042176501623312
222.5,35.3403167724609,-0.0452331748708237
223.75,35.3403167724609,-0.0443848516535926
225,35.3403167724609,-0.0404510043621199
226.25,35.3403167724609,-0.0341507994293041
227.5,35.3403167724609,-0.026288931317949
228.75,35.3403167724609,-0.0178095049963198
230,35.3403167724609,-0.0103289295543814
231.25,35.3403167724609,-0.00450494884505323
232.5,35.3403167724609,0.000870314544724211
233.75,35.3403167724609,0.00548340467239864
235,35.3403167724609,0.00956134650479463
236.25,35.3403167724609,0.012957576602375
237.5,35.3403167724609,0.0148452411253753
238.75,35.3403167724609,0.0149529769868055
240,35.3403167724609,0.0145696952408496
160,36.2827224731445,0.000939850446256957
161.25,36.2827224731445,-0.000627910595689244
162.5,36.2827224731445,-0.00397510741346976
163.75,36.2827224731445,-0.00816696185051184
165,36.2827224731445,-0.0126039997911535
166.25,36.2827224731445,-0.0180189150528434
167.5,36.2827224731445,-0.0245803154141349
168.75,36.2827224731445,-0.0313687874907351
170,36.2827224731445,-0.0368322877681814
171.25,36.2827224731445,-0.0395473063691637
172.5,36.2827224731445,-0.0402257291759749
173.75,36.2827224731445,-0.0398023005753122
175,36.2827224731445,-0.0386304087744565
176.25,36.2827224731445,-0.0377585654941512
177.5,36.2827224731445,-0.0388763482637059
178.75,36.2827224731445,-0.0407627296373795
180,36.2827224731445,-0.0414368526114886
181.25,36.2827224731445,-0.039702182040663
182.5,36.2827224731445,-0.0351918141013925
183.75,36.2827224731445,-0.0284692107613102
185,36.2827224731445,-0.0207968708116378
186.25,36.2827224731445,-0.0132285395160187
187.5,36.2827224731445,-0.00689483293012237
188.75,36.2827224731445,-0.00244580925864791
190,36.2827224731445,-0.000563924718129299
191.25,36.2827224731445,-0.00221890654580088
192.5,36.2827224731445,-0.00712504824439086
193.75,36.2827224731445,-0.0140388303967862
195,36.2827224731445,-0.0214014433819591
196.25,36.2827224731445,-0.0280083870945991
197.5,36.2827224731445,-0.0338940516626043
198.75,36.2827224731445,-0.0364788020021154
200,36.2827224731445,-0.035580902908386
201.25,36.2827224731445,-0.0321843578303036
202.5,36.2827224731445,-0.0280252037765935
203.75,36.2827224731445,-0.0238539820116515
205,36.2827224731445,-0.0197226711912466
206.25,36.2827224731445,-0.0156799302633551
207.5,36.2827224731445,-0.0120487885242407
208.75,36.2827224731445,-0.00854715730325436
210,36.2827224731445,-0.0047636347731528
211.25,36.2827224731445,-0.00146843642723175
212.5,36.2827224731445,0.00122024045002631
213.75,36.2827224731445,0.00126383088186639
215,36.2827224731445,-0.00181711625301855
216.25,36.2827224731445,-0.00637483028464266
217.5,36.2827224731445,-0.0119649620879364
218.75,36.2827224731445,-0.0182257608437808
220,36.2827224731445,-0.0256098820518458
221.25,36.2827224731445,-0.0333993128146702
222.5,36.2827224731445,-0.0381196628810458
223.75,36.2827224731445,-0.0394830223216429
225,36.2827224731445,-0.0364837324328906
226.25,36.2827224731445,-0.0308805167276251
227.5,36.2827224731445,-0.0236732922263772
228.75,36.2827224731445,-0.0160001749412554
230,36.2827224731445,-0.0093197723350292
231.25,36.2827224731445,-0.00382390071166198
232.5,36.2827224731445,0.00173547642562388
233.75,36.2827224731445,0.00698626572031156
235,36.2827224731445,0.0112307333213337
236.25,36.2827224731445,0.0143975037136836
237.5,36.2827224731445,0.0156363379087284
238.75,36.2827224731445,0.0155970759579749
160,37.2251281738281,0.00889289412625729
161.25,37.2251281738281,0.00796094784958979
162.5,37.2251281738281,0.00514605896590622
163.75,37.2251281738281,0.00133881837487055
165,37.2251281738281,-0.00280281954399731
166.25,37.2251281738281,-0.00822314052126374
167.5,37.2251281738281,-0.0154330766309165
168.75,37.2251281738281,-0.0231501297186812
170,37.2251281738281,-0.0299278731681275
171.25,37.2251281738281,-0.0339954150369909
172.5,37.2251281738281,-0.0353351682395315
173.75,37.2251281738281,-0.0345861322753365
175,37.2251281738281,-0.0329620718307808
176.25,37.2251281738281,-0.031510927854837
177.5,37.2251281738281,-0.0316557108617436
178.75,37.2251281738281,-0.0335914336133524
180,37.2251281738281,-0.0352446901620199
181.25,37.2251281738281,-0.0346859417044745
182.5,37.2251281738281,-0.0307210840275133
183.75,37.2251281738281,-0.0239162860015618
185,37.2251281738281,-0.0154434375942428
186.25,37.2251281738281,-0.00701839794325421
187.5,37.2251281738281,-0.000273863628284217
188.75,37.2251281738281,0.00464702517534757
190,37.2251281738281,0.00645785596311026
191.25,37.2251281738281,0.00365839759246384
192.5,37.2251281738281,-0.00287211968392223
193.75,37.2251281738281,-0.011144057119131
195,37.2251281738281,-0.0193300189066794
196.25,37.2251281738281,-0.0262648983132812
197.5,37.2251281738281,-0.032016043983703
198.75,37.2251281738281,-0.0351818960707789
200,37.2251281738281,-0.0351767178565932
201.25,37.2251281738281,-0.0323084911512885
202.5,37.2251281738281,-0.0277875982406962
203.75,37.2251281738281,-0.0225203529438716
205,37.2251281738281,-0.0172212999640962
206.25,37.2251281738281,-0.0124832503002516
207.5,37.2251281738281,-0.00842627644794337
208.75,37.2251281738281,-0.00595350016314802
210,37.2251281738281,-0.00415108056320319
211.25,37.2251281738281,-0.00189377482262347
212.5,37.2251281738281,0.000849027196094942
213.75,37.2251281738281,0.00270517627415828
215,37.2251281738281,0.00265909525839853
216.25,37.2251281738281,0.000808354823942244
217.5,37.2251281738281,-0.00254191947829424
218.75,37.2251281738281,-0.00764020176461905
220,37.2251281738281,-0.0147612086472694
221.25,37.2251281738281,-0.0229595456713364
222.5,37.2251281738281,-0.0293660449678735
223.75,37.2251281738281,-0.0322622271396103
225,37.2251281738281,-0.0301280572281745
226.25,37.2251281738281,-0.0249638962345421
227.5,37.2251281738281,-0.0183365989906781
228.75,37.2251281738281,-0.0117266439380729
230,37.2251281738281,-0.00602661819594659
231.25,37.2251281738281,-0.00106271577161595
232.5,37.2251281738281,0.00342963198172042
233.75,37.2251281738281,0.00872583945100232
235,37.2251281738281,0.0126969959247936
236.25,37.2251281738281,0.0148114781251814
237.5,37.2251281738281,0.0151111786253767
238.75,37.2251281738281,0.015623708096716
160,38.1675415039062,0.0158866790283021
161.25,38.1675415039062,0.0154885482115175
162.5,38.1675415039062,0.0127192254345751
163.75,38.1675415039062,0.00897375880997459
165,38.1675415039062,0.00519744511864046
166.25,38.1675415039062,0.000193273033454513
167.5,38.1675415039062,-0.0067486640984733
168.75,38.1675415039062,-0.0145378158933233
170,38.1675415039062,-0.0214738490535445
171.25,38.1675415039062,-0.0259855438194947
172.5,38.1675415039062,-0.0283166832746638
173.75,38.1675415039062,-0.0285900155142064
175,38.1675415039062,-0.0274194969761026
176.25,38.1675415039062,-0.0262346250227482
177.5,38.1675415039062,-0.0263195748280196
178.75,38.1675415039062,-0.0280044854630387
180,38.1675415039062,-0.0302869708727369
181.25,38.1675415039062,-0.0310968730348938
182.5,38.1675415039062,-0.0287054985595422
183.75,38.1675415039062,-0.0226963580377814
185,38.1675415039062,-0.0142548319192062
186.25,38.1675415039062,-0.00508784609931167
187.5,38.1675415039062,0.00234337899958786
188.75,38.1675415039062,0.00773811797682999
190,38.1675415039062,0.00922969712719898
191.25,38.1675415039062,0.00623631547910467
192.5,38.1675415039062,-0.000293525440267457
193.75,38.1675415039062,-0.00844910336131183
195,38.1675415039062,-0.0165000528420014
196.25,38.1675415039062,-0.0235276355525669
197.5,38.1675415039062,-0.0293166708559124
198.75,38.1675415039062,-0.0335400862857016
200,38.1675415039062,-0.0345055781227656
201.25,38.1675415039062,-0.0318009728013587
202.5,38.1675415039062,-0.0271541200295671
203.75,38.1675415039062,-0.021518118421687
205,38.1675415039062,-0.0155385205060571
206.25,38.1675415039062,-0.00989215999863958
207.5,38.1675415039062,-0.00519525682215056
208.75,38.1675415039062,-0.00281512234032067
210,38.1675415039062,-0.00235351392791599
211.25,38.1675415039062,-0.00152734521676007
212.5,38.1675415039062,0.00096263498663009
213.75,38.1675415039062,0.00393858065753837
215,38.1675415039062,0.00637295621735465
216.25,38.1675415039062,0.00706057439048634
217.5,38.1675415039062,0.00527377043847684
218.75,38.1675415039062,0.000745195848829426
220,38.1675415039062,-0.00607462670535567
221.25,38.1675415039062,-0.0137291841922333
222.5,38.1675415039062,-0.0202128048505284
223.75,38.1675415039062,-0.0231153728533597
225,38.1675415039062,-0.0221552270271281
226.25,38.1675415039062,-0.0179571578401362
227.5,38.1675415039062,-0.0118471192072207
228.75,38.1675415039062,-0.00592365426155287
230,38.1675415039062,-0.00116764245833258
231.25,38.1675415039062,0.00280300814750433
232.5,38.1675415039062,0.00665484133662405
233.75,38.1675415039062,0.0106458478323708
235,38.1675415039062,0.0133127638896206
236.25,38.1675415039062,0.0141393938550075
237.5,38.1675415039062,0.0145771466841112
160,39.1099548339844,0.0189570982878113
161.25,39.1099548339844,0.0183584249409012
162.5,39.1099548339844,0.0155627338490506
163.75,39.1099548339844,0.0113186159653677
165,39.1099548339844,0.00747111636145698
166.25,39.1099548339844,0.003599025155351
167.5,39.1099548339844,-0.00198130529131415
168.75,39.1099548339844,-0.00858022128708997
170,39.1099548339844,-0.0146762800485615
171.25,39.1099548339844,-0.0192458819334759
172.5,39.1099548339844,-0.0217161984944018
173.75,39.1099548339844,-0.022710963554149
175,39.1099548339844,-0.0224672896273745
176.25,39.1099548339844,-0.0214682392076348
177.5,39.1099548339844,-0.0213535257078078
178.75,39.1099548339844,-0.0226538072271702
180,39.1099548339844,-0.0251707479415001
181.25,39.1099548339844,-0.0272146762987595
182.5,39.1099548339844,-0.0265806352367091
183.75,39.1099548339844,-0.0222295093864189
185,39.1099548339844,-0.0146829013119188
186.25,39.1099548339844,-0.0056486772810104
187.5,39.1099548339844,0.00241611775192204
188.75,39.1099548339844,0.0082434442838196
190,39.1099548339844,0.0097654265348362
191.25,39.1099548339844,0.00729914794862134
192.5,39.1099548339844,0.00175609182731656
193.75,39.1099548339844,-0.0054710305626881
195,39.1099548339844,-0.0130495607711748
196.25,39.1099548339844,-0.0202830178108894
197.5,39.1099548339844,-0.0266423820539355
198.75,39.1099548339844,-0.0320572617315741
200,39.1099548339844,-0.0340880425629378
201.25,39.1099548339844,-0.0317316232177438
202.5,39.1099548339844,-0.0269328995548403
203.75,39.1099548339844,-0.0207889829429799
205,39.1099548339844,-0.0137466176433027
206.25,39.1099548339844,-0.00662088054678497
207.5,39.1099548339844,-0.00101944926780845
208.75,39.1099548339844,0.00144931726611015
210,39.1099548339844,0.00104108934295124
211.25,39.1099548339844,0.000319631336102785
212.5,39.1099548339844,0.00182062699189758
213.75,39.1099548339844,0.00482715716494869
215,39.1099548339844,0.00788799733464506
216.25,39.1099548339844,0.00990995359828039
217.5,39.1099548339844,0.00941966332440795
218.75,39.1099548339844,0.00553225923819307
220,39.1099548339844,-0.00094770557259184
221.25,39.1099548339844,-0.00794562917452205
222.5,39.1099548339844,-0.0136820959434473
223.75,39.1099548339844,-0.0161304289853543
225,39.1099548339844,-0.0146947061354256
226.25,39.1099548339844,-0.0109192236377782
227.5,39.1099548339844,-0.00558492115761034
228.75,39.1099548339844,-0.000300597985980627
230,39.1099548339844,0.00386240374758101
231.25,39.1099548339844,0.00709334782242153
232.5,39.1099548339844,0.0102100608939797
233.75,39.1099548339844,0.0126218689054008
235,39.1099548339844,0.0137101471823957
236.25,39.1099548339844,0.0136781121485277
160,40.0523529052734,0.0182040299401404
161.25,40.0523529052734,0.0170743437824322
162.5,40.0523529052734,0.0137946811065195
163.75,40.0523529052734,0.00970378577751381
165,40.0523529052734,0.00635460362057929
166.25,40.0523529052734,0.00308880560471524
167.5,40.0523529052734,-0.00127769019393263
168.75,40.0523529052734,-0.00623009806526306
170,40.0523529052734,-0.0109764657452379
171.25,40.0523529052734,-0.0147436075488545
172.5,40.0523529052734,-0.0169403867303021
173.75,40.0523529052734,-0.0177430189906317
175,40.0523529052734,-0.0171503141355967
176.25,40.0523529052734,-0.0156236765986921
177.5,40.0523529052734,-0.0149428795610074
178.75,40.0523529052734,-0.0160064387503165
180,40.0523529052734,-0.0186150460440091
181.25,40.0523529052734,-0.0211405999531108
182.5,40.0523529052734,-0.0218331386205302
183.75,40.0523529052734,-0.0196610848836645
185,40.0523529052734,-0.014656918418227
186.25,40.0523529052734,-0.00737868114103793
187.5,40.0523529052734,0.000617471071794963
188.75,40.0523529052734,0.00616038038801812
190,40.0523529052734,0.0077101049667703
191.25,40.0523529052734,0.00611471711936949
192.5,40.0523529052734,0.00195497624483631
193.75,40.0523529052734,-0.00373246877153331
195,40.0523529052734,-0.0101311201800445
196.25,40.0523529052734,-0.0165930347023008
197.5,40.0523529052734,-0.0229990219248066
198.75,40.0523529052734,-0.0287846230707961
200,40.0523529052734,-0.0322269475611587
201.25,40.0523529052734,-0.0311252216795832
202.5,40.0523529052734,-0.0262927210446938
203.75,40.0523529052734,-0.0191010727680443
205,40.0523529052734,-0.0107273122324854
206.25,40.0523529052734,-0.00223103146085287
207.5,40.0523529052734,0.00451069533365582
208.75,40.0523529052734,0.0073003302181985
210,40.0523529052734,0.00638450203532868
211.25,40.0523529052734,0.00463439565123969
212.5,40.0523529052734,0.00486007620867309
213.75,40.0523529052734,0.00703464762756546
215,40.0523529052734,0.00938542421097097
216.25,40.0523529052734,0.0107407899005901
217.5,40.0523529052734,0.0101078962596174
218.75,40.0523529052734,0.00674060289467356
220,40.0523529052734,0.000811975772733448
221.25,40.0523529052734,-0.00532846348043212
222.5,40.0523529052734,-0.0101052988575701
223.75,40.0523529052734,-0.0118633256047103
225,40.0523529052734,-0.0101812750992918
226.25,40.0523529052734,-0.00624183133116537
227.5,40.0523529052734,-0.00102404572419155
228.75,40.0523529052734,0.00388425848236937
230,40.0523529052734,0.00794971534453327
231.25,40.0523529052734,0.0109313482758882
232.5,40.0523529052734,0.0128973529641303
233.75,40.0523529052734,0.0143004178515888
235,40.0523529052734,0.0151433457123099
236.25,40.0523529052734,0.0142505348131139
160,40.9947662353516,0.0148968535203813
161.25,40.9947662353516,0.0133838561685554
162.5,40.9947662353516,0.00945690895940793
163.75,40.9947662353516,0.00587279301229065
165,40.9947662353516,0.0036123225807701
166.25,40.9947662353516,0.00155928525106868
167.5,40.9947662353516,-0.00101675692267005
168.75,40.9947662353516,-0.0035307748055727
170,40.9947662353516,-0.00546597100775354
171.25,40.9947662353516,-0.00722885816645705
172.5,40.9947662353516,-0.00898299947736866
173.75,40.9947662353516,-0.00978022751146272
175,40.9947662353516,-0.00888020331919509
176.25,40.9947662353516,-0.00728457512799445
177.5,40.9947662353516,-0.00699321211264355
178.75,40.9947662353516,-0.0085887123883249
180,40.9947662353516,-0.0115436847381496
181.25,40.9947662353516,-0.0141387406867081
182.5,40.9947662353516,-0.014960407595067
183.75,40.9947662353516,-0.0136261770411703
185,40.9947662353516,-0.0104175474278996
186.25,40.9947662353516,-0.00593146669179517
187.5,40.9947662353516,-0.000863594058626959
188.75,40.9947662353516,0.00264169755159242
190,40.9947662353516,0.00387954015347729
191.25,40.9947662353516,0.0030996578177467
192.5,40.9947662353516,0.000671849485545615
193.75,40.9947662353516,-0.00369352199535062
195,40.9947662353516,-0.00890950794832978
196.25,40.9947662353516,-0.0141095778294426
197.5,40.9947662353516,-0.0197243398738962
198.75,40.9947662353516,-0.0254804125806585
200,40.9947662353516,-0.0295063133411905
201.25,40.9947662353516,-0.0290222522049902
202.5,40.9947662353516,-0.024119904655828
203.75,40.9947662353516,-0.016391723812662
205,40.9947662353516,-0.00737709263868175
206.25,40.9947662353516,0.00179239374905355
207.5,40.9947662353516,0.00938023018575429
208.75,40.9947662353516,0.0129363467999722
210,40.9947662353516,0.0126690418694958
211.25,40.9947662353516,0.0109786811120476
212.5,40.9947662353516,0.0103936766777475
213.75,40.9947662353516,0.0108465336338566
215,40.9947662353516,0.0115950102840172
216.25,40.9947662353516,0.0113999223625146
217.5,40.9947662353516,0.00963565578980331
218.75,40.9947662353516,0.00573690124602016
220,40.9947662353516,1.58713583395713e-05
221.25,40.9947662353516,-0.00545381502450165
222.5,40.9947662353516,-0.00932698936152585
223.75,40.9947662353516,-0.0107657794043508
225,40.9947662353516,-0.00916585437082596
226.25,40.9947662353516,-0.00467020389099914
227.5,40.9947662353516,0.000704681326039457
228.75,40.9947662353516,0.00607692275271606
230,40.9947662353516,0.0107339144393152
231.25,40.9947662353516,0.0139051686304536
232.5,40.9947662353516,0.0151897766777941
233.75,40.9947662353516,0.0157539147542231
235,40.9947662353516,0.0157705432390968
236.25,40.9947662353516,0.0156025263976144
160,41.9371795654297,0.0105729729531526
161.25,41.9371795654297,0.00850728940974986
162.5,41.9371795654297,0.00479738365350364
163.75,41.9371795654297,0.0022896569981985
165,41.9371795654297,0.00141571372647536
166.25,41.9371795654297,0.00138237746660559
167.5,41.9371795654297,0.00133749119104871
168.75,41.9371795654297,0.00107737512437602
170,41.9371795654297,0.00109405809896947
171.25,41.9371795654297,0.000884025855949106
172.5,41.9371795654297,2.20038184313702e-05
173.75,41.9371795654297,-0.000529924737167278
175,41.9371795654297,0.00116735670198558
176.25,41.9371795654297,0.00211129954886826
177.5,41.9371795654297,0.00238482457643534
178.75,41.9371795654297,0.0015209305772452
180,41.9371795654297,-0.000697343609434669
181.25,41.9371795654297,-0.00315771759383512
182.5,41.9371795654297,-0.00429502470348795
183.75,41.9371795654297,-0.00367155467701449
185,41.9371795654297,-0.00221360943162351
186.25,41.9371795654297,-0.000913429428747101
187.5,41.9371795654297,0.000923961709141813
188.75,41.9371795654297,0.00218518114314456
190,41.9371795654297,0.00192969354312213
191.25,41.9371795654297,0.000360352290809367
192.5,41.9371795654297,-0.00173947788094699
193.75,41.9371795654297,-0.00527328035627974
195,41.9371795654297,-0.00907643548201131
196.25,41.9371795654297,-0.0130534867424948
197.5,41.9371795654297,-0.0178848495186594
198.75,41.9371795654297,-0.0232119185137567
200,41.9371795654297,-0.0272128528577681
201.25,41.9371795654297,-0.0270422134473919
202.5,41.9371795654297,-0.022629665877727
203.75,41.9371795654297,-0.0152809352492975
205,41.9371795654297,-0.00561605609697688
206.25,41.9371795654297,0.0043518274120443
207.5,41.9371795654297,0.0123345263290093
208.75,41.9371795654297,0.0165620178569789
210,41.9371795654297,0.0171604231238443
211.25,41.9371795654297,0.0159677948421698
212.5,41.9371795654297,0.0149929745492401
213.75,41.9371795654297,0.0143145035360241
215,41.9371795654297,0.0134738601988554
216.25,41.9371795654297,0.0115720781642455
217.5,41.9371795654297,0.00842743248514743
218.75,41.9371795654297,0.00370527657467603
220,41.9371795654297,-0.00217630449636292
221.25,41.9371795654297,-0.00769390762678889
222.5,41.9371795654297,-0.0115106835724782
223.75,41.9371795654297,-0.0129290280210441
225,41.9371795654297,-0.0111476711927986
226.25,41.9371795654297,-0.00576096328347114
227.5,41.9371795654297,0.000822741168108475
228.75,41.9371795654297,0.00764637275381477
230,41.9371795654297,0.0133400139444009
231.25,41.9371795654297,0.0171108090458124
232.5,41.9371795654297,0.0188507533337069
233.75,41.9371795654297,0.0188532399358486
235,41.9371795654297,0.017804251714406
236.25,41.9371795654297,0.017738597437871
160,42.8795776367188,0.00730974009443239
161.25,42.8795776367188,0.00406971042917675
162.5,42.8795776367188,0.000844109285560659
163.75,42.8795776367188,-0.000678959023761544
165,42.8795776367188,-1.1566481778494e-05
166.25,42.8795776367188,0.00211246160713785
167.5,42.8795776367188,0.00441692882746272
168.75,42.8795776367188,0.00628357753910422
170,42.8795776367188,0.00801939700322962
171.25,42.8795776367188,0.00913300454662564
172.5,42.8795776367188,0.00979238806016285
173.75,42.8795776367188,0.00964792547241671
175,42.8795776367188,0.0107371349027013
176.25,42.8795776367188,0.0108223734139866
177.5,42.8795776367188,0.0106063227983918
178.75,42.8795776367188,0.00994292247483067
180,42.8795776367188,0.00911133421805578
181.25,42.8795776367188,0.0084030563592188
182.5,42.8795776367188,0.00846355138226995
183.75,42.8795776367188,0.00915324049631223
185,42.8795776367188,0.00965336420915935
186.25,42.8795776367188,0.00894457978583635
187.5,42.8795776367188,0.007482901990259
188.75,42.8795776367188,0.00594176944806413
190,42.8795776367188,0.0036057911003171
191.25,42.8795776367188,0.000724921684267515
192.5,42.8795776367188,-0.00235995667080257
193.75,42.8795776367188,-0.00621973139418993
195,42.8795776367188,-0.010005691082797
196.25,42.8795776367188,-0.0137540039715929
197.5,42.8795776367188,-0.017770396612754
198.75,42.8795776367188,-0.0219812255481744
200,42.8795776367188,-0.0251071004394107
201.25,42.8795776367188,-0.0253645450569812
202.5,42.8795776367188,-0.0221640392300287
203.75,42.8795776367188,-0.0155100142491749
205,42.8795776367188,-0.00594481069503717
206.25,42.8795776367188,0.00392868183657293
207.5,42.8795776367188,0.0118258912101518
208.75,42.8795776367188,0.0167269470498845
210,42.8795776367188,0.0186174872612052
211.25,42.8795776367188,0.0185136881281402
212.5,42.8795776367188,0.0174446651926852
213.75,42.8795776367188,0.0158867755412439
215,42.8795776367188,0.0136818517361451
216.25,42.8795776367188,0.0101716340809304
217.5,42.8795776367188,0.00564729376509919
218.75,42.8795776367188,0.00037912165629269
220,42.8795776367188,-0.00510583102444839
221.25,42.8795776367188,-0.0102983538507167
222.5,42.8795776367188,-0.01395656716993
223.75,42.8795776367188,-0.0153131894383468
225,42.8795776367188,-0.0134496302307227
226.25,42.8795776367188,-0.0079832516628844
227.5,42.8795776367188,-6.39174677197932e-05
228.75,42.8795776367188,0.00860462079295475
230,42.8795776367188,0.0153240975021909
231.25,42.8795776367188,0.0197490484423521
232.5,42.8795776367188,0.022488435956693
233.75,42.8795776367188,0.023954949403037
235,42.8795776367188,0.0242176333200749
236.25,42.8795776367188,0.0243417097690628
160,43.8219909667969,0.00268452887054053
161.25,43.8219909667969,0.000194197375199294
162.5,43.8219909667969,-0.00178869668481964
163.75,43.8219909667969,-0.00243606070825421
165,43.8219909667969,-0.00119707001704946
166.25,43.8219909667969,0.0015421093452394
167.5,43.8219909667969,0.00540996198032163
168.75,43.8219909667969,0.00951346588443495
170,43.8219909667969,0.0125067452945013
171.25,43.8219909667969,0.0146251894583956
172.5,43.8219909667969,0.0161259488074603
173.75,43.8219909667969,0.016634678783001
175,43.8219909667969,0.0168166735221034
176.25,43.8219909667969,0.0170732002032893
177.5,43.8219909667969,0.0176918505104262
178.75,43.8219909667969,0.0182537605091272
180,43.8219909667969,0.0189607416265423
181.25,43.8219909667969,0.0199288111884539
182.5,43.8219909667969,0.0207497144449602
183.75,43.8219909667969,0.0211487131864103
185,43.8219909667969,0.0203009552692401
186.25,43.8219909667969,0.0179606172855749
187.5,43.8219909667969,0.0145170116698649
188.75,43.8219909667969,0.0106176413311897
190,43.8219909667969,0.00684788159419999
191.25,43.8219909667969,0.00306610656899369
192.5,43.8219909667969,-0.000879375491946174
193.75,43.8219909667969,-0.0051597833618157
195,43.8219909667969,-0.00946512102105536
196.25,43.8219909667969,-0.0136995270895379
197.5,43.8219909667969,-0.0175486638948577
198.75,43.8219909667969,-0.0211563839278348
200,43.8219909667969,-0.0237369169437747
201.25,43.8219909667969,-0.0238546277260365
202.5,43.8219909667969,-0.0210780860662513
203.75,43.8219909667969,-0.0151110881893851
205,43.8219909667969,-0.00659385118187679
206.25,43.8219909667969,0.00204020192331309
207.5,43.8219909667969,0.00907198048636964
208.75,43.8219909667969,0.0139991981502387
210,43.8219909667969,0.0167063018714122
211.25,43.8219909667969,0.0174646749394457
212.5,43.8219909667969,0.0167514677349514
213.75,43.8219909667969,0.0151197227919064
215,43.8219909667969,0.0123624212818952
216.25,43.8219909667969,0.00797315102709011
217.5,43.8219909667969,0.0023205688172271
218.75,43.8219909667969,-0.00329502264306812
220,43.8219909667969,-0.00865032954266625
221.25,43.8219909667969,-0.0134040419452989
222.5,43.8219909667969,-0.0164328504136108
223.75,43.8219909667969,-0.0171592287897226
225,43.8219909667969,-0.0146869227848599
226.25,43.8219909667969,-0.00900539061911204
227.5,43.8219909667969,-0.00111853285287572
228.75,43.8219909667969,0.0080293634690885
230,43.8219909667969,0.0158669145544844
231.25,43.8219909667969,0.0211138764733857
232.5,43.8219909667969,0.0248191051953328
233.75,43.8219909667969,0.0275510983403151
235,43.8219909667969,0.029289195289787
236.25,43.8219909667969,0.0297870682132381
160,44.764404296875,-0.00273532055930945
161.25,44.764404296875,-0.00391407403024624
162.5,44.764404296875,-0.00402748476810025
163.75,44.764404296875,-0.00280130332650926
165,44.764404296875,-0.000694872102767603
166.25,44.764404296875,0.00234652015729284
167.5,44.764404296875,0.00622939922510732
168.75,44.764404296875,0.0102425156317926
170,44.764404296875,0.0136963783446571
171.25,44.764404296875,0.0161051209957044
172.5,44.764404296875,0.0176444190182508
173.75,44.764404296875,0.0182158667254949
175,44.764404296875,0.0182378398715068
176.25,44.764404296875,0.018658728769524
177.5,44.764404296875,0.0198519473088808
178.75,44.764404296875,0.0213410017244614
180,44.764404296875,0.0234509916009121
181.25,44.764404296875,0.0254910882041865
182.5,44.764404296875,0.0267449343576278
183.75,44.764404296875,0.026741212262356
185,44.764404296875,0.0250948024289067
186.25,44.764404296875,0.0219150252574229
187.5,44.764404296875,0.0174647543354939
188.75,44.764404296875,0.0124436237703512
190,44.764404296875,0.00820703905537081
191.25,44.764404296875,0.00533484168150381
192.5,44.764404296875,0.00213902541769125
193.75,44.764404296875,-0.0016703108301474
195,44.764404296875,-0.00625734997162625
196.25,44.764404296875,-0.0108481171153432
197.5,44.764404296875,-0.0147438163592737
198.75,44.764404296875,-0.0182293029351422
200,44.764404296875,-0.0208587419028486
201.25,44.764404296875,-0.0210571708484744
202.5,44.764404296875,-0.018329848669503
203.75,44.764404296875,-0.0133261764534558
205,44.764404296875,-0.00658483136022038
206.25,44.764404296875,-0.000152991751167527
207.5,44.764404296875,0.00561378270488951
208.75,44.764404296875,0.0102386536605196
210,44.764404296875,0.0130356991079881
211.25,44.764404296875,0.0139245796297651
212.5,44.764404296875,0.0133671935389149
213.75,44.764404296875,0.0118490295919697
215,44.764404296875,0.00895185671631838
216.25,44.764404296875,0.00448602297506911
217.5,44.764404296875,-0.00134278703984522
218.75,44.764404296875,-0.00751516914577807
220,44.764404296875,-0.0128039923262943
221.25,44.764404296875,-0.0174915859111657
222.5,44.764404296875,-0.0200856252625584
223.75,44.764404296875,-0.0196677364036707
225,44.764404296875,-0.0161912360737959
226.25,44.764404296875,-0.0099733999274814
227.5,44.764404296875,-0.00156680734650931
228.75,44.764404296875,0.00713708920074805
230,44.764404296875,0.0148419336377291
231.25,44.764404296875,0.0213492937076317
232.5,44.764404296875,0.0264369047397222
233.75,44.764404296875,0.0307501530188115
235,44.764404296875,0.0335520610155097
236.25,44.764404296875,0.0345848590303473
160,45.7068023681641,-0.00980531506476766
161.25,45.7068023681641,-0.00888802914085563
162.5,45.7068023681641,-0.00677582622773786
163.75,45.7068023681641,-0.00372238216523333
165,45.7068023681641,-0.000599665840959804
166.25,45.7068023681641,0.00267795370105664
167.5,45.7068023681641,0.00612270788010847
168.75,45.7068023681641,0.00924887063313822
170,45.7068023681641,0.0111558437393002
171.25,45.7068023681641,0.0113220293204964
172.5,45.7068023681641,0.0108659958169902
173.75,45.7068023681641,0.010851729544005
175,45.7068023681641,0.0112865940627179
176.25,45.7068023681641,0.0122900929709683
177.5,45.7068023681641,0.0144146153661556
178.75,45.7068023681641,0.0174321278259234
180,45.7068023681641,0.0198870806272105
181.25,45.7068023681641,0.0214282101891964
182.5,45.7068023681641,0.0221198088063226
183.75,45.7068023681641,0.0216471419371291
185,45.7068023681641,0.0197041436494489
186.25,45.7068023681641,0.0168725866930501
187.5,45.7068023681641,0.0133606586599713
188.75,45.7068023681641,0.00959957983044856
190,45.7068023681641,0.00687815407582908
191.25,45.7068023681641,0.00610528225385141
192.5,45.7068023681641,0.00529499257039869
193.75,45.7068023681641,0.00251972255348781
195,45.7068023681641,-0.00187793118707456
196.25,45.7068023681641,-0.00665767403589995
197.5,45.7068023681641,-0.0106888271047562
198.75,45.7068023681641,-0.0141701346251011
200,45.7068023681641,-0.0166853192533354
201.25,45.7068023681641,-0.0170998803948659
202.5,45.7068023681641,-0.0152251621156086
203.75,45.7068023681641,-0.011370009408235
205,45.7068023681641,-0.00635800325032272
206.25,45.7068023681641,-0.00119631857576035
207.5,45.7068023681641,0.00355076411350128
208.75,45.7068023681641,0.00686968974529195
210,45.7068023681641,0.00836444824925302
211.25,45.7068023681641,0.00863673762539081
212.5,45.7068023681641,0.00795792299750789
213.75,45.7068023681641,0.00632324059919435
215,45.7068023681641,0.00343391756655362
216.25,45.7068023681641,-0.00104785218453204
217.5,45.7068023681641,-0.00693758788377682
218.75,45.7068023681641,-0.0127510048211661
220,45.7068023681641,-0.0178033629016743
221.25,45.7068023681641,-0.0221325246685483
222.5,45.7068023681641,-0.023760991367225
223.75,45.7068023681641,-0.0221940630808258
225,45.7068023681641,-0.0177055530273953
226.25,45.7068023681641,-0.0108509576279003
227.5,45.7068023681641,-0.00245566039260488
228.75,45.7068023681641,0.00578704187309307
230,45.7068023681641,0.0131840684869998
231.25,45.7068023681641,0.0201872985123012
232.5,45.7068023681641,0.0268266636290119
233.75,45.7068023681641,0.0333365892350093
235,45.7068023681641,0.0372329162471918
236.25,45.7068023681641,0.0375821757088232
160,46.6492156982422,-0.0162388103919024
161.25,46.6492156982422,-0.0141689726473202
162.5,46.6492156982422,-0.0109262746386994
163.75,46.6492156982422,-0.0065944893439122
165,46.6492156982422,-0.00209026197346123
166.25,46.6492156982422,0.00203562452967094
167.5,46.6492156982422,0.005359561000417
168.75,46.6492156982422,0.00730188048205203
170,46.6492156982422,0.00703503291415677
171.25,46.6492156982422,0.00436852582099844
172.5,46.6492156982422,0.00145171314322051
173.75,46.6492156982422,-0.000149809681536817
175,46.6492156982422,-0.000354995205365148
176.25,46.6492156982422,0.000778799997492964
177.5,46.6492156982422,0.00298549283673678
178.75,46.6492156982422,0.00583917033927295
180,46.6492156982422,0.00806013234369076
181.25,46.6492156982422,0.00841424885240896
182.5,46.6492156982422,0.00760456643456997
183.75,46.6492156982422,0.00657614790104191
185,46.6492156982422,0.00631751847058611
186.25,46.6492156982422,0.00587253079502755
187.5,46.6492156982422,0.00484387344184841
188.75,46.6492156982422,0.00362159444740297
190,46.6492156982422,0.00308464322112847
191.25,46.6492156982422,0.0039542815876041
192.5,46.6492156982422,0.00442215625227081
193.75,46.6492156982422,0.00309924476175903
195,46.6492156982422,-0.000153391372638398
196.25,46.6492156982422,-0.00398248235235617
197.5,46.6492156982422,-0.00733374300350059
198.75,46.6492156982422,-0.0106943633617954
200,46.6492156982422,-0.013598869124871
201.25,46.6492156982422,-0.0148787660906341
202.5,46.6492156982422,-0.0139701767847101
203.75,46.6492156982422,-0.0110054896240701
205,46.6492156982422,-0.00675597462873739
206.25,46.6492156982422,-0.00221395095441633
207.5,46.6492156982422,0.00167493998373545
208.75,46.6492156982422,0.00403248483870762
210,46.6492156982422,0.00411858339917314
211.25,46.6492156982422,0.00278022844100584
212.5,46.6492156982422,0.000811358957303718
213.75,46.6492156982422,-0.00127504952696221
215,46.6492156982422,-0.00392199055477146
216.25,46.6492156982422,-0.00795916419571102
217.5,46.6492156982422,-0.0131214621803587
218.75,46.6492156982422,-0.018437319948422
220,46.6492156982422,-0.0228096790901785
221.25,46.6492156982422,-0.0257466813190912
222.5,46.6492156982422,-0.0261053638197234
223.75,46.6492156982422,-0.0233239422952903
225,46.6492156982422,-0.0180215774761677
226.25,46.6492156982422,-0.0109190456677139
227.5,46.6492156982422,-0.00294356725647989
228.75,46.6492156982422,0.00458173208346985
230,46.6492156982422,0.0117234026658276
231.25,46.6492156982422,0.0195883587879917
232.5,46.6492156982422,0.0277152842073696
233.75,46.6492156982422,0.0359972698379224
235,46.6492156982422,0.0400910370741989
236.25,46.6492156982422,0.0384545583208754
160,47.5916290283203,-0.0192303102180824
161.25,47.5916290283203,-0.016197667643241
162.5,47.5916290283203,-0.0124866052385101
163.75,47.5916290283203,-0.00805339830077809
165,47.5916290283203,-0.00321221013331825
166.25,47.5916290283203,0.00163890507363286
167.5,47.5916290283203,0.00520772841063765
168.75,47.5916290283203,0.00672388636604233
170,47.5916290283203,0.00508141512935758
171.25,47.5916290283203,0.000706179811350729
172.5,47.5916290283203,-0.00449253521556341
173.75,47.5916290283203,-0.00868124860163466
175,47.5916290283203,-0.0108616186029772
176.25,47.5916290283203,-0.0108167254468311
177.5,47.5916290283203,-0.00926943241783777
178.75,47.5916290283203,-0.00744981465601515
180,47.5916290283203,-0.00592748644236664
181.25,47.5916290283203,-0.00545351231090402
182.5,47.5916290283203,-0.0058532039764418
183.75,47.5916290283203,-0.00637367312390493
185,47.5916290283203,-0.00619062541534398
186.25,47.5916290283203,-0.00594603261910502
187.5,47.5916290283203,-0.0059536252705072
188.75,47.5916290283203,-0.005547913053344
190,47.5916290283203,-0.00374025504442145
191.25,47.5916290283203,-0.00152092334984768
192.5,47.5916290283203,-0.000768130930953084
193.75,47.5916290283203,-0.00181209271899201
195,47.5916290283203,-0.00414750286215399
196.25,47.5916290283203,-0.00640558643630086
197.5,47.5916290283203,-0.00803891275521761
198.75,47.5916290283203,-0.0103700255221865
200,47.5916290283203,-0.0131877452028569
201.25,47.5916290283203,-0.0148640549749361
202.5,47.5916290283203,-0.0143016425617375
203.75,47.5916290283203,-0.0118244653569428
205,47.5916290283203,-0.0080869011336586
206.25,47.5916290283203,-0.00398545683423333
207.5,47.5916290283203,-0.000905739133077883
208.75,47.5916290283203,0.000564146266222785
210,47.5916290283203,-1.75193661923717e-05
211.25,47.5916290283203,-0.00206858416325586
212.5,47.5916290283203,-0.0049700860336317
213.75,47.5916290283203,-0.00875368948870514
215,47.5916290283203,-0.012683854042771
216.25,47.5916290283203,-0.0161962570956744
217.5,47.5916290283203,-0.0196479956304734
218.75,47.5916290283203,-0.0233505003676622
220,47.5916290283203,-0.0261515343236043
221.25,47.5916290283203,-0.0274437405247683
222.5,47.5916290283203,-0.0263736681547544
223.75,47.5916290283203,-0.0225382294746753
225,47.5916290283203,-0.0168143503919313
226.25,47.5916290283203,-0.00977885561753038
227.5,47.5916290283203,-0.00230526698624874
228.75,47.5916290283203,0.00473242984237436
230,47.5916290283203,0.011966658142595
231.25,47.5916290283203,0.0209271559059116
232.5,47.5916290283203,0.0310121393614595
233.75,47.5916290283203,0.0399537773704204
235,47.5916290283203,0.0451872275347193
236.25,47.5916290283203,0.0460928029503362
160,48.5340270996094,-0.0204043801087062
161.25,48.5340270996094,-0.0166737189650457
162.5,48.5340270996094,-0.0125429576433542
163.75,48.5340270996094,-0.00797864601611548
165,48.5340270996094,-0.00306914976116229
166.25,48.5340270996094,0.00227814851386319
167.5,48.5340270996094,0.00568079611173042
168.75,48.5340270996094,0.00607863990537036
170,48.5340270996094,0.00318409693168465
171.25,48.5340270996094,-0.00146691435374414
172.5,48.5340270996094,-0.00649867455079074
173.75,48.5340270996094,-0.0104072600112022
175,48.5340270996094,-0.0124319797865285
176.25,48.5340270996094,-0.0127151278292994
177.5,48.5340270996094,-0.0120792310401053
178.75,48.5340270996094,-0.0116622034320241
180,48.5340270996094,-0.011980443207142
181.25,48.5340270996094,-0.0129269864001081
182.5,48.5340270996094,-0.0136379254525633
183.75,48.5340270996094,-0.0141791579458662
185,48.5340270996094,-0.0143506610223246
186.25,48.5340270996094,-0.0146216158021011
187.5,48.5340270996094,-0.01451670313529
188.75,48.5340270996094,-0.0139185484873269
190,48.5340270996094,-0.0125693756713375
191.25,48.5340270996094,-0.0116874975939823
192.5,48.5340270996094,-0.0121495690995954
193.75,48.5340270996094,-0.0130834841937018
195,48.5340270996094,-0.0136640044869562
196.25,48.5340270996094,-0.0136509653105592
197.5,48.5340270996094,-0.01337976702218
198.75,48.5340270996094,-0.0145353865593126
200,48.5340270996094,-0.0164420819442289
201.25,48.5340270996094,-0.0169802416936776
202.5,48.5340270996094,-0.0152488644606035
203.75,48.5340270996094,-0.0123555208061782
205,48.5340270996094,-0.00911974024242267
206.25,48.5340270996094,-0.00611854973475925
207.5,48.5340270996094,-0.004061925082701
208.75,48.5340270996094,-0.00346344521289164
210,48.5340270996094,-0.00483056567412089
211.25,48.5340270996094,-0.00736341458418841
212.5,48.5340270996094,-0.010872688015424
213.75,48.5340270996094,-0.0156757826142448
215,48.5340270996094,-0.0199998784422995
216.25,48.5340270996094,-0.0234040559098719
217.5,48.5340270996094,-0.0259933074014847
218.75,48.5340270996094,-0.0276233473224082
220,48.5340270996094,-0.0282476401325795
221.25,48.5340270996094,-0.0276320176013995
222.5,48.5340270996094,-0.0253619905975215
223.75,48.5340270996094,-0.0209370343573506
225,48.5340270996094,-0.0149710282358314
226.25,48.5340270996094,-0.00810305846758395
227.5,48.5340270996094,-0.00122286857737709
228.75,48.5340270996094,0.00574163457331364
230,48.5340270996094,0.0140816548919788
231.25,48.5340270996094,0.023701170652099
232.5,48.5340270996094,0.0332906085919873
233.75,48.5340270996094,0.0401154853764863
235,48.5340270996094,0.0444014567599248
236.25,48.5340270996094,0.0458911658244502
160,49.4764404296875,-0.0224376269587678
161.25,49.4764404296875,-0.0185231350425517
162.5,49.4764404296875,-0.013750617753607
163.75,49.4764404296875,-0.00877087742873003
165,49.4764404296875,-0.00370140282364049
166.25,49.4764404296875,0.00135984156853208
167.5,49.4764404296875,0.00443505352480997
168.75,49.4764404296875,0.00424307521471226
170,49.4764404296875,0.0019822130279491
171.25,49.4764404296875,-0.000825365789883383
172.5,49.4764404296875,-0.0037365969316657
173.75,49.4764404296875,-0.0059962055157352
175,49.4764404296875,-0.00731113460839165
176.25,49.4764404296875,-0.00789675605531113
177.5,49.4764404296875,-0.00824871738561101
178.75,49.4764404296875,-0.00853765394414199
180,49.4764404296875,-0.00931299291714802
181.25,49.4764404296875,-0.0102295746500239
182.5,49.4764404296875,-0.0113443407080981
183.75,49.4764404296875,-0.0128176987068903
185,49.4764404296875,-0.015309497856131
186.25,49.4764404296875,-0.0185652840554156
187.5,49.4764404296875,-0.0209156482871608
188.75,49.4764404296875,-0.0219352190367078
190,49.4764404296875,-0.0220922373782087
191.25,49.4764404296875,-0.0222595755127959
192.5,49.4764404296875,-0.0228486710066788
193.75,49.4764404296875,-0.0237823633444118
195,49.4764404296875,-0.024197910070066
196.25,49.4764404296875,-0.0236709880955007
197.5,49.4764404296875,-0.0224587655827049
198.75,49.4764404296875,-0.0210118777332434
200,49.4764404296875,-0.0200580644365222
201.25,49.4764404296875,-0.0183141493174909
202.5,49.4764404296875,-0.0155172330269433
203.75,49.4764404296875,-0.0127094756657954
205,49.4764404296875,-0.0104146955728236
206.25,49.4764404296875,-0.00901623599549839
207.5,49.4764404296875,-0.00823948247589211
208.75,49.4764404296875,-0.00822700769795421
210,49.4764404296875,-0.0100427279711291
211.25,49.4764404296875,-0.0133654206723497
212.5,49.4764404296875,-0.0178048826888728
213.75,49.4764404296875,-0.0231086646317578
215,49.4764404296875,-0.0271494185930209
216.25,49.4764404296875,-0.0297450671170204
217.5,49.4764404296875,-0.0311359591095379
218.75,49.4764404296875,-0.0311874916781868
220,49.4764404296875,-0.0298621485616535
221.25,49.4764404296875,-0.0273022640316393
222.5,49.4764404296875,-0.0237786426791661
223.75,49.4764404296875,-0.0186004438467628
225,49.4764404296875,-0.0121684725963684
226.25,49.4764404296875,-0.00573015340089991
227.5,49.4764404296875,0.00047833756749781
228.75,49.4764404296875,0.00705791998622243
230,49.4764404296875,0.0151019136700958
231.25,49.4764404296875,0.0235344757278745
232.5,49.4764404296875,0.0302334982100442
233.75,49.4764404296875,0.0332965835149848
235,49.4764404296875,0.0342486565146557
160,50.4188537597656,-0.0234228222396888
161.25,50.4188537597656,-0.021430813169386
162.5,50.4188537597656,-0.0172708610151868
163.75,50.4188537597656,-0.0124184869444703
165,50.4188537597656,-0.00781031784680642
166.25,50.4188537597656,-0.00344942342197684
167.5,50.4188537597656,-0.00029239468210947
168.75,50.4188537597656,0.00134914142980566
170,50.4188537597656,0.00156208415146454
171.25,50.4188537597656,0.00130266950904741
172.5,50.4188537597656,0.000270778081445795
173.75,50.4188537597656,-0.00120814965222858
175,50.4188537597656,-0.00261356052889821
176.25,50.4188537597656,-0.00345219555225011
177.5,50.4188537597656,-0.00372573002395885
178.75,50.4188537597656,-0.00378519456296904
180,50.4188537597656,-0.00372977877612988
181.25,50.4188537597656,-0.00370002280341728
182.5,50.4188537597656,-0.00445704508174302
183.75,50.4188537597656,-0.00728659865940437
185,50.4188537597656,-0.0121641863173028
186.25,50.4188537597656,-0.0177819216399527
187.5,50.4188537597656,-0.0223241838429139
188.75,50.4188537597656,-0.0256954384477306
190,50.4188537597656,-0.0279954022341334
191.25,50.4188537597656,-0.0300304075159248
192.5,50.4188537597656,-0.0318553434924164
193.75,50.4188537597656,-0.0324889093129531
195,50.4188537597656,-0.0318488345792324
196.25,50.4188537597656,-0.0301744281648024
197.5,50.4188537597656,-0.0278298563012433
198.75,50.4188537597656,-0.0250569867051196
200,50.4188537597656,-0.0219785939732012
201.25,50.4188537597656,-0.018287224872981
202.5,50.4188537597656,-0.014708765549215
203.75,50.4188537597656,-0.0123041703812834
205,50.4188537597656,-0.0111129622767795
206.25,50.4188537597656,-0.0111541924222149
207.5,50.4188537597656,-0.0119361623041634
208.75,50.4188537597656,-0.0134430938809836
210,50.4188537597656,-0.0159650478961175
211.25,50.4188537597656,-0.0196261564966604
212.5,50.4188537597656,-0.0242605700954311
213.75,50.4188537597656,-0.0291588879342181
215,50.4188537597656,-0.0332492413195298
216.25,50.4188537597656,-0.0351402232633859
217.5,50.4188537597656,-0.0347366354081828
218.75,50.4188537597656,-0.0330315039829071
220,50.4188537597656,-0.03028452520565
221.25,50.4188537597656,-0.026311230654917
222.5,50.4188537597656,-0.0213481835689681
223.75,50.4188537597656,-0.0155310258586035
225,50.4188537597656,-0.00871736038991825
226.25,50.4188537597656,-0.00225405490335658
227.5,50.4188537597656,0.00290556325466711
228.75,50.4188537597656,0.00736307558845016
230,50.4188537597656,0.0130353675570778
231.25,50.4188537597656,0.0174763148008865
232.5,50.4188537597656,0.0281742304935801
233.75,50.4188537597656,0.0310200139637083
160,51.3612518310547,-0.0222601879002734
161.25,51.3612518310547,-0.0226991773003135
162.5,51.3612518310547,-0.0219696920094632
163.75,51.3612518310547,-0.0183006343457321
165,51.3612518310547,-0.0141058482900786
166.25,51.3612518310547,-0.00980369918208492
167.5,51.3612518310547,-0.00588824112795642
168.75,51.3612518310547,-0.00298799956464058
170,51.3612518310547,-0.00135753694555857
171.25,51.3612518310547,5.14411893075961e-05
172.5,51.3612518310547,0.000959413618756032
173.75,51.3612518310547,0.00113009352828331
175,51.3612518310547,0.000700025765431069
176.25,51.3612518310547,0.000172195596264023
177.5,51.3612518310547,-0.000214306178910156
178.75,51.3612518310547,-0.000169392400873117
180,51.3612518310547,7.37410771300428e-05
181.25,51.3612518310547,9.83260906372242e-05
182.5,51.3612518310547,-0.000221309883215591
183.75,51.3612518310547,-0.00349828052959979
185,51.3612518310547,-0.00899538599900486
186.25,51.3612518310547,-0.0152120349842184
187.5,51.3612518310547,-0.02223837659509
188.75,51.3612518310547,-0.0275864929544975
190,51.3612518310547,-0.0311563152417365
191.25,51.3612518310547,-0.0341330220770936
192.5,51.3612518310547,-0.0358685129512623
193.75,51.3612518310547,-0.035588280816754
195,51.3612518310547,-0.0341404100155785
196.25,51.3612518310547,-0.0317858801503846
197.5,51.3612518310547,-0.0287507319088449
198.75,51.3612518310547,-0.0253675332072269
200,51.3612518310547,-0.0216263451011402
201.25,51.3612518310547,-0.0177285730638551
202.5,51.3612518310547,-0.014423354160464
203.75,51.3612518310547,-0.0123803000187585
205,51.3612518310547,-0.0117053567805052
206.25,51.3612518310547,-0.0123677632187469
207.5,51.3612518310547,-0.0140815542904735
208.75,51.3612518310547,-0.0168033105854441
210,51.3612518310547,-0.0208151282818625
211.25,51.3612518310547,-0.0254454126880947
212.5,51.3612518310547,-0.029744786058936
213.75,51.3612518310547,-0.0335881876400571
215,51.3612518310547,-0.0365675768546205
216.25,51.3612518310547,-0.0375484035236522
217.5,51.3612518310547,-0.03611587884277
218.75,51.3612518310547,-0.033325214633036
220,51.3612518310547,-0.0293270050717031
221.25,51.3612518310547,-0.0242055883148648
222.5,51.3612518310547,-0.0180298490948609
223.75,51.3612518310547,-0.0111442035548707
225,51.3612518310547,-0.00429727104224543
226.25,51.3612518310547,0.00173673198504141
227.5,51.3612518310547,0.0058668954676516
228.75,51.3612518310547,0.00853671816766233
230,51.3612518310547,0.0111228695099644
231.25,51.3612518310547,0.0141143465907048
232.5,51.3612518310547,0.0157188440653381
160,52.3036651611328,-0.0205724226742045
161.25,52.3036651611328,-0.0199905341683365
162.5,52.3036651611328,-0.022511047144766
163.75,52.3036651611328,-0.0235681781035783
165,52.3036651611328,-0.0218432750887664
166.25,52.3036651611328,-0.0190026955697058
167.5,52.3036651611328,-0.0154057514582014
168.75,52.3036651611328,-0.0119505735516774
170,52.3036651611328,-0.00893366240278664
171.25,52.3036651611328,-0.0061891562412263
172.5,52.3036651611328,-0.00336784603994699
173.75,52.3036651611328,-0.000711471787231264
175,52.3036651611328,0.000674012317089617
176.25,52.3036651611328,0.000832248976710588
177.5,52.3036651611328,0.000759221121177024
178.75,52.3036651611328,0.00138256612622996
180,52.3036651611328,0.00210877567690631
181.25,52.3036651611328,0.00254931116126561
182.5,52.3036651611328,0.00239632609454802
183.75,52.3036651611328,-0.000403048829933603
185,52.3036651611328,-0.00499367363638947
186.25,52.3036651611328,-0.0102985275835085
187.5,52.3036651611328,-0.0179789154858709
188.75,52.3036651611328,-0.0224598456508524
190,52.3036651611328,-0.0287164824917557
191.25,52.3036651611328,-0.0334831472637358
192.5,52.3036651611328,-0.0351285988646724
193.75,52.3036651611328,-0.0329622954148482
195,52.3036651611328,-0.0303617128026969
196.25,52.3036651611328,-0.027950656782843
197.5,52.3036651611328,-0.0247240494624735
198.75,52.3036651611328,-0.0209570909741984
200,52.3036651611328,-0.0176683738220629
201.25,52.3036651611328,-0.0149791937935476
202.5,52.3036651611328,-0.013182459610155
203.75,52.3036651611328,-0.0122324558020187
205,52.3036651611328,-0.0121008721267662
206.25,52.3036651611328,-0.0131215409572549
207.5,52.3036651611328,-0.0156078192877737
208.75,52.3036651611328,-0.0191445100523114
210,52.3036651611328,-0.0237359218064512
211.25,52.3036651611328,-0.0283666594458028
212.5,52.3036651611328,-0.0322527794415049
213.75,52.3036651611328,-0.0352404026966065
215,52.3036651611328,-0.0371279427852716
216.25,52.3036651611328,-0.0374265549902601
217.5,52.3036651611328,-0.0356213109152099
218.75,52.3036651611328,-0.0322185062850928
220,52.3036651611328,-0.0275754864080241
221.25,52.3036651611328,-0.0218551893714945
222.5,52.3036651611328,-0.0146138716763335
223.75,52.3036651611328,-0.006700779077775
225,52.3036651611328,0.000692408748237227
226.25,52.3036651611328,0.00626661971640238
227.5,52.3036651611328,0.00960027366633698
228.75,52.3036651611328,0.0117744984437439
230,52.3036651611328,0.013207302158582
231.25,52.3036651611328,0.0148981457257492
232.5,52.3036651611328,0.0162411731425745
160,53.2460784912109,-0.0180487836513866
161.25,53.2460784912109,-0.0149073492976918
162.5,53.2460784912109,-0.0157658729965669
163.75,53.2460784912109,-0.0204990247306553
165,53.2460784912109,-0.0243444484084259
166.25,53.2460784912109,-0.0251212488991477
167.5,53.2460784912109,-0.0235187661647753
168.75,53.2460784912109,-0.0203401734008934
170,53.2460784912109,-0.0170865016866946
171.25,53.2460784912109,-0.0133170805960637
172.5,53.2460784912109,-0.00884705810464538
173.75,53.2460784912109,-0.0044267290709392
175,53.2460784912109,-0.00195190633234678
176.25,53.2460784912109,-0.00113200215226331
177.5,53.2460784912109,-0.00084866398190011
178.75,53.2460784912109,-0.000117344962556769
180,53.2460784912109,0.000523507012147159
181.25,53.2460784912109,0.00107409228836116
182.5,53.2460784912109,0.000989370052466426
183.75,53.2460784912109,-0.000377099210155328
185,53.2460784912109,-0.00301183238110382
186.25,53.2460784912109,-0.00638088380353006
187.5,53.2460784912109,-0.0101106313592666
188.75,53.2460784912109,-0.0136402461959338
190,53.2460784912109,-0.0195844620571564
191.25,53.2460784912109,-0.0254888474537937
192.5,53.2460784912109,-0.0277333348887524
193.75,53.2460784912109,-0.0288701602471709
195,53.2460784912109,-0.0253721090725996
196.25,53.2460784912109,-0.0221388273413247
197.5,53.2460784912109,-0.0186250772582214
198.75,53.2460784912109,-0.0144252901454622
200,53.2460784912109,-0.0108431815095419
201.25,53.2460784912109,-0.00808278237776343
202.5,53.2460784912109,-0.00634252810981036
203.75,53.2460784912109,-0.00611079647508638
205,53.2460784912109,-0.0072499333349039
206.25,53.2460784912109,-0.00958223603228558
207.5,53.2460784912109,-0.0128932070713231
208.75,53.2460784912109,-0.0174167270144255
210,53.2460784912109,-0.02266778038609
211.25,53.2460784912109,-0.0276732489450915
212.5,53.2460784912109,-0.031412185726701
213.75,53.2460784912109,-0.0335871114519102
215,53.2460784912109,-0.0346093567752333
216.25,53.2460784912109,-0.0345218811959477
217.5,53.2460784912109,-0.0331119430078079
218.75,53.2460784912109,-0.0298857096809492
220,53.2460784912109,-0.025014770037012
221.25,53.2460784912109,-0.0185390099408775
222.5,53.2460784912109,-0.0108046730857639
223.75,53.2460784912109,-0.0028205389284085
225,53.2460784912109,0.00462289454357929
226.25,53.2460784912109,0.0110899173669461
227.5,53.2460784912109,0.0146950681798118
228.75,53.2460784912109,0.0155503583011982
230,53.2460784912109,0.014498990433649
231.25,53.2460784912109,0.0148895659218964
160,54.1884765625,-0.0126028554209593
161.25,54.1884765625,-0.0109732750847125
162.5,54.1884765625,-0.00833508382296947
163.75,54.1884765625,-0.0103850353039411
165,54.1884765625,-0.0163946133511516
166.25,54.1884765625,-0.0223929811045115
167.5,54.1884765625,-0.0258837463951394
168.75,54.1884765625,-0.0255783832053694
170,54.1884765625,-0.0227714532322797
171.25,54.1884765625,-0.0184399649407157
172.5,54.1884765625,-0.0132744464038112
173.75,54.1884765625,-0.00819438437977201
175,54.1884765625,-0.00491528742119437
176.25,54.1884765625,-0.00413817673762084
177.5,54.1884765625,-0.0046173237221689
178.75,54.1884765625,-0.00495015818626265
180,54.1884765625,-0.00500005625341524
181.25,54.1884765625,-0.00512956119828734
182.5,54.1884765625,-0.00534707896390444
183.75,54.1884765625,-0.00612105528195237
185,54.1884765625,-0.00749203655126109
186.25,54.1884765625,-0.0091541329564791
187.5,54.1884765625,-0.0106353184359202
188.75,54.1884765625,-0.0116172942354583
190,54.1884765625,-0.0133431312103406
191.25,54.1884765625,-0.0165027584625916
192.5,54.1884765625,-0.020441805130115
193.75,54.1884765625,-0.0229944548025949
195,54.1884765625,-0.0195648860453006
196.25,54.1884765625,-0.0180357331419828
197.5,54.1884765625,-0.0148990378741594
198.75,54.1884765625,-0.0109710887244492
200,54.1884765625,-0.00579824814169473
201.25,54.1884765625,-0.00105318286889237
202.5,54.1884765625,0.00200059037746085
203.75,54.1884765625,0.00340260994221867
205,54.1884765625,0.00382667825571819
206.25,54.1884765625,0.00227391738924682
207.5,54.1884765625,-0.00257980194205953
208.75,54.1884765625,-0.00917982592458198
210,54.1884765625,-0.0156072340789728
211.25,54.1884765625,-0.0210945038214794
212.5,54.1884765625,-0.025392242806446
213.75,54.1884765625,-0.0286606856475045
215,54.1884765625,-0.0301902468303483
216.25,54.1884765625,-0.0302619025082913
217.5,54.1884765625,-0.0290437565572435
218.75,54.1884765625,-0.0261529145307263
220,54.1884765625,-0.021250489259755
221.25,54.1884765625,-0.0139794965321967
222.5,54.1884765625,-0.00540501934337152
223.75,54.1884765625,0.002721336044048
225,54.1884765625,0.0095130790148888
226.25,54.1884765625,0.0158716521651451
227.5,54.1884765625,0.0196501198361998
228.75,54.1884765625,0.0195916018962484
230,54.1884765625,0.0195091365999217
161.25,55.1308898925781,-0.0033345340614762
162.5,55.1308898925781,-0.00236857723479651
163.75,55.1308898925781,-0.00209516941070476
165,55.1308898925781,-0.00714522239125125
166.25,55.1308898925781,-0.0150894219041437
167.5,55.1308898925781,-0.0212854501850074
168.75,55.1308898925781,-0.0233323585797499
170,55.1308898925781,-0.0219543082891696
171.25,55.1308898925781,-0.0185992064263882
172.5,55.1308898925781,-0.0142978258735341
173.75,55.1308898925781,-0.0102577208146326
175,55.1308898925781,-0.00773218916019655
176.25,55.1308898925781,-0.00717241469879299
177.5,55.1308898925781,-0.00850560236207829
178.75,55.1308898925781,-0.0101517846613499
180,55.1308898925781,-0.010993129593488
181.25,55.1308898925781,-0.0116087072839486
182.5,55.1308898925781,-0.0125790642516894
183.75,55.1308898925781,-0.0137152222309903
185,55.1308898925781,-0.0147353443067122
186.25,55.1308898925781,-0.0148215903827939
187.5,55.1308898925781,-0.014084808471374
188.75,55.1308898925781,-0.0132508203779346
190,55.1308898925781,-0.0130020455692762
191.25,55.1308898925781,-0.0138969180575742
192.5,55.1308898925781,-0.0158388077812712
193.75,55.1308898925781,-0.0161242583056727
195,55.1308898925781,-0.0123321425962273
196.25,55.1308898925781,-0.00744290449150645
197.5,55.1308898925781,-0.00770411900092278
198.75,55.1308898925781,-0.00468669939512743
200,55.1308898925781,-0.00268466621050752
201.25,55.1308898925781,0.00278493539534141
202.5,55.1308898925781,0.00739452746557243
203.75,55.1308898925781,0.0096561844059258
205,55.1308898925781,0.0110483357505756
206.25,55.1308898925781,0.0116978307006406
207.5,55.1308898925781,0.0103730335784424
208.75,55.1308898925781,0.00565843258190551
210,55.1308898925781,-0.00282359763564848
211.25,55.1308898925781,-0.010864063574462
212.5,55.1308898925781,-0.0162368940479122
213.75,55.1308898925781,-0.0201103991806989
215,55.1308898925781,-0.0225392271936142
216.25,55.1308898925781,-0.0239254632578722
217.5,55.1308898925781,-0.023806982365624
218.75,55.1308898925781,-0.0206442449827728
220,55.1308898925781,-0.014043039661788
221.25,55.1308898925781,-0.0063457777610585
222.5,55.1308898925781,0.00178895603042627
223.75,55.1308898925781,0.0091067740745235
225,55.1308898925781,0.0146905820074444
226.25,55.1308898925781,0.0192439113801348
227.5,55.1308898925781,0.0204426565194302
228.75,55.1308898925781,0.0200232179715543
230,55.1308898925781,0.019509142468638
161.25,56.0733032226562,-0.00195781205996837
162.5,56.0733032226562,0.00107630232488905
163.75,56.0733032226562,0.00201621124603616
165,56.0733032226562,-0.00200297189948487
166.25,56.0733032226562,-0.00884804528858516
167.5,56.0733032226562,-0.014779447713771
168.75,56.0733032226562,-0.0176718269669173
170,56.0733032226562,-0.0176219709645221
171.25,56.0733032226562,-0.01556980087334
172.5,56.0733032226562,-0.0125436523326363
173.75,56.0733032226562,-0.0100434265380943
175,56.0733032226562,-0.00898723473509286
176.25,56.0733032226562,-0.00937652470293919
177.5,56.0733032226562,-0.0113852100981847
178.75,56.0733032226562,-0.014083497789797
180,56.0733032226562,-0.0165359576177818
181.25,56.0733032226562,-0.0180943055991445
182.5,56.0733032226562,-0.0188858938214329
183.75,56.0733032226562,-0.019044985085079
185,56.0733032226562,-0.0190232852638724
186.25,56.0733032226562,-0.0183119750443982
187.5,56.0733032226562,-0.0171874545061261
188.75,56.0733032226562,-0.0162235674531775
190,56.0733032226562,-0.0154870374920454
191.25,56.0733032226562,-0.0151465520229858
192.5,56.0733032226562,-0.0143562345300846
193.75,56.0733032226562,-0.0114773131446731
195,56.0733032226562,-0.0070721921606243
196.25,56.0733032226562,-0.00195273466495764
197.5,56.0733032226562,0.001517126492367
198.75,56.0733032226562,0.00447142859220834
200,56.0733032226562,0.00301777837164556
201.25,56.0733032226562,0.00964408584991824
202.5,56.0733032226562,0.0120646804256812
203.75,56.0733032226562,0.0133990970697629
205,56.0733032226562,0.014352800269109
206.25,56.0733032226562,0.0161267636781388
207.5,56.0733032226562,0.0172971641155913
208.75,56.0733032226562,0.0163740692781434
210,56.0733032226562,0.01108812678792
211.25,56.0733032226562,0.00292989387687538
212.5,56.0733032226562,-0.00463967894265774
213.75,56.0733032226562,-0.0105363775385934
215,56.0733032226562,-0.0139155002107364
216.25,56.0733032226562,-0.0153230363856906
217.5,56.0733032226562,-0.0152379184847518
218.75,56.0733032226562,-0.012122945466088
220,56.0733032226562,-0.00492585899095691
221.25,56.0733032226562,0.00355313274343785
222.5,56.0733032226562,0.01061291466489
223.75,56.0733032226562,0.0145384116522869
225,56.0733032226562,0.0160318680291251
226.25,56.0733032226562,0.0167262266390646
227.5,56.0733032226562,0.0205259006422821
162.5,57.0157012939453,0.00431814801492223
163.75,57.0157012939453,0.00378178815701384
165,57.0157012939453,0.000301536183143968
166.25,57.0157012939453,-0.00515274578403037
167.5,57.0157012939453,-0.0103500015215119
168.75,57.0157012939453,-0.013149112357597
170,57.0157012939453,-0.0133846598932034
171.25,57.0157012939453,-0.0120744886604192
172.5,57.0157012939453,-0.0105739257785097
173.75,57.0157012939453,-0.00996300470416779
175,57.0157012939453,-0.0108205425105617
176.25,57.0157012939453,-0.012984391041721
177.5,57.0157012939453,-0.0156682650454819
178.75,57.0157012939453,-0.0183787080500736
180,57.0157012939453,-0.0205569781042558
181.25,57.0157012939453,-0.0218733062468281
182.5,57.0157012939453,-0.0226966388564755
183.75,57.0157012939453,-0.0228167289264967
185,57.0157012939453,-0.0223987951990621
186.25,57.0157012939453,-0.0215069838063624
187.5,57.0157012939453,-0.0200021230017615
188.75,57.0157012939453,-0.0181262899802687
190,57.0157012939453,-0.0142340448483521
191.25,57.0157012939453,-0.013482645784595
192.5,57.0157012939453,-0.010421151853759
193.75,57.0157012939453,-0.0045717724206821
195,57.0157012939453,-0.00041913623618834
196.25,57.0157012939453,0.00310003390519803
197.5,57.0157012939453,0.0058944497998356
198.75,57.0157012939453,0.00837747288981748
200,57.0157012939453,0.00994949522310599
201.25,57.0157012939453,0.0114525352676123
202.5,57.0157012939453,0.0147747886036472
203.75,57.0157012939453,0.0157723789825591
205,57.0157012939453,0.0158564365056043
206.25,57.0157012939453,0.0164772825434349
207.5,57.0157012939453,0.0186375908093966
208.75,57.0157012939453,0.0211452968142152
210,57.0157012939453,0.0193866922693164
211.25,57.0157012939453,0.013839977716924
212.5,57.0157012939453,0.00721014482835093
213.75,57.0157012939453,0.000502886515210303
215,57.0157012939453,-0.0046070048763933
216.25,57.0157012939453,-0.00662979643282751
217.5,57.0157012939453,-0.00516851752225789
218.75,57.0157012939453,-9.59289259294752e-05
220,57.0157012939453,0.00617558614012216
221.25,57.0157012939453,0.0123836135607487
222.5,57.0157012939453,0.0163311095192305
223.75,57.0157012939453,0.0161046991154801
225,57.0157012939453,0.0146930178918772
226.25,57.0157012939453,0.0146930868400554
162.5,57.9581146240234,0.00514059969919752
163.75,57.9581146240234,0.00487713056228729
165,57.9581146240234,0.00209593752853059
166.25,57.9581146240234,-0.00213540398374081
167.5,57.9581146240234,-0.00611896136098828
168.75,57.9581146240234,-0.00839203047606931
170,57.9581146240234,-0.00934471548958505
171.25,57.9581146240234,-0.0101056702531287
172.5,57.9581146240234,-0.0108954625880906
173.75,57.9581146240234,-0.0121633001773507
175,57.9581146240234,-0.0144138409660131
176.25,57.9581146240234,-0.0175441995635524
177.5,57.9581146240234,-0.0210879914578505
178.75,57.9581146240234,-0.0238860809045167
180,57.9581146240234,-0.0254655952431401
181.25,57.9581146240234,-0.0257890027628659
182.5,57.9581146240234,-0.0252312668417718
183.75,57.9581146240234,-0.0243450213906218
185,57.9581146240234,-0.0232650161056177
186.25,57.9581146240234,-0.0218926674196187
187.5,57.9581146240234,-0.0186894416843443
188.75,57.9581146240234,-0.0125950905299848
190,57.9581146240234,-0.00676362639539595
191.25,57.9581146240234,-0.00514381252925229
192.5,57.9581146240234,-0.00111167359187364
193.75,57.9581146240234,0.00463776101129276
195,57.9581146240234,0.00990966040918069
196.25,57.9581146240234,0.0122351467424722
197.5,57.9581146240234,0.0128847234127436
198.75,57.9581146240234,0.0134086533291459
200,57.9581146240234,0.0116094400130976
201.25,57.9581146240234,0.00924550360902516
202.5,57.9581146240234,0.00667713658936273
203.75,57.9581146240234,0.016743258813916
206.25,57.9581146240234,0.0163390059285969
207.5,57.9581146240234,0.0184078567933271
208.75,57.9581146240234,0.0220986179139196
210,57.9581146240234,0.0230879819871145
211.25,57.9581146240234,0.0209271389314447
212.5,57.9581146240234,0.0164083691596756
213.75,57.9581146240234,0.0108136951360065
215,57.9581146240234,0.0064028418855197
216.25,57.9581146240234,0.00442799380196701
217.5,57.9581146240234,0.00599585543366906
218.75,57.9581146240234,0.0111852571965495
220,57.9581146240234,0.0160074509022194
221.25,57.9581146240234,0.0182310430702298
222.5,57.9581146240234,0.0183211429957241
223.75,57.9581146240234,0.0173620563808643
225,57.9581146240234,0.015639509304437
160,58.9005279541016,0.00565459379842574
161.25,58.9005279541016,0.00690619237721662
162.5,58.9005279541016,0.00575009267568961
163.75,58.9005279541016,0.00620908531069548
165,58.9005279541016,0.00392576022964513
166.25,58.9005279541016,0.000831456789460882
167.5,58.9005279541016,-0.00303324024981769
168.75,58.9005279541016,-0.00597927094763302
170,58.9005279541016,-0.008309324697767
171.25,58.9005279541016,-0.0105793947267976
172.5,58.9005279541016,-0.0132781465029777
173.75,58.9005279541016,-0.0165363975450101
175,58.9005279541016,-0.0202474148294771
176.25,58.9005279541016,-0.0237950991971476
177.5,58.9005279541016,-0.0268122689005382
178.75,58.9005279541016,-0.0285121908345237
180,58.9005279541016,-0.028644549945051
181.25,58.9005279541016,-0.027687912787529
182.5,58.9005279541016,-0.0262325358518349
183.75,58.9005279541016,-0.0241295218017424
185,58.9005279541016,-0.0207651168269695
186.25,58.9005279541016,-0.0152319725902172
187.5,58.9005279541016,-0.00818535955274969
188.75,58.9005279541016,-0.00279832920051945
190,58.9005279541016,0.000202345885121948
191.25,58.9005279541016,0.00342024836865703
192.5,58.9005279541016,0.00757192945250737
193.75,58.9005279541016,0.0122316317074533
195,58.9005279541016,0.014480454464271
196.25,58.9005279541016,0.0133888630729862
197.5,58.9005279541016,0.0110521409723033
198.75,58.9005279541016,0.0127500553528693
200,58.9005279541016,0.00644611606288562
201.25,58.9005279541016,0.00405529354860559
202.5,58.9005279541016,0.00191416422866693
206.25,58.9005279541016,0.0178040547218845
207.5,58.9005279541016,0.018895772827564
208.75,58.9005279541016,0.0224544672702657
210,58.9005279541016,0.025125591357189
211.25,58.9005279541016,0.0248379588203965
212.5,58.9005279541016,0.0230126272450462
213.75,58.9005279541016,0.0194123773898164
215,58.9005279541016,0.0163018373631401
216.25,58.9005279541016,0.0153239311901958
217.5,58.9005279541016,0.0161031690153155
218.75,58.9005279541016,0.0174120285546336
220,58.9005279541016,0.0186481689119311
221.25,58.9005279541016,0.0191349290755208
222.5,58.9005279541016,0.0191467184738019
160,59.8429260253906,0.00728162920816581
161.25,59.8429260253906,0.0102361670705203
162.5,59.8429260253906,0.0106183654304324
163.75,59.8429260253906,0.00730446488570311
165,59.8429260253906,0.0046852393290862
166.25,59.8429260253906,0.00316018790599139
167.5,59.8429260253906,0.00047517953264791
168.75,59.8429260253906,-0.00224873953044716
170,59.8429260253906,-0.00668523706069542
171.25,59.8429260253906,-0.00929246507798354
172.5,59.8429260253906,-0.0126502163355219
173.75,59.8429260253906,-0.0171777940596423
175,59.8429260253906,-0.0218676997769926
176.25,59.8429260253906,-0.0258599159898113
177.5,59.8429260253906,-0.0288605606779156
178.75,59.8429260253906,-0.0303154433457975
180,59.8429260253906,-0.0301748160542517
181.25,59.8429260253906,-0.0288197375298114
182.5,59.8429260253906,-0.0259359702436925
183.75,59.8429260253906,-0.0204223187406019
185,59.8429260253906,-0.0134606733175438
186.25,59.8429260253906,-0.00653384536779762
187.5,59.8429260253906,-0.000786431379364133
188.75,59.8429260253906,0.00250373439947495
190,59.8429260253906,0.00354400604264071
191.25,59.8429260253906,0.00509371200434751
192.5,59.8429260253906,0.00784407318178619
193.75,59.8429260253906,0.00939996734592391
195,59.8429260253906,0.00899330110854197
196.25,59.8429260253906,0.00761112953203551
197.5,59.8429260253906,0.00537058233695182
198.75,59.8429260253906,0.0048470438902147
206.25,59.8429260253906,0.0179801523427516
207.5,59.8429260253906,0.0183484614301297
208.75,59.8429260253906,0.0245369216366093
210,59.8429260253906,0.0263412336226709
211.25,59.8429260253906,0.0268022660038069
212.5,59.8429260253906,0.0286854713735273
213.75,59.8429260253906,0.0260282196354794
215,59.8429260253906,0.0227506782117254
216.25,59.8429260253906,0.0199576695234676
217.5,59.8429260253906,0.0176138881792033
218.75,59.8429260253906,0.0154952243187486
220,59.8429260253906,0.0145870273403575
221.25,59.8429260253906,0.0149615834451298
160,60.7853393554688,0.00550674101734382
161.25,60.7853393554688,0.00821417300495274
162.5,60.7853393554688,0.00851009343010021
167.5,60.7853393554688,0.00179526411130604
168.75,60.7853393554688,0.000439093645904355
170,60.7853393554688,0.00027613418738542
171.25,60.7853393554688,-0.00852960857951195
172.5,60.7853393554688,-0.0109013856733764
173.75,60.7853393554688,-0.0139477943419583
175,60.7853393554688,-0.0175040134542255
176.25,60.7853393554688,-0.0213416485623661
177.5,60.7853393554688,-0.0245605314815744
178.75,60.7853393554688,-0.0265074278645985
180,60.7853393554688,-0.0269071805828555
181.25,60.7853393554688,-0.0253188676698354
182.5,60.7853393554688,-0.0205421068289171
183.75,60.7853393554688,-0.0164638982517866
185,60.7853393554688,-0.0131587101257091
186.25,60.7853393554688,-0.00948344418908707
187.5,60.7853393554688,-0.00594358690059004
188.75,60.7853393554688,-0.00514648184065838
190,60.7853393554688,-0.00646893258982455
191.25,60.7853393554688,-0.00600772173324044
192.5,60.7853393554688,-0.00282580349255271
193.75,60.7853393554688,-0.00195547927806018
195,60.7853393554688,-0.00219556170716459
212.5,60.7853393554688,0.0302436832451482
213.75,60.7853393554688,0.0288683854531547
215,60.7853393554688,0.0248180152970121
216.25,60.7853393554688,0.0212028533181952
160,61.7277526855469,0.00137067540955922
173.75,61.7277526855469,-0.0129677363244089
175,61.7277526855469,-0.014797856734949
176.25,61.7277526855469,-0.0167623667169733
177.5,61.7277526855469,-0.0178847947502476
178.75,61.7277526855469,-0.0191932574210631
180,61.7277526855469,-0.0181591098813431
181.25,61.7277526855469,-0.017284519001631
182.5,61.7277526855469,-0.0178663596184037
183.75,61.7277526855469,-0.0172732456766235
185,61.7277526855469,-0.0164287901067192
186.25,61.7277526855469,-0.0151305861797131
187.5,61.7277526855469,-0.0149663999452689
188.75,61.7277526855469,-0.0164841822135534
190,61.7277526855469,-0.0188192967090441
191.25,61.7277526855469,-0.0184916795393838
192.5,61.7277526855469,-0.0140302015369209
193.75,61.7277526855469,-0.0124485375169149
195,61.7277526855469,-0.00714358621652293
175,62.6701507568359,-0.0145137894059079
176.25,62.6701507568359,-0.0152066284632502
177.5,62.6701507568359,-0.0206204382374239
178.75,62.6701507568359,-0.0204645538267772
180,62.6701507568359,-0.0177195463997335
181.25,62.6701507568359,-0.0161047772700334
182.5,62.6701507568359,-0.0173337186212025
183.75,62.6701507568359,-0.0184799876304488
185,62.6701507568359,-0.0188494816283734
186.25,62.6701507568359,-0.0187696714355744
187.5,62.6701507568359,-0.0187359990722426
188.75,62.6701507568359,-0.0201338876321841
190,62.6701507568359,-0.0228468301933573
191.25,62.6701507568359,-0.0237769928352855
192.5,62.6701507568359,-0.0215494442714275
193.75,62.6701507568359,-0.0186077588472501
195,62.6701507568359,-0.0173942574659538
196.25,62.6701507568359,-0.00334912325464934
197.5,62.6701507568359,-0.00334912148120493
178.75,63.6125640869141,-0.0225671738057427
180,63.6125640869141,-0.0215894318952197
181.25,63.6125640869141,-0.0189670694500204
182.5,63.6125640869141,-0.0183786547297817
183.75,63.6125640869141,-0.0200533196395553
185,63.6125640869141,-0.0217130727156599
186.25,63.6125640869141,-0.0227840691146655
187.5,63.6125640869141,-0.0233742866518764
188.75,63.6125640869141,-0.0246709229568929
190,63.6125640869141,-0.0267032821985211
191.25,63.6125640869141,-0.0246007029344043
192.5,63.6125640869141,-0.020410847445487
193.75,63.6125640869141,-0.0161698433945451
195,63.6125640869141,-0.0108773720733906
196.25,63.6125640869141,-0.0049782390415179
197.5,63.6125640869141,-0.00220791372317619
178.75,64.5549774169922,-0.0234508755542731
180,64.5549774169922,-0.025516390519953
181.25,64.5549774169922,-0.0242515776010825
182.5,64.5549774169922,-0.0230543202408648
183.75,64.5549774169922,-0.0251400039256237
185,64.5549774169922,-0.0244253807087669
186.25,64.5549774169922,-0.0256883120997477
187.5,64.5549774169922,-0.0271803057115209
188.75,64.5549774169922,-0.029110503154364
190,64.5549774169922,-0.0279595272912056
191.25,64.5549774169922,-0.0220965268581386
192.5,64.5549774169922,-0.0145620840587347
193.75,64.5549774169922,-0.010877926497224
195,64.5549774169922,-0.00758854000263395
196.25,64.5549774169922,-0.00407494719413734
197.5,64.5549774169922,-0.00103820886448746
180,65.4973907470703,-0.0274926783996308
181.25,65.4973907470703,-0.0282866667903069
182.5,65.4973907470703,-0.0298525354896827
183.75,65.4973907470703,-0.0307347191885949
185,65.4973907470703,-0.0308222170998279
188.75,65.4973907470703,-0.0252299648713434
190,65.4973907470703,-0.0237846424505073
191.25,65.4973907470703,-0.0202344777585479
192.5,65.4973907470703,-0.0159597309233733
193.75,65.4973907470703,-0.0124503017655013
