"lon","lat","beta"
160,20.2617797851562,-0.0101136708590928
161.25,20.2617797851562,-0.00915094809937971
162.5,20.2617797851562,-0.00835092583493591
163.75,20.2617797851562,-0.00777786237990909
165,20.2617797851562,-0.00726828106937999
166.25,20.2617797851562,-0.00728805932171132
167.5,20.2617797851562,-0.00821537468582541
168.75,20.2617797851562,-0.0105644591955677
170,20.2617797851562,-0.0135920632594035
171.25,20.2617797851562,-0.0172328387444666
172.5,20.2617797851562,-0.021710122530881
173.75,20.2617797851562,-0.026709159782288
175,20.2617797851562,-0.0321723772437264
176.25,20.2617797851562,-0.0373466840472167
177.5,20.2617797851562,-0.0415261473317389
178.75,20.2617797851562,-0.0444241252014878
180,20.2617797851562,-0.0462193991041306
181.25,20.2617797851562,-0.0477105146409604
182.5,20.2617797851562,-0.0490032829961302
183.75,20.2617797851562,-0.0495956781234226
185,20.2617797851562,-0.049222707092667
186.25,20.2617797851562,-0.0480664127602007
187.5,20.2617797851562,-0.0458786637586116
188.75,20.2617797851562,-0.0428332198792283
190,20.2617797851562,-0.0393505229384322
191.25,20.2617797851562,-0.0355787466918993
192.5,20.2617797851562,-0.0316952506046474
193.75,20.2617797851562,-0.0285678302787629
195,20.2617797851562,-0.0257556013363291
196.25,20.2617797851562,-0.023339231678212
197.5,20.2617797851562,-0.0211273144790108
198.75,20.2617797851562,-0.0190270845403281
200,20.2617797851562,-0.0177658838568874
201.25,20.2617797851562,-0.017509992094906
202.5,20.2617797851562,-0.0181346627332058
203.75,20.2617797851562,-0.0192108977736238
205,20.2617797851562,-0.0199044407374989
206.25,20.2617797851562,-0.0193046796951668
207.5,20.2617797851562,-0.0182482165102186
208.75,20.2617797851562,-0.0177590153745712
210,20.2617797851562,-0.0176767649543949
211.25,20.2617797851562,-0.0174186187353239
212.5,20.2617797851562,-0.0166654835893968
213.75,20.2617797851562,-0.0150757189123733
215,20.2617797851562,-0.0132886068121258
216.25,20.2617797851562,-0.0119670732774018
217.5,20.2617797851562,-0.0104011094989032
218.75,20.2617797851562,-0.00870846072511159
220,20.2617797851562,-0.00698451240615086
221.25,20.2617797851562,-0.00515722796148307
222.5,20.2617797851562,-0.00314309951796479
223.75,20.2617797851562,-0.000691705038341819
225,20.2617797851562,0.001887881370088
226.25,20.2617797851562,0.00449932300426706
227.5,20.2617797851562,0.00697057643387511
228.75,20.2617797851562,0.00954973742195049
230,20.2617797851562,0.0119052688852907
231.25,20.2617797851562,0.0135493531311878
232.5,20.2617797851562,0.0145825575737697
233.75,20.2617797851562,0.0155723994854394
235,20.2617797851562,0.0169429666954671
236.25,20.2617797851562,0.0190300701676766
237.5,20.2617797851562,0.0215431568875216
238.75,20.2617797851562,0.0237442844576855
240,20.2617797851562,0.0253957154607236
241.25,20.2617797851562,0.0262105854822912
242.5,20.2617797851562,0.0248265909535207
243.75,20.2617797851562,0.0214142741456083
245,20.2617797851562,0.0165667027846621
246.25,20.2617797851562,0.0106795308413835
247.5,20.2617797851562,0.00411546231789519
248.75,20.2617797851562,-0.00578964703690395
250,20.2617797851562,-0.0141052930283739
160,21.2041854858398,-0.00849346184935086
161.25,21.2041854858398,-0.00612842856417545
162.5,21.2041854858398,-0.00395307386857891
163.75,21.2041854858398,-0.00248852853782873
165,21.2041854858398,-0.00159432100875334
166.25,21.2041854858398,-0.00115293396483781
167.5,21.2041854858398,-0.00164098660148577
168.75,21.2041854858398,-0.00296061426703924
170,21.2041854858398,-0.00551061759920427
171.25,21.2041854858398,-0.0089382118919654
172.5,21.2041854858398,-0.0133318959270002
173.75,21.2041854858398,-0.0183963593204009
175,21.2041854858398,-0.0239607865970161
176.25,21.2041854858398,-0.0295871399856903
177.5,21.2041854858398,-0.0346717880155389
178.75,21.2041854858398,-0.0388392376529276
180,21.2041854858398,-0.0421785576369014
181.25,21.2041854858398,-0.0446914727075245
182.5,21.2041854858398,-0.0468427261527442
183.75,21.2041854858398,-0.0484069914854706
185,21.2041854858398,-0.049271572357814
186.25,21.2041854858398,-0.049693552734277
187.5,21.2041854858398,-0.0493275808396652
188.75,21.2041854858398,-0.0478155784267565
190,21.2041854858398,-0.044843365785965
191.25,21.2041854858398,-0.040643250948564
192.5,21.2041854858398,-0.0353823184309811
193.75,21.2041854858398,-0.0306350564988998
195,21.2041854858398,-0.026313425722445
196.25,21.2041854858398,-0.0227806572440363
197.5,21.2041854858398,-0.0202801804577154
198.75,21.2041854858398,-0.0188144940914682
200,21.2041854858398,-0.0177687768471574
201.25,21.2041854858398,-0.0172993110069679
202.5,21.2041854858398,-0.0173097717766464
203.75,21.2041854858398,-0.0185620030049662
205,21.2041854858398,-0.0198996791647067
206.25,21.2041854858398,-0.0207934978986465
207.5,21.2041854858398,-0.0215898152062572
208.75,21.2041854858398,-0.0221603726208873
210,21.2041854858398,-0.0225988527402821
211.25,21.2041854858398,-0.0228586922950771
212.5,21.2041854858398,-0.0225628080907326
213.75,21.2041854858398,-0.0213556051474825
215,21.2041854858398,-0.0198009485168298
216.25,21.2041854858398,-0.0186871549767363
217.5,21.2041854858398,-0.016955970460255
218.75,21.2041854858398,-0.0150638085744179
220,21.2041854858398,-0.0131703040339013
221.25,21.2041854858398,-0.0111097219419106
222.5,21.2041854858398,-0.00876120960606486
223.75,21.2041854858398,-0.00599697877101106
225,21.2041854858398,-0.00300539352036505
226.25,21.2041854858398,0.000350766663971302
227.5,21.2041854858398,0.00380998993209328
228.75,21.2041854858398,0.00763067041283897
230,21.2041854858398,0.0111240038435154
231.25,21.2041854858398,0.0137629540574671
232.5,21.2041854858398,0.0155282202319889
233.75,21.2041854858398,0.016497099771807
235,21.2041854858398,0.0176300858044364
236.25,21.2041854858398,0.0194953901096822
237.5,21.2041854858398,0.0221014070061648
238.75,21.2041854858398,0.0255934278771279
240,21.2041854858398,0.0287993423266879
241.25,21.2041854858398,0.0305111977071339
242.5,21.2041854858398,0.029810924458459
243.75,21.2041854858398,0.0270067298097188
245,21.2041854858398,0.0224610186509144
246.25,21.2041854858398,0.0168911040671592
247.5,21.2041854858398,0.0119479097599706
248.75,21.2041854858398,0.00206167891839057
250,21.2041854858398,-0.00890895103929449
160,22.146598815918,-0.00866859734201172
161.25,22.146598815918,-0.00487326867141732
162.5,22.146598815918,-0.00139990961021928
163.75,22.146598815918,0.000917941469687821
165,22.146598815918,0.0023764421040951
166.25,22.146598815918,0.00321247030503942
167.5,22.146598815918,0.00285693031493203
168.75,22.146598815918,0.00171882189159362
170,22.146598815918,-0.00043810392286529
171.25,22.146598815918,-0.00370184536209322
172.5,22.146598815918,-0.00778019371756425
173.75,22.146598815918,-0.012526925058243
175,22.146598815918,-0.0176114966739785
176.25,22.146598815918,-0.0227687216080376
177.5,22.146598815918,-0.0277625942044863
178.75,22.146598815918,-0.032318507448359
180,22.146598815918,-0.036417728382613
181.25,22.146598815918,-0.0400841550402648
182.5,22.146598815918,-0.0430372951003982
183.75,22.146598815918,-0.0451208319208435
185,22.146598815918,-0.0467165238491425
186.25,22.146598815918,-0.047878131184562
187.5,22.146598815918,-0.0483564902649791
188.75,22.146598815918,-0.0480651431354333
190,22.146598815918,-0.046529248664715
191.25,22.146598815918,-0.0432740239512895
192.5,22.146598815918,-0.0381963741193357
193.75,22.146598815918,-0.0330328698956891
195,22.146598815918,-0.0280228242157252
196.25,22.146598815918,-0.0230924173116646
197.5,22.146598815918,-0.0193894211367784
198.75,22.146598815918,-0.0176812718483591
200,22.146598815918,-0.0169352443385771
201.25,22.146598815918,-0.0164835807267616
202.5,22.146598815918,-0.0164878658445021
203.75,22.146598815918,-0.017847159733698
205,22.146598815918,-0.0194473215856347
206.25,22.146598815918,-0.0212346287554386
207.5,22.146598815918,-0.0230749217353297
208.75,22.146598815918,-0.0246178887590968
210,22.146598815918,-0.0258036548132949
211.25,22.146598815918,-0.0265459552870779
212.5,22.146598815918,-0.026808724869977
213.75,22.146598815918,-0.0262811499708201
215,22.146598815918,-0.0253833531681119
216.25,22.146598815918,-0.0243614995443191
217.5,22.146598815918,-0.022722537961135
218.75,22.146598815918,-0.0207979712709322
220,22.146598815918,-0.0189683903878484
221.25,22.146598815918,-0.0170509477067901
222.5,22.146598815918,-0.0147950070576506
223.75,22.146598815918,-0.0120004554269319
225,22.146598815918,-0.00883434953475919
226.25,22.146598815918,-0.00511079182210564
227.5,22.146598815918,-0.00105074836616667
228.75,22.146598815918,0.00356393705954233
230,22.146598815918,0.00783150445849145
231.25,22.146598815918,0.0113871778375037
232.5,22.146598815918,0.0142160007836948
233.75,22.146598815918,0.0159717677290468
235,22.146598815918,0.0172318669076122
236.25,22.146598815918,0.0186982831605877
237.5,22.146598815918,0.0209858142943354
238.75,22.146598815918,0.0248600405629995
240,22.146598815918,0.0285840698692054
241.25,22.146598815918,0.0304246713692469
242.5,22.146598815918,0.0303076645097439
243.75,22.146598815918,0.028100070195601
245,22.146598815918,0.0246248967690996
246.25,22.146598815918,0.0209827473918423
247.5,22.146598815918,0.0170607132755175
248.75,22.146598815918,0.00831345787091439
250,22.146598815918,-0.00309141902569301
160,23.0890045166016,-0.0105375028366677
161.25,23.0890045166016,-0.00634537845481362
162.5,23.0890045166016,-0.00192544434457857
163.75,23.0890045166016,0.00189098780772718
165,23.0890045166016,0.00430092699767568
166.25,23.0890045166016,0.00556897452105276
167.5,23.0890045166016,0.00580083737673697
168.75,23.0890045166016,0.00465365878256966
170,23.0890045166016,0.00252227673190227
171.25,23.0890045166016,-0.000212018990844019
172.5,23.0890045166016,-0.00393664376537562
173.75,23.0890045166016,-0.0084087165041552
175,23.0890045166016,-0.0128713742808805
176.25,23.0890045166016,-0.0172278030702895
177.5,23.0890045166016,-0.0214119779761551
178.75,23.0890045166016,-0.0256301276168257
180,23.0890045166016,-0.0298778251342681
181.25,23.0890045166016,-0.0342178711442598
182.5,23.0890045166016,-0.0377993872104215
183.75,23.0890045166016,-0.0404178188583113
185,23.0890045166016,-0.0420307798836482
186.25,23.0890045166016,-0.0431765907963551
187.5,23.0890045166016,-0.0438888193728221
188.75,23.0890045166016,-0.0443505750178593
190,23.0890045166016,-0.0442217082904653
191.25,23.0890045166016,-0.0430798394950397
192.5,23.0890045166016,-0.0398426329352154
193.75,23.0890045166016,-0.0358140859408837
195,23.0890045166016,-0.0311793786300233
196.25,23.0890045166016,-0.0262805007676288
197.5,23.0890045166016,-0.0223238930005747
198.75,23.0890045166016,-0.0200346501541588
200,23.0890045166016,-0.0188708176285671
201.25,23.0890045166016,-0.0179063451227663
202.5,23.0890045166016,-0.0171906074380652
203.75,23.0890045166016,-0.0177218105205896
205,23.0890045166016,-0.0186815856493791
206.25,23.0890045166016,-0.0206606375888205
207.5,23.0890045166016,-0.0229782396920126
208.75,23.0890045166016,-0.0252919272366219
210,23.0890045166016,-0.0273435033069071
211.25,23.0890045166016,-0.0284526824098053
212.5,23.0890045166016,-0.0289527486621076
213.75,23.0890045166016,-0.0289323936517951
215,23.0890045166016,-0.028765704312545
216.25,23.0890045166016,-0.0282783574463268
217.5,23.0890045166016,-0.0271312625031689
218.75,23.0890045166016,-0.0254683121528666
220,23.0890045166016,-0.0238849300688723
221.25,23.0890045166016,-0.0225020622448424
222.5,23.0890045166016,-0.020903289482069
223.75,23.0890045166016,-0.0185055804370404
225,23.0890045166016,-0.0154029431421159
226.25,23.0890045166016,-0.0115342187199524
227.5,23.0890045166016,-0.00729056069450342
228.75,23.0890045166016,-0.00264391248806827
230,23.0890045166016,0.00201843495539025
231.25,23.0890045166016,0.00647476045010108
232.5,23.0890045166016,0.0105090228902195
233.75,23.0890045166016,0.0135959197317431
235,23.0890045166016,0.0154764651307922
236.25,23.0890045166016,0.0168644641607942
237.5,23.0890045166016,0.0185664896097716
238.75,23.0890045166016,0.0212572432085765
240,23.0890045166016,0.0242685720683846
241.25,23.0890045166016,0.0263431874442863
242.5,23.0890045166016,0.0275089952486651
243.75,23.0890045166016,0.0267650576192195
245,23.0890045166016,0.0242872999050065
246.25,23.0890045166016,0.0222562167665711
247.5,23.0890045166016,0.0197199633778174
248.75,23.0890045166016,0.0128214757758587
250,23.0890045166016,-0.000119770402922953
160,24.0314178466797,-0.0139413871068724
161.25,24.0314178466797,-0.00971031338098088
162.5,24.0314178466797,-0.00474798154357543
163.75,24.0314178466797,-4.69617098754443e-05
165,24.0314178466797,0.00374093690479143
166.25,24.0314178466797,0.00599953483627274
167.5,24.0314178466797,0.00685719436276712
168.75,24.0314178466797,0.00649460371042978
170,24.0314178466797,0.00495490444950336
171.25,24.0314178466797,0.00267014391604958
172.5,24.0314178466797,-0.000529976590471434
173.75,24.0314178466797,-0.00480455741817742
175,24.0314178466797,-0.0091056934904319
176.25,24.0314178466797,-0.0129729896747165
177.5,24.0314178466797,-0.0166522401348745
178.75,24.0314178466797,-0.0201398775492235
180,24.0314178466797,-0.0239537510575033
181.25,24.0314178466797,-0.0281927240128518
182.5,24.0314178466797,-0.0314252885399066
183.75,24.0314178466797,-0.0340001941796744
185,24.0314178466797,-0.0349216319465174
186.25,24.0314178466797,-0.0354848985827475
187.5,24.0314178466797,-0.0364236652569182
188.75,24.0314178466797,-0.0373778749814971
190,24.0314178466797,-0.037860536812979
191.25,24.0314178466797,-0.0383615108349415
192.5,24.0314178466797,-0.0382690645572468
193.75,24.0314178466797,-0.0367338555676694
195,24.0314178466797,-0.034078578453552
196.25,24.0314178466797,-0.0310106706867618
197.5,24.0314178466797,-0.0284103919852609
198.75,24.0314178466797,-0.0262284877513967
200,24.0314178466797,-0.0245676823510287
201.25,24.0314178466797,-0.023049937202863
202.5,24.0314178466797,-0.0215609344992695
203.75,24.0314178466797,-0.0204472222323864
205,24.0314178466797,-0.0203268317471309
206.25,24.0314178466797,-0.02099026495612
207.5,24.0314178466797,-0.0226051835554828
208.75,24.0314178466797,-0.0248719927899673
210,24.0314178466797,-0.0271957085596065
211.25,24.0314178466797,-0.0287538711149572
212.5,24.0314178466797,-0.0297122583940154
213.75,24.0314178466797,-0.0299850712084296
215,24.0314178466797,-0.0304012683089221
216.25,24.0314178466797,-0.0306492533616585
217.5,24.0314178466797,-0.0301456609981493
218.75,24.0314178466797,-0.0292667049373348
220,24.0314178466797,-0.0284311206563963
221.25,24.0314178466797,-0.0276147151844372
222.5,24.0314178466797,-0.0267658810926996
223.75,24.0314178466797,-0.0252801065931307
225,24.0314178466797,-0.0229192928527288
226.25,24.0314178466797,-0.0197964497728725
227.5,24.0314178466797,-0.0155595570699889
228.75,24.0314178466797,-0.0107288108644562
230,24.0314178466797,-0.00557089824545815
231.25,24.0314178466797,-0.000609797257636531
232.5,24.0314178466797,0.00400968053520836
233.75,24.0314178466797,0.00844052911829591
235,24.0314178466797,0.0115225646841204
236.25,24.0314178466797,0.0133443655368053
237.5,24.0314178466797,0.0146634602440475
238.75,24.0314178466797,0.0162195911396459
240,24.0314178466797,0.0178217769015427
241.25,24.0314178466797,0.0199799445408043
242.5,24.0314178466797,0.0226232710103329
243.75,24.0314178466797,0.0235574730200414
245,24.0314178466797,0.0233497250440971
246.25,24.0314178466797,0.0226929505166109
247.5,24.0314178466797,0.0211046956376183
248.75,24.0314178466797,0.0159340352961469
250,24.0314178466797,0.012544813093583
160,24.9738235473633,-0.0168268677640521
161.25,24.9738235473633,-0.0131683058158582
162.5,24.9738235473633,-0.0086768585196344
163.75,24.9738235473633,-0.00394606196255599
165,24.9738235473633,0.000130320195589072
166.25,24.9738235473633,0.00271709670998793
167.5,24.9738235473633,0.00422422308621089
168.75,24.9738235473633,0.00502877934095961
170,24.9738235473633,0.00442037867219852
171.25,24.9738235473633,0.00328535364767537
172.5,24.9738235473633,0.00159444810117825
173.75,24.9738235473633,-0.00120368791046871
175,24.9738235473633,-0.00469715474379933
176.25,24.9738235473633,-0.00833307138408348
177.5,24.9738235473633,-0.0118020562741622
178.75,24.9738235473633,-0.015207575066094
180,24.9738235473633,-0.0188272210331084
181.25,24.9738235473633,-0.0224246845641493
182.5,24.9738235473633,-0.0250369972451527
183.75,24.9738235473633,-0.0268926130599929
185,24.9738235473633,-0.0269299235863427
186.25,24.9738235473633,-0.0265939625945649
187.5,24.9738235473633,-0.0270711302125549
188.75,24.9738235473633,-0.0279884632443856
190,24.9738235473633,-0.0283928460120204
191.25,24.9738235473633,-0.0289681187617067
192.5,24.9738235473633,-0.030283395345639
193.75,24.9738235473633,-0.0318879303238382
195,24.9738235473633,-0.0328608483059884
196.25,24.9738235473633,-0.0325984289695422
197.5,24.9738235473633,-0.0323841842966614
198.75,24.9738235473633,-0.0322764836726248
200,24.9738235473633,-0.031951513062296
201.25,24.9738235473633,-0.0310990546078353
202.5,24.9738235473633,-0.0289592088951792
203.75,24.9738235473633,-0.0262666188248694
205,24.9738235473633,-0.0246495464402481
206.25,24.9738235473633,-0.0237162170706259
207.5,24.9738235473633,-0.0232090084181295
208.75,24.9738235473633,-0.0240318929664465
210,24.9738235473633,-0.0258281790600365
211.25,24.9738235473633,-0.0276690071858614
212.5,24.9738235473633,-0.0294104514597904
213.75,24.9738235473633,-0.0306410371361279
215,24.9738235473633,-0.0320092818461426
216.25,24.9738235473633,-0.032703499730746
217.5,24.9738235473633,-0.0327668086713749
218.75,24.9738235473633,-0.0328398944289084
220,24.9738235473633,-0.0328377312920396
221.25,24.9738235473633,-0.0325223367374785
222.5,24.9738235473633,-0.0320614682252499
223.75,24.9738235473633,-0.0313310078353691
225,24.9738235473633,-0.02994440808663
226.25,24.9738235473633,-0.0275970031735785
227.5,24.9738235473633,-0.0236649849695392
228.75,24.9738235473633,-0.0190121604837304
230,24.9738235473633,-0.0138847141086893
231.25,24.9738235473633,-0.00881594246622261
232.5,24.9738235473633,-0.00386984738687984
233.75,24.9738235473633,0.00129968443755328
235,24.9738235473633,0.00551525634945491
236.25,24.9738235473633,0.00819282317426031
237.5,24.9738235473633,0.00977285199629599
238.75,24.9738235473633,0.0110548418907945
240,24.9738235473633,0.0119995711858735
241.25,24.9738235473633,0.0143119363992393
242.5,24.9738235473633,0.0175039464437788
243.75,24.9738235473633,0.0195830941458659
245,24.9738235473633,0.0215432948942719
246.25,24.9738235473633,0.0224606068207785
247.5,24.9738235473633,0.0211306611112219
248.75,24.9738235473633,0.0200078818930048
250,24.9738235473633,0.015776913531769
160,25.9162292480469,-0.0179393850806098
161.25,25.9162292480469,-0.0156858948114062
162.5,25.9162292480469,-0.0125827049703819
163.75,25.9162292480469,-0.00922256420838976
165,25.9162292480469,-0.00628283996964987
166.25,25.9162292480469,-0.00385265905586519
167.5,25.9162292480469,-0.00201263497716918
168.75,25.9162292480469,-0.000410989471739079
170,25.9162292480469,0.000228493569252465
171.25,25.9162292480469,0.000322965963503063
172.5,25.9162292480469,-0.000203031387118864
173.75,25.9162292480469,-0.00151964474388596
175,25.9162292480469,-0.00334460278755413
176.25,25.9162292480469,-0.00563164383976367
177.5,25.9162292480469,-0.00802993194458977
178.75,25.9162292480469,-0.0105546092759514
180,25.9162292480469,-0.013277147727647
181.25,25.9162292480469,-0.0162667610603097
182.5,25.9162292480469,-0.0182927865574253
183.75,25.9162292480469,-0.0191922309818746
185,25.9162292480469,-0.0189248201646622
186.25,25.9162292480469,-0.0182848696084037
187.5,25.9162292480469,-0.0180240280230122
188.75,25.9162292480469,-0.0180387124891466
190,25.9162292480469,-0.0178899005756096
191.25,25.9162292480469,-0.0177678083248961
192.5,25.9162292480469,-0.0187899082244556
193.75,25.9162292480469,-0.0218385139370261
195,25.9162292480469,-0.0252046855192162
196.25,25.9162292480469,-0.028048148799867
197.5,25.9162292480469,-0.0305438639659312
198.75,25.9162292480469,-0.032792345555888
200,25.9162292480469,-0.0348536231078871
201.25,25.9162292480469,-0.0363539205840316
202.5,25.9162292480469,-0.0365947924288026
203.75,25.9162292480469,-0.0347941857458918
205,25.9162292480469,-0.0314176713417231
206.25,25.9162292480469,-0.0281975558780404
207.5,25.9162292480469,-0.0255600733331854
208.75,25.9162292480469,-0.0246401233718881
210,25.9162292480469,-0.0250530239534073
211.25,25.9162292480469,-0.0266475615460425
212.5,25.9162292480469,-0.0291003451535198
213.75,25.9162292480469,-0.0312776730893601
215,25.9162292480469,-0.0334050489719856
216.25,25.9162292480469,-0.0345463847945636
217.5,25.9162292480469,-0.0349002173416304
218.75,25.9162292480469,-0.0358306966484204
220,25.9162292480469,-0.0364867546716189
221.25,25.9162292480469,-0.0365750010142515
222.5,25.9162292480469,-0.0364638645061134
223.75,25.9162292480469,-0.0361216347693409
225,25.9162292480469,-0.0353357590621071
226.25,25.9162292480469,-0.0336950820588235
227.5,25.9162292480469,-0.030214768551306
228.75,25.9162292480469,-0.0258566583867347
230,25.9162292480469,-0.0211003770363278
231.25,25.9162292480469,-0.0162682775104843
232.5,25.9162292480469,-0.0113750104442448
233.75,25.9162292480469,-0.0063074494786707
235,25.9162292480469,-0.00179770392480187
236.25,25.9162292480469,0.00206025048200796
237.5,25.9162292480469,0.00489338441012304
238.75,25.9162292480469,0.00678786469402753
240,25.9162292480469,0.00781144904102259
241.25,25.9162292480469,0.0101012990966052
242.5,25.9162292480469,0.013711256835059
243.75,25.9162292480469,0.016916812101801
245,25.9162292480469,0.0199680971494813
246.25,25.9162292480469,0.0216827640198554
247.5,25.9162292480469,0.0214475586172135
248.75,25.9162292480469,0.0202435005212683
250,25.9162292480469,0.020803175002933
160,26.858642578125,-0.0171485393636171
161.25,26.858642578125,-0.0166643322736069
162.5,26.858642578125,-0.0157048035661928
163.75,26.858642578125,-0.0142405850009808
165,26.858642578125,-0.0131479423831657
166.25,26.858642578125,-0.0121343190187461
167.5,26.858642578125,-0.0107954931098783
168.75,26.858642578125,-0.00859084466025366
170,26.858642578125,-0.00731615686382385
171.25,26.858642578125,-0.00583799057470456
172.5,26.858642578125,-0.00531728584792896
173.75,26.858642578125,-0.00558803703504571
175,26.858642578125,-0.00630345336193107
176.25,26.858642578125,-0.00715987963782789
177.5,26.858642578125,-0.00746783064375761
178.75,26.858642578125,-0.00782601157098614
180,26.858642578125,-0.00868712964030478
181.25,26.858642578125,-0.010133521726519
182.5,26.858642578125,-0.0114256652614361
183.75,26.858642578125,-0.0120599223372801
185,26.858642578125,-0.0126546361510389
186.25,26.858642578125,-0.012456159532943
187.5,26.858642578125,-0.0117526012904664
188.75,26.858642578125,-0.0107990663736736
190,26.858642578125,-0.00939542679917235
191.25,26.858642578125,-0.00842261110454627
192.5,26.858642578125,-0.00854950813343281
193.75,26.858642578125,-0.0108463801228561
195,26.858642578125,-0.0151850009051614
196.25,26.858642578125,-0.0201381251019466
197.5,26.858642578125,-0.0243264713947162
198.75,26.858642578125,-0.0280713385976914
200,26.858642578125,-0.031738714532771
201.25,26.858642578125,-0.0353581166330571
202.5,26.858642578125,-0.038723517658773
203.75,26.858642578125,-0.0401345793103777
205,26.858642578125,-0.0387109040306979
206.25,26.858642578125,-0.0348788244243123
207.5,26.858642578125,-0.0301331511294902
208.75,26.858642578125,-0.0267434750241199
210,26.858642578125,-0.025362909040804
211.25,26.858642578125,-0.0260952731489427
212.5,26.858642578125,-0.02813856784316
213.75,26.858642578125,-0.030386719707921
215,26.858642578125,-0.0323302521053025
216.25,26.858642578125,-0.0337762872224929
217.5,26.858642578125,-0.0347500739385097
218.75,26.858642578125,-0.0361880540671862
220,26.858642578125,-0.0376449952283509
221.25,26.858642578125,-0.0385506187142841
222.5,26.858642578125,-0.0392293299932724
223.75,26.858642578125,-0.0395035732190504
225,26.858642578125,-0.0391213080285105
226.25,26.858642578125,-0.0377566659469372
227.5,26.858642578125,-0.0351384775043459
228.75,26.858642578125,-0.0314521884462903
230,26.858642578125,-0.0271824281364629
231.25,26.858642578125,-0.022820286752341
232.5,26.858642578125,-0.0181111350406773
233.75,26.858642578125,-0.0128891788272949
235,26.858642578125,-0.00770822755084526
236.25,26.858642578125,-0.00269108985798445
237.5,26.858642578125,0.00122971199864653
238.75,26.858642578125,0.00370298908391531
240,26.858642578125,0.00484768676657868
241.25,26.858642578125,0.00706323775550477
242.5,26.858642578125,0.0109147722994248
243.75,26.858642578125,0.0148860702101186
245,26.858642578125,0.018221171549639
246.25,26.858642578125,0.0202904232056806
247.5,26.858642578125,0.0221064124269877
248.75,26.858642578125,0.0221505789750933
250,26.858642578125,0.0247917188414696
160,27.8010482788086,-0.0182610213889353
161.25,27.8010482788086,-0.0178337397254892
162.5,27.8010482788086,-0.0174429261136644
163.75,27.8010482788086,-0.0166834780149855
165,27.8010482788086,-0.016520996129217
166.25,27.8010482788086,-0.0169840166575072
167.5,27.8010482788086,-0.0175184872238285
168.75,27.8010482788086,-0.0169629153317881
170,27.8010482788086,-0.0161927611661732
171.25,27.8010482788086,-0.0145207983691655
172.5,27.8010482788086,-0.0129771958825716
173.75,27.8010482788086,-0.012133000533542
175,27.8010482788086,-0.0122591482633468
176.25,27.8010482788086,-0.0121036009338596
177.5,27.8010482788086,-0.0107056291570398
178.75,27.8010482788086,-0.00887518459406858
180,27.8010482788086,-0.00790124892590616
181.25,27.8010482788086,-0.00757776393159323
182.5,27.8010482788086,-0.00789113290206109
183.75,27.8010482788086,-0.00820195799464403
185,27.8010482788086,-0.00864071521438558
186.25,27.8010482788086,-0.00847876876818825
187.5,27.8010482788086,-0.00747477446859844
188.75,27.8010482788086,-0.00601693418038002
190,27.8010482788086,-0.004245799179126
191.25,27.8010482788086,-0.00291296199222176
192.5,27.8010482788086,-0.00299530011065743
193.75,27.8010482788086,-0.00466323038011818
195,27.8010482788086,-0.00754201770119645
196.25,27.8010482788086,-0.0118488427140169
197.5,27.8010482788086,-0.0159268737640714
198.75,27.8010482788086,-0.0198080592158489
200,27.8010482788086,-0.0234669414258246
201.25,27.8010482788086,-0.0277577656394852
202.5,27.8010482788086,-0.0328546083485171
203.75,27.8010482788086,-0.0378977948144757
205,27.8010482788086,-0.0403576258304493
206.25,27.8010482788086,-0.0392313350468187
207.5,27.8010482788086,-0.0349860049467424
208.75,27.8010482788086,-0.0304310657861327
210,27.8010482788086,-0.0270503136208558
211.25,27.8010482788086,-0.0257547143189276
212.5,27.8010482788086,-0.026190000391033
213.75,27.8010482788086,-0.0273496734557435
215,27.8010482788086,-0.028787059241904
216.25,27.8010482788086,-0.0301367278342638
217.5,27.8010482788086,-0.0313378887260137
218.75,27.8010482788086,-0.0334048377189358
220,27.8010482788086,-0.0355847184507406
221.25,27.8010482788086,-0.0376732085211594
222.5,27.8010482788086,-0.0397585999050772
223.75,27.8010482788086,-0.04141002714374
225,27.8010482788086,-0.0417367539611703
226.25,27.8010482788086,-0.0407266617428577
227.5,27.8010482788086,-0.0388949901414775
228.75,27.8010482788086,-0.0359946535551843
230,27.8010482788086,-0.0324477532352296
231.25,27.8010482788086,-0.0283897930694064
232.5,27.8010482788086,-0.023706860507102
233.75,27.8010482788086,-0.0182385753460471
235,27.8010482788086,-0.012503591784978
236.25,27.8010482788086,-0.00669324003618102
237.5,27.8010482788086,-0.00172301182958307
238.75,27.8010482788086,0.00195396187153885
240,27.8010482788086,0.00342282760424154
241.25,27.8010482788086,0.00575237436880679
242.5,27.8010482788086,0.00975381601784243
243.75,27.8010482788086,0.0135865164148025
245,27.8010482788086,0.0165116623645646
246.25,27.8010482788086,0.0175188126742524
247.5,27.8010482788086,0.022272949703459
248.75,27.8010482788086,0.0232036799236697
250,27.8010482788086,0.0263132510745079
160,28.7434539794922,-0.0233865023242392
161.25,28.7434539794922,-0.0226797369740397
162.5,28.7434539794922,-0.0214210790099892
163.75,28.7434539794922,-0.0201489026263969
165,28.7434539794922,-0.0194564184789297
166.25,28.7434539794922,-0.0197650994714577
167.5,28.7434539794922,-0.0211091576105986
168.75,28.7434539794922,-0.0222372782450148
170,28.7434539794922,-0.0225856406864445
171.25,28.7434539794922,-0.0213738112252465
172.5,28.7434539794922,-0.0197460443304266
173.75,28.7434539794922,-0.0186909208005389
175,28.7434539794922,-0.018353193408463
176.25,28.7434539794922,-0.0176868477911194
177.5,28.7434539794922,-0.0159100385231937
178.75,28.7434539794922,-0.0134496074150181
180,28.7434539794922,-0.011342742000589
181.25,28.7434539794922,-0.0101476790151331
182.5,28.7434539794922,-0.00990549515054476
183.75,28.7434539794922,-0.00970622215692913
185,28.7434539794922,-0.00927371213889545
186.25,28.7434539794922,-0.00869917000942483
187.5,28.7434539794922,-0.00720086156013283
188.75,28.7434539794922,-0.00507647022746804
190,28.7434539794922,-0.00290528620789508
191.25,28.7434539794922,-0.00102483403395721
192.5,28.7434539794922,2.75026338125486e-05
193.75,28.7434539794922,-0.00088718756577051
195,28.7434539794922,-0.00274230709295545
196.25,28.7434539794922,-0.00495867728398694
197.5,28.7434539794922,-0.00691213186066151
198.75,28.7434539794922,-0.00910677237840227
200,28.7434539794922,-0.011739426811856
201.25,28.7434539794922,-0.0151855399251003
202.5,28.7434539794922,-0.0197574301120206
203.75,28.7434539794922,-0.0256018662400083
205,28.7434539794922,-0.031806260254398
206.25,28.7434539794922,-0.0346889915225168
207.5,28.7434539794922,-0.0339002432046951
208.75,28.7434539794922,-0.0318939838600381
210,28.7434539794922,-0.0286765482642001
211.25,28.7434539794922,-0.0257138878892582
212.5,28.7434539794922,-0.0241449492537337
213.75,28.7434539794922,-0.0234681096982385
215,28.7434539794922,-0.0236778276854285
216.25,28.7434539794922,-0.0244754485735595
217.5,28.7434539794922,-0.0261154769767783
218.75,28.7434539794922,-0.0289826938427581
220,28.7434539794922,-0.0321138075186262
221.25,28.7434539794922,-0.0353322004938272
222.5,28.7434539794922,-0.0387868651647724
223.75,28.7434539794922,-0.0418792353915054
225,28.7434539794922,-0.0436438367099212
226.25,28.7434539794922,-0.0437032897615561
227.5,28.7434539794922,-0.0427186837587063
228.75,28.7434539794922,-0.0406613175848184
230,28.7434539794922,-0.0376547339069572
231.25,28.7434539794922,-0.0337863535578098
232.5,28.7434539794922,-0.0290371728755299
233.75,28.7434539794922,-0.0232969800465122
235,28.7434539794922,-0.017144860757901
236.25,28.7434539794922,-0.0107692493213668
237.5,28.7434539794922,-0.00486984190001635
238.75,28.7434539794922,-0.000137380764994576
240,28.7434539794922,0.00235686698310016
241.25,28.7434539794922,0.00517207887104522
242.5,28.7434539794922,0.00990147513278864
243.75,28.7434539794922,0.0137425749424483
245,28.7434539794922,0.015296069655474
246.25,28.7434539794922,0.0160761949302986
160,29.6858673095703,-0.0297082874556334
161.25,29.6858673095703,-0.0295921505320923
162.5,29.6858673095703,-0.0285690939157042
163.75,29.6858673095703,-0.0272144738095401
165,29.6858673095703,-0.0261032601868841
166.25,29.6858673095703,-0.0252829979469313
167.5,29.6858673095703,-0.0254732189868258
168.75,29.6858673095703,-0.0262642652973418
170,29.6858673095703,-0.0267526727773576
171.25,29.6858673095703,-0.025876506087263
172.5,29.6858673095703,-0.024361305820022
173.75,29.6858673095703,-0.0233224663896359
175,29.6858673095703,-0.0230181389150934
176.25,29.6858673095703,-0.022248260518405
177.5,29.6858673095703,-0.0206251215351437
178.75,29.6858673095703,-0.018339774987119
180,29.6858673095703,-0.0159739567723625
181.25,29.6858673095703,-0.0145996524029875
182.5,29.6858673095703,-0.0144969064822091
183.75,29.6858673095703,-0.0145167578648116
185,29.6858673095703,-0.0137665302131519
186.25,29.6858673095703,-0.0122621815785317
187.5,29.6858673095703,-0.00991600501964237
188.75,29.6858673095703,-0.00718662844893127
190,29.6858673095703,-0.00454087242883977
191.25,29.6858673095703,-0.00220542757533074
192.5,29.6858673095703,-0.000208820199871975
193.75,29.6858673095703,0.000317276855413935
195,29.6858673095703,-0.000296179190172687
196.25,29.6858673095703,-0.000839698425543421
197.5,29.6858673095703,-0.0012016200854714
198.75,29.6858673095703,-0.00118143963995887
200,29.6858673095703,-0.00137276721018541
201.25,29.6858673095703,-0.0023631025202621
202.5,29.6858673095703,-0.00440967634842604
203.75,29.6858673095703,-0.0084822247963281
205,29.6858673095703,-0.0152590513812107
206.25,29.6858673095703,-0.0210846749616453
207.5,29.6858673095703,-0.0237184345692497
208.75,29.6858673095703,-0.0253761604710961
210,29.6858673095703,-0.0254329817006916
211.25,29.6858673095703,-0.0235368130440862
212.5,29.6858673095703,-0.021421509696809
213.75,29.6858673095703,-0.0202444284299315
215,29.6858673095703,-0.0196362059281238
216.25,29.6858673095703,-0.0197784471374104
217.5,29.6858673095703,-0.0214756163290957
218.75,29.6858673095703,-0.0243027568655964
220,29.6858673095703,-0.0281601380888557
221.25,29.6858673095703,-0.0323738459371489
222.5,29.6858673095703,-0.0367320916549471
223.75,29.6858673095703,-0.0407616684763473
225,29.6858673095703,-0.0436876399210303
226.25,29.6858673095703,-0.0451806884907756
227.5,29.6858673095703,-0.0457554067892502
228.75,29.6858673095703,-0.0456935693729979
230,29.6858673095703,-0.0437947080101652
231.25,29.6858673095703,-0.0400861898821666
232.5,29.6858673095703,-0.0351486971530188
233.75,29.6858673095703,-0.0291578156367786
235,29.6858673095703,-0.0227714683871525
236.25,29.6858673095703,-0.0158917195121956
237.5,29.6858673095703,-0.00888733833977685
238.75,29.6858673095703,-0.00334571791721077
240,29.6858673095703,0.000651571910800271
241.25,29.6858673095703,0.00476619900148195
242.5,29.6858673095703,0.0104048010875697
243.75,29.6858673095703,0.01395926227489
245,29.6858673095703,0.0149694225765154
160,30.6282730102539,-0.0328474353755998
161.25,30.6282730102539,-0.0326996337156822
162.5,30.6282730102539,-0.0319573564291447
163.75,30.6282730102539,-0.0309250611475947
165,30.6282730102539,-0.0300200173460909
166.25,30.6282730102539,-0.0293671436055584
167.5,30.6282730102539,-0.0292510199043582
168.75,30.6282730102539,-0.0293910304867577
170,30.6282730102539,-0.0293620993132974
171.25,30.6282730102539,-0.0283122480389488
172.5,30.6282730102539,-0.0268783107676309
173.75,30.6282730102539,-0.0260597212816689
175,30.6282730102539,-0.0260709807738887
176.25,30.6282730102539,-0.025950105637651
177.5,30.6282730102539,-0.0256246270984177
178.75,30.6282730102539,-0.0247820699301854
180,30.6282730102539,-0.0232804870904551
181.25,30.6282730102539,-0.0217581683932323
182.5,30.6282730102539,-0.0211246369071151
183.75,30.6282730102539,-0.0207849640061272
185,30.6282730102539,-0.0196154192797623
186.25,30.6282730102539,-0.0170181242930218
187.5,30.6282730102539,-0.0135556257661288
188.75,30.6282730102539,-0.0101692218741384
190,30.6282730102539,-0.00714180213609656
191.25,30.6282730102539,-0.00426971748232769
192.5,30.6282730102539,-0.00171412378599488
193.75,30.6282730102539,-0.00027888103307815
195,30.6282730102539,0.000213401464321239
196.25,30.6282730102539,0.000357821534363046
197.5,30.6282730102539,0.000636567147172384
198.75,30.6282730102539,0.00171741820200452
200,30.6282730102539,0.00297513596336691
201.25,30.6282730102539,0.00426930661219831
202.5,30.6282730102539,0.00517611618057275
203.75,30.6282730102539,0.00420630656367771
205,30.6282730102539,0.000284724128213865
206.25,30.6282730102539,-0.00557431005857567
207.5,30.6282730102539,-0.0101042943030623
208.75,30.6282730102539,-0.0137447380360105
210,30.6282730102539,-0.0158854619348254
211.25,30.6282730102539,-0.0164887206013886
212.5,30.6282730102539,-0.0163349010319186
213.75,30.6282730102539,-0.0166077892714755
215,30.6282730102539,-0.0176833394471179
216.25,30.6282730102539,-0.0187181061182961
217.5,30.6282730102539,-0.0193798760767444
218.75,30.6282730102539,-0.0206591638992743
220,30.6282730102539,-0.0240567287022589
221.25,30.6282730102539,-0.0288892552178956
222.5,30.6282730102539,-0.0337828089270679
223.75,30.6282730102539,-0.038483620091485
225,30.6282730102539,-0.0424636939960496
226.25,30.6282730102539,-0.0454338990815113
227.5,30.6282730102539,-0.047575901069379
228.75,30.6282730102539,-0.0489240455073294
230,30.6282730102539,-0.0483382928325316
231.25,30.6282730102539,-0.0457293192198362
232.5,30.6282730102539,-0.0416587049552424
233.75,30.6282730102539,-0.036273107494243
235,30.6282730102539,-0.0298831130506059
236.25,30.6282730102539,-0.0223891586556046
237.5,30.6282730102539,-0.0141352504395313
238.75,30.6282730102539,-0.00730576952591034
240,30.6282730102539,-0.00169321057090643
241.25,30.6282730102539,0.00454908459334719
242.5,30.6282730102539,0.0107431977110518
243.75,30.6282730102539,0.0140838290616889
160,31.5706787109375,-0.0333822516879239
161.25,31.5706787109375,-0.0333298644892974
162.5,31.5706787109375,-0.0324869836631526
163.75,31.5706787109375,-0.0314647704766049
165,31.5706787109375,-0.0304647676434819
166.25,31.5706787109375,-0.0297753317573045
167.5,31.5706787109375,-0.0298415289807704
168.75,31.5706787109375,-0.0301819715240625
170,31.5706787109375,-0.0305045759532461
171.25,31.5706787109375,-0.0300874950788367
172.5,31.5706787109375,-0.0293721871721084
173.75,31.5706787109375,-0.0293520826883498
175,31.5706787109375,-0.0294782226768563
176.25,31.5706787109375,-0.0293641717107655
177.5,31.5706787109375,-0.0292859412159273
178.75,31.5706787109375,-0.0293882136521818
180,31.5706787109375,-0.0294027792991591
181.25,31.5706787109375,-0.0285580852133756
182.5,31.5706787109375,-0.0274877821193238
183.75,31.5706787109375,-0.0259107798749715
185,31.5706787109375,-0.023557277076302
186.25,31.5706787109375,-0.0204720406295088
187.5,31.5706787109375,-0.0164914944063113
188.75,31.5706787109375,-0.0121115754164334
190,31.5706787109375,-0.00822295053633718
191.25,31.5706787109375,-0.00501837150707438
192.5,31.5706787109375,-0.0026094030770094
193.75,31.5706787109375,-0.000957433821856743
195,31.5706787109375,8.59052213541617e-05
196.25,31.5706787109375,0.000834694201391508
197.5,31.5706787109375,0.00117603484403126
198.75,31.5706787109375,0.00218781920354337
200,31.5706787109375,0.00331821989288193
201.25,31.5706787109375,0.00424927779296112
202.5,31.5706787109375,0.00589645144995951
203.75,31.5706787109375,0.00782285509048668
205,31.5706787109375,0.00768425946125497
206.25,31.5706787109375,0.00476539027729486
207.5,31.5706787109375,0.000526562958922323
208.75,31.5706787109375,-0.0036295723534914
210,31.5706787109375,-0.00637956516288336
211.25,31.5706787109375,-0.00776355964672081
212.5,31.5706787109375,-0.00894173930634334
213.75,31.5706787109375,-0.0109485881837983
215,31.5706787109375,-0.0141042797592558
216.25,31.5706787109375,-0.0174560341715065
217.5,31.5706787109375,-0.0192277593549287
218.75,31.5706787109375,-0.0193297426714724
220,31.5706787109375,-0.0217053897343856
221.25,31.5706787109375,-0.0259745934442296
222.5,31.5706787109375,-0.0308084531497542
223.75,31.5706787109375,-0.0358264790855045
225,31.5706787109375,-0.0408124710447285
226.25,31.5706787109375,-0.0451029320255509
227.5,31.5706787109375,-0.0482164273723099
228.75,31.5706787109375,-0.0503742146827381
230,31.5706787109375,-0.0512935495303387
231.25,31.5706787109375,-0.0499033621685866
232.5,31.5706787109375,-0.0471982607320568
233.75,31.5706787109375,-0.0429807403145777
235,31.5706787109375,-0.036971351757766
236.25,31.5706787109375,-0.0290569050475436
237.5,31.5706787109375,-0.0200767112754977
238.75,31.5706787109375,-0.0116369538166535
240,31.5706787109375,-0.0038779888755659
241.25,31.5706787109375,0.00407919614475888
242.5,31.5706787109375,0.00930060245977401
243.75,31.5706787109375,0.0144650348611505
160,32.5130920410156,-0.0321962659396146
161.25,32.5130920410156,-0.0326172065695053
162.5,32.5130920410156,-0.0322250428852879
163.75,32.5130920410156,-0.0309358091716733
165,32.5130920410156,-0.0296808150417128
166.25,32.5130920410156,-0.028616225075843
167.5,32.5130920410156,-0.028448802331682
168.75,32.5130920410156,-0.0284921257519052
170,32.5130920410156,-0.0288441733347369
171.25,32.5130920410156,-0.0291539661923478
172.5,32.5130920410156,-0.030479163048184
173.75,32.5130920410156,-0.0321060849940061
175,32.5130920410156,-0.0330396095307551
176.25,32.5130920410156,-0.0328946990282655
177.5,32.5130920410156,-0.0322872825397588
178.75,32.5130920410156,-0.0320963065096066
180,32.5130920410156,-0.0324173489869904
181.25,32.5130920410156,-0.0321007665993095
182.5,32.5130920410156,-0.0307962497926424
183.75,32.5130920410156,-0.0287116156698536
185,32.5130920410156,-0.025701808194424
186.25,32.5130920410156,-0.0219246279039982
187.5,32.5130920410156,-0.0174606810098145
188.75,32.5130920410156,-0.0124607614329659
190,32.5130920410156,-0.00781665583755013
191.25,32.5130920410156,-0.00433007025203927
192.5,32.5130920410156,-0.00170749299132969
193.75,32.5130920410156,-0.000145382374704104
195,32.5130920410156,0.000597001038205913
196.25,32.5130920410156,0.00144597354814253
197.5,32.5130920410156,0.00199598434577538
198.75,32.5130920410156,0.00286989467147793
200,32.5130920410156,0.00333223147658757
201.25,32.5130920410156,0.00334659594323791
202.5,32.5130920410156,0.00417609507956344
203.75,32.5130920410156,0.00662344788749306
205,32.5130920410156,0.00903032016464599
206.25,32.5130920410156,0.00884842215095542
207.5,32.5130920410156,0.00598872168389315
208.75,32.5130920410156,0.00276506444558039
210,32.5130920410156,0.00022875948099818
211.25,32.5130920410156,-0.00108747336255758
212.5,32.5130920410156,-0.00164244745057442
213.75,32.5130920410156,-0.00370184589321355
215,32.5130920410156,-0.00770068679749304
216.25,32.5130920410156,-0.0126956850322691
217.5,32.5130920410156,-0.0161906715789823
218.75,32.5130920410156,-0.0177009653493825
220,32.5130920410156,-0.0199738163827976
221.25,32.5130920410156,-0.023389374460155
222.5,32.5130920410156,-0.02801029117428
223.75,32.5130920410156,-0.0333880347693949
225,32.5130920410156,-0.0388222716313159
226.25,32.5130920410156,-0.0437407855926853
227.5,32.5130920410156,-0.0479071123650903
228.75,32.5130920410156,-0.0510472273517551
230,32.5130920410156,-0.0529547777029084
231.25,32.5130920410156,-0.0524776727538994
232.5,32.5130920410156,-0.0511290618557341
233.75,32.5130920410156,-0.0480045393290737
235,32.5130920410156,-0.0425973274496671
236.25,32.5130920410156,-0.0347372898860946
237.5,32.5130920410156,-0.0251644949853107
238.75,32.5130920410156,-0.0148732217635543
240,32.5130920410156,-0.00440916034310289
241.25,32.5130920410156,0.00485088432174091
242.5,32.5130920410156,0.00882032481268479
160,33.4554977416992,-0.0314416151480172
161.25,33.4554977416992,-0.0321439917514839
162.5,33.4554977416992,-0.031901625583557
163.75,33.4554977416992,-0.0307280826740464
165,33.4554977416992,-0.0293786618200123
166.25,33.4554977416992,-0.0281070385027351
167.5,33.4554977416992,-0.0269555638848418
168.75,33.4554977416992,-0.0262029945129903
170,33.4554977416992,-0.025918260332444
171.25,33.4554977416992,-0.0260983129253363
172.5,33.4554977416992,-0.0272355464203657
173.75,33.4554977416992,-0.0292219034229258
175,33.4554977416992,-0.0309052486994933
176.25,33.4554977416992,-0.0316694425594211
177.5,33.4554977416992,-0.0316769715398673
178.75,33.4554977416992,-0.0316517358296456
180,33.4554977416992,-0.031737624478627
181.25,33.4554977416992,-0.0309385766471119
182.5,33.4554977416992,-0.0296660185444949
183.75,33.4554977416992,-0.0279098353394785
185,33.4554977416992,-0.024853360594489
186.25,33.4554977416992,-0.0206577947114377
187.5,33.4554977416992,-0.0160191770119209
188.75,33.4554977416992,-0.0111500939210031
190,33.4554977416992,-0.00645680082292322
191.25,33.4554977416992,-0.00253904112120578
192.5,33.4554977416992,0.000183696585505898
193.75,33.4554977416992,0.00185849027504274
195,33.4554977416992,0.00234348709185026
196.25,33.4554977416992,0.00328909786322374
197.5,33.4554977416992,0.00355244761880013
198.75,33.4554977416992,0.00396877180996633
200,33.4554977416992,0.00384066995620411
201.25,33.4554977416992,0.00310133656140155
202.5,33.4554977416992,0.00275685012164314
203.75,33.4554977416992,0.00445418627015097
205,33.4554977416992,0.00757022410946474
206.25,33.4554977416992,0.0106312643544935
207.5,33.4554977416992,0.0105958064948178
208.75,33.4554977416992,0.00814775122242108
210,33.4554977416992,0.00586896038477768
211.25,33.4554977416992,0.00441931872014602
212.5,33.4554977416992,0.00393213983208458
213.75,33.4554977416992,0.00253971654123634
215,33.4554977416992,-0.000674085000575764
216.25,33.4554977416992,-0.00512718774155993
217.5,33.4554977416992,-0.0101076411115009
218.75,33.4554977416992,-0.014105736506289
220,33.4554977416992,-0.0180009900262546
221.25,33.4554977416992,-0.0209933947614554
222.5,33.4554977416992,-0.0246765943975882
223.75,33.4554977416992,-0.0296612280758793
225,33.4554977416992,-0.0355734115700389
226.25,33.4554977416992,-0.0410284215620452
227.5,33.4554977416992,-0.0459943417870357
228.75,33.4554977416992,-0.0501455770214441
230,33.4554977416992,-0.0523217242891638
231.25,33.4554977416992,-0.0530906781071031
232.5,33.4554977416992,-0.052924298800763
233.75,33.4554977416992,-0.0509612548907529
235,33.4554977416992,-0.0462548804957495
236.25,33.4554977416992,-0.0387230238224531
237.5,33.4554977416992,-0.0283024325302894
238.75,33.4554977416992,-0.015912254489759
240,33.4554977416992,-0.00413556824611448
241.25,33.4554977416992,0.00565540491451199
242.5,33.4554977416992,0.0101718905007594
160,34.3979034423828,-0.0301280213457972
161.25,34.3979034423828,-0.0308818900783008
162.5,34.3979034423828,-0.0310144904120375
163.75,34.3979034423828,-0.0304576600679013
165,34.3979034423828,-0.0292230774259979
166.25,34.3979034423828,-0.0277227525145336
167.5,34.3979034423828,-0.0258494805531182
168.75,34.3979034423828,-0.0239824377213218
170,34.3979034423828,-0.0229608218336194
171.25,34.3979034423828,-0.0225393893355661
172.5,34.3979034423828,-0.0225478411132916
173.75,34.3979034423828,-0.0231083376481018
175,34.3979034423828,-0.0243027938934428
176.25,34.3979034423828,-0.0248474672309052
177.5,34.3979034423828,-0.0250904612414372
178.75,34.3979034423828,-0.0257433432395842
180,34.3979034423828,-0.0265132386103198
181.25,34.3979034423828,-0.0260618942621405
182.5,34.3979034423828,-0.0250662380325192
183.75,34.3979034423828,-0.0232521939741821
185,34.3979034423828,-0.0203728945868126
186.25,34.3979034423828,-0.0161164208421885
187.5,34.3979034423828,-0.0111200370964302
188.75,34.3979034423828,-0.00642586100538043
190,34.3979034423828,-0.00227937236823902
191.25,34.3979034423828,0.00138940897265807
192.5,34.3979034423828,0.00409943277111177
193.75,34.3979034423828,0.00532989171461708
195,34.3979034423828,0.0054644418323865
196.25,34.3979034423828,0.00576658290344254
197.5,34.3979034423828,0.00556290638777434
198.75,34.3979034423828,0.0051517976167175
200,34.3979034423828,0.00426925174689242
201.25,34.3979034423828,0.00297602214288115
202.5,34.3979034423828,0.0021680371692547
203.75,34.3979034423828,0.00298911337167904
205,34.3979034423828,0.00576243711789745
206.25,34.3979034423828,0.01035367692576
207.5,34.3979034423828,0.0136255712388129
208.75,34.3979034423828,0.0133307726660323
210,34.3979034423828,0.0112311954278607
211.25,34.3979034423828,0.00934888829668471
212.5,34.3979034423828,0.00814088027883554
213.75,34.3979034423828,0.00682270738494112
215,34.3979034423828,0.00458442764994527
216.25,34.3979034423828,0.00113084710167427
217.5,34.3979034423828,-0.00373699023989069
218.75,34.3979034423828,-0.00944310876260777
220,34.3979034423828,-0.0151993278038912
221.25,34.3979034423828,-0.0189292133526541
222.5,34.3979034423828,-0.0216935770348065
223.75,34.3979034423828,-0.0258792340979909
225,34.3979034423828,-0.0315044083491663
226.25,34.3979034423828,-0.0371035234692747
227.5,34.3979034423828,-0.0423348500530349
228.75,34.3979034423828,-0.0471737762810809
230,34.3979034423828,-0.0505083327152052
231.25,34.3979034423828,-0.0523742748194167
232.5,34.3979034423828,-0.0531371901495694
233.75,34.3979034423828,-0.0522885684793975
235,34.3979034423828,-0.0483919601722721
236.25,34.3979034423828,-0.0410166627872019
237.5,34.3979034423828,-0.0298357405070098
238.75,34.3979034423828,-0.0189559658469938
240,34.3979034423828,-0.0096079579092906
241.25,34.3979034423828,0.00480869730526077
160,35.3403167724609,-0.028049969020528
161.25,35.3403167724609,-0.0283951954118725
162.5,35.3403167724609,-0.0286038837387891
163.75,35.3403167724609,-0.0282613170094739
165,35.3403167724609,-0.0271797979040366
166.25,35.3403167724609,-0.0258046072104305
167.5,35.3403167724609,-0.0236832143320689
168.75,35.3403167724609,-0.0211886826913796
170,35.3403167724609,-0.0193775537247309
171.25,35.3403167724609,-0.0183293870561758
172.5,35.3403167724609,-0.0174360649390967
173.75,35.3403167724609,-0.0168464508595977
175,35.3403167724609,-0.0164267227871524
176.25,35.3403167724609,-0.0154228226035966
177.5,35.3403167724609,-0.0143989205701048
178.75,35.3403167724609,-0.0143450646381203
180,35.3403167724609,-0.0156339522750989
181.25,35.3403167724609,-0.0164390535574657
182.5,35.3403167724609,-0.0162422032096611
183.75,35.3403167724609,-0.0150833949941454
185,35.3403167724609,-0.0124863544791531
186.25,35.3403167724609,-0.00916894519231648
187.5,35.3403167724609,-0.00490016433247796
188.75,35.3403167724609,-0.000898170876905785
190,35.3403167724609,0.00249641610618224
191.25,35.3403167724609,0.00558742721960696
192.5,35.3403167724609,0.00808168959653465
193.75,35.3403167724609,0.00944028407424169
195,35.3403167724609,0.00955144071973377
196.25,35.3403167724609,0.00944128184589499
197.5,35.3403167724609,0.00879012449763694
198.75,35.3403167724609,0.0074916222291771
200,35.3403167724609,0.00549354378001942
201.25,35.3403167724609,0.00342808091354739
202.5,35.3403167724609,0.00210657422286422
203.75,35.3403167724609,0.00204274189483701
205,35.3403167724609,0.00378380007392293
206.25,35.3403167724609,0.00803104079694374
207.5,35.3403167724609,0.0123880354134316
208.75,35.3403167724609,0.0141496632713231
210,35.3403167724609,0.0137077245370207
211.25,35.3403167724609,0.0127129235158273
212.5,35.3403167724609,0.0112912064220778
213.75,35.3403167724609,0.00983645601410895
215,35.3403167724609,0.008254508575732
216.25,35.3403167724609,0.00558274952449449
217.5,35.3403167724609,0.00152685361219431
218.75,35.3403167724609,-0.00427620220745216
220,35.3403167724609,-0.0109164787006476
221.25,35.3403167724609,-0.0160893387191227
222.5,35.3403167724609,-0.0192995107486101
223.75,35.3403167724609,-0.0224180464153041
225,35.3403167724609,-0.0268630754332016
226.25,35.3403167724609,-0.032141318936911
227.5,35.3403167724609,-0.0374884220490754
228.75,35.3403167724609,-0.0428722281412326
230,35.3403167724609,-0.0474514460594427
231.25,35.3403167724609,-0.0504566859033992
232.5,35.3403167724609,-0.0522009511324204
233.75,35.3403167724609,-0.0520499507083183
235,35.3403167724609,-0.0490999753954267
236.25,35.3403167724609,-0.0417373043877205
237.5,35.3403167724609,-0.0313235465195682
238.75,35.3403167724609,-0.0234627220184952
240,35.3403167724609,-0.0183922943766124
160,36.2827224731445,-0.0254490937041609
161.25,36.2827224731445,-0.0246327417836269
162.5,36.2827224731445,-0.0240217259927965
163.75,36.2827224731445,-0.0231287988870907
165,36.2827224731445,-0.0219029044897408
166.25,36.2827224731445,-0.0205744432108912
167.5,36.2827224731445,-0.0187530577044944
168.75,36.2827224731445,-0.0164256858035912
170,36.2827224731445,-0.0144517220990376
171.25,36.2827224731445,-0.0131094909492851
172.5,36.2827224731445,-0.0118301170701206
173.75,36.2827224731445,-0.0110972257497925
175,36.2827224731445,-0.00996631336349442
176.25,36.2827224731445,-0.00795803043986351
177.5,36.2827224731445,-0.00593075480511871
178.75,36.2827224731445,-0.00479396169925092
180,36.2827224731445,-0.00499630016914756
181.25,36.2827224731445,-0.00556029323620462
182.5,36.2827224731445,-0.00575989727767391
183.75,36.2827224731445,-0.00502827929052028
185,36.2827224731445,-0.00274608573211242
186.25,36.2827224731445,1.39438329218172e-05
187.5,36.2827224731445,0.00304966993469173
188.75,36.2827224731445,0.00580115803144573
190,36.2827224731445,0.00797314415698198
191.25,36.2827224731445,0.0098799322205683
192.5,36.2827224731445,0.0114914383262026
193.75,36.2827224731445,0.0122519523992187
195,36.2827224731445,0.0123203489558997
196.25,36.2827224731445,0.0120995733805607
197.5,36.2827224731445,0.0116837406945476
198.75,36.2827224731445,0.0101715468458128
200,36.2827224731445,0.00780064993450632
201.25,36.2827224731445,0.00556816618486998
202.5,36.2827224731445,0.00369633606026023
203.75,36.2827224731445,0.00247719265154145
205,36.2827224731445,0.00282469557062765
206.25,36.2827224731445,0.00559145692120784
207.5,36.2827224731445,0.00960275387599612
208.75,36.2827224731445,0.0123472443290056
210,36.2827224731445,0.0135211537834286
211.25,36.2827224731445,0.0140489892812367
212.5,36.2827224731445,0.0138569841915014
213.75,36.2827224731445,0.0131594996949034
215,36.2827224731445,0.0120346537889297
216.25,36.2827224731445,0.0100999115449185
217.5,36.2827224731445,0.00657111196344633
218.75,36.2827224731445,0.00122992246416119
220,36.2827224731445,-0.00530543821838003
221.25,36.2827224731445,-0.0113535811639065
222.5,36.2827224731445,-0.0155122214584557
223.75,36.2827224731445,-0.0187332340537036
225,36.2827224731445,-0.0224066771269724
226.25,36.2827224731445,-0.0269864614098889
227.5,36.2827224731445,-0.0318969267238546
228.75,36.2827224731445,-0.0372608650736513
230,36.2827224731445,-0.0426874647134724
231.25,36.2827224731445,-0.0469103411050088
232.5,36.2827224731445,-0.049711132071045
233.75,36.2827224731445,-0.0508747525614224
235,36.2827224731445,-0.048830792850484
236.25,36.2827224731445,-0.042113790002442
237.5,36.2827224731445,-0.0341361901613451
238.75,36.2827224731445,-0.0305523804175325
160,37.2251281738281,-0.0226355310019105
161.25,37.2251281738281,-0.0207818053916528
162.5,37.2251281738281,-0.0194585692820833
163.75,37.2251281738281,-0.0179701500080992
165,37.2251281738281,-0.0163010382222939
166.25,37.2251281738281,-0.0147795126165967
167.5,37.2251281738281,-0.0130619555682425
168.75,37.2251281738281,-0.0109201762829619
170,37.2251281738281,-0.00875987934932776
171.25,37.2251281738281,-0.00693917405437868
172.5,37.2251281738281,-0.00553557470993382
173.75,37.2251281738281,-0.00477065374276525
175,37.2251281738281,-0.00353866412589946
176.25,37.2251281738281,-0.00138499530444385
177.5,37.2251281738281,0.0011253245078424
178.75,37.2251281738281,0.00284302868577663
180,37.2251281738281,0.0034599017081357
181.25,37.2251281738281,0.00351019350062008
182.5,37.2251281738281,0.00343431169803106
183.75,37.2251281738281,0.00371460683233984
185,37.2251281738281,0.00521680019660547
186.25,37.2251281738281,0.00754884796273849
187.5,37.2251281738281,0.00979911648080323
188.75,37.2251281738281,0.0118608421348821
190,37.2251281738281,0.0134225587038888
191.25,37.2251281738281,0.014686783663854
192.5,37.2251281738281,0.0155507620552218
193.75,37.2251281738281,0.0155490336867321
195,37.2251281738281,0.0149742974830092
196.25,37.2251281738281,0.0142019922973069
197.5,37.2251281738281,0.0136458514006249
198.75,37.2251281738281,0.012367947039779
200,37.2251281738281,0.0102850984496692
201.25,37.2251281738281,0.00815308414510381
202.5,37.2251281738281,0.0063711687936546
203.75,37.2251281738281,0.00483679415301616
205,37.2251281738281,0.00414964565341523
206.25,37.2251281738281,0.00522717646932824
207.5,37.2251281738281,0.00740153232796088
208.75,37.2251281738281,0.00990084682803522
210,37.2251281738281,0.0123739778279981
211.25,37.2251281738281,0.0143889607458523
212.5,37.2251281738281,0.0158617242711625
213.75,37.2251281738281,0.0162070722829675
215,37.2251281738281,0.0155885630144332
216.25,37.2251281738281,0.0141579459288773
217.5,37.2251281738281,0.0114985702812574
218.75,37.2251281738281,0.0069008485513393
220,37.2251281738281,0.000760904491445684
221.25,37.2251281738281,-0.0056988575559559
222.5,37.2251281738281,-0.0109384340716063
223.75,37.2251281738281,-0.0147830084634436
225,37.2251281738281,-0.0181313029258575
226.25,37.2251281738281,-0.0219829601979956
227.5,37.2251281738281,-0.0265503881733122
228.75,37.2251281738281,-0.0314976940024647
230,37.2251281738281,-0.0365527838225014
231.25,37.2251281738281,-0.0413873671898326
232.5,37.2251281738281,-0.0457004761232908
233.75,37.2251281738281,-0.0484322418867774
235,37.2251281738281,-0.0470965405410677
236.25,37.2251281738281,-0.0424976644324883
237.5,37.2251281738281,-0.0390607704590746
238.75,37.2251281738281,-0.0312176958815955
160,38.1675415039062,-0.0172224178845829
161.25,38.1675415039062,-0.0152790388992811
162.5,38.1675415039062,-0.0139422888841706
163.75,38.1675415039062,-0.0125508798471565
165,38.1675415039062,-0.011011661352682
166.25,38.1675415039062,-0.00947275358180152
167.5,38.1675415039062,-0.00794974821931405
168.75,38.1675415039062,-0.00602644461019809
170,38.1675415039062,-0.00373216337040367
171.25,38.1675415039062,-0.00164086125735773
172.5,38.1675415039062,0.000131457172996298
173.75,38.1675415039062,0.00109028403419998
175,38.1675415039062,0.00194516052480712
176.25,38.1675415039062,0.00369399697779914
177.5,38.1675415039062,0.00592205033065195
178.75,38.1675415039062,0.00757142389473335
180,38.1675415039062,0.00845888773720606
181.25,38.1675415039062,0.00906390107406855
182.5,38.1675415039062,0.00978176468418567
183.75,38.1675415039062,0.0108509381918693
185,38.1675415039062,0.012523032561088
186.25,38.1675415039062,0.0143957423459933
187.5,38.1675415039062,0.0159271454355748
188.75,38.1675415039062,0.0172044833925431
190,38.1675415039062,0.0181240112253047
191.25,38.1675415039062,0.0185947072603369
192.5,38.1675415039062,0.0189766244492764
193.75,38.1675415039062,0.0187460026658073
195,38.1675415039062,0.01787662517717
196.25,38.1675415039062,0.01652698222352
197.5,38.1675415039062,0.0152817419750473
198.75,38.1675415039062,0.0141014280939712
200,38.1675415039062,0.0125582617763809
201.25,38.1675415039062,0.0109121097334699
202.5,38.1675415039062,0.00923419978208434
203.75,38.1675415039062,0.00757774649084273
205,38.1675415039062,0.00627742563560088
206.25,38.1675415039062,0.00611765625453604
207.5,38.1675415039062,0.00709255271080472
208.75,38.1675415039062,0.00888158193375436
210,38.1675415039062,0.0111629772692635
211.25,38.1675415039062,0.0139690699113613
212.5,38.1675415039062,0.0165608117844013
213.75,38.1675415039062,0.0177081562544513
215,38.1675415039062,0.0178133577948109
216.25,38.1675415039062,0.0171561727613674
217.5,38.1675415039062,0.0152259553784259
218.75,38.1675415039062,0.0112057226290046
220,38.1675415039062,0.00564909299327712
221.25,38.1675415039062,-9.53641554239626e-05
222.5,38.1675415039062,-0.00548688851695464
223.75,38.1675415039062,-0.0101188681710939
225,38.1675415039062,-0.0136209374760908
226.25,38.1675415039062,-0.0167968581999593
227.5,38.1675415039062,-0.0205154849634451
228.75,38.1675415039062,-0.024836080086463
230,38.1675415039062,-0.0297816035763684
231.25,38.1675415039062,-0.0352630631728013
232.5,38.1675415039062,-0.0411144120654614
233.75,38.1675415039062,-0.0456114104150108
235,38.1675415039062,-0.04556932087945
236.25,38.1675415039062,-0.0427709957254337
237.5,38.1675415039062,-0.0403365373636073
160,39.1099548339844,-0.0101488707375581
161.25,39.1099548339844,-0.00915195453921814
162.5,39.1099548339844,-0.00853027124066498
163.75,39.1099548339844,-0.00774239816129849
165,39.1099548339844,-0.00663789373949531
166.25,39.1099548339844,-0.00530796132924589
167.5,39.1099548339844,-0.0037483606265426
168.75,39.1099548339844,-0.00177238098660192
170,39.1099548339844,0.000553598693775387
171.25,39.1099548339844,0.00296768696057669
172.5,39.1099548339844,0.0054151375170344
173.75,39.1099548339844,0.00669033134704316
175,39.1099548339844,0.00717717365091966
176.25,39.1099548339844,0.00807713837355621
177.5,39.1099548339844,0.00933130597710207
178.75,39.1099548339844,0.0102955776297626
180,39.1099548339844,0.0108634030573045
181.25,39.1099548339844,0.0114284409444114
182.5,39.1099548339844,0.0124919112909097
183.75,39.1099548339844,0.0143007201605238
185,39.1099548339844,0.0165949978028077
186.25,39.1099548339844,0.0188361082212411
187.5,39.1099548339844,0.0202365084386881
188.75,39.1099548339844,0.0213096144787286
190,39.1099548339844,0.0221667819294289
191.25,39.1099548339844,0.0224807505227475
192.5,39.1099548339844,0.0223157173612431
193.75,39.1099548339844,0.0218138840907664
195,39.1099548339844,0.0205804243703947
196.25,39.1099548339844,0.0185428006963862
197.5,39.1099548339844,0.0165386836977573
198.75,39.1099548339844,0.0150934380159676
200,39.1099548339844,0.0138456812129898
201.25,39.1099548339844,0.0127944724448566
202.5,39.1099548339844,0.0116319922531238
203.75,39.1099548339844,0.0102070426726536
205,39.1099548339844,0.00858257317027156
206.25,39.1099548339844,0.00753687294901448
207.5,39.1099548339844,0.00741644142012212
208.75,39.1099548339844,0.008411951022696
210,39.1099548339844,0.010440711140109
211.25,39.1099548339844,0.013155076382333
212.5,39.1099548339844,0.0155139960755155
213.75,39.1099548339844,0.0168063463797315
215,39.1099548339844,0.0175765557120527
216.25,39.1099548339844,0.0178951126650861
217.5,39.1099548339844,0.0168113366809372
218.75,39.1099548339844,0.0134273920653761
220,39.1099548339844,0.00830670750702332
221.25,39.1099548339844,0.0033792131421249
222.5,39.1099548339844,-0.000844307211203881
223.75,39.1099548339844,-0.00506055058613635
225,39.1099548339844,-0.00828839797613222
226.25,39.1099548339844,-0.010815326747802
227.5,39.1099548339844,-0.0135990757922461
228.75,39.1099548339844,-0.0175781436361368
230,39.1099548339844,-0.0231046338445612
231.25,39.1099548339844,-0.0299810580373422
232.5,39.1099548339844,-0.0372255594694525
233.75,39.1099548339844,-0.0429289541042986
235,39.1099548339844,-0.0441595562339953
236.25,39.1099548339844,-0.0425578208873565
160,40.0523529052734,-0.000801061820903961
161.25,40.0523529052734,-0.00118963512358285
162.5,40.0523529052734,-0.00132891124301096
163.75,40.0523529052734,-0.00132330766379897
165,40.0523529052734,-0.00130624084652888
166.25,40.0523529052734,-0.000880992169758082
167.5,40.0523529052734,0.000185258121002557
168.75,40.0523529052734,0.00183298011317676
170,40.0523529052734,0.0037237150742564
171.25,40.0523529052734,0.00581316051947296
172.5,40.0523529052734,0.00786135639092258
173.75,40.0523529052734,0.00909993606087803
175,40.0523529052734,0.00946097629352849
176.25,40.0523529052734,0.0100210843134035
177.5,40.0523529052734,0.0108203518957744
178.75,40.0523529052734,0.0112854102088357
180,40.0523529052734,0.0115702482471726
181.25,40.0523529052734,0.0122700198160227
182.5,40.0523529052734,0.0138601361080798
183.75,40.0523529052734,0.0163528763925528
185,40.0523529052734,0.0192613238932635
186.25,40.0523529052734,0.0219407722431645
187.5,40.0523529052734,0.0236861402200828
188.75,40.0523529052734,0.0247013224434986
190,40.0523529052734,0.0252777628594976
191.25,40.0523529052734,0.0255469771012667
192.5,40.0523529052734,0.0254220122898804
193.75,40.0523529052734,0.0246680619752553
195,40.0523529052734,0.023135021486442
196.25,40.0523529052734,0.0209139343995685
197.5,40.0523529052734,0.0185850308536823
198.75,40.0523529052734,0.016696577077846
200,40.0523529052734,0.0152952173952977
201.25,40.0523529052734,0.0143432383241505
202.5,40.0523529052734,0.0133479912851055
203.75,40.0523529052734,0.0121312709262573
205,40.0523529052734,0.0106505552302237
206.25,40.0523529052734,0.00935271042343486
207.5,40.0523529052734,0.00841916610609251
208.75,40.0523529052734,0.00835255106075484
210,40.0523529052734,0.00972240368925703
211.25,40.0523529052734,0.0118229929259626
212.5,40.0523529052734,0.0135683011820031
213.75,40.0523529052734,0.0146345331109899
215,40.0523529052734,0.0156284060135535
216.25,40.0523529052734,0.0164429199550298
217.5,40.0523529052734,0.0159564548209295
218.75,40.0523529052734,0.0133945685943206
220,40.0523529052734,0.00919057484724516
221.25,40.0523529052734,0.00509155017594458
222.5,40.0523529052734,0.00184927381421078
223.75,40.0523529052734,-0.000814171714092786
225,40.0523529052734,-0.00329578647414637
226.25,40.0523529052734,-0.00520214815900567
227.5,40.0523529052734,-0.00699948214091946
228.75,40.0523529052734,-0.0107978150739222
230,40.0523529052734,-0.0168511157587097
231.25,40.0523529052734,-0.0244603744287802
232.5,40.0523529052734,-0.032667673295602
233.75,40.0523529052734,-0.0400431780724158
235,40.0523529052734,-0.042043017812856
236.25,40.0523529052734,-0.0427129394003576
160,40.9947662353516,0.00642109178454532
161.25,40.9947662353516,0.00581431651167235
162.5,40.9947662353516,0.00587275785352556
163.75,40.9947662353516,0.00589853153935168
165,40.9947662353516,0.00513193687932593
166.25,40.9947662353516,0.0046227978190666
167.5,40.9947662353516,0.00526190868200655
168.75,40.9947662353516,0.00670077174607979
170,40.9947662353516,0.00826302133716976
171.25,40.9947662353516,0.00960587129992669
172.5,40.9947662353516,0.0105821255346648
173.75,40.9947662353516,0.0107620038222981
175,40.9947662353516,0.0106102770511902
176.25,40.9947662353516,0.0108138646884034
177.5,40.9947662353516,0.0110854632420886
178.75,40.9947662353516,0.0111718749974145
180,40.9947662353516,0.0114360890972132
181.25,40.9947662353516,0.0122327567911239
182.5,40.9947662353516,0.0140431897370779
183.75,40.9947662353516,0.0168585279090711
185,40.9947662353516,0.0203303619684247
186.25,40.9947662353516,0.023675200775814
187.5,40.9947662353516,0.0263886992559899
188.75,40.9947662353516,0.0279433524948478
190,40.9947662353516,0.0285659121937927
191.25,40.9947662353516,0.0285262774886778
192.5,40.9947662353516,0.0280412215660073
193.75,40.9947662353516,0.0268878619721138
195,40.9947662353516,0.0251660964326682
196.25,40.9947662353516,0.0230689910939171
197.5,40.9947662353516,0.0207834395982087
198.75,40.9947662353516,0.0188200161428825
200,40.9947662353516,0.0172888098430106
201.25,40.9947662353516,0.0161024623251479
202.5,40.9947662353516,0.0151364859028323
203.75,40.9947662353516,0.0140412847737169
205,40.9947662353516,0.0125781729137293
206.25,40.9947662353516,0.0110626142349456
207.5,40.9947662353516,0.00951562833306922
208.75,40.9947662353516,0.00860513351079196
210,40.9947662353516,0.00903936776384557
211.25,40.9947662353516,0.0103319401157629
212.5,40.9947662353516,0.0112620031733227
213.75,40.9947662353516,0.0120659968133376
215,40.9947662353516,0.0130361316395815
216.25,40.9947662353516,0.0137329647888962
217.5,40.9947662353516,0.0132062595377322
218.75,40.9947662353516,0.011230316566509
220,40.9947662353516,0.00804878207059452
221.25,40.9947662353516,0.00487807975956181
222.5,40.9947662353516,0.00274169394523692
223.75,40.9947662353516,0.00129394846591823
225,40.9947662353516,-0.000124104713074548
226.25,40.9947662353516,-0.00159790810477125
227.5,40.9947662353516,-0.00323540858233225
228.75,40.9947662353516,-0.00653504334366083
230,40.9947662353516,-0.0117747465376777
231.25,40.9947662353516,-0.0191846537134981
232.5,40.9947662353516,-0.0276539745535108
233.75,40.9947662353516,-0.0351358983680455
235,40.9947662353516,-0.0360223197093677
236.25,40.9947662353516,-0.0345761382993767
160,41.9371795654297,0.0125340002460733
161.25,41.9371795654297,0.0126461799374604
162.5,41.9371795654297,0.0126888320464585
163.75,41.9371795654297,0.0122946420430613
165,41.9371795654297,0.0110700773651911
166.25,41.9371795654297,0.0101843319258823
167.5,41.9371795654297,0.0103644957750984
168.75,41.9371795654297,0.0112622907520488
170,41.9371795654297,0.0123943299264823
171.25,41.9371795654297,0.0136347710843685
172.5,41.9371795654297,0.0142018943636458
173.75,41.9371795654297,0.0134218223080258
175,41.9371795654297,0.0124500504731249
176.25,41.9371795654297,0.0118532567197986
177.5,41.9371795654297,0.0114071074809276
178.75,41.9371795654297,0.0108973170603744
180,41.9371795654297,0.0107291768135364
181.25,41.9371795654297,0.0113744432068867
182.5,41.9371795654297,0.0132139462813681
183.75,41.9371795654297,0.0160045003599363
185,41.9371795654297,0.0197232646028378
186.25,41.9371795654297,0.0235277729673559
187.5,41.9371795654297,0.0266506176438937
188.75,41.9371795654297,0.0287200234722094
190,41.9371795654297,0.0298969111651422
191.25,41.9371795654297,0.0301349960553682
192.5,41.9371795654297,0.0297903957124676
193.75,41.9371795654297,0.0288494064772329
195,41.9371795654297,0.0271228294318141
196.25,41.9371795654297,0.0248487814059743
197.5,41.9371795654297,0.022442641479333
198.75,41.9371795654297,0.020375656330819
200,41.9371795654297,0.0185901914707583
201.25,41.9371795654297,0.0169778646124416
202.5,41.9371795654297,0.0157678902513743
203.75,41.9371795654297,0.0146887025084767
205,41.9371795654297,0.013379179827373
206.25,41.9371795654297,0.0118572151282961
207.5,41.9371795654297,0.010064497837544
208.75,41.9371795654297,0.00866403087583618
210,41.9371795654297,0.00831383142452481
211.25,41.9371795654297,0.00873260011906521
212.5,41.9371795654297,0.00915896329331837
213.75,41.9371795654297,0.00967405640654584
215,41.9371795654297,0.0102605745580265
216.25,41.9371795654297,0.0103561870284587
217.5,41.9371795654297,0.00968998073544741
218.75,41.9371795654297,0.00799083436184585
220,41.9371795654297,0.00555895305764578
221.25,41.9371795654297,0.00296600229340389
222.5,41.9371795654297,0.00117494686128668
223.75,41.9371795654297,0.000305811792681585
225,41.9371795654297,-0.00031233692307753
226.25,41.9371795654297,-0.000999889419852892
227.5,41.9371795654297,-0.00206135173917428
228.75,41.9371795654297,-0.00460078112926968
230,41.9371795654297,-0.00878363206384988
231.25,41.9371795654297,-0.0153125705471188
232.5,41.9371795654297,-0.0230786838644364
233.75,41.9371795654297,-0.0294222588192199
235,41.9371795654297,-0.0302145258531943
236.25,41.9371795654297,-0.0294148454730454
160,42.8795776367188,0.0149822641668949
161.25,42.8795776367188,0.0164013175513282
162.5,42.8795776367188,0.0167260252973286
163.75,42.8795776367188,0.0162833953795417
165,42.8795776367188,0.0154590055261006
166.25,42.8795776367188,0.014767056494043
167.5,42.8795776367188,0.0146877748558357
168.75,42.8795776367188,0.0150544989488696
170,42.8795776367188,0.015769005874128
171.25,42.8795776367188,0.0165857626249635
172.5,42.8795776367188,0.0162698029984962
173.75,42.8795776367188,0.0147878921238438
175,42.8795776367188,0.0130656739590192
176.25,42.8795776367188,0.0116986627059768
177.5,42.8795776367188,0.0108424703210267
178.75,42.8795776367188,0.0101984798035096
180,42.8795776367188,0.00978468504449268
181.25,42.8795776367188,0.0104159299209696
182.5,42.8795776367188,0.0121735508372366
183.75,42.8795776367188,0.0147021713776787
185,42.8795776367188,0.0179727872648319
186.25,42.8795776367188,0.0216026571540326
187.5,42.8795776367188,0.0249732292217471
188.75,42.8795776367188,0.0273857806641586
190,42.8795776367188,0.029049849456902
191.25,42.8795776367188,0.0298764672007077
192.5,42.8795776367188,0.0298798396093153
193.75,42.8795776367188,0.029060390367854
195,42.8795776367188,0.0273631063874463
196.25,42.8795776367188,0.0250632060593877
197.5,42.8795776367188,0.0227116067544813
198.75,42.8795776367188,0.0206396057655487
200,42.8795776367188,0.0184746363166547
201.25,42.8795776367188,0.0162726721873061
202.5,42.8795776367188,0.0146175047597537
203.75,42.8795776367188,0.0134012655497372
205,42.8795776367188,0.0121605813892189
206.25,42.8795776367188,0.0109062612693953
207.5,42.8795776367188,0.00954367073282354
208.75,42.8795776367188,0.00829734651003072
210,42.8795776367188,0.00738081373745067
211.25,42.8795776367188,0.00684660050335108
212.5,42.8795776367188,0.00695811800453359
213.75,42.8795776367188,0.00743932048752465
215,42.8795776367188,0.0075937174893341
216.25,42.8795776367188,0.00689120514491918
217.5,42.8795776367188,0.00570945767660408
218.75,42.8795776367188,0.00436039336791242
220,42.8795776367188,0.00265819399640614
221.25,42.8795776367188,0.000464044573151435
222.5,42.8795776367188,-0.00142823853744551
223.75,42.8795776367188,-0.00258005572423876
225,42.8795776367188,-0.00330203371865218
226.25,42.8795776367188,-0.00316808852370449
227.5,42.8795776367188,-0.00266516070288277
228.75,42.8795776367188,-0.0041768060315016
230,42.8795776367188,-0.0071406522252692
231.25,42.8795776367188,-0.0125632104854767
232.5,42.8795776367188,-0.0196131391322227
233.75,42.8795776367188,-0.0252486072421466
235,42.8795776367188,-0.0264544041010703
236.25,42.8795776367188,-0.0259671097035044
160,43.8219909667969,0.0115191925605667
161.25,43.8219909667969,0.013617571249761
162.5,43.8219909667969,0.0142264044410922
163.75,43.8219909667969,0.0141924223774935
165,43.8219909667969,0.0140032366603257
166.25,43.8219909667969,0.0138965994904785
167.5,43.8219909667969,0.0137814677664049
168.75,43.8219909667969,0.0135600624032556
170,43.8219909667969,0.0135036411119223
171.25,43.8219909667969,0.0136542512102626
172.5,43.8219909667969,0.012883320062246
173.75,43.8219909667969,0.0116028887071221
175,43.8219909667969,0.010593031427363
176.25,43.8219909667969,0.00997900580030985
177.5,43.8219909667969,0.00937402663424742
178.75,43.8219909667969,0.00883239644401632
180,43.8219909667969,0.00876599180127763
181.25,43.8219909667969,0.00958617698175683
182.5,43.8219909667969,0.0110388451392322
183.75,43.8219909667969,0.0131348550953131
185,43.8219909667969,0.0159648853755298
186.25,43.8219909667969,0.0192146882243942
187.5,43.8219909667969,0.0223885106950268
188.75,43.8219909667969,0.0250062251137238
190,43.8219909667969,0.0268968585575089
191.25,43.8219909667969,0.0279385079505971
192.5,43.8219909667969,0.0281601777883237
193.75,43.8219909667969,0.0273715081127799
195,43.8219909667969,0.0255906867936866
196.25,43.8219909667969,0.0233638078092827
197.5,43.8219909667969,0.0211179240064636
198.75,43.8219909667969,0.0189383338690344
200,43.8219909667969,0.0164856002143098
201.25,43.8219909667969,0.0139944158827964
202.5,43.8219909667969,0.0120714009820033
203.75,43.8219909667969,0.0107546040165053
205,43.8219909667969,0.00978000443754096
206.25,43.8219909667969,0.00865863568352719
207.5,43.8219909667969,0.00762666803549775
208.75,43.8219909667969,0.00658167764713376
210,43.8219909667969,0.0053398209049795
211.25,43.8219909667969,0.00429035882547889
212.5,43.8219909667969,0.00401515321747499
213.75,43.8219909667969,0.00432483153034627
215,43.8219909667969,0.00433167375868822
216.25,43.8219909667969,0.00316594599630088
217.5,43.8219909667969,0.00149542005524398
218.75,43.8219909667969,0.000184318712343937
220,43.8219909667969,-0.00116660937875284
221.25,43.8219909667969,-0.00296403523832523
222.5,43.8219909667969,-0.00470802405852617
223.75,43.8219909667969,-0.00601045526688129
225,43.8219909667969,-0.00654346613253733
226.25,43.8219909667969,-0.00587148863199881
227.5,43.8219909667969,-0.0045111752702058
228.75,43.8219909667969,-0.0041991989600469
230,43.8219909667969,-0.00584453417587437
231.25,43.8219909667969,-0.00973594003008506
232.5,43.8219909667969,-0.015371424893259
233.75,43.8219909667969,-0.0204355972643884
235,43.8219909667969,-0.021893057514147
236.25,43.8219909667969,-0.0215054306129227
160,44.764404296875,0.00430335675333051
161.25,44.764404296875,0.00585682705544946
162.5,44.764404296875,0.00630154831833973
163.75,44.764404296875,0.00653437448057844
165,44.764404296875,0.00673449725871045
166.25,44.764404296875,0.00672053297109034
167.5,44.764404296875,0.00665228806202638
168.75,44.764404296875,0.00662343643235866
170,44.764404296875,0.00695549087166647
171.25,44.764404296875,0.00751711476296389
172.5,44.764404296875,0.00776979715659027
173.75,44.764404296875,0.00779177343568136
175,44.764404296875,0.00788480021664384
176.25,44.764404296875,0.0080678791527283
177.5,44.764404296875,0.0079057892129875
178.75,44.764404296875,0.00736205570712275
180,44.764404296875,0.0073790494081627
181.25,44.764404296875,0.00823266605753889
182.5,44.764404296875,0.00954585700536699
183.75,44.764404296875,0.0112597834582414
185,44.764404296875,0.0135898537923963
186.25,44.764404296875,0.0166001545196178
187.5,44.764404296875,0.0196747195459141
188.75,44.764404296875,0.0223641786103823
190,44.764404296875,0.0243286028904829
191.25,44.764404296875,0.0250458882738839
192.5,44.764404296875,0.0245598725916118
193.75,44.764404296875,0.0233725436147781
195,44.764404296875,0.0215797482894224
196.25,44.764404296875,0.0193529136061575
197.5,44.764404296875,0.0173064673042949
198.75,44.764404296875,0.0154337951195909
200,44.764404296875,0.0133988698850873
201.25,44.764404296875,0.0112990699329745
202.5,44.764404296875,0.00953571692350738
203.75,44.764404296875,0.00831890161023253
205,44.764404296875,0.00719727001959153
206.25,44.764404296875,0.0055923705620764
207.5,44.764404296875,0.00422539437139646
208.75,44.764404296875,0.00303483607941842
210,44.764404296875,0.00178636679690168
211.25,44.764404296875,0.000750276591602516
212.5,44.764404296875,0.000351675511324276
213.75,44.764404296875,0.000261702691225245
215,44.764404296875,-0.000443755480922983
216.25,44.764404296875,-0.001935657927783
217.5,44.764404296875,-0.00340523326327615
218.75,44.764404296875,-0.0043988368818413
220,44.764404296875,-0.00531794417239585
221.25,44.764404296875,-0.00697360110866117
222.5,44.764404296875,-0.00873406122148886
223.75,44.764404296875,-0.00955124500030252
225,44.764404296875,-0.00898033597975157
226.25,44.764404296875,-0.00733743329361916
227.5,44.764404296875,-0.00535142945770473
228.75,44.764404296875,-0.00415980431851587
230,44.764404296875,-0.00433317940419135
231.25,44.764404296875,-0.00663444087608405
232.5,44.764404296875,-0.0103464804437399
233.75,44.764404296875,-0.0139982859647329
235,44.764404296875,-0.0151176916785706
236.25,44.764404296875,-0.0140641317529722
160,45.7068023681641,-0.00267375985128424
161.25,45.7068023681641,-0.00101526162949479
162.5,45.7068023681641,0.000112367249088331
163.75,45.7068023681641,0.000983166206158421
165,45.7068023681641,0.0015790681643509
166.25,45.7068023681641,0.00184281888201753
167.5,45.7068023681641,0.00217553314789345
168.75,45.7068023681641,0.00257500168695343
170,45.7068023681641,0.00327431728179017
171.25,45.7068023681641,0.00424418471397041
172.5,45.7068023681641,0.00498564905573127
173.75,45.7068023681641,0.00559715537908804
175,45.7068023681641,0.00632913979288656
176.25,45.7068023681641,0.00709793694267822
177.5,45.7068023681641,0.007256450108856
178.75,45.7068023681641,0.0066962103582655
180,45.7068023681641,0.00647587286977804
181.25,45.7068023681641,0.0071075414325057
182.5,45.7068023681641,0.00840989700466464
183.75,45.7068023681641,0.0101187735735989
185,45.7068023681641,0.0122352473028571
186.25,45.7068023681641,0.0147212453080576
187.5,45.7068023681641,0.0171853020869093
188.75,45.7068023681641,0.0191738297915933
190,45.7068023681641,0.0203037478428043
191.25,45.7068023681641,0.0202086755577469
192.5,45.7068023681641,0.0188733772671465
193.75,45.7068023681641,0.0176882291575726
195,45.7068023681641,0.0165772868404092
196.25,45.7068023681641,0.0149911937075147
197.5,45.7068023681641,0.0132788222890392
198.75,45.7068023681641,0.0115526857620033
200,45.7068023681641,0.00975586908835749
201.25,45.7068023681641,0.00820023187187244
202.5,45.7068023681641,0.00713347460314617
203.75,45.7068023681641,0.0062844150690258
205,45.7068023681641,0.00501035503370637
206.25,45.7068023681641,0.00286912955287195
207.5,45.7068023681641,0.000380558722464358
208.75,45.7068023681641,-0.00177787594935691
210,45.7068023681641,-0.00337838774491954
211.25,45.7068023681641,-0.00403885909069672
212.5,45.7068023681641,-0.00418011684688674
213.75,45.7068023681641,-0.00451545025211001
215,45.7068023681641,-0.00569381307944542
216.25,45.7068023681641,-0.00757657118921759
217.5,45.7068023681641,-0.00908669786408481
218.75,45.7068023681641,-0.00949179325800562
220,45.7068023681641,-0.00940654766713449
221.25,45.7068023681641,-0.010273309750696
222.5,45.7068023681641,-0.011417975933842
223.75,45.7068023681641,-0.0116229547258817
225,45.7068023681641,-0.00999368546317029
226.25,45.7068023681641,-0.00724598688574576
227.5,45.7068023681641,-0.00481657555709637
228.75,45.7068023681641,-0.00350560179837447
230,45.7068023681641,-0.00329848849420603
231.25,45.7068023681641,-0.00391551038049621
232.5,45.7068023681641,-0.00549801783409837
233.75,45.7068023681641,-0.00698948172189671
235,45.7068023681641,-0.00566064387409629
236.25,45.7068023681641,-0.00172022196611616
160,46.6492156982422,-0.00644887351895448
161.25,46.6492156982422,-0.00449101620643162
162.5,46.6492156982422,-0.0025915416412435
163.75,46.6492156982422,-0.00137675612720681
165,46.6492156982422,-0.000996516576446989
166.25,46.6492156982422,-0.000994639942977274
167.5,46.6492156982422,-0.000538954854041456
168.75,46.6492156982422,0.000353330924802978
170,46.6492156982422,0.00123067907388509
171.25,46.6492156982422,0.00203998626812031
172.5,46.6492156982422,0.00300225567470948
173.75,46.6492156982422,0.00440201136487669
175,46.6492156982422,0.00603796204712059
176.25,46.6492156982422,0.0074599646809386
177.5,46.6492156982422,0.00799188279912008
178.75,46.6492156982422,0.00770150396296111
180,46.6492156982422,0.00726022736688992
181.25,46.6492156982422,0.00756099753070481
182.5,46.6492156982422,0.00863847507573845
183.75,46.6492156982422,0.0100861109800223
185,46.6492156982422,0.0115548893025686
186.25,46.6492156982422,0.0130879292264401
187.5,46.6492156982422,0.0144827464815563
188.75,46.6492156982422,0.0152645415391174
190,46.6492156982422,0.0151103113935627
191.25,46.6492156982422,0.0139750273795418
192.5,46.6492156982422,0.0119920614427447
193.75,46.6492156982422,0.010468822819759
195,46.6492156982422,0.00971371669705148
196.25,46.6492156982422,0.00924595625412829
197.5,46.6492156982422,0.00872837290292561
198.75,46.6492156982422,0.0078770988903729
200,46.6492156982422,0.00661973101990657
201.25,46.6492156982422,0.00556667534477723
202.5,46.6492156982422,0.00488026816236232
203.75,46.6492156982422,0.00404274064568845
205,46.6492156982422,0.00235046267257027
206.25,46.6492156982422,-0.000392097011337896
207.5,46.6492156982422,-0.00353947553154942
208.75,46.6492156982422,-0.00651218230887301
210,46.6492156982422,-0.00851793911456541
211.25,46.6492156982422,-0.00953743967214117
212.5,46.6492156982422,-0.010067773968917
213.75,46.6492156982422,-0.0105216157640471
215,46.6492156982422,-0.0115018159813398
216.25,46.6492156982422,-0.0129316123837292
217.5,46.6492156982422,-0.0137621836417049
218.75,46.6492156982422,-0.0136032467462452
220,46.6492156982422,-0.0129004094025127
221.25,46.6492156982422,-0.0126476346287925
222.5,46.6492156982422,-0.0127452580204048
223.75,46.6492156982422,-0.0119313451793747
225,46.6492156982422,-0.00945339330917993
226.25,46.6492156982422,-0.00614485378520575
227.5,46.6492156982422,-0.00365775570451181
228.75,46.6492156982422,-0.00270360419755532
230,46.6492156982422,-0.00244733179251716
231.25,46.6492156982422,-0.0022506595259418
232.5,46.6492156982422,-0.00177986334914727
233.75,46.6492156982422,0.000557302549234691
235,46.6492156982422,0.00564316263591737
236.25,46.6492156982422,0.011153652243583
160,47.5916290283203,-0.012457590726134
161.25,47.5916290283203,-0.00971374728969734
162.5,47.5916290283203,-0.00707176413405791
163.75,47.5916290283203,-0.00513367472563925
165,47.5916290283203,-0.00446122160274919
166.25,47.5916290283203,-0.00447223524342699
167.5,47.5916290283203,-0.00411430464615012
168.75,47.5916290283203,-0.00336739385586773
170,47.5916290283203,-0.00260884329980683
171.25,47.5916290283203,-0.0016303744049183
172.5,47.5916290283203,-7.44162288687588e-05
173.75,47.5916290283203,0.00224175128957993
175,47.5916290283203,0.00493615951029978
176.25,47.5916290283203,0.00691558901195189
177.5,47.5916290283203,0.00769036576627886
178.75,47.5916290283203,0.00756565156090396
180,47.5916290283203,0.00722659159581399
181.25,47.5916290283203,0.00719254758260159
182.5,47.5916290283203,0.00789378563827238
183.75,47.5916290283203,0.0089089841890303
185,47.5916290283203,0.00941833559189278
186.25,47.5916290283203,0.00967860820208941
187.5,47.5916290283203,0.00940343873846059
188.75,47.5916290283203,0.00822351834440382
190,47.5916290283203,0.00691478042957274
191.25,47.5916290283203,0.00576925287407517
192.5,47.5916290283203,0.00466034904250039
193.75,47.5916290283203,0.00395363578345355
195,47.5916290283203,0.00367806075532646
196.25,47.5916290283203,0.0037301007985943
197.5,47.5916290283203,0.00370733867819964
198.75,47.5916290283203,0.00305531340905512
200,47.5916290283203,0.00227054838839518
201.25,47.5916290283203,0.00187957649558951
202.5,47.5916290283203,0.00167052943275143
203.75,47.5916290283203,0.000614014414413746
205,47.5916290283203,-0.00180676680229541
206.25,47.5916290283203,-0.00539230554835707
207.5,47.5916290283203,-0.00892847361491501
208.75,47.5916290283203,-0.0117252865199296
210,47.5916290283203,-0.0137487966069459
211.25,47.5916290283203,-0.0149849569084991
212.5,47.5916290283203,-0.0156791133798952
213.75,47.5916290283203,-0.0164386582576544
215,47.5916290283203,-0.0175074962116494
216.25,47.5916290283203,-0.0181684750238541
217.5,47.5916290283203,-0.0179496560114266
218.75,47.5916290283203,-0.0168589183972031
220,47.5916290283203,-0.0152821421767111
221.25,47.5916290283203,-0.013910821952611
222.5,47.5916290283203,-0.0126897347275647
223.75,47.5916290283203,-0.0108655245795233
225,47.5916290283203,-0.0078981536351284
226.25,47.5916290283203,-0.00477853336638572
227.5,47.5916290283203,-0.00275780848519506
228.75,47.5916290283203,-0.00220942389677026
230,47.5916290283203,-0.00173698166329786
231.25,47.5916290283203,-0.000459188439350655
232.5,47.5916290283203,0.00212753083987629
233.75,47.5916290283203,0.00642033071373577
235,47.5916290283203,0.0105003108480847
236.25,47.5916290283203,0.0126610205558354
160,48.5340270996094,-0.0194974737088405
161.25,48.5340270996094,-0.0166904554150835
162.5,48.5340270996094,-0.0140595570228239
163.75,48.5340270996094,-0.01222813388561
165,48.5340270996094,-0.0112714383270035
166.25,48.5340270996094,-0.0112371244949718
167.5,48.5340270996094,-0.0115300902772784
168.75,48.5340270996094,-0.0115003119899288
170,48.5340270996094,-0.0104163927491065
171.25,48.5340270996094,-0.00797442436915029
172.5,48.5340270996094,-0.00469328370230829
173.75,48.5340270996094,-0.00107266323742337
175,48.5340270996094,0.00218467643213215
176.25,48.5340270996094,0.00402335378724083
177.5,48.5340270996094,0.00429598626883268
178.75,48.5340270996094,0.00384257197153431
180,48.5340270996094,0.00327882178775202
181.25,48.5340270996094,0.00296672956068559
182.5,48.5340270996094,0.00312033146039292
183.75,48.5340270996094,0.00358104889935986
185,48.5340270996094,0.00376791109462552
186.25,48.5340270996094,0.00344772566457788
187.5,48.5340270996094,0.00232308162865
188.75,48.5340270996094,0.00027852625176031
190,48.5340270996094,-0.00193850341678584
191.25,48.5340270996094,-0.00349089479875538
192.5,48.5340270996094,-0.004364350662626
193.75,48.5340270996094,-0.00468192325933419
195,48.5340270996094,-0.00430393064224014
196.25,48.5340270996094,-0.0037415866221808
197.5,48.5340270996094,-0.00310644373218405
198.75,48.5340270996094,-0.0032626773133398
200,48.5340270996094,-0.00392686474790475
201.25,48.5340270996094,-0.00442419667687937
202.5,48.5340270996094,-0.00528386167675911
203.75,48.5340270996094,-0.00664741673405534
205,48.5340270996094,-0.0089151125341222
206.25,48.5340270996094,-0.0119377425738937
207.5,48.5340270996094,-0.0149564950720351
208.75,48.5340270996094,-0.0173403105632246
210,48.5340270996094,-0.0193978808120188
211.25,48.5340270996094,-0.0206834398583955
212.5,48.5340270996094,-0.020947632865719
213.75,48.5340270996094,-0.0211843787218992
215,48.5340270996094,-0.0216123318540697
216.25,48.5340270996094,-0.0218617556216976
217.5,48.5340270996094,-0.0213223571206253
218.75,48.5340270996094,-0.0193459034079621
220,48.5340270996094,-0.0165806022059714
221.25,48.5340270996094,-0.0139584594470692
222.5,48.5340270996094,-0.0115624373833625
223.75,48.5340270996094,-0.00876079842342625
225,48.5340270996094,-0.005809210238471
226.25,48.5340270996094,-0.0030994407520947
227.5,48.5340270996094,-0.00179827351425665
228.75,48.5340270996094,-0.00133097555031653
230,48.5340270996094,6.5601441872642e-05
231.25,48.5340270996094,0.00302123943181796
232.5,48.5340270996094,0.00768725709049728
233.75,48.5340270996094,0.013153795334794
235,48.5340270996094,0.0155084337574809
236.25,48.5340270996094,0.0159460339344585
160,49.4764404296875,-0.0242862599898938
161.25,49.4764404296875,-0.0221351780213104
162.5,49.4764404296875,-0.0199792243252408
163.75,49.4764404296875,-0.0183106306433576
165,49.4764404296875,-0.0174543383067925
166.25,49.4764404296875,-0.0174818711987782
167.5,49.4764404296875,-0.0181826036326052
168.75,49.4764404296875,-0.0186440614334582
170,49.4764404296875,-0.0174155053570219
171.25,49.4764404296875,-0.0142770316803435
172.5,49.4764404296875,-0.010299637672641
173.75,49.4764404296875,-0.00650758306758372
175,49.4764404296875,-0.00406644508108682
176.25,49.4764404296875,-0.00318004941898424
177.5,49.4764404296875,-0.00320996051638202
178.75,49.4764404296875,-0.00366889357120123
180,49.4764404296875,-0.00383445281619901
181.25,49.4764404296875,-0.00355379912483512
182.5,49.4764404296875,-0.0034024876041814
183.75,49.4764404296875,-0.00372337292550059
185,49.4764404296875,-0.00465758876710115
186.25,49.4764404296875,-0.00630235017532067
187.5,49.4764404296875,-0.00837350918212983
188.75,49.4764404296875,-0.0105877637243483
190,49.4764404296875,-0.012403003719223
191.25,49.4764404296875,-0.013430406267938
192.5,49.4764404296875,-0.0136927197185302
193.75,49.4764404296875,-0.0136089491047212
195,49.4764404296875,-0.013397185407436
196.25,49.4764404296875,-0.0131651187497565
197.5,49.4764404296875,-0.0127315077944042
198.75,49.4764404296875,-0.0121761907924856
200,49.4764404296875,-0.0121318669835232
201.25,49.4764404296875,-0.0121729985174604
202.5,49.4764404296875,-0.0135275489215517
203.75,49.4764404296875,-0.0158108179024308
205,49.4764404296875,-0.0182226355070609
206.25,49.4764404296875,-0.0203671488016034
207.5,49.4764404296875,-0.0217069075013743
208.75,49.4764404296875,-0.0227018512293606
210,49.4764404296875,-0.0240890100839952
211.25,49.4764404296875,-0.0252289241355219
212.5,49.4764404296875,-0.0256241360217679
213.75,49.4764404296875,-0.0253991186277637
215,49.4764404296875,-0.0246307033580229
216.25,49.4764404296875,-0.0238775015699302
217.5,49.4764404296875,-0.0224061829057033
218.75,49.4764404296875,-0.0196992904927455
220,49.4764404296875,-0.0162222184883216
221.25,49.4764404296875,-0.0129290902740191
222.5,49.4764404296875,-0.00986988908448162
223.75,49.4764404296875,-0.0067560341223768
225,49.4764404296875,-0.00393856211714503
226.25,49.4764404296875,-0.00166276224168023
227.5,49.4764404296875,-0.000799289082911941
228.75,49.4764404296875,0.000395825454459728
230,49.4764404296875,0.00312780318856977
231.25,49.4764404296875,0.00790828416188421
232.5,49.4764404296875,0.0128013755661828
233.75,49.4764404296875,0.0160443030946963
235,49.4764404296875,0.0185914716189448
160,50.4188537597656,-0.0260650665139081
161.25,50.4188537597656,-0.0255146431283063
162.5,50.4188537597656,-0.0240128886038388
163.75,50.4188537597656,-0.0226669719247795
165,50.4188537597656,-0.022084704985812
166.25,50.4188537597656,-0.0225685864362399
167.5,50.4188537597656,-0.0239913730388063
168.75,50.4188537597656,-0.0244968473436274
170,50.4188537597656,-0.0230562947932211
171.25,50.4188537597656,-0.0201005638431378
172.5,50.4188537597656,-0.0162835028651983
173.75,50.4188537597656,-0.0127211508594955
175,50.4188537597656,-0.0103704861086228
176.25,50.4188537597656,-0.00967028055664028
177.5,50.4188537597656,-0.0100768383917147
178.75,50.4188537597656,-0.0107114107692152
180,50.4188537597656,-0.010752880346934
181.25,50.4188537597656,-0.00991012577737136
182.5,50.4188537597656,-0.00871591025123956
183.75,50.4188537597656,-0.00787618530440336
185,50.4188537597656,-0.00771317447840789
186.25,50.4188537597656,-0.00797594260100677
187.5,50.4188537597656,-0.00816789412032008
188.75,50.4188537597656,-0.00904671298868165
190,50.4188537597656,-0.0101876988812965
191.25,50.4188537597656,-0.0114631432405803
192.5,50.4188537597656,-0.0127216416449988
193.75,50.4188537597656,-0.0140601059181096
195,50.4188537597656,-0.015445737345258
196.25,50.4188537597656,-0.0165415820408465
197.5,50.4188537597656,-0.0172551113147911
198.75,50.4188537597656,-0.0180714236232296
200,50.4188537597656,-0.0191498845327964
201.25,50.4188537597656,-0.0202065417792476
202.5,50.4188537597656,-0.0217080973641353
203.75,50.4188537597656,-0.0235842951760761
205,50.4188537597656,-0.0252239980173163
206.25,50.4188537597656,-0.0265210249352989
207.5,50.4188537597656,-0.0271560707682131
208.75,50.4188537597656,-0.0275459631461712
210,50.4188537597656,-0.0279432404549837
211.25,50.4188537597656,-0.0281997004760632
212.5,50.4188537597656,-0.0280250683473858
213.75,50.4188537597656,-0.0273606910389971
215,50.4188537597656,-0.0259049383010531
216.25,50.4188537597656,-0.0240568086167551
217.5,50.4188537597656,-0.0217992363220152
218.75,50.4188537597656,-0.0188459996440601
220,50.4188537597656,-0.015197911109263
221.25,50.4188537597656,-0.0114236972701425
222.5,50.4188537597656,-0.00806672923250377
223.75,50.4188537597656,-0.00501625300434675
225,50.4188537597656,-0.00222693017600136
226.25,50.4188537597656,-0.000108807056391661
227.5,50.4188537597656,0.00160365154390339
228.75,50.4188537597656,0.00371963493708345
230,50.4188537597656,0.00695433595655449
231.25,50.4188537597656,0.0116127353220312
232.5,50.4188537597656,0.0134928029867995
233.75,50.4188537597656,0.0157115132969558
160,51.3612518310547,-0.0262317580999226
161.25,51.3612518310547,-0.0280710235189863
162.5,51.3612518310547,-0.0274014545671698
163.75,51.3612518310547,-0.0260486979324633
165,51.3612518310547,-0.0255751806099602
166.25,51.3612518310547,-0.0263277063518278
167.5,51.3612518310547,-0.0276536487630856
168.75,51.3612518310547,-0.0281388216627567
170,51.3612518310547,-0.0276363784124243
171.25,51.3612518310547,-0.0261129621996294
172.5,51.3612518310547,-0.0236022763272233
173.75,51.3612518310547,-0.0208407629592483
175,51.3612518310547,-0.0186901251198197
176.25,51.3612518310547,-0.0175025627485718
177.5,51.3612518310547,-0.0167968106414734
178.75,51.3612518310547,-0.0160475084729098
180,51.3612518310547,-0.0149971468154142
181.25,51.3612518310547,-0.0131855411561975
182.5,51.3612518310547,-0.0108386810996338
183.75,51.3612518310547,-0.00861474366321465
185,51.3612518310547,-0.00678598175506572
186.25,51.3612518310547,-0.00574636209932446
187.5,51.3612518310547,-0.00544529803754893
188.75,51.3612518310547,-0.00663078663212674
190,51.3612518310547,-0.00858662834770558
191.25,51.3612518310547,-0.0104495236242546
192.5,51.3612518310547,-0.0120738182240579
193.75,51.3612518310547,-0.0138169805180177
195,51.3612518310547,-0.0158188352907672
196.25,51.3612518310547,-0.0180893629755128
197.5,51.3612518310547,-0.0203197469961336
198.75,51.3612518310547,-0.0225250923046663
200,51.3612518310547,-0.0242088529272136
201.25,51.3612518310547,-0.0257246325452457
202.5,51.3612518310547,-0.0272650101707914
203.75,51.3612518310547,-0.0288450657301547
205,51.3612518310547,-0.0300846577247692
206.25,51.3612518310547,-0.030749229142554
207.5,51.3612518310547,-0.0307271832459948
208.75,51.3612518310547,-0.0304989185464581
210,51.3612518310547,-0.0299108800112896
211.25,51.3612518310547,-0.0290703847827008
212.5,51.3612518310547,-0.0280935136637466
213.75,51.3612518310547,-0.0269276819320698
215,51.3612518310547,-0.0249771701241223
216.25,51.3612518310547,-0.0225550070366614
217.5,51.3612518310547,-0.0198837087497049
218.75,51.3612518310547,-0.0169652119280169
220,51.3612518310547,-0.0133160352277159
221.25,51.3612518310547,-0.00937705717708179
222.5,51.3612518310547,-0.00597965887937605
223.75,51.3612518310547,-0.00285815474871834
225,51.3612518310547,-0.000274412999474285
226.25,51.3612518310547,0.00226627442300694
227.5,51.3612518310547,0.00544179689881755
228.75,51.3612518310547,0.00928519790380508
230,51.3612518310547,0.0128893526345678
231.25,51.3612518310547,0.0152119523561478
232.5,51.3612518310547,0.0166737846340723
160,52.3036651611328,-0.0252918280876517
161.25,52.3036651611328,-0.0286836849218034
162.5,52.3036651611328,-0.0301575088491832
163.75,52.3036651611328,-0.0296113271287519
165,52.3036651611328,-0.0295089545142516
166.25,52.3036651611328,-0.030522013929104
167.5,52.3036651611328,-0.031729723817583
168.75,52.3036651611328,-0.0322356476754259
170,52.3036651611328,-0.0321843999964538
171.25,52.3036651611328,-0.0316178378821403
172.5,52.3036651611328,-0.0297762219635368
173.75,52.3036651611328,-0.0275323745708378
175,52.3036651611328,-0.0251457446033158
176.25,52.3036651611328,-0.023556519873967
177.5,52.3036651611328,-0.0221827238498114
178.75,52.3036651611328,-0.0204103031733173
180,52.3036651611328,-0.0184882897113591
181.25,52.3036651611328,-0.0162095482774336
182.5,52.3036651611328,-0.0132588271549594
183.75,52.3036651611328,-0.00993272096444952
185,52.3036651611328,-0.00721127717985897
186.25,52.3036651611328,-0.00558920257468394
187.5,52.3036651611328,-0.00477983922564691
188.75,52.3036651611328,-0.00495682446872679
190,52.3036651611328,-0.00666293942255261
191.25,52.3036651611328,-0.00951183121683958
192.5,52.3036651611328,-0.0136197850447826
193.75,52.3036651611328,-0.0163004354305289
195,52.3036651611328,-0.018519927327627
196.25,52.3036651611328,-0.020826115825999
197.5,52.3036651611328,-0.023344063007761
198.75,52.3036651611328,-0.0256560864475414
200,52.3036651611328,-0.027197437110674
201.25,52.3036651611328,-0.0280415828008577
202.5,52.3036651611328,-0.0286298784040819
203.75,52.3036651611328,-0.0293908804063883
205,52.3036651611328,-0.0303003348041185
206.25,52.3036651611328,-0.0309383101935914
207.5,52.3036651611328,-0.0312479570820106
208.75,52.3036651611328,-0.0307290774778493
210,52.3036651611328,-0.0293532141865822
211.25,52.3036651611328,-0.0275571420852191
212.5,52.3036651611328,-0.0255905286542056
213.75,52.3036651611328,-0.0236619812033775
215,52.3036651611328,-0.021899139031621
216.25,52.3036651611328,-0.019801904982255
217.5,52.3036651611328,-0.0172108909229789
218.75,52.3036651611328,-0.0141851740485505
220,52.3036651611328,-0.0104206701414567
221.25,52.3036651611328,-0.0068566239867534
222.5,52.3036651611328,-0.00359899450379252
223.75,52.3036651611328,-0.000650954595708929
225,52.3036651611328,0.00204801165385413
226.25,52.3036651611328,0.00518439819675062
227.5,52.3036651611328,0.00975433893008591
228.75,52.3036651611328,0.016051302252778
230,52.3036651611328,0.0206474406614708
231.25,52.3036651611328,0.0210313772790169
232.5,52.3036651611328,0.0196546778850079
160,53.2460784912109,-0.0238360916352822
161.25,53.2460784912109,-0.0271495224837489
162.5,53.2460784912109,-0.0304709792468125
163.75,53.2460784912109,-0.0325582474037489
165,53.2460784912109,-0.0330872187321378
166.25,53.2460784912109,-0.0337740969191202
167.5,53.2460784912109,-0.0349707095613156
168.75,53.2460784912109,-0.0359378823055482
170,53.2460784912109,-0.0363184352949467
171.25,53.2460784912109,-0.035773161347133
172.5,53.2460784912109,-0.0341769288180587
173.75,53.2460784912109,-0.0322858752345367
175,53.2460784912109,-0.0306046544492574
176.25,53.2460784912109,-0.0289732877713235
177.5,53.2460784912109,-0.0269157767950561
178.75,53.2460784912109,-0.0243512135742391
180,53.2460784912109,-0.0216297048413474
181.25,53.2460784912109,-0.0186281564136757
182.5,53.2460784912109,-0.0154583926405813
183.75,53.2460784912109,-0.0124974209234933
185,53.2460784912109,-0.0100515552135999
186.25,53.2460784912109,-0.00789968116288999
187.5,53.2460784912109,-0.00614866939324338
188.75,53.2460784912109,-0.00509527892374256
190,53.2460784912109,-0.00463055917424132
191.25,53.2460784912109,-0.00609337668693726
192.5,53.2460784912109,-0.0118399865157232
193.75,53.2460784912109,-0.0159083543960237
195,53.2460784912109,-0.0191106074739312
196.25,53.2460784912109,-0.02144666657667
197.5,53.2460784912109,-0.02305097102341
198.75,53.2460784912109,-0.0239795102982448
200,53.2460784912109,-0.0243880010917356
201.25,53.2460784912109,-0.0244214854125972
202.5,53.2460784912109,-0.0242456889653966
203.75,53.2460784912109,-0.0246242020234447
205,53.2460784912109,-0.0253850564877429
206.25,53.2460784912109,-0.0261035019956919
207.5,53.2460784912109,-0.0264523203064981
208.75,53.2460784912109,-0.0262131084552561
210,53.2460784912109,-0.0252213962150503
211.25,53.2460784912109,-0.023754496314347
212.5,53.2460784912109,-0.0217695066401923
213.75,53.2460784912109,-0.0196939597178746
215,53.2460784912109,-0.0176857257670628
216.25,53.2460784912109,-0.0156055885770816
217.5,53.2460784912109,-0.013561130772006
218.75,53.2460784912109,-0.0108196678034696
220,53.2460784912109,-0.00722917526620867
221.25,53.2460784912109,-0.0038415665466595
222.5,53.2460784912109,-0.00116823638367818
223.75,53.2460784912109,0.00103002913445084
225,53.2460784912109,0.00319571023971046
226.25,53.2460784912109,0.00641648024563257
227.5,53.2460784912109,0.012245493843373
228.75,53.2460784912109,0.0209273946982183
230,53.2460784912109,0.0255568485800616
231.25,53.2460784912109,0.024196541911334
160,54.1884765625,-0.0241115131338209
161.25,54.1884765625,-0.0252211744139858
162.5,54.1884765625,-0.0282326272368923
163.75,54.1884765625,-0.0320740678792798
165,54.1884765625,-0.0351383749064931
166.25,54.1884765625,-0.0369783628306994
167.5,54.1884765625,-0.038688775916773
168.75,54.1884765625,-0.0399780050431664
170,54.1884765625,-0.0398079233460932
171.25,54.1884765625,-0.0381826519985184
172.5,54.1884765625,-0.0361987287501359
173.75,54.1884765625,-0.0346130560993749
175,54.1884765625,-0.0333223433308947
176.25,54.1884765625,-0.0317832910200683
177.5,54.1884765625,-0.0300784806040918
178.75,54.1884765625,-0.0279613210521332
180,54.1884765625,-0.0251581616564308
181.25,54.1884765625,-0.0212917576631437
182.5,54.1884765625,-0.017235978047504
183.75,54.1884765625,-0.0139455132681907
185,54.1884765625,-0.0115450307174998
186.25,54.1884765625,-0.00941503868853012
187.5,54.1884765625,-0.00738078681277923
188.75,54.1884765625,-0.00587843787677602
190,54.1884765625,-0.00498029999749151
191.25,54.1884765625,-0.00508626272651847
192.5,54.1884765625,-0.00785652633830267
193.75,54.1884765625,-0.0124497292858285
195,54.1884765625,-0.0175588148275545
196.25,54.1884765625,-0.0195921361907644
197.5,54.1884765625,-0.0214193915191673
198.75,54.1884765625,-0.0214452267045241
200,54.1884765625,-0.0202512089196754
201.25,54.1884765625,-0.0190487032576717
202.5,54.1884765625,-0.0182765737805472
203.75,54.1884765625,-0.0179148014785725
205,54.1884765625,-0.0172377821104834
206.25,54.1884765625,-0.0170492826522399
207.5,54.1884765625,-0.0183325780291321
208.75,54.1884765625,-0.0195535866859606
210,54.1884765625,-0.0192996435971537
211.25,54.1884765625,-0.0180775920278521
212.5,54.1884765625,-0.0161968752910372
213.75,54.1884765625,-0.0147273809631542
215,54.1884765625,-0.0131076847296927
216.25,54.1884765625,-0.0110979915756825
217.5,54.1884765625,-0.00885248340949708
218.75,54.1884765625,-0.00625990245326791
220,54.1884765625,-0.00340306586347732
221.25,54.1884765625,-0.00057750718629621
222.5,54.1884765625,0.00173659966624545
223.75,54.1884765625,0.00364306850553882
225,54.1884765625,0.00527495341556068
226.25,54.1884765625,0.0084325571629676
227.5,54.1884765625,0.0125455809754094
228.75,54.1884765625,0.0231339788179984
230,54.1884765625,0.0250797006100769
161.25,55.1308898925781,-0.0239228112383297
162.5,55.1308898925781,-0.0252378148154618
163.75,55.1308898925781,-0.0290557219707903
165,55.1308898925781,-0.0335719523332123
166.25,55.1308898925781,-0.0373624189926799
167.5,55.1308898925781,-0.0397102657363654
168.75,55.1308898925781,-0.0408323771756948
170,55.1308898925781,-0.0403806249521346
171.25,55.1308898925781,-0.0384641468283242
172.5,55.1308898925781,-0.0364009938466907
173.75,55.1308898925781,-0.0350182203276677
175,55.1308898925781,-0.0338982732194373
176.25,55.1308898925781,-0.0324122299909765
177.5,55.1308898925781,-0.0310035858962266
178.75,55.1308898925781,-0.0291074038835519
180,55.1308898925781,-0.0263011588483375
181.25,55.1308898925781,-0.0221095619973872
182.5,55.1308898925781,-0.0173067527912775
183.75,55.1308898925781,-0.0133392489646945
185,55.1308898925781,-0.0105941478068777
186.25,55.1308898925781,-0.00824992552425708
187.5,55.1308898925781,-0.00632815913545481
188.75,55.1308898925781,-0.00514364476756732
190,55.1308898925781,-0.00476047104086158
191.25,55.1308898925781,-0.00544503338558786
192.5,55.1308898925781,-0.00812547342870516
193.75,55.1308898925781,-0.0127852846404123
195,55.1308898925781,-0.0172678282631005
196.25,55.1308898925781,-0.0190749477206522
197.5,55.1308898925781,-0.0204292426083565
198.75,55.1308898925781,-0.0213709861962697
200,55.1308898925781,-0.0195449327127801
201.25,55.1308898925781,-0.0174900786682164
202.5,55.1308898925781,-0.0153379198739968
203.75,55.1308898925781,-0.0141199159067364
205,55.1308898925781,-0.0124646133506862
206.25,55.1308898925781,-0.0104347761648776
207.5,55.1308898925781,-0.00969503251262225
208.75,55.1308898925781,-0.0105139063166573
210,55.1308898925781,-0.0121274737380316
211.25,55.1308898925781,-0.012433888853843
212.5,55.1308898925781,-0.0113775398698468
213.75,55.1308898925781,-0.00998455618757373
215,55.1308898925781,-0.00846300408145066
216.25,55.1308898925781,-0.00701231530857678
217.5,55.1308898925781,-0.00491848565618314
218.75,55.1308898925781,-0.00197831273865938
220,55.1308898925781,0.00119986117186091
221.25,55.1308898925781,0.00358517062592433
222.5,55.1308898925781,0.0059878627398758
223.75,55.1308898925781,0.00856214306567125
225,55.1308898925781,0.0109489858327562
226.25,55.1308898925781,0.0139917573187692
227.5,55.1308898925781,0.017931930466588
228.75,55.1308898925781,0.0218310626681604
230,55.1308898925781,0.0250797009972933
161.25,56.0733032226562,-0.0227114149525035
162.5,56.0733032226562,-0.0243433702275378
163.75,56.0733032226562,-0.0260242543516383
165,56.0733032226562,-0.0302129737364698
166.25,56.0733032226562,-0.0349586664415295
167.5,56.0733032226562,-0.0379589306918364
168.75,56.0733032226562,-0.0387845552920121
170,56.0733032226562,-0.0380759613927632
171.25,56.0733032226562,-0.036628998141905
172.5,56.0733032226562,-0.0350646705285454
173.75,56.0733032226562,-0.0336959819837016
175,56.0733032226562,-0.0323934415786544
176.25,56.0733032226562,-0.0307543981788048
177.5,56.0733032226562,-0.0289325041874663
178.75,56.0733032226562,-0.0266823833986686
180,56.0733032226562,-0.0235648419378542
181.25,56.0733032226562,-0.0193830034512393
182.5,56.0733032226562,-0.0146604851471723
183.75,56.0733032226562,-0.0105725289214872
185,56.0733032226562,-0.00765892915137265
186.25,56.0733032226562,-0.00519276537769376
187.5,56.0733032226562,-0.00333609244505909
188.75,56.0733032226562,-0.00253312795034893
190,56.0733032226562,-0.0029332677803922
191.25,56.0733032226562,-0.00501231908425223
192.5,56.0733032226562,-0.00892606233249517
193.75,56.0733032226562,-0.0137316899723733
195,56.0733032226562,-0.017253951202064
196.25,56.0733032226562,-0.0179002014802417
197.5,56.0733032226562,-0.0169570085385596
198.75,56.0733032226562,-0.0149814274126154
200,56.0733032226562,-0.0163185251117436
201.25,56.0733032226562,-0.015843134370721
202.5,56.0733032226562,-0.0135987632503427
203.75,56.0733032226562,-0.0118235839336689
205,56.0733032226562,-0.00969858235769461
206.25,56.0733032226562,-0.00712646101733517
207.5,56.0733032226562,-0.00512080303438221
208.75,56.0733032226562,-0.00468579721266197
210,56.0733032226562,-0.00554410163708281
211.25,56.0733032226562,-0.00633291701995703
212.5,56.0733032226562,-0.0065284742236162
213.75,56.0733032226562,-0.0062212713044103
215,56.0733032226562,-0.00497157062794765
216.25,56.0733032226562,-0.00317453243447369
217.5,56.0733032226562,-0.000860940411091331
218.75,56.0733032226562,0.00214154681935209
220,56.0733032226562,0.00582877464872916
221.25,56.0733032226562,0.00984272992134413
222.5,56.0733032226562,0.0139055737690339
223.75,56.0733032226562,0.017286573445544
225,56.0733032226562,0.0202035072467657
226.25,56.0733032226562,0.0222503815499261
227.5,56.0733032226562,0.018909474507431
162.5,57.0157012939453,-0.0231212109278545
163.75,57.0157012939453,-0.0235218514066562
165,57.0157012939453,-0.0259564910838642
166.25,57.0157012939453,-0.0298729898223092
167.5,57.0157012939453,-0.0332584770948378
168.75,57.0157012939453,-0.0344950150150669
170,57.0157012939453,-0.0340467871905429
171.25,57.0157012939453,-0.0328386719300994
172.5,57.0157012939453,-0.0313205029406252
173.75,57.0157012939453,-0.0296213548592335
175,57.0157012939453,-0.0278484020894784
176.25,57.0157012939453,-0.0259800279156193
177.5,57.0157012939453,-0.0238623234665363
178.75,57.0157012939453,-0.021239826847367
180,57.0157012939453,-0.017912454403517
181.25,57.0157012939453,-0.0137823424333374
182.5,57.0157012939453,-0.00894756357244304
183.75,57.0157012939453,-0.00479705294313132
185,57.0157012939453,-0.00194379692811337
186.25,57.0157012939453,-0.000112044587759286
187.5,57.0157012939453,0.00068942182291659
188.75,57.0157012939453,0.000628701878167266
190,57.0157012939453,-0.00143083028989996
191.25,57.0157012939453,-0.00473352284083036
192.5,57.0157012939453,-0.00909039012567638
193.75,57.0157012939453,-0.0136776143070321
195,57.0157012939453,-0.0161550403974865
196.25,57.0157012939453,-0.0164140101723144
197.5,57.0157012939453,-0.0148761158552016
198.75,57.0157012939453,-0.0116784479429711
200,57.0157012939453,-0.00667802266168476
201.25,57.0157012939453,-7.74204271000919e-05
202.5,57.0157012939453,-0.00530098892419856
203.75,57.0157012939453,-0.009335497757054
205,57.0157012939453,-0.00840328915683724
206.25,57.0157012939453,-0.00638062491119
207.5,57.0157012939453,-0.00297611489030972
208.75,57.0157012939453,-0.00188492575829298
210,57.0157012939453,-0.00121146213357014
211.25,57.0157012939453,-0.000859422129842733
212.5,57.0157012939453,-0.000701778442945628
213.75,57.0157012939453,-0.000899216291646391
215,57.0157012939453,-0.000713802211340028
216.25,57.0157012939453,0.000989741756795258
217.5,57.0157012939453,0.00421788181816207
218.75,57.0157012939453,0.00845311677802228
220,57.0157012939453,0.0129685891490212
221.25,57.0157012939453,0.0185208204731223
222.5,57.0157012939453,0.024519543641082
223.75,57.0157012939453,0.0282265855159653
225,57.0157012939453,0.0268789075194398
226.25,57.0157012939453,0.025012451347035
162.5,57.9581146240234,-0.0200761684562001
163.75,57.9581146240234,-0.0198214313065498
165,57.9581146240234,-0.0208076897702466
166.25,57.9581146240234,-0.0220967978958851
167.5,57.9581146240234,-0.0234612213445578
168.75,57.9581146240234,-0.0237342883848309
170,57.9581146240234,-0.0232061637850609
171.25,57.9581146240234,-0.0226294541797901
172.5,57.9581146240234,-0.022089161189655
173.75,57.9581146240234,-0.0213216836972238
175,57.9581146240234,-0.0204831500761877
176.25,57.9581146240234,-0.018962378372346
177.5,57.9581146240234,-0.0162587799589076
178.75,57.9581146240234,-0.0127637966635323
180,57.9581146240234,-0.00860877402831731
181.25,57.9581146240234,-0.00421128770992489
182.5,57.9581146240234,-0.000477450945715751
183.75,57.9581146240234,0.0021992285138399
185,57.9581146240234,0.00392247149181128
186.25,57.9581146240234,0.00497081995927253
187.5,57.9581146240234,0.00465167225790839
188.75,57.9581146240234,0.00116390330818625
190,57.9581146240234,-0.00417770295519188
191.25,57.9581146240234,-0.00760541320094174
192.5,57.9581146240234,-0.0116980764881297
193.75,57.9581146240234,-0.0141191595384125
195,57.9581146240234,-0.0141576938072527
196.25,57.9581146240234,-0.012188469269713
197.5,57.9581146240234,-0.00849991123604559
198.75,57.9581146240234,-0.00392346018942105
200,57.9581146240234,0.00223032176538799
201.25,57.9581146240234,0.00752693244388959
202.5,57.9581146240234,0.0106924915255369
203.75,57.9581146240234,-0.00849496762675673
206.25,57.9581146240234,-0.00138323525030647
207.5,57.9581146240234,-0.00193884209932735
208.75,57.9581146240234,-0.000906833028556669
210,57.9581146240234,0.00180298437686095
211.25,57.9581146240234,0.00400371772758947
212.5,57.9581146240234,0.00516864211205837
213.75,57.9581146240234,0.00571271895281089
215,57.9581146240234,0.00634204839440269
216.25,57.9581146240234,0.00804439140926346
217.5,57.9581146240234,0.0112761791366676
218.75,57.9581146240234,0.0166662422680077
220,57.9581146240234,0.022890976678684
221.25,57.9581146240234,0.0284049606132539
222.5,57.9581146240234,0.032545555307006
223.75,57.9581146240234,0.0343620973003616
225,57.9581146240234,0.0313501026962294
160,58.9005279541016,-0.020152026030529
161.25,58.9005279541016,-0.0196541466954972
162.5,58.9005279541016,-0.0151197983779195
163.75,58.9005279541016,-0.0127868545671404
165,58.9005279541016,-0.0154606252066464
166.25,58.9005279541016,-0.0150248047576379
167.5,58.9005279541016,-0.0134973317943133
168.75,58.9005279541016,-0.0117751749644007
170,58.9005279541016,-0.0100236969601165
171.25,58.9005279541016,-0.00821533863397989
172.5,58.9005279541016,-0.00718518324954514
173.75,58.9005279541016,-0.0067217114350583
175,58.9005279541016,-0.00666436208369737
176.25,58.9005279541016,-0.00628288900092586
177.5,58.9005279541016,-0.00509227433245624
178.75,58.9005279541016,-0.00275797900946368
180,58.9005279541016,0.000252243324178296
181.25,58.9005279541016,0.0036032032824431
182.5,58.9005279541016,0.00679676076598471
183.75,58.9005279541016,0.00890046217529856
185,58.9005279541016,0.00971724463351451
186.25,58.9005279541016,0.00893416523493592
187.5,58.9005279541016,0.00574536862927322
188.75,58.9005279541016,1.16622063780915e-05
190,58.9005279541016,-0.00565245076862526
191.25,58.9005279541016,-0.00983663133685296
192.5,58.9005279541016,-0.0117763674836288
193.75,58.9005279541016,-0.0101876685633615
195,58.9005279541016,-0.00574041585654862
196.25,58.9005279541016,-0.00239907264931954
197.5,58.9005279541016,0.00170787436192115
198.75,58.9005279541016,0.00176871790743567
200,58.9005279541016,0.0113148271584822
201.25,58.9005279541016,0.0135789637765496
202.5,58.9005279541016,0.0152287664163933
206.25,58.9005279541016,-0.000164259127810187
207.5,58.9005279541016,1.54552258212854e-05
208.75,58.9005279541016,0.000607784901757759
210,58.9005279541016,0.00333750009112402
211.25,58.9005279541016,0.00727635913262755
212.5,58.9005279541016,0.0106591933035492
213.75,58.9005279541016,0.012460555468168
215,58.9005279541016,0.0142146627256907
216.25,58.9005279541016,0.0171387830436046
217.5,58.9005279541016,0.0210946848416915
218.75,58.9005279541016,0.0253417632340166
220,58.9005279541016,0.0298146862080278
221.25,58.9005279541016,0.0329959535035997
222.5,58.9005279541016,0.0336028308030846
160,59.8429260253906,-0.0193073407404222
161.25,59.8429260253906,-0.0171469114220696
162.5,59.8429260253906,-0.0164774521562354
163.75,59.8429260253906,-0.00890304889055686
165,59.8429260253906,-0.0133106347576042
166.25,59.8429260253906,-0.0122979010491507
167.5,59.8429260253906,-0.00811294674914952
168.75,59.8429260253906,-0.00438156979870768
170,59.8429260253906,-0.00150822682646514
171.25,59.8429260253906,0.00239468091008923
172.5,59.8429260253906,0.00416665378184167
173.75,59.8429260253906,0.00527383845694732
175,59.8429260253906,0.0050224112888157
176.25,59.8429260253906,0.00435924555226304
177.5,59.8429260253906,0.00468716724735023
178.75,59.8429260253906,0.00595258802757776
180,59.8429260253906,0.00779583956218272
181.25,59.8429260253906,0.00980787674630242
182.5,59.8429260253906,0.0114380544215057
183.75,59.8429260253906,0.0120388752640439
185,59.8429260253906,0.0111608222019924
186.25,59.8429260253906,0.00882075289817887
187.5,59.8429260253906,0.0045900785625726
188.75,59.8429260253906,-0.000715372235213147
190,59.8429260253906,-0.00508389945637548
191.25,59.8429260253906,-0.00680999135899651
192.5,59.8429260253906,-0.00609957888008383
193.75,59.8429260253906,-0.00128370559979518
195,59.8429260253906,0.00463399942786961
196.25,59.8429260253906,0.00889256857194715
197.5,59.8429260253906,0.0115563457242765
198.75,59.8429260253906,0.0119782525077727
206.25,59.8429260253906,0.00088784228627439
207.5,59.8429260253906,0.000836075597646374
208.75,59.8429260253906,0.00233149149172799
210,59.8429260253906,0.00427443399140156
211.25,59.8429260253906,0.00925065762943621
212.5,59.8429260253906,0.0149959327641354
213.75,59.8429260253906,0.0170509951622981
215,59.8429260253906,0.0193950588223023
216.25,59.8429260253906,0.0226715194185054
217.5,59.8429260253906,0.025476899137152
218.75,59.8429260253906,0.0286894518308048
220,59.8429260253906,0.031374627627189
221.25,59.8429260253906,0.0322695902676819
160,60.7853393554688,-0.0166434775542352
161.25,60.7853393554688,-0.0153888314099206
162.5,60.7853393554688,-0.0148654552109092
167.5,60.7853393554688,-0.00540074169028404
168.75,60.7853393554688,-0.00316173147619179
170,60.7853393554688,-0.00289485353781424
171.25,60.7853393554688,0.00439823347929578
172.5,60.7853393554688,0.00816026760545874
173.75,60.7853393554688,0.0111583868847412
175,60.7853393554688,0.0125201513969504
176.25,60.7853393554688,0.0128758676461073
177.5,60.7853393554688,0.0128140163690575
178.75,60.7853393554688,0.0129055856845265
180,60.7853393554688,0.0130608388042524
181.25,60.7853393554688,0.0131549087503948
182.5,60.7853393554688,0.0130669936978076
183.75,60.7853393554688,0.0120531854469825
185,60.7853393554688,0.00991689172267872
186.25,60.7853393554688,0.00686760577436514
187.5,60.7853393554688,0.00195899509087058
188.75,60.7853393554688,-0.00102272228635465
190,60.7853393554688,-0.00207806106380581
191.25,60.7853393554688,-0.000752666630605397
192.5,60.7853393554688,0.00228349199435495
193.75,60.7853393554688,0.00639957040150919
195,60.7853393554688,0.00875828267874484
212.5,60.7853393554688,0.0177529042765288
213.75,60.7853393554688,0.0183676338526982
215,60.7853393554688,0.0197081983312198
216.25,60.7853393554688,0.022973334411913
160,61.7277526855469,-0.0135384477304104
173.75,61.7277526855469,0.0139178655427766
175,61.7277526855469,0.0159725929756582
176.25,61.7277526855469,0.0169395913984496
177.5,61.7277526855469,0.018188404938754
178.75,61.7277526855469,0.0179774542151479
180,61.7277526855469,0.0161851563715708
181.25,61.7277526855469,0.0135453773738694
182.5,61.7277526855469,0.0115471406477585
183.75,61.7277526855469,0.0101253548597893
185,61.7277526855469,0.00816473792943897
186.25,61.7277526855469,0.00514687338177618
187.5,61.7277526855469,0.00217491911757249
188.75,61.7277526855469,0.000929618634290185
190,61.7277526855469,0.00119655767315969
191.25,61.7277526855469,0.00300752385006653
192.5,61.7277526855469,0.00517215851948768
193.75,61.7277526855469,0.00759652101472554
195,61.7277526855469,0.00942032734752493
175,62.6701507568359,0.0170262095892455
176.25,62.6701507568359,0.0173677488285446
177.5,62.6701507568359,0.00712001422217919
178.75,62.6701507568359,0.00993078470689414
180,62.6701507568359,0.0109089913388944
181.25,62.6701507568359,0.00994429921230872
182.5,62.6701507568359,0.00719363056530764
183.75,62.6701507568359,0.00451648585760639
185,62.6701507568359,0.00155233609064552
186.25,62.6701507568359,-0.000660252259096998
187.5,62.6701507568359,-0.00135282508340203
188.75,62.6701507568359,-0.00135422644414338
190,62.6701507568359,-5.42602434029968e-05
191.25,62.6701507568359,0.00328473707378622
192.5,62.6701507568359,0.00561210115738618
193.75,62.6701507568359,0.00649976225541984
195,62.6701507568359,0.00622629419556362
196.25,62.6701507568359,-0.0125855625397631
197.5,62.6701507568359,-0.0125855634659258
178.75,63.6125640869141,0.00128046931226039
180,63.6125640869141,0.00128456880600838
181.25,63.6125640869141,0.00181866029686025
182.5,63.6125640869141,0.000491574390598545
183.75,63.6125640869141,-0.00210024793322098
185,63.6125640869141,-0.00417020446230962
186.25,63.6125640869141,-0.00522945277500722
187.5,63.6125640869141,-0.00580546521790162
188.75,63.6125640869141,-0.00577470695858275
190,63.6125640869141,-0.00279320495981389
191.25,63.6125640869141,0.00230414672878121
192.5,63.6125640869141,0.0042435875935545
193.75,63.6125640869141,0.00260465460099414
195,63.6125640869141,-0.00289252904022435
196.25,63.6125640869141,-0.0101862306843632
197.5,63.6125640869141,-0.0127407602160318
178.75,64.5549774169922,-0.0050645767760968
180,64.5549774169922,-0.00678555860277171
181.25,64.5549774169922,-0.00397699757678251
182.5,64.5549774169922,-0.0029124425225228
183.75,64.5549774169922,-0.00485764356161527
185,64.5549774169922,-0.00767711725968094
186.25,64.5549774169922,-0.0086326906815293
187.5,64.5549774169922,-0.00842287289804294
188.75,64.5549774169922,-0.00679653762032656
190,64.5549774169922,-0.00387650874312636
191.25,64.5549774169922,3.33143823243522e-05
192.5,64.5549774169922,-0.00106863159211991
193.75,64.5549774169922,-0.00322777619991338
195,64.5549774169922,-0.00668384237385789
196.25,64.5549774169922,-0.0105150699810425
197.5,64.5549774169922,-0.0127841232947136
180,65.4973907470703,-0.00973117788032649
181.25,65.4973907470703,-0.00917681316349494
182.5,65.4973907470703,-0.00909325206147522
183.75,65.4973907470703,-0.00867235835313279
185,65.4973907470703,-0.00859362684450775
188.75,65.4973907470703,-0.0064359978398103
190,65.4973907470703,-0.00540253129066003
191.25,65.4973907470703,-0.00408030256472804
192.5,65.4973907470703,-0.00419180562557886
193.75,65.4973907470703,-0.00618877790583743
