"lon","lat","beta"
160,20.2617797851562,-0.0101812527117776
161.25,20.2617797851562,-0.00954322490112187
162.5,20.2617797851562,-0.008603269138527
163.75,20.2617797851562,-0.00806264940660523
165,20.2617797851562,-0.007748306177048
166.25,20.2617797851562,-0.00660797087241468
167.5,20.2617797851562,-0.00452537650467081
168.75,20.2617797851562,-0.00387740167132089
170,20.2617797851562,-0.00475726786428189
171.25,20.2617797851562,-0.00759238580153208
172.5,20.2617797851562,-0.0110670869457224
173.75,20.2617797851562,-0.0144380299105196
175,20.2617797851562,-0.0173300554404973
176.25,20.2617797851562,-0.0194542042392776
177.5,20.2617797851562,-0.0212393978230673
178.75,20.2617797851562,-0.0235912175818109
180,20.2617797851562,-0.0263157957390793
181.25,20.2617797851562,-0.0284692703568737
182.5,20.2617797851562,-0.0308776039782997
183.75,20.2617797851562,-0.0326130083254977
185,20.2617797851562,-0.0340790857533919
186.25,20.2617797851562,-0.035359805437953
187.5,20.2617797851562,-0.0366512057603223
188.75,20.2617797851562,-0.0379841328569273
190,20.2617797851562,-0.0384035173268928
191.25,20.2617797851562,-0.0373498488159094
192.5,20.2617797851562,-0.0347658922770958
193.75,20.2617797851562,-0.0314485161971675
195,20.2617797851562,-0.0266670067704088
196.25,20.2617797851562,-0.0199601996509281
197.5,20.2617797851562,-0.0121651740520184
198.75,20.2617797851562,-0.00472168299440242
200,20.2617797851562,0.000676991837316969
201.25,20.2617797851562,0.0047328369998911
202.5,20.2617797851562,0.00912043982131841
203.75,20.2617797851562,0.0134860733465686
205,20.2617797851562,0.0179069007036454
206.25,20.2617797851562,0.0268640698298538
207.5,20.2617797851562,0.0324330058121702
208.75,20.2617797851562,0.0351145472327877
210,20.2617797851562,0.0360730855055451
211.25,20.2617797851562,0.0358894016058226
212.5,20.2617797851562,0.0350293899233261
213.75,20.2617797851562,0.0343877895681077
215,20.2617797851562,0.0332165350429362
216.25,20.2617797851562,0.0312571689803953
217.5,20.2617797851562,0.0284459931168789
218.75,20.2617797851562,0.0263227079158161
220,20.2617797851562,0.0249776597144831
221.25,20.2617797851562,0.0237996570512932
222.5,20.2617797851562,0.0221007993583781
223.75,20.2617797851562,0.0197764563337668
225,20.2617797851562,0.0164372596547162
226.25,20.2617797851562,0.012153715208671
227.5,20.2617797851562,0.00851711336381356
228.75,20.2617797851562,0.00494888447700533
230,20.2617797851562,0.001483287074715
231.25,20.2617797851562,-0.000692402570338353
232.5,20.2617797851562,-0.00118162386357033
233.75,20.2617797851562,-0.000472792223648999
235,20.2617797851562,0.000822429716827034
236.25,20.2617797851562,0.00157497971969216
237.5,20.2617797851562,0.00090782780186613
238.75,20.2617797851562,-0.000382440957357943
240,20.2617797851562,-0.00114550728494263
241.25,20.2617797851562,-0.000744796590847092
242.5,20.2617797851562,0.00260947527083215
243.75,20.2617797851562,0.00907919041778425
245,20.2617797851562,0.0166030879715611
246.25,20.2617797851562,0.0249662641648979
247.5,20.2617797851562,0.0339461646408934
248.75,20.2617797851562,0.0393516459107516
250,20.2617797851562,0.0417106501697751
160,21.2041854858398,-0.0097807893467797
161.25,21.2041854858398,-0.00894191340293565
162.5,21.2041854858398,-0.00800693154632027
163.75,21.2041854858398,-0.00733132186446065
165,21.2041854858398,-0.00707840614349342
166.25,21.2041854858398,-0.00620969618826046
167.5,21.2041854858398,-0.00441721307309602
168.75,21.2041854858398,-0.00303791339907577
170,21.2041854858398,-0.00242172169289175
171.25,21.2041854858398,-0.00433847430184297
172.5,21.2041854858398,-0.00766219663756822
173.75,21.2041854858398,-0.0110312249057196
175,21.2041854858398,-0.0137472872479122
176.25,21.2041854858398,-0.0158458914607114
177.5,21.2041854858398,-0.0178391738815412
178.75,21.2041854858398,-0.0202311921476823
180,21.2041854858398,-0.0229589395564789
181.25,21.2041854858398,-0.0252492882565333
182.5,21.2041854858398,-0.0279058561733074
183.75,21.2041854858398,-0.0303167882948865
185,21.2041854858398,-0.0327008565797469
186.25,21.2041854858398,-0.0354218977310158
187.5,21.2041854858398,-0.0385487556109446
188.75,21.2041854858398,-0.0417062845997823
190,21.2041854858398,-0.0438107928523565
191.25,21.2041854858398,-0.0436848853015812
192.5,21.2041854858398,-0.0411142870975656
193.75,21.2041854858398,-0.0375815455767572
195,21.2041854858398,-0.0328580278519803
196.25,21.2041854858398,-0.02664589448272
197.5,21.2041854858398,-0.018938783969405
198.75,21.2041854858398,-0.0109514673850302
200,21.2041854858398,-0.00424069150059837
201.25,21.2041854858398,0.000860393123967313
202.5,21.2041854858398,0.00566965158102933
203.75,21.2041854858398,0.0102666007843721
205,21.2041854858398,0.0153326447755224
206.25,21.2041854858398,0.0210034432374455
207.5,21.2041854858398,0.0250708651483806
208.75,21.2041854858398,0.0276462727572353
210,21.2041854858398,0.0292395075634502
211.25,21.2041854858398,0.0299663003803624
212.5,21.2041854858398,0.0299124031104192
213.75,21.2041854858398,0.029552631495098
215,21.2041854858398,0.0287848628180252
216.25,21.2041854858398,0.0277394244290511
217.5,21.2041854858398,0.0260515875096375
218.75,21.2041854858398,0.0249285559753563
220,21.2041854858398,0.0241322180832917
221.25,21.2041854858398,0.0236758255526912
222.5,21.2041854858398,0.0228649937381484
223.75,21.2041854858398,0.0212581891400167
225,21.2041854858398,0.0184898936646692
226.25,21.2041854858398,0.014628056419868
227.5,21.2041854858398,0.0105990380767086
228.75,21.2041854858398,0.00595364262075005
230,21.2041854858398,0.00101656937516097
231.25,21.2041854858398,-0.00285156437691733
232.5,21.2041854858398,-0.00508551924033995
233.75,21.2041854858398,-0.00528243343097148
235,21.2041854858398,-0.00369025018097039
236.25,21.2041854858398,-0.00118782392944099
237.5,21.2041854858398,-0.000334399941401989
238.75,21.2041854858398,0.000199196525278929
240,21.2041854858398,-0.00028815381408246
241.25,21.2041854858398,0.000347853289406936
242.5,21.2041854858398,0.003904730550383
243.75,21.2041854858398,0.00947331831383279
245,21.2041854858398,0.0161090436593388
246.25,21.2041854858398,0.0232534948820297
247.5,21.2041854858398,0.0298763883014241
248.75,21.2041854858398,0.0325954474902306
250,21.2041854858398,0.0352265969166095
160,22.146598815918,-0.00912059583321366
161.25,22.146598815918,-0.00790399649470798
162.5,22.146598815918,-0.00649135193168897
163.75,22.146598815918,-0.00589512030460203
165,22.146598815918,-0.00602387621365732
166.25,22.146598815918,-0.00601187263056864
167.5,22.146598815918,-0.00504481302140679
168.75,22.146598815918,-0.00390493970308331
170,22.146598815918,-0.00266600573210439
171.25,22.146598815918,-0.00350709406195728
172.5,22.146598815918,-0.0060745418552905
173.75,22.146598815918,-0.00896287741464429
175,22.146598815918,-0.0113999126272
176.25,22.146598815918,-0.0136424805571933
177.5,22.146598815918,-0.0160967326346022
178.75,22.146598815918,-0.0189744763982618
180,22.146598815918,-0.0213943711233971
181.25,22.146598815918,-0.0233347712974423
182.5,22.146598815918,-0.0257102756663224
183.75,22.146598815918,-0.0281739252217492
185,22.146598815918,-0.0311994269827261
186.25,22.146598815918,-0.0345067485062187
187.5,22.146598815918,-0.0380218038520482
188.75,22.146598815918,-0.0417151685273048
190,22.146598815918,-0.0448490245408126
191.25,22.146598815918,-0.0454503428774394
192.5,22.146598815918,-0.0437531110272347
193.75,22.146598815918,-0.0408474487949129
195,22.146598815918,-0.0363699637973086
196.25,22.146598815918,-0.0306112574099028
197.5,22.146598815918,-0.0235456852548214
198.75,22.146598815918,-0.0157289494557112
200,22.146598815918,-0.00843099537320303
201.25,22.146598815918,-0.00217317245171001
202.5,22.146598815918,0.00293331246005911
203.75,22.146598815918,0.0077005214982588
205,22.146598815918,0.0120194773270992
206.25,22.146598815918,0.0160358085335413
207.5,22.146598815918,0.0191201572110811
208.75,22.146598815918,0.0215894711342702
210,22.146598815918,0.0235126669699269
211.25,22.146598815918,0.0246421626426773
212.5,22.146598815918,0.0249148184826161
213.75,22.146598815918,0.0249721400308835
215,22.146598815918,0.0248520175684514
216.25,22.146598815918,0.0247075564974671
217.5,22.146598815918,0.0241951729760816
218.75,22.146598815918,0.0238758622446381
220,22.146598815918,0.0238113659057461
221.25,22.146598815918,0.0243476338359587
222.5,22.146598815918,0.024854135031605
223.75,22.146598815918,0.0243029034290458
225,22.146598815918,0.0221730532674803
226.25,22.146598815918,0.018387453424619
227.5,22.146598815918,0.0135803801666632
228.75,22.146598815918,0.00798952801621751
230,22.146598815918,0.0021242080916762
231.25,22.146598815918,-0.00326076041317854
232.5,22.146598815918,-0.00789950374500649
233.75,22.146598815918,-0.0106132208681534
235,22.146598815918,-0.0101719116851508
236.25,22.146598815918,-0.00778057610747779
237.5,22.146598815918,-0.00509334430177382
238.75,22.146598815918,-0.00255113238505742
240,22.146598815918,-0.00131336747567398
241.25,22.146598815918,-5.7604642296766e-05
242.5,22.146598815918,0.00367029383733477
243.75,22.146598815918,0.00835280869710578
245,22.146598815918,0.0143190211954492
246.25,22.146598815918,0.0211614505383176
247.5,22.146598815918,0.0254201484438652
248.75,22.146598815918,0.024542993047769
250,22.146598815918,0.0273049105037562
160,23.0890045166016,-0.00821036860527808
161.25,23.0890045166016,-0.00627058882455959
162.5,23.0890045166016,-0.00389454621705415
163.75,23.0890045166016,-0.00264548723472904
165,23.0890045166016,-0.00283567560374976
166.25,23.0890045166016,-0.00354593355434552
167.5,23.0890045166016,-0.00358451722148464
168.75,23.0890045166016,-0.00323923906049845
170,23.0890045166016,-0.00296288960399817
171.25,23.0890045166016,-0.00344073063967404
172.5,23.0890045166016,-0.00515990463817923
173.75,23.0890045166016,-0.00706911216591056
175,23.0890045166016,-0.00894950538853655
176.25,23.0890045166016,-0.010916791420145
177.5,23.0890045166016,-0.013399110894868
178.75,23.0890045166016,-0.0167443203583026
180,23.0890045166016,-0.0194167904352172
181.25,23.0890045166016,-0.0218413533185744
182.5,23.0890045166016,-0.0241701717504787
183.75,23.0890045166016,-0.0263854117100817
185,23.0890045166016,-0.0294141253772825
186.25,23.0890045166016,-0.0329049102944085
187.5,23.0890045166016,-0.0362998543798134
188.75,23.0890045166016,-0.0393751638263176
190,23.0890045166016,-0.0421767925917694
191.25,23.0890045166016,-0.0439852650861515
192.5,23.0890045166016,-0.0437883247084696
193.75,23.0890045166016,-0.0418911286824631
195,23.0890045166016,-0.0389195739659331
196.25,23.0890045166016,-0.0343784944765475
197.5,23.0890045166016,-0.0281870492958104
198.75,23.0890045166016,-0.0207264327870338
200,23.0890045166016,-0.0132102467527897
201.25,23.0890045166016,-0.00667910543950707
202.5,23.0890045166016,-0.00108710218986353
203.75,23.0890045166016,0.00337954881656278
205,23.0890045166016,0.00703333059909275
206.25,23.0890045166016,0.010768883291542
207.5,23.0890045166016,0.014025582206718
208.75,23.0890045166016,0.0168039734566535
210,23.0890045166016,0.0188597909422466
211.25,23.0890045166016,0.0201834181412135
212.5,23.0890045166016,0.0207228742637578
213.75,23.0890045166016,0.0212126982280121
215,23.0890045166016,0.0219782902903588
216.25,23.0890045166016,0.0225490333084757
217.5,23.0890045166016,0.0225959399350838
218.75,23.0890045166016,0.0225499505133251
220,23.0890045166016,0.0233288428373176
221.25,23.0890045166016,0.0251389181233889
222.5,23.0890045166016,0.0268982746694655
223.75,23.0890045166016,0.0273181562297171
225,23.0890045166016,0.0259861442984499
226.25,23.0890045166016,0.022764122048724
227.5,23.0890045166016,0.0180219465106381
228.75,23.0890045166016,0.0123799837382625
230,23.0890045166016,0.00633192255528079
231.25,23.0890045166016,-8.43721993445569e-05
232.5,23.0890045166016,-0.00640154442908429
233.75,23.0890045166016,-0.0118787534335784
235,23.0890045166016,-0.0144465665334189
236.25,23.0890045166016,-0.0137321294747063
237.5,23.0890045166016,-0.0106373581270853
238.75,23.0890045166016,-0.00639462293924812
240,23.0890045166016,-0.00410705370671826
241.25,23.0890045166016,-0.00165617768972334
242.5,23.0890045166016,0.00171864822901117
243.75,23.0890045166016,0.00581674439103744
245,23.0890045166016,0.0113423687034579
246.25,23.0890045166016,0.0179887372966397
247.5,23.0890045166016,0.0216690193282017
248.75,23.0890045166016,0.0191315403555466
250,23.0890045166016,0.0251850957682816
160,24.0314178466797,-0.00380736137215631
161.25,24.0314178466797,-0.00190699768376527
162.5,24.0314178466797,0.000366667044462333
163.75,24.0314178466797,0.00193396280503014
165,24.0314178466797,0.00220647035125038
166.25,24.0314178466797,0.00121865756975162
167.5,24.0314178466797,0.00014362717193162
168.75,24.0314178466797,-0.00068953963171273
170,24.0314178466797,-0.00166262454827624
171.25,24.0314178466797,-0.0021674291896595
172.5,24.0314178466797,-0.00296957420745296
173.75,24.0314178466797,-0.00406781625001619
175,24.0314178466797,-0.00575618735815671
176.25,24.0314178466797,-0.00767554940736444
177.5,24.0314178466797,-0.0100002626832873
178.75,24.0314178466797,-0.0127080615414342
180,24.0314178466797,-0.0152943850280242
181.25,24.0314178466797,-0.0185561213530484
182.5,24.0314178466797,-0.0209471072632818
183.75,24.0314178466797,-0.0228134268742438
185,24.0314178466797,-0.0256873702918255
186.25,24.0314178466797,-0.0293663096968881
187.5,24.0314178466797,-0.0327380734017865
188.75,24.0314178466797,-0.0352309852818512
190,24.0314178466797,-0.0374038798194506
191.25,24.0314178466797,-0.0399328943704653
192.5,24.0314178466797,-0.0417525923492423
193.75,24.0314178466797,-0.0415193676841823
195,24.0314178466797,-0.0400140227407178
196.25,24.0314178466797,-0.0368302061650321
197.5,24.0314178466797,-0.0324635071039718
198.75,24.0314178466797,-0.0260751297441648
200,24.0314178466797,-0.0186148740061754
201.25,24.0314178466797,-0.0115576982883625
202.5,24.0314178466797,-0.00544911237012008
203.75,24.0314178466797,-0.00130242128827756
205,24.0314178466797,0.00212792100068896
206.25,24.0314178466797,0.0057698952702968
207.5,24.0314178466797,0.00952876159171688
208.75,24.0314178466797,0.0125210354521361
210,24.0314178466797,0.0146226215047536
211.25,24.0314178466797,0.0162849449182148
212.5,24.0314178466797,0.0176997573883887
213.75,24.0314178466797,0.0189540606712187
215,24.0314178466797,0.0203225483674205
216.25,24.0314178466797,0.0212182094793886
217.5,24.0314178466797,0.0213623380008184
218.75,24.0314178466797,0.021347537326816
220,24.0314178466797,0.0223340855531037
221.25,24.0314178466797,0.0246201670045246
222.5,24.0314178466797,0.0272339193243229
223.75,24.0314178466797,0.0288273137586335
225,24.0314178466797,0.0289085589039792
226.25,24.0314178466797,0.0266747682961104
227.5,24.0314178466797,0.0228025493673531
228.75,24.0314178466797,0.0173534212493833
230,24.0314178466797,0.0112729929067366
231.25,24.0314178466797,0.00505921131497754
232.5,24.0314178466797,-0.00147939475711441
233.75,24.0314178466797,-0.00812802036559982
235,24.0314178466797,-0.0129672195587155
236.25,24.0314178466797,-0.0148004417084977
237.5,24.0314178466797,-0.014153633124697
238.75,24.0314178466797,-0.0106503544788646
240,24.0314178466797,-0.00792205739991827
241.25,24.0314178466797,-0.00513276861289565
242.5,24.0314178466797,-0.0022108149347827
243.75,24.0314178466797,0.00209095078209997
245,24.0314178466797,0.00778511486664894
246.25,24.0314178466797,0.0132093178879629
247.5,24.0314178466797,0.0166959417066341
248.75,24.0314178466797,0.0152925984172058
250,24.0314178466797,0.0139959106980373
160,24.9738235473633,0.00300701585624202
161.25,24.9738235473633,0.00446152103644261
162.5,24.9738235473633,0.00578872089907398
163.75,24.9738235473633,0.00640999312680589
165,24.9738235473633,0.00649419506018127
166.25,24.9738235473633,0.00617695976004617
167.5,24.9738235473633,0.00523138887189205
168.75,24.9738235473633,0.00371518284580648
170,24.9738235473633,0.00217296769078244
171.25,24.9738235473633,0.00128625312179747
172.5,24.9738235473633,0.000811374017463408
173.75,24.9738235473633,0.000164255531223949
175,24.9738235473633,-0.00140375012058031
176.25,24.9738235473633,-0.00367348904453627
177.5,24.9738235473633,-0.00608535519347668
178.75,24.9738235473633,-0.00809962736198305
180,24.9738235473633,-0.0101254086467113
181.25,24.9738235473633,-0.0129638348637476
182.5,24.9738235473633,-0.0143806116172355
183.75,24.9738235473633,-0.0155015605718304
185,24.9738235473633,-0.0181653432583123
186.25,24.9738235473633,-0.0223880748602895
187.5,24.9738235473633,-0.026013236172183
188.75,24.9738235473633,-0.0285769788791423
190,24.9738235473633,-0.0306731050435522
191.25,24.9738235473633,-0.0335336181767482
192.5,24.9738235473633,-0.036680356357896
193.75,24.9738235473633,-0.0378630777988926
195,24.9738235473633,-0.0377737149264617
196.25,24.9738235473633,-0.0366804457907543
197.5,24.9738235473633,-0.0345651566545596
198.75,24.9738235473633,-0.0301736042806022
200,24.9738235473633,-0.0234980828473619
201.25,24.9738235473633,-0.0158150826445471
202.5,24.9738235473633,-0.00862260484159192
203.75,24.9738235473633,-0.00326766966860982
205,24.9738235473633,0.000259113935698366
206.25,24.9738235473633,0.00354567825162141
207.5,24.9738235473633,0.00638783083117392
208.75,24.9738235473633,0.00829234833331808
210,24.9738235473633,0.0100832879986783
211.25,24.9738235473633,0.0124668320997366
212.5,24.9738235473633,0.0147689620598341
213.75,24.9738235473633,0.0165564474690064
215,24.9738235473633,0.0183588024682984
216.25,24.9738235473633,0.019486649879248
217.5,24.9738235473633,0.0198117514890566
218.75,24.9738235473633,0.0200543967348032
220,24.9738235473633,0.0210296708321393
221.25,24.9738235473633,0.02289811861995
222.5,24.9738235473633,0.0252040239481551
223.75,24.9738235473633,0.0275195477615329
225,24.9738235473633,0.0289692025066968
226.25,24.9738235473633,0.0282749295992163
227.5,24.9738235473633,0.0253523903283848
228.75,24.9738235473633,0.0214964747763125
230,24.9738235473633,0.0166725999165442
231.25,24.9738235473633,0.0113636266492079
232.5,24.9738235473633,0.00517966044682056
233.75,24.9738235473633,-0.00108999078914685
235,24.9738235473633,-0.00649551330215571
236.25,24.9738235473633,-0.010882750631701
237.5,24.9738235473633,-0.0131098984323568
238.75,24.9738235473633,-0.0123128560236575
240,24.9738235473633,-0.0105886560910019
241.25,24.9738235473633,-0.00855498738701079
242.5,24.9738235473633,-0.00579265554116258
243.75,24.9738235473633,-0.00113879683042986
245,24.9738235473633,0.00388637292934351
246.25,24.9738235473633,0.00744548095667316
247.5,24.9738235473633,0.0106241830738471
248.75,24.9738235473633,0.00874654047977681
250,24.9738235473633,0.00891758853154866
160,25.9162292480469,0.011093027925276
161.25,25.9162292480469,0.0118655071759647
162.5,25.9162292480469,0.0119139972044603
163.75,25.9162292480469,0.0114732336288529
165,25.9162292480469,0.0109041841632478
166.25,25.9162292480469,0.0111077182863771
167.5,25.9162292480469,0.0109602257467048
168.75,25.9162292480469,0.0100449791191454
170,25.9162292480469,0.00850180918040412
171.25,25.9162292480469,0.00709192683618311
172.5,25.9162292480469,0.00619988037353085
173.75,25.9162292480469,0.00526606106034069
175,25.9162292480469,0.00398705916717
176.25,25.9162292480469,0.00140326800452283
177.5,25.9162292480469,-0.00151374884481737
178.75,25.9162292480469,-0.00385045882116543
180,25.9162292480469,-0.00512664074668329
181.25,25.9162292480469,-0.00673747616283579
182.5,25.9162292480469,-0.00806777582618665
183.75,25.9162292480469,-0.00821927835429064
185,25.9162292480469,-0.00871697993101272
186.25,25.9162292480469,-0.0113081562076247
187.5,25.9162292480469,-0.0143819824020872
188.75,25.9162292480469,-0.0169977673216834
190,25.9162292480469,-0.0198640060183309
191.25,25.9162292480469,-0.0237638642039896
192.5,25.9162292480469,-0.0276812535868989
193.75,25.9162292480469,-0.0301556862908761
195,25.9162292480469,-0.0313757667102
196.25,25.9162292480469,-0.0320266707838101
197.5,25.9162292480469,-0.0320044153493126
198.75,25.9162292480469,-0.0306169226902195
200,25.9162292480469,-0.0264894385044199
201.25,25.9162292480469,-0.0197084822973089
202.5,25.9162292480469,-0.0115692191572536
203.75,25.9162292480469,-0.00419143843819984
205,25.9162292480469,0.000478407276140228
206.25,25.9162292480469,0.00351759647490297
207.5,25.9162292480469,0.00554749243021577
208.75,25.9162292480469,0.00636872202434758
210,25.9162292480469,0.00723763019449972
211.25,25.9162292480469,0.00921753681109516
212.5,25.9162292480469,0.0117209368569285
213.75,25.9162292480469,0.0137941123849293
215,25.9162292480469,0.0161205478671577
216.25,25.9162292480469,0.0177033165250646
217.5,25.9162292480469,0.0178012597230149
218.75,25.9162292480469,0.0181488466016948
220,25.9162292480469,0.0194074561604058
221.25,25.9162292480469,0.0211626942071353
222.5,25.9162292480469,0.0230535406869802
223.75,25.9162292480469,0.0251429810779321
225,25.9162292480469,0.0269240031012007
226.25,25.9162292480469,0.0275598895935064
227.5,25.9162292480469,0.0267243768532989
228.75,25.9162292480469,0.0244466510761408
230,25.9162292480469,0.0209907357134268
231.25,25.9162292480469,0.0168960701418197
232.5,25.9162292480469,0.0115538194771073
233.75,25.9162292480469,0.00592367479268556
235,25.9162292480469,0.000685964955052472
236.25,25.9162292480469,-0.00484326663772604
237.5,25.9162292480469,-0.00972039775212662
238.75,25.9162292480469,-0.0124616882432503
240,25.9162292480469,-0.012842874984474
241.25,25.9162292480469,-0.0118523810185068
242.5,25.9162292480469,-0.00899834778812085
243.75,25.9162292480469,-0.00444985261098979
245,25.9162292480469,-0.00108590428514175
246.25,25.9162292480469,0.00139447890417686
247.5,25.9162292480469,0.00572485043303785
248.75,25.9162292480469,-0.00462695969551798
250,25.9162292480469,0.00166508965231069
160,26.858642578125,0.0232786000731918
161.25,26.858642578125,0.0221309280097639
162.5,26.858642578125,0.0201142685789599
163.75,26.858642578125,0.0184322927627779
165,26.858642578125,0.0168794699405641
166.25,26.858642578125,0.0162197099952501
167.5,26.858642578125,0.0160883087880291
168.75,26.858642578125,0.0160950653682696
170,26.858642578125,0.015689833709756
171.25,26.858642578125,0.0144333398757448
172.5,26.858642578125,0.0133061366666451
173.75,26.858642578125,0.0125534431323908
175,26.858642578125,0.0114113605619744
176.25,26.858642578125,0.00877972876576683
177.5,26.858642578125,0.00544870051881478
178.75,26.858642578125,0.00309395578288643
180,26.858642578125,0.00194221221144469
181.25,26.858642578125,0.00045616414756948
182.5,26.858642578125,-0.000760855447091535
183.75,26.858642578125,-0.000459404401275153
185,26.858642578125,5.11896249121111e-05
186.25,26.858642578125,-0.0010457601537371
187.5,26.858642578125,-0.00291383538850614
188.75,26.858642578125,-0.00467427646497182
190,26.858642578125,-0.00701463997611655
191.25,26.858642578125,-0.00989184695030252
192.5,26.858642578125,-0.014125931234621
193.75,26.858642578125,-0.0183263543091689
195,26.858642578125,-0.0209665671048879
196.25,26.858642578125,-0.0227438686077087
197.5,26.858642578125,-0.0245724568376023
198.75,26.858642578125,-0.0259022831708718
200,26.858642578125,-0.0247389871266414
201.25,26.858642578125,-0.0203221138189494
202.5,26.858642578125,-0.0135714198247323
203.75,26.858642578125,-0.0060620426121257
205,26.858642578125,0.000435737520372106
206.25,26.858642578125,0.00459977509740159
207.5,26.858642578125,0.00725564523785364
208.75,26.858642578125,0.00770452846456084
210,26.858642578125,0.0073074079038703
211.25,26.858642578125,0.00777795159362668
212.5,26.858642578125,0.00943853859040478
213.75,26.858642578125,0.0116908426193654
215,26.858642578125,0.0143621040435284
216.25,26.858642578125,0.016465017075877
217.5,26.858642578125,0.0170407244365115
218.75,26.858642578125,0.0167908994931645
220,26.858642578125,0.0177446402644319
221.25,26.858642578125,0.0193283088493861
222.5,26.858642578125,0.0208842191299053
223.75,26.858642578125,0.0224373945707448
225,26.858642578125,0.0238143593752311
226.25,26.858642578125,0.025098923503266
227.5,26.858642578125,0.0260558354722942
228.75,26.858642578125,0.0253079805374156
230,26.858642578125,0.0233789291819135
231.25,26.858642578125,0.0206915908079983
232.5,26.858642578125,0.0164128068226479
233.75,26.858642578125,0.0108351666760511
235,26.858642578125,0.00491554700486563
236.25,26.858642578125,-0.000470212047643955
237.5,26.858642578125,-0.00629469746146426
238.75,26.858642578125,-0.0114550880813871
240,26.858642578125,-0.0142527787690203
241.25,26.858642578125,-0.0148068076933089
242.5,26.858642578125,-0.0120143803101076
243.75,26.858642578125,-0.00823248028904183
245,26.858642578125,-0.00568135194144636
246.25,26.858642578125,-0.00303901723758598
247.5,26.858642578125,-0.00514132791748015
248.75,26.858642578125,-0.00943350124456725
250,26.858642578125,-0.00771081320032424
160,27.8010482788086,0.0383631728107522
161.25,27.8010482788086,0.0365254057366871
162.5,27.8010482788086,0.0336348815484263
163.75,27.8010482788086,0.0302299445156529
165,27.8010482788086,0.0267428430680319
166.25,27.8010482788086,0.0239631149858302
167.5,27.8010482788086,0.0226363833025142
168.75,27.8010482788086,0.0220602917525207
170,27.8010482788086,0.0227355211069801
171.25,27.8010482788086,0.0231389568171034
172.5,27.8010482788086,0.0232341300728682
173.75,27.8010482788086,0.022434301592769
175,27.8010482788086,0.0211601545750569
176.25,27.8010482788086,0.0189981786574444
177.5,27.8010482788086,0.0161239214581188
178.75,27.8010482788086,0.0133049276755627
180,27.8010482788086,0.011673538634664
181.25,27.8010482788086,0.00986167177060058
182.5,27.8010482788086,0.00829438762426501
183.75,27.8010482788086,0.00832355065780254
185,27.8010482788086,0.00863556013171293
186.25,27.8010482788086,0.0081936469736942
187.5,27.8010482788086,0.00749217595570121
188.75,27.8010482788086,0.00709469479810849
190,27.8010482788086,0.00563321443774317
191.25,27.8010482788086,0.00344330400959255
192.5,27.8010482788086,-0.000601512621578584
193.75,27.8010482788086,-0.00557409761011129
195,27.8010482788086,-0.00962198820695413
196.25,27.8010482788086,-0.0128329213938388
197.5,27.8010482788086,-0.0162253266397242
198.75,27.8010482788086,-0.019505479567905
200,27.8010482788086,-0.0209342388225399
201.25,27.8010482788086,-0.0190563982799792
202.5,27.8010482788086,-0.0139599569073788
203.75,27.8010482788086,-0.00727646417205519
205,27.8010482788086,2.12797283276408e-05
206.25,27.8010482788086,0.00579851218497009
207.5,27.8010482788086,0.0101551661122107
208.75,27.8010482788086,0.0113719561806462
210,27.8010482788086,0.0103243688515354
211.25,27.8010482788086,0.00926875992182648
212.5,27.8010482788086,0.00945957446870244
213.75,27.8010482788086,0.0108961156848495
215,27.8010482788086,0.0133493949485441
216.25,27.8010482788086,0.0153595217966351
217.5,27.8010482788086,0.0162841530134827
218.75,27.8010482788086,0.0164316532204731
220,27.8010482788086,0.0166579683342277
221.25,27.8010482788086,0.01718554839171
222.5,27.8010482788086,0.0180255659719387
223.75,27.8010482788086,0.0190072073539871
225,27.8010482788086,0.0201100385542577
226.25,27.8010482788086,0.0214503855773282
227.5,27.8010482788086,0.0226814798187103
228.75,27.8010482788086,0.0231862566063641
230,27.8010482788086,0.0226498282228956
231.25,27.8010482788086,0.0212019710427635
232.5,27.8010482788086,0.018150431797091
233.75,27.8010482788086,0.0132083494824365
235,27.8010482788086,0.00744707437043411
236.25,27.8010482788086,0.0022125936441069
237.5,27.8010482788086,-0.00335006550738686
238.75,27.8010482788086,-0.00935974372575592
240,27.8010482788086,-0.0138781925820053
241.25,27.8010482788086,-0.0164137189018545
242.5,27.8010482788086,-0.0147406094122627
243.75,27.8010482788086,-0.0114123937709407
245,27.8010482788086,-0.00817799845960576
246.25,27.8010482788086,-0.00687020425756265
247.5,27.8010482788086,-0.0117695989308701
248.75,27.8010482788086,-0.0119336522011784
250,27.8010482788086,-0.0122621759544276
160,28.7434539794922,0.0493430841162876
161.25,28.7434539794922,0.0489551086356009
162.5,28.7434539794922,0.0472169503722452
163.75,28.7434539794922,0.0438713899022258
165,28.7434539794922,0.0394907561375748
166.25,28.7434539794922,0.0350899605064348
167.5,28.7434539794922,0.0314451687644755
168.75,28.7434539794922,0.0288636854475419
170,28.7434539794922,0.027973482249493
171.25,28.7434539794922,0.0284424777087047
172.5,28.7434539794922,0.0294817436744374
173.75,28.7434539794922,0.0297025570279133
175,28.7434539794922,0.0289667674368523
176.25,28.7434539794922,0.0276722021293975
177.5,28.7434539794922,0.0256527051691508
178.75,28.7434539794922,0.0234307952425118
180,28.7434539794922,0.0214455592652714
181.25,28.7434539794922,0.0195493913551567
182.5,28.7434539794922,0.0183487346440063
183.75,28.7434539794922,0.0186080826144943
185,28.7434539794922,0.0192329662054643
186.25,28.7434539794922,0.0189760842690078
187.5,28.7434539794922,0.0188610405765328
188.75,28.7434539794922,0.0189794997150283
190,28.7434539794922,0.0178878188571716
191.25,28.7434539794922,0.0154767367168865
192.5,28.7434539794922,0.0116907525789318
193.75,28.7434539794922,0.00691997858786807
195,28.7434539794922,0.00237425519211572
196.25,28.7434539794922,-0.00220143648106994
197.5,28.7434539794922,-0.00709145394814322
198.75,28.7434539794922,-0.0121537363193644
200,28.7434539794922,-0.0155353337576404
201.25,28.7434539794922,-0.0164950916607816
202.5,28.7434539794922,-0.0144964553095131
203.75,28.7434539794922,-0.00934463560356551
205,28.7434539794922,-0.00297873844615312
206.25,28.7434539794922,0.00335976235654829
207.5,28.7434539794922,0.00953626834365373
208.75,28.7434539794922,0.0135261605910022
210,28.7434539794922,0.0143297958603366
211.25,28.7434539794922,0.0134095948014857
212.5,28.7434539794922,0.0122742477442446
213.75,28.7434539794922,0.0117622082236217
215,28.7434539794922,0.0130059118038558
216.25,28.7434539794922,0.0147991913457474
217.5,28.7434539794922,0.0159545009109569
218.75,28.7434539794922,0.0161949384175349
220,28.7434539794922,0.0157536753170042
221.25,28.7434539794922,0.0151025739080476
222.5,28.7434539794922,0.0147960748661435
223.75,28.7434539794922,0.0149965012775685
225,28.7434539794922,0.0155252198836962
226.25,28.7434539794922,0.0162055776659605
227.5,28.7434539794922,0.0167290239788905
228.75,28.7434539794922,0.0176674386335281
230,28.7434539794922,0.0180053827196279
231.25,28.7434539794922,0.0176146135103385
232.5,28.7434539794922,0.0162041650528999
233.75,28.7434539794922,0.0129020255888184
235,28.7434539794922,0.00827110377730202
236.25,28.7434539794922,0.00356178703967912
237.5,28.7434539794922,-0.00190041132081885
238.75,28.7434539794922,-0.00808313033737824
240,28.7434539794922,-0.0128998057401404
241.25,28.7434539794922,-0.0170868530650272
242.5,28.7434539794922,-0.0165479895254481
243.75,28.7434539794922,-0.0139596931397985
245,28.7434539794922,-0.0107305286694945
246.25,28.7434539794922,-0.00805151380929691
160,29.6858673095703,0.052834729539796
161.25,29.6858673095703,0.0568461830435121
162.5,29.6858673095703,0.0587037316193828
163.75,29.6858673095703,0.0578709403245146
165,29.6858673095703,0.0544691805131541
166.25,29.6858673095703,0.0492294023135497
167.5,29.6858673095703,0.0433802457647964
168.75,29.6858673095703,0.0375452980694138
170,29.6858673095703,0.0335016446196147
171.25,29.6858673095703,0.0325088353792441
172.5,29.6858673095703,0.0331147801248847
173.75,29.6858673095703,0.0336048199097234
175,29.6858673095703,0.0330870275850407
176.25,29.6858673095703,0.0327151158509529
177.5,29.6858673095703,0.0320630179523101
178.75,29.6858673095703,0.0309745126075383
180,29.6858673095703,0.0292192274276726
181.25,29.6858673095703,0.0272080929505516
182.5,29.6858673095703,0.025617952973655
183.75,29.6858673095703,0.026165472523158
185,29.6858673095703,0.0274948212453058
186.25,29.6858673095703,0.0281134566440561
187.5,29.6858673095703,0.0284517786876458
188.75,29.6858673095703,0.0287678304337978
190,29.6858673095703,0.0278554697164841
191.25,29.6858673095703,0.0257676683041757
192.5,29.6858673095703,0.0230248562763812
193.75,29.6858673095703,0.019782194104783
195,29.6858673095703,0.0155919693996015
196.25,29.6858673095703,0.0105709603844861
197.5,29.6858673095703,0.00484744533425512
198.75,29.6858673095703,-0.00100961703247352
200,29.6858673095703,-0.00619850277668506
201.25,29.6858673095703,-0.0103380169975477
202.5,29.6858673095703,-0.0118959798045816
203.75,29.6858673095703,-0.0098718226408102
205,29.6858673095703,-0.00595295746591249
206.25,29.6858673095703,-0.000637968684162982
207.5,29.6858673095703,0.00570634499823051
208.75,29.6858673095703,0.0108083568577285
210,29.6858673095703,0.0142550220824576
211.25,29.6858673095703,0.0156836551896018
212.5,29.6858673095703,0.0154721144339241
213.75,29.6858673095703,0.0142609999577473
215,29.6858673095703,0.0138832128648158
216.25,29.6858673095703,0.0146581897263042
217.5,29.6858673095703,0.0159874367282869
218.75,29.6858673095703,0.0164111336191533
220,29.6858673095703,0.0154955913217004
221.25,29.6858673095703,0.0133871428920477
222.5,29.6858673095703,0.011288804797007
223.75,29.6858673095703,0.0104195873108877
225,29.6858673095703,0.0101858258254419
226.25,29.6858673095703,0.0101373734187571
227.5,29.6858673095703,0.00972608546940502
228.75,29.6858673095703,0.00983475692067232
230,29.6858673095703,0.0103656860859427
231.25,29.6858673095703,0.010696359268674
232.5,29.6858673095703,0.010692923172016
233.75,29.6858673095703,0.00918187605335427
235,29.6858673095703,0.00632093987992354
236.25,29.6858673095703,0.00284892310781754
237.5,29.6858673095703,-0.00197067976778073
238.75,29.6858673095703,-0.00758687334346201
240,29.6858673095703,-0.0127453049659844
241.25,29.6858673095703,-0.0168044152712834
242.5,29.6858673095703,-0.0167815777140755
243.75,29.6858673095703,-0.0156112106421373
245,29.6858673095703,-0.0142437787369371
160,30.6282730102539,0.0497610251038947
161.25,30.6282730102539,0.0549573402032539
162.5,30.6282730102539,0.0593005138050546
163.75,30.6282730102539,0.0610022218014922
165,30.6282730102539,0.0591839502236824
166.25,30.6282730102539,0.0553113280702532
167.5,30.6282730102539,0.050502465082865
168.75,30.6282730102539,0.0438832729631542
170,30.6282730102539,0.0378051727870285
171.25,30.6282730102539,0.0350324785418301
172.5,30.6282730102539,0.0338423377211967
173.75,30.6282730102539,0.0340382731360151
175,30.6282730102539,0.0341250709751609
176.25,30.6282730102539,0.0343480110049915
177.5,30.6282730102539,0.0353779283359624
178.75,30.6282730102539,0.0364165612057856
180,30.6282730102539,0.0358615559297116
181.25,30.6282730102539,0.0336683251283862
182.5,30.6282730102539,0.0316614755681052
183.75,30.6282730102539,0.0322227555492862
185,30.6282730102539,0.0336356172325588
186.25,30.6282730102539,0.0345247729290223
187.5,30.6282730102539,0.0351087637318934
188.75,30.6282730102539,0.0352017559007241
190,30.6282730102539,0.0344760202884219
191.25,30.6282730102539,0.0327316515451087
192.5,30.6282730102539,0.0309030662873316
193.75,30.6282730102539,0.0287358381005768
195,30.6282730102539,0.0252131191290929
196.25,30.6282730102539,0.0213945010765305
197.5,30.6282730102539,0.0172361853827521
198.75,30.6282730102539,0.0125262944667126
200,30.6282730102539,0.00720448660639843
201.25,30.6282730102539,0.00230337161476608
202.5,30.6282730102539,-0.00172723767060575
203.75,30.6282730102539,-0.00370550334042996
205,30.6282730102539,-0.00416207065995402
206.25,30.6282730102539,-0.00279380306598291
207.5,30.6282730102539,0.00146536165135734
208.75,30.6282730102539,0.00635496388689092
210,30.6282730102539,0.0105219669246663
211.25,30.6282730102539,0.013179508239946
212.5,30.6282730102539,0.0140869148356704
213.75,30.6282730102539,0.0134220800729192
215,30.6282730102539,0.01266778594783
216.25,30.6282730102539,0.0135281514385312
217.5,30.6282730102539,0.0148983179749707
218.75,30.6282730102539,0.0152748323053483
220,30.6282730102539,0.0138193627140734
221.25,30.6282730102539,0.0105987401132104
222.5,30.6282730102539,0.00727835585275234
223.75,30.6282730102539,0.0053665832046403
225,30.6282730102539,0.00460371639645342
226.25,30.6282730102539,0.00398438410711394
227.5,30.6282730102539,0.00277839298987343
228.75,30.6282730102539,0.00178832047195796
230,30.6282730102539,0.00183717216459715
231.25,30.6282730102539,0.00234187921346918
232.5,30.6282730102539,0.00252175755758865
233.75,30.6282730102539,0.00207286287594197
235,30.6282730102539,0.00128795658953936
236.25,30.6282730102539,1.27167301565052e-05
237.5,30.6282730102539,-0.00338728181246489
238.75,30.6282730102539,-0.00795021831119097
240,30.6282730102539,-0.0127963676242801
241.25,30.6282730102539,-0.0160580380615407
242.5,30.6282730102539,-0.0169533627453936
243.75,30.6282730102539,-0.0176098562781001
160,31.5706787109375,0.048790918813141
161.25,31.5706787109375,0.0524930512367517
162.5,31.5706787109375,0.0576274496643565
163.75,31.5706787109375,0.0611001976039995
165,31.5706787109375,0.0608419711386096
166.25,31.5706787109375,0.0587284989755159
167.5,31.5706787109375,0.0550051654886541
168.75,31.5706787109375,0.0494075923464053
170,31.5706787109375,0.0430158107226569
171.25,31.5706787109375,0.0372616029249666
172.5,31.5706787109375,0.0340390266148999
173.75,31.5706787109375,0.033230002659397
175,31.5706787109375,0.0332546095276761
176.25,31.5706787109375,0.0333090752973621
177.5,31.5706787109375,0.0346971234879051
178.75,31.5706787109375,0.0368958589088943
180,31.5706787109375,0.0379026687551322
181.25,31.5706787109375,0.0368998565780447
182.5,31.5706787109375,0.0360513634006689
183.75,31.5706787109375,0.0369179679436322
185,31.5706787109375,0.0380410668349039
186.25,31.5706787109375,0.0387325778624618
187.5,31.5706787109375,0.0390816451793879
188.75,31.5706787109375,0.0394136487920712
190,31.5706787109375,0.0391183342828225
191.25,31.5706787109375,0.0382431862454811
192.5,31.5706787109375,0.0369461558368456
193.75,31.5706787109375,0.0354490771084197
195,31.5706787109375,0.0324733638952446
196.25,31.5706787109375,0.029525287042874
197.5,31.5706787109375,0.0264305028466626
198.75,31.5706787109375,0.023348375004223
200,31.5706787109375,0.0189813879590706
201.25,31.5706787109375,0.0137443878554206
202.5,31.5706787109375,0.00914108713459019
203.75,31.5706787109375,0.00566674841444053
205,31.5706787109375,0.00301035136944706
206.25,31.5706787109375,0.000942106367412689
207.5,31.5706787109375,0.000636868103938719
208.75,31.5706787109375,0.001975683194636
210,31.5706787109375,0.00533028261339088
211.25,31.5706787109375,0.00860713480681324
212.5,31.5706787109375,0.0102332338069896
213.75,31.5706787109375,0.00994524261812474
215,31.5706787109375,0.00932256844342557
216.25,31.5706787109375,0.0103009698739388
217.5,31.5706787109375,0.0116930525271246
218.75,31.5706787109375,0.0119161911039746
220,31.5706787109375,0.010518740257737
221.25,31.5706787109375,0.0071909449709627
222.5,31.5706787109375,0.00319754209496653
223.75,31.5706787109375,0.000274437589795652
225,31.5706787109375,-0.00133523364831032
226.25,31.5706787109375,-0.00249412498074881
227.5,31.5706787109375,-0.00359586616351594
228.75,31.5706787109375,-0.00494989237646776
230,31.5706787109375,-0.00615499379483941
231.25,31.5706787109375,-0.00635222592722809
232.5,31.5706787109375,-0.00633395036046188
233.75,31.5706787109375,-0.00593600323541111
235,31.5706787109375,-0.00511423423947105
236.25,31.5706787109375,-0.00463271851528742
237.5,31.5706787109375,-0.0060026888845427
238.75,31.5706787109375,-0.00907640174318435
240,31.5706787109375,-0.0130737561063217
241.25,31.5706787109375,-0.0153423650038727
242.5,31.5706787109375,-0.0168970306096993
243.75,31.5706787109375,-0.0190275902297166
160,32.5130920410156,0.0510065024643507
161.25,32.5130920410156,0.0543654785782579
162.5,32.5130920410156,0.0592490420094494
163.75,32.5130920410156,0.0639902327317598
165,32.5130920410156,0.06570322981281
166.25,32.5130920410156,0.0644700041027803
167.5,32.5130920410156,0.0615566351138324
168.75,32.5130920410156,0.0565788782747578
170,32.5130920410156,0.0505475482597902
171.25,32.5130920410156,0.0427343426304068
172.5,32.5130920410156,0.0358253125687663
173.75,32.5130920410156,0.0322504627999252
175,32.5130920410156,0.0305750608183609
176.25,32.5130920410156,0.0297515869663604
177.5,32.5130920410156,0.0306615057441121
178.75,32.5130920410156,0.0329877901077115
180,32.5130920410156,0.0348953659022551
181.25,32.5130920410156,0.0357816474673871
182.5,32.5130920410156,0.036641776257218
183.75,32.5130920410156,0.0374843981256622
185,32.5130920410156,0.038717887160841
186.25,32.5130920410156,0.0398819341710524
187.5,32.5130920410156,0.0397393637571006
188.75,32.5130920410156,0.03928778952954
190,32.5130920410156,0.0388625398115941
191.25,32.5130920410156,0.0384980091904981
192.5,32.5130920410156,0.0379761419747488
193.75,32.5130920410156,0.0374018354242849
195,32.5130920410156,0.0358523505292666
196.25,32.5130920410156,0.0336298185752011
197.5,32.5130920410156,0.0312202685873564
198.75,32.5130920410156,0.0292483003023469
200,32.5130920410156,0.0263609402202052
201.25,32.5130920410156,0.0216768308273575
202.5,32.5130920410156,0.0171195749239588
203.75,32.5130920410156,0.0135135605694351
205,32.5130920410156,0.0102200892270389
206.25,32.5130920410156,0.00700783209302153
207.5,32.5130920410156,0.00335424124303425
208.75,32.5130920410156,0.000564477044543529
210,32.5130920410156,-3.88458939419536e-05
211.25,32.5130920410156,0.0021890273747476
212.5,32.5130920410156,0.00471896905732698
213.75,32.5130920410156,0.00528031700996901
215,32.5130920410156,0.00468782193538677
216.25,32.5130920410156,0.00504044522733283
217.5,32.5130920410156,0.00641389231847986
218.75,32.5130920410156,0.00745341520708032
220,32.5130920410156,0.00655074433362803
221.25,32.5130920410156,0.00388894291013043
222.5,32.5130920410156,0.000217675617498509
223.75,32.5130920410156,-0.00291026136578502
225,32.5130920410156,-0.00554947671871399
226.25,32.5130920410156,-0.00780959058041905
227.5,32.5130920410156,-0.00945707544641489
228.75,32.5130920410156,-0.0111270225561664
230,32.5130920410156,-0.0124474509673299
231.25,32.5130920410156,-0.0132581072300256
232.5,32.5130920410156,-0.0135673649249922
233.75,32.5130920410156,-0.0125421052019215
235,32.5130920410156,-0.0105351325865383
236.25,32.5130920410156,-0.00880631772511193
237.5,32.5130920410156,-0.00868639724563752
238.75,32.5130920410156,-0.0107415923578656
240,32.5130920410156,-0.0127809538452273
241.25,32.5130920410156,-0.0144325305186
242.5,32.5130920410156,-0.0160962072660566
160,33.4554977416992,0.0515075079711358
161.25,33.4554977416992,0.0550234759100374
162.5,33.4554977416992,0.0599651656564105
163.75,33.4554977416992,0.0648123460661875
165,33.4554977416992,0.0679060458505372
166.25,33.4554977416992,0.0682078388697806
167.5,33.4554977416992,0.0660375519639639
168.75,33.4554977416992,0.0610307108121005
170,33.4554977416992,0.0543471362844214
171.25,33.4554977416992,0.0447079917257108
172.5,33.4554977416992,0.0359384655634085
173.75,33.4554977416992,0.03023879709633
175,33.4554977416992,0.0273217848535249
176.25,33.4554977416992,0.0264772040192024
177.5,33.4554977416992,0.0266607614920756
178.75,33.4554977416992,0.0278342135071
180,33.4554977416992,0.0295528572792436
181.25,33.4554977416992,0.0310853328834126
182.5,33.4554977416992,0.0324657058586004
183.75,33.4554977416992,0.0341907707329078
185,33.4554977416992,0.0359438893995561
186.25,33.4554977416992,0.0373387968474373
187.5,33.4554977416992,0.0368056571135177
188.75,33.4554977416992,0.0354692163231036
190,33.4554977416992,0.0349406261902507
191.25,33.4554977416992,0.0348564976813577
192.5,33.4554977416992,0.0347571282761991
193.75,33.4554977416992,0.0344005316082188
195,33.4554977416992,0.033284714771795
196.25,33.4554977416992,0.031726062961338
197.5,33.4554977416992,0.0302729140589729
198.75,33.4554977416992,0.0295700952606812
200,33.4554977416992,0.0278771899839519
201.25,33.4554977416992,0.0243136017829546
202.5,33.4554977416992,0.0205717706790751
203.75,33.4554977416992,0.0174007018378718
205,33.4554977416992,0.0144479298840092
206.25,33.4554977416992,0.0109165186154576
207.5,33.4554977416992,0.00556087085998223
208.75,33.4554977416992,0.0010151988269402
210,33.4554977416992,-0.00237183415387612
211.25,33.4554977416992,-0.00349777712799557
212.5,33.4554977416992,-0.00260809242136343
213.75,33.4554977416992,-0.00166398018424922
215,33.4554977416992,-0.00150731454938549
216.25,33.4554977416992,-0.00158694021500232
217.5,33.4554977416992,-0.000484150586654635
218.75,33.4554977416992,0.00135671204642704
220,33.4554977416992,0.00166187317353935
221.25,33.4554977416992,0.000281691169304904
222.5,33.4554977416992,-0.00203876431499455
223.75,33.4554977416992,-0.00461298872736599
225,33.4554977416992,-0.00749563757920569
226.25,33.4554977416992,-0.0102298539804059
227.5,33.4554977416992,-0.0127063979701015
228.75,33.4554977416992,-0.0152553244290543
230,33.4554977416992,-0.0172795622034348
231.25,33.4554977416992,-0.018992125992994
232.5,33.4554977416992,-0.0188416137724429
233.75,33.4554977416992,-0.0171618874462804
235,33.4554977416992,-0.0144923773680423
236.25,33.4554977416992,-0.0117555194670147
237.5,33.4554977416992,-0.0107076437198612
238.75,33.4554977416992,-0.0120949124824206
240,33.4554977416992,-0.0130584643005689
241.25,33.4554977416992,-0.0142491984172944
242.5,33.4554977416992,-0.0152808145171079
160,34.3979034423828,0.0521208891045155
161.25,34.3979034423828,0.054007717955431
162.5,34.3979034423828,0.0573023992312652
163.75,34.3979034423828,0.0615784584764993
165,34.3979034423828,0.0647111453218511
166.25,34.3979034423828,0.0657669560846876
167.5,34.3979034423828,0.064939832125597
168.75,34.3979034423828,0.0610954546739054
170,34.3979034423828,0.0541892913757357
171.25,34.3979034423828,0.044157344958282
172.5,34.3979034423828,0.0348394856245956
173.75,34.3979034423828,0.0284253019994644
175,34.3979034423828,0.024836282485068
176.25,34.3979034423828,0.0236055948578183
177.5,34.3979034423828,0.0237366238591979
178.75,34.3979034423828,0.0243947094199182
180,34.3979034423828,0.0259831338572096
181.25,34.3979034423828,0.027706729609782
182.5,34.3979034423828,0.0290834257689567
183.75,34.3979034423828,0.0296889468041575
185,34.3979034423828,0.0313188094612304
186.25,34.3979034423828,0.0321697023186729
187.5,34.3979034423828,0.0310462756095305
188.75,34.3979034423828,0.0294517475655702
190,34.3979034423828,0.0284127178981973
191.25,34.3979034423828,0.0280315637200884
192.5,34.3979034423828,0.0280106096799506
193.75,34.3979034423828,0.0277452404809749
195,34.3979034423828,0.0265271425484826
196.25,34.3979034423828,0.0256505338806964
197.5,34.3979034423828,0.0253619636496013
198.75,34.3979034423828,0.0257346110329454
200,34.3979034423828,0.0252781406545192
201.25,34.3979034423828,0.0230880499439711
202.5,34.3979034423828,0.0197835860207761
203.75,34.3979034423828,0.017213370001868
205,34.3979034423828,0.0149922370838654
206.25,34.3979034423828,0.0118976480581645
207.5,34.3979034423828,0.00687583840391012
208.75,34.3979034423828,0.00171728400751419
210,34.3979034423828,-0.00275182730491099
211.25,34.3979034423828,-0.00584397025726077
212.5,34.3979034423828,-0.0077330718885265
213.75,34.3979034423828,-0.00824212800315748
215,34.3979034423828,-0.00775301411534325
216.25,34.3979034423828,-0.00697392635549014
217.5,34.3979034423828,-0.00593646652930486
218.75,34.3979034423828,-0.00454407085033966
220,34.3979034423828,-0.00302358456397968
221.25,34.3979034423828,-0.0031743699850535
222.5,34.3979034423828,-0.00421948150122199
223.75,34.3979034423828,-0.0062000509031155
225,34.3979034423828,-0.00881024905606781
226.25,34.3979034423828,-0.0115749889169321
227.5,34.3979034423828,-0.0147877235457149
228.75,34.3979034423828,-0.0179577314314707
230,34.3979034423828,-0.0211054368981021
231.25,34.3979034423828,-0.0239176375639728
232.5,34.3979034423828,-0.0235512869570925
233.75,34.3979034423828,-0.0203909703649601
235,34.3979034423828,-0.0162544057136687
236.25,34.3979034423828,-0.0125780532527698
237.5,34.3979034423828,-0.0111106038231208
238.75,34.3979034423828,-0.012130005133219
240,34.3979034423828,-0.013486930358109
241.25,34.3979034423828,-0.0144670836726092
160,35.3403167724609,0.0535338715516449
161.25,35.3403167724609,0.0538444865505657
162.5,35.3403167724609,0.0556124436791892
163.75,35.3403167724609,0.0584390455759534
165,35.3403167724609,0.0605090668068018
166.25,35.3403167724609,0.0613428835257238
167.5,35.3403167724609,0.060778366082855
168.75,35.3403167724609,0.0581705538392488
170,35.3403167724609,0.0526626809688976
171.25,35.3403167724609,0.0445652835172155
172.5,35.3403167724609,0.0353518550121434
173.75,35.3403167724609,0.0288448271738219
175,35.3403167724609,0.0249442818751455
176.25,35.3403167724609,0.0227728939116761
177.5,35.3403167724609,0.0223969014422673
178.75,35.3403167724609,0.0230376969244912
180,35.3403167724609,0.0243318751247849
181.25,35.3403167724609,0.0261290991074518
182.5,35.3403167724609,0.0271164399319902
183.75,35.3403167724609,0.0267043116002241
185,35.3403167724609,0.02621390524769
186.25,35.3403167724609,0.0261522644569827
187.5,35.3403167724609,0.0246501191780956
188.75,35.3403167724609,0.0230250516743516
190,35.3403167724609,0.0221563395875418
191.25,35.3403167724609,0.0218714363971795
192.5,35.3403167724609,0.021782132236467
193.75,35.3403167724609,0.0208353081309124
195,35.3403167724609,0.0190365114059004
196.25,35.3403167724609,0.0179754297515223
197.5,35.3403167724609,0.0183273388554184
198.75,35.3403167724609,0.0193529773529305
200,35.3403167724609,0.0204152506152141
201.25,35.3403167724609,0.0204651838836266
202.5,35.3403167724609,0.0191084260969107
203.75,35.3403167724609,0.0173172767799581
205,35.3403167724609,0.0152345749656624
206.25,35.3403167724609,0.0122077610451924
207.5,35.3403167724609,0.00809641577841522
208.75,35.3403167724609,0.00341123283104935
210,35.3403167724609,-0.000984387758865414
211.25,35.3403167724609,-0.005210965669336
212.5,35.3403167724609,-0.00894433552308913
213.75,35.3403167724609,-0.011823819728584
215,35.3403167724609,-0.0126047652181709
216.25,35.3403167724609,-0.0115627830336584
217.5,35.3403167724609,-0.00984603715350218
218.75,35.3403167724609,-0.00796557302107931
220,35.3403167724609,-0.00590263428187358
221.25,35.3403167724609,-0.00446892178231137
222.5,35.3403167724609,-0.00462884398201789
223.75,35.3403167724609,-0.00642738757093584
225,35.3403167724609,-0.00919323895641138
226.25,35.3403167724609,-0.0122374520193594
227.5,35.3403167724609,-0.0157841901530753
228.75,35.3403167724609,-0.0194760517427752
230,35.3403167724609,-0.0234761210639308
231.25,35.3403167724609,-0.0270526685197072
232.5,35.3403167724609,-0.026914433325839
233.75,35.3403167724609,-0.0224622536189314
235,35.3403167724609,-0.0167389406069713
236.25,35.3403167724609,-0.012151494945614
237.5,35.3403167724609,-0.0108868011668878
238.75,35.3403167724609,-0.0118816073103499
240,35.3403167724609,-0.0120912479430606
160,36.2827224731445,0.0547161131209807
161.25,36.2827224731445,0.0536079408933334
162.5,36.2827224731445,0.0537013977515132
163.75,36.2827224731445,0.0546637571600345
165,36.2827224731445,0.0556479455794625
166.25,36.2827224731445,0.0563018759156901
167.5,36.2827224731445,0.056181570978891
168.75,36.2827224731445,0.0548683988229498
170,36.2827224731445,0.0513717143147441
171.25,36.2827224731445,0.0450153161142619
172.5,36.2827224731445,0.0365115790079817
173.75,36.2827224731445,0.0301540526138682
175,36.2827224731445,0.0260407117909355
176.25,36.2827224731445,0.023351660181003
177.5,36.2827224731445,0.0226456539453223
178.75,36.2827224731445,0.0230973562722796
180,36.2827224731445,0.0239625695428872
181.25,36.2827224731445,0.0249218216887214
182.5,36.2827224731445,0.0253558076826153
183.75,36.2827224731445,0.0242784879128594
185,36.2827224731445,0.0221854016973549
186.25,36.2827224731445,0.0201470598546911
187.5,36.2827224731445,0.0182494689895936
188.75,36.2827224731445,0.0168168506453063
190,36.2827224731445,0.0164074234857579
191.25,36.2827224731445,0.0159430182416265
192.5,36.2827224731445,0.01507630256404
193.75,36.2827224731445,0.0141471497564567
195,36.2827224731445,0.0129460210493477
196.25,36.2827224731445,0.0121355328510175
197.5,36.2827224731445,0.0128994458782378
198.75,36.2827224731445,0.0145544469247397
200,36.2827224731445,0.0162984765162371
201.25,36.2827224731445,0.0176586725583069
202.5,36.2827224731445,0.0182334667694567
203.75,36.2827224731445,0.0182637096546387
205,36.2827224731445,0.017127209839697
206.25,36.2827224731445,0.0145565474610492
207.5,36.2827224731445,0.0107920025477593
208.75,36.2827224731445,0.00632334049329589
210,36.2827224731445,0.00208939396749036
211.25,36.2827224731445,-0.00224232566719057
212.5,36.2827224731445,-0.00700043507762816
213.75,36.2827224731445,-0.0112545055996878
215,36.2827224731445,-0.0137916086181221
216.25,36.2827224731445,-0.0135170578505609
217.5,36.2827224731445,-0.0113415712692662
218.75,36.2827224731445,-0.00892010418481412
220,36.2827224731445,-0.00660067662753769
221.25,36.2827224731445,-0.00373638112255472
222.5,36.2827224731445,-0.00284519154733415
223.75,36.2827224731445,-0.00429432723219454
225,36.2827224731445,-0.00714197637433316
226.25,36.2827224731445,-0.0107892782941178
227.5,36.2827224731445,-0.015095683345627
228.75,36.2827224731445,-0.0199285245629184
230,36.2827224731445,-0.0247860937998177
231.25,36.2827224731445,-0.028494883926338
232.5,36.2827224731445,-0.028271893327173
233.75,36.2827224731445,-0.0233344966113191
235,36.2827224731445,-0.0168371239910514
236.25,36.2827224731445,-0.01225809989875
237.5,36.2827224731445,-0.0122217208276931
238.75,36.2827224731445,-0.0131450311187569
160,37.2251281738281,0.0551117150274345
161.25,37.2251281738281,0.0523532177374423
162.5,37.2251281738281,0.0509992056181562
163.75,37.2251281738281,0.0509230572243861
165,37.2251281738281,0.0513919799163048
166.25,37.2251281738281,0.0518994231238442
167.5,37.2251281738281,0.0518330569542029
168.75,37.2251281738281,0.050931427608575
170,37.2251281738281,0.0487247363939587
171.25,37.2251281738281,0.0440930083742515
172.5,37.2251281738281,0.037573218203802
173.75,37.2251281738281,0.031267993808062
175,37.2251281738281,0.0263202101752698
176.25,37.2251281738281,0.0234594112831603
177.5,37.2251281738281,0.0226709321350372
178.75,37.2251281738281,0.0226150162196482
180,37.2251281738281,0.0225944827009889
181.25,37.2251281738281,0.0223445008232164
182.5,37.2251281738281,0.0221451400195957
183.75,37.2251281738281,0.0208639290088587
185,37.2251281738281,0.018554738188949
186.25,37.2251281738281,0.015881267974071
187.5,37.2251281738281,0.0138873878003923
188.75,37.2251281738281,0.0124096050328837
190,37.2251281738281,0.0114102013051252
191.25,37.2251281738281,0.0100312504867272
192.5,37.2251281738281,0.00801251330197849
193.75,37.2251281738281,0.00656287576612557
195,37.2251281738281,0.00648034023856495
196.25,37.2251281738281,0.00714005383655072
197.5,37.2251281738281,0.00829317027652885
198.75,37.2251281738281,0.0104218434753234
200,37.2251281738281,0.0128039542563466
201.25,37.2251281738281,0.0147806785380484
202.5,37.2251281738281,0.0163564814392716
203.75,37.2251281738281,0.0178336203974989
205,37.2251281738281,0.0185626389443725
206.25,37.2251281738281,0.0175535583753658
207.5,37.2251281738281,0.014800188264699
208.75,37.2251281738281,0.0111756395331806
210,37.2251281738281,0.00668654097693905
211.25,37.2251281738281,0.00230430565391173
212.5,37.2251281738281,-0.00251415634469451
213.75,37.2251281738281,-0.00741250986674103
215,37.2251281738281,-0.0109354505307607
216.25,37.2251281738281,-0.0119910826753967
217.5,37.2251281738281,-0.0107839876185829
218.75,37.2251281738281,-0.00846943469274029
220,37.2251281738281,-0.00592659868383106
221.25,37.2251281738281,-0.002520714647486
222.5,37.2251281738281,-0.000248891310988188
223.75,37.2251281738281,-0.00104641731428867
225,37.2251281738281,-0.00408727435498594
226.25,37.2251281738281,-0.00882976981585193
227.5,37.2251281738281,-0.0148139227859899
228.75,37.2251281738281,-0.0217213750519613
230,37.2251281738281,-0.0276656539603672
231.25,37.2251281738281,-0.0301774465783184
232.5,37.2251281738281,-0.028590260341123
233.75,37.2251281738281,-0.0228854099211283
235,37.2251281738281,-0.0163746631050219
236.25,37.2251281738281,-0.012949546921752
237.5,37.2251281738281,-0.0126763491670515
238.75,37.2251281738281,-0.0137296104234415
160,38.1675415039062,0.0565298123262254
161.25,38.1675415039062,0.0516318620798878
162.5,38.1675415039062,0.0482539527562808
163.75,38.1675415039062,0.0466610417564097
165,38.1675415039062,0.0460259314568027
166.25,38.1675415039062,0.0457605489661696
167.5,38.1675415039062,0.0455853939514231
168.75,38.1675415039062,0.0450192250742164
170,38.1675415039062,0.0437878210922595
171.25,38.1675415039062,0.0411052187734662
172.5,38.1675415039062,0.0367837109680512
173.75,38.1675415039062,0.031179268533082
175,38.1675415039062,0.0258116488921112
176.25,38.1675415039062,0.0225166093841823
177.5,38.1675415039062,0.0214525910986215
178.75,38.1675415039062,0.0215846385743423
180,38.1675415039062,0.0214328354866366
181.25,38.1675415039062,0.0203193335992558
182.5,38.1675415039062,0.0188677376013721
183.75,38.1675415039062,0.0169736760268815
185,38.1675415039062,0.0142890840008334
186.25,38.1675415039062,0.0116895433524763
187.5,38.1675415039062,0.00966258993054131
188.75,38.1675415039062,0.00819344604031066
190,38.1675415039062,0.00666020933317781
191.25,38.1675415039062,0.00473452172552663
192.5,38.1675415039062,0.00258634574017746
193.75,38.1675415039062,0.0016150367928839
195,38.1675415039062,0.00206616010192122
196.25,38.1675415039062,0.0034766963308385
197.5,38.1675415039062,0.00501357307800999
198.75,38.1675415039062,0.00673485777407448
200,38.1675415039062,0.00903059826226701
201.25,38.1675415039062,0.0115465533705335
202.5,38.1675415039062,0.0139272075389313
203.75,38.1675415039062,0.0163134549819959
205,38.1675415039062,0.0184540601440059
206.25,38.1675415039062,0.0193410132259852
207.5,38.1675415039062,0.0185255571269137
208.75,38.1675415039062,0.0165344407276076
210,38.1675415039062,0.0133483764435614
211.25,38.1675415039062,0.00913980263279277
212.5,38.1675415039062,0.00446858493254334
213.75,38.1675415039062,-0.000938969538075454
215,38.1675415039062,-0.00585249734750385
216.25,38.1675415039062,-0.00862398641297958
217.5,38.1675415039062,-0.00868174918626611
218.75,38.1675415039062,-0.00662950200565077
220,38.1675415039062,-0.00358446800170987
221.25,38.1675415039062,-0.000475571380139011
222.5,38.1675415039062,0.00255878034392643
223.75,38.1675415039062,0.00211179697453854
225,38.1675415039062,-0.00165208652053309
226.25,38.1675415039062,-0.00785645625712987
227.5,38.1675415039062,-0.0156726593561478
228.75,38.1675415039062,-0.0238980644137932
230,38.1675415039062,-0.0299636133257806
231.25,38.1675415039062,-0.0317486678923295
232.5,38.1675415039062,-0.0276029368383187
233.75,38.1675415039062,-0.0212556666297657
235,38.1675415039062,-0.016100818733935
236.25,38.1675415039062,-0.0132952839093403
237.5,38.1675415039062,-0.0127916343258688
160,39.1099548339844,0.0588432921786063
161.25,39.1099548339844,0.0528871655909909
162.5,39.1099548339844,0.0479761241098977
163.75,39.1099548339844,0.0438811255730988
165,39.1099548339844,0.0404518810758471
166.25,39.1099548339844,0.0386346902867488
167.5,39.1099548339844,0.0380672774365685
168.75,39.1099548339844,0.0379996548398487
170,39.1099548339844,0.0378414554477228
171.25,39.1099548339844,0.0369585850254223
172.5,39.1099548339844,0.034217679153718
173.75,39.1099548339844,0.0296213391677562
175,39.1099548339844,0.0250656481798782
176.25,39.1099548339844,0.0214269490203059
177.5,39.1099548339844,0.01988253645663
178.75,39.1099548339844,0.0203544789897967
180,39.1099548339844,0.0206792088969865
181.25,39.1099548339844,0.0196959895757807
182.5,39.1099548339844,0.0176957965478485
183.75,39.1099548339844,0.0153091591021609
185,39.1099548339844,0.0124409297583226
186.25,39.1099548339844,0.00980980836507536
187.5,39.1099548339844,0.00761597392833795
188.75,39.1099548339844,0.00508166846821018
190,39.1099548339844,0.00262475711987775
191.25,39.1099548339844,0.000802570549083198
192.5,39.1099548339844,-0.000267172455441338
193.75,39.1099548339844,-0.000448003665155637
195,39.1099548339844,0.000442623870164007
196.25,39.1099548339844,0.00222221101833806
197.5,39.1099548339844,0.00406311374473096
198.75,39.1099548339844,0.00572259924817749
200,39.1099548339844,0.00744735446598066
201.25,39.1099548339844,0.00935628791066145
202.5,39.1099548339844,0.0115736555484518
203.75,39.1099548339844,0.0144547614928859
205,39.1099548339844,0.0179404871727595
206.25,39.1099548339844,0.0208171131811584
207.5,39.1099548339844,0.0220065804000576
208.75,39.1099548339844,0.0216224211684508
210,39.1099548339844,0.0196767959194826
211.25,39.1099548339844,0.016212799924261
212.5,39.1099548339844,0.0116583449125901
213.75,39.1099548339844,0.00584484506886466
215,39.1099548339844,7.0067629188494e-06
216.25,39.1099548339844,-0.00409067627009761
217.5,39.1099548339844,-0.00536215885349605
218.75,39.1099548339844,-0.0041412322452702
220,39.1099548339844,-0.0011842391595283
221.25,39.1099548339844,0.00163072224093569
222.5,39.1099548339844,0.00352203612023822
223.75,39.1099548339844,0.00268259115853775
225,39.1099548339844,-0.001619278704013
226.25,39.1099548339844,-0.00871458882175209
227.5,39.1099548339844,-0.0172999483559479
228.75,39.1099548339844,-0.0254125803761567
230,39.1099548339844,-0.0307530684139436
231.25,39.1099548339844,-0.0310081907445713
232.5,39.1099548339844,-0.0260319343846863
233.75,39.1099548339844,-0.0204452947784135
235,39.1099548339844,-0.0162375106966773
236.25,39.1099548339844,-0.0138236777770715
160,40.0523529052734,0.0578738021013384
161.25,40.0523529052734,0.0516481661184686
162.5,40.0523529052734,0.0450581960163561
163.75,40.0523529052734,0.0375861655662532
165,40.0523529052734,0.0318909871004893
166.25,40.0523529052734,0.0298343358246415
167.5,40.0523529052734,0.0302775599195573
168.75,40.0523529052734,0.0315823759342728
170,40.0523529052734,0.0324303131900721
171.25,40.0523529052734,0.0322466401181691
172.5,40.0523529052734,0.0306698013869351
173.75,40.0523529052734,0.027959503842088
175,40.0523529052734,0.0250858250827326
176.25,40.0523529052734,0.0223531147379336
177.5,40.0523529052734,0.0205534907258958
178.75,40.0523529052734,0.0203073260075034
180,40.0523529052734,0.0202043022648089
181.25,40.0523529052734,0.0194158309218047
182.5,40.0523529052734,0.0177542248032357
183.75,40.0523529052734,0.0155819797403764
185,40.0523529052734,0.013112611131498
186.25,40.0523529052734,0.0104213327891221
187.5,40.0523529052734,0.00769559121738676
188.75,40.0523529052734,0.00483991313451438
190,40.0523529052734,0.00223764579224698
191.25,40.0523529052734,0.000917015177644768
192.5,40.0523529052734,0.000858985083066694
193.75,40.0523529052734,0.00114129999936473
195,40.0523529052734,0.00191449409743216
196.25,40.0523529052734,0.00378446055555744
197.5,40.0523529052734,0.0056794770205308
198.75,40.0523529052734,0.00740152714539761
200,40.0523529052734,0.00824029671282948
201.25,40.0523529052734,0.00884089702961234
202.5,40.0523529052734,0.0105140599387874
203.75,40.0523529052734,0.0135816148915187
205,40.0523529052734,0.0175745073403302
206.25,40.0523529052734,0.0215753510105795
207.5,40.0523529052734,0.0247235106933415
208.75,40.0523529052734,0.026305052260407
210,40.0523529052734,0.0258447668731703
211.25,40.0523529052734,0.0232955432136148
212.5,40.0523529052734,0.0183468203204374
213.75,40.0523529052734,0.0114554232073679
215,40.0523529052734,0.00445389756845066
216.25,40.0523529052734,-0.000567358598366659
217.5,40.0523529052734,-0.00296073295304426
218.75,40.0523529052734,-0.00280418841070098
220,40.0523529052734,-0.000275171240713979
221.25,40.0523529052734,0.00244518709404971
222.5,40.0523529052734,0.00333222206288677
223.75,40.0523529052734,0.00115605720470805
225,40.0523529052734,-0.00441031362391558
226.25,40.0523529052734,-0.0119333962374783
227.5,40.0523529052734,-0.0197476873142971
228.75,40.0523529052734,-0.0264761511519887
230,40.0523529052734,-0.0303297483273638
231.25,40.0523529052734,-0.0294278023522333
232.5,40.0523529052734,-0.0247980882175336
233.75,40.0523529052734,-0.0201610972467522
235,40.0523529052734,-0.0177912827935806
236.25,40.0523529052734,-0.0154812801263994
160,40.9947662353516,0.0509072355881224
161.25,40.9947662353516,0.0436812980774465
162.5,40.9947662353516,0.0344513821398601
163.75,40.9947662353516,0.0247328304118683
165,40.9947662353516,0.0196911903736512
166.25,40.9947662353516,0.0199069239953485
167.5,40.9947662353516,0.0225899739866035
168.75,40.9947662353516,0.0252628906916263
170,40.9947662353516,0.0267769064544265
171.25,40.9947662353516,0.0271640508492012
172.5,40.9947662353516,0.0266172304392564
173.75,40.9947662353516,0.0259405839657029
175,40.9947662353516,0.0252918358532135
176.25,40.9947662353516,0.0245255431343771
177.5,40.9947662353516,0.0232209161437142
178.75,40.9947662353516,0.022533288314063
180,40.9947662353516,0.0220694231589396
181.25,40.9947662353516,0.021497468600723
182.5,40.9947662353516,0.0202781563776495
183.75,40.9947662353516,0.0185277410631157
185,40.9947662353516,0.0161210136343131
186.25,40.9947662353516,0.0132611981686177
187.5,40.9947662353516,0.0101182747832955
188.75,40.9947662353516,0.0073212723132717
190,40.9947662353516,0.00478261638706751
191.25,40.9947662353516,0.00387107158202621
192.5,40.9947662353516,0.0046873399837363
193.75,40.9947662353516,0.00537437150729343
195,40.9947662353516,0.00589018677448709
196.25,40.9947662353516,0.00718972403522918
197.5,40.9947662353516,0.00884485956970671
198.75,40.9947662353516,0.0108821125859954
200,40.9947662353516,0.012148364705919
201.25,40.9947662353516,0.0125782245593272
202.5,40.9947662353516,0.01309091023158
203.75,40.9947662353516,0.0148946023138931
205,40.9947662353516,0.0181803616167727
206.25,40.9947662353516,0.0223087544032174
207.5,40.9947662353516,0.0263613216756401
208.75,40.9947662353516,0.0293206666795253
210,40.9947662353516,0.0302837050687658
211.25,40.9947662353516,0.0283935682326657
212.5,40.9947662353516,0.0234911041727806
213.75,40.9947662353516,0.0156162826125644
215,40.9947662353516,0.00794242712684571
216.25,40.9947662353516,0.0021126810664872
217.5,40.9947662353516,-0.00125078199822299
218.75,40.9947662353516,-0.00159033741924216
220,40.9947662353516,0.000615612063418426
221.25,40.9947662353516,0.00291869961070379
222.5,40.9947662353516,0.00235674025835751
223.75,40.9947662353516,-0.00155866864531139
225,40.9947662353516,-0.00797884019025837
226.25,40.9947662353516,-0.015460715355029
227.5,40.9947662353516,-0.0218671967027689
228.75,40.9947662353516,-0.026811474303795
230,40.9947662353516,-0.0290554142152623
231.25,40.9947662353516,-0.0275185529762126
232.5,40.9947662353516,-0.0239083873290841
233.75,40.9947662353516,-0.0215092990631607
235,40.9947662353516,-0.0215030848561327
236.25,40.9947662353516,-0.0219613564213067
160,41.9371795654297,0.0344075763815961
161.25,41.9371795654297,0.0265008600151579
162.5,41.9371795654297,0.0171103868267598
163.75,41.9371795654297,0.0095268193792437
165,41.9371795654297,0.00783298163246697
166.25,41.9371795654297,0.010909284176098
167.5,41.9371795654297,0.0155878039433379
168.75,41.9371795654297,0.0195780833761997
170,41.9371795654297,0.0222834337437977
171.25,41.9371795654297,0.0234085752604535
172.5,41.9371795654297,0.0234071047001664
173.75,41.9371795654297,0.0235517211046962
175,41.9371795654297,0.0237658998032702
176.25,41.9371795654297,0.0242168641522666
177.5,41.9371795654297,0.0241688404814823
178.75,41.9371795654297,0.0244915718965318
180,41.9371795654297,0.0246156096946205
181.25,41.9371795654297,0.0244657452379344
182.5,41.9371795654297,0.0234413258869476
183.75,41.9371795654297,0.0220916858560829
185,41.9371795654297,0.0196564606924431
186.25,41.9371795654297,0.0164462391531111
187.5,41.9371795654297,0.0136533494181754
188.75,41.9371795654297,0.0111983832875728
190,41.9371795654297,0.00926139747036767
191.25,41.9371795654297,0.00900928644961029
192.5,41.9371795654297,0.0103707201963115
193.75,41.9371795654297,0.0116700936548957
195,41.9371795654297,0.0119814300579158
196.25,41.9371795654297,0.0123931360511975
197.5,41.9371795654297,0.013314730691578
198.75,41.9371795654297,0.0150565406701259
200,41.9371795654297,0.0166906588702196
201.25,41.9371795654297,0.0176205866915775
202.5,41.9371795654297,0.0179735906839002
203.75,41.9371795654297,0.0185534489647205
205,41.9371795654297,0.0208065407460376
206.25,41.9371795654297,0.0240865723759483
207.5,41.9371795654297,0.0273326463778376
208.75,41.9371795654297,0.0299752918728854
210,41.9371795654297,0.0308177450147576
211.25,41.9371795654297,0.0288501661517725
212.5,41.9371795654297,0.0242551856785087
213.75,41.9371795654297,0.0170974024771632
215,41.9371795654297,0.00917644136368246
216.25,41.9371795654297,0.003215343198559
217.5,41.9371795654297,-0.000372003029940062
218.75,41.9371795654297,-0.000951812748767313
220,41.9371795654297,0.000611623032698609
221.25,41.9371795654297,0.00220440860472603
222.5,41.9371795654297,0.0011159647726903
223.75,41.9371795654297,-0.00383309522679436
225,41.9371795654297,-0.0104273247298868
226.25,41.9371795654297,-0.0174790602298749
227.5,41.9371795654297,-0.0225073128843374
228.75,41.9371795654297,-0.0253566010496942
230,41.9371795654297,-0.0261463345937986
231.25,41.9371795654297,-0.0244028031910158
232.5,41.9371795654297,-0.0216348587312154
233.75,41.9371795654297,-0.0209512548526488
235,41.9371795654297,-0.0222665599889434
236.25,41.9371795654297,-0.0225341139385304
160,42.8795776367188,0.0164100945068485
161.25,42.8795776367188,0.0107622893392249
162.5,42.8795776367188,0.00338994959673397
163.75,42.8795776367188,-0.0014688993500312
165,42.8795776367188,-0.0016677339168209
166.25,42.8795776367188,0.00205340215057192
167.5,42.8795776367188,0.00712621583155182
168.75,42.8795776367188,0.0116943117679127
170,42.8795776367188,0.0152139869184068
171.25,42.8795776367188,0.0177429893934627
172.5,42.8795776367188,0.0191251411221252
173.75,42.8795776367188,0.0198519452726682
175,42.8795776367188,0.0209908516927567
176.25,42.8795776367188,0.0218298581632883
177.5,42.8795776367188,0.0222867866602336
178.75,42.8795776367188,0.0230494140142801
180,42.8795776367188,0.0234231576606436
181.25,42.8795776367188,0.0239896472592794
182.5,42.8795776367188,0.0240289411161856
183.75,42.8795776367188,0.0233965270737059
185,42.8795776367188,0.0218171614930599
186.25,42.8795776367188,0.019710860112656
187.5,42.8795776367188,0.0179623110348028
188.75,42.8795776367188,0.0163378584973915
190,42.8795776367188,0.0151342157496226
191.25,42.8795776367188,0.0152230127221342
192.5,42.8795776367188,0.0160851014192279
193.75,42.8795776367188,0.0169038581931401
195,42.8795776367188,0.0171019042047407
196.25,42.8795776367188,0.0173844249966727
197.5,42.8795776367188,0.0182395601428491
198.75,42.8795776367188,0.0196834835589854
200,42.8795776367188,0.0211582853717097
201.25,42.8795776367188,0.0221567665429282
202.5,42.8795776367188,0.0222280964944813
203.75,42.8795776367188,0.0220135482395065
205,42.8795776367188,0.023106148957936
206.25,42.8795776367188,0.0250376095832921
207.5,42.8795776367188,0.0266722666646692
208.75,42.8795776367188,0.027547103450002
210,42.8795776367188,0.0273098384112367
211.25,42.8795776367188,0.0252547671249421
212.5,42.8795776367188,0.0215026457328016
213.75,42.8795776367188,0.0158307239795651
215,42.8795776367188,0.00949804865522859
216.25,42.8795776367188,0.00392958312316754
217.5,42.8795776367188,0.000913825501246341
218.75,42.8795776367188,-0.000195480176733215
220,42.8795776367188,7.16930872988231e-05
221.25,42.8795776367188,0.000381006664780827
222.5,42.8795776367188,-0.00117272462381025
223.75,42.8795776367188,-0.00569445738109508
225,42.8795776367188,-0.0117628748507313
226.25,42.8795776367188,-0.0171519397357725
227.5,42.8795776367188,-0.0205022713545198
228.75,42.8795776367188,-0.0218167093425397
230,42.8795776367188,-0.021812753640108
231.25,42.8795776367188,-0.0205113886013691
232.5,42.8795776367188,-0.0183671296671604
233.75,42.8795776367188,-0.0179586676554095
235,42.8795776367188,-0.0199470344445497
236.25,42.8795776367188,-0.0205860145674759
160,43.8219909667969,-0.00271513513434149
161.25,43.8219909667969,-0.00418150263856471
162.5,43.8219909667969,-0.00660367477304036
163.75,43.8219909667969,-0.00853233871116386
165,43.8219909667969,-0.00770816010472318
166.25,43.8219909667969,-0.00381287332515553
167.5,43.8219909667969,0.0011951282327922
168.75,43.8219909667969,0.00609069510779099
170,43.8219909667969,0.0101032891088261
171.25,43.8219909667969,0.0131921736183695
172.5,43.8219909667969,0.0156470026976822
173.75,43.8219909667969,0.0168486742467094
175,43.8219909667969,0.0177846409614738
176.25,43.8219909667969,0.018671856377044
177.5,43.8219909667969,0.01961202024101
178.75,43.8219909667969,0.0201752395642904
180,43.8219909667969,0.0207667765204713
181.25,43.8219909667969,0.0215435006560911
182.5,43.8219909667969,0.02213810105669
183.75,43.8219909667969,0.0221194329143058
185,43.8219909667969,0.0215780812318267
186.25,43.8219909667969,0.0207866464383371
187.5,43.8219909667969,0.0202168306289726
188.75,43.8219909667969,0.0202171661459631
190,43.8219909667969,0.0205682655991271
191.25,43.8219909667969,0.0210402701442008
192.5,43.8219909667969,0.0217052846862818
193.75,43.8219909667969,0.0219558989728658
195,43.8219909667969,0.02147882263558
196.25,43.8219909667969,0.0210402930498521
197.5,43.8219909667969,0.0213005651921148
198.75,43.8219909667969,0.0222982057136944
200,43.8219909667969,0.0234870162416385
201.25,43.8219909667969,0.024140638388843
202.5,43.8219909667969,0.0239937872564415
203.75,43.8219909667969,0.0230856256724976
205,43.8219909667969,0.0231725612763592
206.25,43.8219909667969,0.0239385587270458
207.5,43.8219909667969,0.0244097708206474
208.75,43.8219909667969,0.0239367841469783
210,43.8219909667969,0.0226216614069178
211.25,43.8219909667969,0.0204514569344273
212.5,43.8219909667969,0.0172855418415488
213.75,43.8219909667969,0.0132348633548918
215,43.8219909667969,0.00881220092045495
216.25,43.8219909667969,0.00452233802388414
217.5,43.8219909667969,0.00168961708929676
218.75,43.8219909667969,0.000757614357203861
220,43.8219909667969,0.000640147866746134
221.25,43.8219909667969,0.000115961939371303
222.5,43.8219909667969,-0.00179708844340859
223.75,43.8219909667969,-0.0057790723865628
225,43.8219909667969,-0.0107439543430452
226.25,43.8219909667969,-0.0145076150752998
227.5,43.8219909667969,-0.0161278788322791
228.75,43.8219909667969,-0.0162305497820776
230,43.8219909667969,-0.0165305345644665
231.25,43.8219909667969,-0.0165367515753445
232.5,43.8219909667969,-0.0156210449592199
233.75,43.8219909667969,-0.0158404429860125
235,43.8219909667969,-0.0171823619624619
236.25,43.8219909667969,-0.0171776055743956
160,44.764404296875,-0.0157550249426029
161.25,44.764404296875,-0.0152916683782025
162.5,44.764404296875,-0.014822948053052
163.75,44.764404296875,-0.0144549094139252
165,44.764404296875,-0.0125977222312234
166.25,44.764404296875,-0.00909952696162576
167.5,44.764404296875,-0.00435691876139297
168.75,44.764404296875,0.000993391153625489
170,44.764404296875,0.00570187625392978
171.25,44.764404296875,0.0091217649308157
172.5,44.764404296875,0.0116628949541557
173.75,44.764404296875,0.0130923465086962
175,44.764404296875,0.0143337069998595
176.25,44.764404296875,0.0160115559364335
177.5,44.764404296875,0.0168949119113163
178.75,44.764404296875,0.0175142372056328
180,44.764404296875,0.0183652205001454
181.25,44.764404296875,0.0192175942852738
182.5,44.764404296875,0.0199090739690734
183.75,44.764404296875,0.0201821413568661
185,44.764404296875,0.0201504608595744
186.25,44.764404296875,0.0203250023190593
187.5,44.764404296875,0.0209172882761234
188.75,44.764404296875,0.0219793821102695
190,44.764404296875,0.0231554067912479
191.25,44.764404296875,0.0235947563976646
192.5,44.764404296875,0.0241665500149951
193.75,44.764404296875,0.0246388791686004
195,44.764404296875,0.0243772526865643
196.25,44.764404296875,0.0237896355456511
197.5,44.764404296875,0.0237333084845854
198.75,44.764404296875,0.0244316908574916
200,44.764404296875,0.0252061622100672
201.25,44.764404296875,0.0252151373617856
202.5,44.764404296875,0.0244257812336809
203.75,44.764404296875,0.0233087033770019
205,44.764404296875,0.0225572121211203
206.25,44.764404296875,0.0226187680742486
207.5,44.764404296875,0.0220698032277551
208.75,44.764404296875,0.0210826939394267
210,44.764404296875,0.0196136452014412
211.25,44.764404296875,0.0178860241505714
212.5,44.764404296875,0.0155586894539804
213.75,44.764404296875,0.0125867437534055
215,44.764404296875,0.00906709686665746
216.25,44.764404296875,0.00536141775371729
217.5,44.764404296875,0.00261914757348443
218.75,44.764404296875,0.00202534311463667
220,44.764404296875,0.00230825882860911
221.25,44.764404296875,0.00196254283537851
222.5,44.764404296875,0.000405393356001192
223.75,44.764404296875,-0.00295602477297918
225,44.764404296875,-0.00713324287084151
226.25,44.764404296875,-0.0101190854383597
227.5,44.764404296875,-0.0112842702466966
228.75,44.764404296875,-0.0112279172447282
230,44.764404296875,-0.011997414356638
231.25,44.764404296875,-0.0134481780154108
232.5,44.764404296875,-0.0138028330785518
233.75,44.764404296875,-0.0138314171992758
235,44.764404296875,-0.0143716062740378
236.25,44.764404296875,-0.0135379656627291
160,45.7068023681641,-0.0224956751815234
161.25,45.7068023681641,-0.0224717109086536
162.5,45.7068023681641,-0.0220200827419249
163.75,45.7068023681641,-0.0207490561050806
165,45.7068023681641,-0.0179666901427059
166.25,45.7068023681641,-0.0138657457715394
167.5,45.7068023681641,-0.00902665910938431
168.75,45.7068023681641,-0.00371604906916075
170,45.7068023681641,0.000785298587607636
171.25,45.7068023681641,0.00357080232712971
172.5,45.7068023681641,0.00515110997762557
173.75,45.7068023681641,0.00622642804634284
175,45.7068023681641,0.00737599214982354
176.25,45.7068023681641,0.00856818093719423
177.5,45.7068023681641,0.00946032730790266
178.75,45.7068023681641,0.0110339977925403
180,45.7068023681641,0.0131377400910165
181.25,45.7068023681641,0.0152401649919401
182.5,45.7068023681641,0.0169563394557666
183.75,45.7068023681641,0.0181772002993151
185,45.7068023681641,0.0189672056356877
186.25,45.7068023681641,0.0199833023910961
187.5,45.7068023681641,0.0213797389483976
188.75,45.7068023681641,0.0230734908686519
190,45.7068023681641,0.024685207680454
191.25,45.7068023681641,0.025502648409565
192.5,45.7068023681641,0.0262722594821852
193.75,45.7068023681641,0.0266815072115736
195,45.7068023681641,0.0266089244153292
196.25,45.7068023681641,0.0263943452167987
197.5,45.7068023681641,0.026368832029455
198.75,45.7068023681641,0.0266607974922192
200,45.7068023681641,0.0270274844005664
201.25,45.7068023681641,0.0267806140528667
202.5,45.7068023681641,0.0257811593272019
203.75,45.7068023681641,0.0245210169442469
205,45.7068023681641,0.0231423819934696
206.25,45.7068023681641,0.0222264779903706
207.5,45.7068023681641,0.0211027116105535
208.75,45.7068023681641,0.0205816623976493
210,45.7068023681641,0.0197499792116938
211.25,45.7068023681641,0.0184428724971424
212.5,45.7068023681641,0.016733821125973
213.75,45.7068023681641,0.0145375553325979
215,45.7068023681641,0.0114460700283356
216.25,45.7068023681641,0.00792020237308888
217.5,45.7068023681641,0.00537571577035771
218.75,45.7068023681641,0.00463937685204345
220,45.7068023681641,0.00473458907779934
221.25,45.7068023681641,0.0043958925322921
222.5,45.7068023681641,0.00328811407021106
223.75,45.7068023681641,0.000951434724875675
225,45.7068023681641,-0.00215572598848031
226.25,45.7068023681641,-0.00522196664805349
227.5,45.7068023681641,-0.00706239852044871
228.75,45.7068023681641,-0.00791532142981764
230,45.7068023681641,-0.00952637933397519
231.25,45.7068023681641,-0.0113503725549702
232.5,45.7068023681641,-0.0117570313691798
233.75,45.7068023681641,-0.011141082821242
235,45.7068023681641,-0.0108070149613297
236.25,45.7068023681641,-0.0094882969853182
160,46.6492156982422,-0.0203653710537265
161.25,46.6492156982422,-0.0221200883563674
162.5,46.6492156982422,-0.023533779991719
163.75,46.6492156982422,-0.023819443080178
165,46.6492156982422,-0.0218443062045882
166.25,46.6492156982422,-0.018312394516684
167.5,46.6492156982422,-0.0140786947088
168.75,46.6492156982422,-0.00970627121823692
170,46.6492156982422,-0.00616457416106072
171.25,46.6492156982422,-0.00399986966376134
172.5,46.6492156982422,-0.00270962677490658
173.75,46.6492156982422,-0.00158553891129908
175,46.6492156982422,-0.000438680294031822
176.25,46.6492156982422,0.000620168447814943
177.5,46.6492156982422,0.00176112760253681
178.75,46.6492156982422,0.00399776642930891
180,46.6492156982422,0.00748740351635833
181.25,46.6492156982422,0.0109406205743748
182.5,46.6492156982422,0.0140214713740377
183.75,46.6492156982422,0.0165477034020283
185,46.6492156982422,0.0186610841458553
186.25,46.6492156982422,0.02060122906968
187.5,46.6492156982422,0.0224087954981819
188.75,46.6492156982422,0.0240448842202988
190,46.6492156982422,0.0254344072956266
191.25,46.6492156982422,0.0263475018120381
192.5,46.6492156982422,0.0272601848321666
193.75,46.6492156982422,0.0282080713363106
195,46.6492156982422,0.0290050528897709
196.25,46.6492156982422,0.0292342324569759
197.5,46.6492156982422,0.0291353848449684
198.75,46.6492156982422,0.0287577497015472
200,46.6492156982422,0.0287206125562441
201.25,46.6492156982422,0.0284163682627026
202.5,46.6492156982422,0.0272690694314264
203.75,46.6492156982422,0.0257948140455437
205,46.6492156982422,0.0241570758224228
206.25,46.6492156982422,0.0228182143178085
207.5,46.6492156982422,0.0217888746598042
208.75,46.6492156982422,0.0218328106657142
210,46.6492156982422,0.0221491681055837
211.25,46.6492156982422,0.0221114320192863
212.5,46.6492156982422,0.0211426451393338
213.75,46.6492156982422,0.0188339570139947
215,46.6492156982422,0.0153765822159398
216.25,46.6492156982422,0.011877088114971
217.5,46.6492156982422,0.00952389596394396
218.75,46.6492156982422,0.00891615641553016
220,46.6492156982422,0.00891446142546487
221.25,46.6492156982422,0.0083442333925705
222.5,46.6492156982422,0.0070000438101509
223.75,46.6492156982422,0.00498915238272422
225,46.6492156982422,0.00236114998904789
226.25,46.6492156982422,-0.00064425235584384
227.5,46.6492156982422,-0.00321742271218477
228.75,46.6492156982422,-0.00556397473789206
230,46.6492156982422,-0.00789330350427134
231.25,46.6492156982422,-0.00972616682128803
232.5,46.6492156982422,-0.00970726111492945
233.75,46.6492156982422,-0.00831595017792398
235,46.6492156982422,-0.00790535333905315
236.25,46.6492156982422,-0.00835145411451519
160,47.5916290283203,-0.010171462250404
161.25,47.5916290283203,-0.0146462086886293
162.5,47.5916290283203,-0.0185457377584095
163.75,47.5916290283203,-0.0211627722015219
165,47.5916290283203,-0.0214188575412837
166.25,47.5916290283203,-0.0195330139644065
167.5,47.5916290283203,-0.016504286102566
168.75,47.5916290283203,-0.0134427764672816
170,47.5916290283203,-0.0110510999618208
171.25,47.5916290283203,-0.00939751077719945
172.5,47.5916290283203,-0.00829309320387008
173.75,47.5916290283203,-0.00722448148962509
175,47.5916290283203,-0.00594189298347903
176.25,47.5916290283203,-0.00433830690721439
177.5,47.5916290283203,-0.00179328325979121
178.75,47.5916290283203,0.00201972241809742
180,47.5916290283203,0.00676493190888758
181.25,47.5916290283203,0.0112537063205852
182.5,47.5916290283203,0.015044328732491
183.75,47.5916290283203,0.0184648610677556
185,47.5916290283203,0.0211468070432445
186.25,47.5916290283203,0.0230146038251711
187.5,47.5916290283203,0.0243125890968892
188.75,47.5916290283203,0.0253428386329713
190,47.5916290283203,0.0259735676144751
191.25,47.5916290283203,0.0264863857888201
192.5,47.5916290283203,0.0273847990137213
193.75,47.5916290283203,0.0284211452153167
195,47.5916290283203,0.0297648192325219
196.25,47.5916290283203,0.0307552969381822
197.5,47.5916290283203,0.0312142636314728
198.75,47.5916290283203,0.0311465523571927
200,47.5916290283203,0.0309098414572465
201.25,47.5916290283203,0.0300052803868734
202.5,47.5916290283203,0.0284559959486968
203.75,47.5916290283203,0.0268833534402105
205,47.5916290283203,0.0255687560704176
206.25,47.5916290283203,0.024830729558008
207.5,47.5916290283203,0.0245876602138141
208.75,47.5916290283203,0.0249942368408538
210,47.5916290283203,0.0260601043475454
211.25,47.5916290283203,0.0270676407966104
212.5,47.5916290283203,0.0265001344602825
213.75,47.5916290283203,0.0244796043757878
215,47.5916290283203,0.0212811144968227
216.25,47.5916290283203,0.0180365618944243
217.5,47.5916290283203,0.0158253325899985
218.75,47.5916290283203,0.0152114018317785
220,47.5916290283203,0.0150441275878896
221.25,47.5916290283203,0.0144422969852139
222.5,47.5916290283203,0.0127519233155554
223.75,47.5916290283203,0.00977670574285445
225,47.5916290283203,0.00652755153912819
226.25,47.5916290283203,0.00272246270411459
227.5,47.5916290283203,-0.000970413586653958
228.75,47.5916290283203,-0.00458206845610492
230,47.5916290283203,-0.00756453226822378
231.25,47.5916290283203,-0.00888954727251319
232.5,47.5916290283203,-0.00791008321550188
233.75,47.5916290283203,-0.00584305659958102
235,47.5916290283203,-0.00429950382502726
236.25,47.5916290283203,-0.00279129910527231
160,48.5340270996094,0.00131897755778493
161.25,48.5340270996094,-0.00578974506220525
162.5,48.5340270996094,-0.0118631425020078
163.75,48.5340270996094,-0.0164660468081257
165,48.5340270996094,-0.0188186893051561
166.25,48.5340270996094,-0.0189039765934533
167.5,48.5340270996094,-0.0176805800791643
168.75,48.5340270996094,-0.0160417064685587
170,48.5340270996094,-0.0140827619149707
171.25,48.5340270996094,-0.0119313058129371
172.5,48.5340270996094,-0.0100203362046427
173.75,48.5340270996094,-0.00779155183913528
175,48.5340270996094,-0.00492470087649706
176.25,48.5340270996094,-0.00128343910245134
177.5,48.5340270996094,0.00337055998213669
178.75,48.5340270996094,0.00871739408029704
180,48.5340270996094,0.0137623283077977
181.25,48.5340270996094,0.0178374985982278
182.5,48.5340270996094,0.0214121164197635
183.75,48.5340270996094,0.024103845878398
185,48.5340270996094,0.0256310270768807
186.25,48.5340270996094,0.0259702108418798
187.5,48.5340270996094,0.0257878339662795
188.75,48.5340270996094,0.0254310234586771
190,48.5340270996094,0.0250743607068434
191.25,48.5340270996094,0.0250379133384697
192.5,48.5340270996094,0.0259968203082978
193.75,48.5340270996094,0.0276116351543764
195,48.5340270996094,0.029350374749707
196.25,48.5340270996094,0.0308151778055179
197.5,48.5340270996094,0.0317604754667886
198.75,48.5340270996094,0.0319239421703556
200,48.5340270996094,0.0316555350005262
201.25,48.5340270996094,0.0305225825489603
202.5,48.5340270996094,0.0293194863974691
203.75,48.5340270996094,0.0284654429639484
205,48.5340270996094,0.0279110171936445
206.25,48.5340270996094,0.0277530184917925
207.5,48.5340270996094,0.0282330974760942
208.75,48.5340270996094,0.029278073110334
210,48.5340270996094,0.0308464688479936
211.25,48.5340270996094,0.0321045066141623
212.5,48.5340270996094,0.0315908188033983
213.75,48.5340270996094,0.0299493831100707
215,48.5340270996094,0.0274661849372496
216.25,48.5340270996094,0.0253446787957024
217.5,48.5340270996094,0.0238818802327182
218.75,48.5340270996094,0.0228782442127993
220,48.5340270996094,0.0219560103825169
221.25,48.5340270996094,0.0207791934659946
222.5,48.5340270996094,0.0185630138928929
223.75,48.5340270996094,0.0151232116823159
225,48.5340270996094,0.010640899611861
226.25,48.5340270996094,0.00508739710071151
227.5,48.5340270996094,-0.000239924643398398
228.75,48.5340270996094,-0.00521013183405934
230,48.5340270996094,-0.00810385055882717
231.25,48.5340270996094,-0.00758394589483849
232.5,48.5340270996094,-0.00519205160855226
233.75,48.5340270996094,-0.00323813392052828
235,48.5340270996094,-0.00139716610011396
236.25,48.5340270996094,-0.000469960966296894
160,49.4764404296875,0.0136019873984236
161.25,49.4764404296875,0.00404511173303591
162.5,49.4764404296875,-0.00457666611555169
163.75,49.4764404296875,-0.0108617764691048
165,49.4764404296875,-0.0147300573291828
166.25,49.4764404296875,-0.016500404831846
167.5,49.4764404296875,-0.0165623471053157
168.75,49.4764404296875,-0.01525491616464
170,49.4764404296875,-0.0129285626820399
171.25,49.4764404296875,-0.0101947080837615
172.5,49.4764404296875,-0.00734818261113172
173.75,49.4764404296875,-0.00392983959525459
175,49.4764404296875,0.000525168268841649
176.25,49.4764404296875,0.00569652373199118
177.5,49.4764404296875,0.0108445037050563
178.75,49.4764404296875,0.0156759492723284
180,49.4764404296875,0.0198137540103179
181.25,49.4764404296875,0.0230234843338713
182.5,49.4764404296875,0.0249567999640447
183.75,49.4764404296875,0.0257861186736544
185,49.4764404296875,0.0256244791209082
186.25,49.4764404296875,0.0248839481946249
187.5,49.4764404296875,0.0233594780124917
188.75,49.4764404296875,0.0218325664163488
190,49.4764404296875,0.021000716093022
191.25,49.4764404296875,0.0214175328884611
192.5,49.4764404296875,0.0231634260275617
193.75,49.4764404296875,0.0254973824181165
195,49.4764404296875,0.0277596630779029
196.25,49.4764404296875,0.029456243573707
197.5,49.4764404296875,0.0304010263853602
198.75,49.4764404296875,0.0309997114227235
200,49.4764404296875,0.0306460783189427
201.25,49.4764404296875,0.0297583486048353
202.5,49.4764404296875,0.0294086129131297
203.75,49.4764404296875,0.0300842305092094
205,49.4764404296875,0.0309726189056804
206.25,49.4764404296875,0.0314863917610342
207.5,49.4764404296875,0.0321816104942579
208.75,49.4764404296875,0.0333218189549628
210,49.4764404296875,0.0347770480067534
211.25,49.4764404296875,0.0359177468190177
212.5,49.4764404296875,0.0359640858563435
213.75,49.4764404296875,0.0351211925666942
215,49.4764404296875,0.0331309177978383
216.25,49.4764404296875,0.0315225963620037
217.5,49.4764404296875,0.0301027657025912
218.75,49.4764404296875,0.0290659479284303
220,49.4764404296875,0.0279307311022126
221.25,49.4764404296875,0.0258531077199811
222.5,49.4764404296875,0.0226604269777623
223.75,49.4764404296875,0.0182085809009903
225,49.4764404296875,0.0128882371275461
226.25,49.4764404296875,0.00684822920668843
227.5,49.4764404296875,0.00013891892670304
228.75,49.4764404296875,-0.00561237695269475
230,49.4764404296875,-0.00785322617058665
231.25,49.4764404296875,-0.00603510478556147
232.5,49.4764404296875,-0.00315858966611934
233.75,49.4764404296875,-0.00263646020270796
235,49.4764404296875,-0.00429308726225583
160,50.4188537597656,0.0226756133645963
161.25,50.4188537597656,0.0157281891578663
162.5,50.4188537597656,0.00605976637794307
163.75,50.4188537597656,-0.00159305713246202
165,50.4188537597656,-0.0062874559426299
166.25,50.4188537597656,-0.00873501812211578
167.5,50.4188537597656,-0.00981329686880732
168.75,50.4188537597656,-0.00945941621995163
170,50.4188537597656,-0.00820842233679306
171.25,50.4188537597656,-0.00630330526213637
172.5,50.4188537597656,-0.00386643898948243
173.75,50.4188537597656,-0.000932889520914807
175,50.4188537597656,0.00270294844060026
176.25,50.4188537597656,0.00670199428062595
177.5,50.4188537597656,0.0104374719376485
178.75,50.4188537597656,0.0141597997256585
180,50.4188537597656,0.0176983341178983
181.25,50.4188537597656,0.0202668976588109
182.5,50.4188537597656,0.0211889374747843
183.75,50.4188537597656,0.0209410534253558
185,50.4188537597656,0.0201998445542975
186.25,50.4188537597656,0.0193368949915858
187.5,50.4188537597656,0.0180310763995369
188.75,50.4188537597656,0.0169428602075869
190,50.4188537597656,0.016622079899244
191.25,50.4188537597656,0.0176674276387289
192.5,50.4188537597656,0.0196224027270413
193.75,50.4188537597656,0.022079803897215
195,50.4188537597656,0.0245576691941174
196.25,50.4188537597656,0.0265755578517542
197.5,50.4188537597656,0.0276955293715965
198.75,50.4188537597656,0.0282973361648239
200,50.4188537597656,0.0282083054037968
201.25,50.4188537597656,0.0282233430802276
202.5,50.4188537597656,0.0290523203256564
203.75,50.4188537597656,0.030687899014673
205,50.4188537597656,0.0323983974335821
206.25,50.4188537597656,0.0336009702888915
207.5,50.4188537597656,0.0347619829435472
208.75,50.4188537597656,0.0363912971894928
210,50.4188537597656,0.0380028103217491
211.25,50.4188537597656,0.0388822983933477
212.5,50.4188537597656,0.0390003874135886
213.75,50.4188537597656,0.0383960149739194
215,50.4188537597656,0.0370887058569608
216.25,50.4188537597656,0.0357538817913555
217.5,50.4188537597656,0.0340236459700862
218.75,50.4188537597656,0.032344109567791
220,50.4188537597656,0.0302070182577467
221.25,50.4188537597656,0.0274617509524428
222.5,50.4188537597656,0.0239198286153796
223.75,50.4188537597656,0.0191693663352842
225,50.4188537597656,0.0133910431995753
226.25,50.4188537597656,0.00716146631082978
227.5,50.4188537597656,0.00105347557827906
228.75,50.4188537597656,-0.00437032198574122
230,50.4188537597656,-0.00731867620508284
231.25,50.4188537597656,-0.0066126177840194
232.5,50.4188537597656,-0.00292018693560587
233.75,50.4188537597656,-0.00140347679340302
160,51.3612518310547,0.0279037041790546
161.25,51.3612518310547,0.0252494752332801
162.5,51.3612518310547,0.0180144462355503
163.75,51.3612518310547,0.00964196399696663
165,51.3612518310547,0.00397049168966966
166.25,51.3612518310547,0.000676069796198815
167.5,51.3612518310547,-0.00148189717702635
168.75,51.3612518310547,-0.00232571958923581
170,51.3612518310547,-0.00210873386737564
171.25,51.3612518310547,-0.00144105025221525
172.5,51.3612518310547,-0.000330939282149387
173.75,51.3612518310547,0.000939262514776515
175,51.3612518310547,0.00258600672815992
176.25,51.3612518310547,0.00433892999644579
177.5,51.3612518310547,0.00626375276897197
178.75,51.3612518310547,0.00882881800067325
180,51.3612518310547,0.0117463032181697
181.25,51.3612518310547,0.0143480042483484
182.5,51.3612518310547,0.0156114417023549
183.75,51.3612518310547,0.015710865505931
185,51.3612518310547,0.0150089725245082
186.25,51.3612518310547,0.0149983166951861
187.5,51.3612518310547,0.015847723487976
188.75,51.3612518310547,0.0169202604972107
190,51.3612518310547,0.0180716125534623
191.25,51.3612518310547,0.0196002999129686
192.5,51.3612518310547,0.0214009088296755
193.75,51.3612518310547,0.0229932682728727
195,51.3612518310547,0.0242414730151059
196.25,51.3612518310547,0.0251545214253967
197.5,51.3612518310547,0.0256950518867436
198.75,51.3612518310547,0.0260485303713807
200,51.3612518310547,0.0264549769224405
201.25,51.3612518310547,0.0275025826676733
202.5,51.3612518310547,0.029246589002481
203.75,51.3612518310547,0.0310172286263726
205,51.3612518310547,0.0321962182189757
206.25,51.3612518310547,0.0333493617362746
207.5,51.3612518310547,0.0345294217300237
208.75,51.3612518310547,0.0362428919357339
210,51.3612518310547,0.0382751699843957
211.25,51.3612518310547,0.0396393623750948
212.5,51.3612518310547,0.0401763479517376
213.75,51.3612518310547,0.0397715122293266
215,51.3612518310547,0.0384468502261131
216.25,51.3612518310547,0.0367117491629973
217.5,51.3612518310547,0.0345870935209266
218.75,51.3612518310547,0.032248552230001
220,51.3612518310547,0.0292892779739062
221.25,51.3612518310547,0.025941653386364
222.5,51.3612518310547,0.0221438424862647
223.75,51.3612518310547,0.0175747427961287
225,51.3612518310547,0.0127377430508415
226.25,51.3612518310547,0.00767777471930137
227.5,51.3612518310547,0.00298351422306182
228.75,51.3612518310547,-0.000901495274415782
230,51.3612518310547,-0.00364319674406393
231.25,51.3612518310547,-0.00376154739928366
232.5,51.3612518310547,-0.00260920885695023
160,52.3036651611328,0.0297680346666907
161.25,52.3036651611328,0.0299441236770376
162.5,52.3036651611328,0.0273156868197397
163.75,52.3036651611328,0.0213218821461425
165,52.3036651611328,0.0154704435767597
166.25,52.3036651611328,0.011627240673436
167.5,52.3036651611328,0.00930960831261029
168.75,52.3036651611328,0.007444565470294
170,52.3036651611328,0.00550384145458187
171.25,52.3036651611328,0.0040923846829044
172.5,52.3036651611328,0.0028424185730234
173.75,52.3036651611328,0.00153921870083975
175,52.3036651611328,0.00120522845337874
176.25,52.3036651611328,0.00130196251511412
177.5,52.3036651611328,0.00186225273165853
178.75,52.3036651611328,0.00335591350749571
180,52.3036651611328,0.00550241926003385
181.25,52.3036651611328,0.00818286886864943
182.5,52.3036651611328,0.0106330431742616
183.75,52.3036651611328,0.0113913005612176
185,52.3036651611328,0.0118685846548736
186.25,52.3036651611328,0.0128091937642837
187.5,52.3036651611328,0.0139696689028779
188.75,52.3036651611328,0.0161629702016294
190,52.3036651611328,0.0198955490129906
191.25,52.3036651611328,0.0221651161250065
192.5,52.3036651611328,0.0245973076437652
193.75,52.3036651611328,0.025773937947509
195,52.3036651611328,0.0266468615774147
196.25,52.3036651611328,0.0273108737964021
197.5,52.3036651611328,0.0277023424294344
198.75,52.3036651611328,0.0279844522873779
200,52.3036651611328,0.0283022940678087
201.25,52.3036651611328,0.0289442610048433
202.5,52.3036651611328,0.029856199022273
203.75,52.3036651611328,0.030327015146177
205,52.3036651611328,0.0300355401819641
206.25,52.3036651611328,0.0300343957775658
207.5,52.3036651611328,0.0311354196936908
208.75,52.3036651611328,0.0331235046256548
210,52.3036651611328,0.0353148653122981
211.25,52.3036651611328,0.0370366714433769
212.5,52.3036651611328,0.0380165949187867
213.75,52.3036651611328,0.0379695642651806
215,52.3036651611328,0.0369826000894005
216.25,52.3036651611328,0.0350790210408988
217.5,52.3036651611328,0.032335059140225
218.75,52.3036651611328,0.0291842928406548
220,52.3036651611328,0.025856138045863
221.25,52.3036651611328,0.022880832563732
222.5,52.3036651611328,0.0192554782056185
223.75,52.3036651611328,0.0154236474457045
225,52.3036651611328,0.0123816362167831
226.25,52.3036651611328,0.00962383557155756
227.5,52.3036651611328,0.00711890035578729
228.75,52.3036651611328,0.00586254235628948
230,52.3036651611328,0.00413913327718697
231.25,52.3036651611328,0.000955837133426261
232.5,52.3036651611328,-0.000798109749212886
160,53.2460784912109,0.0306544737461946
161.25,53.2460784912109,0.0321943994852593
162.5,53.2460784912109,0.0329110944031378
163.75,53.2460784912109,0.0304216018330916
165,53.2460784912109,0.025922790809843
166.25,53.2460784912109,0.021702052090115
167.5,53.2460784912109,0.0186082198634148
168.75,53.2460784912109,0.0160437875699494
170,53.2460784912109,0.013297183275675
171.25,53.2460784912109,0.0104580613203633
172.5,53.2460784912109,0.00655224567306166
173.75,53.2460784912109,0.00245105492007364
175,53.2460784912109,0.000183393515582066
176.25,53.2460784912109,-0.000621408113015481
177.5,53.2460784912109,-0.000301868666050411
178.75,53.2460784912109,0.00113487441998865
180,53.2460784912109,0.00317785682107642
181.25,53.2460784912109,0.00572360889012398
182.5,53.2460784912109,0.00821484395102923
183.75,53.2460784912109,0.0101385124469325
185,53.2460784912109,0.0117658441356134
186.25,53.2460784912109,0.0134431698000188
187.5,53.2460784912109,0.0150335246778725
188.75,53.2460784912109,0.0167801487874161
190,53.2460784912109,0.0187656446990106
191.25,53.2460784912109,0.0208229366249217
192.5,53.2460784912109,0.023996931005708
193.75,53.2460784912109,0.0261578388616509
195,53.2460784912109,0.0272442404991849
196.25,53.2460784912109,0.0285121940464998
197.5,53.2460784912109,0.0291215331194758
198.75,53.2460784912109,0.0287325692433405
200,53.2460784912109,0.0278646409270062
201.25,53.2460784912109,0.0272343379541036
202.5,53.2460784912109,0.0268593846514655
203.75,53.2460784912109,0.0262634513143548
205,53.2460784912109,0.0252184173678286
206.25,53.2460784912109,0.0247908361809113
207.5,53.2460784912109,0.0252554040424023
208.75,53.2460784912109,0.0269557296981698
210,53.2460784912109,0.0296066016780425
211.25,53.2460784912109,0.0323016047450185
212.5,53.2460784912109,0.0340094605000492
213.75,53.2460784912109,0.0342667079471797
215,53.2460784912109,0.033305578465914
216.25,53.2460784912109,0.0311609056652987
217.5,53.2460784912109,0.0282966427611697
218.75,53.2460784912109,0.0251823664104384
220,53.2460784912109,0.0221697266786726
221.25,53.2460784912109,0.0193916753713753
222.5,53.2460784912109,0.0166721703004264
223.75,53.2460784912109,0.0144962656721757
225,53.2460784912109,0.0136533918186933
226.25,53.2460784912109,0.0136561353768917
227.5,53.2460784912109,0.0132456937952839
228.75,53.2460784912109,0.0144733325589558
230,53.2460784912109,0.012367762407723
231.25,53.2460784912109,0.00476498070582102
160,54.1884765625,0.03174821443467
161.25,54.1884765625,0.0328537955024666
162.5,54.1884765625,0.0349200041259976
163.75,54.1884765625,0.0352763157704642
165,54.1884765625,0.0333356540278311
166.25,54.1884765625,0.0307864782904453
167.5,54.1884765625,0.0283242023587732
168.75,54.1884765625,0.0252255060886299
170,54.1884765625,0.0213642866613889
171.25,54.1884765625,0.0167954239274898
172.5,54.1884765625,0.0112696417860967
173.75,54.1884765625,0.0055583178439641
175,54.1884765625,0.00160857811271161
176.25,54.1884765625,0.000286611827122483
177.5,54.1884765625,0.00115121174553341
178.75,54.1884765625,0.00315123080824668
180,54.1884765625,0.00521530884487786
181.25,54.1884765625,0.00729182509058222
182.5,54.1884765625,0.00950703123491991
183.75,54.1884765625,0.0117801794406712
185,54.1884765625,0.0138991861237641
186.25,54.1884765625,0.0160208759156062
187.5,54.1884765625,0.0183461274546115
188.75,54.1884765625,0.0204897126836565
190,54.1884765625,0.0221195744709879
191.25,54.1884765625,0.0235404792473434
192.5,54.1884765625,0.0246061718279703
193.75,54.1884765625,0.0252160262566228
195,54.1884765625,0.0258962993173806
196.25,54.1884765625,0.0263376228554952
197.5,54.1884765625,0.0275602503466794
198.75,54.1884765625,0.0276819120836128
200,54.1884765625,0.0259664418275796
201.25,54.1884765625,0.0240320352974614
202.5,54.1884765625,0.0227891086005917
203.75,54.1884765625,0.0216809314494431
205,54.1884765625,0.0197721112266173
206.25,54.1884765625,0.0182788135044391
207.5,54.1884765625,0.0184907310366649
208.75,54.1884765625,0.0203299555928866
210,54.1884765625,0.0231101655298991
211.25,54.1884765625,0.0259949527066348
212.5,54.1884765625,0.0282686482347763
213.75,54.1884765625,0.0294830321045864
215,54.1884765625,0.0288101170236904
216.25,54.1884765625,0.0262522033228861
217.5,54.1884765625,0.0231651720414275
218.75,54.1884765625,0.0206147758588615
220,54.1884765625,0.0185553307464592
221.25,54.1884765625,0.0165127570985678
222.5,54.1884765625,0.0150944106249239
223.75,54.1884765625,0.0145968949809479
225,54.1884765625,0.0150434251802295
226.25,54.1884765625,0.0148107644677692
227.5,54.1884765625,0.0138681935054794
228.75,54.1884765625,0.0139618092341319
230,54.1884765625,0.0109266264637221
161.25,55.1308898925781,0.0339907682700419
162.5,55.1308898925781,0.0351314341658337
163.75,55.1308898925781,0.0375694510535518
165,55.1308898925781,0.0381292436851661
166.25,55.1308898925781,0.0369227202075558
167.5,55.1308898925781,0.0347170502836304
168.75,55.1308898925781,0.0312830600486404
170,55.1308898925781,0.0266895464294812
171.25,55.1308898925781,0.0212084421302328
172.5,55.1308898925781,0.0153178753496607
173.75,55.1308898925781,0.00958171214733763
175,55.1308898925781,0.00525407988328534
176.25,55.1308898925781,0.00354025199749084
177.5,55.1308898925781,0.00490885920536922
178.75,55.1308898925781,0.00783719990488701
180,55.1308898925781,0.0107896749278868
181.25,55.1308898925781,0.0134319128045945
182.5,55.1308898925781,0.0166272044236734
183.75,55.1308898925781,0.019617089548205
185,55.1308898925781,0.0218014964210419
186.25,55.1308898925781,0.0233953340050238
187.5,55.1308898925781,0.0245800247229247
188.75,55.1308898925781,0.0256795599930213
190,55.1308898925781,0.026468877260785
191.25,55.1308898925781,0.0270834916680924
192.5,55.1308898925781,0.0270642629708416
193.75,55.1308898925781,0.0264323453088504
195,55.1308898925781,0.0248413392131267
196.25,55.1308898925781,0.0235375395955578
197.5,55.1308898925781,0.0247374328498915
198.75,55.1308898925781,0.0246798909599394
200,55.1308898925781,0.0239625627892431
201.25,55.1308898925781,0.0212726806168509
202.5,55.1308898925781,0.0191531056353074
203.75,55.1308898925781,0.018119984774347
205,55.1308898925781,0.016489093912746
206.25,55.1308898925781,0.0145027710148723
207.5,55.1308898925781,0.0131227444676139
208.75,55.1308898925781,0.0135288719944488
210,55.1308898925781,0.0164319280540457
211.25,55.1308898925781,0.0199666177003381
212.5,55.1308898925781,0.0224654213486753
213.75,55.1308898925781,0.023784429299317
215,55.1308898925781,0.0234355061102025
216.25,55.1308898925781,0.0216118362073051
217.5,55.1308898925781,0.0190704316447044
218.75,55.1308898925781,0.016681574523414
220,55.1308898925781,0.0146963985815708
221.25,55.1308898925781,0.013447186884139
222.5,55.1308898925781,0.0130411761200873
223.75,55.1308898925781,0.0130604840413734
225,55.1308898925781,0.0129998675112144
226.25,55.1308898925781,0.0106646524713123
227.5,55.1308898925781,0.00994122724664715
228.75,55.1308898925781,0.0102210256458574
230,55.1308898925781,0.0109266300569605
161.25,56.0733032226562,0.0337116315978736
162.5,56.0733032226562,0.0364827225251373
163.75,56.0733032226562,0.0385695759693267
165,56.0733032226562,0.0403289039432104
166.25,56.0733032226562,0.0408761955382417
167.5,56.0733032226562,0.0391101634505932
168.75,56.0733032226562,0.0353103255219937
170,56.0733032226562,0.0301824504429218
171.25,56.0733032226562,0.0244427688620605
172.5,56.0733032226562,0.0186682815715826
173.75,56.0733032226562,0.013329102927144
175,56.0733032226562,0.00943706235858034
176.25,56.0733032226562,0.008476163517078
177.5,56.0733032226562,0.0112459078160895
178.75,56.0733032226562,0.016038108937849
180,56.0733032226562,0.020852789191157
181.25,56.0733032226562,0.0249586670481058
182.5,56.0733032226562,0.0281428442549421
183.75,56.0733032226562,0.0299630162056431
185,56.0733032226562,0.0304971326965748
186.25,56.0733032226562,0.0311315599681374
187.5,56.0733032226562,0.0317168394781377
188.75,56.0733032226562,0.0316085141012308
190,56.0733032226562,0.0306854309123762
191.25,56.0733032226562,0.0291537239590075
192.5,56.0733032226562,0.0280020280140331
193.75,56.0733032226562,0.0265743972944047
195,56.0733032226562,0.0242024410889455
196.25,56.0733032226562,0.0223673235004782
197.5,56.0733032226562,0.0212603628988024
198.75,56.0733032226562,0.0199211018520048
200,56.0733032226562,0.021258022366834
201.25,56.0733032226562,0.0157920847292563
202.5,56.0733032226562,0.0145629098154275
203.75,56.0733032226562,0.0137857345824873
205,56.0733032226562,0.0137376826244603
206.25,56.0733032226562,0.0125457964019665
207.5,56.0733032226562,0.010259633241293
208.75,56.0733032226562,0.00880810495462356
210,56.0733032226562,0.00968854518843942
211.25,56.0733032226562,0.0126291062424554
212.5,56.0733032226562,0.0156744701557103
213.75,56.0733032226562,0.0174827153217963
215,56.0733032226562,0.0171710173570007
216.25,56.0733032226562,0.0155540883050843
217.5,56.0733032226562,0.0139034041931208
218.75,56.0733032226562,0.0123357926244703
220,56.0733032226562,0.0104227048968363
221.25,56.0733032226562,0.00887420705949656
222.5,56.0733032226562,0.00816308217080924
223.75,56.0733032226562,0.00759248453142478
225,56.0733032226562,0.00541859398452869
226.25,56.0733032226562,0.00216045674906484
227.5,56.0733032226562,0.00865816564524354
162.5,57.0157012939453,0.0373974500502583
163.75,57.0157012939453,0.0381104263198076
165,57.0157012939453,0.0405882883931795
166.25,57.0157012939453,0.0415432654832098
167.5,57.0157012939453,0.0401180723348937
168.75,57.0157012939453,0.0367743127619345
170,57.0157012939453,0.0323771297919585
171.25,57.0157012939453,0.0276838738473458
172.5,57.0157012939453,0.023094069122429
173.75,57.0157012939453,0.0193831690108355
175,57.0157012939453,0.0174707806304648
176.25,57.0157012939453,0.0180138004530272
177.5,57.0157012939453,0.021389247876064
178.75,57.0157012939453,0.0260300659028551
180,57.0157012939453,0.0303287755744722
181.25,57.0157012939453,0.0341730442992689
182.5,57.0157012939453,0.0373066435396364
183.75,57.0157012939453,0.0389056957870654
185,57.0157012939453,0.0396544650921281
186.25,57.0157012939453,0.0402687152560631
187.5,57.0157012939453,0.0399318232942365
188.75,57.0157012939453,0.0391789639367508
190,57.0157012939453,0.0374210011235325
191.25,57.0157012939453,0.0329516314682194
192.5,57.0157012939453,0.0297088096039763
193.75,57.0157012939453,0.0255204388995449
195,57.0157012939453,0.0218725356203173
196.25,57.0157012939453,0.0198389049139762
197.5,57.0157012939453,0.0181834201858561
198.75,57.0157012939453,0.0154639750877967
200,57.0157012939453,0.0108106686289239
201.25,57.0157012939453,0.00542495376328709
202.5,57.0157012939453,0.00839297644846543
203.75,57.0157012939453,0.0096025150208227
205,57.0157012939453,0.0102276112654101
206.25,57.0157012939453,0.0102635102760919
207.5,57.0157012939453,0.00974212651707191
208.75,57.0157012939453,0.00703815869667209
210,57.0157012939453,0.0051518433610441
211.25,57.0157012939453,0.00537817634924801
212.5,57.0157012939453,0.00662134711970703
213.75,57.0157012939453,0.00828345734047451
215,57.0157012939453,0.00942177192937025
216.25,57.0157012939453,0.00885410850385054
217.5,57.0157012939453,0.00708047362402805
218.75,57.0157012939453,0.00498194414762761
220,57.0157012939453,0.00359074560959012
221.25,57.0157012939453,0.00192030500995644
222.5,57.0157012939453,-0.000419594622794855
223.75,57.0157012939453,-0.00215042130126735
225,57.0157012939453,-0.00149865034200908
226.25,57.0157012939453,-0.00259833347848099
162.5,57.9581146240234,0.0367392284464014
163.75,57.9581146240234,0.0370945456284404
165,57.9581146240234,0.0398847173629692
166.25,57.9581146240234,0.0412784640734648
167.5,57.9581146240234,0.0405204156435533
168.75,57.9581146240234,0.0384284856564305
170,57.9581146240234,0.0355692626192845
171.25,57.9581146240234,0.0326768081586845
172.5,57.9581146240234,0.0301070651551655
173.75,57.9581146240234,0.0283101552642998
175,57.9581146240234,0.0281070022823065
176.25,57.9581146240234,0.030125822872089
177.5,57.9581146240234,0.0340545719064223
178.75,57.9581146240234,0.0378838405479211
180,57.9581146240234,0.0409600948700635
181.25,57.9581146240234,0.0436041599128947
182.5,57.9581146240234,0.0452517325900826
183.75,57.9581146240234,0.0459371312321815
185,57.9581146240234,0.0461742020138815
186.25,57.9581146240234,0.0464199352605538
187.5,57.9581146240234,0.0469556173709713
188.75,57.9581146240234,0.0458309581456019
190,57.9581146240234,0.04081345186754
191.25,57.9581146240234,0.0343038339913175
192.5,57.9581146240234,0.0284992347564734
193.75,57.9581146240234,0.0223444540693991
195,57.9581146240234,0.016651347742671
196.25,57.9581146240234,0.0139000134467884
197.5,57.9581146240234,0.0117357012977616
198.75,57.9581146240234,0.00819066519610705
200,57.9581146240234,0.00317226261492368
201.25,57.9581146240234,-0.00123055250537048
202.5,57.9581146240234,-0.00282310344714376
203.75,57.9581146240234,0.00842336132428108
206.25,57.9581146240234,0.00921683203006194
207.5,57.9581146240234,0.00903836813432609
208.75,57.9581146240234,0.00736617563630205
210,57.9581146240234,0.00399232171111237
211.25,57.9581146240234,0.00112269254145539
212.5,57.9581146240234,7.46113632226192e-05
213.75,57.9581146240234,0.000238757122057225
215,57.9581146240234,0.000513036255249871
216.25,57.9581146240234,0.0005510013309914
217.5,57.9581146240234,-0.000969822333308933
218.75,57.9581146240234,-0.00386474412862141
220,57.9581146240234,-0.00645663020205623
221.25,57.9581146240234,-0.00823902382990935
222.5,57.9581146240234,-0.0094731565782848
223.75,57.9581146240234,-0.00925504275161268
225,57.9581146240234,-0.00537230495656832
160,58.9005279541016,-0.0148226475622767
161.25,58.9005279541016,-0.0171306478728719
162.5,58.9005279541016,0.0350649090697821
163.75,58.9005279541016,0.0357346499078563
165,58.9005279541016,0.0378335135218235
166.25,58.9005279541016,0.0401631460749394
167.5,58.9005279541016,0.0406145301565467
168.75,58.9005279541016,0.0404203760876788
170,58.9005279541016,0.0397525716026166
171.25,58.9005279541016,0.0393540850951364
172.5,58.9005279541016,0.0393996091589636
173.75,58.9005279541016,0.0403453946876988
175,58.9005279541016,0.042184481507426
176.25,58.9005279541016,0.0447596829911944
177.5,58.9005279541016,0.0471445668200167
178.75,58.9005279541016,0.0487179082507708
180,58.9005279541016,0.0495579782580222
181.25,58.9005279541016,0.0505401466847137
182.5,58.9005279541016,0.0517808516051283
183.75,58.9005279541016,0.0523587059051948
185,58.9005279541016,0.0523723087060298
186.25,58.9005279541016,0.0525010836882052
187.5,58.9005279541016,0.0520179946284587
188.75,58.9005279541016,0.0485555940285622
190,58.9005279541016,0.0424495250077371
191.25,58.9005279541016,0.0352527498582993
192.5,58.9005279541016,0.0271094074533333
193.75,58.9005279541016,0.0181473478418946
195,58.9005279541016,0.0111947277906409
196.25,58.9005279541016,0.00938065730517701
197.5,58.9005279541016,0.00771037787338131
198.75,58.9005279541016,0.00520428187662107
200,58.9005279541016,-0.00212819452613704
201.25,58.9005279541016,-0.0042189575430933
202.5,58.9005279541016,-0.00528101858616731
206.25,58.9005279541016,0.00962877406220537
207.5,58.9005279541016,0.00957916770115734
208.75,58.9005279541016,0.00850878677203823
210,58.9005279541016,0.00505729001553951
211.25,58.9005279541016,0.000995245027211128
212.5,58.9005279541016,-0.00195571277723079
213.75,58.9005279541016,-0.00385981262471882
215,58.9005279541016,-0.00518140805600479
216.25,58.9005279541016,-0.0063862926538869
217.5,58.9005279541016,-0.00826277435998429
218.75,58.9005279541016,-0.0102851958340121
220,58.9005279541016,-0.0118759762585004
221.25,58.9005279541016,-0.0124439939016994
222.5,58.9005279541016,-0.012220081114485
160,59.8429260253906,-0.0133811758004074
161.25,59.8429260253906,-0.0103115131514882
162.5,59.8429260253906,-0.00918341715800839
163.75,59.8429260253906,0.0363121134477786
165,59.8429260253906,0.0343138173178228
166.25,59.8429260253906,0.0369374137927484
167.5,59.8429260253906,0.0379067805046234
168.75,59.8429260253906,0.0387510924963544
170,59.8429260253906,0.0407041262855207
171.25,59.8429260253906,0.0420606291107755
172.5,59.8429260253906,0.0438904378667006
173.75,59.8429260253906,0.0462067615276229
175,59.8429260253906,0.0485984596881257
176.25,59.8429260253906,0.0510704581020156
177.5,59.8429260253906,0.0535127264413611
178.75,59.8429260253906,0.0552429634858591
180,59.8429260253906,0.0559528767123509
181.25,59.8429260253906,0.056117057276835
182.5,59.8429260253906,0.0561462394605543
183.75,59.8429260253906,0.0566735768007976
185,59.8429260253906,0.0573298806781306
186.25,59.8429260253906,0.0575746221181081
187.5,59.8429260253906,0.0557651710501277
188.75,59.8429260253906,0.0516091327271546
190,59.8429260253906,0.0447531560659277
191.25,59.8429260253906,0.0360069606540712
192.5,59.8429260253906,0.0266010221812049
193.75,59.8429260253906,0.0173008789915075
195,59.8429260253906,0.0107762608206134
196.25,59.8429260253906,0.00698434625912193
197.5,59.8429260253906,0.00435630826256243
198.75,59.8429260253906,0.00374317548905067
206.25,59.8429260253906,0.00998667419140514
207.5,59.8429260253906,0.00998444286534852
208.75,59.8429260253906,0.00821776546959327
210,59.8429260253906,0.0063795347412254
211.25,59.8429260253906,0.00184688199181422
212.5,59.8429260253906,-0.00143463273484614
213.75,59.8429260253906,-0.00353197860701109
215,59.8429260253906,-0.00627684013474122
216.25,59.8429260253906,-0.00682487133853092
217.5,59.8429260253906,-0.00614460819896787
218.75,59.8429260253906,-0.00631849519688385
220,59.8429260253906,-0.00853048569975716
221.25,59.8429260253906,-0.0102833140177884
160,60.7853393554688,-0.00647527317233204
161.25,60.7853393554688,-0.00856506305121952
162.5,60.7853393554688,-0.0088525466812587
167.5,60.7853393554688,0.0353185165597824
168.75,60.7853393554688,0.0361984871626557
170,60.7853393554688,0.0362952585010662
171.25,60.7853393554688,0.0417544354395003
172.5,60.7853393554688,0.0432783287654742
173.75,60.7853393554688,0.0451418668148229
175,60.7853393554688,0.0466838036771202
176.25,60.7853393554688,0.0480420221612488
177.5,60.7853393554688,0.0500165634359776
178.75,60.7853393554688,0.0522176626219647
180,60.7853393554688,0.0534247207610439
181.25,60.7853393554688,0.0551669675635548
182.5,60.7853393554688,0.0602540368050895
183.75,60.7853393554688,0.0643554456914852
185,60.7853393554688,0.0638176544330933
186.25,60.7853393554688,0.0594108500336056
187.5,60.7853393554688,0.0536374481588936
188.75,60.7853393554688,0.0498736686418403
190,60.7853393554688,0.0422041358287276
191.25,60.7853393554688,0.0312167315297506
192.5,60.7853393554688,0.0222898596126931
193.75,60.7853393554688,0.0145125725077299
195,60.7853393554688,0.0103369890517147
212.5,60.7853393554688,0.000601500190650729
213.75,60.7853393554688,-0.00195886807087927
215,60.7853393554688,-0.00602285178859628
216.25,60.7853393554688,-0.0066125892533779
160,61.7277526855469,-0.00337372284158857
173.75,61.7277526855469,0.0441389801929242
175,61.7277526855469,0.0438778604003663
176.25,61.7277526855469,0.0434475692818208
177.5,61.7277526855469,0.0457739365068883
178.75,61.7277526855469,0.0513877962342815
180,61.7277526855469,0.0570670262638643
181.25,61.7277526855469,0.0623575604521504
182.5,61.7277526855469,0.0634081412485016
183.75,61.7277526855469,0.0615290545419298
185,61.7277526855469,0.0568631927730548
186.25,61.7277526855469,0.0517584547296965
187.5,61.7277526855469,0.0456682302659996
188.75,61.7277526855469,0.0391989588397982
190,61.7277526855469,0.029193723633928
191.25,61.7277526855469,0.0208127514225549
192.5,61.7277526855469,0.0155838685148848
193.75,61.7277526855469,0.0117336278152002
195,61.7277526855469,0.00917584776404923
175,62.6701507568359,0.0431555606876039
176.25,62.6701507568359,0.042901771212108
177.5,62.6701507568359,0.0551393380095098
178.75,62.6701507568359,0.0548895865906279
180,62.6701507568359,0.0561843805957302
181.25,62.6701507568359,0.0573015180188748
182.5,62.6701507568359,0.0552426346012524
183.75,62.6701507568359,0.0521195795108912
185,62.6701507568359,0.0467996768941416
186.25,62.6701507568359,0.0396823830192854
187.5,62.6701507568359,0.0330321854675524
188.75,62.6701507568359,0.026946736443489
190,62.6701507568359,0.02312664083003
191.25,62.6701507568359,0.0198757761362149
192.5,62.6701507568359,0.0163289565510844
193.75,62.6701507568359,0.0142228786710211
195,62.6701507568359,0.0137881231333305
196.25,62.6701507568359,-0.00620310748567729
197.5,62.6701507568359,-0.00620311532971609
178.75,63.6125640869141,0.0349780125220379
180,63.6125640869141,0.0374801636183725
181.25,63.6125640869141,0.0475730326404288
182.5,63.6125640869141,0.0484297131946585
183.75,63.6125640869141,0.0448406686842021
185,63.6125640869141,0.0404726820149896
186.25,63.6125640869141,0.03616387829186
187.5,63.6125640869141,0.0325959253284783
188.75,63.6125640869141,0.0297011748170626
190,63.6125640869141,0.0273511970544277
191.25,63.6125640869141,0.0232843644939417
192.5,63.6125640869141,0.0174411546875313
193.75,63.6125640869141,0.0111511871898424
195,63.6125640869141,0.00253642594052777
196.25,63.6125640869141,-0.0044410906891876
197.5,63.6125640869141,-0.0068300286753838
178.75,64.5549774169922,0.0184881868844386
180,64.5549774169922,0.0161587924998802
181.25,64.5549774169922,0.0295545370603552
182.5,64.5549774169922,0.0382789465930988
183.75,64.5549774169922,0.0387086347252147
185,64.5549774169922,0.0377965695463293
186.25,64.5549774169922,0.0352602661030521
187.5,64.5549774169922,0.0329533754513882
188.75,64.5549774169922,0.0283910493801416
190,64.5549774169922,0.0261990569943249
191.25,64.5549774169922,0.0203422420432182
192.5,64.5549774169922,0.0109986731073866
193.75,64.5549774169922,0.00387641210955505
195,64.5549774169922,-0.00159938518812985
196.25,64.5549774169922,-0.00512024383262879
197.5,64.5549774169922,-0.00726737502980655
180,65.4973907470703,0.0109128793587607
181.25,65.4973907470703,0.014636472562629
182.5,65.4973907470703,0.0195141481743598
183.75,65.4973907470703,0.0257206415645866
185,65.4973907470703,0.0270881378138241
188.75,65.4973907470703,0.0234916375276342
190,65.4973907470703,0.021782965740468
191.25,65.4973907470703,0.0176947119936577
192.5,65.4973907470703,0.013083223985169
193.75,65.4973907470703,0.0102822444312621
