"lon","lat","beta"
160,20.2617797851562,-0.0215166424636774
161.25,20.2617797851562,-0.0217818186849835
162.5,20.2617797851562,-0.0218070318356706
163.75,20.2617797851562,-0.0210967478647001
165,20.2617797851562,-0.0192838997971652
166.25,20.2617797851562,-0.0162050376316875
167.5,20.2617797851562,-0.0123045218700778
168.75,20.2617797851562,-0.00851262959954126
170,20.2617797851562,-0.00503813060126723
171.25,20.2617797851562,-0.000754559028727699
172.5,20.2617797851562,0.00316163920847322
173.75,20.2617797851562,0.00659505536187462
175,20.2617797851562,0.00974188094897664
176.25,20.2617797851562,0.0129311204448699
177.5,20.2617797851562,0.016449563121083
178.75,20.2617797851562,0.0201332170593573
180,20.2617797851562,0.0220225814416895
181.25,20.2617797851562,0.0212737403633435
182.5,20.2617797851562,0.0179700672226379
183.75,20.2617797851562,0.012736477720016
185,20.2617797851562,0.00730062015521587
186.25,20.2617797851562,0.00237696008010523
187.5,20.2617797851562,-0.00161881795509841
188.75,20.2617797851562,-0.00460206471468476
190,20.2617797851562,-0.0064696150188405
191.25,20.2617797851562,-0.00633980252073792
192.5,20.2617797851562,-0.00444812336213939
193.75,20.2617797851562,0.000450840653202646
195,20.2617797851562,0.00712397132284437
196.25,20.2617797851562,0.0145734749554124
197.5,20.2617797851562,0.0213005254670982
198.75,20.2617797851562,0.0264793980829226
200,20.2617797851562,0.0307712808805516
201.25,20.2617797851562,0.0341072192500434
202.5,20.2617797851562,0.0370194423224131
203.75,20.2617797851562,0.0390759173029319
205,20.2617797851562,0.0400476611584948
206.25,20.2617797851562,0.0376175919578592
207.5,20.2617797851562,0.0325393012063786
208.75,20.2617797851562,0.0277723220986667
210,20.2617797851562,0.0238366797999674
211.25,20.2617797851562,0.0208478824434228
212.5,20.2617797851562,0.0188091990223549
213.75,20.2617797851562,0.0167717654691856
215,20.2617797851562,0.0146924753479716
216.25,20.2617797851562,0.0127125260732131
217.5,20.2617797851562,0.0105036705192156
218.75,20.2617797851562,0.00872848654925131
220,20.2617797851562,0.00789630970823434
221.25,20.2617797851562,0.00768690894034093
222.5,20.2617797851562,0.00798115120208338
223.75,20.2617797851562,0.00837066679197963
225,20.2617797851562,0.00804623977424237
226.25,20.2617797851562,0.00681484564536318
227.5,20.2617797851562,0.00541176388736126
228.75,20.2617797851562,0.00377071791531052
230,20.2617797851562,0.00158446407360318
231.25,20.2617797851562,-0.000580292494104312
232.5,20.2617797851562,-0.00230722006454569
233.75,20.2617797851562,-0.00370624109992106
235,20.2617797851562,-0.00481501506008826
236.25,20.2617797851562,-0.00546820273141383
237.5,20.2617797851562,-0.00483050539893348
238.75,20.2617797851562,-0.00449097481479533
240,20.2617797851562,-0.00429472468103564
241.25,20.2617797851562,-0.00371665461616568
242.5,20.2617797851562,-0.00378730263261356
243.75,20.2617797851562,-0.00484497020610469
245,20.2617797851562,-0.00652410980439249
246.25,20.2617797851562,-0.00978294358190444
247.5,20.2617797851562,-0.0128085062086716
248.75,20.2617797851562,-0.0143680468208246
250,20.2617797851562,-0.0155734474601331
160,21.2041854858398,-0.0245442865166444
161.25,21.2041854858398,-0.0249409529133076
162.5,21.2041854858398,-0.0249198290029007
163.75,21.2041854858398,-0.023613156778341
165,21.2041854858398,-0.0207901364101081
166.25,21.2041854858398,-0.0164201278720839
167.5,21.2041854858398,-0.0108648053305487
168.75,21.2041854858398,-0.0054160314913034
170,21.2041854858398,-0.00114510035844189
171.25,21.2041854858398,0.0027846358169926
172.5,21.2041854858398,0.00616293191627995
173.75,21.2041854858398,0.00891921527647754
175,21.2041854858398,0.0112203865894231
176.25,21.2041854858398,0.0134130301607269
177.5,21.2041854858398,0.0159946345621194
178.75,21.2041854858398,0.0192146420410343
180,21.2041854858398,0.0216903267748214
181.25,21.2041854858398,0.0219656309052288
182.5,21.2041854858398,0.0202219827731711
183.75,21.2041854858398,0.0158338166364714
185,21.2041854858398,0.010577549334004
186.25,21.2041854858398,0.00524991540018579
187.5,21.2041854858398,0.000114007981229439
188.75,21.2041854858398,-0.00435769920684525
190,21.2041854858398,-0.0080204789186479
191.25,21.2041854858398,-0.00951167800121453
192.5,21.2041854858398,-0.0087852444642364
193.75,21.2041854858398,-0.00512150498310267
195,21.2041854858398,0.000804583040057945
196.25,21.2041854858398,0.00808716033150848
197.5,21.2041854858398,0.0151869915734512
198.75,21.2041854858398,0.0219901820472842
200,21.2041854858398,0.0281753554068393
201.25,21.2041854858398,0.0326860029237169
202.5,21.2041854858398,0.0351490347082119
203.75,21.2041854858398,0.0371430502777263
205,21.2041854858398,0.0392209904667814
206.25,21.2041854858398,0.0392952148424239
207.5,21.2041854858398,0.0360415906183995
208.75,21.2041854858398,0.0319421145813715
210,21.2041854858398,0.0277883062088471
211.25,21.2041854858398,0.0241237303644671
212.5,21.2041854858398,0.0212512504277972
213.75,21.2041854858398,0.0183936207709634
215,21.2041854858398,0.0154805309211784
216.25,21.2041854858398,0.0130032542995004
217.5,21.2041854858398,0.010242522667039
218.75,21.2041854858398,0.00810559207132888
220,21.2041854858398,0.00702066822860051
221.25,21.2041854858398,0.00672457582846145
222.5,21.2041854858398,0.00706959741668748
223.75,21.2041854858398,0.00743788195545365
225,21.2041854858398,0.00728583987585311
226.25,21.2041854858398,0.0061817673136862
227.5,21.2041854858398,0.00482095835674079
228.75,21.2041854858398,0.00338562418288148
230,21.2041854858398,0.00180988887450367
231.25,21.2041854858398,-2.29509863357731e-05
232.5,21.2041854858398,-0.00221535463257251
233.75,21.2041854858398,-0.00413976903021082
235,21.2041854858398,-0.00555138926308508
236.25,21.2041854858398,-0.00631955448016427
237.5,21.2041854858398,-0.00611719046939094
238.75,21.2041854858398,-0.00597774472639438
240,21.2041854858398,-0.00582164559926958
241.25,21.2041854858398,-0.00473763244690585
242.5,21.2041854858398,-0.00314673822850596
243.75,21.2041854858398,-0.00248195776044187
245,21.2041854858398,-0.00327090833925686
246.25,21.2041854858398,-0.00600261697663852
247.5,21.2041854858398,-0.00990969518607552
248.75,21.2041854858398,-0.01423702891506
250,21.2041854858398,-0.0183686019723568
160,22.146598815918,-0.0283803912595322
161.25,22.146598815918,-0.0283749041047863
162.5,22.146598815918,-0.0277863782691923
163.75,22.146598815918,-0.025831810183966
165,22.146598815918,-0.0220382889033823
166.25,22.146598815918,-0.0168096240046656
167.5,22.146598815918,-0.011097223917055
168.75,22.146598815918,-0.00487131568225722
170,22.146598815918,0.000415900438896681
171.25,22.146598815918,0.0050357079560473
172.5,22.146598815918,0.00870882235137447
173.75,22.146598815918,0.0115930238152073
175,22.146598815918,0.0132680508387105
176.25,22.146598815918,0.0145659905849659
177.5,22.146598815918,0.016091397240942
178.75,22.146598815918,0.0177483680142494
180,22.146598815918,0.0194510440120282
181.25,22.146598815918,0.0196874659589738
182.5,22.146598815918,0.0186339968205035
183.75,22.146598815918,0.0150032325268148
185,22.146598815918,0.0106474482831725
186.25,22.146598815918,0.00611517708844576
187.5,22.146598815918,0.00159768475562796
188.75,22.146598815918,-0.00283286384761055
190,22.146598815918,-0.00679259745878711
191.25,22.146598815918,-0.0095400181840522
192.5,22.146598815918,-0.0101482681596179
193.75,22.146598815918,-0.00849439390761136
195,22.146598815918,-0.00392198716109325
196.25,22.146598815918,0.00270666563714277
197.5,22.146598815918,0.00986006917969976
198.75,22.146598815918,0.0169341468623492
200,22.146598815918,0.0237156673811697
201.25,22.146598815918,0.0290536255870249
202.5,22.146598815918,0.0321190483163459
203.75,22.146598815918,0.0341747090774702
205,22.146598815918,0.0363941414946802
206.25,22.146598815918,0.0383506826524272
207.5,22.146598815918,0.0376580011679954
208.75,22.146598815918,0.0347889100058856
210,22.146598815918,0.0309423178379406
211.25,22.146598815918,0.0270014167575127
212.5,22.146598815918,0.0231410535265568
213.75,22.146598815918,0.0195498936466475
215,22.146598815918,0.0159372891915917
216.25,22.146598815918,0.0129899581524837
217.5,22.146598815918,0.0101829412520796
218.75,22.146598815918,0.00798879896925152
220,22.146598815918,0.00661145739114567
221.25,22.146598815918,0.00581693794038846
222.5,22.146598815918,0.00562751353738495
223.75,22.146598815918,0.00579353078266435
225,22.146598815918,0.00575379990236756
226.25,22.146598815918,0.00494234202616733
227.5,22.146598815918,0.00352835540781177
228.75,22.146598815918,0.00223047178940237
230,22.146598815918,0.000864483775879867
231.25,22.146598815918,-0.000947736248938137
232.5,22.146598815918,-0.00303170844182654
233.75,22.146598815918,-0.00478433488942457
235,22.146598815918,-0.00630077609264045
236.25,22.146598815918,-0.00695600302134606
237.5,22.146598815918,-0.00783758029424702
238.75,22.146598815918,-0.00835403347754097
240,22.146598815918,-0.00869589129698567
241.25,22.146598815918,-0.00760288356997904
242.5,22.146598815918,-0.0045632352506781
243.75,22.146598815918,-0.00180330831117517
245,22.146598815918,-0.00130516522232828
246.25,22.146598815918,-0.00245632957156278
247.5,22.146598815918,-0.00536479666948753
248.75,22.146598815918,-0.0119516585964982
250,22.146598815918,-0.0200504007999728
160,23.0890045166016,-0.0350012547403784
161.25,23.0890045166016,-0.0336583785420518
162.5,23.0890045166016,-0.0312603990079151
163.75,23.0890045166016,-0.0278028775115834
165,23.0890045166016,-0.0230039188090413
166.25,23.0890045166016,-0.0171963177225865
167.5,23.0890045166016,-0.0117026014739861
168.75,23.0890045166016,-0.00615178686424716
170,23.0890045166016,-0.000359662731286219
171.25,23.0890045166016,0.00512219628553353
172.5,23.0890045166016,0.00988923212111094
173.75,23.0890045166016,0.0136780634934292
175,23.0890045166016,0.0159168839236485
176.25,23.0890045166016,0.0172076946907307
177.5,23.0890045166016,0.0179526244053502
178.75,23.0890045166016,0.0181122521367382
180,23.0890045166016,0.0182550210661061
181.25,23.0890045166016,0.0177986781319442
182.5,23.0890045166016,0.0166818945798747
183.75,23.0890045166016,0.0139404777791364
185,23.0890045166016,0.0103837933026006
186.25,23.0890045166016,0.00688595529431139
187.5,23.0890045166016,0.00368538911149087
188.75,23.0890045166016,0.000733396255493176
190,23.0890045166016,-0.00226109582418694
191.25,23.0890045166016,-0.00547079745030176
192.5,23.0890045166016,-0.00817048744786982
193.75,23.0890045166016,-0.00876810729273153
195,23.0890045166016,-0.00660772876680209
196.25,23.0890045166016,-0.00217899996756335
197.5,23.0890045166016,0.00373663582138358
198.75,23.0890045166016,0.00978876297852248
200,23.0890045166016,0.0157223181422392
201.25,23.0890045166016,0.0212731810930568
202.5,23.0890045166016,0.0255779741647386
203.75,23.0890045166016,0.0285754317028497
205,23.0890045166016,0.0318292308817303
206.25,23.0890045166016,0.0345670104152446
207.5,23.0890045166016,0.0354351833037542
208.75,23.0890045166016,0.034349334013715
210,23.0890045166016,0.0317968420526189
211.25,23.0890045166016,0.0281579241710824
212.5,23.0890045166016,0.0237311439938867
213.75,23.0890045166016,0.0193312615313854
215,23.0890045166016,0.0154426427216464
216.25,23.0890045166016,0.0124058744260055
217.5,23.0890045166016,0.0100253023136663
218.75,23.0890045166016,0.00828004320879794
220,23.0890045166016,0.00683232752801857
221.25,23.0890045166016,0.00540131927447838
222.5,23.0890045166016,0.00430706726991606
223.75,23.0890045166016,0.00372947681658679
225,23.0890045166016,0.00367346314355734
226.25,23.0890045166016,0.0030716740660804
227.5,23.0890045166016,0.00206659714602065
228.75,23.0890045166016,0.00121131861318726
230,23.0890045166016,0.000387498717962702
231.25,23.0890045166016,-0.000942594572291864
232.5,23.0890045166016,-0.00246840221799011
233.75,23.0890045166016,-0.00367670049591861
235,23.0890045166016,-0.00510613176131523
236.25,23.0890045166016,-0.00674054180856828
237.5,23.0890045166016,-0.00854318059639738
238.75,23.0890045166016,-0.00975142747930617
240,23.0890045166016,-0.0103197159340087
241.25,23.0890045166016,-0.0092674704255139
242.5,23.0890045166016,-0.00607369250781892
243.75,23.0890045166016,-0.00283025744087383
245,23.0890045166016,-0.00105385991691731
246.25,23.0890045166016,-0.000331967700538827
247.5,23.0890045166016,-0.0016034742347906
248.75,23.0890045166016,-0.00786671097757735
250,23.0890045166016,-0.0219417035836429
160,24.0314178466797,-0.0429987422257969
161.25,24.0314178466797,-0.0406526086625244
162.5,24.0314178466797,-0.0370352211863858
163.75,24.0314178466797,-0.0322562399982586
165,24.0314178466797,-0.026790110436485
166.25,24.0314178466797,-0.0209156958005244
167.5,24.0314178466797,-0.0147079569615137
168.75,24.0314178466797,-0.00855625133229625
170,24.0314178466797,-0.00290177464430245
171.25,24.0314178466797,0.00343101885829543
172.5,24.0314178466797,0.00952036346492469
173.75,24.0314178466797,0.0145948797298565
175,24.0314178466797,0.0183739197732519
176.25,24.0314178466797,0.0206774579968844
177.5,24.0314178466797,0.0215045891122682
178.75,24.0314178466797,0.021246916360446
180,24.0314178466797,0.0204581497678684
181.25,24.0314178466797,0.0192284552431055
182.5,24.0314178466797,0.017571286576536
183.75,24.0314178466797,0.0148013791633972
185,24.0314178466797,0.0115334083636913
186.25,24.0314178466797,0.00845096792518846
187.5,24.0314178466797,0.0060769078649048
188.75,24.0314178466797,0.00447901235492484
190,24.0314178466797,0.0030574710023926
191.25,24.0314178466797,0.00129018952840479
192.5,24.0314178466797,-0.00154257663768429
193.75,24.0314178466797,-0.00376090363735232
195,24.0314178466797,-0.00484795301880253
196.25,24.0314178466797,-0.00358206982537767
197.5,24.0314178466797,-0.000256364356743572
198.75,24.0314178466797,0.00351174205045383
200,24.0314178466797,0.00771348375129457
201.25,24.0314178466797,0.0122375796309149
202.5,24.0314178466797,0.0165688558741017
203.75,24.0314178466797,0.0203005623277349
205,24.0314178466797,0.0240320577417887
206.25,24.0314178466797,0.027306853247245
207.5,24.0314178466797,0.0294045953122451
208.75,24.0314178466797,0.0302003672174387
210,24.0314178466797,0.0295874155919996
211.25,24.0314178466797,0.0273352254488353
212.5,24.0314178466797,0.0235542873321422
213.75,24.0314178466797,0.018951277958949
215,24.0314178466797,0.0147546987515022
216.25,24.0314178466797,0.0113747445874529
217.5,24.0314178466797,0.00910506418535017
218.75,24.0314178466797,0.00773312931139137
220,24.0314178466797,0.0066202746319492
221.25,24.0314178466797,0.004989307689097
222.5,24.0314178466797,0.00350249095904538
223.75,24.0314178466797,0.00241079821374664
225,24.0314178466797,0.00206454941883685
226.25,24.0314178466797,0.00198582150112613
227.5,24.0314178466797,0.00178941724506337
228.75,24.0314178466797,0.00194313663087437
230,24.0314178466797,0.00216714244667868
231.25,24.0314178466797,0.00168809115959539
232.5,24.0314178466797,0.00066104172240925
233.75,24.0314178466797,-0.000686710205502715
235,24.0314178466797,-0.00246861373216313
236.25,24.0314178466797,-0.00469770547585014
237.5,24.0314178466797,-0.0070444610080495
238.75,24.0314178466797,-0.008500699790571
240,24.0314178466797,-0.00935468572995486
241.25,24.0314178466797,-0.00849465261500266
242.5,24.0314178466797,-0.00599633701079173
243.75,24.0314178466797,-0.00301813460155855
245,24.0314178466797,-0.000816372118937414
246.25,24.0314178466797,0.000815076392590399
247.5,24.0314178466797,0.000926882384434706
248.75,24.0314178466797,-0.00453274130691298
250,24.0314178466797,-0.0251643544796431
160,24.9738235473633,-0.049230610906962
161.25,24.9738235473633,-0.047423067500342
162.5,24.9738235473633,-0.0446844145554749
163.75,24.9738235473633,-0.040436129928564
165,24.9738235473633,-0.0351242538774693
166.25,24.9738235473633,-0.029173002638213
167.5,24.9738235473633,-0.022118387030386
168.75,24.9738235473633,-0.014847250305804
170,24.9738235473633,-0.00781762901272174
171.25,24.9738235473633,-0.000530996559751912
172.5,24.9738235473633,0.00699511818075791
173.75,24.9738235473633,0.0134578318986995
175,24.9738235473633,0.0188446550414006
176.25,24.9738235473633,0.0230764171606941
177.5,24.9738235473633,0.0254794907716244
178.75,24.9738235473633,0.0259474288571472
180,24.9738235473633,0.0248472826157629
181.25,24.9738235473633,0.02295097877496
182.5,24.9738235473633,0.0209973748602058
183.75,24.9738235473633,0.0182576480679272
185,24.9738235473633,0.0146809721308396
186.25,24.9738235473633,0.0109343747722482
187.5,24.9738235473633,0.0080539976237345
188.75,24.9738235473633,0.00660571784387205
190,24.9738235473633,0.00623101797518094
191.25,24.9738235473633,0.00637290263500582
192.5,24.9738235473633,0.00528599696612439
193.75,24.9738235473633,0.00319377278466945
195,24.9738235473633,0.000754875912523866
196.25,24.9738235473633,-0.000733599921176154
197.5,24.9738235473633,0.000100486659996324
198.75,24.9738235473633,0.00269651592672529
200,24.9738235473633,0.00603027397490757
201.25,24.9738235473633,0.00885898873211696
202.5,24.9738235473633,0.0112063603845068
203.75,24.9738235473633,0.0133910363814586
205,24.9738235473633,0.0155593092510449
206.25,24.9738235473633,0.0183925466273269
207.5,24.9738235473633,0.0207715337457831
208.75,24.9738235473633,0.0226033270918908
210,24.9738235473633,0.023369362310402
211.25,24.9738235473633,0.0227992069826451
212.5,24.9738235473633,0.0207440050358048
213.75,24.9738235473633,0.0175754516389619
215,24.9738235473633,0.0138618089611576
216.25,24.9738235473633,0.0102283489832256
217.5,24.9738235473633,0.00771982735063044
218.75,24.9738235473633,0.00622629167283021
220,24.9738235473633,0.0052188728967385
221.25,24.9738235473633,0.00386870893963081
222.5,24.9738235473633,0.00281148513011835
223.75,24.9738235473633,0.00193643412221889
225,24.9738235473633,0.0014012232177294
226.25,24.9738235473633,0.00152548952216774
227.5,24.9738235473633,0.00209866449052657
228.75,24.9738235473633,0.0032109725411927
230,24.9738235473633,0.00451163706755029
231.25,24.9738235473633,0.00514573094772078
232.5,24.9738235473633,0.00496605702432365
233.75,24.9738235473633,0.00364618416767997
235,24.9738235473633,0.00143368559710993
236.25,24.9738235473633,-0.000669545182081732
237.5,24.9738235473633,-0.00284184534815279
238.75,24.9738235473633,-0.0050894512079754
240,24.9738235473633,-0.0070040897721854
241.25,24.9738235473633,-0.00723950857435378
242.5,24.9738235473633,-0.00618234738030444
243.75,24.9738235473633,-0.00400608720621478
245,24.9738235473633,-0.0014180972554299
246.25,24.9738235473633,0.000677805077561511
247.5,24.9738235473633,0.00132869800354073
248.75,24.9738235473633,-0.00733194613199617
250,24.9738235473633,-0.0245586622737637
160,25.9162292480469,-0.0492764762771498
161.25,25.9162292480469,-0.0496069896127412
162.5,25.9162292480469,-0.0492952928439239
163.75,25.9162292480469,-0.0472395043051068
165,25.9162292480469,-0.043389992434993
166.25,25.9162292480469,-0.0387809816358595
167.5,25.9162292480469,-0.0328060969259147
168.75,25.9162292480469,-0.0253674273239592
170,25.9162292480469,-0.0170819785690818
171.25,25.9162292480469,-0.00798462163890072
172.5,25.9162292480469,0.000956292720535782
173.75,25.9162292480469,0.0092420102875892
175,25.9162292480469,0.0172736755393013
176.25,25.9162292480469,0.0243042836135905
177.5,25.9162292480469,0.0283450928677858
178.75,25.9162292480469,0.0296758028716874
180,25.9162292480469,0.0281613218967838
181.25,25.9162292480469,0.0258287424938969
182.5,25.9162292480469,0.0235840783588437
183.75,25.9162292480469,0.020906680227884
185,25.9162292480469,0.0176839963166823
186.25,25.9162292480469,0.0137287780019978
187.5,25.9162292480469,0.00969565035313021
188.75,25.9162292480469,0.00699648745142813
190,25.9162292480469,0.00641492252948947
191.25,25.9162292480469,0.00739901812509657
192.5,25.9162292480469,0.00868678368669016
193.75,25.9162292480469,0.00838654060566792
195,25.9162292480469,0.00676096752403842
196.25,25.9162292480469,0.00466765328351004
197.5,25.9162292480469,0.00373432202134258
198.75,25.9162292480469,0.00505493694046075
200,25.9162292480469,0.00766813108520177
201.25,25.9162292480469,0.0101385514504956
202.5,25.9162292480469,0.011848693583011
203.75,25.9162292480469,0.012575197415958
205,25.9162292480469,0.0124673529470429
206.25,25.9162292480469,0.012334056529961
207.5,25.9162292480469,0.0122391571025878
208.75,25.9162292480469,0.0131871752170896
210,25.9162292480469,0.014457978906926
211.25,25.9162292480469,0.0151722279674288
212.5,25.9162292480469,0.0148046936639965
213.75,25.9162292480469,0.0134041211172914
215,25.9162292480469,0.0112733557939232
216.25,25.9162292480469,0.00822607210717288
217.5,25.9162292480469,0.0061076008314299
218.75,25.9162292480469,0.00425644229132993
220,25.9162292480469,0.00305454254663556
221.25,25.9162292480469,0.00225564158483672
222.5,25.9162292480469,0.00178193175757716
223.75,25.9162292480469,0.00136230263483219
225,25.9162292480469,0.00112770817454539
226.25,25.9162292480469,0.00108716524848778
227.5,25.9162292480469,0.00225849019793882
228.75,25.9162292480469,0.00393560476721968
230,25.9162292480469,0.00590514682101197
231.25,25.9162292480469,0.00709276216323698
232.5,25.9162292480469,0.00801690191659074
233.75,25.9162292480469,0.0078422412375201
235,25.9162292480469,0.00634151506317314
236.25,25.9162292480469,0.0044379359247228
237.5,25.9162292480469,0.00295066240664694
238.75,25.9162292480469,-0.000371451589751278
240,25.9162292480469,-0.00311729638858374
241.25,25.9162292480469,-0.00501859326735017
242.5,25.9162292480469,-0.00607017491523432
243.75,25.9162292480469,-0.00566553963145835
245,25.9162292480469,-0.0042604365764579
246.25,25.9162292480469,-0.00173823752034926
247.5,25.9162292480469,0.000149757608290258
248.75,25.9162292480469,-0.0243513868745782
250,25.9162292480469,-0.0247283526596219
160,26.858642578125,-0.0421494085668497
161.25,26.858642578125,-0.0453025031204063
162.5,26.858642578125,-0.0482054066202369
163.75,26.858642578125,-0.0491709249957446
165,26.858642578125,-0.0479442896480581
166.25,26.858642578125,-0.0457985815297045
167.5,26.858642578125,-0.042612791336666
168.75,26.858642578125,-0.0371002984562139
170,26.858642578125,-0.0287741981662804
171.25,26.858642578125,-0.0199065605418635
172.5,26.858642578125,-0.0104631260933307
173.75,26.858642578125,-0.00172144604064177
175,26.858642578125,0.0065024898771156
176.25,26.858642578125,0.0156230865508221
177.5,26.858642578125,0.0235818259264292
178.75,26.858642578125,0.0279982521346665
180,26.858642578125,0.026901075120099
181.25,26.858642578125,0.024441062051932
182.5,26.858642578125,0.0229229511119891
183.75,26.858642578125,0.0210875357153995
185,26.858642578125,0.0191551533710994
186.25,26.858642578125,0.0161324741321372
187.5,26.858642578125,0.0116338234737854
188.75,26.858642578125,0.00746811501531651
190,26.858642578125,0.00557548737301332
191.25,26.858642578125,0.00596181804520959
192.5,26.858642578125,0.00809786621145121
193.75,26.858642578125,0.00980900070758215
195,26.858642578125,0.0100525243603192
196.25,26.858642578125,0.0091585665173966
197.5,26.858642578125,0.00819882097853407
198.75,26.858642578125,0.00849005081277043
200,26.858642578125,0.00965538726854035
201.25,26.858642578125,0.011481061514282
202.5,26.858642578125,0.013327761042632
203.75,26.858642578125,0.0139923788934692
205,26.858642578125,0.0137884536762753
206.25,26.858642578125,0.0118397099218484
207.5,26.858642578125,0.00887000310281617
208.75,26.858642578125,0.0072733184769596
210,26.858642578125,0.00739890576983169
211.25,26.858642578125,0.0082992688925819
212.5,26.858642578125,0.00873483109896441
213.75,26.858642578125,0.00841244562123044
215,26.858642578125,0.00736101981556114
216.25,26.858642578125,0.00540569189918753
217.5,26.858642578125,0.00388767554399407
218.75,26.858642578125,0.00223133734685281
220,26.858642578125,0.00116463020031266
221.25,26.858642578125,0.000547363980224144
222.5,26.858642578125,0.000382544436073227
223.75,26.858642578125,0.000264462020783455
225,26.858642578125,0.000408784595435181
226.25,26.858642578125,0.000503989175310219
227.5,26.858642578125,0.00192006815738564
228.75,26.858642578125,0.00363770829419956
230,26.858642578125,0.00593793164725336
231.25,26.858642578125,0.00768290517267386
232.5,26.858642578125,0.00959436374310013
233.75,26.858642578125,0.0103682935278402
235,26.858642578125,0.00951430252295155
236.25,26.858642578125,0.00836968948905925
237.5,26.858642578125,0.00787259979987845
238.75,26.858642578125,0.00579699057789139
240,26.858642578125,0.0019876590747315
241.25,26.858642578125,-0.00177490353933795
242.5,26.858642578125,-0.00433473641965061
243.75,26.858642578125,-0.00632841228528677
245,26.858642578125,-0.00695380994636072
246.25,26.858642578125,-0.00528806913507745
247.5,26.858642578125,-0.0193724622520054
248.75,26.858642578125,-0.0270646654322683
250,26.858642578125,-0.0258599430016827
160,27.8010482788086,-0.0345961857672239
161.25,27.8010482788086,-0.0387577559230594
162.5,27.8010482788086,-0.0427991591801116
163.75,27.8010482788086,-0.0461696938248694
165,27.8010482788086,-0.0478112185863174
166.25,27.8010482788086,-0.0486973711097094
167.5,27.8010482788086,-0.04764314023528
168.75,27.8010482788086,-0.0443015623514903
170,27.8010482788086,-0.0379555928156255
171.25,27.8010482788086,-0.0311912632243569
172.5,27.8010482788086,-0.0237219317455218
173.75,27.8010482788086,-0.0162856848630272
175,27.8010482788086,-0.00925486773836636
176.25,27.8010482788086,-0.00177650959277628
177.5,27.8010482788086,0.00530085640145505
178.75,27.8010482788086,0.0112151827704119
180,27.8010482788086,0.014851921748048
181.25,27.8010482788086,0.0164414370474127
182.5,27.8010482788086,0.018010033369063
183.75,27.8010482788086,0.0182921792091953
185,27.8010482788086,0.0175435164650786
186.25,27.8010482788086,0.0161198931279375
187.5,27.8010482788086,0.0127170251642875
188.75,27.8010482788086,0.0082750100854342
190,27.8010482788086,0.00524771876145929
191.25,27.8010482788086,0.00460420458901763
192.5,27.8010482788086,0.00664865694545382
193.75,27.8010482788086,0.00890335981414828
195,27.8010482788086,0.0102838093412684
196.25,27.8010482788086,0.0105771550566456
197.5,27.8010482788086,0.0102529086740877
198.75,27.8010482788086,0.0103795129830667
200,27.8010482788086,0.0114459646122913
201.25,27.8010482788086,0.012850550294277
202.5,27.8010482788086,0.0141241656749131
203.75,27.8010482788086,0.0147651662655818
205,27.8010482788086,0.0151586303145107
206.25,27.8010482788086,0.0136978197478766
207.5,27.8010482788086,0.0106008243932857
208.75,27.8010482788086,0.00729942547768884
210,27.8010482788086,0.00535420239134074
211.25,27.8010482788086,0.00475910696706046
212.5,27.8010482788086,0.00476833427465402
213.75,27.8010482788086,0.00485154569400682
215,27.8010482788086,0.00450289923963414
216.25,27.8010482788086,0.00273884416065419
217.5,27.8010482788086,0.00104428796020991
218.75,27.8010482788086,-0.000545159143190863
220,27.8010482788086,-0.00162055087133847
221.25,27.8010482788086,-0.00219171265632146
222.5,27.8010482788086,-0.00211541956827368
223.75,27.8010482788086,-0.0016152066036509
225,27.8010482788086,-0.000889913512652937
226.25,27.8010482788086,-0.000112642255348948
227.5,27.8010482788086,0.00105993350893749
228.75,27.8010482788086,0.00281074832756177
230,27.8010482788086,0.00558721166869491
231.25,27.8010482788086,0.00815760111795618
232.5,27.8010482788086,0.0103846967279942
233.75,27.8010482788086,0.0115744476631051
235,27.8010482788086,0.0115104067007566
236.25,27.8010482788086,0.0110186217166842
237.5,27.8010482788086,0.0110933907775818
238.75,27.8010482788086,0.0104719656454153
240,27.8010482788086,0.00650718545785866
241.25,27.8010482788086,0.00181104915397762
242.5,27.8010482788086,-0.0020633333110383
243.75,27.8010482788086,-0.00552947022708909
245,27.8010482788086,-0.00714531544485754
246.25,27.8010482788086,-0.00715458493739317
247.5,27.8010482788086,-0.0281703105418702
248.75,27.8010482788086,-0.0297025697692846
250,27.8010482788086,-0.026947493113493
160,28.7434539794922,-0.0293065231889334
161.25,28.7434539794922,-0.0340033583252311
162.5,28.7434539794922,-0.0380510361911325
163.75,28.7434539794922,-0.0421771248412192
165,28.7434539794922,-0.0454359388374728
166.25,28.7434539794922,-0.0472265520826867
167.5,28.7434539794922,-0.0475827050522083
168.75,28.7434539794922,-0.0464230772997123
170,28.7434539794922,-0.041803834056074
171.25,28.7434539794922,-0.0358667025684726
172.5,28.7434539794922,-0.0293185795539469
173.75,28.7434539794922,-0.0226213833602014
175,28.7434539794922,-0.015744506325097
176.25,28.7434539794922,-0.00942186938092757
177.5,28.7434539794922,-0.00416828666754891
178.75,28.7434539794922,2.20392779551562e-05
180,28.7434539794922,0.0040354069199025
181.25,28.7434539794922,0.00807461756230363
182.5,28.7434539794922,0.0122932769040575
183.75,28.7434539794922,0.0145734928596989
185,28.7434539794922,0.0153876210598622
186.25,28.7434539794922,0.0152695013794112
187.5,28.7434539794922,0.0142242957625024
188.75,28.7434539794922,0.0112117109983021
190,28.7434539794922,0.0076116207036989
191.25,28.7434539794922,0.00559464087114682
192.5,28.7434539794922,0.00608876007876142
193.75,28.7434539794922,0.00782216207944311
195,28.7434539794922,0.0100662781772899
196.25,28.7434539794922,0.0118200928674492
197.5,28.7434539794922,0.0123900630121665
198.75,28.7434539794922,0.0129178217393322
200,28.7434539794922,0.0136671320683545
201.25,28.7434539794922,0.0147720924388934
202.5,28.7434539794922,0.0154832815505602
203.75,28.7434539794922,0.0154256971745065
205,28.7434539794922,0.0155351446703127
206.25,28.7434539794922,0.0150456200724794
207.5,28.7434539794922,0.0131698768118583
208.75,28.7434539794922,0.0105466780543752
210,28.7434539794922,0.00794620979723966
211.25,28.7434539794922,0.0056507691943874
212.5,28.7434539794922,0.00432522217604633
213.75,28.7434539794922,0.00392096665833899
215,28.7434539794922,0.00360268520141958
216.25,28.7434539794922,0.0023409361694525
217.5,28.7434539794922,-0.000229833956296524
218.75,28.7434539794922,-0.00228727358922864
220,28.7434539794922,-0.00409765197250797
221.25,28.7434539794922,-0.00503476629052202
222.5,28.7434539794922,-0.00479033840909931
223.75,28.7434539794922,-0.00358016532022031
225,28.7434539794922,-0.00226449824078293
226.25,28.7434539794922,-0.000220410369324627
227.5,28.7434539794922,0.00172786953803545
228.75,28.7434539794922,0.00346842384009069
230,28.7434539794922,0.00569120470507857
231.25,28.7434539794922,0.00870847678784778
232.5,28.7434539794922,0.0114591988475195
233.75,28.7434539794922,0.0132074160382659
235,28.7434539794922,0.0138867883924191
236.25,28.7434539794922,0.0141466105334845
237.5,28.7434539794922,0.0140746552622571
238.75,28.7434539794922,0.013103969182561
240,28.7434539794922,0.00871087690852813
241.25,28.7434539794922,0.0032128365039597
242.5,28.7434539794922,-0.00143516833070985
243.75,28.7434539794922,-0.00549036111350937
245,28.7434539794922,-0.00758228318792132
246.25,28.7434539794922,-0.00757352045071296
160,29.6858673095703,-0.0236529089349728
161.25,29.6858673095703,-0.027201191149559
162.5,29.6858673095703,-0.0304334185756963
163.75,29.6858673095703,-0.0343725475829644
165,29.6858673095703,-0.0383646838876973
166.25,29.6858673095703,-0.041359554790456
167.5,29.6858673095703,-0.0432464228829693
168.75,29.6858673095703,-0.0437497278050397
170,29.6858673095703,-0.0410954829361914
171.25,29.6858673095703,-0.0358902854805572
172.5,29.6858673095703,-0.0295121803695189
173.75,29.6858673095703,-0.022768624458444
175,29.6858673095703,-0.0158725727333586
176.25,29.6858673095703,-0.00956185190260542
177.5,29.6858673095703,-0.00433090168526831
178.75,29.6858673095703,0.000218277818940529
180,29.6858673095703,0.00396018189179096
181.25,29.6858673095703,0.00731201718767747
182.5,29.6858673095703,0.0115268862876908
183.75,29.6858673095703,0.0145202294267432
185,29.6858673095703,0.0159658666972575
186.25,29.6858673095703,0.016767428656702
187.5,29.6858673095703,0.0172856911657551
188.75,29.6858673095703,0.0162120523507735
190,29.6858673095703,0.0136260473671986
191.25,29.6858673095703,0.0113721866354592
192.5,29.6858673095703,0.0105522023491708
193.75,29.6858673095703,0.010667999810741
195,29.6858673095703,0.0121676418639287
196.25,29.6858673095703,0.0142651191069393
197.5,29.6858673095703,0.0155630847524103
198.75,29.6858673095703,0.0166272374488174
200,29.6858673095703,0.0177865103313563
201.25,29.6858673095703,0.0185856560026415
202.5,29.6858673095703,0.0187421218084888
203.75,29.6858673095703,0.0180687556458169
205,29.6858673095703,0.0173357242429014
206.25,29.6858673095703,0.0167208716458371
207.5,29.6858673095703,0.0161891121925025
208.75,29.6858673095703,0.0150579062828788
210,29.6858673095703,0.012708134410621
211.25,29.6858673095703,0.00970926669794682
212.5,29.6858673095703,0.00691226204464575
213.75,29.6858673095703,0.00510340358601069
215,29.6858673095703,0.00415208446809349
216.25,29.6858673095703,0.00273002292248313
217.5,29.6858673095703,0.000606180456566908
218.75,29.6858673095703,-0.00151134417355409
220,29.6858673095703,-0.00408194977445338
221.25,29.6858673095703,-0.00615428325512182
222.5,29.6858673095703,-0.00669495947424156
223.75,29.6858673095703,-0.00548737576400884
225,29.6858673095703,-0.00328407662545077
226.25,29.6858673095703,-0.000599765058483896
227.5,29.6858673095703,0.00236896995934501
228.75,29.6858673095703,0.0050381533072172
230,29.6858673095703,0.00709592669826718
231.25,29.6858673095703,0.0100126014690754
232.5,29.6858673095703,0.0132013189342752
233.75,29.6858673095703,0.0156570945959874
235,29.6858673095703,0.0169681521698034
236.25,29.6858673095703,0.0175914111438425
237.5,29.6858673095703,0.0170612446987252
238.75,29.6858673095703,0.0149304163032888
240,29.6858673095703,0.00925959212155969
241.25,29.6858673095703,0.00324173077909312
242.5,29.6858673095703,-0.00168438300037863
243.75,29.6858673095703,-0.00526097616377237
245,29.6858673095703,-0.0074298709163334
160,30.6282730102539,-0.0196211048886959
161.25,30.6282730102539,-0.0217189359016397
162.5,30.6282730102539,-0.0230699000136717
163.75,30.6282730102539,-0.0242533892068473
165,30.6282730102539,-0.0264952286503559
166.25,30.6282730102539,-0.0294263778728188
167.5,30.6282730102539,-0.0324793641576464
168.75,30.6282730102539,-0.0340384140914994
170,30.6282730102539,-0.0327188281892219
171.25,30.6282730102539,-0.0287294400595724
172.5,30.6282730102539,-0.0232600171187626
173.75,30.6282730102539,-0.0168703582951137
175,30.6282730102539,-0.0105414733469741
176.25,30.6282730102539,-0.0046335256058775
177.5,30.6282730102539,0.000829595223263146
178.75,30.6282730102539,0.00558636087564823
180,30.6282730102539,0.00932079792373579
181.25,30.6282730102539,0.0118525136781955
182.5,30.6282730102539,0.0149923317520852
183.75,30.6282730102539,0.0178608545452167
185,30.6282730102539,0.0198389862970248
186.25,30.6282730102539,0.0209392358344599
187.5,30.6282730102539,0.0217283672788257
188.75,30.6282730102539,0.0217340225562243
190,30.6282730102539,0.0207990293483373
191.25,30.6282730102539,0.0191782506337354
192.5,30.6282730102539,0.0179660134788974
193.75,30.6282730102539,0.0173042577915848
195,30.6282730102539,0.0171877259903997
196.25,30.6282730102539,0.0178366491305132
197.5,30.6282730102539,0.0188820342567484
198.75,30.6282730102539,0.0205485684638655
200,30.6282730102539,0.0222122417526588
201.25,30.6282730102539,0.0230162041973663
202.5,30.6282730102539,0.0228479968019905
203.75,30.6282730102539,0.0219997130163472
205,30.6282730102539,0.0205624450732626
206.25,30.6282730102539,0.0194122656200044
207.5,30.6282730102539,0.0193258127245575
208.75,30.6282730102539,0.019078404204611
210,30.6282730102539,0.0171781589815271
211.25,30.6282730102539,0.0140061343077385
212.5,30.6282730102539,0.0107499079426475
213.75,30.6282730102539,0.00783874071922083
215,30.6282730102539,0.00541940667755883
216.25,30.6282730102539,0.00357125055329736
217.5,30.6282730102539,0.00194984795195442
218.75,30.6282730102539,0.000852700603529172
220,30.6282730102539,-0.00131568125979746
221.25,30.6282730102539,-0.00409239776119317
222.5,30.6282730102539,-0.00555496084269233
223.75,30.6282730102539,-0.00535165993135005
225,30.6282730102539,-0.0038367984974906
226.25,30.6282730102539,-0.00114860635631048
227.5,30.6282730102539,0.00243757254974226
228.75,30.6282730102539,0.00606477581565173
230,30.6282730102539,0.0086791964124986
231.25,30.6282730102539,0.011746045173118
232.5,30.6282730102539,0.0146878904514099
233.75,30.6282730102539,0.0173334161474695
235,30.6282730102539,0.0192528809503696
236.25,30.6282730102539,0.0198124108551046
237.5,30.6282730102539,0.0186744642290213
238.75,30.6282730102539,0.0153702337355862
240,30.6282730102539,0.0091574201857522
241.25,30.6282730102539,0.00276706716023273
242.5,30.6282730102539,-0.00151730287921025
243.75,30.6282730102539,-0.00399372181392755
160,31.5706787109375,-0.0152849161241259
161.25,31.5706787109375,-0.0168650114771983
162.5,31.5706787109375,-0.0177003474715863
163.75,31.5706787109375,-0.0169121579802221
165,31.5706787109375,-0.0162693553944711
166.25,31.5706787109375,-0.0170645304306982
167.5,31.5706787109375,-0.0188243735988186
168.75,31.5706787109375,-0.020229893619052
170,31.5706787109375,-0.0206028708462564
171.25,31.5706787109375,-0.0180452795686394
172.5,31.5706787109375,-0.0138828822749824
173.75,31.5706787109375,-0.00843803392719218
175,31.5706787109375,-0.00240514221844801
176.25,31.5706787109375,0.00291229463082808
177.5,31.5706787109375,0.00773793371321709
178.75,31.5706787109375,0.0118718371742762
180,31.5706787109375,0.0147906378542335
181.25,31.5706787109375,0.0167937100154527
182.5,31.5706787109375,0.0198595305470064
183.75,31.5706787109375,0.023327666112758
185,31.5706787109375,0.0258273602878282
186.25,31.5706787109375,0.0274710588931375
187.5,31.5706787109375,0.0280023864820802
188.75,31.5706787109375,0.0279096139838123
190,31.5706787109375,0.0277106831129033
191.25,31.5706787109375,0.0268134212510571
192.5,31.5706787109375,0.0254479610001371
193.75,31.5706787109375,0.024118424393022
195,31.5706787109375,0.0229260618054065
196.25,31.5706787109375,0.021920261563462
197.5,31.5706787109375,0.0220551285086856
198.75,31.5706787109375,0.0233019025412744
200,31.5706787109375,0.0245356998713326
201.25,31.5706787109375,0.0248593725428789
202.5,31.5706787109375,0.024600800982343
203.75,31.5706787109375,0.0237203515363412
205,31.5706787109375,0.0226047141892436
206.25,31.5706787109375,0.0218136391927798
207.5,31.5706787109375,0.0219447782924593
208.75,31.5706787109375,0.0222641861065713
210,31.5706787109375,0.0213056730788944
211.25,31.5706787109375,0.0183225331849449
212.5,31.5706787109375,0.0148610013410978
213.75,31.5706787109375,0.0113880699368941
215,31.5706787109375,0.00755261855285447
216.25,31.5706787109375,0.00465527019645344
217.5,31.5706787109375,0.00326808213330071
218.75,31.5706787109375,0.0023520844513751
220,31.5706787109375,0.000783320753444316
221.25,31.5706787109375,-0.00128079159492597
222.5,31.5706787109375,-0.00281171934722976
223.75,31.5706787109375,-0.00376100854450003
225,31.5706787109375,-0.00383533116330069
226.25,31.5706787109375,-0.00206843066156604
227.5,31.5706787109375,0.00160889104102687
228.75,31.5706787109375,0.00584157084448177
230,31.5706787109375,0.00952498520497271
231.25,31.5706787109375,0.0133703276640585
232.5,31.5706787109375,0.0168942766085495
233.75,31.5706787109375,0.0196249040045
235,31.5706787109375,0.0210369659861044
236.25,31.5706787109375,0.0206927126321538
237.5,31.5706787109375,0.018621438885658
238.75,31.5706787109375,0.0143184944554254
240,31.5706787109375,0.00807731875435937
241.25,31.5706787109375,0.00234667943688247
242.5,31.5706787109375,-0.000555457807254631
243.75,31.5706787109375,-0.00398354160869177
160,32.5130920410156,-0.00898894012280472
161.25,32.5130920410156,-0.0109161163969662
162.5,32.5130920410156,-0.0124274326019063
163.75,32.5130920410156,-0.0123816826295752
165,32.5130920410156,-0.0107259042730666
166.25,32.5130920410156,-0.00899222265795461
167.5,32.5130920410156,-0.00822593354688704
168.75,32.5130920410156,-0.00779676733839883
170,32.5130920410156,-0.00727482950110763
171.25,32.5130920410156,-0.00506162430708995
172.5,32.5130920410156,-0.00167760138016862
173.75,32.5130920410156,0.00246240110508243
175,32.5130920410156,0.00680199120791613
176.25,32.5130920410156,0.0108317662126549
177.5,32.5130920410156,0.0146020987020621
178.75,32.5130920410156,0.017621353255825
180,32.5130920410156,0.019797963617621
181.25,32.5130920410156,0.021602913726723
182.5,32.5130920410156,0.0248913448653869
183.75,32.5130920410156,0.0285921546024681
185,32.5130920410156,0.0310225701145984
186.25,32.5130920410156,0.0321327388814843
187.5,32.5130920410156,0.0326228469676459
188.75,32.5130920410156,0.0324768745164847
190,32.5130920410156,0.0320362439889955
191.25,32.5130920410156,0.0310614177720516
192.5,32.5130920410156,0.029622181871759
193.75,32.5130920410156,0.0279247221154618
195,32.5130920410156,0.0263987814023759
196.25,32.5130920410156,0.0248801823883599
197.5,32.5130920410156,0.023989035967357
198.75,32.5130920410156,0.0249512666293589
200,32.5130920410156,0.0263251418614825
201.25,32.5130920410156,0.0265722533881994
202.5,32.5130920410156,0.0257249188834381
203.75,32.5130920410156,0.024482945468427
205,32.5130920410156,0.0230519929599153
206.25,32.5130920410156,0.021779993549846
207.5,32.5130920410156,0.0219453997083271
208.75,32.5130920410156,0.0231570351371441
210,32.5130920410156,0.0241027375432476
211.25,32.5130920410156,0.0228540692333595
212.5,32.5130920410156,0.0199778885027809
213.75,32.5130920410156,0.0160483198448611
215,32.5130920410156,0.0108898841052912
216.25,32.5130920410156,0.00650970776269745
217.5,32.5130920410156,0.00407740239980843
218.75,32.5130920410156,0.00281116943894856
220,32.5130920410156,0.00158821223217912
221.25,32.5130920410156,9.96010203018492e-05
222.5,32.5130920410156,-0.00128065390891476
223.75,32.5130920410156,-0.0025116777827644
225,32.5130920410156,-0.00342891110534786
226.25,32.5130920410156,-0.00282323071597179
227.5,32.5130920410156,0.000266587252460758
228.75,32.5130920410156,0.00508168686089051
230,32.5130920410156,0.0105181509527119
231.25,32.5130920410156,0.0160283570504058
232.5,32.5130920410156,0.0206096975404019
233.75,32.5130920410156,0.0230825852389369
235,32.5130920410156,0.0233416066853727
236.25,32.5130920410156,0.0213814865567516
237.5,32.5130920410156,0.0173101219288241
238.75,32.5130920410156,0.0112530312531884
240,32.5130920410156,0.00561953721145573
241.25,32.5130920410156,0.00190434363891842
242.5,32.5130920410156,-0.000242687481693467
160,33.4554977416992,-0.00237953128773918
161.25,33.4554977416992,-0.00441708609553487
162.5,33.4554977416992,-0.00641621869083267
163.75,33.4554977416992,-0.00752312562827415
165,33.4554977416992,-0.00692190873089774
166.25,33.4554977416992,-0.005088791791367
167.5,33.4554977416992,-0.00316576977906836
168.75,33.4554977416992,-0.00132112385088468
170,33.4554977416992,0.000261992148374777
171.25,33.4554977416992,0.00277226888822601
172.5,33.4554977416992,0.00574373729226586
173.75,33.4554977416992,0.00879130017925833
175,33.4554977416992,0.0122011685699783
176.25,33.4554977416992,0.0158081085994343
177.5,33.4554977416992,0.0193187341622669
178.75,33.4554977416992,0.0218079280727905
180,33.4554977416992,0.0236466530693903
181.25,33.4554977416992,0.0258109598978488
182.5,33.4554977416992,0.0287584874012125
183.75,33.4554977416992,0.0320883201355508
185,33.4554977416992,0.0336620742390336
186.25,33.4554977416992,0.033806414669235
187.5,33.4554977416992,0.0335741943528477
188.75,33.4554977416992,0.0333472311328414
190,33.4554977416992,0.0332873181962742
191.25,33.4554977416992,0.032486447892978
192.5,33.4554977416992,0.03085199766994
193.75,33.4554977416992,0.0288422011857501
195,33.4554977416992,0.0269169395438538
196.25,33.4554977416992,0.0256473042939868
197.5,33.4554977416992,0.0247020354482612
198.75,33.4554977416992,0.0253172473855698
200,33.4554977416992,0.0269945937892834
201.25,33.4554977416992,0.0279514979802053
202.5,33.4554977416992,0.0270890296224177
203.75,33.4554977416992,0.0249504367385181
205,33.4554977416992,0.0226820911065011
206.25,33.4554977416992,0.0214090156399043
207.5,33.4554977416992,0.0211137388512131
208.75,33.4554977416992,0.023267007952718
210,33.4554977416992,0.0259118229806013
211.25,33.4554977416992,0.0263622902059428
212.5,33.4554977416992,0.0246032236219194
213.75,33.4554977416992,0.0211951967886305
215,33.4554977416992,0.0159746089528277
216.25,33.4554977416992,0.0104860480995773
217.5,33.4554977416992,0.00656274611065175
218.75,33.4554977416992,0.00358909921240477
220,33.4554977416992,0.00188030321756762
221.25,33.4554977416992,0.000590023613859503
222.5,33.4554977416992,-0.000803206056049382
223.75,33.4554977416992,-0.00205258797690853
225,33.4554977416992,-0.00279562029355312
226.25,33.4554977416992,-0.00223412061967764
227.5,33.4554977416992,0.00102468420493085
228.75,33.4554977416992,0.00664644614830223
230,33.4554977416992,0.0132055093185557
231.25,33.4554977416992,0.0200253891003691
232.5,33.4554977416992,0.0249094567646651
233.75,33.4554977416992,0.0266680673450075
235,33.4554977416992,0.0251152182291882
236.25,33.4554977416992,0.021033178854812
237.5,33.4554977416992,0.0147091926801239
238.75,33.4554977416992,0.00772058242407555
240,33.4554977416992,0.00358803895880897
241.25,33.4554977416992,0.00103631924230527
242.5,33.4554977416992,-0.000606778280741379
160,34.3979034423828,0.00351940694570491
161.25,34.3979034423828,0.00169932504474317
162.5,34.3979034423828,-0.000187057467817947
163.75,34.3979034423828,-0.00129171330576162
165,34.3979034423828,-0.00140533095913873
166.25,34.3979034423828,-0.000214823913162045
167.5,34.3979034423828,0.00189082698849206
168.75,34.3979034423828,0.00420132038447124
170,34.3979034423828,0.00629005748525858
171.25,34.3979034423828,0.00830348528097285
172.5,34.3979034423828,0.0106059004850343
173.75,34.3979034423828,0.012531414021365
175,34.3979034423828,0.0147727493301984
176.25,34.3979034423828,0.0176524663700212
177.5,34.3979034423828,0.0208834128808061
178.75,34.3979034423828,0.0235181003340923
180,34.3979034423828,0.0252098808475125
181.25,34.3979034423828,0.0268107913512423
182.5,34.3979034423828,0.0285835558777716
183.75,34.3979034423828,0.0306454793054421
185,34.3979034423828,0.0318726940246684
186.25,34.3979034423828,0.0317831465677214
187.5,34.3979034423828,0.0309166760399185
188.75,34.3979034423828,0.0307348689852246
190,34.3979034423828,0.0313065670886275
191.25,34.3979034423828,0.0312288239433179
192.5,34.3979034423828,0.0298117366475899
193.75,34.3979034423828,0.0278948675604043
195,34.3979034423828,0.025956718740745
196.25,34.3979034423828,0.0247108936061266
197.5,34.3979034423828,0.0243293425701472
198.75,34.3979034423828,0.0251446330506155
200,34.3979034423828,0.0266199636828191
201.25,34.3979034423828,0.0273927666175698
202.5,34.3979034423828,0.0269891138412781
203.75,34.3979034423828,0.0248584043424195
205,34.3979034423828,0.0222088648332259
206.25,34.3979034423828,0.0208748784892311
207.5,34.3979034423828,0.0213749216248984
208.75,34.3979034423828,0.0246161763632605
210,34.3979034423828,0.0282451776249358
211.25,34.3979034423828,0.0297038039839964
212.5,34.3979034423828,0.0284086506664505
213.75,34.3979034423828,0.0257224019882301
215,34.3979034423828,0.0213525583568257
216.25,34.3979034423828,0.015851891735877
217.5,34.3979034423828,0.0111471155906467
218.75,34.3979034423828,0.0074457595686059
220,34.3979034423828,0.00391620322127665
221.25,34.3979034423828,0.00117215471969664
222.5,34.3979034423828,-0.00100716812282272
223.75,34.3979034423828,-0.00229840578587359
225,34.3979034423828,-0.00227710034149087
226.25,34.3979034423828,-0.00103317264592574
227.5,34.3979034423828,0.00219612645378236
228.75,34.3979034423828,0.00774263174321156
230,34.3979034423828,0.0145345803162126
231.25,34.3979034423828,0.0221188882624309
232.5,34.3979034423828,0.0277489836254596
233.75,34.3979034423828,0.0293329289028797
235,34.3979034423828,0.0263744347838849
236.25,34.3979034423828,0.0202732499362787
237.5,34.3979034423828,0.0126549218687309
238.75,34.3979034423828,0.00671338377273578
240,34.3979034423828,0.00388537046018881
241.25,34.3979034423828,0.00104085847489337
160,35.3403167724609,0.00900034435954464
161.25,35.3403167724609,0.0069920096086967
162.5,35.3403167724609,0.00486550630463723
163.75,35.3403167724609,0.00335292262694267
165,35.3403167724609,0.00267737842254945
166.25,35.3403167724609,0.00313218222079
167.5,35.3403167724609,0.00468249745208324
168.75,35.3403167724609,0.00707689000364924
170,35.3403167724609,0.00937478590564822
171.25,35.3403167724609,0.0117451506500811
172.5,35.3403167724609,0.0133929658437417
173.75,35.3403167724609,0.0150282540791586
175,35.3403167724609,0.0163842610235558
176.25,35.3403167724609,0.0180840220854962
177.5,35.3403167724609,0.0207344263715497
178.75,35.3403167724609,0.0230482859529739
180,35.3403167724609,0.0243827933879804
181.25,35.3403167724609,0.0252767094858102
182.5,35.3403167724609,0.0258793943168637
183.75,35.3403167724609,0.0270190517278518
185,35.3403167724609,0.027280567639833
186.25,35.3403167724609,0.026886200848323
187.5,35.3403167724609,0.0262432264245398
188.75,35.3403167724609,0.0261768046392124
190,35.3403167724609,0.0269225745811663
191.25,35.3403167724609,0.0272617663006422
192.5,35.3403167724609,0.0266548313694353
193.75,35.3403167724609,0.0253687168968987
195,35.3403167724609,0.0238417965359888
196.25,35.3403167724609,0.0231668863500939
197.5,35.3403167724609,0.0232303649663479
198.75,35.3403167724609,0.0240958578652332
200,35.3403167724609,0.0256152241651472
201.25,35.3403167724609,0.0264737534962635
202.5,35.3403167724609,0.0258988210833967
203.75,35.3403167724609,0.0241909345121373
205,35.3403167724609,0.0221077272937119
206.25,35.3403167724609,0.0211867301707523
207.5,35.3403167724609,0.0220589436335505
208.75,35.3403167724609,0.0260316399032929
210,35.3403167724609,0.0302896348910295
211.25,35.3403167724609,0.0324472676671127
212.5,35.3403167724609,0.0316148218390872
213.75,35.3403167724609,0.0290295132094129
215,35.3403167724609,0.0253936222764944
216.25,35.3403167724609,0.0209726466867294
217.5,35.3403167724609,0.0166660401803042
218.75,35.3403167724609,0.0125764666348277
220,35.3403167724609,0.0076468647062044
221.25,35.3403167724609,0.00272890955381365
222.5,35.3403167724609,-0.000916807931769419
223.75,35.3403167724609,-0.00278800273729742
225,35.3403167724609,-0.00273732818706583
226.25,35.3403167724609,-0.00106946313319009
227.5,35.3403167724609,0.00213798967811961
228.75,35.3403167724609,0.00779936759097855
230,35.3403167724609,0.0149821746960008
231.25,35.3403167724609,0.0225126022294856
232.5,35.3403167724609,0.028938926181926
233.75,35.3403167724609,0.0307339980564292
235,35.3403167724609,0.0274636371029756
236.25,35.3403167724609,0.0196649402454463
237.5,35.3403167724609,0.012405848257055
238.75,35.3403167724609,0.00807737625786632
240,35.3403167724609,0.00539507965038055
160,36.2827224731445,0.0144661724019586
161.25,36.2827224731445,0.0118742969515566
162.5,36.2827224731445,0.00957319255224208
163.75,36.2827224731445,0.00764773553134246
165,36.2827224731445,0.00638081842166596
166.25,36.2827224731445,0.00590946730015811
167.5,36.2827224731445,0.00612557008927598
168.75,36.2827224731445,0.00758885216875865
170,36.2827224731445,0.0101116690367645
171.25,36.2827224731445,0.012877064170121
172.5,36.2827224731445,0.0152848416825425
173.75,36.2827224731445,0.0169362366103383
175,36.2827224731445,0.0177811229633008
176.25,36.2827224731445,0.018429940328276
177.5,36.2827224731445,0.0196957154939509
178.75,36.2827224731445,0.0212376148621855
180,36.2827224731445,0.0222205672914431
181.25,36.2827224731445,0.0225448453277077
182.5,36.2827224731445,0.0225370503038734
183.75,36.2827224731445,0.02260075434735
185,36.2827224731445,0.0219142907547015
186.25,36.2827224731445,0.0206426671253982
187.5,36.2827224731445,0.0195843193188172
188.75,36.2827224731445,0.0196803231608448
190,36.2827224731445,0.0206624735115826
191.25,36.2827224731445,0.0213603678354275
192.5,36.2827224731445,0.0215132177173624
193.75,36.2827224731445,0.0209747386697323
195,36.2827224731445,0.0205723737085877
196.25,36.2827224731445,0.0208237949482713
197.5,36.2827224731445,0.0213555061876942
198.75,36.2827224731445,0.0225017940607419
200,36.2827224731445,0.024219592633306
201.25,36.2827224731445,0.0253851222296791
202.5,36.2827224731445,0.0250105383754928
203.75,36.2827224731445,0.0234053584113692
205,36.2827224731445,0.0216035648271743
206.25,36.2827224731445,0.021046196090088
207.5,36.2827224731445,0.0226660966059214
208.75,36.2827224731445,0.0257979503491231
210,36.2827224731445,0.0305780224640026
211.25,36.2827224731445,0.0332775765718501
212.5,36.2827224731445,0.0327276086809682
213.75,36.2827224731445,0.0307294506704201
215,36.2827224731445,0.0280830074795014
216.25,36.2827224731445,0.0256221413873314
217.5,36.2827224731445,0.0224628077720511
218.75,36.2827224731445,0.0180466443049741
220,36.2827224731445,0.0120521495182794
221.25,36.2827224731445,0.00513161928871706
222.5,36.2827224731445,-2.29604799446273e-05
223.75,36.2827224731445,-0.00267586887174063
225,36.2827224731445,-0.00271947205865976
226.25,36.2827224731445,-0.00096841147008996
227.5,36.2827224731445,0.00241638938606592
228.75,36.2827224731445,0.00793495582731603
230,36.2827224731445,0.0150187931781454
231.25,36.2827224731445,0.0221242350262087
232.5,36.2827224731445,0.0292416491328378
233.75,36.2827224731445,0.0310873348463078
235,36.2827224731445,0.026533040461819
236.25,36.2827224731445,0.0182467554927248
237.5,36.2827224731445,0.0130311823645911
238.75,36.2827224731445,0.0114757594638531
160,37.2251281738281,0.0173887462750546
161.25,37.2251281738281,0.0143764144251562
162.5,37.2251281738281,0.0115411794668447
163.75,37.2251281738281,0.00918949367757879
165,37.2251281738281,0.00765753676820632
166.25,37.2251281738281,0.00690506448620461
167.5,37.2251281738281,0.00681776960369412
168.75,37.2251281738281,0.00782734645432357
170,37.2251281738281,0.010013868351161
171.25,37.2251281738281,0.0130255108203135
172.5,37.2251281738281,0.0163098095267966
173.75,37.2251281738281,0.0183150355444425
175,37.2251281738281,0.0188305098297746
176.25,37.2251281738281,0.0186852877157064
177.5,37.2251281738281,0.0189225695340188
178.75,37.2251281738281,0.0198526778903746
180,37.2251281738281,0.0207284179445764
181.25,37.2251281738281,0.0208434162141628
182.5,37.2251281738281,0.0203495024230153
183.75,37.2251281738281,0.0194499323960885
185,37.2251281738281,0.0179377019096814
186.25,37.2251281738281,0.0163560466972375
187.5,37.2251281738281,0.0148822075489387
188.75,37.2251281738281,0.0145098757352095
190,37.2251281738281,0.0150439594391896
191.25,37.2251281738281,0.0151856283441541
192.5,37.2251281738281,0.0148540407746417
193.75,37.2251281738281,0.014792565817612
195,37.2251281738281,0.0157400313482913
196.25,37.2251281738281,0.0172534502075558
197.5,37.2251281738281,0.0187952940520841
198.75,37.2251281738281,0.0201183730181889
200,37.2251281738281,0.0217577016110031
201.25,37.2251281738281,0.0227482402765854
202.5,37.2251281738281,0.0226864157245297
203.75,37.2251281738281,0.0217000201729947
205,37.2251281738281,0.0198867198725635
206.25,37.2251281738281,0.0188929876564257
207.5,37.2251281738281,0.0198216009876813
208.75,37.2251281738281,0.0224322939180546
210,37.2251281738281,0.0272946121843193
211.25,37.2251281738281,0.0310948075080723
212.5,37.2251281738281,0.0320378434160728
213.75,37.2251281738281,0.0320499351868011
215,37.2251281738281,0.0309729377202571
216.25,37.2251281738281,0.0294526490755215
217.5,37.2251281738281,0.0269246364824163
218.75,37.2251281738281,0.0225379590649421
220,37.2251281738281,0.0158041537748432
221.25,37.2251281738281,0.00801577481725302
222.5,37.2251281738281,0.00178995516514315
223.75,37.2251281738281,-0.00127652292548342
225,37.2251281738281,-0.00104318208661777
226.25,37.2251281738281,0.000853739099608507
227.5,37.2251281738281,0.00430659658492683
228.75,37.2251281738281,0.0102303476472036
230,37.2251281738281,0.0171471818559697
231.25,37.2251281738281,0.0241176199281456
232.5,37.2251281738281,0.0301640003701764
233.75,37.2251281738281,0.0307097499047222
235,37.2251281738281,0.0244821814056636
236.25,37.2251281738281,0.0174733704976933
237.5,37.2251281738281,0.0150422150779706
238.75,37.2251281738281,0.0116124656573595
160,38.1675415039062,0.0180376169409354
161.25,38.1675415039062,0.0150292801869467
162.5,38.1675415039062,0.0119326312092292
163.75,38.1675415039062,0.00915691229052477
165,38.1675415039062,0.0072693921200059
166.25,38.1675415039062,0.00658310987181656
167.5,38.1675415039062,0.00658149391783758
168.75,38.1675415039062,0.00727580840199461
170,38.1675415039062,0.00932656854598681
171.25,38.1675415039062,0.012798716723934
172.5,38.1675415039062,0.0163446598900464
173.75,38.1675415039062,0.0188168203626891
175,38.1675415039062,0.019541151610221
176.25,38.1675415039062,0.019510983232328
177.5,38.1675415039062,0.0197800153625947
178.75,38.1675415039062,0.0203215239800469
180,38.1675415039062,0.020694695751381
181.25,38.1675415039062,0.0206803213876501
182.5,38.1675415039062,0.0202419880506452
183.75,38.1675415039062,0.0191244022690548
185,38.1675415039062,0.0170076554587894
186.25,38.1675415039062,0.0143691178614957
187.5,38.1675415039062,0.0123173717589074
188.75,38.1675415039062,0.0114499055587274
190,38.1675415039062,0.0113922923353376
191.25,38.1675415039062,0.0109302221524023
192.5,38.1675415039062,0.0101822071364889
193.75,38.1675415039062,0.0103107737247155
195,38.1675415039062,0.0116395453874429
196.25,38.1675415039062,0.0133053862039588
197.5,38.1675415039062,0.0147962049208513
198.75,38.1675415039062,0.016688988793732
200,38.1675415039062,0.0182493902528416
201.25,38.1675415039062,0.019397971474209
202.5,38.1675415039062,0.0198670894878931
203.75,38.1675415039062,0.0193615312824805
205,38.1675415039062,0.0175683923835955
206.25,38.1675415039062,0.0157726641067422
207.5,38.1675415039062,0.0155619215601209
208.75,38.1675415039062,0.0174362931404081
210,38.1675415039062,0.0218325575128307
211.25,38.1675415039062,0.0265944078179505
212.5,38.1675415039062,0.0299421057649941
213.75,38.1675415039062,0.0323215264621967
215,38.1675415039062,0.032982829353502
216.25,38.1675415039062,0.0320341143691571
217.5,38.1675415039062,0.0296456407952792
218.75,38.1675415039062,0.0251148018784801
220,38.1675415039062,0.0182763997229573
221.25,38.1675415039062,0.0105591808822781
222.5,38.1675415039062,0.00414206471558168
223.75,38.1675415039062,0.00135111037066445
225,38.1675415039062,0.00201700046319157
226.25,38.1675415039062,0.00422389704235106
227.5,38.1675415039062,0.00816845423144265
228.75,38.1675415039062,0.0142265813487456
230,38.1675415039062,0.0210977134938405
231.25,38.1675415039062,0.0269642658365213
232.5,38.1675415039062,0.0306249093379283
233.75,38.1675415039062,0.0301447504500515
235,38.1675415039062,0.0241971950528127
236.25,38.1675415039062,0.018436245617488
237.5,38.1675415039062,0.0152135697160931
160,39.1099548339844,0.0151309835779059
161.25,39.1099548339844,0.0128420810781952
162.5,39.1099548339844,0.00993366915976699
163.75,39.1099548339844,0.00749336391367286
165,39.1099548339844,0.00668990859677955
166.25,39.1099548339844,0.00708656504510938
167.5,39.1099548339844,0.00756554966125624
168.75,39.1099548339844,0.00840620745990807
170,39.1099548339844,0.0106737982880233
171.25,39.1099548339844,0.0141210827459854
172.5,39.1099548339844,0.0176508382599371
173.75,39.1099548339844,0.0201547127046688
175,39.1099548339844,0.0215116627269229
176.25,39.1099548339844,0.0222316519711612
177.5,39.1099548339844,0.0227042157705008
178.75,39.1099548339844,0.022717353234582
180,39.1099548339844,0.0223458813625118
181.25,39.1099548339844,0.0218937744631795
182.5,39.1099548339844,0.0213872416255416
183.75,39.1099548339844,0.0201541538984401
185,39.1099548339844,0.0176564475977532
186.25,39.1099548339844,0.0145691925417615
187.5,39.1099548339844,0.0118932550485776
188.75,39.1099548339844,0.0103216359126017
190,39.1099548339844,0.00906602779989934
191.25,39.1099548339844,0.00761058640639563
192.5,39.1099548339844,0.0068070304191381
193.75,39.1099548339844,0.00721442924839812
195,39.1099548339844,0.00868346390659216
196.25,39.1099548339844,0.0102031288846592
197.5,39.1099548339844,0.0115520803345459
198.75,39.1099548339844,0.0136251054135674
200,39.1099548339844,0.015145313959052
201.25,39.1099548339844,0.0161504293303689
202.5,39.1099548339844,0.0168302191494611
203.75,39.1099548339844,0.0166980203436897
205,39.1099548339844,0.0155407526785541
206.25,39.1099548339844,0.0139841303122163
207.5,39.1099548339844,0.0130428450850785
208.75,39.1099548339844,0.0139704132338283
210,39.1099548339844,0.0177843488442711
211.25,39.1099548339844,0.0231019529362659
212.5,39.1099548339844,0.0281457161838538
213.75,39.1099548339844,0.0316379903870017
215,39.1099548339844,0.033114848423128
216.25,39.1099548339844,0.0326402705856711
217.5,39.1099548339844,0.030295075758625
218.75,39.1099548339844,0.026001049501525
220,39.1099548339844,0.0197637421929984
221.25,39.1099548339844,0.0126063452909934
222.5,39.1099548339844,0.00670540244669652
223.75,39.1099548339844,0.00386186699219949
225,39.1099548339844,0.00512801143202566
226.25,39.1099548339844,0.00825048649924501
227.5,39.1099548339844,0.0128382091882048
228.75,39.1099548339844,0.0186869348841918
230,39.1099548339844,0.0249961705258652
231.25,39.1099548339844,0.0292932005045492
232.5,39.1099548339844,0.0313614160671991
233.75,39.1099548339844,0.0309269080831841
235,39.1099548339844,0.0257649353244893
236.25,39.1099548339844,0.0207263341829632
160,40.0523529052734,0.0111121591996374
161.25,40.0523529052734,0.00940859664550392
162.5,40.0523529052734,0.00755730682964989
163.75,40.0523529052734,0.00698954802308368
165,40.0523529052734,0.00832269584919204
166.25,40.0523529052734,0.00998888127597402
167.5,40.0523529052734,0.0110084899052542
168.75,40.0523529052734,0.0121696237921867
170,40.0523529052734,0.0143133187960009
171.25,40.0523529052734,0.017330579773892
172.5,40.0523529052734,0.0205008876878496
173.75,40.0523529052734,0.0227364667254546
175,40.0523529052734,0.0243252075128372
176.25,40.0523529052734,0.0257204022024979
177.5,40.0523529052734,0.0266284692687327
178.75,40.0523529052734,0.0267439984093425
180,40.0523529052734,0.0260888928926057
181.25,40.0523529052734,0.0247302796223252
182.5,40.0523529052734,0.0231138309531255
183.75,40.0523529052734,0.0210138310295425
185,40.0523529052734,0.0178909205336808
186.25,40.0523529052734,0.0144903432826201
187.5,40.0523529052734,0.011125649148461
188.75,40.0523529052734,0.00874407512258069
190,40.0523529052734,0.00677362369201989
191.25,40.0523529052734,0.00511505125835916
192.5,40.0523529052734,0.00459838700558876
193.75,40.0523529052734,0.00519490465286254
195,40.0523529052734,0.00631448021675165
196.25,40.0523529052734,0.0074343463274556
197.5,40.0523529052734,0.0087265552125605
198.75,40.0523529052734,0.0108784109627128
200,40.0523529052734,0.0128375335599916
201.25,40.0523529052734,0.0139217085900712
202.5,40.0523529052734,0.0150807927003246
203.75,40.0523529052734,0.0158019362730508
205,40.0523529052734,0.0157709198221578
206.25,40.0523529052734,0.015023489749075
207.5,40.0523529052734,0.0141893945342139
208.75,40.0523529052734,0.0142371019619172
210,40.0523529052734,0.0165517403605852
211.25,40.0523529052734,0.0207835888548473
212.5,40.0523529052734,0.0263020431562073
213.75,40.0523529052734,0.030286197991363
215,40.0523529052734,0.0320369946337014
216.25,40.0523529052734,0.031755389718243
217.5,40.0523529052734,0.0297966570087442
218.75,40.0523529052734,0.0263052019267697
220,40.0523529052734,0.0212057134931614
221.25,40.0523529052734,0.015355107719071
222.5,40.0523529052734,0.0101355830890428
223.75,40.0523529052734,0.00734170238912266
225,40.0523529052734,0.00805163177014689
226.25,40.0523529052734,0.0111081216615221
227.5,40.0523529052734,0.0160933405401322
228.75,40.0523529052734,0.0217936886161891
230,40.0523529052734,0.0274161205130804
231.25,40.0523529052734,0.0309624337267925
232.5,40.0523529052734,0.0320884671072572
233.75,40.0523529052734,0.0316933388410904
235,40.0523529052734,0.028581581549864
236.25,40.0523529052734,0.0230753641159611
160,40.9947662353516,0.00871968756067723
161.25,40.9947662353516,0.00902544901241024
162.5,40.9947662353516,0.00974374344794377
163.75,40.9947662353516,0.0116628406415851
165,40.9947662353516,0.0139554220059891
166.25,40.9947662353516,0.0156311702291709
167.5,40.9947662353516,0.0166950127182778
168.75,40.9947662353516,0.0181517746213203
170,40.9947662353516,0.0206291477271575
171.25,40.9947662353516,0.023107984537677
172.5,40.9947662353516,0.0254453073813904
173.75,40.9947662353516,0.0267221871891265
175,40.9947662353516,0.0276668731004825
176.25,40.9947662353516,0.0289417739807666
177.5,40.9947662353516,0.0297242755724582
178.75,40.9947662353516,0.0298001132426933
180,40.9947662353516,0.0287936685376554
181.25,40.9947662353516,0.0270145183807494
182.5,40.9947662353516,0.0247163382050877
183.75,40.9947662353516,0.0215732234583211
185,40.9947662353516,0.0176097039826823
186.25,40.9947662353516,0.0132938283191238
187.5,40.9947662353516,0.00903866821141617
188.75,40.9947662353516,0.00581839757854009
190,40.9947662353516,0.0038720584361485
191.25,40.9947662353516,0.00267146230883852
192.5,40.9947662353516,0.00280066856455537
193.75,40.9947662353516,0.00366813406432288
195,40.9947662353516,0.00473313246065569
196.25,40.9947662353516,0.00583029100196862
197.5,40.9947662353516,0.00732957947677475
198.75,40.9947662353516,0.00945140520670607
200,40.9947662353516,0.0116442654537599
201.25,40.9947662353516,0.0133304325921247
202.5,40.9947662353516,0.0148550483931222
203.75,40.9947662353516,0.0163540641012564
205,40.9947662353516,0.0173828623670765
206.25,40.9947662353516,0.0177634395620722
207.5,40.9947662353516,0.0176884261781208
208.75,40.9947662353516,0.017369842958706
210,40.9947662353516,0.017942228316611
211.25,40.9947662353516,0.0198699009234249
212.5,40.9947662353516,0.0238523628816314
213.75,40.9947662353516,0.0282332376420428
215,40.9947662353516,0.030651129216696
216.25,40.9947662353516,0.0311369911410184
217.5,40.9947662353516,0.0298561557018716
218.75,40.9947662353516,0.0271198633800376
220,40.9947662353516,0.0230197469450533
221.25,40.9947662353516,0.0185601334458409
222.5,40.9947662353516,0.0145218105515852
223.75,40.9947662353516,0.0118098416282509
225,40.9947662353516,0.0113113806563999
226.25,40.9947662353516,0.0133663558989032
227.5,40.9947662353516,0.0178829610455471
228.75,40.9947662353516,0.0235074218828677
230,40.9947662353516,0.0289739916630477
231.25,40.9947662353516,0.0316151107280587
232.5,40.9947662353516,0.0316438925768976
233.75,40.9947662353516,0.0313760277914186
235,40.9947662353516,0.0288650666209501
236.25,40.9947662353516,0.0279702111033281
160,41.9371795654297,0.00808808316344894
161.25,41.9371795654297,0.0121198020625967
162.5,41.9371795654297,0.0166061764863566
163.75,41.9371795654297,0.0203148801259506
165,41.9371795654297,0.0225237044463841
166.25,41.9371795654297,0.0237901550486048
167.5,41.9371795654297,0.0245518442405319
168.75,41.9371795654297,0.0254228642455762
170,41.9371795654297,0.027206478955897
171.25,41.9371795654297,0.0286684207802528
172.5,41.9371795654297,0.0296887714672038
173.75,41.9371795654297,0.0300384313664509
175,41.9371795654297,0.0303582811660076
176.25,41.9371795654297,0.0308572117730835
177.5,41.9371795654297,0.0309646314473302
178.75,41.9371795654297,0.0305456349273539
180,41.9371795654297,0.0294275567869203
181.25,41.9371795654297,0.0275124442785896
182.5,41.9371795654297,0.0248260932283526
183.75,41.9371795654297,0.0211075018236889
185,41.9371795654297,0.0165994507766566
186.25,41.9371795654297,0.0117850658398791
187.5,41.9371795654297,0.00720163667472259
188.75,41.9371795654297,0.0036103559611309
190,41.9371795654297,0.00151677423698545
191.25,41.9371795654297,0.000790133064002896
192.5,41.9371795654297,0.00129150418083362
193.75,41.9371795654297,0.0025322228848835
195,41.9371795654297,0.00408301561448215
196.25,41.9371795654297,0.00540828540365216
197.5,41.9371795654297,0.00701287171180702
198.75,41.9371795654297,0.00914193815708373
200,41.9371795654297,0.0112860588309119
201.25,41.9371795654297,0.0131245130281575
202.5,41.9371795654297,0.0150871932306238
203.75,41.9371795654297,0.017165247413003
205,41.9371795654297,0.0194186124282354
206.25,41.9371795654297,0.0213486112971887
207.5,41.9371795654297,0.0223881575382025
208.75,41.9371795654297,0.0220798857473922
210,41.9371795654297,0.0213586781823097
211.25,41.9371795654297,0.0213186369708267
212.5,41.9371795654297,0.0231718568585033
213.75,41.9371795654297,0.0266608672374658
215,41.9371795654297,0.0300945966229516
216.25,41.9371795654297,0.0312587526461667
217.5,41.9371795654297,0.0305653616112247
218.75,41.9371795654297,0.0282928577988125
220,41.9371795654297,0.024735379066001
221.25,41.9371795654297,0.0211462184522194
222.5,41.9371795654297,0.0182316906528443
223.75,41.9371795654297,0.0161227855048259
225,41.9371795654297,0.0150001270216694
226.25,41.9371795654297,0.0158696688525014
227.5,41.9371795654297,0.0200218832223276
228.75,41.9371795654297,0.025609259501308
230,41.9371795654297,0.0307046169324895
231.25,41.9371795654297,0.0325356401325996
232.5,41.9371795654297,0.030982268573591
233.75,41.9371795654297,0.0298406630050695
235,41.9371795654297,0.0283460624424467
236.25,41.9371795654297,0.0277376295140584
160,42.8795776367188,0.0166039109663104
161.25,42.8795776367188,0.021561596263461
162.5,42.8795776367188,0.0263536832314743
163.75,42.8795776367188,0.0294239554326345
165,42.8795776367188,0.0308091040040508
166.25,42.8795776367188,0.031905499669377
167.5,42.8795776367188,0.0328378710866246
168.75,42.8795776367188,0.0332672697784511
170,42.8795776367188,0.0338218534936792
171.25,42.8795776367188,0.0343485370838289
172.5,42.8795776367188,0.034356009795434
173.75,42.8795776367188,0.0337230580854027
175,42.8795776367188,0.0328536346507692
176.25,42.8795776367188,0.0317401639037957
177.5,42.8795776367188,0.0306898751707648
178.75,42.8795776367188,0.0292799976334277
180,42.8795776367188,0.0279367773580948
181.25,42.8795776367188,0.025963299550778
182.5,42.8795776367188,0.0232947408080212
183.75,42.8795776367188,0.0194630046742707
185,42.8795776367188,0.0147087976780955
186.25,42.8795776367188,0.00957520347696272
187.5,42.8795776367188,0.00523598985657452
188.75,42.8795776367188,0.00228236361347233
190,42.8795776367188,0.000241055021414187
191.25,42.8795776367188,6.02824954429428e-05
192.5,42.8795776367188,0.00075632319096663
193.75,42.8795776367188,0.00225316507614608
195,42.8795776367188,0.00430415539095502
196.25,42.8795776367188,0.00630182644262745
197.5,42.8795776367188,0.00833682778023868
198.75,42.8795776367188,0.0103042021955407
200,42.8795776367188,0.0119953812902502
201.25,42.8795776367188,0.0136620774318922
202.5,42.8795776367188,0.0156152155965247
203.75,42.8795776367188,0.018164826929017
205,42.8795776367188,0.0210873749624411
206.25,42.8795776367188,0.0238467896787264
207.5,42.8795776367188,0.0258272970732447
208.75,42.8795776367188,0.0264421256323436
210,42.8795776367188,0.0256697177585141
211.25,42.8795776367188,0.0243635450147141
212.5,42.8795776367188,0.0243687800588769
213.75,42.8795776367188,0.026543039943662
215,42.8795776367188,0.0301795324576287
216.25,42.8795776367188,0.0320008569975731
217.5,42.8795776367188,0.0316000702771107
218.75,42.8795776367188,0.029623231108625
220,42.8795776367188,0.0265173524346455
221.25,42.8795776367188,0.0234847945097407
222.5,42.8795776367188,0.0212188910304871
223.75,42.8795776367188,0.0194641497961649
225,42.8795776367188,0.0180501257928996
226.25,42.8795776367188,0.0182226740996584
227.5,42.8795776367188,0.0213204974549425
228.75,42.8795776367188,0.0267526414532148
230,42.8795776367188,0.031447368629675
231.25,42.8795776367188,0.0328962950127232
232.5,42.8795776367188,0.0308853105490846
233.75,42.8795776367188,0.0285991700902767
235,42.8795776367188,0.028574424294294
236.25,42.8795776367188,0.0288734958315704
160,43.8219909667969,0.0309425714135913
161.25,43.8219909667969,0.0334147828200678
162.5,43.8219909667969,0.0352579601392688
163.75,43.8219909667969,0.03587412703985
165,43.8219909667969,0.035970611491325
166.25,43.8219909667969,0.036680280806986
167.5,43.8219909667969,0.0374028845840897
168.75,43.8219909667969,0.0376489355971646
170,43.8219909667969,0.0380344333088891
171.25,43.8219909667969,0.0387300064011986
172.5,43.8219909667969,0.0387223528890615
173.75,43.8219909667969,0.0372162700731044
175,43.8219909667969,0.0349751565192836
176.25,43.8219909667969,0.0321108206139616
177.5,43.8219909667969,0.0288417677828134
178.75,43.8219909667969,0.0256569561079133
180,43.8219909667969,0.0234787913643418
181.25,43.8219909667969,0.0220312846568865
182.5,43.8219909667969,0.0204822036197257
183.75,43.8219909667969,0.0178776337852011
185,43.8219909667969,0.0137752808673516
186.25,43.8219909667969,0.00918969594308392
187.5,43.8219909667969,0.00533552379128252
188.75,43.8219909667969,0.00293021675871421
190,43.8219909667969,0.0015713494588415
191.25,43.8219909667969,0.00171576119012736
192.5,43.8219909667969,0.00225905364771908
193.75,43.8219909667969,0.00371339257049994
195,43.8219909667969,0.00582273303224883
196.25,43.8219909667969,0.00809578085185991
197.5,43.8219909667969,0.0103147400692104
198.75,43.8219909667969,0.0124208279882582
200,43.8219909667969,0.0141998604891464
201.25,43.8219909667969,0.0158237602630483
202.5,43.8219909667969,0.0176303496788935
203.75,43.8219909667969,0.0197460241850443
205,43.8219909667969,0.0223191181055456
206.25,43.8219909667969,0.0247970132221705
207.5,43.8219909667969,0.026818388251414
208.75,43.8219909667969,0.0279242439290853
210,43.8219909667969,0.0278518897058051
211.25,43.8219909667969,0.0268909644568966
212.5,43.8219909667969,0.0265792761538833
213.75,43.8219909667969,0.027883189990028
215,43.8219909667969,0.0306712432908817
216.25,43.8219909667969,0.0326499351082913
217.5,43.8219909667969,0.0324352613835308
218.75,43.8219909667969,0.0302911095061276
220,43.8219909667969,0.0270954329409965
221.25,43.8219909667969,0.0243495236638094
222.5,43.8219909667969,0.0226993175091484
223.75,43.8219909667969,0.0213939566495605
225,43.8219909667969,0.0201515305160587
226.25,43.8219909667969,0.0200222927482676
227.5,43.8219909667969,0.0223622849378259
228.75,43.8219909667969,0.0268337194580616
230,43.8219909667969,0.0310400402655782
231.25,43.8219909667969,0.0320406306953985
232.5,43.8219909667969,0.0307071370212971
233.75,43.8219909667969,0.0288695578343434
235,43.8219909667969,0.0293701652576008
236.25,43.8219909667969,0.030481806680388
160,44.764404296875,0.0347773579755224
161.25,44.764404296875,0.035623243148512
162.5,44.764404296875,0.0366971858282447
163.75,44.764404296875,0.0366938633500056
165,44.764404296875,0.0369910016126175
166.25,44.764404296875,0.0378741142098089
167.5,44.764404296875,0.0387036720575673
168.75,44.764404296875,0.0389797942257431
170,44.764404296875,0.0388081654369332
171.25,44.764404296875,0.038293431756138
172.5,44.764404296875,0.0372416155894086
173.75,44.764404296875,0.0353556120401327
175,44.764404296875,0.0323436801203691
176.25,44.764404296875,0.0285004204320484
177.5,44.764404296875,0.0239355498007479
178.75,44.764404296875,0.0202001884318035
180,44.764404296875,0.0181094036690796
181.25,44.764404296875,0.0173669304709735
182.5,44.764404296875,0.0170417407346436
183.75,44.764404296875,0.0160813732923236
185,44.764404296875,0.013759400679423
186.25,44.764404296875,0.0105228839298825
187.5,44.764404296875,0.00763265900255751
188.75,44.764404296875,0.00591780922212946
190,44.764404296875,0.00489055988468564
191.25,44.764404296875,0.00522027647930006
192.5,44.764404296875,0.00580800420853428
193.75,44.764404296875,0.00702711638422448
195,44.764404296875,0.00867246673227615
196.25,44.764404296875,0.0107717675195035
197.5,44.764404296875,0.013071018858958
198.75,44.764404296875,0.0156080929297237
200,44.764404296875,0.0177522150875392
201.25,44.764404296875,0.0194155395977957
202.5,44.764404296875,0.0209009309199283
203.75,44.764404296875,0.0221560265363224
205,44.764404296875,0.0232896585156854
206.25,44.764404296875,0.0245668112589645
207.5,44.764404296875,0.0261869861943879
208.75,44.764404296875,0.0275606567135104
210,44.764404296875,0.0277987476111187
211.25,44.764404296875,0.0271254990146422
212.5,44.764404296875,0.0271190663776824
213.75,44.764404296875,0.0285960396313221
215,44.764404296875,0.0310018738637509
216.25,44.764404296875,0.0324754486076056
217.5,44.764404296875,0.0320365015863515
218.75,44.764404296875,0.0295390509412564
220,44.764404296875,0.0259627694436732
221.25,44.764404296875,0.0230365868616445
222.5,44.764404296875,0.0216922651067562
223.75,44.764404296875,0.0211215228455311
225,44.764404296875,0.0205892117745116
226.25,44.764404296875,0.020765448477764
227.5,44.764404296875,0.0228487565550302
228.75,44.764404296875,0.0260892431700971
230,44.764404296875,0.0289500299049318
231.25,44.764404296875,0.0296240453676267
232.5,44.764404296875,0.0287278037185888
233.75,44.764404296875,0.0279275295564428
235,44.764404296875,0.0290259645720773
236.25,44.764404296875,0.03019328881683
160,45.7068023681641,0.0269240082425493
161.25,45.7068023681641,0.0282329321724274
162.5,45.7068023681641,0.0296959905632012
163.75,45.7068023681641,0.0303149261855331
165,45.7068023681641,0.0312333821717552
166.25,45.7068023681641,0.032397131427316
167.5,45.7068023681641,0.0336365390871393
168.75,45.7068023681641,0.0338718569316445
170,45.7068023681641,0.032314487597186
171.25,45.7068023681641,0.0297463725251929
172.5,45.7068023681641,0.0272319386159973
173.75,45.7068023681641,0.0247470787310211
175,45.7068023681641,0.0215320143004312
176.25,45.7068023681641,0.0180965517960789
177.5,45.7068023681641,0.0150075572171005
178.75,45.7068023681641,0.0132134083618846
180,45.7068023681641,0.013353587759491
181.25,45.7068023681641,0.01421287991554
182.5,45.7068023681641,0.0151169507720379
183.75,45.7068023681641,0.0153782489907387
185,45.7068023681641,0.0145557890249052
186.25,45.7068023681641,0.0131159392586608
187.5,45.7068023681641,0.0119653110760837
188.75,45.7068023681641,0.011603260880714
190,45.7068023681641,0.0115600497076074
191.25,45.7068023681641,0.0114521779282242
192.5,45.7068023681641,0.0111776111003915
193.75,45.7068023681641,0.011584997167659
195,45.7068023681641,0.0124052805357779
196.25,45.7068023681641,0.0139387287087532
197.5,45.7068023681641,0.0162468673712759
198.75,45.7068023681641,0.0192819912518393
200,45.7068023681641,0.0222104174116858
201.25,45.7068023681641,0.0241155138592967
202.5,45.7068023681641,0.0246508856837112
203.75,45.7068023681641,0.0244699038843255
205,45.7068023681641,0.0241115502611158
206.25,45.7068023681641,0.0240306375377926
207.5,45.7068023681641,0.0248669614488558
208.75,45.7068023681641,0.0256245464855234
210,45.7068023681641,0.0257824864196503
211.25,45.7068023681641,0.0254998556767523
212.5,45.7068023681641,0.0259721251399032
213.75,45.7068023681641,0.0275689608654887
215,45.7068023681641,0.0295366914624139
216.25,45.7068023681641,0.0302900607192598
217.5,45.7068023681641,0.0289680498055828
218.75,45.7068023681641,0.0263768446942211
220,45.7068023681641,0.023182808254524
221.25,45.7068023681641,0.0208168795459319
222.5,45.7068023681641,0.0200429267196741
223.75,45.7068023681641,0.020262765592976
225,45.7068023681641,0.0204586945503188
226.25,45.7068023681641,0.0209073353310538
227.5,45.7068023681641,0.0224388510124452
228.75,45.7068023681641,0.024314835250382
230,45.7068023681641,0.0255199078064369
231.25,45.7068023681641,0.0254391727109579
232.5,45.7068023681641,0.0242706534486733
233.75,45.7068023681641,0.0236941829201235
235,45.7068023681641,0.0228639771926886
236.25,45.7068023681641,0.0219128618385536
160,46.6492156982422,0.0187425763949792
161.25,46.6492156982422,0.0200962542971099
162.5,46.6492156982422,0.0204303293778221
163.75,46.6492156982422,0.0203346179780121
165,46.6492156982422,0.0204894889148974
166.25,46.6492156982422,0.0210956470312741
167.5,46.6492156982422,0.0217882800421687
168.75,46.6492156982422,0.0212776281012126
170,46.6492156982422,0.0190479120299414
171.25,46.6492156982422,0.0161384492880358
172.5,46.6492156982422,0.013953331936054
173.75,46.6492156982422,0.0122972067094167
175,46.6492156982422,0.0102699817883081
176.25,46.6492156982422,0.00858347859842239
177.5,46.6492156982422,0.00757362586647011
178.75,46.6492156982422,0.00771926467950969
180,46.6492156982422,0.00963829779097852
181.25,46.6492156982422,0.0119952403387965
182.5,46.6492156982422,0.0140097402488851
183.75,46.6492156982422,0.0153108213865481
185,46.6492156982422,0.0158511796434905
186.25,46.6492156982422,0.0162711395604761
187.5,46.6492156982422,0.0169221557219126
188.75,46.6492156982422,0.0175768262385576
190,46.6492156982422,0.01782487074229
191.25,46.6492156982422,0.0173735514885417
192.5,46.6492156982422,0.0171411327314274
193.75,46.6492156982422,0.017248187200984
195,46.6492156982422,0.0175526277125974
196.25,46.6492156982422,0.0187176224667396
197.5,46.6492156982422,0.0207796528520103
198.75,46.6492156982422,0.0235147789756103
200,46.6492156982422,0.0261480746553258
201.25,46.6492156982422,0.0277434870083445
202.5,46.6492156982422,0.0277600676986729
203.75,46.6492156982422,0.0267963371616065
205,46.6492156982422,0.0253996523785325
206.25,46.6492156982422,0.0241579617305956
207.5,46.6492156982422,0.0239630392357727
208.75,46.6492156982422,0.0241675714415733
210,46.6492156982422,0.0244821493303406
211.25,46.6492156982422,0.0243760230714361
212.5,46.6492156982422,0.0246239950851927
213.75,46.6492156982422,0.0256169471362902
215,46.6492156982422,0.0266589347170341
216.25,46.6492156982422,0.0263487646751525
217.5,46.6492156982422,0.0244095696091747
218.75,46.6492156982422,0.0217240813957093
220,46.6492156982422,0.0191494013049447
221.25,46.6492156982422,0.0181439818340413
222.5,46.6492156982422,0.0186632555808998
223.75,46.6492156982422,0.0198052574195158
225,46.6492156982422,0.0206054785796818
226.25,46.6492156982422,0.0209717373684803
227.5,46.6492156982422,0.021190316304289
228.75,46.6492156982422,0.0210955354095576
230,46.6492156982422,0.0205423700338558
231.25,46.6492156982422,0.0195427027386165
232.5,46.6492156982422,0.0183114880343445
233.75,46.6492156982422,0.0168796336586545
235,46.6492156982422,0.0152190482212202
236.25,46.6492156982422,0.0142026001221214
160,47.5916290283203,0.0107278782240187
161.25,47.5916290283203,0.0126519312578554
162.5,47.5916290283203,0.0121701472143846
163.75,47.5916290283203,0.010520041371015
165,47.5916290283203,0.00959685569530896
166.25,47.5916290283203,0.00988765225766941
167.5,47.5916290283203,0.0103712217459522
168.75,47.5916290283203,0.00910217987162235
170,47.5916290283203,0.00639928667650491
171.25,47.5916290283203,0.00344170650260078
172.5,47.5916290283203,0.000809541506262593
173.75,47.5916290283203,-0.00145604133664545
175,47.5916290283203,-0.00347614446082378
176.25,47.5916290283203,-0.00450501891934957
177.5,47.5916290283203,-0.0033643065212565
178.75,47.5916290283203,-0.000459776988117264
180,47.5916290283203,0.00394496257203284
181.25,47.5916290283203,0.00881048700706257
182.5,47.5916290283203,0.0130368622153038
183.75,47.5916290283203,0.0158872876746599
185,47.5916290283203,0.0174628562399666
186.25,47.5916290283203,0.0187921544207679
187.5,47.5916290283203,0.0205316626355601
188.75,47.5916290283203,0.0218696058841757
190,47.5916290283203,0.0220396748989075
191.25,47.5916290283203,0.0216290079614256
192.5,47.5916290283203,0.021768102454857
193.75,47.5916290283203,0.0222713865103634
195,47.5916290283203,0.0224927347438686
196.25,47.5916290283203,0.0239910238295751
197.5,47.5916290283203,0.026762147520203
198.75,47.5916290283203,0.0293336318445283
200,47.5916290283203,0.0304409903551267
201.25,47.5916290283203,0.0304320939996663
202.5,47.5916290283203,0.0298619207504878
203.75,47.5916290283203,0.0286766321615513
205,47.5916290283203,0.0269221874659132
206.25,47.5916290283203,0.0250135252443194
207.5,47.5916290283203,0.0239064959615625
208.75,47.5916290283203,0.0235982714973098
210,47.5916290283203,0.0241920516020501
211.25,47.5916290283203,0.024052457104059
212.5,47.5916290283203,0.023373899286231
213.75,47.5916290283203,0.0229411727510817
215,47.5916290283203,0.0224264287420786
216.25,47.5916290283203,0.0213491308434874
217.5,47.5916290283203,0.0196893180270854
218.75,47.5916290283203,0.0177156120601715
220,47.5916290283203,0.016399732921364
221.25,47.5916290283203,0.0165902294261226
222.5,47.5916290283203,0.0178885946444523
223.75,47.5916290283203,0.0195870275702464
225,47.5916290283203,0.0204568054714928
226.25,47.5916290283203,0.0197266035076392
227.5,47.5916290283203,0.0177556490095236
228.75,47.5916290283203,0.0151774209696089
230,47.5916290283203,0.0136223218503351
231.25,47.5916290283203,0.0129251833553396
232.5,47.5916290283203,0.0127479076043067
233.75,47.5916290283203,0.0126572499147721
235,47.5916290283203,0.0122204183349367
236.25,47.5916290283203,0.0114426919997798
160,48.5340270996094,0.00448815582505633
161.25,48.5340270996094,0.00639863409789401
162.5,48.5340270996094,0.00494272592037433
163.75,48.5340270996094,0.00189412394023821
165,48.5340270996094,-0.00047658372102865
166.25,48.5340270996094,-0.00146555634507981
167.5,48.5340270996094,-0.00218202495877603
168.75,48.5340270996094,-0.0042302373280109
170,48.5340270996094,-0.00683923435575332
171.25,48.5340270996094,-0.00948056391350082
172.5,48.5340270996094,-0.012252116979707
173.75,48.5340270996094,-0.0146840385295155
175,48.5340270996094,-0.0160748459065772
176.25,48.5340270996094,-0.0155930546669296
177.5,48.5340270996094,-0.012670369852994
178.75,48.5340270996094,-0.00759345626848476
180,48.5340270996094,-0.000851609853815764
181.25,48.5340270996094,0.00669725191031609
182.5,48.5340270996094,0.0135639738562559
183.75,48.5340270996094,0.0178902632098929
185,48.5340270996094,0.0191632977023333
186.25,48.5340270996094,0.019475890244975
187.5,48.5340270996094,0.0202364667538513
188.75,48.5340270996094,0.0207887669368661
190,48.5340270996094,0.0209429848589261
191.25,48.5340270996094,0.0217112116919585
192.5,48.5340270996094,0.0237655019627493
193.75,48.5340270996094,0.0260685031867194
195,48.5340270996094,0.027157306862153
196.25,48.5340270996094,0.0282403916258938
197.5,48.5340270996094,0.0307387597096414
198.75,48.5340270996094,0.0323131204036417
200,48.5340270996094,0.0319628163181814
201.25,48.5340270996094,0.0306716796198943
202.5,48.5340270996094,0.0296090489734338
203.75,48.5340270996094,0.0287353911061123
205,48.5340270996094,0.0272488430573989
206.25,48.5340270996094,0.0253598743997995
207.5,48.5340270996094,0.0240113264714593
208.75,48.5340270996094,0.0232282958954137
210,48.5340270996094,0.0229531997044046
211.25,48.5340270996094,0.0220147997617699
212.5,48.5340270996094,0.0200400806396235
213.75,48.5340270996094,0.0182813344967701
215,48.5340270996094,0.0169738960965495
216.25,48.5340270996094,0.015948139343513
217.5,48.5340270996094,0.0152066835390423
218.75,48.5340270996094,0.014933158233519
220,48.5340270996094,0.015182700303071
221.25,48.5340270996094,0.0162595812119204
222.5,48.5340270996094,0.0178760358263472
223.75,48.5340270996094,0.019416649242797
225,48.5340270996094,0.0195885871225027
226.25,48.5340270996094,0.0173184210828739
227.5,48.5340270996094,0.013263345635392
228.75,48.5340270996094,0.00928745212130413
230,48.5340270996094,0.00724414683885986
231.25,48.5340270996094,0.0080867033623708
232.5,48.5340270996094,0.0102282135113345
233.75,48.5340270996094,0.0114135726690993
235,48.5340270996094,0.0105559161139181
236.25,48.5340270996094,0.00972873970877757
160,49.4764404296875,-0.00165671187688542
161.25,49.4764404296875,-0.000442784046008868
162.5,49.4764404296875,-0.00197828112520679
163.75,49.4764404296875,-0.0049035468852327
165,49.4764404296875,-0.00735599179661953
166.25,49.4764404296875,-0.00897957286127321
167.5,49.4764404296875,-0.0107234118155753
168.75,49.4764404296875,-0.0135936523028674
170,49.4764404296875,-0.0168289843990695
171.25,49.4764404296875,-0.0202384026489777
172.5,49.4764404296875,-0.0234349195599772
173.75,49.4764404296875,-0.0256497068258665
175,49.4764404296875,-0.0255732240475918
176.25,49.4764404296875,-0.0218960600738427
177.5,49.4764404296875,-0.0152406561438138
178.75,49.4764404296875,-0.00697665023689148
180,49.4764404296875,0.00154777808818403
181.25,49.4764404296875,0.00914904455478849
182.5,49.4764404296875,0.014278824707511
183.75,49.4764404296875,0.0167952779799622
185,49.4764404296875,0.0159927407443086
186.25,49.4764404296875,0.0136438536857068
187.5,49.4764404296875,0.0118751995226302
188.75,49.4764404296875,0.0117865508647173
190,49.4764404296875,0.0132506946210028
191.25,49.4764404296875,0.0157885698156456
192.5,49.4764404296875,0.0194621951673564
193.75,49.4764404296875,0.0230719693668249
195,49.4764404296875,0.0253820716704107
196.25,49.4764404296875,0.0273103693886862
197.5,49.4764404296875,0.0293745339053785
198.75,49.4764404296875,0.0303701060418818
200,49.4764404296875,0.0295885355881185
201.25,49.4764404296875,0.0284063545260293
202.5,49.4764404296875,0.0273082446676471
203.75,49.4764404296875,0.0264627409872954
205,49.4764404296875,0.0250922934597468
206.25,49.4764404296875,0.0233651042135048
207.5,49.4764404296875,0.022122023280682
208.75,49.4764404296875,0.0209961129230742
210,49.4764404296875,0.019436552597479
211.25,49.4764404296875,0.0170723082890086
212.5,49.4764404296875,0.013992776438117
213.75,49.4764404296875,0.0112910145679166
215,49.4764404296875,0.0100714115910973
216.25,49.4764404296875,0.0102842550564421
217.5,49.4764404296875,0.0112260302205187
218.75,49.4764404296875,0.0126339362175948
220,49.4764404296875,0.0142403914596154
221.25,49.4764404296875,0.0159773765456048
222.5,49.4764404296875,0.0175226618808322
223.75,49.4764404296875,0.0182483038472105
225,49.4764404296875,0.0171448794378727
226.25,49.4764404296875,0.0135740554009831
227.5,49.4764404296875,0.00853166609760849
228.75,49.4764404296875,0.00454774626454977
230,49.4764404296875,0.00372244103147134
231.25,49.4764404296875,0.00666329879842122
232.5,49.4764404296875,0.0111202496022279
233.75,49.4764404296875,0.0136752016232966
235,49.4764404296875,0.0143402613325338
160,50.4188537597656,-0.0063208268468463
161.25,50.4188537597656,-0.00603270269465073
162.5,50.4188537597656,-0.00736760239879451
163.75,50.4188537597656,-0.010043396406306
165,50.4188537597656,-0.0126753484128484
166.25,50.4188537597656,-0.0149461247368528
167.5,50.4188537597656,-0.0174602839694146
168.75,50.4188537597656,-0.0204001194130484
170,50.4188537597656,-0.0237631799734793
171.25,50.4188537597656,-0.0266338899058917
172.5,50.4188537597656,-0.0286763186910358
173.75,50.4188537597656,-0.0292765424704494
175,50.4188537597656,-0.0273142259026589
176.25,50.4188537597656,-0.0214937761434892
177.5,50.4188537597656,-0.0124679042420738
178.75,50.4188537597656,-0.00231018030468826
180,50.4188537597656,0.00636783365496738
181.25,50.4188537597656,0.0115588373899006
182.5,50.4188537597656,0.0132966370584742
183.75,50.4188537597656,0.0132731196849429
185,50.4188537597656,0.0118730142228017
186.25,50.4188537597656,0.00969354266957198
187.5,50.4188537597656,0.00812365486782363
188.75,50.4188537597656,0.00831297054996706
190,50.4188537597656,0.00993391362781448
191.25,50.4188537597656,0.012150325187376
192.5,50.4188537597656,0.014661654063004
193.75,50.4188537597656,0.0171144332666801
195,50.4188537597656,0.0191828867249121
196.25,50.4188537597656,0.0211190497602477
197.5,50.4188537597656,0.022408829504006
198.75,50.4188537597656,0.0226704275376705
200,50.4188537597656,0.0222529593005988
201.25,50.4188537597656,0.0217601642368538
202.5,50.4188537597656,0.0215495709427038
203.75,50.4188537597656,0.021151759192908
205,50.4188537597656,0.0201323976682225
206.25,50.4188537597656,0.0187137711129779
207.5,50.4188537597656,0.0175119239299127
208.75,50.4188537597656,0.015867805353934
210,50.4188537597656,0.0136278787399288
211.25,50.4188537597656,0.0107787662410402
212.5,50.4188537597656,0.00738976570342532
213.75,50.4188537597656,0.004621349496438
215,50.4188537597656,0.00303993526437959
216.25,50.4188537597656,0.00394821437192901
217.5,50.4188537597656,0.0068515079351429
218.75,50.4188537597656,0.00997213405647448
220,50.4188537597656,0.0125250037548335
221.25,50.4188537597656,0.014690520473487
222.5,50.4188537597656,0.015979631604481
223.75,50.4188537597656,0.015762950286599
225,50.4188537597656,0.0132891445746831
226.25,50.4188537597656,0.00885738948351615
227.5,50.4188537597656,0.00415310926288349
228.75,50.4188537597656,0.00150208819922071
230,50.4188537597656,0.00147006617722475
231.25,50.4188537597656,0.00401222140308217
232.5,50.4188537597656,0.0109937633615131
233.75,50.4188537597656,0.0143819727567601
160,51.3612518310547,-0.00987141076054341
161.25,51.3612518310547,-0.0100493642805931
162.5,51.3612518310547,-0.0106510371336155
163.75,51.3612518310547,-0.0130665866837101
165,51.3612518310547,-0.0160075432015555
166.25,51.3612518310547,-0.0180497356793821
167.5,51.3612518310547,-0.0196007472853712
168.75,51.3612518310547,-0.0218474415311329
170,51.3612518310547,-0.0246946162802208
171.25,51.3612518310547,-0.0264458256322195
172.5,51.3612518310547,-0.0268521219573854
173.75,51.3612518310547,-0.0257201841957548
175,51.3612518310547,-0.0224806606320943
176.25,51.3612518310547,-0.0162671518447851
177.5,51.3612518310547,-0.0074437562196928
178.75,51.3612518310547,0.00181407824391583
180,51.3612518310547,0.00972214540368703
181.25,51.3612518310547,0.0140657100446597
182.5,51.3612518310547,0.0153249774465211
183.75,51.3612518310547,0.0149188914773143
185,51.3612518310547,0.0133314300650048
186.25,51.3612518310547,0.0120878415710246
187.5,51.3612518310547,0.0104488430313565
188.75,51.3612518310547,0.0100067154697219
190,51.3612518310547,0.00999444479337295
191.25,51.3612518310547,0.0103105926076999
192.5,51.3612518310547,0.0108559992106977
193.75,51.3612518310547,0.0114851372040707
195,51.3612518310547,0.0122541389784725
196.25,51.3612518310547,0.0127795408448911
197.5,51.3612518310547,0.0130251405671608
198.75,51.3612518310547,0.0132292030546208
200,51.3612518310547,0.0135395654882536
201.25,51.3612518310547,0.0134897714136018
202.5,51.3612518310547,0.0134012176936917
203.75,51.3612518310547,0.0130664613817781
205,51.3612518310547,0.0128112419691962
206.25,51.3612518310547,0.012636872686724
207.5,51.3612518310547,0.0119340286050296
208.75,51.3612518310547,0.00987069287682171
210,51.3612518310547,0.00668762253011076
211.25,51.3612518310547,0.00310004138601403
212.5,51.3612518310547,0.000151130661318027
213.75,51.3612518310547,-0.00174440321181831
215,51.3612518310547,-0.00261242833038058
216.25,51.3612518310547,-0.0014375805801015
217.5,51.3612518310547,0.00175399514001296
218.75,51.3612518310547,0.00603919213471311
220,51.3612518310547,0.00964094307634973
221.25,51.3612518310547,0.0123457720093926
222.5,51.3612518310547,0.0133486843769201
223.75,51.3612518310547,0.0118911964633411
225,51.3612518310547,0.00855487358976631
226.25,51.3612518310547,0.00433983837942258
227.5,51.3612518310547,0.000855012620775136
228.75,51.3612518310547,-0.000858364886056797
230,51.3612518310547,-8.06553112382787e-05
231.25,51.3612518310547,0.00368973683774372
232.5,51.3612518310547,0.00408431450185323
160,52.3036651611328,-0.012256192562206
161.25,52.3036651611328,-0.0124788808468246
162.5,52.3036651611328,-0.0126113552998844
163.75,52.3036651611328,-0.0142420250125163
165,52.3036651611328,-0.0168833805979869
166.25,52.3036651611328,-0.0191180892721387
167.5,52.3036651611328,-0.0207891153512586
168.75,52.3036651611328,-0.0220529974595237
170,52.3036651611328,-0.0234636287443577
171.25,52.3036651611328,-0.0233647459941424
172.5,52.3036651611328,-0.021357286310426
173.75,52.3036651611328,-0.0181253611027318
175,52.3036651611328,-0.0134157490551386
176.25,52.3036651611328,-0.00547420644639928
177.5,52.3036651611328,0.00413011372583112
178.75,52.3036651611328,0.012539387243636
180,52.3036651611328,0.0192919069290013
181.25,52.3036651611328,0.0231883571325338
182.5,52.3036651611328,0.0238974610740146
183.75,52.3036651611328,0.0220942765972821
185,52.3036651611328,0.0205130735235456
186.25,52.3036651611328,0.0193996982498517
187.5,52.3036651611328,0.0166207165259579
188.75,52.3036651611328,0.0162876640866107
190,52.3036651611328,0.013800704323701
191.25,52.3036651611328,0.0113114383863493
192.5,52.3036651611328,0.00881814403032932
193.75,52.3036651611328,0.00807255511684452
195,52.3036651611328,0.00783076288910694
196.25,52.3036651611328,0.00784019219291489
197.5,52.3036651611328,0.00716666322001073
198.75,52.3036651611328,0.00625241230305379
200,52.3036651611328,0.00575311452448289
201.25,52.3036651611328,0.005674333776019
202.5,52.3036651611328,0.00592502247988338
203.75,52.3036651611328,0.00606871765707674
205,52.3036651611328,0.00580220649445136
206.25,52.3036651611328,0.00540315947261122
207.5,52.3036651611328,0.00465662464180657
208.75,52.3036651611328,0.00288572544429095
210,52.3036651611328,-0.000285174942637543
211.25,52.3036651611328,-0.0041432695214437
212.5,52.3036651611328,-0.00740445429131161
213.75,52.3036651611328,-0.00920823765769424
215,52.3036651611328,-0.00878997824299516
216.25,52.3036651611328,-0.00641577720956201
217.5,52.3036651611328,-0.00274225441694222
218.75,52.3036651611328,0.00159268304540267
220,52.3036651611328,0.00567666268250612
221.25,52.3036651611328,0.00902606120687155
222.5,52.3036651611328,0.00995131355739571
223.75,52.3036651611328,0.00788345434891261
225,52.3036651611328,0.00421346563458762
226.25,52.3036651611328,0.000473773127371267
227.5,52.3036651611328,-0.00280386935100288
228.75,52.3036651611328,-0.00530383591711164
230,52.3036651611328,-0.00286011419794793
231.25,52.3036651611328,0.00188460694960313
232.5,52.3036651611328,0.00397299051943927
160,53.2460784912109,-0.0151645822092769
161.25,53.2460784912109,-0.0155667339016831
162.5,53.2460784912109,-0.0138082557600035
163.75,53.2460784912109,-0.0141834476932452
165,53.2460784912109,-0.0163152629303858
166.25,53.2460784912109,-0.018500520227652
167.5,53.2460784912109,-0.0203418622150113
168.75,53.2460784912109,-0.0214599144085241
170,53.2460784912109,-0.021491026070942
171.25,53.2460784912109,-0.0194641888495771
172.5,53.2460784912109,-0.0147943117251189
173.75,53.2460784912109,-0.00772393680425901
175,53.2460784912109,0.00100779424730274
176.25,53.2460784912109,0.0106920739029962
177.5,53.2460784912109,0.0200244802653686
178.75,53.2460784912109,0.0273492238334653
180,53.2460784912109,0.0324849424391753
181.25,53.2460784912109,0.0347254513394729
182.5,53.2460784912109,0.0351370882166866
183.75,53.2460784912109,0.0352657153203626
185,53.2460784912109,0.0355494095332394
186.25,53.2460784912109,0.0345420191198232
187.5,53.2460784912109,0.0317575828378794
188.75,53.2460784912109,0.0284473920828596
190,53.2460784912109,0.023230875205328
191.25,53.2460784912109,0.0175915072963451
192.5,53.2460784912109,0.00923262231889827
193.75,53.2460784912109,0.00783151482235176
195,53.2460784912109,0.00530749631765281
196.25,53.2460784912109,0.00394104679213342
197.5,53.2460784912109,0.00232276126174988
198.75,53.2460784912109,0.00071140891742277
200,53.2460784912109,-0.000739554719476579
201.25,53.2460784912109,-0.00210105448163871
202.5,53.2460784912109,-0.00301611244162066
203.75,53.2460784912109,-0.00309377778785381
205,53.2460784912109,-0.00307089884552004
206.25,53.2460784912109,-0.0029801223901849
207.5,53.2460784912109,-0.00319565295681379
208.75,53.2460784912109,-0.00452291337152217
210,53.2460784912109,-0.00749856034361341
211.25,53.2460784912109,-0.0108110576927821
212.5,53.2460784912109,-0.0134092350053667
213.75,53.2460784912109,-0.0146396422643413
215,53.2460784912109,-0.0142766956675042
216.25,53.2460784912109,-0.0117707698122804
217.5,53.2460784912109,-0.0074421070774605
218.75,53.2460784912109,-0.00261192012042059
220,53.2460784912109,0.00166875242062429
221.25,53.2460784912109,0.00453898196663293
222.5,53.2460784912109,0.00534915983403447
223.75,53.2460784912109,0.00403085104429183
225,53.2460784912109,0.000829554584747863
226.25,53.2460784912109,-0.00289570935354279
227.5,53.2460784912109,-0.00832469641189252
228.75,53.2460784912109,-0.0160589591091735
230,53.2460784912109,-0.0157863659199787
231.25,53.2460784912109,0.000637647923321883
160,54.1884765625,-0.0194921812254235
161.25,54.1884765625,-0.0181149490199861
162.5,54.1884765625,-0.0140628086633353
163.75,54.1884765625,-0.0114512384491601
165,54.1884765625,-0.0127867804964278
166.25,54.1884765625,-0.0155527910595189
167.5,54.1884765625,-0.0177108941262456
168.75,54.1884765625,-0.0183542758092903
170,54.1884765625,-0.0167723060061635
171.25,54.1884765625,-0.0128218382010688
172.5,54.1884765625,-0.00692816946740393
173.75,54.1884765625,0.00145005334260464
175,54.1884765625,0.0116824723815211
176.25,54.1884765625,0.0228319588070281
177.5,54.1884765625,0.0326466048094796
178.75,54.1884765625,0.0397046906486634
180,54.1884765625,0.0439373111233444
181.25,54.1884765625,0.0456592217426794
182.5,54.1884765625,0.0462023998644609
183.75,54.1884765625,0.046835930052855
185,54.1884765625,0.0469622003250539
186.25,54.1884765625,0.0453691962688894
187.5,54.1884765625,0.0422172372617232
188.75,54.1884765625,0.0383657888041438
190,54.1884765625,0.0336692467121172
191.25,54.1884765625,0.0277178319658119
192.5,54.1884765625,0.0201743662939829
193.75,54.1884765625,0.0125205974414427
195,54.1884765625,0.00679688528255173
196.25,54.1884765625,0.00441990705628888
197.5,54.1884765625,0.00142536586047557
198.75,54.1884765625,-0.00172043048103703
200,54.1884765625,-0.00465730279154845
201.25,54.1884765625,-0.00712898699302669
202.5,54.1884765625,-0.00833704283301181
203.75,54.1884765625,-0.00865117122131692
205,54.1884765625,-0.00946050122299935
206.25,54.1884765625,-0.0103795600521902
207.5,54.1884765625,-0.0107888211086813
208.75,54.1884765625,-0.0111693754379167
210,54.1884765625,-0.012719873944048
211.25,54.1884765625,-0.0149417456723685
212.5,54.1884765625,-0.0169360054873845
213.75,54.1884765625,-0.0178528978874127
215,54.1884765625,-0.017494611758878
216.25,54.1884765625,-0.0151783553399113
217.5,54.1884765625,-0.011360864240667
218.75,54.1884765625,-0.00680176149062296
220,54.1884765625,-0.00256419163922715
221.25,54.1884765625,4.13385770501622e-05
222.5,54.1884765625,0.000404180649560716
223.75,54.1884765625,-0.00119927495057658
225,54.1884765625,-0.00374392994360187
226.25,54.1884765625,-0.00697766627002591
227.5,54.1884765625,-0.0125981895328489
228.75,54.1884765625,-0.026905589572722
230,54.1884765625,-0.0304148213086059
161.25,55.1308898925781,-0.0157276074186165
162.5,55.1308898925781,-0.0138619395646229
163.75,55.1308898925781,-0.0091257519975737
165,55.1308898925781,-0.007449180746324
166.25,55.1308898925781,-0.00977976899477249
167.5,55.1308898925781,-0.0123222393837467
168.75,55.1308898925781,-0.0124356521731622
170,55.1308898925781,-0.00901080651501561
171.25,55.1308898925781,-0.0029938477617225
172.5,55.1308898925781,0.00465939332223827
173.75,55.1308898925781,0.013950810644399
175,55.1308898925781,0.0239930276656682
176.25,55.1308898925781,0.0335093078810715
177.5,55.1308898925781,0.041370927340394
178.75,55.1308898925781,0.0462092971949003
180,55.1308898925781,0.0487669637520738
181.25,55.1308898925781,0.0504737028451979
182.5,55.1308898925781,0.0518017421192164
183.75,55.1308898925781,0.0523857638676275
185,55.1308898925781,0.0515753967139681
186.25,55.1308898925781,0.0489877061031316
187.5,55.1308898925781,0.0451178706498535
188.75,55.1308898925781,0.0409911436434155
190,55.1308898925781,0.0364881106810613
191.25,55.1308898925781,0.030894517434201
192.5,55.1308898925781,0.0240473834961396
193.75,55.1308898925781,0.0160046972882535
195,55.1308898925781,0.00894613995668596
196.25,55.1308898925781,0.00412673596456921
197.5,55.1308898925781,0.00187989736890939
198.75,55.1308898925781,-0.00318814039907393
200,55.1308898925781,-0.0064620726173725
201.25,55.1308898925781,-0.0106113873467248
202.5,55.1308898925781,-0.0128573633153238
203.75,55.1308898925781,-0.0125374384412262
205,55.1308898925781,-0.0129050776928856
206.25,55.1308898925781,-0.0139394140496955
207.5,55.1308898925781,-0.0147986745918804
208.75,55.1308898925781,-0.0154932687138512
210,55.1308898925781,-0.0160547335444271
211.25,55.1308898925781,-0.0167834595027698
212.5,55.1308898925781,-0.0176550243385307
213.75,55.1308898925781,-0.0183457718579931
215,55.1308898925781,-0.0185016159816625
216.25,55.1308898925781,-0.0170511154676425
217.5,55.1308898925781,-0.0138286136456336
218.75,55.1308898925781,-0.00990838337863147
220,55.1308898925781,-0.00646091779018978
221.25,55.1308898925781,-0.00437449438152165
222.5,55.1308898925781,-0.00425484485523085
223.75,55.1308898925781,-0.00585833059289922
225,55.1308898925781,-0.00844959195433088
226.25,55.1308898925781,-0.0157481232482229
227.5,55.1308898925781,-0.027172951679456
228.75,55.1308898925781,-0.0315208854054207
230,55.1308898925781,-0.0304148139666349
161.25,56.0733032226562,-0.0157018064456891
162.5,56.0733032226562,-0.0119054474216444
163.75,56.0733032226562,-0.00771678369069199
165,56.0733032226562,-0.00319040499959831
166.25,56.0733032226562,-0.00218165394480189
167.5,56.0733032226562,-0.00260267849826777
168.75,56.0733032226562,-0.000785474127022668
170,56.0733032226562,0.00390294397205823
171.25,56.0733032226562,0.0104879791137987
172.5,56.0733032226562,0.017885836426532
173.75,56.0733032226562,0.0250952000164413
175,56.0733032226562,0.031914643397546
176.25,56.0733032226562,0.0383926154972601
177.5,56.0733032226562,0.0437277893220089
178.75,56.0733032226562,0.047219696151964
180,56.0733032226562,0.0493933939345667
181.25,56.0733032226562,0.0514420100269526
182.5,56.0733032226562,0.0527127433314689
183.75,56.0733032226562,0.0525133010269972
185,56.0733032226562,0.0504103695498969
186.25,56.0733032226562,0.0467558652547337
187.5,56.0733032226562,0.0419798577619437
188.75,56.0733032226562,0.0372409194550671
190,56.0733032226562,0.0325521791167774
191.25,56.0733032226562,0.0270707622562071
192.5,56.0733032226562,0.0204270196012141
193.75,56.0733032226562,0.0132720738130004
195,56.0733032226562,0.0066485817590288
196.25,56.0733032226562,0.00141962607543556
197.5,56.0733032226562,-0.00201943357084501
198.75,56.0733032226562,-0.00544430344626626
200,56.0733032226562,-0.00853568221097558
201.25,56.0733032226562,-0.0165008266792942
202.5,56.0733032226562,-0.0182569079257595
203.75,56.0733032226562,-0.0178625439301982
205,56.0733032226562,-0.0165390035151137
206.25,56.0733032226562,-0.0161177350858222
207.5,56.0733032226562,-0.0159288090547922
208.75,56.0733032226562,-0.0158261748992849
210,56.0733032226562,-0.0159236094144526
211.25,56.0733032226562,-0.0164032580168389
212.5,56.0733032226562,-0.0171342138205867
213.75,56.0733032226562,-0.0177607759499555
215,56.0733032226562,-0.0179999408344744
216.25,56.0733032226562,-0.0172028806244107
217.5,56.0733032226562,-0.0150893848013562
218.75,56.0733032226562,-0.0122935418063507
220,56.0733032226562,-0.00974956794245509
221.25,56.0733032226562,-0.00867174815698982
222.5,56.0733032226562,-0.00848823392117473
223.75,56.0733032226562,-0.00871497685844376
225,56.0733032226562,-0.00901696377907727
226.25,56.0733032226562,-0.00926632122403946
227.5,56.0733032226562,-0.0274723412399291
162.5,57.0157012939453,-0.00821050762393353
163.75,57.0157012939453,-0.00647060907887614
165,57.0157012939453,0.000467359326747482
166.25,57.0157012939453,0.00519135880868325
167.5,57.0157012939453,0.00732721500159256
168.75,57.0157012939453,0.0106309567440888
170,57.0157012939453,0.0162672767525674
171.25,57.0157012939453,0.0229605130885034
172.5,57.0157012939453,0.0287174482362046
173.75,57.0157012939453,0.0328689438777733
175,57.0157012939453,0.0358887311548888
176.25,57.0157012939453,0.0388461160514574
177.5,57.0157012939453,0.0419058923290057
178.75,57.0157012939453,0.0447462209764822
180,57.0157012939453,0.0472020531422738
181.25,57.0157012939453,0.0494039439432881
182.5,57.0157012939453,0.0504266471387885
183.75,57.0157012939453,0.0495870535370293
185,57.0157012939453,0.0467109625281511
186.25,57.0157012939453,0.0424133311352311
187.5,57.0157012939453,0.0371575018172227
188.75,57.0157012939453,0.0314335289118841
190,57.0157012939453,0.0239592829590182
191.25,57.0157012939453,0.0182704367951981
192.5,57.0157012939453,0.0119970286831208
193.75,57.0157012939453,0.00531657649621656
195,57.0157012939453,0.0010507034517913
196.25,57.0157012939453,-0.00222969498803493
197.5,57.0157012939453,-0.00533791880890307
198.75,57.0157012939453,-0.00916735231947297
200,57.0157012939453,-0.0133838264843833
201.25,57.0157012939453,-0.01694263429703
202.5,57.0157012939453,-0.023273513446033
203.75,57.0157012939453,-0.0231148422199958
205,57.0157012939453,-0.0216033608695966
206.25,57.0157012939453,-0.0194082781966688
207.5,57.0157012939453,-0.0164729015028362
208.75,57.0157012939453,-0.0158910754630689
210,57.0157012939453,-0.0149502561161447
211.25,57.0157012939453,-0.0144875723733231
212.5,57.0157012939453,-0.0148467878990302
213.75,57.0157012939453,-0.0158233128485096
215,57.0157012939453,-0.0165571463603305
216.25,57.0157012939453,-0.0161591317711998
217.5,57.0157012939453,-0.0145399649264032
218.75,57.0157012939453,-0.01262482613491
220,57.0157012939453,-0.0114004095990107
221.25,57.0157012939453,-0.0107665024686962
222.5,57.0157012939453,-0.00968287956460589
223.75,57.0157012939453,-0.00821589458393468
225,57.0157012939453,-0.0081766349098802
226.25,57.0157012939453,-0.00917472090895045
162.5,57.9581146240234,-0.008409722363511
163.75,57.9581146240234,-0.00735049414097988
165,57.9581146240234,0.0015331712387319
166.25,57.9581146240234,0.0101761568680371
167.5,57.9581146240234,0.0159788761967006
168.75,57.9581146240234,0.020888737270277
170,57.9581146240234,0.0254200554748207
171.25,57.9581146240234,0.0289443609165028
172.5,57.9581146240234,0.0312970947481029
173.75,57.9581146240234,0.0328011681170999
175,57.9581146240234,0.0341701625151523
176.25,57.9581146240234,0.0360476600768568
177.5,57.9581146240234,0.0383404007144293
178.75,57.9581146240234,0.0408007048971893
180,57.9581146240234,0.0431543810666204
181.25,57.9581146240234,0.0450509302590364
182.5,57.9581146240234,0.0457466016766948
183.75,57.9581146240234,0.0446099248160684
185,57.9581146240234,0.0419528837012764
186.25,57.9581146240234,0.0375142699312732
187.5,57.9581146240234,0.0305102646052421
188.75,57.9581146240234,0.0210501177132371
190,57.9581146240234,0.0119414652455947
191.25,57.9581146240234,0.00687452530187475
192.5,57.9581146240234,0.00219941595271649
193.75,57.9581146240234,-0.00261392894802022
195,57.9581146240234,-0.00607658894225871
196.25,57.9581146240234,-0.00776786762770087
197.5,57.9581146240234,-0.0108483494627358
198.75,57.9581146240234,-0.0144094909484948
200,57.9581146240234,-0.0177593968172514
201.25,57.9581146240234,-0.019742210884264
202.5,57.9581146240234,-0.0211048791014743
203.75,57.9581146240234,-0.0245001674650837
206.25,57.9581146240234,-0.0197463029989373
207.5,57.9581146240234,-0.0182587671860895
208.75,57.9581146240234,-0.0163015230735761
210,57.9581146240234,-0.013618050694639
211.25,57.9581146240234,-0.0118125320332527
212.5,57.9581146240234,-0.0112176351233146
213.75,57.9581146240234,-0.011613136010982
215,57.9581146240234,-0.0122035156076857
216.25,57.9581146240234,-0.0122580819273295
217.5,57.9581146240234,-0.0114142618244951
218.75,57.9581146240234,-0.00999109512468896
220,57.9581146240234,-0.00931938887313244
221.25,57.9581146240234,-0.00865839093152893
222.5,57.9581146240234,-0.00719805072353476
223.75,57.9581146240234,-0.00612947137351222
225,57.9581146240234,-0.00700699636646571
160,58.9005279541016,-0.0286550201328737
161.25,58.9005279541016,-0.028294909071728
162.5,58.9005279541016,-0.0104370171136514
163.75,58.9005279541016,-0.0108238936363431
165,58.9005279541016,-0.00181574288082623
166.25,58.9005279541016,0.00792875690193582
167.5,58.9005279541016,0.0149276523374618
168.75,58.9005279541016,0.0196416060686683
170,58.9005279541016,0.0225007727392071
171.25,58.9005279541016,0.0234610347055474
172.5,58.9005279541016,0.024128887829875
173.75,58.9005279541016,0.0251507453852922
175,58.9005279541016,0.0269062212572248
176.25,58.9005279541016,0.0294119242969387
177.5,58.9005279541016,0.0324265724680935
178.75,58.9005279541016,0.0353851992678908
180,58.9005279541016,0.0381018147539074
181.25,58.9005279541016,0.0399163732251021
182.5,58.9005279541016,0.0396596518115813
183.75,58.9005279541016,0.0375635456210513
185,58.9005279541016,0.0341321847033936
186.25,58.9005279541016,0.029541600314714
187.5,58.9005279541016,0.0225714498552813
188.75,58.9005279541016,0.014261678271821
190,58.9005279541016,0.00694573009986162
191.25,58.9005279541016,0.00117587920065273
192.5,58.9005279541016,-0.00357434399225969
193.75,58.9005279541016,-0.00768659082937836
195,58.9005279541016,-0.0100134282383703
196.25,58.9005279541016,-0.0103294705993503
197.5,58.9005279541016,-0.0113334103955438
198.75,58.9005279541016,-0.0155891798560481
200,58.9005279541016,-0.0189695113450609
201.25,58.9005279541016,-0.0205447336309228
202.5,58.9005279541016,-0.0217809221253918
206.25,58.9005279541016,-0.0180650695325018
207.5,58.9005279541016,-0.0176226128381389
208.75,58.9005279541016,-0.0160980578104999
210,58.9005279541016,-0.0135953873855724
211.25,58.9005279541016,-0.0105544583790175
212.5,58.9005279541016,-0.00810305536918986
213.75,58.9005279541016,-0.00683439018116191
215,58.9005279541016,-0.00657218215815591
216.25,58.9005279541016,-0.00584764643749976
217.5,58.9005279541016,-0.00474628934844534
218.75,58.9005279541016,-0.0041966504326419
220,58.9005279541016,-0.00383463359566919
221.25,58.9005279541016,-0.00425095715135731
222.5,58.9005279541016,-0.00510739413792155
160,59.8429260253906,-0.02416193056194
161.25,59.8429260253906,-0.0133643318981504
162.5,59.8429260253906,-0.0107218315172675
163.75,59.8429260253906,-0.0124958217356537
165,59.8429260253906,-0.00451331955054419
166.25,59.8429260253906,0.00222993120592844
167.5,59.8429260253906,0.00754595104010905
168.75,59.8429260253906,0.0116049415074203
170,59.8429260253906,0.0164860121445014
171.25,59.8429260253906,0.0153098245005331
172.5,59.8429260253906,0.0147804121860637
173.75,59.8429260253906,0.0152123376880215
175,59.8429260253906,0.0172666756768297
176.25,59.8429260253906,0.020605921808598
177.5,59.8429260253906,0.0242177708359506
178.75,59.8429260253906,0.0275074127514422
180,59.8429260253906,0.029787431956457
181.25,59.8429260253906,0.0306024375954267
182.5,59.8429260253906,0.0298960414828596
183.75,59.8429260253906,0.0276924085524497
185,59.8429260253906,0.0242236978421289
186.25,59.8429260253906,0.0198831567876032
187.5,59.8429260253906,0.0146359525434445
188.75,59.8429260253906,0.00897008810658361
190,59.8429260253906,0.00352762568644204
191.25,59.8429260253906,-0.000553456199342564
192.5,59.8429260253906,-0.00392463105937161
193.75,59.8429260253906,-0.00678851035247833
195,59.8429260253906,-0.00793841370046857
196.25,59.8429260253906,-0.00791699188140583
197.5,59.8429260253906,-0.00771035749867763
198.75,59.8429260253906,-0.00776132678181449
206.25,59.8429260253906,-0.0178033378578937
207.5,59.8429260253906,-0.0176800373100077
208.75,59.8429260253906,-0.0161054909757541
210,59.8429260253906,-0.0150556025232283
211.25,59.8429260253906,-0.0115260682974738
212.5,59.8429260253906,-0.0121911710900914
213.75,59.8429260253906,-0.00660962204457958
215,59.8429260253906,-0.00291124724754297
216.25,59.8429260253906,-0.00169102166724698
217.5,59.8429260253906,-0.00112036025077719
218.75,59.8429260253906,-0.00107857627011701
220,59.8429260253906,-0.00155039325523555
221.25,59.8429260253906,-0.00198215332570569
160,60.7853393554688,-0.0139128081814617
161.25,60.7853393554688,-0.0105229588373369
162.5,60.7853393554688,-0.00970459502504529
167.5,60.7853393554688,0.00406406055894292
168.75,60.7853393554688,0.00625376330177697
170,60.7853393554688,0.00651014865646306
171.25,60.7853393554688,0.0137021101872889
172.5,60.7853393554688,0.010370264275219
173.75,60.7853393554688,0.00837780129355025
175,60.7853393554688,0.00816676126409439
176.25,60.7853393554688,0.00996873841936283
177.5,60.7853393554688,0.0134387769022463
178.75,60.7853393554688,0.0172014969868266
180,60.7853393554688,0.019650687780993
181.25,60.7853393554688,0.0199654602631855
182.5,60.7853393554688,0.0188941264815521
183.75,60.7853393554688,0.0160355738484026
185,60.7853393554688,0.0118178657645942
186.25,60.7853393554688,0.00836614992693442
187.5,60.7853393554688,0.00520258966802754
188.75,60.7853393554688,0.00409262568746001
190,60.7853393554688,0.0018612506967558
191.25,60.7853393554688,-0.000392239995886484
192.5,60.7853393554688,-0.00211352933110399
193.75,60.7853393554688,-0.00279662434573749
195,60.7853393554688,-0.00245878215541598
212.5,60.7853393554688,-0.0169560532577446
213.75,60.7853393554688,-0.0102854702112195
215,60.7853393554688,-0.00381975332156715
216.25,60.7853393554688,-0.00164067365299438
160,61.7277526855469,-0.0126161303879434
173.75,61.7277526855469,0.00568450301551579
175,61.7277526855469,0.00462588730733695
176.25,61.7277526855469,0.00490549057517762
177.5,61.7277526855469,0.00474256296311778
178.75,61.7277526855469,0.00547651411867207
180,61.7277526855469,0.00635657873727647
181.25,61.7277526855469,0.005542215293985
182.5,61.7277526855469,0.00461576441165741
183.75,61.7277526855469,0.0029008137777971
185,61.7277526855469,0.000336980762069367
186.25,61.7277526855469,-0.0002409038822342
187.5,61.7277526855469,0.00015143915992649
188.75,61.7277526855469,0.000891137356107653
190,61.7277526855469,0.0013070000535669
191.25,61.7277526855469,-0.000161135628524616
192.5,61.7277526855469,-0.0018417593344416
193.75,61.7277526855469,-0.00126224224640678
195,61.7277526855469,-0.00121105070730858
175,62.6701507568359,0.00392322948150533
176.25,62.6701507568359,0.00398838403350078
177.5,62.6701507568359,0.00416143176188209
178.75,62.6701507568359,-0.000241266686761074
180,62.6701507568359,-0.00215902122772344
181.25,62.6701507568359,-0.00393477926797468
182.5,62.6701507568359,-0.00471455156163882
183.75,62.6701507568359,-0.00515168439913233
185,62.6701507568359,-0.00414512419410543
186.25,62.6701507568359,-0.00157935258144141
187.5,62.6701507568359,0.000948560730594279
188.75,62.6701507568359,0.00330127294890493
190,62.6701507568359,0.00449198338975339
191.25,62.6701507568359,0.00277206558646597
192.5,62.6701507568359,0.000612422630044214
193.75,62.6701507568359,0.000436354558663775
195,62.6701507568359,0.00039847720048629
196.25,62.6701507568359,0.000226772978690163
197.5,62.6701507568359,0.000226771674771644
178.75,63.6125640869141,0.0133584780817212
180,63.6125640869141,0.0102390980200304
181.25,63.6125640869141,0.000932025113037524
182.5,63.6125640869141,-0.00189969371904695
183.75,63.6125640869141,-0.000984161673841137
185,63.6125640869141,0.000730297287900882
186.25,63.6125640869141,0.00199458310731867
187.5,63.6125640869141,0.00345104829526316
188.75,63.6125640869141,0.005396500748261
190,63.6125640869141,0.00647771959075416
191.25,63.6125640869141,0.00401779239469962
192.5,63.6125640869141,0.00128023028482368
193.75,63.6125640869141,0.000541484966572942
195,63.6125640869141,0.00130158075916194
196.25,63.6125640869141,0.00121721664318206
197.5,63.6125640869141,0.00043731964854132
178.75,64.5549774169922,0.0234607142678562
180,64.5549774169922,0.0240254999995151
181.25,64.5549774169922,0.0164918073364502
182.5,64.5549774169922,0.0100725836028975
183.75,64.5549774169922,0.0113656023381495
185,64.5549774169922,0.0100020785946587
186.25,64.5549774169922,0.00802788483970733
187.5,64.5549774169922,0.00625822039572307
188.75,64.5549774169922,0.00685666369497799
190,64.5549774169922,0.00739328806754178
191.25,64.5549774169922,0.00621826422795814
192.5,64.5549774169922,0.00449910811468232
193.75,64.5549774169922,0.00393419072539044
195,64.5549774169922,0.0039793727183222
196.25,64.5549774169922,0.00219596491652284
197.5,64.5549774169922,0.000753037477040081
180,65.4973907470703,0.0257328143678886
181.25,65.4973907470703,0.024116629148503
182.5,65.4973907470703,0.0222772136891115
183.75,65.4973907470703,0.0203059250426569
185,65.4973907470703,0.0200039927940473
188.75,65.4973907470703,0.00683123760888601
190,65.4973907470703,0.00773021716026257
191.25,65.4973907470703,0.00774381363037287
192.5,65.4973907470703,0.007517787463939
193.75,65.4973907470703,0.00766396968749307
