"lon","lat","beta"
160,20.2617797851562,-0.0144230564131587
161.25,20.2617797851562,-0.0101710491512272
162.5,20.2617797851562,-0.00623715476480612
163.75,20.2617797851562,-0.00347845133557325
165,20.2617797851562,-0.00121778078781325
166.25,20.2617797851562,0.000708986210442003
167.5,20.2617797851562,0.00193974165182669
168.75,20.2617797851562,0.00290263554397764
170,20.2617797851562,0.00268336790504965
171.25,20.2617797851562,0.00193115878208955
172.5,20.2617797851562,0.000831483235420028
173.75,20.2617797851562,-0.000864779620846407
175,20.2617797851562,-0.00298960746999682
176.25,20.2617797851562,-0.00462464989559463
177.5,20.2617797851562,-0.00541119889606946
178.75,20.2617797851562,-0.00621386687653431
180,20.2617797851562,-0.00721274053759981
181.25,20.2617797851562,-0.00800381076833472
182.5,20.2617797851562,-0.00858915677159547
183.75,20.2617797851562,-0.00785065915040169
185,20.2617797851562,-0.00633798811666274
186.25,20.2617797851562,-0.0044736281170087
187.5,20.2617797851562,-0.00191690751119572
188.75,20.2617797851562,0.000948055663775799
190,20.2617797851562,0.00314508751621162
191.25,20.2617797851562,0.00423807254603033
192.5,20.2617797851562,0.00484170986189511
193.75,20.2617797851562,0.00497412283758667
195,20.2617797851562,0.0052728404383777
196.25,20.2617797851562,0.00611666032534894
197.5,20.2617797851562,0.0074699698508928
198.75,20.2617797851562,0.00879138254847671
200,20.2617797851562,0.00956639258321873
201.25,20.2617797851562,0.0100155367891772
202.5,20.2617797851562,0.0119577534604046
203.75,20.2617797851562,0.0153524007725584
205,20.2617797851562,0.0180780227362981
206.25,20.2617797851562,0.0224241968255596
207.5,20.2617797851562,0.0252227343817354
208.75,20.2617797851562,0.0261441063819649
210,20.2617797851562,0.0258022573168208
211.25,20.2617797851562,0.0242311667925972
212.5,20.2617797851562,0.0220229979726279
213.75,20.2617797851562,0.0199653066710064
215,20.2617797851562,0.0186630379749759
216.25,20.2617797851562,0.0173304905398539
217.5,20.2617797851562,0.015498308687694
218.75,20.2617797851562,0.0138853712346229
220,20.2617797851562,0.0127160908662055
221.25,20.2617797851562,0.0119399148346071
222.5,20.2617797851562,0.0116876996702863
223.75,20.2617797851562,0.0117661681526499
225,20.2617797851562,0.0114409539904047
226.25,20.2617797851562,0.0101217186030029
227.5,20.2617797851562,0.0081322620393175
228.75,20.2617797851562,0.00517207989586776
230,20.2617797851562,0.00155372785500579
231.25,20.2617797851562,-0.0021594876483377
232.5,20.2617797851562,-0.00524092672875556
233.75,20.2617797851562,-0.00665705928120735
235,20.2617797851562,-0.00694519856546652
236.25,20.2617797851562,-0.00649771935878165
237.5,20.2617797851562,-0.00719444115685714
238.75,20.2617797851562,-0.00915593757575297
240,20.2617797851562,-0.0109497134998754
241.25,20.2617797851562,-0.0109554457499576
242.5,20.2617797851562,-0.0093027149374433
243.75,20.2617797851562,-0.00777473606269864
245,20.2617797851562,-0.0078379794796788
246.25,20.2617797851562,-0.00641706164001039
247.5,20.2617797851562,-0.00180657509684863
248.75,20.2617797851562,0.00661209362407118
250,20.2617797851562,0.0109688702747947
160,21.2041854858398,-0.0246764111941725
161.25,21.2041854858398,-0.020767066711548
162.5,21.2041854858398,-0.0165316074100876
163.75,21.2041854858398,-0.0127670607265763
165,21.2041854858398,-0.00938159827141837
166.25,21.2041854858398,-0.00646277407121435
167.5,21.2041854858398,-0.00442927672543737
168.75,21.2041854858398,-0.00271433786510384
170,21.2041854858398,-0.00158921451162092
171.25,21.2041854858398,-0.000982461251255578
172.5,21.2041854858398,-0.00116228604044995
173.75,21.2041854858398,-0.0021953853058001
175,21.2041854858398,-0.00344259079718933
176.25,21.2041854858398,-0.00456675269695574
177.5,21.2041854858398,-0.00562600229907802
178.75,21.2041854858398,-0.00703230251823003
180,21.2041854858398,-0.00864701771673822
181.25,21.2041854858398,-0.0101629310895524
182.5,21.2041854858398,-0.0104991681997484
183.75,21.2041854858398,-0.00951151520906522
185,21.2041854858398,-0.00728422280953913
186.25,21.2041854858398,-0.00430928594348326
187.5,21.2041854858398,-0.000537004883428027
188.75,21.2041854858398,0.00332434220845624
190,21.2041854858398,0.00633955602251586
191.25,21.2041854858398,0.00707414947169194
192.5,21.2041854858398,0.00709907015857484
193.75,21.2041854858398,0.00678917452881518
195,21.2041854858398,0.00666411705709821
196.25,21.2041854858398,0.00734872673053693
197.5,21.2041854858398,0.00862309475500676
198.75,21.2041854858398,0.0095415436985304
200,21.2041854858398,0.00971318710313601
201.25,21.2041854858398,0.00979565067985546
202.5,21.2041854858398,0.0113909590509475
203.75,21.2041854858398,0.0153216086856404
205,21.2041854858398,0.0180536022181874
206.25,21.2041854858398,0.0209760369132971
207.5,21.2041854858398,0.0231189062023934
208.75,21.2041854858398,0.0240366910302266
210,21.2041854858398,0.023770767399466
211.25,21.2041854858398,0.0223388924286272
212.5,21.2041854858398,0.0206166789571633
213.75,21.2041854858398,0.0188613687034124
215,21.2041854858398,0.0176868767409546
216.25,21.2041854858398,0.0161066122414332
217.5,21.2041854858398,0.014250049682889
218.75,21.2041854858398,0.0127044869428093
220,21.2041854858398,0.0116293026837214
221.25,21.2041854858398,0.0111093395359394
222.5,21.2041854858398,0.0113214249972366
223.75,21.2041854858398,0.0115618144055591
225,21.2041854858398,0.0115226254811551
226.25,21.2041854858398,0.00995485378868901
227.5,21.2041854858398,0.00786501596463256
228.75,21.2041854858398,0.0047628058582298
230,21.2041854858398,0.00108536590268712
231.25,21.2041854858398,-0.00280362163816863
232.5,21.2041854858398,-0.00580614427061993
233.75,21.2041854858398,-0.00702633882795733
235,21.2041854858398,-0.00691255986473145
236.25,21.2041854858398,-0.00629204774369764
237.5,21.2041854858398,-0.00644225984641286
238.75,21.2041854858398,-0.00827070694088962
240,21.2041854858398,-0.0100208428144572
241.25,21.2041854858398,-0.0100285590360861
242.5,21.2041854858398,-0.00798998282806674
243.75,21.2041854858398,-0.00571594566829891
245,21.2041854858398,-0.00487257776892633
246.25,21.2041854858398,-0.00515226878933695
247.5,21.2041854858398,-0.00319268835043886
248.75,21.2041854858398,0.00622600234599721
250,21.2041854858398,0.012870871365069
160,22.146598815918,-0.0282077837368201
161.25,22.146598815918,-0.0248924069626813
162.5,22.146598815918,-0.020885392396174
163.75,22.146598815918,-0.0171040527377516
165,22.146598815918,-0.0138115317923996
166.25,22.146598815918,-0.0107556993410061
167.5,22.146598815918,-0.00823656592253901
168.75,22.146598815918,-0.00612122327534974
170,22.146598815918,-0.00453503106400246
171.25,22.146598815918,-0.00313042802887294
172.5,22.146598815918,-0.0026460602687362
173.75,22.146598815918,-0.00326127183662971
175,22.146598815918,-0.00419700856004366
176.25,22.146598815918,-0.00498634042641045
177.5,22.146598815918,-0.00617695552663242
178.75,22.146598815918,-0.00814435782620681
180,22.146598815918,-0.0104565418903783
181.25,22.146598815918,-0.012318607053215
182.5,22.146598815918,-0.0128103960034318
183.75,22.146598815918,-0.0121180565630935
185,22.146598815918,-0.0101107593702601
186.25,22.146598815918,-0.00663139474894011
187.5,22.146598815918,-0.00186360358839717
188.75,22.146598815918,0.00277189978888691
190,22.146598815918,0.00630808400599719
191.25,22.146598815918,0.0075488286586761
192.5,22.146598815918,0.00753682890919961
193.75,22.146598815918,0.00732064145338228
195,22.146598815918,0.00777766943883328
196.25,22.146598815918,0.00889879550871718
197.5,22.146598815918,0.0100203156201403
198.75,22.146598815918,0.0105525277504356
200,22.146598815918,0.0101178995158459
201.25,22.146598815918,0.0100275100462144
202.5,22.146598815918,0.0114578088304293
203.75,22.146598815918,0.014357692748258
205,22.146598815918,0.0170110899716185
206.25,22.146598815918,0.019228641700136
207.5,22.146598815918,0.0207782159055752
208.75,22.146598815918,0.0218333867886253
210,22.146598815918,0.0221038832487347
211.25,22.146598815918,0.0213964837506451
212.5,22.146598815918,0.0201129083896442
213.75,22.146598815918,0.0187035813011157
215,22.146598815918,0.0174647611340617
216.25,22.146598815918,0.0157349939932546
217.5,22.146598815918,0.0138596298860748
218.75,22.146598815918,0.0125880126973747
220,22.146598815918,0.0121075658695831
221.25,22.146598815918,0.0121766492570864
222.5,22.146598815918,0.0126163088841306
223.75,22.146598815918,0.0127372279985732
225,22.146598815918,0.0124201667357483
226.25,22.146598815918,0.0107492980479691
227.5,22.146598815918,0.00772519821916825
228.75,22.146598815918,0.00406116439865552
230,22.146598815918,0.000352140549106401
231.25,22.146598815918,-0.0031466561831927
232.5,22.146598815918,-0.00562986527741153
233.75,22.146598815918,-0.00640188985963456
235,22.146598815918,-0.00589836665693025
236.25,22.146598815918,-0.00574692032140068
237.5,22.146598815918,-0.00635225890518907
238.75,22.146598815918,-0.00843523929448351
240,22.146598815918,-0.0104106499651963
241.25,22.146598815918,-0.0109782958109863
242.5,22.146598815918,-0.0100373376374394
243.75,22.146598815918,-0.00840155076815959
245,22.146598815918,-0.00790777158722724
246.25,22.146598815918,-0.00832170996999501
247.5,22.146598815918,-0.00772291648724628
248.75,22.146598815918,0.00123123020235313
250,22.146598815918,0.00959491265439749
160,23.0890045166016,-0.0259095314986547
161.25,23.0890045166016,-0.0235839353879034
162.5,23.0890045166016,-0.0203289131975939
163.75,23.0890045166016,-0.0171782745117954
165,23.0890045166016,-0.0143866775127568
166.25,23.0890045166016,-0.0118537528328097
167.5,23.0890045166016,-0.009436833313186
168.75,23.0890045166016,-0.00742836964419352
170,23.0890045166016,-0.0060447296949749
171.25,23.0890045166016,-0.00510764605733025
172.5,23.0890045166016,-0.00464261326809277
173.75,23.0890045166016,-0.00484875126195951
175,23.0890045166016,-0.00572662043927901
176.25,23.0890045166016,-0.00678056864663673
177.5,23.0890045166016,-0.00843575745602586
178.75,23.0890045166016,-0.0108861542558807
180,23.0890045166016,-0.0130762105481057
181.25,23.0890045166016,-0.014737617862352
182.5,23.0890045166016,-0.0154143638620643
183.75,23.0890045166016,-0.0147872037207474
185,23.0890045166016,-0.0129491781440891
186.25,23.0890045166016,-0.00969130898852246
187.5,23.0890045166016,-0.00529598532471303
188.75,23.0890045166016,-0.000782367429091001
190,23.0890045166016,0.00284115984901666
191.25,23.0890045166016,0.00514928821376415
192.5,23.0890045166016,0.00577713143154406
193.75,23.0890045166016,0.00674370998656553
195,23.0890045166016,0.00855776402360576
196.25,23.0890045166016,0.0110097954673651
197.5,23.0890045166016,0.0123377608120442
198.75,23.0890045166016,0.0126924261395128
200,23.0890045166016,0.0121046043916841
201.25,23.0890045166016,0.0111210997937014
202.5,23.0890045166016,0.0112474171325693
203.75,23.0890045166016,0.0127284922660405
205,23.0890045166016,0.0144602953173641
206.25,23.0890045166016,0.0161019958207051
207.5,23.0890045166016,0.0178199259104998
208.75,23.0890045166016,0.0195137707582598
210,23.0890045166016,0.0204653746598894
211.25,23.0890045166016,0.0203806474399415
212.5,23.0890045166016,0.0194796089850057
213.75,23.0890045166016,0.0184127981924537
215,23.0890045166016,0.0172745609065301
216.25,23.0890045166016,0.0156519377232602
217.5,23.0890045166016,0.0139006537434811
218.75,23.0890045166016,0.0131850325804472
220,23.0890045166016,0.0138146101221685
221.25,23.0890045166016,0.0147347245229824
222.5,23.0890045166016,0.0150518316001455
223.75,23.0890045166016,0.0150201715230798
225,23.0890045166016,0.0144568471323489
226.25,23.0890045166016,0.012592389248121
227.5,23.0890045166016,0.0089549004744397
228.75,23.0890045166016,0.00447873243249562
230,23.0890045166016,0.000448579621198505
231.25,23.0890045166016,-0.0026723556116376
232.5,23.0890045166016,-0.00452036274946398
233.75,23.0890045166016,-0.00471936777568605
235,23.0890045166016,-0.00400606713622702
236.25,23.0890045166016,-0.00418243522579726
237.5,23.0890045166016,-0.00534577603163651
238.75,23.0890045166016,-0.0073387331765825
240,23.0890045166016,-0.00919728586457884
241.25,23.0890045166016,-0.0111225634339415
242.5,23.0890045166016,-0.0130066870699467
243.75,23.0890045166016,-0.0142873973949424
245,23.0890045166016,-0.0149526349359871
246.25,23.0890045166016,-0.0153540503529339
247.5,23.0890045166016,-0.0136429058039385
248.75,23.0890045166016,-0.00609142968072489
250,23.0890045166016,0.00743459525927334
160,24.0314178466797,-0.0196971573706853
161.25,24.0314178466797,-0.0186912788108949
162.5,24.0314178466797,-0.0168109046397756
163.75,24.0314178466797,-0.0149161359744707
165,24.0314178466797,-0.012919429126254
166.25,24.0314178466797,-0.0110589183450525
167.5,24.0314178466797,-0.00926533434276989
168.75,24.0314178466797,-0.00795830911759041
170,24.0314178466797,-0.00707436757536363
171.25,24.0314178466797,-0.00693027721629384
172.5,24.0314178466797,-0.00682815703940154
173.75,24.0314178466797,-0.00707357696063977
175,24.0314178466797,-0.0077663309185382
176.25,24.0314178466797,-0.00902664294003352
177.5,24.0314178466797,-0.0112910155992077
178.75,24.0314178466797,-0.0141262655292307
180,24.0314178466797,-0.0162646503497133
181.25,24.0314178466797,-0.0182693760298744
182.5,24.0314178466797,-0.0185800667205376
183.75,24.0314178466797,-0.0178442502598637
185,24.0314178466797,-0.0163510014596923
186.25,24.0314178466797,-0.0136810834636637
187.5,24.0314178466797,-0.00981424336389939
188.75,24.0314178466797,-0.0057328452359777
190,24.0314178466797,-0.00248585051020849
191.25,24.0314178466797,0.000274445061982991
192.5,24.0314178466797,0.00175372273394277
193.75,24.0314178466797,0.00313443069043113
195,24.0314178466797,0.00561068974653172
196.25,24.0314178466797,0.00930634458935932
197.5,24.0314178466797,0.0124145440714605
198.75,24.0314178466797,0.0145847344573836
200,24.0314178466797,0.0152095675779477
201.25,24.0314178466797,0.0141540690266988
202.5,24.0314178466797,0.012786250613197
203.75,24.0314178466797,0.0121706535958311
205,24.0314178466797,0.0119597485744553
206.25,24.0314178466797,0.0126701385300419
207.5,24.0314178466797,0.0143225225828096
208.75,24.0314178466797,0.0165117250543846
210,24.0314178466797,0.0180582074258291
211.25,24.0314178466797,0.0183960073487051
212.5,24.0314178466797,0.0178971193062095
213.75,24.0314178466797,0.0174475140394541
215,24.0314178466797,0.0171658899299473
216.25,24.0314178466797,0.0165337704640725
217.5,24.0314178466797,0.0153226932272607
218.75,24.0314178466797,0.0151253269800376
220,24.0314178466797,0.0162963602086345
221.25,24.0314178466797,0.0177476726119935
222.5,24.0314178466797,0.0183988658592852
223.75,24.0314178466797,0.018451516638392
225,24.0314178466797,0.0178927555414276
226.25,24.0314178466797,0.0163117540961882
227.5,24.0314178466797,0.0125211949288391
228.75,24.0314178466797,0.00741538539190561
230,24.0314178466797,0.00280822470023413
231.25,24.0314178466797,-0.000207159182672952
232.5,24.0314178466797,-0.00157674371793728
233.75,24.0314178466797,-0.00192712709828225
235,24.0314178466797,-0.00166358300510942
236.25,24.0314178466797,-0.00196618637760161
237.5,24.0314178466797,-0.00352569000760605
238.75,24.0314178466797,-0.00611212469557068
240,24.0314178466797,-0.00782691164136141
241.25,24.0314178466797,-0.010409421688244
242.5,24.0314178466797,-0.0146205533671701
243.75,24.0314178466797,-0.0184676395593156
245,24.0314178466797,-0.0210298663982926
246.25,24.0314178466797,-0.0218690165864257
247.5,24.0314178466797,-0.019945005037303
248.75,24.0314178466797,-0.0117236793029982
250,24.0314178466797,0.01447380150418
160,24.9738235473633,-0.0106293727990209
161.25,24.9738235473633,-0.011837746878992
162.5,24.9738235473633,-0.01200779730274
163.75,24.9738235473633,-0.0112200439957263
165,24.9738235473633,-0.0101825278572867
166.25,24.9738235473633,-0.00939363589081001
167.5,24.9738235473633,-0.00828860125589242
168.75,24.9738235473633,-0.00728169554431553
170,24.9738235473633,-0.00716296652923925
171.25,24.9738235473633,-0.00736763229152526
172.5,24.9738235473633,-0.00779616967530108
173.75,24.9738235473633,-0.00836964103044833
175,24.9738235473633,-0.00936559924671354
176.25,24.9738235473633,-0.0108932426316846
177.5,24.9738235473633,-0.0131727122434399
178.75,24.9738235473633,-0.0160675371382062
180,24.9738235473633,-0.0187306666149928
181.25,24.9738235473633,-0.021144329745563
182.5,24.9738235473633,-0.0217029320740886
183.75,24.9738235473633,-0.0215096970649565
185,24.9738235473633,-0.0205481461073341
186.25,24.9738235473633,-0.018292172801812
187.5,24.9738235473633,-0.0147049913308972
188.75,24.9738235473633,-0.0108958405618924
190,24.9738235473633,-0.00734191912027675
191.25,24.9738235473633,-0.0047093314492982
192.5,24.9738235473633,-0.00308015382867403
193.75,24.9738235473633,-0.00164013417396279
195,24.9738235473633,0.000106356639852438
196.25,24.9738235473633,0.00282147094071897
197.5,24.9738235473633,0.00628839056211417
198.75,24.9738235473633,0.0103802760486683
200,24.9738235473633,0.0143154148956541
201.25,24.9738235473633,0.0161181055602409
202.5,24.9738235473633,0.015597449537239
203.75,24.9738235473633,0.0126245238056307
205,24.9738235473633,0.0103571010226887
206.25,24.9738235473633,0.0104656590713351
207.5,24.9738235473633,0.0114479861959982
208.75,24.9738235473633,0.0133857204658944
210,24.9738235473633,0.0151217022371171
211.25,24.9738235473633,0.0161513388358281
212.5,24.9738235473633,0.0163816090742256
213.75,24.9738235473633,0.0164231931939887
215,24.9738235473633,0.0173417556204426
216.25,24.9738235473633,0.0183252734804055
217.5,24.9738235473633,0.017830277466883
218.75,24.9738235473633,0.017773436905575
220,24.9738235473633,0.0190930258777019
221.25,24.9738235473633,0.0207177949892194
222.5,24.9738235473633,0.0219361050545981
223.75,24.9738235473633,0.0227061131929823
225,24.9738235473633,0.0224654200010502
226.25,24.9738235473633,0.0214111772570285
227.5,24.9738235473633,0.0186607311190695
228.75,24.9738235473633,0.0142906634472292
230,24.9738235473633,0.00917013820700277
231.25,24.9738235473633,0.00549078859739324
232.5,24.9738235473633,0.00377029381210153
233.75,24.9738235473633,0.00259178587272044
235,24.9738235473633,0.00170505257733198
236.25,24.9738235473633,0.000557932972191751
237.5,24.9738235473633,-0.00191995435184611
238.75,24.9738235473633,-0.00568162333166198
240,24.9738235473633,-0.00759780834448135
241.25,24.9738235473633,-0.0104201036294791
242.5,24.9738235473633,-0.0155799983330895
243.75,24.9738235473633,-0.0213277382874962
245,24.9738235473633,-0.0253686256726751
246.25,24.9738235473633,-0.0261476005277168
247.5,24.9738235473633,-0.0235755071645357
248.75,24.9738235473633,-0.0129332490703
250,24.9738235473633,0.0160785747485702
160,25.9162292480469,-0.00240773279912109
161.25,25.9162292480469,-0.00516396968691161
162.5,25.9162292480469,-0.00707952496051381
163.75,25.9162292480469,-0.00749756176446846
165,25.9162292480469,-0.00735635669041593
166.25,25.9162292480469,-0.00735400408887996
167.5,25.9162292480469,-0.00631656992912812
168.75,25.9162292480469,-0.00521267730001339
170,25.9162292480469,-0.00455394498659597
171.25,25.9162292480469,-0.00460679747803678
172.5,25.9162292480469,-0.00502308682304652
173.75,25.9162292480469,-0.00633701734616712
175,25.9162292480469,-0.0079540333389928
176.25,25.9162292480469,-0.00975907938946902
177.5,25.9162292480469,-0.0121097576403587
178.75,25.9162292480469,-0.0150648987218656
180,25.9162292480469,-0.0175019077623903
181.25,25.9162292480469,-0.020123927073703
182.5,25.9162292480469,-0.0222897066480472
183.75,25.9162292480469,-0.0233792643106481
185,25.9162292480469,-0.0227728025264702
186.25,25.9162292480469,-0.0211711766634502
187.5,25.9162292480469,-0.018645639495766
188.75,25.9162292480469,-0.0150832756613786
190,25.9162292480469,-0.0113686582363247
191.25,25.9162292480469,-0.00892454527551776
192.5,25.9162292480469,-0.00758614681245673
193.75,25.9162292480469,-0.00657373096612219
195,25.9162292480469,-0.0056771104080216
196.25,25.9162292480469,-0.00440012031592769
197.5,25.9162292480469,-0.00254885708338302
198.75,25.9162292480469,0.000211610808239174
200,25.9162292480469,0.00493907189143792
201.25,25.9162292480469,0.0101825489174491
202.5,25.9162292480469,0.013374758206009
203.75,25.9162292480469,0.0120968897158474
205,25.9162292480469,0.00870912285094601
206.25,25.9162292480469,0.00743717212088256
207.5,25.9162292480469,0.00771622476469082
208.75,25.9162292480469,0.00972276569377844
210,25.9162292480469,0.0123376756386549
211.25,25.9162292480469,0.0145358675936815
212.5,25.9162292480469,0.0157854930218643
213.75,25.9162292480469,0.0163781922314259
215,25.9162292480469,0.0175239778086588
216.25,25.9162292480469,0.0190402102894882
217.5,25.9162292480469,0.0193497613958829
218.75,25.9162292480469,0.0193527738048088
220,25.9162292480469,0.0203789743641336
221.25,25.9162292480469,0.0218968029602729
222.5,25.9162292480469,0.0234865100326692
223.75,25.9162292480469,0.0251879509203086
225,25.9162292480469,0.026215737968255
226.25,25.9162292480469,0.0265303664691439
227.5,25.9162292480469,0.0257221296272299
228.75,25.9162292480469,0.0232486906056429
230,25.9162292480469,0.0182568132929161
231.25,25.9162292480469,0.0131979887810244
232.5,25.9162292480469,0.00958997863287905
233.75,25.9162292480469,0.00683832525873464
235,25.9162292480469,0.00519833033956187
236.25,25.9162292480469,0.00320108838701253
237.5,25.9162292480469,-0.000853173878485016
238.75,25.9162292480469,-0.00523755371843687
240,25.9162292480469,-0.00829936816146628
241.25,25.9162292480469,-0.0122599771792998
242.5,25.9162292480469,-0.0179537180570264
243.75,25.9162292480469,-0.0239195693136988
245,25.9162292480469,-0.027530020138803
246.25,25.9162292480469,-0.0276078380587705
247.5,25.9162292480469,-0.0256322821418113
248.75,25.9162292480469,0.00712695187129692
250,25.9162292480469,0.0157365907454283
160,26.858642578125,0.0035540419526267
161.25,26.858642578125,-0.000196099950965838
162.5,26.858642578125,-0.00295123292917181
163.75,26.858642578125,-0.00460648335933057
165,26.858642578125,-0.00574435628673837
166.25,26.858642578125,-0.00546040456074318
167.5,26.858642578125,-0.00437054327783589
168.75,26.858642578125,-0.00267771846658208
170,26.858642578125,-0.000250635548298599
171.25,26.858642578125,0.000569245186878266
172.5,26.858642578125,0.000640621418060955
173.75,26.858642578125,-0.000418953436780933
175,26.858642578125,-0.00209739045308615
176.25,26.858642578125,-0.00413999360203225
177.5,26.858642578125,-0.00660774162653476
178.75,26.858642578125,-0.010074736490687
180,26.858642578125,-0.0131002523515168
181.25,26.858642578125,-0.015892831865642
182.5,26.858642578125,-0.0189197974769392
183.75,26.858642578125,-0.0210886006433839
185,26.858642578125,-0.021266833972958
186.25,26.858642578125,-0.0207333451369097
187.5,26.858642578125,-0.019543421697486
188.75,26.858642578125,-0.0170140955132647
190,26.858642578125,-0.0141554932916655
191.25,26.858642578125,-0.0121101782584655
192.5,26.858642578125,-0.0110410227254461
193.75,26.858642578125,-0.0110991506558861
195,26.858642578125,-0.0110906572959134
196.25,26.858642578125,-0.0105235123371309
197.5,26.858642578125,-0.00997293206890832
198.75,26.858642578125,-0.00916834067248827
200,26.858642578125,-0.00714931269439001
201.25,26.858642578125,-0.00265995224405921
202.5,26.858642578125,0.00287744328355168
203.75,26.858642578125,0.00679553114811414
205,26.858642578125,0.00637435314596119
206.25,26.858642578125,0.00502797896925715
207.5,26.858642578125,0.00433427398909527
208.75,26.858642578125,0.00545516147555365
210,26.858642578125,0.00827859754460572
211.25,26.858642578125,0.011459886049031
212.5,26.858642578125,0.0138194752044479
213.75,26.858642578125,0.0151108944843673
215,26.858642578125,0.0162769078960591
216.25,26.858642578125,0.0176731384874483
217.5,26.858642578125,0.018054698072593
218.75,26.858642578125,0.0184105029720225
220,26.858642578125,0.0192163293169714
221.25,26.858642578125,0.0204273206532858
222.5,26.858642578125,0.0222057220982421
223.75,26.858642578125,0.0244789765162285
225,26.858642578125,0.0270740179690436
226.25,26.858642578125,0.0292793588813059
227.5,26.858642578125,0.0307339311099236
228.75,26.858642578125,0.0300531296041273
230,26.858642578125,0.02612436514255
231.25,26.858642578125,0.0206651018234976
232.5,26.858642578125,0.0156163732820795
233.75,26.858642578125,0.0116170946002435
235,26.858642578125,0.00866007939950816
236.25,26.858642578125,0.00541226240527915
237.5,26.858642578125,0.00151598790759468
238.75,26.858642578125,-0.00466875267947734
240,26.858642578125,-0.00966880652295471
241.25,26.858642578125,-0.014960046811832
242.5,26.858642578125,-0.0213320382721683
243.75,26.858642578125,-0.0273404447127998
245,26.858642578125,-0.0297907363903647
246.25,26.858642578125,-0.0288731351475277
247.5,26.858642578125,-0.0146141933141786
248.75,26.858642578125,0.00639465314718
250,26.858642578125,0.0120786055888891
160,27.8010482788086,0.0105196484016998
161.25,27.8010482788086,0.00552510659580641
162.5,27.8010482788086,0.00161318101693722
163.75,27.8010482788086,-0.00158349999098753
165,27.8010482788086,-0.00371233495800978
166.25,27.8010482788086,-0.0036437524871175
167.5,27.8010482788086,-0.00187880100428228
168.75,27.8010482788086,0.000559481622549391
170,27.8010482788086,0.00349197167299698
171.25,27.8010482788086,0.00534749672903718
172.5,27.8010482788086,0.00686726669780447
173.75,27.8010482788086,0.00740327539017946
175,27.8010482788086,0.00667635306013763
176.25,27.8010482788086,0.00494332294403343
177.5,27.8010482788086,0.00260619068443252
178.75,27.8010482788086,-0.000752234345219468
180,27.8010482788086,-0.00483471985926443
181.25,27.8010482788086,-0.00883640234301383
182.5,27.8010482788086,-0.01312299711224
183.75,27.8010482788086,-0.0160662897352916
185,27.8010482788086,-0.0178858503063369
186.25,27.8010482788086,-0.0189760379430295
187.5,27.8010482788086,-0.0189301948484217
188.75,27.8010482788086,-0.0174554040697194
190,27.8010482788086,-0.0158699595716283
191.25,27.8010482788086,-0.0146532845195759
192.5,27.8010482788086,-0.0132187326071142
193.75,27.8010482788086,-0.0132566027054426
195,27.8010482788086,-0.0139510272336112
196.25,27.8010482788086,-0.0136625112958562
197.5,27.8010482788086,-0.0129983998455744
198.75,27.8010482788086,-0.0128298799502029
200,27.8010482788086,-0.0127569932453696
201.25,27.8010482788086,-0.01249266354529
202.5,27.8010482788086,-0.0103254164127745
203.75,27.8010482788086,-0.00589271665596397
205,27.8010482788086,-1.08037678259008e-05
206.25,27.8010482788086,0.0035162906129868
207.5,27.8010482788086,0.00382128072356197
208.75,27.8010482788086,0.0033038872180252
210,27.8010482788086,0.00476832480955708
211.25,27.8010482788086,0.00788809122833958
212.5,27.8010482788086,0.0108695383530411
213.75,27.8010482788086,0.01295663415733
215,27.8010482788086,0.0142525141754002
216.25,27.8010482788086,0.015533520082859
217.5,27.8010482788086,0.0161677374761716
218.75,27.8010482788086,0.0167935583709955
220,27.8010482788086,0.0175993538182929
221.25,27.8010482788086,0.0188914317110602
222.5,27.8010482788086,0.0207834345532172
223.75,27.8010482788086,0.0230132769721961
225,27.8010482788086,0.0263683357588976
226.25,27.8010482788086,0.0298852103951308
227.5,27.8010482788086,0.0327946452012662
228.75,27.8010482788086,0.0337359026001107
230,27.8010482788086,0.0316412708193863
231.25,27.8010482788086,0.0269311801792886
232.5,27.8010482788086,0.021685185235663
233.75,27.8010482788086,0.0167807786026576
235,27.8010482788086,0.0123472636231935
236.25,27.8010482788086,0.00815016518037373
237.5,27.8010482788086,0.00396532804348284
238.75,27.8010482788086,-0.00288880525524184
240,27.8010482788086,-0.00937601420468364
241.25,27.8010482788086,-0.0164155680016929
242.5,27.8010482788086,-0.024223375629706
243.75,27.8010482788086,-0.0311257975898479
245,27.8010482788086,-0.0339143841154248
246.25,27.8010482788086,-0.0342970198494919
247.5,27.8010482788086,-0.00585933189152471
248.75,27.8010482788086,0.00246821123838111
250,27.8010482788086,0.00790682270180961
160,28.7434539794922,0.0203330695013365
161.25,28.7434539794922,0.0148007034576666
162.5,28.7434539794922,0.0106203104958306
163.75,28.7434539794922,0.0067526816959606
165,28.7434539794922,0.00396403892303361
166.25,28.7434539794922,0.00309670770542325
167.5,28.7434539794922,0.00440725485514612
168.75,28.7434539794922,0.00667354281454603
170,28.7434539794922,0.00933357490644273
171.25,28.7434539794922,0.0116155652677315
172.5,28.7434539794922,0.0133028941945413
173.75,28.7434539794922,0.0148595630964015
175,28.7434539794922,0.0160840988215156
176.25,28.7434539794922,0.0161743221593321
177.5,28.7434539794922,0.0153329207549994
178.75,28.7434539794922,0.012903016603643
180,28.7434539794922,0.00867461305147412
181.25,28.7434539794922,0.00349339823565259
182.5,28.7434539794922,-0.00180934805058358
183.75,28.7434539794922,-0.00629778281582144
185,28.7434539794922,-0.010459857457741
186.25,28.7434539794922,-0.0136980090270172
187.5,28.7434539794922,-0.0148910439079579
188.75,28.7434539794922,-0.0146730930424566
190,28.7434539794922,-0.0143948371547943
191.25,28.7434539794922,-0.013653005881752
192.5,28.7434539794922,-0.012813176884794
193.75,28.7434539794922,-0.0127484205519998
195,28.7434539794922,-0.0132032968714122
196.25,28.7434539794922,-0.0128395466234544
197.5,28.7434539794922,-0.0120693856078564
198.75,28.7434539794922,-0.011547441590522
200,28.7434539794922,-0.0120090823215987
201.25,28.7434539794922,-0.0139624648793086
202.5,28.7434539794922,-0.0147915869106413
203.75,28.7434539794922,-0.0135852629765663
205,28.7434539794922,-0.0114584107609604
206.25,28.7434539794922,-0.00744554997503154
207.5,28.7434539794922,-0.00101532518889815
208.75,28.7434539794922,0.00393943493089675
210,28.7434539794922,0.00549599018945323
211.25,28.7434539794922,0.00644240441612
212.5,28.7434539794922,0.00862073078617899
213.75,28.7434539794922,0.0113867338228711
215,28.7434539794922,0.0135406169491383
216.25,28.7434539794922,0.0146458142720443
217.5,28.7434539794922,0.0152364447697909
218.75,28.7434539794922,0.0160579550067111
220,28.7434539794922,0.0170950478810216
221.25,28.7434539794922,0.0183790012771859
222.5,28.7434539794922,0.0201748263974278
223.75,28.7434539794922,0.0224572891631848
225,28.7434539794922,0.0256996831911238
226.25,28.7434539794922,0.0298030073414992
227.5,28.7434539794922,0.0335967622288054
228.75,28.7434539794922,0.0356964646014169
230,28.7434539794922,0.0356161592413834
231.25,28.7434539794922,0.0324408279697853
232.5,28.7434539794922,0.0277465914645384
233.75,28.7434539794922,0.0224729129201677
235,28.7434539794922,0.0169845466596299
236.25,28.7434539794922,0.0122001274366122
237.5,28.7434539794922,0.00754591020087416
238.75,28.7434539794922,5.33946497188805e-05
240,28.7434539794922,-0.00772706856348255
241.25,28.7434539794922,-0.0166745388717659
242.5,28.7434539794922,-0.0254723100179752
243.75,28.7434539794922,-0.0323615595139015
245,28.7434539794922,-0.0355374631478998
246.25,28.7434539794922,-0.0361155351480282
160,29.6858673095703,0.0371899307589246
161.25,29.6858673095703,0.0298647650618083
162.5,29.6858673095703,0.0244014451584965
163.75,29.6858673095703,0.0204235917042334
165,29.6858673095703,0.0178250382466787
166.25,29.6858673095703,0.0163386556220795
167.5,29.6858673095703,0.0159700947370936
168.75,29.6858673095703,0.0171349586879363
170,29.6858673095703,0.0191525025455277
171.25,29.6858673095703,0.0210431855262859
172.5,29.6858673095703,0.0220676064089502
173.75,29.6858673095703,0.0231002902806633
175,29.6858673095703,0.0248864927471933
176.25,29.6858673095703,0.0262248781395107
177.5,29.6858673095703,0.0267034097041556
178.75,29.6858673095703,0.0255481180550824
180,29.6858673095703,0.0223368629237673
181.25,29.6858673095703,0.0174697208557027
182.5,29.6858673095703,0.0118785454690828
183.75,29.6858673095703,0.00649596366898168
185,29.6858673095703,0.00100042764041889
186.25,29.6858673095703,-0.00361137988761053
187.5,29.6858673095703,-0.00624433706016327
188.75,29.6858673095703,-0.00740758793993322
190,29.6858673095703,-0.00794368548682443
191.25,29.6858673095703,-0.00768650609208802
192.5,29.6858673095703,-0.007140801733916
193.75,29.6858673095703,-0.00691365228011071
195,29.6858673095703,-0.00743936462325135
196.25,29.6858673095703,-0.00836490713109016
197.5,29.6858673095703,-0.0088658228619577
198.75,29.6858673095703,-0.0091716801385628
200,29.6858673095703,-0.0104599623200971
201.25,29.6858673095703,-0.0133949716052367
202.5,29.6858673095703,-0.0159487627137146
203.75,29.6858673095703,-0.0157226651687805
205,29.6858673095703,-0.014583956628598
206.25,29.6858673095703,-0.0123022710548769
207.5,29.6858673095703,-0.0070560831573886
208.75,29.6858673095703,-0.000789334197853214
210,29.6858673095703,0.00401316467558966
211.25,29.6858673095703,0.00673924121331254
212.5,29.6858673095703,0.00871583957442224
213.75,29.6858673095703,0.0109539954982648
215,29.6858673095703,0.0133038286752715
216.25,29.6858673095703,0.0151235778313154
217.5,29.6858673095703,0.0154598763769292
218.75,29.6858673095703,0.0162030799456694
220,29.6858673095703,0.0172941147325832
221.25,29.6858673095703,0.018741918663982
222.5,29.6858673095703,0.020553840251713
223.75,29.6858673095703,0.0225412465516952
225,29.6858673095703,0.0254864008451261
226.25,29.6858673095703,0.0295501656764379
227.5,29.6858673095703,0.0331874698705748
228.75,29.6858673095703,0.0362881299441022
230,29.6858673095703,0.0378883521551074
231.25,29.6858673095703,0.0370134914819395
232.5,29.6858673095703,0.0339508083416768
233.75,29.6858673095703,0.0289242490093924
235,29.6858673095703,0.0225964452768322
236.25,29.6858673095703,0.0163858836791522
237.5,29.6858673095703,0.01019454410005
238.75,29.6858673095703,0.00253586124897818
240,29.6858673095703,-0.00661964130268963
241.25,29.6858673095703,-0.0167515359300081
242.5,29.6858673095703,-0.025680048412357
243.75,29.6858673095703,-0.0314378685147952
245,29.6858673095703,-0.0344407798416568
160,30.6282730102539,0.0512731257654424
161.25,30.6282730102539,0.0444932300956381
162.5,30.6282730102539,0.0388238259947455
163.75,30.6282730102539,0.0343024143213159
165,30.6282730102539,0.0314425251221756
166.25,30.6282730102539,0.0300059619586969
167.5,30.6282730102539,0.0289874554942834
168.75,30.6282730102539,0.0295880943890158
170,30.6282730102539,0.0306694223093413
171.25,30.6282730102539,0.0317294431824307
172.5,30.6282730102539,0.0321103757513602
173.75,30.6282730102539,0.0317589861168108
175,30.6282730102539,0.0322079783329331
176.25,30.6282730102539,0.0334002430317981
177.5,30.6282730102539,0.0340746070537928
178.75,30.6282730102539,0.0337302824126723
180,30.6282730102539,0.0318530267237782
181.25,30.6282730102539,0.027857434119974
182.5,30.6282730102539,0.0228912659724307
183.75,30.6282730102539,0.0175588734211863
185,30.6282730102539,0.0124938537366219
186.25,30.6282730102539,0.00799355542123842
187.5,30.6282730102539,0.00393535294164569
188.75,30.6282730102539,0.00132306669701397
190,30.6282730102539,0.000123661190988183
191.25,30.6282730102539,-0.000370385980801618
192.5,30.6282730102539,7.21997372143692e-05
193.75,30.6282730102539,0.000600390550945168
195,30.6282730102539,-0.000725280472050098
196.25,30.6282730102539,-0.00293611687615473
197.5,30.6282730102539,-0.00574273163001838
198.75,30.6282730102539,-0.00871043469812864
200,30.6282730102539,-0.0120906479195317
201.25,30.6282730102539,-0.016502626620374
202.5,30.6282730102539,-0.0207149944377982
203.75,30.6282730102539,-0.0207895620214581
205,30.6282730102539,-0.0177336130344153
206.25,30.6282730102539,-0.014632928353303
207.5,30.6282730102539,-0.00958856111140997
208.75,30.6282730102539,-0.00320381463227079
210,30.6282730102539,0.00225495003978153
211.25,30.6282730102539,0.00574856382273953
212.5,30.6282730102539,0.00771408204884631
213.75,30.6282730102539,0.00931229632144617
215,30.6282730102539,0.0114402711542682
216.25,30.6282730102539,0.0136891841316793
217.5,30.6282730102539,0.0140411107736978
218.75,30.6282730102539,0.0147059110638895
220,30.6282730102539,0.0168325068699496
221.25,30.6282730102539,0.0193784871374027
222.5,30.6282730102539,0.0216570332545341
223.75,30.6282730102539,0.0233508990666643
225,30.6282730102539,0.0254086870920384
226.25,30.6282730102539,0.0286456719609394
227.5,30.6282730102539,0.0316590505500129
228.75,30.6282730102539,0.0349445407179202
230,30.6282730102539,0.0375400306663978
231.25,30.6282730102539,0.0382873414935463
232.5,30.6282730102539,0.0366826578335309
233.75,30.6282730102539,0.0327829021834165
235,30.6282730102539,0.0266853352306339
236.25,30.6282730102539,0.0191478547406504
237.5,30.6282730102539,0.0114448656370497
238.75,30.6282730102539,0.00375048811404299
240,30.6282730102539,-0.00629083162661862
241.25,30.6282730102539,-0.0172226793262227
242.5,30.6282730102539,-0.0250333574661649
243.75,30.6282730102539,-0.0283845987301165
160,31.5706787109375,0.056065684160467
161.25,31.5706787109375,0.0543139625189332
162.5,31.5706787109375,0.0507662116045528
163.75,31.5706787109375,0.0473702183026335
165,31.5706787109375,0.0449539147498648
166.25,31.5706787109375,0.0434978386986205
167.5,31.5706787109375,0.0422409376283781
168.75,31.5706787109375,0.042125734053787
170,31.5706787109375,0.0426868209229528
171.25,31.5706787109375,0.042794310394025
172.5,31.5706787109375,0.0419723828677632
173.75,31.5706787109375,0.0401455553935914
175,31.5706787109375,0.0393850415385436
176.25,31.5706787109375,0.0391522113924625
177.5,31.5706787109375,0.0383864612513524
178.75,31.5706787109375,0.0372304658146752
180,31.5706787109375,0.0350653784968054
181.25,31.5706787109375,0.0316213632591387
182.5,31.5706787109375,0.0259935333765347
183.75,31.5706787109375,0.0206014771914057
185,31.5706787109375,0.0167700740903981
186.25,31.5706787109375,0.013867119824811
187.5,31.5706787109375,0.0113329313096982
188.75,31.5706787109375,0.00932766343866137
190,31.5706787109375,0.0082318812976279
191.25,31.5706787109375,0.00749322937291537
192.5,31.5706787109375,0.00732163924467549
193.75,31.5706787109375,0.00692934209758873
195,31.5706787109375,0.00435972392313931
196.25,31.5706787109375,0.000443014611055902
197.5,31.5706787109375,-0.0046224446983627
198.75,31.5706787109375,-0.0103390853121636
200,31.5706787109375,-0.0168127244947617
201.25,31.5706787109375,-0.0239204472588354
202.5,31.5706787109375,-0.03013216979581
203.75,31.5706787109375,-0.031954310480399
205,31.5706787109375,-0.0282820742169352
206.25,31.5706787109375,-0.0212200105325291
207.5,31.5706787109375,-0.0137419223678014
208.75,31.5706787109375,-0.00661241869977314
210,31.5706787109375,0.000188628752971254
211.25,31.5706787109375,0.00444147697365922
212.5,31.5706787109375,0.00580577236462579
213.75,31.5706787109375,0.00589413066335657
215,31.5706787109375,0.00676186577196273
216.25,31.5706787109375,0.00812491616386785
217.5,31.5706787109375,0.00892184423699979
218.75,31.5706787109375,0.0104911963899494
220,31.5706787109375,0.0133749296380728
221.25,31.5706787109375,0.0169741430402385
222.5,31.5706787109375,0.0201870263980821
223.75,31.5706787109375,0.0222726902859204
225,31.5706787109375,0.0240116843700254
226.25,31.5706787109375,0.026462886962313
227.5,31.5706787109375,0.0294888068703948
228.75,31.5706787109375,0.0324438582504894
230,31.5706787109375,0.035573306080455
231.25,31.5706787109375,0.0372075894027845
232.5,31.5706787109375,0.0362571670595234
233.75,31.5706787109375,0.0332196389417227
235,31.5706787109375,0.0274653812908671
236.25,31.5706787109375,0.0194717077048283
237.5,31.5706787109375,0.0107874633190721
238.75,31.5706787109375,0.00268612928911562
240,31.5706787109375,-0.00630444245885865
241.25,31.5706787109375,-0.0163847808200755
242.5,31.5706787109375,-0.0230552598282097
243.75,31.5706787109375,-0.0276509332454385
160,32.5130920410156,0.0459396360535133
161.25,32.5130920410156,0.0487809758146051
162.5,32.5130920410156,0.0489605127995861
163.75,32.5130920410156,0.049001383412298
165,32.5130920410156,0.0500512958457366
166.25,32.5130920410156,0.0511967440009509
167.5,32.5130920410156,0.0524214567587501
168.75,32.5130920410156,0.0538135560249305
170,32.5130920410156,0.0554860844598405
171.25,32.5130920410156,0.0564084159848436
172.5,32.5130920410156,0.0552327919376123
173.75,32.5130920410156,0.0525470683258483
175,32.5130920410156,0.0501005627066754
176.25,32.5130920410156,0.0482067935603104
177.5,32.5130920410156,0.0458215035189798
178.75,32.5130920410156,0.0425815790416924
180,32.5130920410156,0.0382464766169369
181.25,32.5130920410156,0.0335133342067805
182.5,32.5130920410156,0.027312650052604
183.75,32.5130920410156,0.0216110681321683
185,32.5130920410156,0.0188402825724815
186.25,32.5130920410156,0.0172580851707757
187.5,32.5130920410156,0.0161434106403456
188.75,32.5130920410156,0.0152420128375327
190,32.5130920410156,0.0148361819371578
191.25,32.5130920410156,0.0140222216483812
192.5,32.5130920410156,0.0122124823991678
193.75,32.5130920410156,0.00941740333343842
195,32.5130920410156,0.0053156633622455
196.25,32.5130920410156,-5.54910356406766e-05
197.5,32.5130920410156,-0.00666595504771415
198.75,32.5130920410156,-0.0140932910298862
200,32.5130920410156,-0.022383457738452
201.25,32.5130920410156,-0.0313688662080998
202.5,32.5130920410156,-0.0395477735063347
203.75,32.5130920410156,-0.0438918819075473
205,32.5130920410156,-0.0426743652312128
206.25,32.5130920410156,-0.0347934904798964
207.5,32.5130920410156,-0.0229131778117883
208.75,32.5130920410156,-0.0120232721611633
210,32.5130920410156,-0.00278565731007238
211.25,32.5130920410156,0.00278136516701275
212.5,32.5130920410156,0.00424872332360531
213.75,32.5130920410156,0.0027964274822691
215,32.5130920410156,0.000599959142010937
216.25,32.5130920410156,-0.000145646343218775
217.5,32.5130920410156,0.000720101633945793
218.75,32.5130920410156,0.00319410174358037
220,32.5130920410156,0.00697262220808119
221.25,32.5130920410156,0.0111619318064484
222.5,32.5130920410156,0.0151446686230021
223.75,32.5130920410156,0.0180655327216703
225,32.5130920410156,0.020594968028617
226.25,32.5130920410156,0.0235691222386731
227.5,32.5130920410156,0.0266315670303229
228.75,32.5130920410156,0.0292467784764889
230,32.5130920410156,0.032128498902172
231.25,32.5130920410156,0.0339565701326277
232.5,32.5130920410156,0.0337242488338672
233.75,32.5130920410156,0.0314038157261532
235,32.5130920410156,0.0254530379454376
236.25,32.5130920410156,0.0170551861499636
237.5,32.5130920410156,0.00800342907552672
238.75,32.5130920410156,-0.000252480865363512
240,32.5130920410156,-0.00823516169630611
241.25,32.5130920410156,-0.0148697607048211
242.5,32.5130920410156,-0.0185870521943805
160,33.4554977416992,0.0324785142670308
161.25,33.4554977416992,0.0374192691212535
162.5,33.4554977416992,0.0401575734231449
163.75,33.4554977416992,0.0425147351187638
165,33.4554977416992,0.0457226136024644
166.25,33.4554977416992,0.0495381815174763
167.5,33.4554977416992,0.053553190910735
168.75,33.4554977416992,0.057342503815401
170,33.4554977416992,0.0605481891935798
171.25,33.4554977416992,0.0625931307163812
172.5,33.4554977416992,0.0634467363807542
173.75,33.4554977416992,0.062690941450997
175,33.4554977416992,0.0609187532540047
176.25,33.4554977416992,0.0578615520104998
177.5,33.4554977416992,0.0539546078700031
178.75,33.4554977416992,0.0491453180127014
180,33.4554977416992,0.0435721653934083
181.25,33.4554977416992,0.0374263683064779
182.5,33.4554977416992,0.030615607401376
183.75,33.4554977416992,0.0250691511227807
185,33.4554977416992,0.0233517345318434
186.25,33.4554977416992,0.0235357768226963
187.5,33.4554977416992,0.0235916449499445
188.75,33.4554977416992,0.0228927802459793
190,33.4554977416992,0.022085978343223
191.25,33.4554977416992,0.0204203097215858
192.5,33.4554977416992,0.0169449424291474
193.75,33.4554977416992,0.01165673043424
195,33.4554977416992,0.00587125667341954
196.25,33.4554977416992,-0.00137729331455431
197.5,33.4554977416992,-0.00875697797992944
198.75,33.4554977416992,-0.0170725876829761
200,33.4554977416992,-0.026064127885597
201.25,33.4554977416992,-0.0354802054583084
202.5,33.4554977416992,-0.0447325327325562
203.75,33.4554977416992,-0.0510995330157242
205,33.4554977416992,-0.0530217204428548
206.25,33.4554977416992,-0.0476976847850384
207.5,33.4554977416992,-0.0351605566352568
208.75,33.4554977416992,-0.0216323533120225
210,33.4554977416992,-0.0090966434382934
211.25,33.4554977416992,-0.000890216454030625
212.5,33.4554977416992,0.00211792777699301
213.75,33.4554977416992,0.00100609578591536
215,33.4554977416992,-0.0026208742691363
216.25,33.4554977416992,-0.00674269086776526
217.5,33.4554977416992,-0.00765026035607156
218.75,33.4554977416992,-0.00514058007837305
220,33.4554977416992,-0.001145727274364
221.25,33.4554977416992,0.00329142619741226
222.5,33.4554977416992,0.00731059963038819
223.75,33.4554977416992,0.0115429759275396
225,33.4554977416992,0.0162178129368371
226.25,33.4554977416992,0.0203950694778196
227.5,33.4554977416992,0.0239564665855723
228.75,33.4554977416992,0.026596919950433
230,33.4554977416992,0.0288521895855467
231.25,33.4554977416992,0.0303025139960075
232.5,33.4554977416992,0.0308353241514138
233.75,33.4554977416992,0.0288615891937125
235,33.4554977416992,0.0229701198108212
236.25,33.4554977416992,0.0142382831025575
237.5,33.4554977416992,0.00537529669751068
238.75,33.4554977416992,-0.00281158520333712
240,33.4554977416992,-0.0098808544972204
241.25,33.4554977416992,-0.0144364428220583
242.5,33.4554977416992,-0.0174130438886929
160,34.3979034423828,0.0250061674253961
161.25,34.3979034423828,0.0290386972147257
162.5,34.3979034423828,0.0329693957072775
163.75,34.3979034423828,0.0361703463288845
165,34.3979034423828,0.0400217384764525
166.25,34.3979034423828,0.0447019661409105
167.5,34.3979034423828,0.04997271052162
168.75,34.3979034423828,0.0549843515840926
170,34.3979034423828,0.0595915605018127
171.25,34.3979034423828,0.0624077025425734
172.5,34.3979034423828,0.064012208266781
173.75,34.3979034423828,0.0640835132462904
175,34.3979034423828,0.0629926164226037
176.25,34.3979034423828,0.0602259497016926
177.5,34.3979034423828,0.0564714811336872
178.75,34.3979034423828,0.0518293629392854
180,34.3979034423828,0.0466044776343457
181.25,34.3979034423828,0.0409847221526726
182.5,34.3979034423828,0.0351872531355178
183.75,34.3979034423828,0.0300849677288483
185,34.3979034423828,0.0282171132207623
186.25,34.3979034423828,0.0283684601822442
187.5,34.3979034423828,0.0287468293997383
188.75,34.3979034423828,0.0286778450476306
190,34.3979034423828,0.0280484500150609
191.25,34.3979034423828,0.0264321650356943
192.5,34.3979034423828,0.022195273532744
193.75,34.3979034423828,0.0161433611549771
195,34.3979034423828,0.00941200065325018
196.25,34.3979034423828,0.00163391983273868
197.5,34.3979034423828,-0.00607820610665151
198.75,34.3979034423828,-0.0146889085699042
200,34.3979034423828,-0.0242471123880227
201.25,34.3979034423828,-0.0339402459579324
202.5,34.3979034423828,-0.0426282496150427
203.75,34.3979034423828,-0.0486920264143756
205,34.3979034423828,-0.0516431321138185
206.25,34.3979034423828,-0.0504651593837179
207.5,34.3979034423828,-0.0439383556805048
208.75,34.3979034423828,-0.0317596541838622
210,34.3979034423828,-0.018212624830843
211.25,34.3979034423828,-0.00805578571774273
212.5,34.3979034423828,-0.00316506737497654
213.75,34.3979034423828,-0.0028359470912426
215,34.3979034423828,-0.00528601019608858
216.25,34.3979034423828,-0.00923957454322132
217.5,34.3979034423828,-0.0117256632540693
218.75,34.3979034423828,-0.011138074265382
220,34.3979034423828,-0.0087121422145578
221.25,34.3979034423828,-0.00524686041695913
222.5,34.3979034423828,-0.00157816394957493
223.75,34.3979034423828,0.00382926306885843
225,34.3979034423828,0.0101533683936157
226.25,34.3979034423828,0.0159182883751961
227.5,34.3979034423828,0.0203895733186925
228.75,34.3979034423828,0.0233163544614283
230,34.3979034423828,0.0253157166708107
231.25,34.3979034423828,0.0270706416721315
232.5,34.3979034423828,0.0283245965749656
233.75,34.3979034423828,0.026944159943086
235,34.3979034423828,0.0213483369513364
236.25,34.3979034423828,0.0126547293991549
237.5,34.3979034423828,0.00551186989973327
238.75,34.3979034423828,0.000212404384100474
240,34.3979034423828,-0.0059530263708807
241.25,34.3979034423828,-0.0137595108655509
160,35.3403167724609,0.0252585832790543
161.25,35.3403167724609,0.0273250484636892
162.5,35.3403167724609,0.0304611176029722
163.75,35.3403167724609,0.0342204558285768
165,35.3403167724609,0.038966048750062
166.25,35.3403167724609,0.043786453269635
167.5,35.3403167724609,0.0484480527800754
168.75,35.3403167724609,0.0526341905006946
170,35.3403167724609,0.0564742941537544
171.25,35.3403167724609,0.0588614878317609
172.5,35.3403167724609,0.0591784904980664
173.75,35.3403167724609,0.0579581360098099
175,35.3403167724609,0.0562828309414846
176.25,35.3403167724609,0.0535363215323778
177.5,35.3403167724609,0.050472829322235
178.75,35.3403167724609,0.0474387810532771
180,35.3403167724609,0.0440339083396708
181.25,35.3403167724609,0.0404381473237129
182.5,35.3403167724609,0.0367930090255636
183.75,35.3403167724609,0.033230734196988
185,35.3403167724609,0.0313984290593271
186.25,35.3403167724609,0.0309814679811603
187.5,35.3403167724609,0.0308921126438843
188.75,35.3403167724609,0.0308133444313548
190,35.3403167724609,0.0301794814802269
191.25,35.3403167724609,0.028576165367636
192.5,35.3403167724609,0.0250588964374207
193.75,35.3403167724609,0.0201304181338224
195,35.3403167724609,0.0145274799747195
196.25,35.3403167724609,0.0078226419552744
197.5,35.3403167724609,0.000794889387149047
198.75,35.3403167724609,-0.0072454952648938
200,35.3403167724609,-0.0167225473620667
201.25,35.3403167724609,-0.026126729741395
202.5,35.3403167724609,-0.0344636336845284
203.75,35.3403167724609,-0.0399133692473078
205,35.3403167724609,-0.0426849729186617
206.25,35.3403167724609,-0.0428214407611345
207.5,35.3403167724609,-0.0404624889879893
208.75,35.3403167724609,-0.0340245802130063
210,35.3403167724609,-0.024276824522846
211.25,35.3403167724609,-0.0155566170714192
212.5,35.3403167724609,-0.0109953760131358
213.75,35.3403167724609,-0.00923557232887169
215,35.3403167724609,-0.00916623447258989
216.25,35.3403167724609,-0.0109889646401262
217.5,35.3403167724609,-0.0129651987150067
218.75,35.3403167724609,-0.0138407003908573
220,35.3403167724609,-0.013542187985542
221.25,35.3403167724609,-0.0117673912037823
222.5,35.3403167724609,-0.00950275345130384
223.75,35.3403167724609,-0.00468004152186535
225,35.3403167724609,0.0019179859880581
226.25,35.3403167724609,0.00874082353775108
227.5,35.3403167724609,0.0148347081485384
228.75,35.3403167724609,0.0186065815517148
230,35.3403167724609,0.0206554817732962
231.25,35.3403167724609,0.0227604644410417
232.5,35.3403167724609,0.0250210110769344
233.75,35.3403167724609,0.0244018960455698
235,35.3403167724609,0.0200857201104783
236.25,35.3403167724609,0.0129122859372253
237.5,35.3403167724609,0.00898474967990256
238.75,35.3403167724609,0.00598646503028896
240,35.3403167724609,0.00241981642468005
160,36.2827224731445,0.0306631774943137
161.25,36.2827224731445,0.0301256970464007
162.5,36.2827224731445,0.0313002028462666
163.75,36.2827224731445,0.0345898113666091
165,36.2827224731445,0.0393924145620728
166.25,36.2827224731445,0.0444809332307177
167.5,36.2827224731445,0.0488391938633337
168.75,36.2827224731445,0.0514186742658443
170,36.2827224731445,0.0528331201868831
171.25,36.2827224731445,0.0532341218401912
172.5,36.2827224731445,0.0517612399995209
173.75,36.2827224731445,0.0493659954776535
175,36.2827224731445,0.046527775377382
176.25,36.2827224731445,0.0431388067355927
177.5,36.2827224731445,0.0400632815421701
178.75,36.2827224731445,0.037430246005951
180,36.2827224731445,0.0345952256247938
181.25,36.2827224731445,0.0320313874475406
182.5,36.2827224731445,0.0302570009048453
183.75,36.2827224731445,0.028826036970701
185,36.2827224731445,0.0289647631685487
186.25,36.2827224731445,0.0297056082810118
187.5,36.2827224731445,0.0304666748901045
188.75,36.2827224731445,0.0301085976339875
190,36.2827224731445,0.0295608046128648
191.25,36.2827224731445,0.0283921529811877
192.5,36.2827224731445,0.025939363566669
193.75,36.2827224731445,0.0222636254773541
195,36.2827224731445,0.0180388453373102
196.25,36.2827224731445,0.0132058551148091
197.5,36.2827224731445,0.00747796394652031
198.75,36.2827224731445,0.0014128918306099
200,36.2827224731445,-0.00560569539159186
201.25,36.2827224731445,-0.0126064777876531
202.5,36.2827224731445,-0.0194192414442365
203.75,36.2827224731445,-0.0244637465276303
205,36.2827224731445,-0.0273290249320003
206.25,36.2827224731445,-0.0282934764727985
207.5,36.2827224731445,-0.0278849348440265
208.75,36.2827224731445,-0.0267727220303726
210,36.2827224731445,-0.0236071487593952
211.25,36.2827224731445,-0.0189442276547205
212.5,36.2827224731445,-0.0159781483970305
213.75,36.2827224731445,-0.0141483101225026
215,36.2827224731445,-0.012756083638958
216.25,36.2827224731445,-0.0128154913527792
217.5,36.2827224731445,-0.0138000844550572
218.75,36.2827224731445,-0.0153669299329096
220,36.2827224731445,-0.0166019253599105
221.25,36.2827224731445,-0.016956469619187
222.5,36.2827224731445,-0.0158710106003962
223.75,36.2827224731445,-0.0123518749811564
225,36.2827224731445,-0.00612412861685883
226.25,36.2827224731445,0.000910317965806353
227.5,36.2827224731445,0.00688353429578489
228.75,36.2827224731445,0.0111724284269741
230,36.2827224731445,0.0141167470933345
231.25,36.2827224731445,0.0163834113566297
232.5,36.2827224731445,0.0199299315237354
233.75,36.2827224731445,0.0212784506738831
235,36.2827224731445,0.0186348948900747
236.25,36.2827224731445,0.0149504962167409
237.5,36.2827224731445,0.0142296812970596
238.75,36.2827224731445,0.0146123383717554
160,37.2251281738281,0.0354710711031915
161.25,37.2251281738281,0.0328742397301622
162.5,37.2251281738281,0.0319429995605662
163.75,37.2251281738281,0.0333150142256755
165,37.2251281738281,0.0367928964414864
166.25,37.2251281738281,0.041539310349998
167.5,37.2251281738281,0.0458843587126665
168.75,37.2251281738281,0.0481688570287227
170,37.2251281738281,0.0482033705999836
171.25,37.2251281738281,0.0463349898644009
172.5,37.2251281738281,0.0427129186572795
173.75,37.2251281738281,0.0385598289183216
175,37.2251281738281,0.0337633032663182
176.25,37.2251281738281,0.0287356558653865
177.5,37.2251281738281,0.0246434209097393
178.75,37.2251281738281,0.0217645383388875
180,37.2251281738281,0.0192564870473074
181.25,37.2251281738281,0.0170849324218499
182.5,37.2251281738281,0.0159416055373151
183.75,37.2251281738281,0.0171092247061687
185,37.2251281738281,0.0201147027275803
186.25,37.2251281738281,0.0238680999745808
187.5,37.2251281738281,0.0260138159119188
188.75,37.2251281738281,0.026133869747606
190,37.2251281738281,0.0258012571918326
191.25,37.2251281738281,0.0253991743226868
192.5,37.2251281738281,0.0244924073422084
193.75,37.2251281738281,0.0228349313052891
195,37.2251281738281,0.0205099300888767
196.25,37.2251281738281,0.0179629486238808
197.5,37.2251281738281,0.0149696056978002
198.75,37.2251281738281,0.0109052058864413
200,37.2251281738281,0.00601493162282377
201.25,37.2251281738281,0.000681615517898364
202.5,37.2251281738281,-0.0046281148412123
203.75,37.2251281738281,-0.00841575582201575
205,37.2251281738281,-0.0103496011700889
206.25,37.2251281738281,-0.0111140229979064
207.5,37.2251281738281,-0.0112688325357036
208.75,37.2251281738281,-0.0126556129434909
210,37.2251281738281,-0.0153221343606387
211.25,37.2251281738281,-0.016410264006205
212.5,37.2251281738281,-0.0162425427752674
213.75,37.2251281738281,-0.0153793266726927
215,37.2251281738281,-0.0138706585149807
216.25,37.2251281738281,-0.0132564331967377
217.5,37.2251281738281,-0.0139731286607214
218.75,37.2251281738281,-0.0159010443915293
220,37.2251281738281,-0.0180558935908778
221.25,37.2251281738281,-0.0196756713578839
222.5,37.2251281738281,-0.020520854240293
223.75,37.2251281738281,-0.0187559100600956
225,37.2251281738281,-0.0136633033175024
226.25,37.2251281738281,-0.0067074841973628
227.5,37.2251281738281,-0.000863393620458583
228.75,37.2251281738281,0.00319438535264743
230,37.2251281738281,0.00603579800483063
231.25,37.2251281738281,0.00910738041805618
232.5,37.2251281738281,0.0147676989500396
233.75,37.2251281738281,0.0173009731749829
235,37.2251281738281,0.0163925950542036
236.25,37.2251281738281,0.0164993104916624
237.5,37.2251281738281,0.0173506223298707
238.75,37.2251281738281,0.0157465251801941
160,38.1675415039062,0.0356837802455873
161.25,38.1675415039062,0.0316976544412952
162.5,38.1675415039062,0.0288221932937352
163.75,38.1675415039062,0.0280592463590308
165,38.1675415039062,0.0294166513855516
166.25,38.1675415039062,0.0329326711684412
167.5,38.1675415039062,0.0371973649757946
168.75,38.1675415039062,0.0399777229356564
170,38.1675415039062,0.0401284927175941
171.25,38.1675415039062,0.0382313182867195
172.5,38.1675415039062,0.0342176708210521
173.75,38.1675415039062,0.02853334939821
175,38.1675415039062,0.0224584926625278
176.25,38.1675415039062,0.0161728764641858
177.5,38.1675415039062,0.0110193177595422
178.75,38.1675415039062,0.00722942836224293
180,38.1675415039062,0.00385334943009738
181.25,38.1675415039062,0.000363467590662024
182.5,38.1675415039062,-0.00183854600826027
183.75,38.1675415039062,-0.000697059936695784
185,38.1675415039062,0.00500402536927401
186.25,38.1675415039062,0.012325869209172
187.5,38.1675415039062,0.0169047704955536
188.75,38.1675415039062,0.019021487176246
190,38.1675415039062,0.0203880376118687
191.25,38.1675415039062,0.0211360671547229
192.5,38.1675415039062,0.0211977800642648
193.75,38.1675415039062,0.0211277872009007
195,38.1675415039062,0.0208493753034682
196.25,38.1675415039062,0.0207969229519684
197.5,38.1675415039062,0.0206467861011885
198.75,38.1675415039062,0.0196056709746761
200,38.1675415039062,0.0171231281404277
201.25,38.1675415039062,0.0131178901064647
202.5,38.1675415039062,0.00911766894343026
203.75,38.1675415039062,0.00598301625715342
205,38.1675415039062,0.00406026977671739
206.25,38.1675415039062,0.00283182814496576
207.5,38.1675415039062,0.00199969898901427
208.75,38.1675415039062,0.0005576157875557
210,38.1675415039062,-0.00320260921208708
211.25,38.1675415039062,-0.00735434763691575
212.5,38.1675415039062,-0.0105549533865853
213.75,38.1675415039062,-0.0123663446880275
215,38.1675415039062,-0.0124118171607935
216.25,38.1675415039062,-0.0121041955278271
217.5,38.1675415039062,-0.0132345824774538
218.75,38.1675415039062,-0.0157743989358552
220,38.1675415039062,-0.0183883327536154
221.25,38.1675415039062,-0.021139476700171
222.5,38.1675415039062,-0.0234185475545031
223.75,38.1675415039062,-0.0235149343649107
225,38.1675415039062,-0.020272326952093
226.25,38.1675415039062,-0.0141267221722499
227.5,38.1675415039062,-0.00828400260397059
228.75,38.1675415039062,-0.00380299256129025
230,38.1675415039062,-0.000297502344157512
231.25,38.1675415039062,0.00307616926035476
232.5,38.1675415039062,0.0076544426456312
233.75,38.1675415039062,0.0113502114433
235,38.1675415039062,0.0121115042844557
236.25,38.1675415039062,0.014275311430119
237.5,38.1675415039062,0.0181380488135273
160,39.1099548339844,0.0263815493733787
161.25,39.1099548339844,0.022687665393547
162.5,39.1099548339844,0.0196595430855872
163.75,39.1099548339844,0.0182343670194412
165,39.1099548339844,0.0186394897709799
166.25,39.1099548339844,0.0206452521244884
167.5,39.1099548339844,0.0235261476594834
168.75,39.1099548339844,0.0259439528918407
170,39.1099548339844,0.0268404421655846
171.25,39.1099548339844,0.0258657998196703
172.5,39.1099548339844,0.0218129497556912
173.75,39.1099548339844,0.015075102460528
175,39.1099548339844,0.00831528403822873
176.25,39.1099548339844,0.00239698366907882
177.5,39.1099548339844,-0.00192920122908553
178.75,39.1099548339844,-0.00472390085891248
180,39.1099548339844,-0.00762893086160675
181.25,39.1099548339844,-0.011183397772997
182.5,39.1099548339844,-0.01404113020607
183.75,39.1099548339844,-0.0135746698118758
185,39.1099548339844,-0.00848032129935617
186.25,39.1099548339844,-0.000907118867215776
187.5,39.1099548339844,0.00515120920843116
188.75,39.1099548339844,0.00923686168858748
190,39.1099548339844,0.0122057408880524
191.25,39.1099548339844,0.0143397332703743
192.5,39.1099548339844,0.0157142779372387
193.75,39.1099548339844,0.0171369017361079
195,39.1099548339844,0.0188312164403283
196.25,39.1099548339844,0.0207300859856166
197.5,39.1099548339844,0.0225189966644833
198.75,39.1099548339844,0.0236207524826108
200,39.1099548339844,0.0231753827315004
201.25,39.1099548339844,0.0211619587411838
202.5,39.1099548339844,0.0191454517774212
203.75,39.1099548339844,0.0175497137336114
205,39.1099548339844,0.0157356005697325
206.25,39.1099548339844,0.0138720085825208
207.5,39.1099548339844,0.0124088793944435
208.75,39.1099548339844,0.0108356504464179
210,39.1099548339844,0.00741274454151355
211.25,39.1099548339844,0.00263521431283301
212.5,39.1099548339844,-0.00179806519994381
213.75,39.1099548339844,-0.00552619981846334
215,39.1099548339844,-0.00810638199210213
216.25,39.1099548339844,-0.00971913172444374
217.5,39.1099548339844,-0.0118003768151243
218.75,39.1099548339844,-0.0151095499068689
220,39.1099548339844,-0.0187788529138913
221.25,39.1099548339844,-0.0223504233034618
222.5,39.1099548339844,-0.0253475057143695
223.75,39.1099548339844,-0.0269900842955547
225,39.1099548339844,-0.0256284204103087
226.25,39.1099548339844,-0.0210244692697073
227.5,39.1099548339844,-0.0149510200269051
228.75,39.1099548339844,-0.00938896079741637
230,39.1099548339844,-0.00494925983206678
231.25,39.1099548339844,-0.00185739549407523
232.5,39.1099548339844,0.00212247207942358
233.75,39.1099548339844,0.00600839353163737
235,39.1099548339844,0.00795160586222055
236.25,39.1099548339844,0.0115121975622326
160,40.0523529052734,0.00158815207096272
161.25,40.0523529052734,0.000301918847676398
162.5,40.0523529052734,-0.000845048098538008
163.75,40.0523529052734,-4.35380113871173e-05
165,40.0523529052734,0.00230889224003075
166.25,40.0523529052734,0.00491403800387254
167.5,40.0523529052734,0.00768521305101315
168.75,40.0523529052734,0.01080311174048
170,40.0523529052734,0.0133853093774725
171.25,40.0523529052734,0.0137440948848838
172.5,40.0523529052734,0.0100522857470658
173.75,40.0523529052734,0.00278508091792582
175,40.0523529052734,-0.00473059287714778
176.25,40.0523529052734,-0.0100670945996762
177.5,40.0523529052734,-0.0129488350273329
178.75,40.0523529052734,-0.0145337921978269
180,40.0523529052734,-0.016334614487351
181.25,40.0523529052734,-0.0190665466282561
182.5,40.0523529052734,-0.0220011789855799
183.75,40.0523529052734,-0.0229195076821252
185,40.0523529052734,-0.0197007589102756
186.25,40.0523529052734,-0.0124995006940402
187.5,40.0523529052734,-0.00492152625703805
188.75,40.0523529052734,0.000533988110663674
190,40.0523529052734,0.00423000590546314
191.25,40.0523529052734,0.00724314093092544
192.5,40.0523529052734,0.00952833629676639
193.75,40.0523529052734,0.0119124000536246
195,40.0523529052734,0.0148099181908567
196.25,40.0523529052734,0.0178604140864536
197.5,40.0523529052734,0.0207319419123602
198.75,40.0523529052734,0.023361310257043
200,40.0523529052734,0.0249401727800533
201.25,40.0523529052734,0.0245526387078448
202.5,40.0523529052734,0.0239365906482419
203.75,40.0523529052734,0.0236149689191439
205,40.0523529052734,0.0228086175715472
206.25,40.0523529052734,0.0215284383064828
207.5,40.0523529052734,0.0202270036004737
208.75,40.0523529052734,0.0187284540273907
210,40.0523529052734,0.0159943680321559
211.25,40.0523529052734,0.0116250084263502
212.5,40.0523529052734,0.00667310792890966
213.75,40.0523529052734,0.00135564417023164
215,40.0523529052734,-0.00340414679320963
216.25,40.0523529052734,-0.00696350707667136
217.5,40.0523529052734,-0.0101273782423303
218.75,40.0523529052734,-0.0142169151815073
220,40.0523529052734,-0.018879075058701
221.25,40.0523529052734,-0.0232488728709144
222.5,40.0523529052734,-0.026934854692314
223.75,40.0523529052734,-0.0292688425459111
225,40.0523529052734,-0.0289584681680532
226.25,40.0523529052734,-0.0253757950298651
227.5,40.0523529052734,-0.0199259094580001
228.75,40.0523529052734,-0.0143861723026313
230,40.0523529052734,-0.00937740704439179
231.25,40.0523529052734,-0.00584611355263106
232.5,40.0523529052734,-0.00206181954590843
233.75,40.0523529052734,0.00201490584845549
235,40.0523529052734,0.00460157974871964
236.25,40.0523529052734,0.00913572791772935
160,40.9947662353516,-0.022891725403178
161.25,40.9947662353516,-0.0225386407881441
162.5,40.9947662353516,-0.0226700029185661
163.75,40.9947662353516,-0.0206549013732501
165,40.9947662353516,-0.0165287784502143
166.25,40.9947662353516,-0.0122662007486401
167.5,40.9947662353516,-0.00848640106079499
168.75,40.9947662353516,-0.00517643691545369
170,40.9947662353516,-0.00325675266312974
171.25,40.9947662353516,-0.00339572317550553
172.5,40.9947662353516,-0.0064264496381791
173.75,40.9947662353516,-0.0122003114096212
175,40.9947662353516,-0.0182198424088906
176.25,40.9947662353516,-0.021162753214845
177.5,40.9947662353516,-0.0216855378406824
178.75,40.9947662353516,-0.0212629681801603
180,40.9947662353516,-0.0214594783898042
181.25,40.9947662353516,-0.0227831334307605
182.5,40.9947662353516,-0.0250513993123223
183.75,40.9947662353516,-0.0267456638458809
185,40.9947662353516,-0.0253490538204498
186.25,40.9947662353516,-0.020094224116994
187.5,40.9947662353516,-0.0137300621687168
188.75,40.9947662353516,-0.00815919643019684
190,40.9947662353516,-0.00377766962394874
191.25,40.9947662353516,-0.000179216197193128
192.5,40.9947662353516,0.00305316708637056
193.75,40.9947662353516,0.00645541120520692
195,40.9947662353516,0.0101714227166887
196.25,40.9947662353516,0.0141472626964776
197.5,40.9947662353516,0.0176224815958399
198.75,40.9947662353516,0.0205897128669353
200,40.9947662353516,0.0231124600417542
201.25,40.9947662353516,0.0245527845078086
202.5,40.9947662353516,0.0256442142221136
203.75,40.9947662353516,0.0266494376094756
205,40.9947662353516,0.0268615964976895
206.25,40.9947662353516,0.0260430909976151
207.5,40.9947662353516,0.0246775639031715
208.75,40.9947662353516,0.0232704541890129
210,40.9947662353516,0.0217010069281952
211.25,40.9947662353516,0.0191602404749035
212.5,40.9947662353516,0.0149049522172325
213.75,40.9947662353516,0.00776915438251372
215,40.9947662353516,0.000663116738364806
216.25,40.9947662353516,-0.00457299058057474
217.5,40.9947662353516,-0.00865910127886972
218.75,40.9947662353516,-0.0130332066066681
220,40.9947662353516,-0.0179005930862523
221.25,40.9947662353516,-0.022990250210503
222.5,40.9947662353516,-0.0275894251524112
223.75,40.9947662353516,-0.0303278699293689
225,40.9947662353516,-0.0302193396925786
226.25,40.9947662353516,-0.026936836386006
227.5,40.9947662353516,-0.0224002600933414
228.75,40.9947662353516,-0.0182901315605862
230,40.9947662353516,-0.014295162531843
231.25,40.9947662353516,-0.0104680167392005
232.5,40.9947662353516,-0.00612174203736632
233.75,40.9947662353516,-0.000946684735585757
235,40.9947662353516,0.00285022609794917
236.25,40.9947662353516,0.00310637577993395
160,41.9371795654297,-0.0393197419367769
161.25,41.9371795654297,-0.0389044355579947
162.5,41.9371795654297,-0.0376637881750547
163.75,41.9371795654297,-0.0360578979247802
165,41.9371795654297,-0.0324466945839923
166.25,41.9371795654297,-0.027421204324539
167.5,41.9371795654297,-0.022522992043963
168.75,41.9371795654297,-0.018865924266713
170,41.9371795654297,-0.0170656053358336
171.25,41.9371795654297,-0.0176258588792053
172.5,41.9371795654297,-0.0201956964550448
173.75,41.9371795654297,-0.0239438593568115
175,41.9371795654297,-0.0280444503296985
176.25,41.9371795654297,-0.0297208592048761
177.5,41.9371795654297,-0.0291527254643557
178.75,41.9371795654297,-0.0279167635915611
180,41.9371795654297,-0.0267582927697515
181.25,41.9371795654297,-0.0263645985830014
182.5,41.9371795654297,-0.0271561300223371
183.75,41.9371795654297,-0.0280076480033296
185,41.9371795654297,-0.0271935530779017
186.25,41.9371795654297,-0.0232041666117137
187.5,41.9371795654297,-0.017996787920551
188.75,41.9371795654297,-0.0126829659078358
190,41.9371795654297,-0.00870473450196424
191.25,41.9371795654297,-0.0055694460037341
192.5,41.9371795654297,-0.00284863046586711
193.75,41.9371795654297,0.000296798081598036
195,41.9371795654297,0.00430106938233871
196.25,41.9371795654297,0.00891312616898324
197.5,41.9371795654297,0.0131682984706461
198.75,41.9371795654297,0.0167817009175501
200,41.9371795654297,0.0198122705220727
201.25,41.9371795654297,0.0225911066967961
202.5,41.9371795654297,0.0251341015564685
203.75,41.9371795654297,0.0271391592571626
205,41.9371795654297,0.0280168935587072
206.25,41.9371795654297,0.0277561712792996
207.5,41.9371795654297,0.0268656824320673
208.75,41.9371795654297,0.0260876454279838
210,41.9371795654297,0.0256530269792852
211.25,41.9371795654297,0.0247742985260302
212.5,41.9371795654297,0.0214604541130296
213.75,41.9371795654297,0.0141924023258142
215,41.9371795654297,0.00440360089528994
216.25,41.9371795654297,-0.00311664053577423
217.5,41.9371795654297,-0.00820893509076943
218.75,41.9371795654297,-0.0125269878869504
220,41.9371795654297,-0.0168615028449434
221.25,41.9371795654297,-0.0216475472828491
222.5,41.9371795654297,-0.0262984488153637
223.75,41.9371795654297,-0.0291298683984183
225,41.9371795654297,-0.029283602660486
226.25,41.9371795654297,-0.0271562883582669
227.5,41.9371795654297,-0.0240700392985078
228.75,41.9371795654297,-0.0213409845139786
230,41.9371795654297,-0.0181066428948444
231.25,41.9371795654297,-0.0136166534711097
232.5,41.9371795654297,-0.00845660033299727
233.75,41.9371795654297,-0.00310300391164252
235,41.9371795654297,0.00150073663395912
236.25,41.9371795654297,0.00247601811516654
160,42.8795776367188,-0.0454170330842957
161.25,42.8795776367188,-0.0460171158126777
162.5,42.8795776367188,-0.0453810734647689
163.75,42.8795776367188,-0.0447328943882667
165,42.8795776367188,-0.0433855901541477
166.25,42.8795776367188,-0.0404677872025261
167.5,42.8795776367188,-0.0361768198197251
168.75,42.8795776367188,-0.0326417269784556
170,42.8795776367188,-0.030649458008712
171.25,42.8795776367188,-0.0304593167431783
172.5,42.8795776367188,-0.0317287122059982
173.75,42.8795776367188,-0.0335166951836213
175,42.8795776367188,-0.0348565363625754
176.25,42.8795776367188,-0.0353175786649137
177.5,42.8795776367188,-0.0347784398011093
178.75,42.8795776367188,-0.0331824016795256
180,42.8795776367188,-0.0317862166994702
181.25,42.8795776367188,-0.0307015108721607
182.5,42.8795776367188,-0.0299959032300837
183.75,42.8795776367188,-0.0292970912925019
185,42.8795776367188,-0.0275189979436819
186.25,42.8795776367188,-0.0237198352640471
187.5,42.8795776367188,-0.019157270636905
188.75,42.8795776367188,-0.0150664131615032
190,42.8795776367188,-0.0116324341028542
191.25,42.8795776367188,-0.00904913419800661
192.5,42.8795776367188,-0.00699395392836677
193.75,42.8795776367188,-0.00444480677244952
195,42.8795776367188,-0.00112871463583517
196.25,42.8795776367188,0.00277111258526814
197.5,42.8795776367188,0.00656619500221831
198.75,42.8795776367188,0.0100254769236985
200,42.8795776367188,0.0136388378359064
201.25,42.8795776367188,0.0175053135798497
202.5,42.8795776367188,0.0215454410388545
203.75,42.8795776367188,0.0245454024892155
205,42.8795776367188,0.0256605751350704
206.25,42.8795776367188,0.0257967450027424
207.5,42.8795776367188,0.0259994251219034
208.75,42.8795776367188,0.0269279623874126
210,42.8795776367188,0.028284162807943
211.25,42.8795776367188,0.0287730914710026
212.5,42.8795776367188,0.0262501885618174
213.75,42.8795776367188,0.01914488995492
215,42.8795776367188,0.00819575297410538
216.25,42.8795776367188,-0.00245907519250642
217.5,42.8795776367188,-0.00929998329065244
218.75,42.8795776367188,-0.0135628700003992
220,42.8795776367188,-0.0167569514187226
221.25,42.8795776367188,-0.0204181392590132
222.5,42.8795776367188,-0.0243655843240576
223.75,42.8795776367188,-0.0270465549816909
225,42.8795776367188,-0.027486487974026
226.25,42.8795776367188,-0.0266418991526922
227.5,42.8795776367188,-0.0254824093149415
228.75,42.8795776367188,-0.0238614422571512
230,42.8795776367188,-0.0211475413807233
231.25,42.8795776367188,-0.0158900730747207
232.5,42.8795776367188,-0.00981394679441309
233.75,42.8795776367188,-0.00537520245334316
235,42.8795776367188,-0.00110894533151177
236.25,42.8795776367188,0.000283081457059815
160,43.8219909667969,-0.0469055812618557
161.25,43.8219909667969,-0.0477905850939959
162.5,43.8219909667969,-0.0483452697047231
163.75,43.8219909667969,-0.0480588955699265
165,43.8219909667969,-0.04716084067528
166.25,43.8219909667969,-0.0454602824280366
167.5,43.8219909667969,-0.0427695665547891
168.75,43.8219909667969,-0.0402040183135773
170,43.8219909667969,-0.0389870333734004
171.25,43.8219909667969,-0.0387134402856101
172.5,43.8219909667969,-0.0389885028511633
173.75,43.8219909667969,-0.0396612940431284
175,43.8219909667969,-0.040216167092292
176.25,43.8219909667969,-0.0404323757332398
177.5,43.8219909667969,-0.0402437588605072
178.75,43.8219909667969,-0.0392503538499042
180,43.8219909667969,-0.0375271915967565
181.25,43.8219909667969,-0.0352243161330884
182.5,43.8219909667969,-0.0327050737323931
183.75,43.8219909667969,-0.029932587849296
185,43.8219909667969,-0.0265865095310307
186.25,43.8219909667969,-0.0224700490418677
187.5,43.8219909667969,-0.0184363357396479
188.75,43.8219909667969,-0.0151768407368399
190,43.8219909667969,-0.0126215255028128
191.25,43.8219909667969,-0.0106925434467171
192.5,43.8219909667969,-0.00911612583781989
193.75,43.8219909667969,-0.00745537644900632
195,43.8219909667969,-0.00528624453948926
196.25,43.8219909667969,-0.00246423343407969
197.5,43.8219909667969,0.000470108350809781
198.75,43.8219909667969,0.00311546092237255
200,43.8219909667969,0.00596167713829027
201.25,43.8219909667969,0.00953334159858229
202.5,43.8219909667969,0.0136977819866508
203.75,43.8219909667969,0.017908121211114
205,43.8219909667969,0.0206060849741883
206.25,43.8219909667969,0.0222910570501497
207.5,43.8219909667969,0.0241733089900756
208.75,43.8219909667969,0.0267771714985953
210,43.8219909667969,0.0292001699542586
211.25,43.8219909667969,0.0300498231050365
212.5,43.8219909667969,0.0278630006691456
213.75,43.8219909667969,0.0215297813564122
215,43.8219909667969,0.0110134667193687
216.25,43.8219909667969,-0.000925410566207673
217.5,43.8219909667969,-0.0102982211660657
218.75,43.8219909667969,-0.0153078939576147
220,43.8219909667969,-0.0179011873137675
221.25,43.8219909667969,-0.020268058542444
222.5,43.8219909667969,-0.0231645673940368
223.75,43.8219909667969,-0.0256136651353768
225,43.8219909667969,-0.0267427220337427
226.25,43.8219909667969,-0.0273189518586892
227.5,43.8219909667969,-0.0278610129659916
228.75,43.8219909667969,-0.0273000332308869
230,43.8219909667969,-0.0241868502528726
231.25,43.8219909667969,-0.0181490606493439
232.5,43.8219909667969,-0.0108756728419876
233.75,43.8219909667969,-0.00707958391061175
235,43.8219909667969,-0.00480050545437386
236.25,43.8219909667969,-0.00372661105720151
160,44.764404296875,-0.0428287198762511
161.25,44.764404296875,-0.0433303605822529
162.5,44.764404296875,-0.0440283917870477
163.75,44.764404296875,-0.0443140343329423
165,44.764404296875,-0.0439590174289969
166.25,44.764404296875,-0.0433004514692081
167.5,44.764404296875,-0.0423162813649283
168.75,44.764404296875,-0.0414338929525759
170,44.764404296875,-0.0411143675718055
171.25,44.764404296875,-0.0406316917717262
172.5,44.764404296875,-0.0400817093546647
173.75,44.764404296875,-0.0401058458607993
175,44.764404296875,-0.0405237462889983
176.25,44.764404296875,-0.0409603578234626
177.5,44.764404296875,-0.0415567684330575
178.75,44.764404296875,-0.0411676337284615
180,44.764404296875,-0.0394545901633795
181.25,44.764404296875,-0.0364698320796919
182.5,44.764404296875,-0.0326455987652717
183.75,44.764404296875,-0.0281696365457626
185,44.764404296875,-0.0235002852477258
186.25,44.764404296875,-0.0191201629891697
187.5,44.764404296875,-0.0154766280778195
188.75,44.764404296875,-0.0128456116837427
190,44.764404296875,-0.010936922676725
191.25,44.764404296875,-0.00960141155020459
192.5,44.764404296875,-0.00858149003109268
193.75,44.764404296875,-0.00777065738816609
195,44.764404296875,-0.00685347283876283
196.25,44.764404296875,-0.00588452057015055
197.5,44.764404296875,-0.004671179164046
198.75,44.764404296875,-0.00311817826277724
200,44.764404296875,-0.000828988668612783
201.25,44.764404296875,0.00230135263518479
202.5,44.764404296875,0.00619425549144525
203.75,44.764404296875,0.0103914121611559
205,44.764404296875,0.0141711309923453
206.25,44.764404296875,0.0175767966218594
207.5,44.764404296875,0.0212955543002727
208.75,44.764404296875,0.0251779431963958
210,44.764404296875,0.0277564429470615
211.25,44.764404296875,0.028013730212376
212.5,44.764404296875,0.0253908319568129
213.75,44.764404296875,0.0195903076696069
215,44.764404296875,0.0105512239356171
216.25,44.764404296875,-0.000172126476367361
217.5,44.764404296875,-0.00955467365570863
218.75,44.764404296875,-0.0157839768708404
220,44.764404296875,-0.0189835972253695
221.25,44.764404296875,-0.0209842270390832
222.5,44.764404296875,-0.0231231214481659
223.75,44.764404296875,-0.0254454618779003
225,44.764404296875,-0.0275326254112667
226.25,44.764404296875,-0.0296491949349844
227.5,44.764404296875,-0.0314941570564514
228.75,44.764404296875,-0.0317137334910066
230,44.764404296875,-0.0286091567693122
231.25,44.764404296875,-0.0210445700101874
232.5,44.764404296875,-0.0120920392429449
233.75,44.764404296875,-0.00751394960241268
235,44.764404296875,-0.00665851736328243
236.25,44.764404296875,-0.00708094852304364
160,45.7068023681641,-0.0350765929643634
161.25,45.7068023681641,-0.0352279175019776
162.5,45.7068023681641,-0.0357617708271013
163.75,45.7068023681641,-0.0364037433463163
165,45.7068023681641,-0.0365437617486101
166.25,45.7068023681641,-0.0368005964727633
167.5,45.7068023681641,-0.0368445321880062
168.75,45.7068023681641,-0.036684772526671
170,45.7068023681641,-0.0365138675380559
171.25,45.7068023681641,-0.0359933340883776
172.5,45.7068023681641,-0.0356466050144258
173.75,45.7068023681641,-0.0360150514917974
175,45.7068023681641,-0.036987632044038
176.25,45.7068023681641,-0.0382409032110558
177.5,45.7068023681641,-0.0393168258252397
178.75,45.7068023681641,-0.0390635717681261
180,45.7068023681641,-0.0370054848580647
181.25,45.7068023681641,-0.0337035092411126
182.5,45.7068023681641,-0.0296808008321814
183.75,45.7068023681641,-0.0250210560336359
185,45.7068023681641,-0.0201417104114025
186.25,45.7068023681641,-0.0155213029533896
187.5,45.7068023681641,-0.011544191237325
188.75,45.7068023681641,-0.00874415284039841
190,45.7068023681641,-0.00707766776682621
191.25,45.7068023681641,-0.00614947055034086
192.5,45.7068023681641,-0.00594464431121434
193.75,45.7068023681641,-0.00635872258895793
195,45.7068023681641,-0.00682375128636332
196.25,45.7068023681641,-0.00746972691979822
197.5,45.7068023681641,-0.00772843946007702
198.75,45.7068023681641,-0.00726246610920079
200,45.7068023681641,-0.00586385425291851
201.25,45.7068023681641,-0.00343391515305355
202.5,45.7068023681641,0.00033121212786322
203.75,45.7068023681641,0.00473251003795099
205,45.7068023681641,0.00909136559414063
206.25,45.7068023681641,0.0131873788724918
207.5,45.7068023681641,0.0175239857137632
208.75,45.7068023681641,0.0212366387656479
210,45.7068023681641,0.0234224998197514
211.25,45.7068023681641,0.0232673460993952
212.5,45.7068023681641,0.0205113880653998
213.75,45.7068023681641,0.0153112909793802
215,45.7068023681641,0.00780708197874765
216.25,45.7068023681641,-0.00103223048613611
217.5,45.7068023681641,-0.00903428413361227
218.75,45.7068023681641,-0.0150678788179301
220,45.7068023681641,-0.0192615958986089
221.25,45.7068023681641,-0.0216038006147628
222.5,45.7068023681641,-0.0238992141081566
223.75,45.7068023681641,-0.0268430023909099
225,45.7068023681641,-0.0303870129422405
226.25,45.7068023681641,-0.0339362177744379
227.5,45.7068023681641,-0.0365040798393377
228.75,45.7068023681641,-0.0368887047751954
230,45.7068023681641,-0.0333641376225154
231.25,45.7068023681641,-0.0250824904604674
232.5,45.7068023681641,-0.0138572024774493
233.75,45.7068023681641,-0.00687472360178661
235,45.7068023681641,-0.00425241633755338
236.25,45.7068023681641,-0.00109043062486598
160,46.6492156982422,-0.0274879547572129
161.25,46.6492156982422,-0.0271911897279819
162.5,46.6492156982422,-0.0269387612685273
163.75,46.6492156982422,-0.0271863812285715
165,46.6492156982422,-0.0270924368443656
166.25,46.6492156982422,-0.0276681924208152
167.5,46.6492156982422,-0.0285219876726095
168.75,46.6492156982422,-0.0292539316809182
170,46.6492156982422,-0.0296624547828427
171.25,46.6492156982422,-0.0298116848360746
172.5,46.6492156982422,-0.0303160926962441
173.75,46.6492156982422,-0.031440212803609
175,46.6492156982422,-0.0331470986688231
176.25,46.6492156982422,-0.0348456048628638
177.5,46.6492156982422,-0.0356159780461676
178.75,46.6492156982422,-0.0347058702495829
180,46.6492156982422,-0.031744831689758
181.25,46.6492156982422,-0.0279664824127025
182.5,46.6492156982422,-0.024035882643843
183.75,46.6492156982422,-0.0198102083004932
185,46.6492156982422,-0.0156473154098107
186.25,46.6492156982422,-0.011398320696501
187.5,46.6492156982422,-0.00752092446138582
188.75,46.6492156982422,-0.0047386045628104
190,46.6492156982422,-0.00304507593431874
191.25,46.6492156982422,-0.00230523091415987
192.5,46.6492156982422,-0.00254129216254689
193.75,46.6492156982422,-0.00393743978830862
195,46.6492156982422,-0.00579405405566349
196.25,46.6492156982422,-0.00785620426340832
197.5,46.6492156982422,-0.00930556936277111
198.75,46.6492156982422,-0.009514947173197
200,46.6492156982422,-0.00850027842257795
201.25,46.6492156982422,-0.00632408811439012
202.5,46.6492156982422,-0.00291937738402882
203.75,46.6492156982422,0.00111830353364824
205,46.6492156982422,0.00521697926515669
206.25,46.6492156982422,0.00915705221782649
207.5,46.6492156982422,0.013158964688329
208.75,46.6492156982422,0.0163315974366321
210,46.6492156982422,0.0176824089056337
211.25,46.6492156982422,0.0166494575256149
212.5,46.6492156982422,0.0135456776985773
213.75,46.6492156982422,0.00942579676423788
215,46.6492156982422,0.00371044906303509
216.25,46.6492156982422,-0.00326604502220003
217.5,46.6492156982422,-0.00997265637294678
218.75,46.6492156982422,-0.0155127554652279
220,46.6492156982422,-0.0194620044977663
221.25,46.6492156982422,-0.0223282514535679
222.5,46.6492156982422,-0.0254622597051628
223.75,46.6492156982422,-0.029445117190198
225,46.6492156982422,-0.0343416842299685
226.25,46.6492156982422,-0.0393585199508462
227.5,46.6492156982422,-0.0423762092131062
228.75,46.6492156982422,-0.0421335925330585
230,46.6492156982422,-0.0378504301528854
231.25,46.6492156982422,-0.0285127265736223
232.5,46.6492156982422,-0.0162851625536118
233.75,46.6492156982422,-0.00623393078448172
235,46.6492156982422,0.00138045154434884
236.25,46.6492156982422,0.00809153758404664
160,47.5916290283203,-0.0188766041154351
161.25,47.5916290283203,-0.0195007812175743
162.5,47.5916290283203,-0.0197854496972212
163.75,47.5916290283203,-0.0204033764827403
165,47.5916290283203,-0.0206946782717227
166.25,47.5916290283203,-0.0217417915337386
167.5,47.5916290283203,-0.0232279501405138
168.75,47.5916290283203,-0.0241641562989787
170,47.5916290283203,-0.0246162296261848
171.25,47.5916290283203,-0.0251255186164266
172.5,47.5916290283203,-0.0257927008890693
173.75,47.5916290283203,-0.0265467522290688
175,47.5916290283203,-0.0274482928338574
176.25,47.5916290283203,-0.0279896343713558
177.5,47.5916290283203,-0.0276465330435483
178.75,47.5916290283203,-0.0261342180972941
180,47.5916290283203,-0.0235737968105028
181.25,47.5916290283203,-0.0204002493430795
182.5,47.5916290283203,-0.0175339207549536
183.75,47.5916290283203,-0.0140768391747192
185,47.5916290283203,-0.0102854554809467
186.25,47.5916290283203,-0.00619609342186758
187.5,47.5916290283203,-0.0023604343706668
188.75,47.5916290283203,0.000303158953915457
190,47.5916290283203,0.00145298593078445
191.25,47.5916290283203,0.00138046610667262
192.5,47.5916290283203,0.000296360513437297
193.75,47.5916290283203,-0.00176911543190768
195,47.5916290283203,-0.00449867532815089
196.25,47.5916290283203,-0.00732598296953074
197.5,47.5916290283203,-0.00959545385812727
198.75,47.5916290283203,-0.0104336371856767
200,47.5916290283203,-0.00967755476485765
201.25,47.5916290283203,-0.0076193201672954
202.5,47.5916290283203,-0.00440422423800758
203.75,47.5916290283203,-0.000619215073908978
205,47.5916290283203,0.00304736559446264
206.25,47.5916290283203,0.00635186933775161
207.5,47.5916290283203,0.0089970027844099
208.75,47.5916290283203,0.0106968044649131
210,47.5916290283203,0.0111981973070075
211.25,47.5916290283203,0.00975473065936671
212.5,47.5916290283203,0.00678656572948435
213.75,47.5916290283203,0.00303025848902536
215,47.5916290283203,-0.00169365887180927
216.25,47.5916290283203,-0.00716397553104918
217.5,47.5916290283203,-0.012762370998771
218.75,47.5916290283203,-0.0176959600100269
220,47.5916290283203,-0.0213723541366204
221.25,47.5916290283203,-0.0244770696698706
222.5,47.5916290283203,-0.0285728527631292
223.75,47.5916290283203,-0.0335967868184276
225,47.5916290283203,-0.0390960483047264
226.25,47.5916290283203,-0.0443595185621573
227.5,47.5916290283203,-0.0474469488897575
228.75,47.5916290283203,-0.047203567439638
230,47.5916290283203,-0.0417145852516068
231.25,47.5916290283203,-0.0308327710820096
232.5,47.5916290283203,-0.0184499914430601
233.75,47.5916290283203,-0.00881893368195139
235,47.5916290283203,-0.00416177931061661
236.25,47.5916290283203,-0.00594055373526401
160,48.5340270996094,-0.00981704975507408
161.25,48.5340270996094,-0.0126029824792881
162.5,48.5340270996094,-0.0140251035890036
163.75,48.5340270996094,-0.0150175528857435
165,48.5340270996094,-0.015811361222706
166.25,48.5340270996094,-0.0170187656177223
167.5,48.5340270996094,-0.0182186038445233
168.75,48.5340270996094,-0.018885555331772
170,48.5340270996094,-0.0193218525347826
171.25,48.5340270996094,-0.0199960667769075
172.5,48.5340270996094,-0.0203168454467292
173.75,48.5340270996094,-0.0202351209472645
175,48.5340270996094,-0.0199617571715594
176.25,48.5340270996094,-0.0190627829095983
177.5,48.5340270996094,-0.017027992719651
178.75,48.5340270996094,-0.0144344994044551
180,48.5340270996094,-0.0117258137666956
181.25,48.5340270996094,-0.00899062974555272
182.5,48.5340270996094,-0.00661966756642019
183.75,48.5340270996094,-0.00429530629413919
185,48.5340270996094,-0.00158069339599588
186.25,48.5340270996094,0.000917282011637337
187.5,48.5340270996094,0.00291676793392981
188.75,48.5340270996094,0.00400703821196199
190,48.5340270996094,0.00410953770702699
191.25,48.5340270996094,0.00327554249558887
192.5,48.5340270996094,0.00158693709004361
193.75,48.5340270996094,-0.000822795594277279
195,48.5340270996094,-0.00389210133935771
196.25,48.5340270996094,-0.00684208887031352
197.5,48.5340270996094,-0.00947297341446373
198.75,48.5340270996094,-0.0104997962695385
200,48.5340270996094,-0.00955715781206987
201.25,48.5340270996094,-0.00747711012692583
202.5,48.5340270996094,-0.00475207596279088
203.75,48.5340270996094,-0.00172366171624161
205,48.5340270996094,0.00124154998121602
206.25,48.5340270996094,0.00386071217987087
207.5,48.5340270996094,0.00541799548863113
208.75,48.5340270996094,0.00544293069131884
210,48.5340270996094,0.00440013112338912
211.25,48.5340270996094,0.00260350533589855
212.5,48.5340270996094,-6.0988055089628e-05
213.75,48.5340270996094,-0.00326169057668122
215,48.5340270996094,-0.00736584576314512
216.25,48.5340270996094,-0.0125174319187791
217.5,48.5340270996094,-0.0177794537438414
218.75,48.5340270996094,-0.0219304648590335
220,48.5340270996094,-0.0251471650278149
221.25,48.5340270996094,-0.028947294836822
222.5,48.5340270996094,-0.0341347930701078
223.75,48.5340270996094,-0.0400148351099903
225,48.5340270996094,-0.0453381592313538
226.25,48.5340270996094,-0.0494500421967279
227.5,48.5340270996094,-0.0514800698891693
228.75,48.5340270996094,-0.0496746669131975
230,48.5340270996094,-0.0418355954428777
231.25,48.5340270996094,-0.0301283038750795
232.5,48.5340270996094,-0.0191728867973518
233.75,48.5340270996094,-0.0100136330074436
235,48.5340270996094,-0.00628971790141757
236.25,48.5340270996094,-0.00611369397137159
160,49.4764404296875,0.00176786886689495
161.25,49.4764404296875,-0.00393363018604132
162.5,49.4764404296875,-0.00759028622518698
163.75,49.4764404296875,-0.00985688681183116
165,49.4764404296875,-0.0114170790229573
166.25,49.4764404296875,-0.0126696919540271
167.5,49.4764404296875,-0.0134986013150302
168.75,49.4764404296875,-0.0134942505401543
170,49.4764404296875,-0.0133129722352144
171.25,49.4764404296875,-0.0129293766517146
172.5,49.4764404296875,-0.0118967900390136
173.75,49.4764404296875,-0.0104684116464316
175,49.4764404296875,-0.0089942713881638
176.25,49.4764404296875,-0.00697656240196183
177.5,49.4764404296875,-0.00448907076795147
178.75,49.4764404296875,-0.00223902808069474
180,49.4764404296875,-0.000781654999977485
181.25,49.4764404296875,2.84006646376562e-05
182.5,49.4764404296875,0.00101467951083938
183.75,49.4764404296875,0.0027487680475074
185,49.4764404296875,0.00462240016633058
186.25,49.4764404296875,0.00545762861321733
187.5,49.4764404296875,0.00550995719140539
188.75,49.4764404296875,0.00459865803553273
190,49.4764404296875,0.00355798792105156
191.25,49.4764404296875,0.00247920575192692
192.5,49.4764404296875,0.000779839971911575
193.75,49.4764404296875,-0.00184749676659818
195,49.4764404296875,-0.00470822093373062
196.25,49.4764404296875,-0.00716026489220139
197.5,49.4764404296875,-0.0089493506723831
198.75,49.4764404296875,-0.00961202940323163
200,49.4764404296875,-0.00869906485336339
201.25,49.4764404296875,-0.00718315390409353
202.5,49.4764404296875,-0.00551867268085883
203.75,49.4764404296875,-0.00376080271702373
205,49.4764404296875,-0.00204693486252254
206.25,49.4764404296875,-0.000430144248793058
207.5,49.4764404296875,0.000483624250796499
208.75,49.4764404296875,0.000112423493418003
210,49.4764404296875,-0.0011431314599461
211.25,49.4764404296875,-0.00306880107662946
212.5,49.4764404296875,-0.00585575440153236
213.75,49.4764404296875,-0.00926121250081817
215,49.4764404296875,-0.0133157191613558
216.25,49.4764404296875,-0.0182147088815362
217.5,49.4764404296875,-0.0230969854958589
218.75,49.4764404296875,-0.0273235259524987
220,49.4764404296875,-0.0309912778483266
221.25,49.4764404296875,-0.035173310310547
222.5,49.4764404296875,-0.0406643535042654
223.75,49.4764404296875,-0.0463725479671668
225,49.4764404296875,-0.0508648196754331
226.25,49.4764404296875,-0.0535404370025757
227.5,49.4764404296875,-0.053304605130863
228.75,49.4764404296875,-0.0484347561403817
230,49.4764404296875,-0.0386822922816404
231.25,49.4764404296875,-0.0283768182449442
232.5,49.4764404296875,-0.0198825850448907
233.75,49.4764404296875,-0.01219513992549
235,49.4764404296875,-0.00428544134669513
160,50.4188537597656,0.0122765647672426
161.25,50.4188537597656,0.00697170427988196
162.5,50.4188537597656,0.00114783274954332
163.75,50.4188537597656,-0.00267594773392745
165,50.4188537597656,-0.00495577374847664
166.25,50.4188537597656,-0.00583153249764588
167.5,50.4188537597656,-0.00608910779315458
168.75,50.4188537597656,-0.00595510050131988
170,50.4188537597656,-0.00558708772896439
171.25,50.4188537597656,-0.00479691501182294
172.5,50.4188537597656,-0.00345087356500351
173.75,50.4188537597656,-0.00215183323558111
175,50.4188537597656,-0.00114855926639783
176.25,50.4188537597656,0.000661978413288177
177.5,50.4188537597656,0.00334018043419703
178.75,50.4188537597656,0.00554208831357775
180,50.4188537597656,0.00644173834134481
181.25,50.4188537597656,0.00648191693749403
182.5,50.4188537597656,0.00638877525715402
183.75,50.4188537597656,0.00640837327089311
185,50.4188537597656,0.00597339998232647
186.25,50.4188537597656,0.00475538431481298
187.5,50.4188537597656,0.0030866215490638
188.75,50.4188537597656,0.00088371836140569
190,50.4188537597656,-0.00104153144771981
191.25,50.4188537597656,-0.00278465791004125
192.5,50.4188537597656,-0.00452767676016835
193.75,50.4188537597656,-0.00605041088388643
195,50.4188537597656,-0.00742126238986986
196.25,50.4188537597656,-0.00869331998321476
197.5,50.4188537597656,-0.00978005287673719
198.75,50.4188537597656,-0.0102775678237093
200,50.4188537597656,-0.0101513985769686
201.25,50.4188537597656,-0.0100033235884405
202.5,50.4188537597656,-0.00953768382789402
203.75,50.4188537597656,-0.00842142881488259
205,50.4188537597656,-0.00705733145966597
206.25,50.4188537597656,-0.00586961073252537
207.5,50.4188537597656,-0.0053570135124247
208.75,50.4188537597656,-0.00562455367705414
210,50.4188537597656,-0.0062748969803332
211.25,50.4188537597656,-0.00761599212833152
212.5,50.4188537597656,-0.010160858991919
213.75,50.4188537597656,-0.0138975072453066
215,50.4188537597656,-0.0186647383037108
216.25,50.4188537597656,-0.0239342441469005
217.5,50.4188537597656,-0.0283349602026765
218.75,50.4188537597656,-0.0325357580929932
220,50.4188537597656,-0.0367797489629677
221.25,50.4188537597656,-0.0419598172539847
222.5,50.4188537597656,-0.0473561941602617
223.75,50.4188537597656,-0.0516230516255412
225,50.4188537597656,-0.0543731055014904
226.25,50.4188537597656,-0.0544586401101588
227.5,50.4188537597656,-0.0512569263280539
228.75,50.4188537597656,-0.0450036603474935
230,50.4188537597656,-0.0358204693086671
231.25,50.4188537597656,-0.0264758271648646
232.5,50.4188537597656,-0.0220852237211362
233.75,50.4188537597656,-0.0157444664875538
160,51.3612518310547,0.0205438104438955
161.25,51.3612518310547,0.0191602389939244
162.5,51.3612518310547,0.012979354799707
163.75,51.3612518310547,0.00707028145754028
165,51.3612518310547,0.00347415121824102
166.25,51.3612518310547,0.00177201355201855
167.5,51.3612518310547,0.0008387293783116
168.75,51.3612518310547,0.000593417240526281
170,51.3612518310547,0.000992358445386932
171.25,51.3612518310547,0.00195338390762999
172.5,51.3612518310547,0.00335186329813954
173.75,51.3612518310547,0.00479572377274403
175,51.3612518310547,0.00588694893623126
176.25,51.3612518310547,0.00727187364875955
177.5,51.3612518310547,0.00919571602711378
178.75,51.3612518310547,0.0106598682023411
180,51.3612518310547,0.0108149934665605
181.25,51.3612518310547,0.0099869049661298
182.5,51.3612518310547,0.00881433689854201
183.75,51.3612518310547,0.00793694778836555
185,51.3612518310547,0.00618524701041356
186.25,51.3612518310547,0.00319385172891368
187.5,51.3612518310547,-0.000849616436381767
188.75,51.3612518310547,-0.00446839007983368
190,51.3612518310547,-0.00723310112415415
191.25,51.3612518310547,-0.00949690135304876
192.5,51.3612518310547,-0.0116454627639998
193.75,51.3612518310547,-0.0132117567457281
195,51.3612518310547,-0.0141805842212131
196.25,51.3612518310547,-0.0149635498666022
197.5,51.3612518310547,-0.0153167725326634
198.75,51.3612518310547,-0.0153834888795909
200,51.3612518310547,-0.0153309379099086
201.25,51.3612518310547,-0.0155962439842989
202.5,51.3612518310547,-0.015511014191774
203.75,51.3612518310547,-0.0149402447174011
205,51.3612518310547,-0.013734771940576
206.25,51.3612518310547,-0.0123282740785573
207.5,51.3612518310547,-0.0111692208963049
208.75,51.3612518310547,-0.0105057460672374
210,51.3612518310547,-0.0105785263922627
211.25,51.3612518310547,-0.0118340349687795
212.5,51.3612518310547,-0.0142141233483243
213.75,51.3612518310547,-0.0180333244110372
215,51.3612518310547,-0.0231940400080932
216.25,51.3612518310547,-0.0287916324412812
217.5,51.3612518310547,-0.0338235797491067
218.75,51.3612518310547,-0.0382849409914172
220,51.3612518310547,-0.0426976416633491
221.25,51.3612518310547,-0.0477996366237187
222.5,51.3612518310547,-0.0524690932481109
223.75,51.3612518310547,-0.0552781145932885
225,51.3612518310547,-0.055121081418413
226.25,51.3612518310547,-0.0514111310099295
227.5,51.3612518310547,-0.0450286016515687
228.75,51.3612518310547,-0.0374546122621469
230,51.3612518310547,-0.0293232209603943
231.25,51.3612518310547,-0.023764843359486
232.5,51.3612518310547,-0.0244026742983311
160,52.3036651611328,0.0240196917965865
161.25,52.3036651611328,0.0260206108622783
162.5,52.3036651611328,0.0244240068075233
163.75,52.3036651611328,0.0195743667742901
165,52.3036651611328,0.0153955750892922
166.25,52.3036651611328,0.0128296294488485
167.5,52.3036651611328,0.0109068040580311
168.75,52.3036651611328,0.00953849069350904
170,52.3036651611328,0.00878990677595058
171.25,52.3036651611328,0.00870033425950059
172.5,52.3036651611328,0.00937905208636546
173.75,52.3036651611328,0.0102933565646422
175,52.3036651611328,0.0107377925484421
176.25,52.3036651611328,0.0118818536088796
177.5,52.3036651611328,0.0136890289520632
178.75,52.3036651611328,0.0150630712109492
180,52.3036651611328,0.0150505959689386
181.25,52.3036651611328,0.0134348622139111
182.5,52.3036651611328,0.0110767811869712
183.75,52.3036651611328,0.00943197941200605
185,52.3036651611328,0.00723836272312439
186.25,52.3036651611328,0.00415174307551261
187.5,52.3036651611328,0.00033672749193205
188.75,52.3036651611328,-0.00476052781009821
190,52.3036651611328,-0.00924724519794528
191.25,52.3036651611328,-0.0132167972972133
192.5,52.3036651611328,-0.0162432568819557
193.75,52.3036651611328,-0.0179709199809255
195,52.3036651611328,-0.0188147726209683
196.25,52.3036651611328,-0.0195397425619762
197.5,52.3036651611328,-0.0201085471585429
198.75,52.3036651611328,-0.0205730572741648
200,52.3036651611328,-0.021007389441898
201.25,52.3036651611328,-0.0207583791883023
202.5,52.3036651611328,-0.0199899299058701
203.75,52.3036651611328,-0.0194000681563971
205,52.3036651611328,-0.0189791709863875
206.25,52.3036651611328,-0.0184899516543166
207.5,52.3036651611328,-0.017221921529976
208.75,52.3036651611328,-0.0152785717576313
210,52.3036651611328,-0.0142609612913084
211.25,52.3036651611328,-0.0149693527025041
212.5,52.3036651611328,-0.0173683975230601
213.75,52.3036651611328,-0.0214875401387188
215,52.3036651611328,-0.0267329119711625
216.25,52.3036651611328,-0.0325197604749869
217.5,52.3036651611328,-0.0381744334366804
218.75,52.3036651611328,-0.0433575609953085
220,52.3036651611328,-0.0480509427612211
221.25,52.3036651611328,-0.0520453909224636
222.5,52.3036651611328,-0.0549225902680878
223.75,52.3036651611328,-0.0553514818941184
225,52.3036651611328,-0.0518621458901756
226.25,52.3036651611328,-0.0452912288947939
227.5,52.3036651611328,-0.0372626734140158
228.75,52.3036651611328,-0.0279634838745864
230,52.3036651611328,-0.0227266207031837
231.25,52.3036651611328,-0.0239384056449091
232.5,52.3036651611328,-0.0255815384676602
160,53.2460784912109,0.0252812368811422
161.25,53.2460784912109,0.0276419548179385
162.5,53.2460784912109,0.0289642945370774
163.75,53.2460784912109,0.029093326452159
165,53.2460784912109,0.0266069969019791
166.25,53.2460784912109,0.0231473840997686
167.5,53.2460784912109,0.0199015374038529
168.75,53.2460784912109,0.0176669596737529
170,53.2460784912109,0.0164683347301455
171.25,53.2460784912109,0.0160267737521082
172.5,53.2460784912109,0.0163518057278786
173.75,53.2460784912109,0.0167576841815572
175,53.2460784912109,0.0169902099776678
176.25,53.2460784912109,0.0175024933145318
177.5,53.2460784912109,0.0183475498593866
178.75,53.2460784912109,0.0188778846683859
180,53.2460784912109,0.0182124429163731
181.25,53.2460784912109,0.0159648902416428
182.5,53.2460784912109,0.0129748310653498
183.75,53.2460784912109,0.0101057305444602
185,53.2460784912109,0.00731059314083579
186.25,53.2460784912109,0.00414534401891569
187.5,53.2460784912109,0.000300296436675272
188.75,53.2460784912109,-0.0042626798662041
190,53.2460784912109,-0.00888452307644854
191.25,53.2460784912109,-0.0132060409055936
192.5,53.2460784912109,-0.0165262061500832
193.75,53.2460784912109,-0.0185883011179331
195,53.2460784912109,-0.0185171438668855
196.25,53.2460784912109,-0.0183422700756118
197.5,53.2460784912109,-0.0189558998836237
198.75,53.2460784912109,-0.0197569812089323
200,53.2460784912109,-0.0208797070175973
201.25,53.2460784912109,-0.0215692000222773
202.5,53.2460784912109,-0.0218432192065945
203.75,53.2460784912109,-0.0227028328351141
205,53.2460784912109,-0.0238434796092109
206.25,53.2460784912109,-0.0241556450718768
207.5,53.2460784912109,-0.0231367131752622
208.75,53.2460784912109,-0.0209996173769608
210,53.2460784912109,-0.0190291788097305
211.25,53.2460784912109,-0.0185937153673126
212.5,53.2460784912109,-0.0201812206530435
213.75,53.2460784912109,-0.0239335189347203
215,53.2460784912109,-0.0293392097234959
216.25,53.2460784912109,-0.0354799145801891
217.5,53.2460784912109,-0.0412410021594401
218.75,53.2460784912109,-0.0463437717112379
220,53.2460784912109,-0.0506050040199298
221.25,53.2460784912109,-0.0534079326120781
222.5,53.2460784912109,-0.0539798288252336
223.75,53.2460784912109,-0.0521435363203098
225,53.2460784912109,-0.0475956520454873
226.25,53.2460784912109,-0.0415391844080092
227.5,53.2460784912109,-0.0340737653153374
228.75,53.2460784912109,-0.0268108058999519
230,53.2460784912109,-0.0220617721813292
231.25,53.2460784912109,-0.0242720821848374
160,54.1884765625,0.0272990185185889
161.25,54.1884765625,0.0274662422863317
162.5,54.1884765625,0.0273154117703369
163.75,54.1884765625,0.0284399726276851
165,54.1884765625,0.0303564521925093
166.25,54.1884765625,0.0299391552531659
167.5,54.1884765625,0.027611589829396
168.75,54.1884765625,0.0250980766191271
170,54.1884765625,0.0231095326847787
171.25,54.1884765625,0.0221488123868785
172.5,54.1884765625,0.0216650683125031
173.75,54.1884765625,0.0212287052693373
175,54.1884765625,0.0208653364500939
176.25,54.1884765625,0.0208901993553404
177.5,54.1884765625,0.0209567892882702
178.75,54.1884765625,0.020806726539829
180,54.1884765625,0.0197894531307848
181.25,54.1884765625,0.0171775665764741
182.5,54.1884765625,0.0136465629405216
183.75,54.1884765625,0.0103336315680525
185,54.1884765625,0.00736353843762529
186.25,54.1884765625,0.00420602144721506
187.5,54.1884765625,0.000515981297405872
188.75,54.1884765625,-0.00375184960447135
190,54.1884765625,-0.00840818390641075
191.25,54.1884765625,-0.0129612493725262
192.5,54.1884765625,-0.0166112098945807
193.75,54.1884765625,-0.018495363588888
195,54.1884765625,-0.019908562684072
196.25,54.1884765625,-0.0182892122314199
197.5,54.1884765625,-0.0200093192182882
198.75,54.1884765625,-0.019777960646355
200,54.1884765625,-0.0206512732737423
201.25,54.1884765625,-0.0222621707876555
202.5,54.1884765625,-0.0233755250814277
203.75,54.1884765625,-0.0249503667335174
205,54.1884765625,-0.027488053365144
206.25,54.1884765625,-0.0293132008960324
207.5,54.1884765625,-0.0294860447673719
208.75,54.1884765625,-0.0278720877401903
210,54.1884765625,-0.0257876676063426
211.25,54.1884765625,-0.0246032179244115
212.5,54.1884765625,-0.0248217554023663
213.75,54.1884765625,-0.0268461846772619
215,54.1884765625,-0.0311376279871816
216.25,54.1884765625,-0.0367591933065138
217.5,54.1884765625,-0.0423025722064442
218.75,54.1884765625,-0.0469251398619885
220,54.1884765625,-0.050182726663777
221.25,54.1884765625,-0.0512245493194239
222.5,54.1884765625,-0.0497314449673064
223.75,54.1884765625,-0.0464796037408893
225,54.1884765625,-0.0426171737894372
226.25,54.1884765625,-0.0374472792402638
227.5,54.1884765625,-0.0322927857635961
228.75,54.1884765625,-0.0269890412607857
230,54.1884765625,-0.0221131071659243
161.25,55.1308898925781,0.0246599343507719
162.5,55.1308898925781,0.0240767053602287
163.75,55.1308898925781,0.0235934774358226
165,55.1308898925781,0.0259240302327925
166.25,55.1308898925781,0.0285016261617178
167.5,55.1308898925781,0.0284423322579887
168.75,55.1308898925781,0.0270769961034021
170,55.1308898925781,0.0254023805371239
171.25,55.1308898925781,0.0239481164269488
172.5,55.1308898925781,0.023071325425536
173.75,55.1308898925781,0.0227883159284357
175,55.1308898925781,0.0225088224365205
176.25,55.1308898925781,0.022031147245003
177.5,55.1308898925781,0.0213623016859408
178.75,55.1308898925781,0.0203757196653006
180,55.1308898925781,0.0187265803672223
181.25,55.1308898925781,0.0159386268407637
182.5,55.1308898925781,0.0124392367334409
183.75,55.1308898925781,0.00934777958138037
185,55.1308898925781,0.00664597045605962
186.25,55.1308898925781,0.00379153273451459
187.5,55.1308898925781,0.000481120290149698
188.75,55.1308898925781,-0.00328305612118127
190,55.1308898925781,-0.00756674038964016
191.25,55.1308898925781,-0.0122116741451563
192.5,55.1308898925781,-0.0157314149772581
193.75,55.1308898925781,-0.0175354369899702
195,55.1308898925781,-0.0191486945180761
196.25,55.1308898925781,-0.0206223177533038
197.5,55.1308898925781,-0.0237457041551871
198.75,55.1308898925781,-0.0267658214566361
200,55.1308898925781,-0.02484449569202
201.25,55.1308898925781,-0.0250702836859671
202.5,55.1308898925781,-0.0254306384140701
203.75,55.1308898925781,-0.0257457748225337
205,55.1308898925781,-0.027564074791474
206.25,55.1308898925781,-0.0294293209803904
207.5,55.1308898925781,-0.0312498844653744
208.75,55.1308898925781,-0.0323356299525132
210,55.1308898925781,-0.0315952739451406
211.25,55.1308898925781,-0.0299146772891813
212.5,55.1308898925781,-0.029078020891726
213.75,55.1308898925781,-0.0295297389423877
215,55.1308898925781,-0.0319292149015557
216.25,55.1308898925781,-0.0361202409709792
217.5,55.1308898925781,-0.0408994447369362
218.75,55.1308898925781,-0.0447487674810537
220,55.1308898925781,-0.0469472230275465
221.25,55.1308898925781,-0.0468739925925026
222.5,55.1308898925781,-0.0447076199363615
223.75,55.1308898925781,-0.0410500975884393
225,55.1308898925781,-0.0365960558779891
226.25,55.1308898925781,-0.0347458142387608
227.5,55.1308898925781,-0.0329912035517135
228.75,55.1308898925781,-0.0293769620920163
230,55.1308898925781,-0.0221131121796346
161.25,56.0733032226562,0.0236617151616463
162.5,56.0733032226562,0.0212842272019508
163.75,56.0733032226562,0.019596343659431
165,56.0733032226562,0.0202050985259807
166.25,56.0733032226562,0.0225475664276426
167.5,56.0733032226562,0.0240349038968631
168.75,56.0733032226562,0.0240323844884115
170,56.0733032226562,0.0228761041351456
171.25,56.0733032226562,0.0213330825320029
172.5,56.0733032226562,0.0205326208316593
173.75,56.0733032226562,0.0207110016905635
175,56.0733032226562,0.0208932036261182
176.25,56.0733032226562,0.0202284367382368
177.5,56.0733032226562,0.0189772442911314
178.75,56.0733032226562,0.0171069647345397
180,56.0733032226562,0.0148493920855911
181.25,56.0733032226562,0.0124267048226898
182.5,56.0733032226562,0.0102373524382611
183.75,56.0733032226562,0.00795993077986267
185,56.0733032226562,0.00563890389542575
186.25,56.0733032226562,0.00289604871720857
187.5,56.0733032226562,-9.64225117939939e-05
188.75,56.0733032226562,-0.00316312881811743
190,56.0733032226562,-0.00652847332128275
191.25,56.0733032226562,-0.00999079392864928
192.5,56.0733032226562,-0.0127423524588141
193.75,56.0733032226562,-0.0151183992117834
195,56.0733032226562,-0.0168884791121234
196.25,56.0733032226562,-0.01712305607819
197.5,56.0733032226562,-0.0149340900589154
198.75,56.0733032226562,-0.0136274555519389
200,56.0733032226562,-0.0233613567895566
201.25,56.0733032226562,-0.0299688854100459
202.5,56.0733032226562,-0.0291099566231262
203.75,56.0733032226562,-0.0286880759936427
205,56.0733032226562,-0.0275720869819428
206.25,56.0733032226562,-0.0280903890857496
207.5,56.0733032226562,-0.0294161010760824
208.75,56.0733032226562,-0.0313578041772046
210,56.0733032226562,-0.0325483046828913
211.25,56.0733032226562,-0.0316353982581037
212.5,56.0733032226562,-0.0304504928564
213.75,56.0733032226562,-0.0301622476541687
215,56.0733032226562,-0.0316040966597102
216.25,56.0733032226562,-0.0347010028360081
217.5,56.0733032226562,-0.038410878451383
218.75,56.0733032226562,-0.0416301237404457
220,56.0733032226562,-0.0431872698624694
221.25,56.0733032226562,-0.0424140032783384
222.5,56.0733032226562,-0.0398995706051875
223.75,56.0733032226562,-0.0365249354753523
225,56.0733032226562,-0.0319532669786465
226.25,56.0733032226562,-0.0285512345297287
227.5,56.0733032226562,-0.034436488153935
162.5,57.0157012939453,0.0169427984028427
163.75,57.0157012939453,0.0163790342379991
165,57.0157012939453,0.0153922349177442
166.25,57.0157012939453,0.0165851305701306
167.5,57.0157012939453,0.0181296367936812
168.75,57.0157012939453,0.0184473102292726
170,57.0157012939453,0.0175034904269603
171.25,57.0157012939453,0.0164909153128051
172.5,57.0157012939453,0.0163516229874966
173.75,57.0157012939453,0.0169115246822247
175,57.0157012939453,0.0170483491630614
176.25,57.0157012939453,0.0162548939755924
177.5,57.0157012939453,0.014930253218664
178.75,57.0157012939453,0.0133626832543377
180,57.0157012939453,0.0118122444316691
181.25,57.0157012939453,0.0103708004518466
182.5,57.0157012939453,0.00902379737994433
183.75,57.0157012939453,0.0073083234051546
185,57.0157012939453,0.00512031539878912
186.25,57.0157012939453,0.00252409589049397
187.5,57.0157012939453,-0.000208628995783585
188.75,57.0157012939453,-0.00358832120870508
190,57.0157012939453,-0.00795463949148111
191.25,57.0157012939453,-0.0100381498233618
192.5,57.0157012939453,-0.0123166620966686
193.75,57.0157012939453,-0.0145309084980047
195,57.0157012939453,-0.0159430540494988
196.25,57.0157012939453,-0.0161279238542251
197.5,57.0157012939453,-0.0148161708765063
198.75,57.0157012939453,-0.0136904909336059
200,57.0157012939453,-0.0137008624578412
201.25,57.0157012939453,-0.0159762147614554
202.5,57.0157012939453,-0.0286873280643702
203.75,57.0157012939453,-0.0319684491522828
205,57.0157012939453,-0.0307311492499001
206.25,57.0157012939453,-0.0285829549713824
207.5,57.0157012939453,-0.025671843253373
208.75,57.0157012939453,-0.0294587690043039
210,57.0157012939453,-0.0326912644799384
211.25,57.0157012939453,-0.0325333572548651
212.5,57.0157012939453,-0.0309417426643704
213.75,57.0157012939453,-0.0299716685628248
215,57.0157012939453,-0.0303744399703949
216.25,57.0157012939453,-0.0327715073206529
217.5,57.0157012939453,-0.0357529967013121
218.75,57.0157012939453,-0.038093824615241
220,57.0157012939453,-0.0389183077452875
221.25,57.0157012939453,-0.0377138357446553
222.5,57.0157012939453,-0.0343001758519811
223.75,57.0157012939453,-0.0297887584103232
225,57.0157012939453,-0.0279445869675233
226.25,57.0157012939453,-0.0260978416272235
162.5,57.9581146240234,0.0144733101813927
163.75,57.9581146240234,0.0138435094761356
165,57.9581146240234,0.0114728335458919
166.25,57.9581146240234,0.0107572941808309
167.5,57.9581146240234,0.011187568669444
168.75,57.9581146240234,0.0112080732513764
170,57.9581146240234,0.0111695544442796
171.25,57.9581146240234,0.0114746332061711
172.5,57.9581146240234,0.0122308647630816
173.75,57.9581146240234,0.0130735485305344
175,57.9581146240234,0.0132504745298679
176.25,57.9581146240234,0.0126412879260197
177.5,57.9581146240234,0.0118132168557252
178.75,57.9581146240234,0.0113856317433072
180,57.9581146240234,0.0112465318901373
181.25,57.9581146240234,0.0110625986852045
182.5,57.9581146240234,0.0104329143486545
183.75,57.9581146240234,0.00899900842475005
185,57.9581146240234,0.00685952827697261
186.25,57.9581146240234,0.00425765567471804
187.5,57.9581146240234,0.00117308678312212
188.75,57.9581146240234,-0.00289305641482096
190,57.9581146240234,-0.00707413314095124
191.25,57.9581146240234,-0.00918565867319774
192.5,57.9581146240234,-0.0111965833959575
193.75,57.9581146240234,-0.0126872957644948
195,57.9581146240234,-0.0138313786772846
196.25,57.9581146240234,-0.0143091098219493
197.5,57.9581146240234,-0.0134804615381969
198.75,57.9581146240234,-0.0131997844191608
200,57.9581146240234,-0.0133809749433174
201.25,57.9581146240234,-0.0142505809395501
202.5,57.9581146240234,-0.0142901157630319
203.75,57.9581146240234,-0.0327110143763439
206.25,57.9581146240234,-0.0221195798822374
207.5,57.9581146240234,-0.023829157987459
208.75,57.9581146240234,-0.0284269596170455
210,57.9581146240234,-0.0331857266668075
211.25,57.9581146240234,-0.0350207231014731
212.5,57.9581146240234,-0.0336714020332624
213.75,57.9581146240234,-0.0311276834973081
215,57.9581146240234,-0.0296285032546829
216.25,57.9581146240234,-0.0306645385472427
217.5,57.9581146240234,-0.032951203886766
218.75,57.9581146240234,-0.0341345041165759
220,57.9581146240234,-0.0327562062545156
221.25,57.9581146240234,-0.0296474222954478
222.5,57.9581146240234,-0.0260595421197316
223.75,57.9581146240234,-0.0237809350395746
225,57.9581146240234,-0.0264679848680664
160,58.9005279541016,0.0247095136520271
161.25,58.9005279541016,0.0232668480932192
162.5,58.9005279541016,0.0128313288604473
163.75,58.9005279541016,0.0118619785773335
165,58.9005279541016,0.00857786063954862
166.25,58.9005279541016,0.00587320028645845
167.5,58.9005279541016,0.00519634336824704
168.75,58.9005279541016,0.00564025432190771
170,58.9005279541016,0.006141515593493
171.25,58.9005279541016,0.00664621202098025
172.5,58.9005279541016,0.00753345304236756
173.75,58.9005279541016,0.00845113176258164
175,58.9005279541016,0.00900654192356681
176.25,58.9005279541016,0.00949688393606029
177.5,58.9005279541016,0.0104761274588392
178.75,58.9005279541016,0.011856079106713
180,58.9005279541016,0.0130524743493266
181.25,58.9005279541016,0.0137610758568475
182.5,58.9005279541016,0.0139951090525581
183.75,58.9005279541016,0.0133256235630712
185,58.9005279541016,0.0116025789080291
186.25,58.9005279541016,0.00882169763881493
187.5,58.9005279541016,0.00536113973711077
188.75,58.9005279541016,0.00203428744307942
190,58.9005279541016,-0.000872346287345871
191.25,58.9005279541016,-0.00288470220050768
192.5,58.9005279541016,-0.00498853217062633
193.75,58.9005279541016,-0.00604935781216014
195,58.9005279541016,-0.00727947989559526
196.25,58.9005279541016,-0.008868263193659
197.5,58.9005279541016,-0.00739775218958854
198.75,58.9005279541016,-0.010985557325641
200,58.9005279541016,-0.00940411785514585
201.25,58.9005279541016,-0.0100463941474191
202.5,58.9005279541016,-0.0111350573783762
206.25,58.9005279541016,-0.0235927447098739
207.5,58.9005279541016,-0.0248783689270896
208.75,58.9005279541016,-0.0292304575805673
210,58.9005279541016,-0.0348924836448067
211.25,58.9005279541016,-0.0383574379732037
212.5,58.9005279541016,-0.0378524198228843
213.75,58.9005279541016,-0.0339547398083142
215,58.9005279541016,-0.0302053063796271
216.25,58.9005279541016,-0.0283019127906261
217.5,58.9005279541016,-0.0274372561030384
218.75,58.9005279541016,-0.0267563743998534
220,58.9005279541016,-0.0247154318145475
221.25,58.9005279541016,-0.0226953149742781
222.5,58.9005279541016,-0.023191606765736
160,59.8429260253906,0.023901102031782
161.25,59.8429260253906,0.020499180532841
162.5,59.8429260253906,0.0198409099215898
163.75,59.8429260253906,0.0111527092088965
165,59.8429260253906,0.00846939810689777
166.25,59.8429260253906,0.00524336602102303
167.5,59.8429260253906,0.00250435888571116
168.75,59.8429260253906,0.00215304019993881
170,59.8429260253906,0.00268417195287772
171.25,59.8429260253906,0.00378691915721587
172.5,59.8429260253906,0.00554093498999686
173.75,59.8429260253906,0.00668088100845009
175,59.8429260253906,0.00726223398432494
176.25,59.8429260253906,0.00828815630686432
177.5,59.8429260253906,0.0103120919497746
178.75,59.8429260253906,0.0125990793625037
180,59.8429260253906,0.0143194551578153
181.25,59.8429260253906,0.0150292250219801
182.5,59.8429260253906,0.014760439809716
183.75,59.8429260253906,0.014289806495255
185,59.8429260253906,0.0141902589662669
186.25,59.8429260253906,0.0144048388163508
187.5,59.8429260253906,0.0133322164075911
188.75,59.8429260253906,0.0107878770753835
190,59.8429260253906,0.00760913802303351
191.25,59.8429260253906,0.00385933366337699
192.5,59.8429260253906,0.00102183126502139
193.75,59.8429260253906,0.00106768981649432
195,59.8429260253906,0.00275156535186709
196.25,59.8429260253906,0.00299031162690218
197.5,59.8429260253906,0.0030200607116938
198.75,59.8429260253906,0.00279941962656257
206.25,59.8429260253906,-0.0246054148474503
207.5,59.8429260253906,-0.0249625764628356
208.75,59.8429260253906,-0.0329993452870991
210,59.8429260253906,-0.0364746652633642
211.25,59.8429260253906,-0.039948158964845
212.5,59.8429260253906,-0.0404915580438616
213.75,59.8429260253906,-0.0360539596914444
215,59.8429260253906,-0.0302565101851732
216.25,59.8429260253906,-0.0244619641335051
217.5,59.8429260253906,-0.0196489906457823
218.75,59.8429260253906,-0.0158320021361873
220,59.8429260253906,-0.0145641509665876
221.25,59.8429260253906,-0.0151477998282894
160,60.7853393554688,0.0278806678423735
161.25,60.7853393554688,0.0221722079269045
162.5,60.7853393554688,0.020968137064464
167.5,60.7853393554688,0.00283264121123178
168.75,60.7853393554688,0.00250514770183043
170,60.7853393554688,0.00248636369185437
171.25,60.7853393554688,0.00398993760233182
172.5,60.7853393554688,0.00733052162362065
173.75,60.7853393554688,0.00956001165863062
175,60.7853393554688,0.0110913343143256
176.25,60.7853393554688,0.0120271472667425
177.5,60.7853393554688,0.0122974400358381
178.75,60.7853393554688,0.0124096382469194
180,60.7853393554688,0.0119127320404301
181.25,60.7853393554688,0.0117558386226963
182.5,60.7853393554688,0.0144708991182113
183.75,60.7853393554688,0.0179616069737875
185,60.7853393554688,0.0197241701940564
186.25,60.7853393554688,0.0181998999791963
187.5,60.7853393554688,0.0142067832541687
188.75,60.7853393554688,0.0114659829402387
190,60.7853393554688,0.00830179513611139
191.25,60.7853393554688,0.00679357969347474
192.5,60.7853393554688,0.00716825029752704
193.75,60.7853393554688,0.00825131491548802
195,60.7853393554688,0.00999961322300424
212.5,60.7853393554688,-0.0427006104354824
213.75,60.7853393554688,-0.0373313921934152
215,60.7853393554688,-0.0311455831424061
216.25,60.7853393554688,-0.0248819621473328
160,61.7277526855469,0.0317554531229935
173.75,61.7277526855469,0.0124654728292843
175,61.7277526855469,0.014566524547787
176.25,61.7277526855469,0.0148880200934103
177.5,61.7277526855469,0.0152731038519991
178.75,61.7277526855469,0.0167949072086801
180,61.7277526855469,0.0178333176141078
181.25,61.7277526855469,0.0196672559185756
182.5,61.7277526855469,0.0197099108084593
183.75,61.7277526855469,0.0188154897377633
185,61.7277526855469,0.0145375602863969
186.25,61.7277526855469,0.0088535201489967
187.5,61.7277526855469,0.00401061633152707
188.75,61.7277526855469,0.000639791536526139
190,61.7277526855469,-0.00128750626723043
191.25,61.7277526855469,0.00185863457570891
192.5,61.7277526855469,0.00524355376937512
193.75,61.7277526855469,0.00805395587703275
195,61.7277526855469,0.0110345622702279
175,62.6701507568359,0.0152643896229742
176.25,62.6701507568359,0.0152071553500267
177.5,62.6701507568359,0.0165322965240624
178.75,62.6701507568359,0.0148970755855226
180,62.6701507568359,0.0154829760789974
181.25,62.6701507568359,0.0166069964797907
182.5,62.6701507568359,0.0117988312595776
183.75,62.6701507568359,0.00538606509584531
185,62.6701507568359,-0.0015085300897272
186.25,62.6701507568359,-0.00721437273438534
187.5,62.6701507568359,-0.00989505358931331
188.75,62.6701507568359,-0.00951782943293604
190,62.6701507568359,-0.00420775963952824
191.25,62.6701507568359,0.00276868217253768
192.5,62.6701507568359,0.00791271032080927
193.75,62.6701507568359,0.013500131256977
195,62.6701507568359,0.0164628045988097
196.25,62.6701507568359,0.0451124425147847
197.5,62.6701507568359,0.0451124405162596
178.75,63.6125640869141,-0.00150233777515267
180,63.6125640869141,-0.000425775237159082
181.25,63.6125640869141,0.000628895759318212
182.5,63.6125640869141,-0.00185863387288585
183.75,63.6125640869141,-0.00566592122958927
185,63.6125640869141,-0.00704994969774244
186.25,63.6125640869141,-0.00829856187928805
187.5,63.6125640869141,-0.00829131621111663
188.75,63.6125640869141,-0.00521898854636449
190,63.6125640869141,0.00213393642104342
191.25,63.6125640869141,0.00871281844547401
192.5,63.6125640869141,0.0174941188274717
193.75,63.6125640869141,0.0272049675795737
195,63.6125640869141,0.0390528957306064
196.25,63.6125640869141,0.0457450499455732
197.5,63.6125640869141,0.0463981205377842
178.75,64.5549774169922,-0.00369197737868982
180,64.5549774169922,-0.0015996560903519
181.25,64.5549774169922,0.00203619004821171
182.5,64.5549774169922,7.80389224421836e-05
183.75,64.5549774169922,0.00125118351083446
185,64.5549774169922,0.00236768994079813
186.25,64.5549774169922,0.00458965180163293
187.5,64.5549774169922,0.00306002496626121
188.75,64.5549774169922,0.00589265821092104
190,64.5549774169922,0.0077379559334301
191.25,64.5549774169922,0.0173413931108372
192.5,64.5549774169922,0.0318632474317207
193.75,64.5549774169922,0.0405721006040369
195,64.5549774169922,0.0454761646837617
196.25,64.5549774169922,0.0474312990107081
197.5,64.5549774169922,0.0474929060376589
180,65.4973907470703,-0.00189389855593422
181.25,65.4973907470703,0.00739025358070571
182.5,65.4973907470703,0.00955139137830657
183.75,65.4973907470703,0.0119411666244607
185,65.4973907470703,0.012436209840441
188.75,65.4973907470703,0.0145795270385886
190,65.4973907470703,0.0161452152064853
191.25,65.4973907470703,0.0225197668168213
192.5,65.4973907470703,0.0297360960775058
193.75,65.4973907470703,0.0340728659709525
